PA2601	PA2601
PA2601	PA2699
PA2601.5	PA2601.5
PA2602	PA2602
PA2603	PA2603
PA2604	PA2604
PA2605	PA2605
PA2607	PA2607
PA2607	PA2609
PA2609.A2	PA2609.A2
PA2609.A2	PA2609.Z
PA2609.A5	PA2609.Z
PA2611	PA2611
PA2613	PA2613
PA2613	PA2617
PA2614	PA2614
PA2614.7	PA2614.7
PA2614.85	PA2614.85
PA2614.9	PA2614.9
PA2615	PA2615
PA2615	PA2615.22
PA2616	PA2616
PA2617	PA2617
PA2617.5	PA2617.5
PA2618	PA2618
PA2618	PA2673
PA2619	PA2619
PA2621	PA2621
PA2622	PA2622
PA2623	PA2623.Z
PA2623.5	PA2623.5
PA2623.7	PA2623.7
PA2623.9	PA2623.9
PA2623.9	PA2625.2
PA2623.A2	PA2623.A2
PA2623.A3	PA2623.Z
PA2624	PA2624
PA2625	PA2625
PA2625.3	PA2625.3
PA2625.5	PA2625.5
PA2626.A	PA2626.Z
PA2627	PA2627
PA2627.15.A	PA2627.15.Z
PA2627.2	PA2627.2
PA2627.2	PA2627.5
PA2627.3	PA2627.3
PA2627.5.A	PA2627.5.Z
PA2628	PA2628
PA2628	PA2632.9
PA2629	PA2629
PA2629	PA2632.9
PA2630	PA2630
PA2631	PA2631
PA2632	PA2632
PA2632.3	PA2632.3
PA2632.5	PA2632.5
PA2632.7	PA2632.7
PA2632.9	PA2632.9
PA2633	PA2633
PA2633	PA2636
PA2635	PA2635
PA2636	PA2636
PA2637	PA2637
PA2638	PA2638
PA2639	PA2639
PA2639	PA2647
PA2640	PA2640
PA2641	PA2641
PA2641	PA2647
PA2642	PA2642
PA2643	PA2643
PA2645	PA2645
PA2647	PA2647
PA2648	PA2648
PA2648	PA2667
PA2648.3	PA2648.3
PA2648.5	PA2648.5
PA2649	PA2649
PA2653	PA2653
PA2653	PA2655
PA2655	PA2655
PA2657	PA2657
PA2659	PA2659
PA2661	PA2661
PA2661	PA2666.5
PA2664	PA2664
PA2665.A	PA2665.Z
PA2666.5	PA2666.5
PA2666.A	PA2666.Z
PA2667	PA2667
PA2671	PA2671
PA2672.A	PA2672.Z
PA2673	PA2673
PA2675	PA2675
PA2675	PA2680
PA2679	PA2679
PA2680	PA2680
PA2680.5	PA2680.5
PA2681	PA2681
PA2682	PA2682
PA2683	PA2683
PA2683	PA2686.9
PA2683.3	PA2683.3
PA2683.5	PA2683.5
PA2684.3	PA2684.3
PA2684.5	PA2684.5
PA2684.A	PA2684.Z
PA2684.A3	PA2684.A3
PA2685	PA2685
PA2686	PA2686
PA2686.5	PA2686.5
PA2686.9.A	PA2686.9.Z
PA2687	PA2687
PA2687	PA2695
PA2689	PA2689
PA2689	PA2695
PA2690	PA2690
PA2691	PA2691
PA2693.2	PA2693.2
PA2693.A	PA2693.Z
PA2695	PA2695
PA2696	PA2699
PA2696.A1	PA2696.A1
PA2696.A2	PA2696.A29
PA2696.A2	PA2698.Z
PA2696.A3	PA2696.A3
PA2696.A5	PA2696.Z
PA2697	PA2697
PA2698.A1	PA2698.A1
PA2698.A5	PA2698.Z
PA2699	PA2699
PA2701	PA2701
PA2701	PA2730
PA2701	PA2748
PA2702	PA2702
PA2703	PA2703
PA2704	PA2704
PA2704	PA2704.5
PA2704.5.A	PA2704.5.Z
PA2705	PA2705
PA2705	PA2730.2
PA2706	PA2706
PA2707	PA2707
PA2708	PA2708
PA2708	PA2709
PA2709	PA2709
PA2710.A	PA2710.Z
PA2710.A33	PA2710.A33
PA2710.A43	PA2710.A43
PA2710.A44	PA2710.A44
PA2710.A87	PA2710.A87
PA2710.A88	PA2710.A88
PA2710.C56	PA2710.C56
PA2710.D35	PA2710.D35
PA2710.D57	PA2710.D57
PA2710.D66	PA2710.D66
PA2710.D94	PA2710.D94
PA2710.E36	PA2710.E36
PA2710.E38	PA2710.E38
PA2710.E42	PA2710.E42
PA2710.E45	PA2710.E45
PA2710.F36	PA2710.F36
PA2710.F45	PA2710.F45
PA2710.F64	PA2710.F64
PA2710.H47	PA2710.H47
PA2710.H57	PA2710.H57
PA2710.I34	PA2710.I34
PA2710.I75	PA2710.I75
PA2710.I78	PA2710.I78
PA2710.I83	PA2710.I83
PA2710.K87	PA2710.K87
PA2710.L6	PA2710.L6
PA2710.M35	PA2710.M35
PA2710.M37	PA2710.M37
PA2710.M85	PA2710.M85
PA2710.M87	PA2710.M87
PA2710.M96	PA2710.M96
PA2710.N37	PA2710.N37
PA2710.P64	PA2710.P64
PA2710.P68	PA2710.P68
PA2710.P69	PA2710.P69
PA2710.P7	PA2710.P7
PA2710.R36	PA2710.R36
PA2710.R38	PA2710.R38
PA2710.R4	PA2710.R4
PA2710.R65	PA2710.R65
PA2710.S33	PA2710.S33
PA2710.S4	PA2710.S4
PA2710.S44	PA2710.S44
PA2710.S63	PA2710.S63
PA2710.S84	PA2710.S84
PA2710.S85	PA2710.S85
PA2710.S87	PA2710.S87
PA2710.S95	PA2710.S95
PA2710.T56	PA2710.T56
PA2710.U53	PA2710.U53
PA2710.U72	PA2710.U72
PA2710.V35	PA2710.V35
PA2710.V56	PA2710.V56
PA2710.W37	PA2710.W37
PA2710.W54	PA2710.W54
PA2710.W65	PA2710.W65
PA2710.Y66	PA2710.Y66
PA2713	PA2713
PA2714	PA2714
PA2715	PA2715
PA2715	PA2716
PA2716	PA2716
PA2717	PA2717
PA2717	PA2720
PA2718	PA2718
PA2718	PA2719.2
PA2719	PA2719
PA2719.2	PA2719.2
PA2720	PA2720
PA2721	PA2721
PA2723	PA2723
PA2723	PA2723.5
PA2723.5.A	PA2723.5.Z
PA2723.5.A44	PA2723.5.A44
PA2723.5.A55	PA2723.5.A55
PA2723.5.A88	PA2723.5.A88
PA2723.5.A89	PA2723.5.A89
PA2723.5.B87	PA2723.5.B87
PA2723.5.C35	PA2723.5.C35
PA2723.5.C37	PA2723.5.C37
PA2723.5.C66	PA2723.5.C66
PA2723.5.C664	PA2723.5.C664
PA2723.5.C67	PA2723.5.C67
PA2723.5.C68	PA2723.5.C68
PA2723.5.D73	PA2723.5.D73
PA2723.5.E26	PA2723.5.E26
PA2723.5.E87	PA2723.5.E87
PA2723.5.F36	PA2723.5.F36
PA2723.5.H57	PA2723.5.H57
PA2723.5.I53	PA2723.5.I53
PA2723.5.I78	PA2723.5.I78
PA2723.5.J68	PA2723.5.J68
PA2723.5.K87	PA2723.5.K87
PA2723.5.L33	PA2723.5.L33
PA2723.5.N38	PA2723.5.N38
PA2723.5.O84	PA2723.5.O84
PA2723.5.P45	PA2723.5.P45
PA2723.5.P52	PA2723.5.P52
PA2723.5.P64	PA2723.5.P64
PA2723.5.P65	PA2723.5.P65
PA2723.5.P67	PA2723.5.P67
PA2723.5.S34	PA2723.5.S34
PA2723.5.S62	PA2723.5.S62
PA2723.5.S63	PA2723.5.S63
PA2723.5.S73	PA2723.5.S73
PA2723.5.S85	PA2723.5.S85
PA2723.5.T37	PA2723.5.T37
PA2723.5.T725	PA2723.5.T725
PA2723.5.T73	PA2723.5.T73
PA2723.5.T87	PA2723.5.T87
PA2723.5.W65	PA2723.5.W65
PA2723.6	PA2727
PA2724	PA2724
PA2725	PA2725
PA2726	PA2726
PA2727	PA2727
PA2728	PA2728
PA2729	PA2729
PA2730	PA2730
PA2731	PA2731
PA2731	PA2746
PA2732	PA2732
PA2732.5.A	PA2732.5.Z
PA2732.5.C45	PA2732.5.C45
PA2732.5.P6	PA2732.5.P6
PA2732.5.S6	PA2732.5.S6
PA2732.5.W66	PA2732.5.W66
PA2734	PA2734
PA2734	PA2735
PA2735	PA2735
PA2737	PA2737
PA2739	PA2739
PA2739	PA2745
PA2740	PA2740
PA2741	PA2741
PA2742	PA2742
PA2743	PA2743
PA2744	PA2744
PA2745	PA2745
PA2746	PA2746
PA2747.A	PA2747.Z
PA2748.A	PA2748.Z
PA2801	PA2801
PA2801	PA2899
PA2801.5	PA2801.5
PA2802	PA2802
PA2803	PA2803
PA2804	PA2804
PA2805	PA2805
PA2807	PA2807
PA2807	PA2809
PA2809.A2	PA2809.A2
PA2809.A2	PA2809.Z
PA2809.A5	PA2809.Z
PA2811	PA2811
PA2813	PA2813
PA2813	PA2817
PA2814	PA2814
PA2814.7	PA2814.7
PA2814.85	PA2814.85
PA2814.9	PA2814.9
PA2815	PA2815
PA2815	PA2815.22
PA2816	PA2816
PA2817	PA2817
PA2817.5	PA2817.5
PA2818	PA2818
PA2818	PA2873
PA2819	PA2819
PA2821	PA2821
PA2822	PA2822
PA2823	PA2823.Z
PA2823.5	PA2823.5
PA2823.7	PA2823.7
PA2823.9	PA2823.9
PA2823.9	PA2825.2
PA2823.A2	PA2823.A2
PA2823.A3	PA2823.Z
PA2824	PA2824
PA2825	PA2825
PA2825.3	PA2825.3
PA2825.5	PA2825.5
PA2826.A	PA2826.Z
PA2827	PA2827
PA2827.15.A	PA2827.15.Z
PA2827.2	PA2827.2
PA2827.2	PA2827.5
PA2827.3	PA2827.3
PA2827.5.A	PA2827.5.Z
PA2828	PA2828
PA2828	PA2832.9
PA2829	PA2829
PA2829	PA2832.9
PA2830	PA2830
PA2831	PA2831
PA2832	PA2832
PA2832.3	PA2832.3
PA2832.5	PA2832.5
PA2832.7	PA2832.7
PA2832.9	PA2832.9
PA2833	PA2833
PA2833	PA2836
PA2835	PA2835
PA2836	PA2836
PA2837	PA2837
PA2838	PA2838
PA2839	PA2839
PA2839	PA2847
PA2840	PA2840
PA2841	PA2841
PA2841	PA2847
PA2842	PA2842
PA2843	PA2843
PA2845	PA2845
PA2847	PA2847
PA2848	PA2848
PA2848	PA2867
PA2848.3	PA2848.3
PA2848.5	PA2848.5
PA2849	PA2849
PA2853	PA2853
PA2853	PA2855
PA2855	PA2855
PA2857	PA2857
PA2859	PA2859
PA2861	PA2861
PA2861	PA2866.5
PA2864	PA2864
PA2865.A	PA2865.Z
PA2866.5	PA2866.5
PA2866.A	PA2866.Z
PA2867	PA2867
PA2871	PA2871
PA2872.A	PA2872.Z
PA2873	PA2873
PA2875	PA2875
PA2875	PA2880
PA2879	PA2879
PA2880	PA2880
PA2880.5	PA2880.5
PA2881	PA2881
PA2882	PA2882
PA2883	PA2883
PA2883	PA2886.9
PA2883.3	PA2883.3
PA2883.5	PA2883.5
PA2884.3	PA2884.3
PA2884.5	PA2884.5
PA2884.A	PA2884.Z
PA2884.A3	PA2884.A3
PA2885	PA2885
PA2886	PA2886
PA2886.5	PA2886.5
PA2886.9.A	PA2886.9.Z
PA2887	PA2887
PA2887	PA2895
PA2889	PA2889
PA2889	PA2895
PA2890	PA2890
PA2891	PA2891
PA2893.2	PA2893.2
PA2893.A	PA2893.Z
PA2895	PA2895
PA2896	PA2899
PA2896.A1	PA2896.A1
PA2896.A2	PA2896.A29
PA2896.A2	PA2898.Z
PA2896.A3	PA2896.A3
PA2896.A5	PA2896.Z
PA2897	PA2897
PA2898.A1	PA2898.A1
PA2898.A5	PA2898.Z
PA2899	PA2899
PA2901	PA2901
PA2901	PA2905
PA2902	PA2902
PA2903	PA2903
PA2904	PA2904
PA2905	PA2905
PA2911	PA2911
PA2911	PA2915
PA2912	PA2912
PA2913	PA2913
PA2914	PA2914
PA2915	PA2915
PB1801	PB1801
PB1801	PB1846
PB1801.5	PB1801.5
PB1802	PB1802
PB1803	PB1803
PB1804	PB1804
PB1805	PB1805
PB1805	PB1806
PB1806.A2	PB1806.A2
PB1806.A2	PB1806.Z
PB1806.A5	PB1806.Z
PB1807	PB1807
PB1808	PB1808
PB1808	PB1810
PB1808.5	PB1808.5
PB1808.8	PB1808.8
PB1809	PB1809
PB1809	PB1809.32
PB1809.5	PB1809.5
PB1810	PB1810
PB1810.5	PB1810.5
PB1811	PB1811
PB1811	PB1826
PB1812	PB1812
PB1813	PB1813.Z
PB1813.A2	PB1813.A2
PB1813.A3	PB1813.Z
PB1815	PB1815
PB1817	PB1817
PB1818	PB1818
PB1818.9	PB1818.9
PB1819	PB1819
PB1821	PB1821
PB1823	PB1823
PB1825.A	PB1825.Z
PB1826	PB1826
PB1827	PB1827
PB1828	PB1828
PB1829	PB1829
PB1830	PB1830
PB1831	PB1831
PB1831	PB1833.9
PB1832	PB1832
PB1833	PB1833
PB1833.5	PB1833.5
PB1833.9.A	PB1833.9.Z
PB1834	PB1834
PB1834	PB1839
PB1835	PB1835
PB1835	PB1839
PB1836	PB1836
PB1837.A	PB1837.Z
PB1838	PB1838
PB1839	PB1839
PB1841.A1	PB1841.A1
PB1841.A1	PB1846
PB1841.A2	PB1841.A29
PB1841.A2	PB1845.Z
PB1841.A3	PB1841.A3
PB1841.A5	PB1841.Z
PB1843	PB1843
PB1845.A1	PB1845.A1
PB1845.A5	PB1845.Z
PB1846	PB1846
PB2501	PB2501
PB2501	PB2546
PB2501.5	PB2501.5
PB2502	PB2502
PB2503	PB2503
PB2504	PB2504
PB2505	PB2505
PB2505	PB2506
PB2506.A2	PB2506.A2
PB2506.A2	PB2506.Z
PB2506.A5	PB2506.Z
PB2507	PB2507
PB2508	PB2508
PB2508	PB2510
PB2508.5	PB2508.5
PB2508.8	PB2508.8
PB2509	PB2509
PB2509	PB2509.32
PB2509.5	PB2509.5
PB2510	PB2510
PB2510.5	PB2510.5
PB2511	PB2511
PB2511	PB2526
PB2512	PB2512
PB2513	PB2513.Z
PB2513.A2	PB2513.A2
PB2513.A3	PB2513.Z
PB2515	PB2515
PB2517	PB2517
PB2518	PB2518
PB2518.9	PB2518.9
PB2519	PB2519
PB2521	PB2521
PB2523	PB2523
PB2525.A	PB2525.Z
PB2526	PB2526
PB2527	PB2527
PB2528	PB2528
PB2529	PB2529
PB2530	PB2530
PB2531	PB2531
PB2531	PB2533.9
PB2532	PB2532
PB2533	PB2533
PB2533.5	PB2533.5
PB2533.9.A	PB2533.9.Z
PB2534	PB2534
PB2534	PB2539
PB2535	PB2535
PB2535	PB2539
PB2536	PB2536
PB2537.A	PB2537.Z
PB2538	PB2538
PB2539	PB2539
PB2541.A1	PB2541.A1
PB2541.A1	PB2546
PB2541.A2	PB2541.A29
PB2541.A2	PB2545.Z
PB2541.A3	PB2541.A3
PB2541.A5	PB2541.Z
PB2543	PB2543
PB2545.A1	PB2545.A1
PB2545.A5	PB2545.Z
PB2546	PB2546
PB2931	PB2932
PB2931.A1	PB2931.A1
PB2931.A1	PB2931.A8
PB2931.A3	PB2931.A3
PB2931.A5	PB2931.A5
PB2931.A8	PB2931.A8
PB2931.E1	PB2931.E1
PB2931.E1	PB2931.E8
PB2931.E3	PB2931.E3
PB2931.E5	PB2931.E5
PB2931.E8	PB2931.E8
PB2931.F1	PB2931.F1
PB2931.F1	PB2931.F8
PB2931.F3	PB2931.F3
PB2931.F5	PB2931.F5
PB2931.F8	PB2931.F8
PB2931.G1	PB2931.G1
PB2931.G1	PB2931.G8
PB2931.G3	PB2931.G3
PB2931.G5	PB2931.G5
PB2931.G8	PB2931.G8
PB2931.I1	PB2931.I1
PB2931.I1	PB2931.I8
PB2931.I3	PB2931.I3
PB2931.I5	PB2931.I5
PB2931.I8	PB2931.I8
PB2931.R1	PB2931.R1
PB2931.R1	PB2931.R8
PB2931.R3	PB2931.R3
PB2931.R5	PB2931.R5
PB2931.R8	PB2931.R8
PB2931.S1	PB2931.S1
PB2931.S1	PB2931.S8
PB2931.S3	PB2931.S3
PB2931.S5	PB2931.S5
PB2931.S8	PB2931.S8
PB2932.A	PB2932.Z
PB3001	PB3001
PB3001	PB3029
PB3002	PB3002
PB3003	PB3003
PB3005	PB3005
PB3006	PB3006
PB3007	PB3007
PB3008	PB3008
PB3009	PB3009
PB3009	PB3015
PB3011	PB3011
PB3012	PB3012
PB3013	PB3013
PB3014	PB3014
PB3015	PB3015
PB3017	PB3017
PB3018	PB3018
PB3019	PB3019
PB3020	PB3020
PB3021	PB3021
PB3023	PB3023
PB3023	PB3026
PB3025	PB3025
PB3026	PB3026
PB3027	PB3027
PB3027	PB3028
PB3028.A	PB3028.Z
PB3029	PB3029
PC1771	PC1774
PC1771.A1	PC1771.A5
PC1771.A6	PC1771.Z
PC1772	PC1772
PC1773	PC1773
PC1774.A	PC1774.Z9
PC1774.Z95.A	PC1774.Z95.Z
PC1791	PC1794
PC1791.A1	PC1791.A5
PC1791.A6	PC1791.Z
PC1792	PC1792
PC1793	PC1793
PC1794.A	PC1794.Z9
PC1794.Z95.A	PC1794.Z95.Z
PC1801	PC1804
PC1801.A1	PC1801.A5
PC1801.A6	PC1801.Z
PC1802	PC1802
PC1803	PC1803
PC1804.A	PC1804.Z9
PC1804.Z95.A	PC1804.Z95.Z
PC1806	PC1809
PC1806.A1	PC1806.A5
PC1806.A6	PC1806.Z
PC1807	PC1807
PC1808	PC1808
PC1809.A	PC1809.Z9
PC1809.Z95.A	PC1809.Z95.Z
PC1811	PC1814
PC1811.A1	PC1811.A5
PC1811.A6	PC1811.Z
PC1812	PC1812
PC1813	PC1813
PC1814.A	PC1814.Z9
PC1814.Z95.A	PC1814.Z95.Z
PC1815	PC1818
PC1815.A1	PC1815.A5
PC1815.A6	PC1815.Z
PC1816	PC1816
PC1817	PC1817
PC1818.A	PC1818.Z9
PC1818.Z95.A	PC1818.Z95.Z
PC1831	PC1834
PC1831.A1	PC1831.A5
PC1831.A6	PC1831.Z
PC1832	PC1832
PC1833	PC1833
PC1834.A	PC1834.Z9
PC1834.Z95.A	PC1834.Z95.Z
PC1856	PC1859
PC1856.A1	PC1856.A5
PC1856.A6	PC1856.Z
PC1857	PC1857
PC1858	PC1858
PC1859.A	PC1859.Z9
PC1859.Z95.A	PC1859.Z95.Z
PC1861	PC1864
PC1861.A1	PC1861.A5
PC1861.A6	PC1861.Z
PC1862	PC1862
PC1863	PC1863
PC1864.A	PC1864.Z9
PC1864.Z95.A	PC1864.Z95.Z
PC1866	PC1869
PC1866.A1	PC1866.A5
PC1866.A6	PC1866.Z
PC1867	PC1867
PC1868	PC1868
PC1869.A	PC1869.Z9
PC1869.Z95.A	PC1869.Z95.Z
PC1871	PC1874
PC1871.A1	PC1871.A5
PC1871.A6	PC1871.Z
PC1872	PC1872
PC1873	PC1873
PC1874.A	PC1874.Z9
PC1874.Z95.A	PC1874.Z95.Z
PC2921	PC2921
PC2921	PC2928
PC2922	PC2922
PC2923	PC2923
PC2924	PC2924
PC2925	PC2925
PC2926	PC2926
PC2927.A	PC2927.Z
PC2928	PC2928
PC2931	PC2931
PC2931	PC2938
PC2932	PC2932
PC2933	PC2933
PC2934	PC2934
PC2935	PC2935
PC2936	PC2936
PC2937.A	PC2937.Z
PC2938	PC2938
PC2941	PC2941
PC2941	PC2948
PC2942	PC2942
PC2943	PC2943
PC2944	PC2944
PC2945	PC2945
PC2946	PC2946
PC2947.A	PC2947.Z
PC2948	PC2948
PC2951	PC2951
PC2951	PC2958
PC2952	PC2952
PC2953	PC2953
PC2954	PC2954
PC2955	PC2955
PC2956	PC2956
PC2957.A	PC2957.Z
PC2958	PC2958
PC2971	PC2971
PC2971	PC2978
PC2972	PC2972
PC2973	PC2973
PC2974	PC2974
PC2975	PC2975
PC2976	PC2976
PC2977.A	PC2977.Z
PC2978	PC2978
PC2981	PC2981
PC2981	PC2988
PC2982	PC2982
PC2983	PC2983
PC2984	PC2984
PC2985	PC2985
PC2986	PC2986
PC2987.A	PC2987.Z
PC2988	PC2988
PC2991	PC2991
PC2991	PC2998
PC2992	PC2992
PC2993	PC2993
PC2994	PC2994
PC2995	PC2995
PC2996	PC2996
PC2997.A	PC2997.Z
PC2998	PC2998
PC3011	PC3011
PC3011	PC3018
PC3012	PC3012
PC3013	PC3013
PC3014	PC3014
PC3015	PC3015
PC3016	PC3016
PC3017.A	PC3017.Z
PC3018	PC3018
PC3021	PC3021
PC3021	PC3028
PC3022	PC3022
PC3023	PC3023
PC3024	PC3024
PC3025	PC3025
PC3026	PC3026
PC3027.A	PC3027.Z
PC3028	PC3028
PC3041	PC3041
PC3041	PC3048
PC3042	PC3042
PC3043	PC3043
PC3044	PC3044
PC3045	PC3045
PC3046	PC3046
PC3047.A	PC3047.Z
PC3048	PC3048
PC3061	PC3061
PC3061	PC3068
PC3062	PC3062
PC3063	PC3063
PC3064	PC3064
PC3065	PC3065
PC3066	PC3066
PC3067.A	PC3067.Z
PC3068	PC3068
PC3091	PC3091
PC3091	PC3098
PC3092	PC3092
PC3093	PC3093
PC3094	PC3094
PC3095	PC3095
PC3096	PC3096
PC3097.A	PC3097.Z
PC3098	PC3098
PC3101	PC3101
PC3101	PC3108
PC3102	PC3102
PC3103	PC3103
PC3104	PC3104
PC3105	PC3105
PC3106	PC3106
PC3107.A	PC3107.Z
PC3108	PC3108
PC3111	PC3111
PC3111	PC3118
PC3112	PC3112
PC3113	PC3113
PC3114	PC3114
PC3115	PC3115
PC3116	PC3116
PC3117.A	PC3117.Z
PC3118	PC3118
PC3121	PC3121
PC3121	PC3128
PC3122	PC3122
PC3123	PC3123
PC3124	PC3124
PC3125	PC3125
PC3126	PC3126
PC3127.A	PC3127.Z
PC3128	PC3128
PC3131	PC3131
PC3131	PC3138
PC3132	PC3132
PC3133	PC3133
PC3134	PC3134
PC3135	PC3135
PC3136	PC3136
PC3137.A	PC3137.Z
PC3138	PC3138
PC3141	PC3141
PC3141	PC3148
PC3142	PC3142
PC3143	PC3143
PC3144	PC3144
PC3145	PC3145
PC3146	PC3146
PC3147.A	PC3147.Z
PC3148	PC3148
PC3151	PC3151
PC3151	PC3158
PC3152	PC3152
PC3153	PC3153
PC3154	PC3154
PC3155	PC3155
PC3156	PC3156
PC3157.A	PC3157.Z
PC3158	PC3158
PC3365	PC3366
PC3365.A1	PC3365.A1
PC3365.A1	PC3365.A8
PC3365.A3	PC3365.A3
PC3365.A5	PC3365.A5
PC3365.A8	PC3365.A8
PC3365.E1	PC3365.E1
PC3365.E1	PC3365.E8
PC3365.E3	PC3365.E3
PC3365.E5	PC3365.E5
PC3365.E8	PC3365.E8
PC3365.F1	PC3365.F1
PC3365.F1	PC3365.F8
PC3365.F3	PC3365.F3
PC3365.F5	PC3365.F5
PC3365.F8	PC3365.F8
PC3365.G1	PC3365.G1
PC3365.G1	PC3365.G8
PC3365.G3	PC3365.G3
PC3365.G5	PC3365.G5
PC3365.G8	PC3365.G8
PC3365.I1	PC3365.I1
PC3365.I1	PC3365.I8
PC3365.I3	PC3365.I3
PC3365.I5	PC3365.I5
PC3365.I8	PC3365.I8
PC3365.R1	PC3365.R1
PC3365.R1	PC3365.R8
PC3365.R3	PC3365.R3
PC3365.R5	PC3365.R5
PC3365.R8	PC3365.R8
PC3365.S1	PC3365.S1
PC3365.S1	PC3365.S8
PC3365.S3	PC3365.S3
PC3365.S5	PC3365.S5
PC3365.S8	PC3365.S8
PC3366.A	PC3366.Z
PC3371	PC3371
PC3371	PC3378
PC3372	PC3372
PC3373	PC3373
PC3374	PC3374
PC3375	PC3375
PC3376	PC3376
PC3377.A	PC3377.Z
PC3378	PC3378
PC3431	PC3431
PC3431	PC3438
PC3432	PC3432
PC3433	PC3433
PC3434	PC3434
PC3435	PC3435
PC3436	PC3436
PC3437.A	PC3437.Z
PC3438	PC3438
PC3441	PC3441
PC3441	PC3448
PC3442	PC3442
PC3443	PC3443
PC3444	PC3444
PC3445	PC3445
PC3446	PC3446
PC3447.A	PC3447.Z
PC3448	PC3448
PC3461	PC3461
PC3461	PC3468
PC3462	PC3462
PC3463	PC3463
PC3464	PC3464
PC3465	PC3465
PC3466	PC3466
PC3467.A	PC3467.Z
PC3468	PC3468
PC3471	PC3471
PC3471	PC3478
PC3472	PC3472
PC3473	PC3473
PC3474	PC3474
PC3475	PC3475
PC3476	PC3476
PC3477.A	PC3477.Z
PC3478	PC3478
PC3481	PC3481
PC3481	PC3488
PC3482	PC3482
PC3483	PC3483
PC3484	PC3484
PC3485	PC3485
PC3486	PC3486
PC3487.A	PC3487.Z
PC3488	PC3488
PC3561	PC3561
PC3561	PC3568
PC3562	PC3562
PC3563	PC3563
PC3564	PC3564
PC3565	PC3565
PC3566	PC3566
PC3567.A	PC3567.Z
PC3568	PC3568
PC3601	PC3601
PC3601	PC3646
PC3601.5	PC3601.5
PC3602	PC3602
PC3603	PC3603
PC3604	PC3604
PC3605	PC3605
PC3605	PC3606
PC3606.A2	PC3606.A2
PC3606.A2	PC3606.Z
PC3606.A5	PC3606.Z
PC3607	PC3607
PC3608	PC3608
PC3608	PC3610
PC3608.5	PC3608.5
PC3608.8	PC3608.8
PC3609	PC3609
PC3609	PC3609.32
PC3609.5	PC3609.5
PC3610	PC3610
PC3610.5	PC3610.5
PC3611	PC3611
PC3611	PC3626
PC3612	PC3612
PC3613	PC3613.Z
PC3613.A2	PC3613.A2
PC3613.A3	PC3613.Z
PC3615	PC3615
PC3617	PC3617
PC3618	PC3618
PC3618.9	PC3618.9
PC3619	PC3619
PC3621	PC3621
PC3623	PC3623
PC3625.A	PC3625.Z
PC3626	PC3626
PC3627	PC3627
PC3628	PC3628
PC3629	PC3629
PC3630	PC3630
PC3631	PC3631
PC3631	PC3633.9
PC3632	PC3632
PC3633	PC3633
PC3633.5	PC3633.5
PC3633.9.A	PC3633.9.Z
PC3634	PC3634
PC3634	PC3639
PC3635	PC3635
PC3635	PC3639
PC3636	PC3636
PC3637.A	PC3637.Z
PC3638	PC3638
PC3639	PC3639
PC3641.A1	PC3641.A1
PC3641.A1	PC3646
PC3641.A2	PC3641.A29
PC3641.A2	PC3645.Z
PC3641.A3	PC3641.A3
PC3641.A5	PC3641.Z
PC3643	PC3643
PC3645.A1	PC3645.A1
PC3645.A5	PC3645.Z
PC3646	PC3646
PC3975	PC3976
PC3975.A1	PC3975.A1
PC3975.A1	PC3975.A8
PC3975.A3	PC3975.A3
PC3975.A5	PC3975.A5
PC3975.A8	PC3975.A8
PC3975.E1	PC3975.E1
PC3975.E1	PC3975.E8
PC3975.E3	PC3975.E3
PC3975.E5	PC3975.E5
PC3975.E8	PC3975.E8
PC3975.F1	PC3975.F1
PC3975.F1	PC3975.F8
PC3975.F3	PC3975.F3
PC3975.F5	PC3975.F5
PC3975.F8	PC3975.F8
PC3975.G1	PC3975.G1
PC3975.G1	PC3975.G8
PC3975.G3	PC3975.G3
PC3975.G5	PC3975.G5
PC3975.G8	PC3975.G8
PC3975.I1	PC3975.I1
PC3975.I1	PC3975.I8
PC3975.I3	PC3975.I3
PC3975.I5	PC3975.I5
PC3975.I8	PC3975.I8
PC3975.R1	PC3975.R1
PC3975.R1	PC3975.R8
PC3975.R3	PC3975.R3
PC3975.R5	PC3975.R5
PC3975.R8	PC3975.R8
PC3975.S1	PC3975.S1
PC3975.S1	PC3975.S8
PC3975.S3	PC3975.S3
PC3975.S5	PC3975.S5
PC3975.S8	PC3975.S8
PC3976.A	PC3976.Z
PC4781	PC4784
PC4781.A1	PC4781.A5
PC4781.A6	PC4781.Z
PC4782	PC4782
PC4783	PC4783
PC4784.A	PC4784.Z9
PC4784.Z95.A	PC4784.Z95.Z
PC4786	PC4789
PC4786.A1	PC4786.A5
PC4786.A6	PC4786.Z
PC4787	PC4787
PC4788	PC4788
PC4789.A	PC4789.Z9
PC4789.Z95.A	PC4789.Z95.Z
PC4791	PC4794
PC4791.A1	PC4791.A5
PC4791.A6	PC4791.Z
PC4792	PC4792
PC4793	PC4793
PC4794.A	PC4794.Z9
PC4794.Z95.A	PC4794.Z95.Z
PC4796	PC4799
PC4796.A1	PC4796.A5
PC4796.A6	PC4796.Z
PC4797	PC4797
PC4798	PC4798
PC4799.A	PC4799.Z9
PC4799.Z95.A	PC4799.Z95.Z
PC4801	PC4804
PC4801.A1	PC4801.A5
PC4801.A6	PC4801.Z
PC4802	PC4802
PC4803	PC4803
PC4804.A	PC4804.Z9
PC4804.Z95.A	PC4804.Z95.Z
PC4806	PC4809
PC4806.A1	PC4806.A5
PC4806.A6	PC4806.Z
PC4807	PC4807
PC4808	PC4808
PC4809.A	PC4809.Z9
PC4809.Z95.A	PC4809.Z95.Z
PC4831	PC4834
PC4831.A1	PC4831.A5
PC4831.A6	PC4831.Z
PC4832	PC4832
PC4833	PC4833
PC4834.A	PC4834.Z9
PC4834.Z95.A	PC4834.Z95.Z
PC4841	PC4844
PC4841.A1	PC4841.A5
PC4841.A6	PC4841.Z
PC4842	PC4842
PC4843	PC4843
PC4844.A	PC4844.Z9
PC4844.Z95.A	PC4844.Z95.Z
PC4871	PC4874
PC4871.A1	PC4871.A5
PC4871.A6	PC4871.Z
PC4872	PC4872
PC4873	PC4873
PC4874.A	PC4874.Z9
PC4874.Z95.A	PC4874.Z95.Z
PC4876	PC4879
PC4876.A1	PC4876.A5
PC4876.A6	PC4876.Z
PC4877	PC4877
PC4878	PC4878
PC4879.A	PC4879.Z9
PC4879.Z95.A	PC4879.Z95.Z
PC4881	PC4884
PC4881.A1	PC4881.A5
PC4881.A6	PC4881.Z
PC4882	PC4882
PC4883	PC4883
PC4884.A	PC4884.Z9
PC4884.Z95.A	PC4884.Z95.Z
PC4886	PC4889
PC4886.A1	PC4886.A5
PC4886.A6	PC4886.Z
PC4887	PC4887
PC4888	PC4888
PC4889.A	PC4889.Z9
PC4889.Z95.A	PC4889.Z95.Z
PC4891	PC4894
PC4891.A1	PC4891.A5
PC4891.A6	PC4891.Z
PC4892	PC4892
PC4893	PC4893
PC4894.A	PC4894.Z9
PC4894.Z95.A	PC4894.Z95.Z
PC4896	PC4899
PC4896.A1	PC4896.A5
PC4896.A6	PC4896.Z
PC4897	PC4897
PC4898	PC4898
PC4899.A	PC4899.Z9
PC4899.Z95.A	PC4899.Z95.Z
PC4901	PC4904
PC4901.A1	PC4901.A5
PC4901.A6	PC4901.Z
PC4902	PC4902
PC4903	PC4903
PC4904.A	PC4904.Z9
PC4904.Z95.A	PC4904.Z95.Z
PC4906	PC4909
PC4906.A1	PC4906.A5
PC4906.A6	PC4906.Z
PC4907	PC4907
PC4908	PC4908
PC4909.A	PC4909.Z9
PC4909.Z95.A	PC4909.Z95.Z
PC4911	PC4914
PC4911.A1	PC4911.A5
PC4911.A6	PC4911.Z
PC4912	PC4912
PC4913	PC4913
PC4914.A	PC4914.Z9
PC4914.Z95.A	PC4914.Z95.Z
PC4921	PC4924
PC4921.A1	PC4921.A5
PC4921.A6	PC4921.Z
PC4922	PC4922
PC4923	PC4923
PC4924.A	PC4924.Z9
PC4924.Z95.A	PC4924.Z95.Z
PC5376	PC5379
PC5376.A1	PC5376.A5
PC5376.A6	PC5376.Z
PC5377	PC5377
PC5378	PC5378
PC5379.A	PC5379.Z9
PC5379.Z95.A	PC5379.Z95.Z
PC5386	PC5389
PC5386.A1	PC5386.A5
PC5386.A6	PC5386.Z
PC5387	PC5387
PC5388	PC5388
PC5389.A	PC5389.Z9
PC5389.Z95.A	PC5389.Z95.Z
PC5396	PC5399
PC5396.A1	PC5396.A5
PC5396.A6	PC5396.Z
PC5397	PC5397
PC5398	PC5398
PC5399.A	PC5399.Z9
PC5399.Z95.A	PC5399.Z95.Z
PC5401	PC5404
PC5401.A1	PC5401.A5
PC5401.A6	PC5401.Z
PC5402	PC5402
PC5403	PC5403
PC5404.A	PC5404.Z9
PC5404.Z95.A	PC5404.Z95.Z
PC5411	PC5414
PC5411.A1	PC5411.A5
PC5411.A6	PC5411.Z
PC5412	PC5412
PC5413	PC5413
PC5414.A	PC5414.Z9
PC5414.Z95.A	PC5414.Z95.Z
PC5416	PC5419
PC5416.A1	PC5416.A5
PC5416.A6	PC5416.Z
PC5417	PC5417
PC5418	PC5418
PC5419.A	PC5419.Z9
PC5419.Z95.A	PC5419.Z95.Z
PC5441	PC5441
PC5441	PC5448
PC5442	PC5442
PC5443	PC5443
PC5444	PC5444
PC5445	PC5445
PC5446	PC5446
PC5447.A	PC5447.Z
PC5448	PC5448
PC871	PC872
PC871.A1	PC871.A1
PC871.A1	PC871.A8
PC871.A3	PC871.A3
PC871.A5	PC871.A5
PC871.A8	PC871.A8
PC871.E1	PC871.E1
PC871.E1	PC871.E8
PC871.E3	PC871.E3
PC871.E5	PC871.E5
PC871.E8	PC871.E8
PC871.F1	PC871.F1
PC871.F1	PC871.F8
PC871.F3	PC871.F3
PC871.F5	PC871.F5
PC871.F8	PC871.F8
PC871.G1	PC871.G1
PC871.G1	PC871.G8
PC871.G3	PC871.G3
PC871.G5	PC871.G5
PC871.G8	PC871.G8
PC871.I1	PC871.I1
PC871.I1	PC871.I8
PC871.I3	PC871.I3
PC871.I5	PC871.I5
PC871.I8	PC871.I8
PC871.R1	PC871.R1
PC871.R1	PC871.R8
PC871.R3	PC871.R3
PC871.R5	PC871.R5
PC871.R8	PC871.R8
PC871.S1	PC871.S1
PC871.S1	PC871.S8
PC871.S3	PC871.S3
PC871.S5	PC871.S5
PC871.S8	PC871.S8
PC872.A	PC872.Z
PC985	PC986
PC985.A1	PC985.A1
PC985.A1	PC985.A8
PC985.A3	PC985.A3
PC985.A5	PC985.A5
PC985.A8	PC985.A8
PC985.E1	PC985.E1
PC985.E1	PC985.E8
PC985.E3	PC985.E3
PC985.E5	PC985.E5
PC985.E8	PC985.E8
PC985.F1	PC985.F1
PC985.F1	PC985.F8
PC985.F3	PC985.F3
PC985.F5	PC985.F5
PC985.F8	PC985.F8
PC985.G1	PC985.G1
PC985.G1	PC985.G8
PC985.G3	PC985.G3
PC985.G5	PC985.G5
PC985.G8	PC985.G8
PC985.I1	PC985.I1
PC985.I1	PC985.I8
PC985.I3	PC985.I3
PC985.I5	PC985.I5
PC985.I8	PC985.I8
PC985.R1	PC985.R1
PC985.R1	PC985.R8
PC985.R3	PC985.R3
PC985.R5	PC985.R5
PC985.R8	PC985.R8
PC985.S1	PC985.S1
PC985.S1	PC985.S8
PC985.S3	PC985.S3
PC985.S5	PC985.S5
PC985.S8	PC985.S8
PC986.A	PC986.Z
PD1001	PD1001
PD1001	PD1029
PD1002	PD1002
PD1003	PD1003
PD1005	PD1005
PD1006	PD1006
PD1007	PD1007
PD1008	PD1008
PD1009	PD1009
PD1009	PD1015
PD1011	PD1011
PD1012	PD1012
PD1013	PD1013
PD1014	PD1014
PD1015	PD1015
PD1017	PD1017
PD1018	PD1018
PD1019	PD1019
PD1020	PD1020
PD1021	PD1021
PD1023	PD1023
PD1023	PD1026
PD1025	PD1025
PD1026	PD1026
PD1027	PD1027
PD1027	PD1028
PD1028.A	PD1028.Z
PD1029	PD1029
PD1031	PD1031
PD1031	PD1059
PD1032	PD1032
PD1033	PD1033
PD1035	PD1035
PD1036	PD1036
PD1037	PD1037
PD1038	PD1038
PD1039	PD1039
PD1039	PD1045
PD1041	PD1041
PD1042	PD1042
PD1043	PD1043
PD1044	PD1044
PD1045	PD1045
PD1047	PD1047
PD1048	PD1048
PD1049	PD1049
PD1050	PD1050
PD1051	PD1051
PD1053	PD1053
PD1053	PD1056
PD1055	PD1055
PD1056	PD1056
PD1057	PD1057
PD1057	PD1058
PD1058.A	PD1058.Z
PD1059	PD1059
PD2571	PD2571
PD2571	PD2578
PD2572	PD2572
PD2573	PD2573
PD2574	PD2574
PD2575	PD2575
PD2576	PD2576
PD2577.A	PD2577.Z
PD2578	PD2578
PD3771	PD3771
PD3771	PD3778
PD3772	PD3772
PD3773	PD3773
PD3774	PD3774
PD3775	PD3775
PD3776	PD3776
PD3777.A	PD3777.Z
PD3778	PD3778
PD3801	PD3801
PD3801	PD3808
PD3802	PD3802
PD3803	PD3803
PD3804	PD3804
PD3805	PD3805
PD3806	PD3806
PD3807.A	PD3807.Z
PD3808	PD3808
PD3821	PD3821
PD3821	PD3828
PD3822	PD3822
PD3823	PD3823
PD3824	PD3824
PD3825	PD3825
PD3826	PD3826
PD3827.A	PD3827.Z
PD3828	PD3828
PD5771	PD5771
PD5771	PD5778
PD5772	PD5772
PD5773	PD5773
PD5774	PD5774
PD5775	PD5775
PD5776	PD5776
PD5777.A	PD5777.Z
PD5778	PD5778
PD5781	PD5781
PD5781	PD5788
PD5782	PD5782
PD5783	PD5783
PD5784	PD5784
PD5785	PD5785
PD5786	PD5786
PD5787.A	PD5787.Z
PD5788	PD5788
PD5801	PD5801
PD5801	PD5808
PD5802	PD5802
PD5803	PD5803
PD5804	PD5804
PD5805	PD5805
PD5806	PD5806
PD5807.A	PD5807.Z
PD5808	PD5808
PD5841	PD5841
PD5841	PD5848
PD5842	PD5842
PD5843	PD5843
PD5844	PD5844
PD5845	PD5845
PD5846	PD5846
PD5847.A	PD5847.Z
PD5848	PD5848
PE1801	PE1804
PE1801.A1	PE1801.A5
PE1801.A6	PE1801.Z
PE1802	PE1802
PE1803	PE1803
PE1804.A	PE1804.Z9
PE1804.Z95.A	PE1804.Z95.Z
PE1806	PE1809
PE1806.A1	PE1806.A5
PE1806.A6	PE1806.Z
PE1807	PE1807
PE1808	PE1808
PE1809.A	PE1809.Z9
PE1809.Z95.A	PE1809.Z95.Z
PE1811	PE1814
PE1811.A1	PE1811.A5
PE1811.A6	PE1811.Z
PE1812	PE1812
PE1813	PE1813
PE1814.A	PE1814.Z9
PE1814.Z95.A	PE1814.Z95.Z
PE1816	PE1819
PE1816.A1	PE1816.A5
PE1816.A6	PE1816.Z
PE1817	PE1817
PE1818	PE1818
PE1819.A	PE1819.Z9
PE1819.Z95.A	PE1819.Z95.Z
PE1821	PE1824
PE1821.A1	PE1821.A5
PE1821.A6	PE1821.Z
PE1822	PE1822
PE1823	PE1823
PE1824.A	PE1824.Z9
PE1824.Z95.A	PE1824.Z95.Z
PE1826	PE1829
PE1826.A1	PE1826.A5
PE1826.A6	PE1826.Z
PE1827	PE1827
PE1828	PE1828
PE1829.A	PE1829.Z9
PE1829.Z95.A	PE1829.Z95.Z
PE1831	PE1834
PE1831.A1	PE1831.A5
PE1831.A6	PE1831.Z
PE1832	PE1832
PE1833	PE1833
PE1834.A	PE1834.Z9
PE1834.Z95.A	PE1834.Z95.Z
PE1836	PE1839
PE1836.A1	PE1836.A5
PE1836.A6	PE1836.Z
PE1837	PE1837
PE1838	PE1838
PE1839.A	PE1839.Z9
PE1839.Z95.A	PE1839.Z95.Z
PE1841	PE1844
PE1841.A1	PE1841.A5
PE1841.A6	PE1841.Z
PE1842	PE1842
PE1843	PE1843
PE1844.A	PE1844.Z9
PE1844.Z95.A	PE1844.Z95.Z
PE1846	PE1849
PE1846.A1	PE1846.A5
PE1846.A6	PE1846.Z
PE1847	PE1847
PE1848	PE1848
PE1849.A	PE1849.Z9
PE1849.Z95.A	PE1849.Z95.Z
PE1851	PE1854
PE1851.A1	PE1851.A5
PE1851.A6	PE1851.Z
PE1852	PE1852
PE1853	PE1853
PE1854.A	PE1854.Z9
PE1854.Z95.A	PE1854.Z95.Z
PE1856	PE1859
PE1856.A1	PE1856.A5
PE1856.A6	PE1856.Z
PE1857	PE1857
PE1858	PE1858
PE1859.A	PE1859.Z9
PE1859.Z95.A	PE1859.Z95.Z
PE1861	PE1864
PE1861.A1	PE1861.A5
PE1861.A6	PE1861.Z
PE1862	PE1862
PE1863	PE1863
PE1864.A	PE1864.Z9
PE1864.Z95.A	PE1864.Z95.Z
PE1866	PE1869
PE1866.A1	PE1866.A5
PE1866.A6	PE1866.Z
PE1867	PE1867
PE1868	PE1868
PE1869.A	PE1869.Z9
PE1869.Z95.A	PE1869.Z95.Z
PE1871	PE1874
PE1871.A1	PE1871.A5
PE1871.A6	PE1871.Z
PE1872	PE1872
PE1873	PE1873
PE1874.A	PE1874.Z9
PE1874.Z95.A	PE1874.Z95.Z
PE1876	PE1879
PE1876.A1	PE1876.A5
PE1876.A6	PE1876.Z
PE1877	PE1877
PE1878	PE1878
PE1879.A	PE1879.Z9
PE1879.Z95.A	PE1879.Z95.Z
PE1881	PE1884
PE1881.A1	PE1881.A5
PE1881.A6	PE1881.Z
PE1882	PE1882
PE1883	PE1883
PE1884.A	PE1884.Z9
PE1884.Z95.A	PE1884.Z95.Z
PE1886	PE1889
PE1886.A1	PE1886.A5
PE1886.A6	PE1886.Z
PE1887	PE1887
PE1888	PE1888
PE1889.A	PE1889.Z9
PE1889.Z95.A	PE1889.Z95.Z
PE1891	PE1894
PE1891.A1	PE1891.A5
PE1891.A6	PE1891.Z
PE1892	PE1892
PE1893	PE1893
PE1894.A	PE1894.Z9
PE1894.Z95.A	PE1894.Z95.Z
PE1896	PE1899
PE1896.A1	PE1896.A5
PE1896.A6	PE1896.Z
PE1897	PE1897
PE1898	PE1898
PE1899.A	PE1899.Z9
PE1899.Z95.A	PE1899.Z95.Z
PE1901	PE1904
PE1901.A1	PE1901.A5
PE1901.A6	PE1901.Z
PE1902	PE1902
PE1903	PE1903
PE1904.A	PE1904.Z9
PE1904.Z95.A	PE1904.Z95.Z
PE1906	PE1909
PE1906.A1	PE1906.A5
PE1906.A6	PE1906.Z
PE1907	PE1907
PE1908	PE1908
PE1909.A	PE1909.Z9
PE1909.Z95.A	PE1909.Z95.Z
PE1911	PE1914
PE1911.A1	PE1911.A5
PE1911.A6	PE1911.Z
PE1912	PE1912
PE1913	PE1913
PE1914.A	PE1914.Z9
PE1914.Z95.A	PE1914.Z95.Z
PE1916	PE1919
PE1916.A1	PE1916.A5
PE1916.A6	PE1916.Z
PE1917	PE1917
PE1918	PE1918
PE1919.A	PE1919.Z9
PE1919.Z95.A	PE1919.Z95.Z
PE1921	PE1924
PE1921.A1	PE1921.A5
PE1921.A6	PE1921.Z
PE1922	PE1922
PE1923	PE1923
PE1924.A	PE1924.Z9
PE1924.Z95.A	PE1924.Z95.Z
PE1926	PE1929
PE1926.A1	PE1926.A5
PE1926.A6	PE1926.Z
PE1927	PE1927
PE1928	PE1928
PE1929.A	PE1929.Z9
PE1929.Z95.A	PE1929.Z95.Z
PE1931	PE1934
PE1931.A1	PE1931.A5
PE1931.A6	PE1931.Z
PE1932	PE1932
PE1933	PE1933
PE1934.A	PE1934.Z9
PE1934.Z95.A	PE1934.Z95.Z
PE1936	PE1939
PE1936.A1	PE1936.A5
PE1936.A6	PE1936.Z
PE1937	PE1937
PE1938	PE1938
PE1939.A	PE1939.Z9
PE1939.Z95.A	PE1939.Z95.Z
PE1941	PE1944
PE1941.A1	PE1941.A5
PE1941.A6	PE1941.Z
PE1942	PE1942
PE1943	PE1943
PE1944.A	PE1944.Z9
PE1944.Z95.A	PE1944.Z95.Z
PE1946	PE1949
PE1946.A1	PE1946.A5
PE1946.A6	PE1946.Z
PE1947	PE1947
PE1948	PE1948
PE1949.A	PE1949.Z9
PE1949.Z95.A	PE1949.Z95.Z
PE1951	PE1954
PE1951.A1	PE1951.A5
PE1951.A6	PE1951.Z
PE1952	PE1952
PE1953	PE1953
PE1954.A	PE1954.Z9
PE1954.Z95.A	PE1954.Z95.Z
PE1956	PE1959
PE1956.A1	PE1956.A5
PE1956.A6	PE1956.Z
PE1957	PE1957
PE1958	PE1958
PE1959.A	PE1959.Z9
PE1959.Z95.A	PE1959.Z95.Z
PE1961	PE1964
PE1961.A1	PE1961.A5
PE1961.A6	PE1961.Z
PE1962	PE1962
PE1963	PE1963
PE1964.A	PE1964.Z9
PE1964.Z95.A	PE1964.Z95.Z
PE1966	PE1969
PE1966.A1	PE1966.A5
PE1966.A6	PE1966.Z
PE1967	PE1967
PE1968	PE1968
PE1969.A	PE1969.Z9
PE1969.Z95.A	PE1969.Z95.Z
PE1971	PE1974
PE1971.A1	PE1971.A5
PE1971.A6	PE1971.Z
PE1972	PE1972
PE1973	PE1973
PE1974.A	PE1974.Z9
PE1974.Z95.A	PE1974.Z95.Z
PE1976	PE1979
PE1976.A1	PE1976.A5
PE1976.A6	PE1976.Z
PE1977	PE1977
PE1978	PE1978
PE1979.A	PE1979.Z9
PE1979.Z95.A	PE1979.Z95.Z
PE1981	PE1984
PE1981.A1	PE1981.A5
PE1981.A6	PE1981.Z
PE1982	PE1982
PE1983	PE1983
PE1984.A	PE1984.Z9
PE1984.Z95.A	PE1984.Z95.Z
PE1986	PE1989
PE1986.A1	PE1986.A5
PE1986.A6	PE1986.Z
PE1987	PE1987
PE1988	PE1988
PE1989.A	PE1989.Z9
PE1989.Z95.A	PE1989.Z95.Z
PE1991	PE1994
PE1991.A1	PE1991.A5
PE1991.A6	PE1991.Z
PE1992	PE1992
PE1993	PE1993
PE1994.A	PE1994.Z9
PE1994.Z95.A	PE1994.Z95.Z
PE1996	PE1999
PE1996.A1	PE1996.A5
PE1996.A6	PE1996.Z
PE1997	PE1997
PE1998	PE1998
PE1999.A	PE1999.Z9
PE1999.Z95.A	PE1999.Z95.Z
PE2001	PE2004
PE2001.A1	PE2001.A5
PE2001.A6	PE2001.Z
PE2002	PE2002
PE2003	PE2003
PE2004.A	PE2004.Z9
PE2004.Z95.A	PE2004.Z95.Z
PE2006	PE2009
PE2006.A1	PE2006.A5
PE2006.A6	PE2006.Z
PE2007	PE2007
PE2008	PE2008
PE2009.A	PE2009.Z9
PE2009.Z95.A	PE2009.Z95.Z
PE2011	PE2014
PE2011.A1	PE2011.A5
PE2011.A6	PE2011.Z
PE2012	PE2012
PE2013	PE2013
PE2014.A	PE2014.Z9
PE2014.Z95.A	PE2014.Z95.Z
PE2016	PE2019
PE2016.A1	PE2016.A5
PE2016.A6	PE2016.Z
PE2017	PE2017
PE2018	PE2018
PE2019.A	PE2019.Z9
PE2019.Z95.A	PE2019.Z95.Z
PE2021	PE2024
PE2021.A1	PE2021.A5
PE2021.A6	PE2021.Z
PE2022	PE2022
PE2023	PE2023
PE2024.A	PE2024.Z9
PE2024.Z95.A	PE2024.Z95.Z
PE2026	PE2029
PE2026.A1	PE2026.A5
PE2026.A6	PE2026.Z
PE2027	PE2027
PE2028	PE2028
PE2029.A	PE2029.Z9
PE2029.Z95.A	PE2029.Z95.Z
PE2031	PE2034
PE2031.A1	PE2031.A5
PE2031.A6	PE2031.Z
PE2032	PE2032
PE2033	PE2033
PE2034.A	PE2034.Z9
PE2034.Z95.A	PE2034.Z95.Z
PE2036	PE2039
PE2036.A1	PE2036.A5
PE2036.A6	PE2036.Z
PE2037	PE2037
PE2038	PE2038
PE2039.A	PE2039.Z9
PE2039.Z95.A	PE2039.Z95.Z
PE2041	PE2044
PE2041.A1	PE2041.A5
PE2041.A6	PE2041.Z
PE2042	PE2042
PE2043	PE2043
PE2044.A	PE2044.Z9
PE2044.Z95.A	PE2044.Z95.Z
PE2046	PE2049
PE2046.A1	PE2046.A5
PE2046.A6	PE2046.Z
PE2047	PE2047
PE2048	PE2048
PE2049.A	PE2049.Z9
PE2049.Z95.A	PE2049.Z95.Z
PE2051	PE2054
PE2051.A1	PE2051.A5
PE2051.A6	PE2051.Z
PE2052	PE2052
PE2053	PE2053
PE2054.A	PE2054.Z9
PE2054.Z95.A	PE2054.Z95.Z
PE2056	PE2059
PE2056.A1	PE2056.A5
PE2056.A6	PE2056.Z
PE2057	PE2057
PE2058	PE2058
PE2059.A	PE2059.Z9
PE2059.Z95.A	PE2059.Z95.Z
PE2061	PE2064
PE2061.A1	PE2061.A5
PE2061.A6	PE2061.Z
PE2062	PE2062
PE2063	PE2063
PE2064.A	PE2064.Z9
PE2064.Z95.A	PE2064.Z95.Z
PE2066	PE2069
PE2066.A1	PE2066.A5
PE2066.A6	PE2066.Z
PE2067	PE2067
PE2068	PE2068
PE2069.A	PE2069.Z9
PE2069.Z95.A	PE2069.Z95.Z
PE2071	PE2074
PE2071.A1	PE2071.A5
PE2071.A6	PE2071.Z
PE2072	PE2072
PE2073	PE2073
PE2074.A	PE2074.Z9
PE2074.Z95.A	PE2074.Z95.Z
PE2076	PE2079
PE2076.A1	PE2076.A5
PE2076.A6	PE2076.Z
PE2077	PE2077
PE2078	PE2078
PE2079.A	PE2079.Z9
PE2079.Z95.A	PE2079.Z95.Z
PE2081	PE2084
PE2081.A1	PE2081.A5
PE2081.A6	PE2081.Z
PE2082	PE2082
PE2083	PE2083
PE2084.A	PE2084.Z9
PE2084.Z95.A	PE2084.Z95.Z
PE2091	PE2094
PE2091.A1	PE2091.A5
PE2091.A6	PE2091.Z
PE2092	PE2092
PE2093	PE2093
PE2094.A	PE2094.Z9
PE2094.Z95.A	PE2094.Z95.Z
PE2111	PE2111
PE2111	PE2118
PE2112	PE2112
PE2113	PE2113
PE2114	PE2114
PE2115	PE2115
PE2116	PE2116
PE2117.A	PE2117.Z
PE2118	PE2118
PE2151	PE2154
PE2151.A1	PE2151.A5
PE2151.A6	PE2151.Z
PE2152	PE2152
PE2153	PE2153
PE2154.A	PE2154.Z9
PE2154.Z95.A	PE2154.Z95.Z
PE2156	PE2159
PE2156.A1	PE2156.A5
PE2156.A6	PE2156.Z
PE2157	PE2157
PE2158	PE2158
PE2159.A	PE2159.Z9
PE2159.Z95.A	PE2159.Z95.Z
PE2161	PE2164
PE2161.A1	PE2161.A5
PE2161.A6	PE2161.Z
PE2162	PE2162
PE2163	PE2163
PE2164.A	PE2164.Z9
PE2164.Z95.A	PE2164.Z95.Z
PE2166	PE2169
PE2166.A1	PE2166.A5
PE2166.A6	PE2166.Z
PE2167	PE2167
PE2168	PE2168
PE2169.A	PE2169.Z9
PE2169.Z95.A	PE2169.Z95.Z
PE2171	PE2174
PE2171.A1	PE2171.A5
PE2171.A6	PE2171.Z
PE2172	PE2172
PE2173	PE2173
PE2174.A	PE2174.Z9
PE2174.Z95.A	PE2174.Z95.Z
PE2176	PE2179
PE2176.A1	PE2176.A5
PE2176.A6	PE2176.Z
PE2177	PE2177
PE2178	PE2178
PE2179.A	PE2179.Z9
PE2179.Z95.A	PE2179.Z95.Z
PE2181	PE2184
PE2181.A1	PE2181.A5
PE2181.A6	PE2181.Z
PE2182	PE2182
PE2183	PE2183
PE2184.A	PE2184.Z9
PE2184.Z95.A	PE2184.Z95.Z
PE2186	PE2189
PE2186.A1	PE2186.A5
PE2186.A6	PE2186.Z
PE2187	PE2187
PE2188	PE2188
PE2189.A	PE2189.Z9
PE2189.Z95.A	PE2189.Z95.Z
PE2191	PE2194
PE2191.A1	PE2191.A5
PE2191.A6	PE2191.Z
PE2192	PE2192
PE2193	PE2193
PE2194.A	PE2194.Z9
PE2194.Z95.A	PE2194.Z95.Z
PE2196	PE2199
PE2196.A1	PE2196.A5
PE2196.A6	PE2196.Z
PE2197	PE2197
PE2198	PE2198
PE2199.A	PE2199.Z9
PE2199.Z95.A	PE2199.Z95.Z
PE2201	PE2204
PE2201.A1	PE2201.A5
PE2201.A6	PE2201.Z
PE2202	PE2202
PE2203	PE2203
PE2204.A	PE2204.Z9
PE2204.Z95.A	PE2204.Z95.Z
PE2206	PE2209
PE2206.A1	PE2206.A5
PE2206.A6	PE2206.Z
PE2207	PE2207
PE2208	PE2208
PE2209.A	PE2209.Z9
PE2209.Z95.A	PE2209.Z95.Z
PE2211	PE2214
PE2211.A1	PE2211.A5
PE2211.A6	PE2211.Z
PE2212	PE2212
PE2213	PE2213
PE2214.A	PE2214.Z9
PE2214.Z95.A	PE2214.Z95.Z
PE2216	PE2219
PE2216.A1	PE2216.A5
PE2216.A6	PE2216.Z
PE2217	PE2217
PE2218	PE2218
PE2219.A	PE2219.Z9
PE2219.Z95.A	PE2219.Z95.Z
PE2221	PE2224
PE2221.A1	PE2221.A5
PE2221.A6	PE2221.Z
PE2222	PE2222
PE2223	PE2223
PE2224.A	PE2224.Z9
PE2224.Z95.A	PE2224.Z95.Z
PE2226	PE2229
PE2226.A1	PE2226.A5
PE2226.A6	PE2226.Z
PE2227	PE2227
PE2228	PE2228
PE2229.A	PE2229.Z9
PE2229.Z95.A	PE2229.Z95.Z
PE2231	PE2234
PE2231.A1	PE2231.A5
PE2231.A6	PE2231.Z
PE2232	PE2232
PE2233	PE2233
PE2234.A	PE2234.Z9
PE2234.Z95.A	PE2234.Z95.Z
PE2236	PE2239
PE2236.A1	PE2236.A5
PE2236.A6	PE2236.Z
PE2237	PE2237
PE2238	PE2238
PE2239.A	PE2239.Z9
PE2239.Z95.A	PE2239.Z95.Z
PE2241	PE2244
PE2241.A1	PE2241.A5
PE2241.A6	PE2241.Z
PE2242	PE2242
PE2243	PE2243
PE2244.A	PE2244.Z9
PE2244.Z95.A	PE2244.Z95.Z
PE2246	PE2249
PE2246.A1	PE2246.A5
PE2246.A6	PE2246.Z
PE2247	PE2247
PE2248	PE2248
PE2249.A	PE2249.Z9
PE2249.Z95.A	PE2249.Z95.Z
PE2251	PE2254
PE2251.A1	PE2251.A5
PE2251.A6	PE2251.Z
PE2252	PE2252
PE2253	PE2253
PE2254.A	PE2254.Z9
PE2254.Z95.A	PE2254.Z95.Z
PE2256	PE2259
PE2256.A1	PE2256.A5
PE2256.A6	PE2256.Z
PE2257	PE2257
PE2258	PE2258
PE2259.A	PE2259.Z9
PE2259.Z95.A	PE2259.Z95.Z
PE2261	PE2264
PE2261.A1	PE2261.A5
PE2261.A6	PE2261.Z
PE2262	PE2262
PE2263	PE2263
PE2264.A	PE2264.Z9
PE2264.Z95.A	PE2264.Z95.Z
PE2266	PE2269
PE2266.A1	PE2266.A5
PE2266.A6	PE2266.Z
PE2267	PE2267
PE2268	PE2268
PE2269.A	PE2269.Z9
PE2269.Z95.A	PE2269.Z95.Z
PE2271	PE2274
PE2271.A1	PE2271.A5
PE2271.A6	PE2271.Z
PE2272	PE2272
PE2273	PE2273
PE2274.A	PE2274.Z9
PE2274.Z95.A	PE2274.Z95.Z
PE2276	PE2279
PE2276.A1	PE2276.A5
PE2276.A6	PE2276.Z
PE2277	PE2277
PE2278	PE2278
PE2279.A	PE2279.Z9
PE2279.Z95.A	PE2279.Z95.Z
PE2281	PE2284
PE2281.A1	PE2281.A5
PE2281.A6	PE2281.Z
PE2282	PE2282
PE2283	PE2283
PE2284.A	PE2284.Z9
PE2284.Z95.A	PE2284.Z95.Z
PE2286	PE2289
PE2286.A1	PE2286.A5
PE2286.A6	PE2286.Z
PE2287	PE2287
PE2288	PE2288
PE2289.A	PE2289.Z9
PE2289.Z95.A	PE2289.Z95.Z
PE2291	PE2294
PE2291.A1	PE2291.A5
PE2291.A6	PE2291.Z
PE2292	PE2292
PE2293	PE2293
PE2294.A	PE2294.Z9
PE2294.Z95.A	PE2294.Z95.Z
PE2296	PE2299
PE2296.A1	PE2296.A5
PE2296.A6	PE2296.Z
PE2297	PE2297
PE2298	PE2298
PE2299.A	PE2299.Z9
PE2299.Z95.A	PE2299.Z95.Z
PE2301	PE2304
PE2301.A1	PE2301.A5
PE2301.A6	PE2301.Z
PE2302	PE2302
PE2303	PE2303
PE2304.A	PE2304.Z9
PE2304.Z95.A	PE2304.Z95.Z
PE2306	PE2309
PE2306.A1	PE2306.A5
PE2306.A6	PE2306.Z
PE2307	PE2307
PE2308	PE2308
PE2309.A	PE2309.Z9
PE2309.Z95.A	PE2309.Z95.Z
PE2311	PE2314
PE2311.A1	PE2311.A5
PE2311.A6	PE2311.Z
PE2312	PE2312
PE2313	PE2313
PE2314.A	PE2314.Z9
PE2314.Z95.A	PE2314.Z95.Z
PE2316	PE2319
PE2316.A1	PE2316.A5
PE2316.A6	PE2316.Z
PE2317	PE2317
PE2318	PE2318
PE2319.A	PE2319.Z9
PE2319.Z95.A	PE2319.Z95.Z
PE2321	PE2324
PE2321.A1	PE2321.A5
PE2321.A6	PE2321.Z
PE2322	PE2322
PE2323	PE2323
PE2324.A	PE2324.Z9
PE2324.Z95.A	PE2324.Z95.Z
PE2326	PE2329
PE2326.A1	PE2326.A5
PE2326.A6	PE2326.Z
PE2327	PE2327
PE2328	PE2328
PE2329.A	PE2329.Z9
PE2329.Z95.A	PE2329.Z95.Z
PE2331	PE2334
PE2331.A1	PE2331.A5
PE2331.A6	PE2331.Z
PE2332	PE2332
PE2333	PE2333
PE2334.A	PE2334.Z9
PE2334.Z95.A	PE2334.Z95.Z
PE2341	PE2344
PE2341.A1	PE2341.A5
PE2341.A6	PE2341.Z
PE2342	PE2342
PE2343	PE2343
PE2344.A	PE2344.Z9
PE2344.Z95.A	PE2344.Z95.Z
PE2346	PE2349
PE2346.A1	PE2346.A5
PE2346.A6	PE2346.Z
PE2347	PE2347
PE2348	PE2348
PE2349.A	PE2349.Z9
PE2349.Z95.A	PE2349.Z95.Z
PE2351	PE2354
PE2351.A1	PE2351.A5
PE2351.A6	PE2351.Z
PE2352	PE2352
PE2353	PE2353
PE2354.A	PE2354.Z9
PE2354.Z95.A	PE2354.Z95.Z
PE2361	PE2364
PE2361.A1	PE2361.A5
PE2361.A6	PE2361.Z
PE2362	PE2362
PE2363	PE2363
PE2364.A	PE2364.Z9
PE2364.Z95.A	PE2364.Z95.Z
PE2431	PE2434
PE2431.A1	PE2431.A5
PE2431.A6	PE2431.Z
PE2432	PE2432
PE2433	PE2433
PE2434.A	PE2434.Z9
PE2434.Z95.A	PE2434.Z95.Z
PE2436	PE2439
PE2436.A1	PE2436.A5
PE2436.A6	PE2436.Z
PE2437	PE2437
PE2438	PE2438
PE2439.A	PE2439.Z9
PE2439.Z95.A	PE2439.Z95.Z
PE2441	PE2444
PE2441.A1	PE2441.A5
PE2441.A6	PE2441.Z
PE2442	PE2442
PE2443	PE2443
PE2444.A	PE2444.Z9
PE2444.Z95.A	PE2444.Z95.Z
PE2446	PE2449
PE2446.A1	PE2446.A5
PE2446.A6	PE2446.Z
PE2447	PE2447
PE2448	PE2448
PE2449.A	PE2449.Z9
PE2449.Z95.A	PE2449.Z95.Z
PE2451	PE2454
PE2451.A1	PE2451.A5
PE2451.A6	PE2451.Z
PE2452	PE2452
PE2453	PE2453
PE2454.A	PE2454.Z9
PE2454.Z95.A	PE2454.Z95.Z
PE2456	PE2459
PE2456.A1	PE2456.A5
PE2456.A6	PE2456.Z
PE2457	PE2457
PE2458	PE2458
PE2459.A	PE2459.Z9
PE2459.Z95.A	PE2459.Z95.Z
PE2461	PE2464
PE2461.A1	PE2461.A5
PE2461.A6	PE2461.Z
PE2462	PE2462
PE2463	PE2463
PE2464.A	PE2464.Z9
PE2464.Z95.A	PE2464.Z95.Z
PE2466	PE2469
PE2466.A1	PE2466.A5
PE2466.A6	PE2466.Z
PE2467	PE2467
PE2468	PE2468
PE2469.A	PE2469.Z9
PE2469.Z95.A	PE2469.Z95.Z
PE2471	PE2474
PE2471.A1	PE2471.A5
PE2471.A6	PE2471.Z
PE2472	PE2472
PE2473	PE2473
PE2474.A	PE2474.Z9
PE2474.Z95.A	PE2474.Z95.Z
PE2476	PE2479
PE2476.A1	PE2476.A5
PE2476.A6	PE2476.Z
PE2477	PE2477
PE2478	PE2478
PE2479.A	PE2479.Z9
PE2479.Z95.A	PE2479.Z95.Z
PE2481	PE2484
PE2481.A1	PE2481.A5
PE2481.A6	PE2481.Z
PE2482	PE2482
PE2483	PE2483
PE2484.A	PE2484.Z9
PE2484.Z95.A	PE2484.Z95.Z
PE2486	PE2489
PE2486.A1	PE2486.A5
PE2486.A6	PE2486.Z
PE2487	PE2487
PE2488	PE2488
PE2489.A	PE2489.Z9
PE2489.Z95.A	PE2489.Z95.Z
PE2491	PE2494
PE2491.A1	PE2491.A5
PE2491.A6	PE2491.Z
PE2492	PE2492
PE2493	PE2493
PE2494.A	PE2494.Z9
PE2494.Z95.A	PE2494.Z95.Z
PE2496	PE2499
PE2496.A1	PE2496.A5
PE2496.A6	PE2496.Z
PE2497	PE2497
PE2498	PE2498
PE2499.A	PE2499.Z9
PE2499.Z95.A	PE2499.Z95.Z
PE2501	PE2504
PE2501.A1	PE2501.A5
PE2501.A6	PE2501.Z
PE2502	PE2502
PE2503	PE2503
PE2504.A	PE2504.Z9
PE2504.Z95.A	PE2504.Z95.Z
PE2506	PE2509
PE2506.A1	PE2506.A5
PE2506.A6	PE2506.Z
PE2507	PE2507
PE2508	PE2508
PE2509.A	PE2509.Z9
PE2509.Z95.A	PE2509.Z95.Z
PE2511	PE2514
PE2511.A1	PE2511.A5
PE2511.A6	PE2511.Z
PE2512	PE2512
PE2513	PE2513
PE2514.A	PE2514.Z9
PE2514.Z95.A	PE2514.Z95.Z
PE2516	PE2519
PE2516.A1	PE2516.A5
PE2516.A6	PE2516.Z
PE2517	PE2517
PE2518	PE2518
PE2519.A	PE2519.Z9
PE2519.Z95.A	PE2519.Z95.Z
PE2526	PE2529
PE2526.A1	PE2526.A5
PE2526.A6	PE2526.Z
PE2527	PE2527
PE2528	PE2528
PE2529.A	PE2529.Z9
PE2529.Z95.A	PE2529.Z95.Z
PE2531	PE2534
PE2531.A1	PE2531.A5
PE2531.A6	PE2531.Z
PE2532	PE2532
PE2533	PE2533
PE2534.A	PE2534.Z9
PE2534.Z95.A	PE2534.Z95.Z
PE2536	PE2539
PE2536.A1	PE2536.A5
PE2536.A6	PE2536.Z
PE2537	PE2537
PE2538	PE2538
PE2539.A	PE2539.Z9
PE2539.Z95.A	PE2539.Z95.Z
PE2541	PE2544
PE2541.A1	PE2541.A5
PE2541.A6	PE2541.Z
PE2542	PE2542
PE2543	PE2543
PE2544.A	PE2544.Z9
PE2544.Z95.A	PE2544.Z95.Z
PE2546	PE2549
PE2546.A1	PE2546.A5
PE2546.A6	PE2546.Z
PE2547	PE2547
PE2548	PE2548
PE2549.A	PE2549.Z9
PE2549.Z95.A	PE2549.Z95.Z
PE2551	PE2554
PE2551.A1	PE2551.A5
PE2551.A6	PE2551.Z
PE2552	PE2552
PE2553	PE2553
PE2554.A	PE2554.Z9
PE2554.Z95.A	PE2554.Z95.Z
PE2556	PE2559
PE2556.A1	PE2556.A5
PE2556.A6	PE2556.Z
PE2557	PE2557
PE2558	PE2558
PE2559.A	PE2559.Z9
PE2559.Z95.A	PE2559.Z95.Z
PE2561	PE2564
PE2561.A1	PE2561.A5
PE2561.A6	PE2561.Z
PE2562	PE2562
PE2563	PE2563
PE2564.A	PE2564.Z9
PE2564.Z95.A	PE2564.Z95.Z
PE2566	PE2569
PE2566.A1	PE2566.A5
PE2566.A6	PE2566.Z
PE2567	PE2567
PE2568	PE2568
PE2569.A	PE2569.Z9
PE2569.Z95.A	PE2569.Z95.Z
PE2571	PE2574
PE2571.A1	PE2571.A5
PE2571.A6	PE2571.Z
PE2572	PE2572
PE2573	PE2573
PE2574.A	PE2574.Z9
PE2574.Z95.A	PE2574.Z95.Z
PE2576	PE2579
PE2576.A1	PE2576.A5
PE2576.A6	PE2576.Z
PE2577	PE2577
PE2578	PE2578
PE2579.A	PE2579.Z9
PE2579.Z95.A	PE2579.Z95.Z
PE2581	PE2584
PE2581.A1	PE2581.A5
PE2581.A6	PE2581.Z
PE2582	PE2582
PE2583	PE2583
PE2584.A	PE2584.Z9
PE2584.Z95.A	PE2584.Z95.Z
PE2586	PE2589
PE2586.A1	PE2586.A5
PE2586.A6	PE2586.Z
PE2587	PE2587
PE2588	PE2588
PE2589.A	PE2589.Z9
PE2589.Z95.A	PE2589.Z95.Z
PE2591	PE2594
PE2591.A1	PE2591.A5
PE2591.A6	PE2591.Z
PE2592	PE2592
PE2593	PE2593
PE2594.A	PE2594.Z9
PE2594.Z95.A	PE2594.Z95.Z
PE2596	PE2599
PE2596.A1	PE2596.A5
PE2596.A6	PE2596.Z
PE2597	PE2597
PE2598	PE2598
PE2599.A	PE2599.Z9
PE2599.Z95.A	PE2599.Z95.Z
PE2601	PE2604
PE2601.A1	PE2601.A5
PE2601.A6	PE2601.Z
PE2602	PE2602
PE2603	PE2603
PE2604.A	PE2604.Z9
PE2604.Z95.A	PE2604.Z95.Z
PE2606	PE2609
PE2606.A1	PE2606.A5
PE2606.A6	PE2606.Z
PE2607	PE2607
PE2608	PE2608
PE2609.A	PE2609.Z9
PE2609.Z95.A	PE2609.Z95.Z
PE2901	PE2901
PE2901	PE2908
PE2902	PE2902
PE2903	PE2903
PE2904	PE2904
PE2905	PE2905
PE2906	PE2906
PE2907.A	PE2907.Z
PE2908	PE2908
PE2911	PE2911
PE2911	PE2918
PE2912	PE2912
PE2913	PE2913
PE2914	PE2914
PE2915	PE2915
PE2916	PE2916
PE2917.A	PE2917.Z
PE2918	PE2918
PE2921	PE2921
PE2921	PE2928
PE2922	PE2922
PE2923	PE2923
PE2924	PE2924
PE2925	PE2925
PE2926	PE2926
PE2927.A	PE2927.Z
PE2928	PE2928
PE2931	PE2931
PE2931	PE2938
PE2932	PE2932
PE2933	PE2933
PE2934	PE2934
PE2935	PE2935
PE2936	PE2936
PE2937.A	PE2937.Z
PE2938	PE2938
PE2941	PE2941
PE2941	PE2948
PE2942	PE2942
PE2943	PE2943
PE2944	PE2944
PE2945	PE2945
PE2946	PE2946
PE2947.A	PE2947.Z
PE2948	PE2948
PE2961	PE2961
PE2961	PE2968
PE2962	PE2962
PE2963	PE2963
PE2964	PE2964
PE2965	PE2965
PE2966	PE2966
PE2967.A	PE2967.Z
PE2968	PE2968
PE3201	PE3201
PE3201	PE3246
PE3201.5	PE3201.5
PE3202	PE3202
PE3203	PE3203
PE3204	PE3204
PE3205	PE3205
PE3205	PE3206
PE3206.A2	PE3206.A2
PE3206.A2	PE3206.Z
PE3206.A5	PE3206.Z
PE3207	PE3207
PE3208	PE3208
PE3208	PE3210
PE3208.5	PE3208.5
PE3208.8	PE3208.8
PE3209	PE3209
PE3209	PE3209.32
PE3209.5	PE3209.5
PE3210	PE3210
PE3210.5	PE3210.5
PE3211	PE3211
PE3211	PE3226
PE3212	PE3212
PE3213	PE3213.Z
PE3213.A2	PE3213.A2
PE3213.A3	PE3213.Z
PE3215	PE3215
PE3217	PE3217
PE3218	PE3218
PE3218.9	PE3218.9
PE3219	PE3219
PE3221	PE3221
PE3223	PE3223
PE3225.A	PE3225.Z
PE3226	PE3226
PE3227	PE3227
PE3228	PE3228
PE3229	PE3229
PE3230	PE3230
PE3231	PE3231
PE3231	PE3233.9
PE3232	PE3232
PE3233	PE3233
PE3233.5	PE3233.5
PE3233.9.A	PE3233.9.Z
PE3234	PE3234
PE3234	PE3239
PE3235	PE3235
PE3235	PE3239
PE3236	PE3236
PE3237.A	PE3237.Z
PE3238	PE3238
PE3239	PE3239
PE3241.A1	PE3241.A1
PE3241.A1	PE3246
PE3241.A2	PE3241.A29
PE3241.A2	PE3245.Z
PE3241.A3	PE3241.A3
PE3241.A5	PE3241.Z
PE3243	PE3243
PE3245.A1	PE3245.A1
PE3245.A5	PE3245.Z
PE3246	PE3246
PE3301	PE3301
PE3301	PE3305
PE3302	PE3302
PE3303	PE3303
PE3304	PE3304
PE3305	PE3305
PF1524	PF1525
PF1524.A1	PF1524.A1
PF1524.A1	PF1524.A8
PF1524.A3	PF1524.A3
PF1524.A5	PF1524.A5
PF1524.A8	PF1524.A8
PF1524.E1	PF1524.E1
PF1524.E1	PF1524.E8
PF1524.E3	PF1524.E3
PF1524.E5	PF1524.E5
PF1524.E8	PF1524.E8
PF1524.F1	PF1524.F1
PF1524.F1	PF1524.F8
PF1524.F3	PF1524.F3
PF1524.F5	PF1524.F5
PF1524.F8	PF1524.F8
PF1524.G1	PF1524.G1
PF1524.G1	PF1524.G8
PF1524.G3	PF1524.G3
PF1524.G5	PF1524.G5
PF1524.G8	PF1524.G8
PF1524.I1	PF1524.I1
PF1524.I1	PF1524.I8
PF1524.I3	PF1524.I3
PF1524.I5	PF1524.I5
PF1524.I8	PF1524.I8
PF1524.R1	PF1524.R1
PF1524.R1	PF1524.R8
PF1524.R3	PF1524.R3
PF1524.R5	PF1524.R5
PF1524.R8	PF1524.R8
PF1524.S1	PF1524.S1
PF1524.S1	PF1524.S8
PF1524.S3	PF1524.S3
PF1524.S5	PF1524.S5
PF1524.S8	PF1524.S8
PF1525.A	PF1525.Z
PF5141	PF5144
PF5141.A1	PF5141.A5
PF5141.A6	PF5141.Z
PF5142	PF5142
PF5143	PF5143
PF5144.A	PF5144.Z9
PF5144.Z95.A	PF5144.Z95.Z
PF5146	PF5149
PF5146.A1	PF5146.A5
PF5146.A6	PF5146.Z
PF5147	PF5147
PF5148	PF5148
PF5149.A	PF5149.Z9
PF5149.Z95.A	PF5149.Z95.Z
PF5151	PF5154
PF5151.A1	PF5151.A5
PF5151.A6	PF5151.Z
PF5152	PF5152
PF5153	PF5153
PF5154.A	PF5154.Z9
PF5154.Z95.A	PF5154.Z95.Z
PF5156	PF5159
PF5156.A1	PF5156.A5
PF5156.A6	PF5156.Z
PF5157	PF5157
PF5158	PF5158
PF5159.A	PF5159.Z9
PF5159.Z95.A	PF5159.Z95.Z
PF5161	PF5164
PF5161.A1	PF5161.A5
PF5161.A6	PF5161.Z
PF5162	PF5162
PF5163	PF5163
PF5164.A	PF5164.Z9
PF5164.Z95.A	PF5164.Z95.Z
PF5166	PF5169
PF5166.A1	PF5166.A5
PF5166.A6	PF5166.Z
PF5167	PF5167
PF5168	PF5168
PF5169.A	PF5169.Z9
PF5169.Z95.A	PF5169.Z95.Z
PF5171	PF5174
PF5171.A1	PF5171.A5
PF5171.A6	PF5171.Z
PF5172	PF5172
PF5173	PF5173
PF5174.A	PF5174.Z9
PF5174.Z95.A	PF5174.Z95.Z
PF5176	PF5179
PF5176.A1	PF5176.A5
PF5176.A6	PF5176.Z
PF5177	PF5177
PF5178	PF5178
PF5179.A	PF5179.Z9
PF5179.Z95.A	PF5179.Z95.Z
PF5181	PF5184
PF5181.A1	PF5181.A5
PF5181.A6	PF5181.Z
PF5182	PF5182
PF5183	PF5183
PF5184.A	PF5184.Z9
PF5184.Z95.A	PF5184.Z95.Z
PF5186	PF5189
PF5186.A1	PF5186.A5
PF5186.A6	PF5186.Z
PF5187	PF5187
PF5188	PF5188
PF5189.A	PF5189.Z9
PF5189.Z95.A	PF5189.Z95.Z
PF5191	PF5194
PF5191.A1	PF5191.A5
PF5191.A6	PF5191.Z
PF5192	PF5192
PF5193	PF5193
PF5194.A	PF5194.Z9
PF5194.Z95.A	PF5194.Z95.Z
PF5196	PF5199
PF5196.A1	PF5196.A5
PF5196.A6	PF5196.Z
PF5197	PF5197
PF5198	PF5198
PF5199.A	PF5199.Z9
PF5199.Z95.A	PF5199.Z95.Z
PF5201	PF5204
PF5201.A1	PF5201.A5
PF5201.A6	PF5201.Z
PF5202	PF5202
PF5203	PF5203
PF5204.A	PF5204.Z9
PF5204.Z95.A	PF5204.Z95.Z
PF5206	PF5209
PF5206.A1	PF5206.A5
PF5206.A6	PF5206.Z
PF5207	PF5207
PF5208	PF5208
PF5209.A	PF5209.Z9
PF5209.Z95.A	PF5209.Z95.Z
PF5211	PF5214
PF5211.A1	PF5211.A5
PF5211.A6	PF5211.Z
PF5212	PF5212
PF5213	PF5213
PF5214.A	PF5214.Z9
PF5214.Z95.A	PF5214.Z95.Z
PF5216	PF5219
PF5216.A1	PF5216.A5
PF5216.A6	PF5216.Z
PF5217	PF5217
PF5218	PF5218
PF5219.A	PF5219.Z9
PF5219.Z95.A	PF5219.Z95.Z
PF5226	PF5229
PF5226.A1	PF5226.A5
PF5226.A6	PF5226.Z
PF5227	PF5227
PF5228	PF5228
PF5229.A	PF5229.Z9
PF5229.Z95.A	PF5229.Z95.Z
PF5231	PF5234
PF5231.A1	PF5231.A5
PF5231.A6	PF5231.Z
PF5232	PF5232
PF5233	PF5233
PF5234.A	PF5234.Z9
PF5234.Z95.A	PF5234.Z95.Z
PF5236	PF5239
PF5236.A1	PF5236.A5
PF5236.A6	PF5236.Z
PF5237	PF5237
PF5238	PF5238
PF5239.A	PF5239.Z9
PF5239.Z95.A	PF5239.Z95.Z
PF5241	PF5241
PF5241	PF5248
PF5242	PF5242
PF5243	PF5243
PF5244	PF5244
PF5245	PF5245
PF5246	PF5246
PF5247.A	PF5247.Z
PF5248	PF5248
PF5261	PF5264
PF5261.A1	PF5261.A5
PF5261.A6	PF5261.Z
PF5262	PF5262
PF5263	PF5263
PF5264.A	PF5264.Z9
PF5264.Z95.A	PF5264.Z95.Z
PF5271	PF5274
PF5271.A1	PF5271.A5
PF5271.A6	PF5271.Z
PF5272	PF5272
PF5273	PF5273
PF5274.A	PF5274.Z9
PF5274.Z95.A	PF5274.Z95.Z
PF5281	PF5281
PF5281	PF5288
PF5282	PF5282
PF5283	PF5283
PF5284	PF5284
PF5285	PF5285
PF5286	PF5286
PF5287.A	PF5287.Z
PF5288	PF5288
PF5291	PF5294
PF5291.A1	PF5291.A5
PF5291.A6	PF5291.Z
PF5292	PF5292
PF5293	PF5293
PF5294.A	PF5294.Z9
PF5294.Z95.A	PF5294.Z95.Z
PF5296	PF5299
PF5296.A1	PF5296.A5
PF5296.A6	PF5296.Z
PF5297	PF5297
PF5298	PF5298
PF5299.A	PF5299.Z9
PF5299.Z95.A	PF5299.Z95.Z
PF5311	PF5311
PF5311	PF5318
PF5312	PF5312
PF5313	PF5313
PF5314	PF5314
PF5315	PF5315
PF5316	PF5316
PF5317.A	PF5317.Z
PF5318	PF5318
PF5326	PF5329
PF5326.A1	PF5326.A5
PF5326.A6	PF5326.Z
PF5327	PF5327
PF5328	PF5328
PF5329.A	PF5329.Z9
PF5329.Z95.A	PF5329.Z95.Z
PF5331	PF5334
PF5331.A1	PF5331.A5
PF5331.A6	PF5331.Z
PF5332	PF5332
PF5333	PF5333
PF5334.A	PF5334.Z9
PF5334.Z95.A	PF5334.Z95.Z
PF5336	PF5339
PF5336.A1	PF5336.A5
PF5336.A6	PF5336.Z
PF5337	PF5337
PF5338	PF5338
PF5339.A	PF5339.Z9
PF5339.Z95.A	PF5339.Z95.Z
PF5341	PF5344
PF5341.A1	PF5341.A5
PF5341.A6	PF5341.Z
PF5342	PF5342
PF5343	PF5343
PF5344.A	PF5344.Z9
PF5344.Z95.A	PF5344.Z95.Z
PF5346	PF5349
PF5346.A1	PF5346.A5
PF5346.A6	PF5346.Z
PF5347	PF5347
PF5348	PF5348
PF5349.A	PF5349.Z9
PF5349.Z95.A	PF5349.Z95.Z
PF5351	PF5354
PF5351.A1	PF5351.A5
PF5351.A6	PF5351.Z
PF5352	PF5352
PF5353	PF5353
PF5354.A	PF5354.Z9
PF5354.Z95.A	PF5354.Z95.Z
PF5356	PF5359
PF5356.A1	PF5356.A5
PF5356.A6	PF5356.Z
PF5357	PF5357
PF5358	PF5358
PF5359.A	PF5359.Z9
PF5359.Z95.A	PF5359.Z95.Z
PF5381	PF5384
PF5381.A1	PF5381.A5
PF5381.A6	PF5381.Z
PF5382	PF5382
PF5383	PF5383
PF5384.A	PF5384.Z9
PF5384.Z95.A	PF5384.Z95.Z
PF5396	PF5399
PF5396.A1	PF5396.A5
PF5396.A6	PF5396.Z
PF5397	PF5397
PF5398	PF5398
PF5399.A	PF5399.Z9
PF5399.Z95.A	PF5399.Z95.Z
PF5416	PF5419
PF5416.A1	PF5416.A5
PF5416.A6	PF5416.Z
PF5417	PF5417
PF5418	PF5418
PF5419.A	PF5419.Z9
PF5419.Z95.A	PF5419.Z95.Z
PF5421	PF5424
PF5421.A1	PF5421.A5
PF5421.A6	PF5421.Z
PF5422	PF5422
PF5423	PF5423
PF5424.A	PF5424.Z9
PF5424.Z95.A	PF5424.Z95.Z
PF5426	PF5429
PF5426.A1	PF5426.A5
PF5426.A6	PF5426.Z
PF5427	PF5427
PF5428	PF5428
PF5429.A	PF5429.Z9
PF5429.Z95.A	PF5429.Z95.Z
PF5431	PF5434
PF5431.A1	PF5431.A5
PF5431.A6	PF5431.Z
PF5432	PF5432
PF5433	PF5433
PF5434.A	PF5434.Z9
PF5434.Z95.A	PF5434.Z95.Z
PF5441	PF5444
PF5441.A1	PF5441.A5
PF5441.A6	PF5441.Z
PF5442	PF5442
PF5443	PF5443
PF5444.A	PF5444.Z9
PF5444.Z95.A	PF5444.Z95.Z
PF5451	PF5454
PF5451.A1	PF5451.A5
PF5451.A6	PF5451.Z
PF5452	PF5452
PF5453	PF5453
PF5454.A	PF5454.Z9
PF5454.Z95.A	PF5454.Z95.Z
PF5466	PF5469
PF5466.A1	PF5466.A5
PF5466.A6	PF5466.Z
PF5467	PF5467
PF5468	PF5468
PF5469.A	PF5469.Z9
PF5469.Z95.A	PF5469.Z95.Z
PF5471	PF5474
PF5471.A1	PF5471.A5
PF5471.A6	PF5471.Z
PF5472	PF5472
PF5473	PF5473
PF5474.A	PF5474.Z9
PF5474.Z95.A	PF5474.Z95.Z
PF5476	PF5479
PF5476.A1	PF5476.A5
PF5476.A6	PF5476.Z
PF5477	PF5477
PF5478	PF5478
PF5479.A	PF5479.Z9
PF5479.Z95.A	PF5479.Z95.Z
PF5481	PF5484
PF5481.A1	PF5481.A5
PF5481.A6	PF5481.Z
PF5482	PF5482
PF5483	PF5483
PF5484.A	PF5484.Z9
PF5484.Z95.A	PF5484.Z95.Z
PF5486	PF5489
PF5486.A1	PF5486.A5
PF5486.A6	PF5486.Z
PF5487	PF5487
PF5488	PF5488
PF5489.A	PF5489.Z9
PF5489.Z95.A	PF5489.Z95.Z
PF5491	PF5494
PF5491.A1	PF5491.A5
PF5491.A6	PF5491.Z
PF5492	PF5492
PF5493	PF5493
PF5494.A	PF5494.Z9
PF5494.Z95.A	PF5494.Z95.Z
PF5496	PF5499
PF5496.A1	PF5496.A5
PF5496.A6	PF5496.Z
PF5497	PF5497
PF5498	PF5498
PF5499.A	PF5499.Z9
PF5499.Z95.A	PF5499.Z95.Z
PF5501	PF5504
PF5501.A1	PF5501.A5
PF5501.A6	PF5501.Z
PF5502	PF5502
PF5503	PF5503
PF5504.A	PF5504.Z9
PF5504.Z95.A	PF5504.Z95.Z
PF5516	PF5519
PF5516.A1	PF5516.A5
PF5516.A6	PF5516.Z
PF5517	PF5517
PF5518	PF5518
PF5519.A	PF5519.Z9
PF5519.Z95.A	PF5519.Z95.Z
PF5521	PF5524
PF5521.A1	PF5521.A5
PF5521.A6	PF5521.Z
PF5522	PF5522
PF5523	PF5523
PF5524.A	PF5524.Z9
PF5524.Z95.A	PF5524.Z95.Z
PF5531	PF5534
PF5531.A1	PF5531.A5
PF5531.A6	PF5531.Z
PF5532	PF5532
PF5533	PF5533
PF5534.A	PF5534.Z9
PF5534.Z95.A	PF5534.Z95.Z
PF5541	PF5544
PF5541.A1	PF5541.A5
PF5541.A6	PF5541.Z
PF5542	PF5542
PF5543	PF5543
PF5544.A	PF5544.Z9
PF5544.Z95.A	PF5544.Z95.Z
PF5556	PF5559
PF5556.A1	PF5556.A5
PF5556.A6	PF5556.Z
PF5557	PF5557
PF5558	PF5558
PF5559.A	PF5559.Z9
PF5559.Z95.A	PF5559.Z95.Z
PF5566	PF5569
PF5566.A1	PF5566.A5
PF5566.A6	PF5566.Z
PF5567	PF5567
PF5568	PF5568
PF5569.A	PF5569.Z9
PF5569.Z95.A	PF5569.Z95.Z
PF5571	PF5574
PF5571.A1	PF5571.A5
PF5571.A6	PF5571.Z
PF5572	PF5572
PF5573	PF5573
PF5574.A	PF5574.Z9
PF5574.Z95.A	PF5574.Z95.Z
PF5576	PF5579
PF5576.A1	PF5576.A5
PF5576.A6	PF5576.Z
PF5577	PF5577
PF5578	PF5578
PF5579.A	PF5579.Z9
PF5579.Z95.A	PF5579.Z95.Z
PF5581	PF5584
PF5581.A1	PF5581.A5
PF5581.A6	PF5581.Z
PF5582	PF5582
PF5583	PF5583
PF5584.A	PF5584.Z9
PF5584.Z95.A	PF5584.Z95.Z
PF5641	PF5644
PF5641.A1	PF5641.A5
PF5641.A6	PF5641.Z
PF5642	PF5642
PF5643	PF5643
PF5644.A	PF5644.Z9
PF5644.Z95.A	PF5644.Z95.Z
PF5656	PF5659
PF5656.A1	PF5656.A5
PF5656.A6	PF5656.Z
PF5657	PF5657
PF5658	PF5658
PF5659.A	PF5659.Z9
PF5659.Z95.A	PF5659.Z95.Z
PF5666	PF5669
PF5666.A1	PF5666.A5
PF5666.A6	PF5666.Z
PF5667	PF5667
PF5668	PF5668
PF5669.A	PF5669.Z9
PF5669.Z95.A	PF5669.Z95.Z
PF5681	PF5684
PF5681.A1	PF5681.A5
PF5681.A6	PF5681.Z
PF5682	PF5682
PF5683	PF5683
PF5684.A	PF5684.Z9
PF5684.Z95.A	PF5684.Z95.Z
PF5686	PF5689
PF5686.A1	PF5686.A5
PF5686.A6	PF5686.Z
PF5687	PF5687
PF5688	PF5688
PF5689.A	PF5689.Z9
PF5689.Z95.A	PF5689.Z95.Z
PF5706	PF5709
PF5706.A1	PF5706.A5
PF5706.A6	PF5706.Z
PF5707	PF5707
PF5708	PF5708
PF5709.A	PF5709.Z9
PF5709.Z95.A	PF5709.Z95.Z
PF5741	PF5744
PF5741.A1	PF5741.A5
PF5741.A6	PF5741.Z
PF5742	PF5742
PF5743	PF5743
PF5744.A	PF5744.Z9
PF5744.Z95.A	PF5744.Z95.Z
PF5771	PF5774
PF5771.A1	PF5771.A5
PF5771.A6	PF5771.Z
PF5772	PF5772
PF5773	PF5773
PF5774.A	PF5774.Z9
PF5774.Z95.A	PF5774.Z95.Z
PF5786	PF5789
PF5786.A1	PF5786.A5
PF5786.A6	PF5786.Z
PF5787	PF5787
PF5788	PF5788
PF5789.A	PF5789.Z9
PF5789.Z95.A	PF5789.Z95.Z
PF5796	PF5799
PF5796.A1	PF5796.A5
PF5796.A6	PF5796.Z
PF5797	PF5797
PF5798	PF5798
PF5799.A	PF5799.Z9
PF5799.Z95.A	PF5799.Z95.Z
PF5811	PF5814
PF5811.A1	PF5811.A5
PF5811.A6	PF5811.Z
PF5812	PF5812
PF5813	PF5813
PF5814.A	PF5814.Z9
PF5814.Z95.A	PF5814.Z95.Z
PF5821	PF5824
PF5821.A1	PF5821.A5
PF5821.A6	PF5821.Z
PF5822	PF5822
PF5823	PF5823
PF5824.A	PF5824.Z9
PF5824.Z95.A	PF5824.Z95.Z
PF5831	PF5834
PF5831.A1	PF5831.A5
PF5831.A6	PF5831.Z
PF5832	PF5832
PF5833	PF5833
PF5834.A	PF5834.Z9
PF5834.Z95.A	PF5834.Z95.Z
PF5841	PF5844
PF5841.A1	PF5841.A5
PF5841.A6	PF5841.Z
PF5842	PF5842
PF5843	PF5843
PF5844.A	PF5844.Z9
PF5844.Z95.A	PF5844.Z95.Z
PF5851	PF5854
PF5851.A1	PF5851.A5
PF5851.A6	PF5851.Z
PF5852	PF5852
PF5853	PF5853
PF5854.A	PF5854.Z9
PF5854.Z95.A	PF5854.Z95.Z
PF5931	PF5931
PF5931	PF5938
PF5932	PF5932
PF5933	PF5933
PF5934	PF5934
PF5935	PF5935
PF5936	PF5936
PF5937.A	PF5937.Z
PF5938	PF5938
PF771	PF771
PF771	PF778
PF772	PF772
PF773	PF773
PF774	PF774
PF775	PF775
PF776	PF776
PF777.A	PF777.Z
PF778	PF778
PF787	PF790
PF787.A1	PF787.A5
PF787.A6	PF787.Z
PF788	PF788
PF789	PF789
PF790.A	PF790.Z9
PF790.Z95.A	PF790.Z95.Z
PF791	PF794
PF791.A1	PF791.A5
PF791.A6	PF791.Z
PF792	PF792
PF793	PF793
PF794.A	PF794.Z9
PF794.Z95.A	PF794.Z95.Z
PF795	PF798
PF795.A1	PF795.A5
PF795.A6	PF795.Z
PF796	PF796
PF797	PF797
PF798.A	PF798.Z9
PF798.Z95.A	PF798.Z95.Z
PF821	PF821
PF821	PF828
PF822	PF822
PF823	PF823
PF824	PF824
PF825	PF825
PF826	PF826
PF827.A	PF827.Z
PF828	PF828
PF831	PF831
PF831	PF838
PF832	PF832
PF833	PF833
PF834	PF834
PF835	PF835
PF836	PF836
PF837.A	PF837.Z
PF838	PF838
PF841	PF844
PF841.A1	PF841.A5
PF841.A6	PF841.Z
PF842	PF842
PF843	PF843
PF844.A	PF844.Z9
PF844.Z95.A	PF844.Z95.Z
PF851	PF854
PF851.A1	PF851.A5
PF851.A6	PF851.Z
PF852	PF852
PF853	PF853
PF854.A	PF854.Z9
PF854.Z95.A	PF854.Z95.Z
PF861	PF864
PF861.A1	PF861.A5
PF861.A6	PF861.Z
PF862	PF862
PF863	PF863
PF864.A	PF864.Z9
PF864.Z95.A	PF864.Z95.Z
PF871	PF874
PF871.A1	PF871.A5
PF871.A6	PF871.Z
PF872	PF872
PF873	PF873
PF874.A	PF874.Z9
PF874.Z95.A	PF874.Z95.Z
PF881	PF884
PF881.A1	PF881.A5
PF881.A6	PF881.Z
PF882	PF882
PF883	PF883
PF884.A	PF884.Z9
PF884.Z95.A	PF884.Z95.Z
PG1145	PG1146
PG1145.A1	PG1145.A1
PG1145.A1	PG1145.A8
PG1145.A3	PG1145.A3
PG1145.A5	PG1145.A5
PG1145.A8	PG1145.A8
PG1145.E1	PG1145.E1
PG1145.E1	PG1145.E8
PG1145.E3	PG1145.E3
PG1145.E5	PG1145.E5
PG1145.E8	PG1145.E8
PG1145.F1	PG1145.F1
PG1145.F1	PG1145.F8
PG1145.F3	PG1145.F3
PG1145.F5	PG1145.F5
PG1145.F8	PG1145.F8
PG1145.G1	PG1145.G1
PG1145.G1	PG1145.G8
PG1145.G3	PG1145.G3
PG1145.G5	PG1145.G5
PG1145.G8	PG1145.G8
PG1145.I1	PG1145.I1
PG1145.I1	PG1145.I8
PG1145.I3	PG1145.I3
PG1145.I5	PG1145.I5
PG1145.I8	PG1145.I8
PG1145.R1	PG1145.R1
PG1145.R1	PG1145.R8
PG1145.R3	PG1145.R3
PG1145.R5	PG1145.R5
PG1145.R8	PG1145.R8
PG1145.S1	PG1145.S1
PG1145.S1	PG1145.S8
PG1145.S3	PG1145.S3
PG1145.S5	PG1145.S5
PG1145.S8	PG1145.S8
PG1146.A	PG1146.Z
PG1198	PG1199
PG1198.A1	PG1198.A1
PG1198.A1	PG1198.A8
PG1198.A3	PG1198.A3
PG1198.A5	PG1198.A5
PG1198.A8	PG1198.A8
PG1198.E1	PG1198.E1
PG1198.E1	PG1198.E8
PG1198.E3	PG1198.E3
PG1198.E5	PG1198.E5
PG1198.E8	PG1198.E8
PG1198.F1	PG1198.F1
PG1198.F1	PG1198.F8
PG1198.F3	PG1198.F3
PG1198.F5	PG1198.F5
PG1198.F8	PG1198.F8
PG1198.G1	PG1198.G1
PG1198.G1	PG1198.G8
PG1198.G3	PG1198.G3
PG1198.G5	PG1198.G5
PG1198.G8	PG1198.G8
PG1198.I1	PG1198.I1
PG1198.I1	PG1198.I8
PG1198.I3	PG1198.I3
PG1198.I5	PG1198.I5
PG1198.I8	PG1198.I8
PG1198.R1	PG1198.R1
PG1198.R1	PG1198.R8
PG1198.R3	PG1198.R3
PG1198.R5	PG1198.R5
PG1198.R8	PG1198.R8
PG1198.S1	PG1198.S1
PG1198.S1	PG1198.S8
PG1198.S3	PG1198.S3
PG1198.S5	PG1198.S5
PG1198.S8	PG1198.S8
PG1199.A	PG1199.Z
PG1595	PG1596
PG1595.A1	PG1595.A1
PG1595.A1	PG1595.A8
PG1595.A3	PG1595.A3
PG1595.A5	PG1595.A5
PG1595.A8	PG1595.A8
PG1595.E1	PG1595.E1
PG1595.E1	PG1595.E8
PG1595.E3	PG1595.E3
PG1595.E5	PG1595.E5
PG1595.E8	PG1595.E8
PG1595.F1	PG1595.F1
PG1595.F1	PG1595.F8
PG1595.F3	PG1595.F3
PG1595.F5	PG1595.F5
PG1595.F8	PG1595.F8
PG1595.G1	PG1595.G1
PG1595.G1	PG1595.G8
PG1595.G3	PG1595.G3
PG1595.G5	PG1595.G5
PG1595.G8	PG1595.G8
PG1595.I1	PG1595.I1
PG1595.I1	PG1595.I8
PG1595.I3	PG1595.I3
PG1595.I5	PG1595.I5
PG1595.I8	PG1595.I8
PG1595.R1	PG1595.R1
PG1595.R1	PG1595.R8
PG1595.R3	PG1595.R3
PG1595.R5	PG1595.R5
PG1595.R8	PG1595.R8
PG1595.S1	PG1595.S1
PG1595.S1	PG1595.S8
PG1595.S3	PG1595.S3
PG1595.S5	PG1595.S5
PG1595.S8	PG1595.S8
PG1596.A	PG1596.Z
PG1695	PG1696
PG1695.A1	PG1695.A1
PG1695.A1	PG1695.A8
PG1695.A3	PG1695.A3
PG1695.A5	PG1695.A5
PG1695.A8	PG1695.A8
PG1695.E1	PG1695.E1
PG1695.E1	PG1695.E8
PG1695.E3	PG1695.E3
PG1695.E5	PG1695.E5
PG1695.E8	PG1695.E8
PG1695.F1	PG1695.F1
PG1695.F1	PG1695.F8
PG1695.F3	PG1695.F3
PG1695.F5	PG1695.F5
PG1695.F8	PG1695.F8
PG1695.G1	PG1695.G1
PG1695.G1	PG1695.G8
PG1695.G3	PG1695.G3
PG1695.G5	PG1695.G5
PG1695.G8	PG1695.G8
PG1695.I1	PG1695.I1
PG1695.I1	PG1695.I8
PG1695.I3	PG1695.I3
PG1695.I5	PG1695.I5
PG1695.I8	PG1695.I8
PG1695.R1	PG1695.R1
PG1695.R1	PG1695.R8
PG1695.R3	PG1695.R3
PG1695.R5	PG1695.R5
PG1695.R8	PG1695.R8
PG1695.S1	PG1695.S1
PG1695.S1	PG1695.S8
PG1695.S3	PG1695.S3
PG1695.S5	PG1695.S5
PG1695.S8	PG1695.S8
PG1696.A	PG1696.Z
PG1961	PG1962
PG1961.A1	PG1961.A1
PG1961.A1	PG1961.A8
PG1961.A3	PG1961.A3
PG1961.A5	PG1961.A5
PG1961.A8	PG1961.A8
PG1961.E1	PG1961.E1
PG1961.E1	PG1961.E8
PG1961.E3	PG1961.E3
PG1961.E5	PG1961.E5
PG1961.E8	PG1961.E8
PG1961.F1	PG1961.F1
PG1961.F1	PG1961.F8
PG1961.F3	PG1961.F3
PG1961.F5	PG1961.F5
PG1961.F8	PG1961.F8
PG1961.G1	PG1961.G1
PG1961.G1	PG1961.G8
PG1961.G3	PG1961.G3
PG1961.G5	PG1961.G5
PG1961.G8	PG1961.G8
PG1961.I1	PG1961.I1
PG1961.I1	PG1961.I8
PG1961.I3	PG1961.I3
PG1961.I5	PG1961.I5
PG1961.I8	PG1961.I8
PG1961.R1	PG1961.R1
PG1961.R1	PG1961.R8
PG1961.R3	PG1961.R3
PG1961.R5	PG1961.R5
PG1961.R8	PG1961.R8
PG1961.S1	PG1961.S1
PG1961.S1	PG1961.S8
PG1961.S3	PG1961.S3
PG1961.S5	PG1961.S5
PG1961.S8	PG1961.S8
PG1962.A	PG1962.Z
PG2739	PG2739
PG2739	PG2743
PG2740	PG2740
PG2741	PG2741
PG2742	PG2742
PG2743	PG2743
PG2744	PG2744
PG2744	PG2748
PG2745	PG2745
PG2746	PG2746
PG2747	PG2747
PG2748	PG2748
PG2845	PG2846
PG2845.A1	PG2845.A1
PG2845.A1	PG2845.A8
PG2845.A3	PG2845.A3
PG2845.A5	PG2845.A5
PG2845.A8	PG2845.A8
PG2845.E1	PG2845.E1
PG2845.E1	PG2845.E8
PG2845.E3	PG2845.E3
PG2845.E5	PG2845.E5
PG2845.E8	PG2845.E8
PG2845.F1	PG2845.F1
PG2845.F1	PG2845.F8
PG2845.F3	PG2845.F3
PG2845.F5	PG2845.F5
PG2845.F8	PG2845.F8
PG2845.G1	PG2845.G1
PG2845.G1	PG2845.G8
PG2845.G3	PG2845.G3
PG2845.G5	PG2845.G5
PG2845.G8	PG2845.G8
PG2845.I1	PG2845.I1
PG2845.I1	PG2845.I8
PG2845.I3	PG2845.I3
PG2845.I5	PG2845.I5
PG2845.I8	PG2845.I8
PG2845.R1	PG2845.R1
PG2845.R1	PG2845.R8
PG2845.R3	PG2845.R3
PG2845.R5	PG2845.R5
PG2845.R8	PG2845.R8
PG2845.S1	PG2845.S1
PG2845.S1	PG2845.S8
PG2845.S3	PG2845.S3
PG2845.S5	PG2845.S5
PG2845.S8	PG2845.S8
PG2846.A	PG2846.Z
PG3986	PG3987
PG3986.A1	PG3986.A1
PG3986.A1	PG3986.A8
PG3986.A3	PG3986.A3
PG3986.A5	PG3986.A5
PG3986.A8	PG3986.A8
PG3986.E1	PG3986.E1
PG3986.E1	PG3986.E8
PG3986.E3	PG3986.E3
PG3986.E5	PG3986.E5
PG3986.E8	PG3986.E8
PG3986.F1	PG3986.F1
PG3986.F1	PG3986.F8
PG3986.F3	PG3986.F3
PG3986.F5	PG3986.F5
PG3986.F8	PG3986.F8
PG3986.G1	PG3986.G1
PG3986.G1	PG3986.G8
PG3986.G3	PG3986.G3
PG3986.G5	PG3986.G5
PG3986.G8	PG3986.G8
PG3986.I1	PG3986.I1
PG3986.I1	PG3986.I8
PG3986.I3	PG3986.I3
PG3986.I5	PG3986.I5
PG3986.I8	PG3986.I8
PG3986.R1	PG3986.R1
PG3986.R1	PG3986.R8
PG3986.R3	PG3986.R3
PG3986.R5	PG3986.R5
PG3986.R8	PG3986.R8
PG3986.S1	PG3986.S1
PG3986.S1	PG3986.S8
PG3986.S3	PG3986.S3
PG3986.S5	PG3986.S5
PG3986.S8	PG3986.S8
PG3987.A	PG3987.Z
PG401	PG401
PG401	PG429
PG402	PG402
PG403	PG403
PG405	PG405
PG406	PG406
PG407	PG407
PG408	PG408
PG409	PG409
PG409	PG415
PG411	PG411
PG412	PG412
PG413	PG413
PG414	PG414
PG415	PG415
PG417	PG417
PG418	PG418
PG419	PG419
PG420	PG420
PG421	PG421
PG423	PG423
PG423	PG426
PG425	PG425
PG426	PG426
PG427	PG427
PG427	PG428
PG428.A	PG428.Z
PG429	PG429
PG471	PG471
PG471	PG499
PG472	PG472
PG473	PG473
PG4741	PG4741
PG4741	PG4745
PG4742	PG4742
PG4743	PG4743
PG4744	PG4744
PG4745	PG4745
PG475	PG475
PG4751	PG4751
PG4751	PG4755
PG4752	PG4752
PG4753	PG4753
PG4754	PG4754
PG4755	PG4755
PG476	PG476
PG477	PG477
PG478	PG478
PG479	PG479
PG479	PG485
PG481	PG481
PG482	PG482
PG483	PG483
PG484	PG484
PG485	PG485
PG487	PG487
PG488	PG488
PG489	PG489
PG490	PG490
PG491	PG491
PG493	PG493
PG493	PG496
PG495	PG495
PG496	PG496
PG497	PG497
PG497	PG498
PG498.A	PG498.Z
PG499	PG499
PG5145	PG5146
PG5145.A1	PG5145.A1
PG5145.A1	PG5145.A8
PG5145.A3	PG5145.A3
PG5145.A5	PG5145.A5
PG5145.A8	PG5145.A8
PG5145.E1	PG5145.E1
PG5145.E1	PG5145.E8
PG5145.E3	PG5145.E3
PG5145.E5	PG5145.E5
PG5145.E8	PG5145.E8
PG5145.F1	PG5145.F1
PG5145.F1	PG5145.F8
PG5145.F3	PG5145.F3
PG5145.F5	PG5145.F5
PG5145.F8	PG5145.F8
PG5145.G1	PG5145.G1
PG5145.G1	PG5145.G8
PG5145.G3	PG5145.G3
PG5145.G5	PG5145.G5
PG5145.G8	PG5145.G8
PG5145.I1	PG5145.I1
PG5145.I1	PG5145.I8
PG5145.I3	PG5145.I3
PG5145.I5	PG5145.I5
PG5145.I8	PG5145.I8
PG5145.R1	PG5145.R1
PG5145.R1	PG5145.R8
PG5145.R3	PG5145.R3
PG5145.R5	PG5145.R5
PG5145.R8	PG5145.R8
PG5145.S1	PG5145.S1
PG5145.S1	PG5145.S8
PG5145.S3	PG5145.S3
PG5145.S5	PG5145.S5
PG5145.S8	PG5145.S8
PG5146.A	PG5146.Z
PG551	PG552
PG551.A1	PG551.A1
PG551.A1	PG551.A8
PG551.A3	PG551.A3
PG551.A5	PG551.A5
PG551.A8	PG551.A8
PG551.E1	PG551.E1
PG551.E1	PG551.E8
PG551.E3	PG551.E3
PG551.E5	PG551.E5
PG551.E8	PG551.E8
PG551.F1	PG551.F1
PG551.F1	PG551.F8
PG551.F3	PG551.F3
PG551.F5	PG551.F5
PG551.F8	PG551.F8
PG551.G1	PG551.G1
PG551.G1	PG551.G8
PG551.G3	PG551.G3
PG551.G5	PG551.G5
PG551.G8	PG551.G8
PG551.I1	PG551.I1
PG551.I1	PG551.I8
PG551.I3	PG551.I3
PG551.I5	PG551.I5
PG551.I8	PG551.I8
PG551.R1	PG551.R1
PG551.R1	PG551.R8
PG551.R3	PG551.R3
PG551.R5	PG551.R5
PG551.R8	PG551.R8
PG551.S1	PG551.S1
PG551.S1	PG551.S8
PG551.S3	PG551.S3
PG551.S5	PG551.S5
PG551.S8	PG551.S8
PG552.A	PG552.Z
PG5545	PG5546
PG5545.A1	PG5545.A1
PG5545.A1	PG5545.A8
PG5545.A3	PG5545.A3
PG5545.A5	PG5545.A5
PG5545.A8	PG5545.A8
PG5545.E1	PG5545.E1
PG5545.E1	PG5545.E8
PG5545.E3	PG5545.E3
PG5545.E5	PG5545.E5
PG5545.E8	PG5545.E8
PG5545.F1	PG5545.F1
PG5545.F1	PG5545.F8
PG5545.F3	PG5545.F3
PG5545.F5	PG5545.F5
PG5545.F8	PG5545.F8
PG5545.G1	PG5545.G1
PG5545.G1	PG5545.G8
PG5545.G3	PG5545.G3
PG5545.G5	PG5545.G5
PG5545.G8	PG5545.G8
PG5545.I1	PG5545.I1
PG5545.I1	PG5545.I8
PG5545.I3	PG5545.I3
PG5545.I5	PG5545.I5
PG5545.I8	PG5545.I8
PG5545.R1	PG5545.R1
PG5545.R1	PG5545.R8
PG5545.R3	PG5545.R3
PG5545.R5	PG5545.R5
PG5545.R8	PG5545.R8
PG5545.S1	PG5545.S1
PG5545.S1	PG5545.S8
PG5545.S3	PG5545.S3
PG5545.S5	PG5545.S5
PG5545.S8	PG5545.S8
PG5546.A	PG5546.Z
PG5688	PG5689
PG5688.A1	PG5688.A1
PG5688.A1	PG5688.A8
PG5688.A3	PG5688.A3
PG5688.A5	PG5688.A5
PG5688.A8	PG5688.A8
PG5688.E1	PG5688.E1
PG5688.E1	PG5688.E8
PG5688.E3	PG5688.E3
PG5688.E5	PG5688.E5
PG5688.E8	PG5688.E8
PG5688.F1	PG5688.F1
PG5688.F1	PG5688.F8
PG5688.F3	PG5688.F3
PG5688.F5	PG5688.F5
PG5688.F8	PG5688.F8
PG5688.G1	PG5688.G1
PG5688.G1	PG5688.G8
PG5688.G3	PG5688.G3
PG5688.G5	PG5688.G5
PG5688.G8	PG5688.G8
PG5688.I1	PG5688.I1
PG5688.I1	PG5688.I8
PG5688.I3	PG5688.I3
PG5688.I5	PG5688.I5
PG5688.I8	PG5688.I8
PG5688.R1	PG5688.R1
PG5688.R1	PG5688.R8
PG5688.R3	PG5688.R3
PG5688.R5	PG5688.R5
PG5688.R8	PG5688.R8
PG5688.S1	PG5688.S1
PG5688.S1	PG5688.S8
PG5688.S3	PG5688.S3
PG5688.S5	PG5688.S5
PG5688.S8	PG5688.S8
PG5689.A	PG5689.Z
PG584	PG585
PG584.A1	PG584.A1
PG584.A1	PG584.A8
PG584.A3	PG584.A3
PG584.A5	PG584.A5
PG584.A8	PG584.A8
PG584.E1	PG584.E1
PG584.E1	PG584.E8
PG584.E3	PG584.E3
PG584.E5	PG584.E5
PG584.E8	PG584.E8
PG584.F1	PG584.F1
PG584.F1	PG584.F8
PG584.F3	PG584.F3
PG584.F5	PG584.F5
PG584.F8	PG584.F8
PG584.G1	PG584.G1
PG584.G1	PG584.G8
PG584.G3	PG584.G3
PG584.G5	PG584.G5
PG584.G8	PG584.G8
PG584.I1	PG584.I1
PG584.I1	PG584.I8
PG584.I3	PG584.I3
PG584.I5	PG584.I5
PG584.I8	PG584.I8
PG584.R1	PG584.R1
PG584.R1	PG584.R8
PG584.R3	PG584.R3
PG584.R5	PG584.R5
PG584.R8	PG584.R8
PG584.S1	PG584.S1
PG584.S1	PG584.S8
PG584.S3	PG584.S3
PG584.S5	PG584.S5
PG584.S8	PG584.S8
PG585.A	PG585.Z
PG715	PG716
PG715.A1	PG715.A1
PG715.A1	PG715.A8
PG715.A3	PG715.A3
PG715.A5	PG715.A5
PG715.A8	PG715.A8
PG715.E1	PG715.E1
PG715.E1	PG715.E8
PG715.E3	PG715.E3
PG715.E5	PG715.E5
PG715.E8	PG715.E8
PG715.F1	PG715.F1
PG715.F1	PG715.F8
PG715.F3	PG715.F3
PG715.F5	PG715.F5
PG715.F8	PG715.F8
PG715.G1	PG715.G1
PG715.G1	PG715.G8
PG715.G3	PG715.G3
PG715.G5	PG715.G5
PG715.G8	PG715.G8
PG715.I1	PG715.I1
PG715.I1	PG715.I8
PG715.I3	PG715.I3
PG715.I5	PG715.I5
PG715.I8	PG715.I8
PG715.R1	PG715.R1
PG715.R1	PG715.R8
PG715.R3	PG715.R3
PG715.R5	PG715.R5
PG715.R8	PG715.R8
PG715.S1	PG715.S1
PG715.S1	PG715.S8
PG715.S3	PG715.S3
PG715.S5	PG715.S5
PG715.S8	PG715.S8
PG716.A	PG716.Z
PG7445	PG7446
PG7445.A1	PG7445.A1
PG7445.A1	PG7445.A8
PG7445.A3	PG7445.A3
PG7445.A5	PG7445.A5
PG7445.A8	PG7445.A8
PG7445.E1	PG7445.E1
PG7445.E1	PG7445.E8
PG7445.E3	PG7445.E3
PG7445.E5	PG7445.E5
PG7445.E8	PG7445.E8
PG7445.F1	PG7445.F1
PG7445.F1	PG7445.F8
PG7445.F3	PG7445.F3
PG7445.F5	PG7445.F5
PG7445.F8	PG7445.F8
PG7445.G1	PG7445.G1
PG7445.G1	PG7445.G8
PG7445.G3	PG7445.G3
PG7445.G5	PG7445.G5
PG7445.G8	PG7445.G8
PG7445.I1	PG7445.I1
PG7445.I1	PG7445.I8
PG7445.I3	PG7445.I3
PG7445.I5	PG7445.I5
PG7445.I8	PG7445.I8
PG7445.R1	PG7445.R1
PG7445.R1	PG7445.R8
PG7445.R3	PG7445.R3
PG7445.R5	PG7445.R5
PG7445.R8	PG7445.R8
PG7445.S1	PG7445.S1
PG7445.S1	PG7445.S8
PG7445.S3	PG7445.S3
PG7445.S5	PG7445.S5
PG7445.S8	PG7445.S8
PG7446.A	PG7446.Z
PG7911	PG7911
PG7911	PG7915
PG7912	PG7912
PG7913	PG7913
PG7914	PG7914
PG7915	PG7915
PG7921	PG7921
PG7921	PG7925
PG7922	PG7922
PG7923	PG7923
PG7924	PG7924
PG7925	PG7925
PG8001	PG8001
PG8001	PG8099
PG8001.5	PG8001.5
PG8002	PG8002
PG8003	PG8003
PG8004	PG8004
PG8005	PG8005
PG8007	PG8007
PG8007	PG8009
PG8009.A2	PG8009.A2
PG8009.A2	PG8009.Z
PG8009.A5	PG8009.Z
PG8011	PG8011
PG8013	PG8013
PG8013	PG8017
PG8014	PG8014
PG8014.7	PG8014.7
PG8014.85	PG8014.85
PG8014.9	PG8014.9
PG8015	PG8015
PG8015	PG8015.22
PG8016	PG8016
PG8017	PG8017
PG8017.5	PG8017.5
PG8018	PG8018
PG8018	PG8073
PG8019	PG8019
PG8021	PG8021
PG8022	PG8022
PG8023	PG8023.Z
PG8023.5	PG8023.5
PG8023.7	PG8023.7
PG8023.9	PG8023.9
PG8023.9	PG8025.2
PG8023.A2	PG8023.A2
PG8023.A3	PG8023.Z
PG8024	PG8024
PG8025	PG8025
PG8025.3	PG8025.3
PG8025.5	PG8025.5
PG8026.A	PG8026.Z
PG8027	PG8027
PG8027.15.A	PG8027.15.Z
PG8027.2	PG8027.2
PG8027.2	PG8027.5
PG8027.3	PG8027.3
PG8027.5.A	PG8027.5.Z
PG8028	PG8028
PG8028	PG8032.9
PG8029	PG8029
PG8029	PG8032.9
PG8030	PG8030
PG8031	PG8031
PG8032	PG8032
PG8032.3	PG8032.3
PG8032.5	PG8032.5
PG8032.7	PG8032.7
PG8032.9	PG8032.9
PG8033	PG8033
PG8033	PG8036
PG8035	PG8035
PG8036	PG8036
PG8037	PG8037
PG8038	PG8038
PG8039	PG8039
PG8039	PG8047
PG8040	PG8040
PG8041	PG8041
PG8041	PG8047
PG8042	PG8042
PG8043	PG8043
PG8045	PG8045
PG8047	PG8047
PG8048	PG8048
PG8048	PG8067
PG8048.3	PG8048.3
PG8048.5	PG8048.5
PG8049	PG8049
PG8053	PG8053
PG8053	PG8055
PG8055	PG8055
PG8057	PG8057
PG8059	PG8059
PG8061	PG8061
PG8061	PG8066.5
PG8064	PG8064
PG8065.A	PG8065.Z
PG8066.5	PG8066.5
PG8066.A	PG8066.Z
PG8067	PG8067
PG8071	PG8071
PG8072.A	PG8072.Z
PG8073	PG8073
PG8075	PG8075
PG8075	PG8080
PG8079	PG8079
PG8080	PG8080
PG8080.5	PG8080.5
PG8081	PG8081
PG8082	PG8082
PG8083	PG8083
PG8083	PG8086.9
PG8083.3	PG8083.3
PG8083.5	PG8083.5
PG8084.3	PG8084.3
PG8084.5	PG8084.5
PG8084.A	PG8084.Z
PG8084.A3	PG8084.A3
PG8085	PG8085
PG8086	PG8086
PG8086.5	PG8086.5
PG8086.9.A	PG8086.9.Z
PG8087	PG8087
PG8087	PG8095
PG8089	PG8089
PG8089	PG8095
PG8090	PG8090
PG8091	PG8091
PG8093.2	PG8093.2
PG8093.A	PG8093.Z
PG8095	PG8095
PG8096	PG8099
PG8096.A1	PG8096.A1
PG8096.A2	PG8096.A29
PG8096.A2	PG8098.Z
PG8096.A3	PG8096.A3
PG8096.A5	PG8096.Z
PG8097	PG8097
PG8098.A1	PG8098.A1
PG8098.A5	PG8098.Z
PG8099	PG8099
PG8111	PG8112
PG8111.A1	PG8111.A1
PG8111.A1	PG8111.A8
PG8111.A3	PG8111.A3
PG8111.A5	PG8111.A5
PG8111.A8	PG8111.A8
PG8111.E1	PG8111.E1
PG8111.E1	PG8111.E8
PG8111.E3	PG8111.E3
PG8111.E5	PG8111.E5
PG8111.E8	PG8111.E8
PG8111.F1	PG8111.F1
PG8111.F1	PG8111.F8
PG8111.F3	PG8111.F3
PG8111.F5	PG8111.F5
PG8111.F8	PG8111.F8
PG8111.G1	PG8111.G1
PG8111.G1	PG8111.G8
PG8111.G3	PG8111.G3
PG8111.G5	PG8111.G5
PG8111.G8	PG8111.G8
PG8111.I1	PG8111.I1
PG8111.I1	PG8111.I8
PG8111.I3	PG8111.I3
PG8111.I5	PG8111.I5
PG8111.I8	PG8111.I8
PG8111.R1	PG8111.R1
PG8111.R1	PG8111.R8
PG8111.R3	PG8111.R3
PG8111.R5	PG8111.R5
PG8111.R8	PG8111.R8
PG8111.S1	PG8111.S1
PG8111.S1	PG8111.S8
PG8111.S3	PG8111.S3
PG8111.S5	PG8111.S5
PG8111.S8	PG8111.S8
PG8112.A	PG8112.Z
PG8771	PG8772
PG8771.A1	PG8771.A1
PG8771.A1	PG8771.A8
PG8771.A3	PG8771.A3
PG8771.A5	PG8771.A5
PG8771.A8	PG8771.A8
PG8771.E1	PG8771.E1
PG8771.E1	PG8771.E8
PG8771.E3	PG8771.E3
PG8771.E5	PG8771.E5
PG8771.E8	PG8771.E8
PG8771.F1	PG8771.F1
PG8771.F1	PG8771.F8
PG8771.F3	PG8771.F3
PG8771.F5	PG8771.F5
PG8771.F8	PG8771.F8
PG8771.G1	PG8771.G1
PG8771.G1	PG8771.G8
PG8771.G3	PG8771.G3
PG8771.G5	PG8771.G5
PG8771.G8	PG8771.G8
PG8771.I1	PG8771.I1
PG8771.I1	PG8771.I8
PG8771.I3	PG8771.I3
PG8771.I5	PG8771.I5
PG8771.I8	PG8771.I8
PG8771.R1	PG8771.R1
PG8771.R1	PG8771.R8
PG8771.R3	PG8771.R3
PG8771.R5	PG8771.R5
PG8771.R8	PG8771.R8
PG8771.S1	PG8771.S1
PG8771.S1	PG8771.S8
PG8771.S3	PG8771.S3
PG8771.S5	PG8771.S5
PG8771.S8	PG8771.S8
PG8772.A	PG8772.Z
PG9145	PG9146
PG9145.A1	PG9145.A1
PG9145.A1	PG9145.A8
PG9145.A3	PG9145.A3
PG9145.A5	PG9145.A5
PG9145.A8	PG9145.A8
PG9145.E1	PG9145.E1
PG9145.E1	PG9145.E8
PG9145.E3	PG9145.E3
PG9145.E5	PG9145.E5
PG9145.E8	PG9145.E8
PG9145.F1	PG9145.F1
PG9145.F1	PG9145.F8
PG9145.F3	PG9145.F3
PG9145.F5	PG9145.F5
PG9145.F8	PG9145.F8
PG9145.G1	PG9145.G1
PG9145.G1	PG9145.G8
PG9145.G3	PG9145.G3
PG9145.G5	PG9145.G5
PG9145.G8	PG9145.G8
PG9145.I1	PG9145.I1
PG9145.I1	PG9145.I8
PG9145.I3	PG9145.I3
PG9145.I5	PG9145.I5
PG9145.I8	PG9145.I8
PG9145.R1	PG9145.R1
PG9145.R1	PG9145.R8
PG9145.R3	PG9145.R3
PG9145.R5	PG9145.R5
PG9145.R8	PG9145.R8
PG9145.S1	PG9145.S1
PG9145.S1	PG9145.S8
PG9145.S3	PG9145.S3
PG9145.S5	PG9145.S5
PG9145.S8	PG9145.S8
PG9146.A	PG9146.Z
PH1001	PH1004
PH1001.A1	PH1001.A5
PH1001.A6	PH1001.Z
PH1002	PH1002
PH1003	PH1003
PH1004.A	PH1004.Z9
PH1004.Z95.A	PH1004.Z95.Z
PH1251	PH1254
PH1251.A1	PH1251.A5
PH1251.A6	PH1251.Z
PH1252	PH1252
PH1253	PH1253
PH1254.A	PH1254.Z9
PH1254.Z95.A	PH1254.Z95.Z
PH2751	PH2751
PH2751	PH2755
PH2752	PH2752
PH2753	PH2753
PH2754	PH2754
PH2755	PH2755
PH3441	PH3442
PH3441.A1	PH3441.A1
PH3441.A1	PH3441.A8
PH3441.A3	PH3441.A3
PH3441.A5	PH3441.A5
PH3441.A8	PH3441.A8
PH3441.E1	PH3441.E1
PH3441.E1	PH3441.E8
PH3441.E3	PH3441.E3
PH3441.E5	PH3441.E5
PH3441.E8	PH3441.E8
PH3441.F1	PH3441.F1
PH3441.F1	PH3441.F8
PH3441.F3	PH3441.F3
PH3441.F5	PH3441.F5
PH3441.F8	PH3441.F8
PH3441.G1	PH3441.G1
PH3441.G1	PH3441.G8
PH3441.G3	PH3441.G3
PH3441.G5	PH3441.G5
PH3441.G8	PH3441.G8
PH3441.I1	PH3441.I1
PH3441.I1	PH3441.I8
PH3441.I3	PH3441.I3
PH3441.I5	PH3441.I5
PH3441.I8	PH3441.I8
PH3441.R1	PH3441.R1
PH3441.R1	PH3441.R8
PH3441.R3	PH3441.R3
PH3441.R5	PH3441.R5
PH3441.R8	PH3441.R8
PH3441.S1	PH3441.S1
PH3441.S1	PH3441.S8
PH3441.S3	PH3441.S3
PH3441.S5	PH3441.S5
PH3441.S8	PH3441.S8
PH3442.A	PH3442.Z
PH5397	PH5398
PH5397.A1	PH5397.A1
PH5397.A1	PH5397.A8
PH5397.A3	PH5397.A3
PH5397.A5	PH5397.A5
PH5397.A8	PH5397.A8
PH5397.E1	PH5397.E1
PH5397.E1	PH5397.E8
PH5397.E3	PH5397.E3
PH5397.E5	PH5397.E5
PH5397.E8	PH5397.E8
PH5397.F1	PH5397.F1
PH5397.F1	PH5397.F8
PH5397.F3	PH5397.F3
PH5397.F5	PH5397.F5
PH5397.F8	PH5397.F8
PH5397.G1	PH5397.G1
PH5397.G1	PH5397.G8
PH5397.G3	PH5397.G3
PH5397.G5	PH5397.G5
PH5397.G8	PH5397.G8
PH5397.I1	PH5397.I1
PH5397.I1	PH5397.I8
PH5397.I3	PH5397.I3
PH5397.I5	PH5397.I5
PH5397.I8	PH5397.I8
PH5397.R1	PH5397.R1
PH5397.R1	PH5397.R8
PH5397.R3	PH5397.R3
PH5397.R5	PH5397.R5
PH5397.R8	PH5397.R8
PH5397.S1	PH5397.S1
PH5397.S1	PH5397.S8
PH5397.S3	PH5397.S3
PH5397.S5	PH5397.S5
PH5397.S8	PH5397.S8
PH5398.A	PH5398.Z
PH835	PH836
PH835.A1	PH835.A1
PH835.A1	PH835.A8
PH835.A3	PH835.A3
PH835.A5	PH835.A5
PH835.A8	PH835.A8
PH835.E1	PH835.E1
PH835.E1	PH835.E8
PH835.E3	PH835.E3
PH835.E5	PH835.E5
PH835.E8	PH835.E8
PH835.F1	PH835.F1
PH835.F1	PH835.F8
PH835.F3	PH835.F3
PH835.F5	PH835.F5
PH835.F8	PH835.F8
PH835.G1	PH835.G1
PH835.G1	PH835.G8
PH835.G3	PH835.G3
PH835.G5	PH835.G5
PH835.G8	PH835.G8
PH835.I1	PH835.I1
PH835.I1	PH835.I8
PH835.I3	PH835.I3
PH835.I5	PH835.I5
PH835.I8	PH835.I8
PH835.R1	PH835.R1
PH835.R1	PH835.R8
PH835.R3	PH835.R3
PH835.R5	PH835.R5
PH835.R8	PH835.R8
PH835.S1	PH835.S1
PH835.S1	PH835.S8
PH835.S3	PH835.S3
PH835.S5	PH835.S5
PH835.S8	PH835.S8
PH836.A	PH836.Z
PJ4951	PJ4951
PJ4951	PJ4996
PJ4951.5	PJ4951.5
PJ4952	PJ4952
PJ4953	PJ4953
PJ4954	PJ4954
PJ4955	PJ4955
PJ4955	PJ4956
PJ4956.A2	PJ4956.A2
PJ4956.A2	PJ4956.Z
PJ4956.A5	PJ4956.Z
PJ4957	PJ4957
PJ4958	PJ4958
PJ4958	PJ4960
PJ4958.5	PJ4958.5
PJ4958.8	PJ4958.8
PJ4959	PJ4959
PJ4959	PJ4959.32
PJ4959.5	PJ4959.5
PJ4960	PJ4960
PJ4960.5	PJ4960.5
PJ4961	PJ4961
PJ4961	PJ4976
PJ4962	PJ4962
PJ4963	PJ4963.Z
PJ4963.A2	PJ4963.A2
PJ4963.A3	PJ4963.Z
PJ4965	PJ4965
PJ4967	PJ4967
PJ4968	PJ4968
PJ4968.9	PJ4968.9
PJ4969	PJ4969
PJ4971	PJ4971
PJ4973	PJ4973
PJ4975.A	PJ4975.Z
PJ4976	PJ4976
PJ4977	PJ4977
PJ4978	PJ4978
PJ4979	PJ4979
PJ4980	PJ4980
PJ4981	PJ4981
PJ4981	PJ4983.9
PJ4982	PJ4982
PJ4983	PJ4983
PJ4983.5	PJ4983.5
PJ4983.9.A	PJ4983.9.Z
PJ4984	PJ4984
PJ4984	PJ4989
PJ4985	PJ4985
PJ4985	PJ4989
PJ4986	PJ4986
PJ4987.A	PJ4987.Z
PJ4988	PJ4988
PJ4989	PJ4989
PJ4991.A1	PJ4991.A1
PJ4991.A1	PJ4996
PJ4991.A2	PJ4991.A29
PJ4991.A2	PJ4995.Z
PJ4991.A3	PJ4991.A3
PJ4991.A5	PJ4991.Z
PJ4993	PJ4993
PJ4995.A1	PJ4995.A1
PJ4995.A5	PJ4995.Z
PJ4996	PJ4996
PJ5059	PJ5060
PJ5059.A1	PJ5059.A1
PJ5059.A1	PJ5059.A8
PJ5059.A3	PJ5059.A3
PJ5059.A5	PJ5059.A5
PJ5059.A8	PJ5059.A8
PJ5059.E1	PJ5059.E1
PJ5059.E1	PJ5059.E8
PJ5059.E3	PJ5059.E3
PJ5059.E5	PJ5059.E5
PJ5059.E8	PJ5059.E8
PJ5059.F1	PJ5059.F1
PJ5059.F1	PJ5059.F8
PJ5059.F3	PJ5059.F3
PJ5059.F5	PJ5059.F5
PJ5059.F8	PJ5059.F8
PJ5059.G1	PJ5059.G1
PJ5059.G1	PJ5059.G8
PJ5059.G3	PJ5059.G3
PJ5059.G5	PJ5059.G5
PJ5059.G8	PJ5059.G8
PJ5059.I1	PJ5059.I1
PJ5059.I1	PJ5059.I8
PJ5059.I3	PJ5059.I3
PJ5059.I5	PJ5059.I5
PJ5059.I8	PJ5059.I8
PJ5059.R1	PJ5059.R1
PJ5059.R1	PJ5059.R8
PJ5059.R3	PJ5059.R3
PJ5059.R5	PJ5059.R5
PJ5059.R8	PJ5059.R8
PJ5059.S1	PJ5059.S1
PJ5059.S1	PJ5059.S8
PJ5059.S3	PJ5059.S3
PJ5059.S5	PJ5059.S5
PJ5059.S8	PJ5059.S8
PJ5060.A	PJ5060.Z
PJ5191	PJ5192
PJ5191.A1	PJ5191.A1
PJ5191.A1	PJ5191.A8
PJ5191.A3	PJ5191.A3
PJ5191.A5	PJ5191.A5
PJ5191.A8	PJ5191.A8
PJ5191.E1	PJ5191.E1
PJ5191.E1	PJ5191.E8
PJ5191.E3	PJ5191.E3
PJ5191.E5	PJ5191.E5
PJ5191.E8	PJ5191.E8
PJ5191.F1	PJ5191.F1
PJ5191.F1	PJ5191.F8
PJ5191.F3	PJ5191.F3
PJ5191.F5	PJ5191.F5
PJ5191.F8	PJ5191.F8
PJ5191.G1	PJ5191.G1
PJ5191.G1	PJ5191.G8
PJ5191.G3	PJ5191.G3
PJ5191.G5	PJ5191.G5
PJ5191.G8	PJ5191.G8
PJ5191.I1	PJ5191.I1
PJ5191.I1	PJ5191.I8
PJ5191.I3	PJ5191.I3
PJ5191.I5	PJ5191.I5
PJ5191.I8	PJ5191.I8
PJ5191.R1	PJ5191.R1
PJ5191.R1	PJ5191.R8
PJ5191.R3	PJ5191.R3
PJ5191.R5	PJ5191.R5
PJ5191.R8	PJ5191.R8
PJ5191.S1	PJ5191.S1
PJ5191.S1	PJ5191.S8
PJ5191.S3	PJ5191.S3
PJ5191.S5	PJ5191.S5
PJ5191.S8	PJ5191.S8
PJ5192.A	PJ5192.Z
PJ6950	PJ6950
PJ6950	PJ6954
PJ6951	PJ6951
PJ6952	PJ6952
PJ6953	PJ6953
PJ6954	PJ6954
PJ7051	PJ7051
PJ7051	PJ7055
PJ7052	PJ7052
PJ7053	PJ7053
PJ7054	PJ7054
PJ7055	PJ7055
PJ7111	PJ7111
PJ7111	PJ7113
PJ7111	PJ7114
PJ7112	PJ7112
PJ7113	PJ7113
PJ7113.5	PJ7113.5
PJ7113.5	PJ7114.Z5
PJ7114.A2	PJ7114.A2
PJ7114.A3	PJ7114.Z5
PJ7114.Z8	PJ7114.Z8
PJ7114.Z8	PJ7114.Z9
PJ7114.Z9.A	PJ7114.Z9.Z
PJ7114.Z95.A	PJ7114.Z95.Z
PJ7121	PJ7121
PJ7121	PJ7123
PJ7121	PJ7124
PJ7122	PJ7122
PJ7123	PJ7123
PJ7123.5	PJ7123.5
PJ7123.5	PJ7124.Z5
PJ7124.A2	PJ7124.A2
PJ7124.A3	PJ7124.Z5
PJ7124.Z8	PJ7124.Z8
PJ7124.Z8	PJ7124.Z9
PJ7124.Z9.A	PJ7124.Z9.Z
PJ7124.Z95.A	PJ7124.Z95.Z
PJ7131	PJ7131
PJ7131	PJ7133
PJ7131	PJ7134
PJ7132	PJ7132
PJ7133	PJ7133
PJ7133.5	PJ7133.5
PJ7133.5	PJ7134.Z5
PJ7134.A2	PJ7134.A2
PJ7134.A3	PJ7134.Z5
PJ7134.Z8	PJ7134.Z8
PJ7134.Z8	PJ7134.Z9
PJ7134.Z9.A	PJ7134.Z9.Z
PJ7134.Z95.A	PJ7134.Z95.Z
PJ7141	PJ7141
PJ7141	PJ7143
PJ7141	PJ7144
PJ7142	PJ7142
PJ7143	PJ7143
PJ7143.5	PJ7143.5
PJ7143.5	PJ7144.Z5
PJ7144.A2	PJ7144.A2
PJ7144.A3	PJ7144.Z5
PJ7144.Z8	PJ7144.Z8
PJ7144.Z8	PJ7144.Z9
PJ7144.Z9.A	PJ7144.Z9.Z
PJ7144.Z95.A	PJ7144.Z95.Z
PJ7694	PJ7695
PJ7694.A1	PJ7694.A1
PJ7694.A1	PJ7694.A8
PJ7694.A3	PJ7694.A3
PJ7694.A5	PJ7694.A5
PJ7694.A8	PJ7694.A8
PJ7694.E1	PJ7694.E1
PJ7694.E1	PJ7694.E8
PJ7694.E3	PJ7694.E3
PJ7694.E5	PJ7694.E5
PJ7694.E8	PJ7694.E8
PJ7694.F1	PJ7694.F1
PJ7694.F1	PJ7694.F8
PJ7694.F3	PJ7694.F3
PJ7694.F5	PJ7694.F5
PJ7694.F8	PJ7694.F8
PJ7694.G1	PJ7694.G1
PJ7694.G1	PJ7694.G8
PJ7694.G3	PJ7694.G3
PJ7694.G5	PJ7694.G5
PJ7694.G8	PJ7694.G8
PJ7694.I1	PJ7694.I1
PJ7694.I1	PJ7694.I8
PJ7694.I3	PJ7694.I3
PJ7694.I5	PJ7694.I5
PJ7694.I8	PJ7694.I8
PJ7694.R1	PJ7694.R1
PJ7694.R1	PJ7694.R8
PJ7694.R3	PJ7694.R3
PJ7694.R5	PJ7694.R5
PJ7694.R8	PJ7694.R8
PJ7694.S1	PJ7694.S1
PJ7694.S1	PJ7694.S8
PJ7694.S3	PJ7694.S3
PJ7694.S5	PJ7694.S5
PJ7694.S8	PJ7694.S8
PJ7695.A	PJ7695.Z
PJ9201	PJ9201
PJ9201	PJ9246
PJ9201.5	PJ9201.5
PJ9202	PJ9202
PJ9203	PJ9203
PJ9204	PJ9204
PJ9205	PJ9205
PJ9205	PJ9206
PJ9206.A2	PJ9206.A2
PJ9206.A2	PJ9206.Z
PJ9206.A5	PJ9206.Z
PJ9207	PJ9207
PJ9208	PJ9208
PJ9208	PJ9210
PJ9208.5	PJ9208.5
PJ9208.8	PJ9208.8
PJ9209	PJ9209
PJ9209	PJ9209.32
PJ9209.5	PJ9209.5
PJ9210	PJ9210
PJ9210.5	PJ9210.5
PJ9211	PJ9211
PJ9211	PJ9226
PJ9212	PJ9212
PJ9213	PJ9213.Z
PJ9213.A2	PJ9213.A2
PJ9213.A3	PJ9213.Z
PJ9215	PJ9215
PJ9217	PJ9217
PJ9218	PJ9218
PJ9218.9	PJ9218.9
PJ9219	PJ9219
PJ9221	PJ9221
PJ9223	PJ9223
PJ9225.A	PJ9225.Z
PJ9226	PJ9226
PJ9227	PJ9227
PJ9228	PJ9228
PJ9229	PJ9229
PJ9230	PJ9230
PJ9231	PJ9231
PJ9231	PJ9233.9
PJ9232	PJ9232
PJ9233	PJ9233
PJ9233.5	PJ9233.5
PJ9233.9.A	PJ9233.9.Z
PJ9234	PJ9234
PJ9234	PJ9239
PJ9235	PJ9235
PJ9235	PJ9239
PJ9236	PJ9236
PJ9237.A	PJ9237.Z
PJ9238	PJ9238
PJ9239	PJ9239
PJ9241.A1	PJ9241.A1
PJ9241.A1	PJ9246
PJ9241.A2	PJ9241.A29
PJ9241.A2	PJ9245.Z
PJ9241.A3	PJ9241.A3
PJ9241.A5	PJ9241.Z
PJ9243	PJ9243
PJ9245.A1	PJ9245.A1
PJ9245.A5	PJ9245.Z
PJ9246	PJ9246
PJ991	PJ991
PJ991	PJ995
PJ992	PJ992
PJ993	PJ993
PJ994	PJ994
PJ995	PJ995
PK1921	PK1921
PK1921	PK1923
PK1921	PK1924
PK1922	PK1922
PK1923	PK1923
PK1923.5	PK1923.5
PK1923.5	PK1924.Z5
PK1924.A2	PK1924.A2
PK1924.A3	PK1924.Z5
PK1924.Z8	PK1924.Z8
PK1924.Z8	PK1924.Z9
PK1924.Z9.A	PK1924.Z9.Z
PK1924.Z95.A	PK1924.Z95.Z
PK2141	PK2142
PK2141.A1	PK2141.A1
PK2141.A1	PK2141.A8
PK2141.A3	PK2141.A3
PK2141.A5	PK2141.A5
PK2141.A8	PK2141.A8
PK2141.E1	PK2141.E1
PK2141.E1	PK2141.E8
PK2141.E3	PK2141.E3
PK2141.E5	PK2141.E5
PK2141.E8	PK2141.E8
PK2141.F1	PK2141.F1
PK2141.F1	PK2141.F8
PK2141.F3	PK2141.F3
PK2141.F5	PK2141.F5
PK2141.F8	PK2141.F8
PK2141.G1	PK2141.G1
PK2141.G1	PK2141.G8
PK2141.G3	PK2141.G3
PK2141.G5	PK2141.G5
PK2141.G8	PK2141.G8
PK2141.I1	PK2141.I1
PK2141.I1	PK2141.I8
PK2141.I3	PK2141.I3
PK2141.I5	PK2141.I5
PK2141.I8	PK2141.I8
PK2141.R1	PK2141.R1
PK2141.R1	PK2141.R8
PK2141.R3	PK2141.R3
PK2141.R5	PK2141.R5
PK2141.R8	PK2141.R8
PK2141.S1	PK2141.S1
PK2141.S1	PK2141.S8
PK2141.S3	PK2141.S3
PK2141.S5	PK2141.S5
PK2141.S8	PK2141.S8
PK2142.A	PK2142.Z
PK2211	PK2212
PK2211.A1	PK2211.A1
PK2211.A1	PK2211.A8
PK2211.A3	PK2211.A3
PK2211.A5	PK2211.A5
PK2211.A8	PK2211.A8
PK2211.E1	PK2211.E1
PK2211.E1	PK2211.E8
PK2211.E3	PK2211.E3
PK2211.E5	PK2211.E5
PK2211.E8	PK2211.E8
PK2211.F1	PK2211.F1
PK2211.F1	PK2211.F8
PK2211.F3	PK2211.F3
PK2211.F5	PK2211.F5
PK2211.F8	PK2211.F8
PK2211.G1	PK2211.G1
PK2211.G1	PK2211.G8
PK2211.G3	PK2211.G3
PK2211.G5	PK2211.G5
PK2211.G8	PK2211.G8
PK2211.I1	PK2211.I1
PK2211.I1	PK2211.I8
PK2211.I3	PK2211.I3
PK2211.I5	PK2211.I5
PK2211.I8	PK2211.I8
PK2211.R1	PK2211.R1
PK2211.R1	PK2211.R8
PK2211.R3	PK2211.R3
PK2211.R5	PK2211.R5
PK2211.R8	PK2211.R8
PK2211.S1	PK2211.S1
PK2211.S1	PK2211.S8
PK2211.S3	PK2211.S3
PK2211.S5	PK2211.S5
PK2211.S8	PK2211.S8
PK2212.A	PK2212.Z
PK2215	PK2215
PK2215	PK2217
PK2215	PK2218
PK2216	PK2216
PK2217	PK2217
PK2217.5	PK2217.5
PK2217.5	PK2218.Z5
PK2218.A2	PK2218.A2
PK2218.A3	PK2218.Z5
PK2218.Z8	PK2218.Z8
PK2218.Z8	PK2218.Z9
PK2218.Z9.A	PK2218.Z9.Z
PK2218.Z95.A	PK2218.Z95.Z
PK2841	PK2841
PK2841	PK2843
PK2841	PK2844
PK2842	PK2842
PK2843	PK2843
PK2843.5	PK2843.5
PK2843.5	PK2844.Z5
PK2844.A2	PK2844.A2
PK2844.A3	PK2844.Z5
PK2844.Z8	PK2844.Z8
PK2844.Z8	PK2844.Z9
PK2844.Z9.A	PK2844.Z9.Z
PK2844.Z95.A	PK2844.Z95.Z
PK2896	PK2896
PK2896	PK2898
PK2896	PK2899
PK2897	PK2897
PK2898	PK2898
PK2898.5	PK2898.5
PK2898.5	PK2899.Z5
PK2899.A2	PK2899.A2
PK2899.A3	PK2899.Z5
PK2899.Z8	PK2899.Z8
PK2899.Z8	PK2899.Z9
PK2899.Z9.A	PK2899.Z9.Z
PK2899.Z95.A	PK2899.Z95.Z
PK5045	PK5046
PK5045.A1	PK5045.A1
PK5045.A1	PK5045.A8
PK5045.A3	PK5045.A3
PK5045.A5	PK5045.A5
PK5045.A8	PK5045.A8
PK5045.E1	PK5045.E1
PK5045.E1	PK5045.E8
PK5045.E3	PK5045.E3
PK5045.E5	PK5045.E5
PK5045.E8	PK5045.E8
PK5045.F1	PK5045.F1
PK5045.F1	PK5045.F8
PK5045.F3	PK5045.F3
PK5045.F5	PK5045.F5
PK5045.F8	PK5045.F8
PK5045.G1	PK5045.G1
PK5045.G1	PK5045.G8
PK5045.G3	PK5045.G3
PK5045.G5	PK5045.G5
PK5045.G8	PK5045.G8
PK5045.I1	PK5045.I1
PK5045.I1	PK5045.I8
PK5045.I3	PK5045.I3
PK5045.I5	PK5045.I5
PK5045.I8	PK5045.I8
PK5045.R1	PK5045.R1
PK5045.R1	PK5045.R8
PK5045.R3	PK5045.R3
PK5045.R5	PK5045.R5
PK5045.R8	PK5045.R8
PK5045.S1	PK5045.S1
PK5045.S1	PK5045.S8
PK5045.S3	PK5045.S3
PK5045.S5	PK5045.S5
PK5045.S8	PK5045.S8
PK5046.A	PK5046.Z
PK6701	PK6701
PK6701	PK6799
PK6701.5	PK6701.5
PK6702	PK6702
PK6703	PK6703
PK6704	PK6704
PK6705	PK6705
PK6707	PK6707
PK6707	PK6709
PK6709.A2	PK6709.A2
PK6709.A2	PK6709.Z
PK6709.A5	PK6709.Z
PK6711	PK6711
PK6713	PK6713
PK6713	PK6717
PK6714	PK6714
PK6714.7	PK6714.7
PK6714.85	PK6714.85
PK6714.9	PK6714.9
PK6715	PK6715
PK6715	PK6715.22
PK6716	PK6716
PK6717	PK6717
PK6717.5	PK6717.5
PK6718	PK6718
PK6718	PK6773
PK6719	PK6719
PK6721	PK6721
PK6722	PK6722
PK6723	PK6723.Z
PK6723.5	PK6723.5
PK6723.7	PK6723.7
PK6723.9	PK6723.9
PK6723.9	PK6725.2
PK6723.A2	PK6723.A2
PK6723.A3	PK6723.Z
PK6724	PK6724
PK6725	PK6725
PK6725.3	PK6725.3
PK6725.5	PK6725.5
PK6726.A	PK6726.Z
PK6727	PK6727
PK6727.15.A	PK6727.15.Z
PK6727.2	PK6727.2
PK6727.2	PK6727.5
PK6727.3	PK6727.3
PK6727.5.A	PK6727.5.Z
PK6728	PK6728
PK6728	PK6732.9
PK6729	PK6729
PK6729	PK6732.9
PK6730	PK6730
PK6731	PK6731
PK6732	PK6732
PK6732.3	PK6732.3
PK6732.5	PK6732.5
PK6732.7	PK6732.7
PK6732.9	PK6732.9
PK6733	PK6733
PK6733	PK6736
PK6735	PK6735
PK6736	PK6736
PK6737	PK6737
PK6738	PK6738
PK6739	PK6739
PK6739	PK6747
PK6740	PK6740
PK6741	PK6741
PK6741	PK6747
PK6742	PK6742
PK6743	PK6743
PK6745	PK6745
PK6747	PK6747
PK6748	PK6748
PK6748	PK6767
PK6748.3	PK6748.3
PK6748.5	PK6748.5
PK6749	PK6749
PK6753	PK6753
PK6753	PK6755
PK6755	PK6755
PK6757	PK6757
PK6759	PK6759
PK6761	PK6761
PK6761	PK6766.5
PK6764	PK6764
PK6765.A	PK6765.Z
PK6766.5	PK6766.5
PK6766.A	PK6766.Z
PK6767	PK6767
PK6771	PK6771
PK6772.A	PK6772.Z
PK6773	PK6773
PK6775	PK6775
PK6775	PK6780
PK6779	PK6779
PK6780	PK6780
PK6780.5	PK6780.5
PK6781	PK6781
PK6782	PK6782
PK6783	PK6783
PK6783	PK6786.9
PK6783.3	PK6783.3
PK6783.5	PK6783.5
PK6784.3	PK6784.3
PK6784.5	PK6784.5
PK6784.A	PK6784.Z
PK6784.A3	PK6784.A3
PK6785	PK6785
PK6786	PK6786
PK6786.5	PK6786.5
PK6786.9.A	PK6786.9.Z
PK6787	PK6787
PK6787	PK6795
PK6789	PK6789
PK6789	PK6795
PK6790	PK6790
PK6791	PK6791
PK6793.2	PK6793.2
PK6793.A	PK6793.Z
PK6795	PK6795
PK6796	PK6799
PK6796.A1	PK6796.A1
PK6796.A2	PK6796.A29
PK6796.A2	PK6798.Z
PK6796.A3	PK6796.A3
PK6796.A5	PK6796.Z
PK6797	PK6797
PK6798.A1	PK6798.A1
PK6798.A5	PK6798.Z
PK6799	PK6799
PK8001	PK8001
PK8001	PK8099
PK8001.5	PK8001.5
PK8002	PK8002
PK8003	PK8003
PK8004	PK8004
PK8005	PK8005
PK8007	PK8007
PK8007	PK8009
PK8009.A2	PK8009.A2
PK8009.A2	PK8009.Z
PK8009.A5	PK8009.Z
PK8011	PK8011
PK8013	PK8013
PK8013	PK8017
PK8014	PK8014
PK8014.7	PK8014.7
PK8014.85	PK8014.85
PK8014.9	PK8014.9
PK8015	PK8015
PK8015	PK8015.22
PK8016	PK8016
PK8017	PK8017
PK8017.5	PK8017.5
PK8018	PK8018
PK8018	PK8073
PK8019	PK8019
PK8021	PK8021
PK8022	PK8022
PK8023	PK8023.Z
PK8023.5	PK8023.5
PK8023.7	PK8023.7
PK8023.9	PK8023.9
PK8023.9	PK8025.2
PK8023.A2	PK8023.A2
PK8023.A3	PK8023.Z
PK8024	PK8024
PK8025	PK8025
PK8025.3	PK8025.3
PK8025.5	PK8025.5
PK8026.A	PK8026.Z
PK8027	PK8027
PK8027.15.A	PK8027.15.Z
PK8027.2	PK8027.2
PK8027.2	PK8027.5
PK8027.3	PK8027.3
PK8027.5.A	PK8027.5.Z
PK8028	PK8028
PK8028	PK8032.9
PK8029	PK8029
PK8029	PK8032.9
PK8030	PK8030
PK8031	PK8031
PK8032	PK8032
PK8032.3	PK8032.3
PK8032.5	PK8032.5
PK8032.7	PK8032.7
PK8032.9	PK8032.9
PK8033	PK8033
PK8033	PK8036
PK8035	PK8035
PK8036	PK8036
PK8037	PK8037
PK8038	PK8038
PK8039	PK8039
PK8039	PK8047
PK8040	PK8040
PK8041	PK8041
PK8041	PK8047
PK8042	PK8042
PK8043	PK8043
PK8045	PK8045
PK8047	PK8047
PK8048	PK8048
PK8048	PK8067
PK8048.3	PK8048.3
PK8048.5	PK8048.5
PK8049	PK8049
PK8053	PK8053
PK8053	PK8055
PK8055	PK8055
PK8057	PK8057
PK8059	PK8059
PK8061	PK8061
PK8061	PK8066.5
PK8064	PK8064
PK8065.A	PK8065.Z
PK8066.5	PK8066.5
PK8066.A	PK8066.Z
PK8067	PK8067
PK8071	PK8071
PK8072.A	PK8072.Z
PK8073	PK8073
PK8075	PK8075
PK8075	PK8080
PK8079	PK8079
PK8080	PK8080
PK8080.5	PK8080.5
PK8081	PK8081
PK8082	PK8082
PK8083	PK8083
PK8083	PK8086.9
PK8083.3	PK8083.3
PK8083.5	PK8083.5
PK8084.3	PK8084.3
PK8084.5	PK8084.5
PK8084.A	PK8084.Z
PK8084.A3	PK8084.A3
PK8085	PK8085
PK8086	PK8086
PK8086.5	PK8086.5
PK8086.9.A	PK8086.9.Z
PK8087	PK8087
PK8087	PK8095
PK8089	PK8089
PK8089	PK8095
PK8090	PK8090
PK8091	PK8091
PK8093.2	PK8093.2
PK8093.A	PK8093.Z
PK8095	PK8095
PK8096	PK8099
PK8096.A1	PK8096.A1
PK8096.A2	PK8096.A29
PK8096.A2	PK8098.Z
PK8096.A3	PK8096.A3
PK8096.A5	PK8096.Z
PK8097	PK8097
PK8098.A1	PK8098.A1
PK8098.A5	PK8098.Z
PK8099	PK8099
PK8301	PK8301
PK8301	PK8346
PK8301.5	PK8301.5
PK8302	PK8302
PK8303	PK8303
PK8304	PK8304
PK8305	PK8305
PK8305	PK8306
PK8306.A2	PK8306.A2
PK8306.A2	PK8306.Z
PK8306.A5	PK8306.Z
PK8307	PK8307
PK8308	PK8308
PK8308	PK8310
PK8308.5	PK8308.5
PK8308.8	PK8308.8
PK8309	PK8309
PK8309	PK8309.32
PK8309.5	PK8309.5
PK8310	PK8310
PK8310.5	PK8310.5
PK8311	PK8311
PK8311	PK8326
PK8312	PK8312
PK8313	PK8313.Z
PK8313.A2	PK8313.A2
PK8313.A3	PK8313.Z
PK8315	PK8315
PK8317	PK8317
PK8318	PK8318
PK8318.9	PK8318.9
PK8319	PK8319
PK8321	PK8321
PK8323	PK8323
PK8325.A	PK8325.Z
PK8326	PK8326
PK8327	PK8327
PK8328	PK8328
PK8329	PK8329
PK8330	PK8330
PK8331	PK8331
PK8331	PK8333.9
PK8332	PK8332
PK8333	PK8333
PK8333.5	PK8333.5
PK8333.9.A	PK8333.9.Z
PK8334	PK8334
PK8334	PK8339
PK8335	PK8335
PK8335	PK8339
PK8336	PK8336
PK8337.A	PK8337.Z
PK8338	PK8338
PK8339	PK8339
PK8341.A1	PK8341.A1
PK8341.A1	PK8346
PK8341.A2	PK8341.A29
PK8341.A2	PK8345.Z
PK8341.A3	PK8341.A3
PK8341.A5	PK8341.Z
PK8343	PK8343
PK8345.A1	PK8345.A1
PK8345.A5	PK8345.Z
PK8346	PK8346
PK8351	PK8351
PK8351	PK8449
PK8351.5	PK8351.5
PK8352	PK8352
PK8353	PK8353
PK8354	PK8354
PK8355	PK8355
PK8357	PK8357
PK8357	PK8359
PK8359.A2	PK8359.A2
PK8359.A2	PK8359.Z
PK8359.A5	PK8359.Z
PK8361	PK8361
PK8363	PK8363
PK8363	PK8367
PK8364	PK8364
PK8364.7	PK8364.7
PK8364.85	PK8364.85
PK8364.9	PK8364.9
PK8365	PK8365
PK8365	PK8365.22
PK8366	PK8366
PK8367	PK8367
PK8367.5	PK8367.5
PK8368	PK8368
PK8368	PK8423
PK8369	PK8369
PK8371	PK8371
PK8372	PK8372
PK8373	PK8373.Z
PK8373.5	PK8373.5
PK8373.7	PK8373.7
PK8373.9	PK8373.9
PK8373.9	PK8375.2
PK8373.A2	PK8373.A2
PK8373.A3	PK8373.Z
PK8374	PK8374
PK8375	PK8375
PK8375.3	PK8375.3
PK8375.5	PK8375.5
PK8376.A	PK8376.Z
PK8377	PK8377
PK8377.15.A	PK8377.15.Z
PK8377.2	PK8377.2
PK8377.2	PK8377.5
PK8377.3	PK8377.3
PK8377.5.A	PK8377.5.Z
PK8378	PK8378
PK8378	PK8382.9
PK8379	PK8379
PK8379	PK8382.9
PK8380	PK8380
PK8381	PK8381
PK8382	PK8382
PK8382.3	PK8382.3
PK8382.5	PK8382.5
PK8382.7	PK8382.7
PK8382.9	PK8382.9
PK8383	PK8383
PK8383	PK8386
PK8385	PK8385
PK8386	PK8386
PK8387	PK8387
PK8388	PK8388
PK8389	PK8389
PK8389	PK8397
PK8390	PK8390
PK8391	PK8391
PK8391	PK8397
PK8392	PK8392
PK8393	PK8393
PK8395	PK8395
PK8397	PK8397
PK8398	PK8398
PK8398	PK8417
PK8398.3	PK8398.3
PK8398.5	PK8398.5
PK8399	PK8399
PK8403	PK8403
PK8403	PK8405
PK8405	PK8405
PK8407	PK8407
PK8409	PK8409
PK8411	PK8411
PK8411	PK8416.5
PK8414	PK8414
PK8415.A	PK8415.Z
PK8416.5	PK8416.5
PK8416.A	PK8416.Z
PK8417	PK8417
PK8421	PK8421
PK8422.A	PK8422.Z
PK8423	PK8423
PK8425	PK8425
PK8425	PK8430
PK8429	PK8429
PK8430	PK8430
PK8430.5	PK8430.5
PK8431	PK8431
PK8432	PK8432
PK8433	PK8433
PK8433	PK8436.9
PK8433.3	PK8433.3
PK8433.5	PK8433.5
PK8434.3	PK8434.3
PK8434.5	PK8434.5
PK8434.A	PK8434.Z
PK8434.A3	PK8434.A3
PK8435	PK8435
PK8436	PK8436
PK8436.5	PK8436.5
PK8436.9.A	PK8436.9.Z
PK8437	PK8437
PK8437	PK8445
PK8439	PK8439
PK8439	PK8445
PK8440	PK8440
PK8441	PK8441
PK8443.2	PK8443.2
PK8443.A	PK8443.Z
PK8445	PK8445
PK8446	PK8449
PK8446.A1	PK8446.A1
PK8446.A2	PK8446.A29
PK8446.A2	PK8448.Z
PK8446.A3	PK8446.A3
PK8446.A5	PK8446.Z
PK8447	PK8447
PK8448.A1	PK8448.A1
PK8448.A5	PK8448.Z
PK8449	PK8449
PK8451	PK8451
PK8451	PK8496
PK8451.5	PK8451.5
PK8452	PK8452
PK8453	PK8453
PK8454	PK8454
PK8455	PK8455
PK8455	PK8456
PK8456.A2	PK8456.A2
PK8456.A2	PK8456.Z
PK8456.A5	PK8456.Z
PK8457	PK8457
PK8458	PK8458
PK8458	PK8460
PK8458.5	PK8458.5
PK8458.8	PK8458.8
PK8459	PK8459
PK8459	PK8459.32
PK8459.5	PK8459.5
PK8460	PK8460
PK8460.5	PK8460.5
PK8461	PK8461
PK8461	PK8476
PK8462	PK8462
PK8463	PK8463.Z
PK8463.A2	PK8463.A2
PK8463.A3	PK8463.Z
PK8465	PK8465
PK8467	PK8467
PK8468	PK8468
PK8468.9	PK8468.9
PK8469	PK8469
PK8471	PK8471
PK8473	PK8473
PK8475.A	PK8475.Z
PK8476	PK8476
PK8477	PK8477
PK8478	PK8478
PK8479	PK8479
PK8480	PK8480
PK8481	PK8481
PK8481	PK8483.9
PK8482	PK8482
PK8483	PK8483
PK8483.5	PK8483.5
PK8483.9.A	PK8483.9.Z
PK8484	PK8484
PK8484	PK8489
PK8485	PK8485
PK8485	PK8489
PK8486	PK8486
PK8487.A	PK8487.Z
PK8488	PK8488
PK8489	PK8489
PK8491.A1	PK8491.A1
PK8491.A1	PK8496
PK8491.A2	PK8491.A29
PK8491.A2	PK8495.Z
PK8491.A3	PK8491.A3
PK8491.A5	PK8491.Z
PK8493	PK8493
PK8495.A1	PK8495.A1
PK8495.A5	PK8495.Z
PK8496	PK8496
PK8831	PK8832
PK8831.A1	PK8831.A1
PK8831.A1	PK8831.A8
PK8831.A3	PK8831.A3
PK8831.A5	PK8831.A5
PK8831.A8	PK8831.A8
PK8831.E1	PK8831.E1
PK8831.E1	PK8831.E8
PK8831.E3	PK8831.E3
PK8831.E5	PK8831.E5
PK8831.E8	PK8831.E8
PK8831.F1	PK8831.F1
PK8831.F1	PK8831.F8
PK8831.F3	PK8831.F3
PK8831.F5	PK8831.F5
PK8831.F8	PK8831.F8
PK8831.G1	PK8831.G1
PK8831.G1	PK8831.G8
PK8831.G3	PK8831.G3
PK8831.G5	PK8831.G5
PK8831.G8	PK8831.G8
PK8831.I1	PK8831.I1
PK8831.I1	PK8831.I8
PK8831.I3	PK8831.I3
PK8831.I5	PK8831.I5
PK8831.I8	PK8831.I8
PK8831.R1	PK8831.R1
PK8831.R1	PK8831.R8
PK8831.R3	PK8831.R3
PK8831.R5	PK8831.R5
PK8831.R8	PK8831.R8
PK8831.S1	PK8831.S1
PK8831.S1	PK8831.S8
PK8831.S3	PK8831.S3
PK8831.S5	PK8831.S5
PK8831.S8	PK8831.S8
PK8832.A	PK8832.Z
PL101	PL101
PL101	PL199
PL101.5	PL101.5
PL102	PL102
PL103	PL103
PL104	PL104
PL105	PL105
PL107	PL107
PL107	PL109
PL109.A2	PL109.A2
PL109.A2	PL109.Z
PL109.A5	PL109.Z
PL111	PL111
PL113	PL113
PL113	PL117
PL114	PL114
PL114.7	PL114.7
PL114.85	PL114.85
PL114.9	PL114.9
PL115	PL115
PL115	PL115.22
PL116	PL116
PL117	PL117
PL117.5	PL117.5
PL118	PL118
PL118	PL173
PL119	PL119
PL121	PL121
PL122	PL122
PL123	PL123.Z
PL123.5	PL123.5
PL123.7	PL123.7
PL123.9	PL123.9
PL123.9	PL125.2
PL123.A2	PL123.A2
PL123.A3	PL123.Z
PL124	PL124
PL125	PL125
PL125.3	PL125.3
PL125.5	PL125.5
PL126.A	PL126.Z
PL127	PL127
PL127.15.A	PL127.15.Z
PL127.2	PL127.2
PL127.2	PL127.5
PL127.3	PL127.3
PL127.5.A	PL127.5.Z
PL128	PL128
PL128	PL132.9
PL129	PL129
PL129	PL132.9
PL130	PL130
PL131	PL131
PL132	PL132
PL132.3	PL132.3
PL132.5	PL132.5
PL132.7	PL132.7
PL132.9	PL132.9
PL133	PL133
PL133	PL136
PL135	PL135
PL136	PL136
PL137	PL137
PL138	PL138
PL139	PL139
PL139	PL147
PL140	PL140
PL141	PL141
PL141	PL147
PL142	PL142
PL143	PL143
PL145	PL145
PL147	PL147
PL148	PL148
PL148	PL167
PL148.3	PL148.3
PL148.5	PL148.5
PL149	PL149
PL153	PL153
PL153	PL155
PL155	PL155
PL157	PL157
PL159	PL159
PL161	PL161
PL161	PL166.5
PL164	PL164
PL165.A	PL165.Z
PL166.5	PL166.5
PL166.A	PL166.Z
PL167	PL167
PL171	PL171
PL172.A	PL172.Z
PL173	PL173
PL175	PL175
PL175	PL180
PL179	PL179
PL180	PL180
PL180.5	PL180.5
PL181	PL181
PL182	PL182
PL183	PL183
PL183	PL186.9
PL183.3	PL183.3
PL183.5	PL183.5
PL184.3	PL184.3
PL184.5	PL184.5
PL184.A	PL184.Z
PL184.A3	PL184.A3
PL185	PL185
PL186	PL186
PL186.5	PL186.5
PL186.9.A	PL186.9.Z
PL187	PL187
PL187	PL195
PL189	PL189
PL189	PL195
PL190	PL190
PL191	PL191
PL193.2	PL193.2
PL193.A	PL193.Z
PL195	PL195
PL196	PL199
PL196.A1	PL196.A1
PL196.A2	PL196.A29
PL196.A2	PL198.Z
PL196.A3	PL196.A3
PL196.A5	PL196.Z
PL197	PL197
PL198.A1	PL198.A1
PL198.A5	PL198.Z
PL199	PL199
PL271	PL272
PL271.A1	PL271.A1
PL271.A1	PL271.A8
PL271.A3	PL271.A3
PL271.A5	PL271.A5
PL271.A8	PL271.A8
PL271.E1	PL271.E1
PL271.E1	PL271.E8
PL271.E3	PL271.E3
PL271.E5	PL271.E5
PL271.E8	PL271.E8
PL271.F1	PL271.F1
PL271.F1	PL271.F8
PL271.F3	PL271.F3
PL271.F5	PL271.F5
PL271.F8	PL271.F8
PL271.G1	PL271.G1
PL271.G1	PL271.G8
PL271.G3	PL271.G3
PL271.G5	PL271.G5
PL271.G8	PL271.G8
PL271.I1	PL271.I1
PL271.I1	PL271.I8
PL271.I3	PL271.I3
PL271.I5	PL271.I5
PL271.I8	PL271.I8
PL271.R1	PL271.R1
PL271.R1	PL271.R8
PL271.R3	PL271.R3
PL271.R5	PL271.R5
PL271.R8	PL271.R8
PL271.S1	PL271.S1
PL271.S1	PL271.S8
PL271.S3	PL271.S3
PL271.S5	PL271.S5
PL271.S8	PL271.S8
PL272.A	PL272.Z
PL361	PL361
PL361	PL363
PL361	PL364
PL362	PL362
PL363	PL363
PL363.5	PL363.5
PL363.5	PL364.Z5
PL364.A2	PL364.A2
PL364.A3	PL364.Z5
PL364.Z8	PL364.Z8
PL364.Z8	PL364.Z9
PL364.Z9.A	PL364.Z9.Z
PL364.Z95.A	PL364.Z95.Z
PL3771	PL3772
PL3771.A1	PL3771.A1
PL3771.A1	PL3771.A8
PL3771.A3	PL3771.A3
PL3771.A5	PL3771.A5
PL3771.A8	PL3771.A8
PL3771.E1	PL3771.E1
PL3771.E1	PL3771.E8
PL3771.E3	PL3771.E3
PL3771.E5	PL3771.E5
PL3771.E8	PL3771.E8
PL3771.F1	PL3771.F1
PL3771.F1	PL3771.F8
PL3771.F3	PL3771.F3
PL3771.F5	PL3771.F5
PL3771.F8	PL3771.F8
PL3771.G1	PL3771.G1
PL3771.G1	PL3771.G8
PL3771.G3	PL3771.G3
PL3771.G5	PL3771.G5
PL3771.G8	PL3771.G8
PL3771.I1	PL3771.I1
PL3771.I1	PL3771.I8
PL3771.I3	PL3771.I3
PL3771.I5	PL3771.I5
PL3771.I8	PL3771.I8
PL3771.R1	PL3771.R1
PL3771.R1	PL3771.R8
PL3771.R3	PL3771.R3
PL3771.R5	PL3771.R5
PL3771.R8	PL3771.R8
PL3771.S1	PL3771.S1
PL3771.S1	PL3771.S8
PL3771.S3	PL3771.S3
PL3771.S5	PL3771.S5
PL3771.S8	PL3771.S8
PL3772.A	PL3772.Z
PL381	PL381
PL381	PL383
PL381	PL384
PL382	PL382
PL383	PL383
PL383.5	PL383.5
PL383.5	PL384.Z5
PL384.A2	PL384.A2
PL384.A3	PL384.Z5
PL384.Z8	PL384.Z8
PL384.Z8	PL384.Z9
PL384.Z9.A	PL384.Z9.Z
PL384.Z95.A	PL384.Z95.Z
PL3921	PL3921
PL3921	PL3966
PL3921.5	PL3921.5
PL3922	PL3922
PL3923	PL3923
PL3924	PL3924
PL3925	PL3925
PL3925	PL3926
PL3926.A2	PL3926.A2
PL3926.A2	PL3926.Z
PL3926.A5	PL3926.Z
PL3927	PL3927
PL3928	PL3928
PL3928	PL3930
PL3928.5	PL3928.5
PL3928.8	PL3928.8
PL3929	PL3929
PL3929	PL3929.32
PL3929.5	PL3929.5
PL3930	PL3930
PL3930.5	PL3930.5
PL3931	PL3931
PL3931	PL3946
PL3932	PL3932
PL3933	PL3933.Z
PL3933.A2	PL3933.A2
PL3933.A3	PL3933.Z
PL3935	PL3935
PL3937	PL3937
PL3938	PL3938
PL3938.9	PL3938.9
PL3939	PL3939
PL3941	PL3941
PL3943	PL3943
PL3945.A	PL3945.Z
PL3946	PL3946
PL3947	PL3947
PL3948	PL3948
PL3949	PL3949
PL3950	PL3950
PL3951	PL3951
PL3951	PL3953.9
PL3952	PL3952
PL3953	PL3953
PL3953.5	PL3953.5
PL3953.9.A	PL3953.9.Z
PL3954	PL3954
PL3954	PL3959
PL3955	PL3955
PL3955	PL3959
PL3956	PL3956
PL3957.A	PL3957.Z
PL3958	PL3958
PL3959	PL3959
PL3961.A1	PL3961.A1
PL3961.A1	PL3966
PL3961.A2	PL3961.A29
PL3961.A2	PL3965.Z
PL3961.A3	PL3961.A3
PL3961.A5	PL3961.Z
PL3963	PL3963
PL3965.A1	PL3965.A1
PL3965.A5	PL3965.Z
PL3966	PL3966
PL4151	PL4151
PL4151	PL4196
PL4151.5	PL4151.5
PL4152	PL4152
PL4153	PL4153
PL4154	PL4154
PL4155	PL4155
PL4155	PL4156
PL4156.A2	PL4156.A2
PL4156.A2	PL4156.Z
PL4156.A5	PL4156.Z
PL4157	PL4157
PL4158	PL4158
PL4158	PL4160
PL4158.5	PL4158.5
PL4158.8	PL4158.8
PL4159	PL4159
PL4159	PL4159.32
PL4159.5	PL4159.5
PL4160	PL4160
PL4160.5	PL4160.5
PL4161	PL4161
PL4161	PL4176
PL4162	PL4162
PL4163	PL4163.Z
PL4163.A2	PL4163.A2
PL4163.A3	PL4163.Z
PL4165	PL4165
PL4167	PL4167
PL4168	PL4168
PL4168.9	PL4168.9
PL4169	PL4169
PL4171	PL4171
PL4173	PL4173
PL4175.A	PL4175.Z
PL4176	PL4176
PL4177	PL4177
PL4178	PL4178
PL4179	PL4179
PL4180	PL4180
PL4181	PL4181
PL4181	PL4183.9
PL4182	PL4182
PL4183	PL4183
PL4183.5	PL4183.5
PL4183.9.A	PL4183.9.Z
PL4184	PL4184
PL4184	PL4189
PL4185	PL4185
PL4185	PL4189
PL4186	PL4186
PL4187.A	PL4187.Z
PL4188	PL4188
PL4189	PL4189
PL4191.A1	PL4191.A1
PL4191.A1	PL4196
PL4191.A2	PL4191.A29
PL4191.A2	PL4195.Z
PL4191.A3	PL4191.A3
PL4191.A5	PL4191.Z
PL4193	PL4193
PL4195.A1	PL4195.A1
PL4195.A5	PL4195.Z
PL4196	PL4196
PL4311	PL4311
PL4311	PL4313
PL4311	PL4314
PL4312	PL4312
PL4313	PL4313
PL4313.5	PL4313.5
PL4313.5	PL4314.Z5
PL4314.A2	PL4314.A2
PL4314.A3	PL4314.Z5
PL4314.Z8	PL4314.Z8
PL4314.Z8	PL4314.Z9
PL4314.Z9.A	PL4314.Z9.Z
PL4314.Z95.A	PL4314.Z95.Z
PL4341	PL4341
PL4341	PL4343
PL4341	PL4344
PL4342	PL4342
PL4343	PL4343
PL4343.5	PL4343.5
PL4343.5	PL4344.Z5
PL4344.A2	PL4344.A2
PL4344.A3	PL4344.Z5
PL4344.Z8	PL4344.Z8
PL4344.Z8	PL4344.Z9
PL4344.Z9.A	PL4344.Z9.Z
PL4344.Z95.A	PL4344.Z95.Z
PL4621	PL4621
PL4621	PL4623
PL4621	PL4624
PL4622	PL4622
PL4623	PL4623
PL4623.5	PL4623.5
PL4623.5	PL4624.Z5
PL4624.A2	PL4624.A2
PL4624.A3	PL4624.Z5
PL4624.Z8	PL4624.Z8
PL4624.Z8	PL4624.Z9
PL4624.Z9.A	PL4624.Z9.Z
PL4624.Z95.A	PL4624.Z95.Z
PL4701	PL4701
PL4701	PL4703
PL4701	PL4704
PL4702	PL4702
PL4703	PL4703
PL4703.5	PL4703.5
PL4703.5	PL4704.Z5
PL4704.A2	PL4704.A2
PL4704.A3	PL4704.Z5
PL4704.Z8	PL4704.Z8
PL4704.Z8	PL4704.Z9
PL4704.Z9.A	PL4704.Z9.Z
PL4704.Z95.A	PL4704.Z95.Z
PL5021	PL5021
PL5021	PL5049
PL5022	PL5022
PL5023	PL5023
PL5025	PL5025
PL5026	PL5026
PL5027	PL5027
PL5028	PL5028
PL5029	PL5029
PL5029	PL5035
PL5031	PL5031
PL5032	PL5032
PL5033	PL5033
PL5034	PL5034
PL5035	PL5035
PL5037	PL5037
PL5038	PL5038
PL5039	PL5039
PL5040	PL5040
PL5041	PL5041
PL5043	PL5043
PL5043	PL5046
PL5045	PL5045
PL5046	PL5046
PL5047	PL5047
PL5047	PL5048
PL5048.A	PL5048.Z
PL5049	PL5049
PL5191	PL5191
PL5191	PL5193
PL5191	PL5194
PL5192	PL5192
PL5193	PL5193
PL5193.5	PL5193.5
PL5193.5	PL5194.Z5
PL5194.A2	PL5194.A2
PL5194.A3	PL5194.Z5
PL5194.Z8	PL5194.Z8
PL5194.Z8	PL5194.Z9
PL5194.Z9.A	PL5194.Z9.Z
PL5194.Z95.A	PL5194.Z95.Z
PL5201	PL5201
PL5201	PL5203
PL5201	PL5204
PL5202	PL5202
PL5203	PL5203
PL5203.5	PL5203.5
PL5203.5	PL5204.Z5
PL5204.A2	PL5204.A2
PL5204.A3	PL5204.Z5
PL5204.Z8	PL5204.Z8
PL5204.Z8	PL5204.Z9
PL5204.Z9.A	PL5204.Z9.Z
PL5204.Z95.A	PL5204.Z95.Z
PL5206	PL5206
PL5206	PL5208
PL5206	PL5209
PL5207	PL5207
PL5208	PL5208
PL5208.5	PL5208.5
PL5208.5	PL5209.Z5
PL5209.A2	PL5209.A2
PL5209.A3	PL5209.Z5
PL5209.Z8	PL5209.Z8
PL5209.Z8	PL5209.Z9
PL5209.Z9.A	PL5209.Z9.Z
PL5209.Z95.A	PL5209.Z95.Z
PL5221	PL5221
PL5221	PL5223
PL5221	PL5224
PL5222	PL5222
PL5223	PL5223
PL5223.5	PL5223.5
PL5223.5	PL5224.Z5
PL5224.A2	PL5224.A2
PL5224.A3	PL5224.Z5
PL5224.Z8	PL5224.Z8
PL5224.Z8	PL5224.Z9
PL5224.Z9.A	PL5224.Z9.Z
PL5224.Z95.A	PL5224.Z95.Z
PL5231	PL5231
PL5231	PL5233
PL5231	PL5234
PL5232	PL5232
PL5233	PL5233
PL5233.5	PL5233.5
PL5233.5	PL5234.Z5
PL5234.A2	PL5234.A2
PL5234.A3	PL5234.Z5
PL5234.Z8	PL5234.Z8
PL5234.Z8	PL5234.Z9
PL5234.Z9.A	PL5234.Z9.Z
PL5234.Z95.A	PL5234.Z95.Z
PL5241	PL5241
PL5241	PL5243
PL5241	PL5244
PL5242	PL5242
PL5243	PL5243
PL5243.5	PL5243.5
PL5243.5	PL5244.Z5
PL5244.A2	PL5244.A2
PL5244.A3	PL5244.Z5
PL5244.Z8	PL5244.Z8
PL5244.Z8	PL5244.Z9
PL5244.Z9.A	PL5244.Z9.Z
PL5244.Z95.A	PL5244.Z95.Z
PL5301	PL5301
PL5301	PL5303
PL5301	PL5304
PL5302	PL5302
PL5303	PL5303
PL5303.5	PL5303.5
PL5303.5	PL5304.Z5
PL5304.A2	PL5304.A2
PL5304.A3	PL5304.Z5
PL5304.Z8	PL5304.Z8
PL5304.Z8	PL5304.Z9
PL5304.Z9.A	PL5304.Z9.Z
PL5304.Z95.A	PL5304.Z95.Z
PL5351	PL5351
PL5351	PL5353
PL5351	PL5354
PL5352	PL5352
PL5353	PL5353
PL5353.5	PL5353.5
PL5353.5	PL5354.Z5
PL5354.A2	PL5354.A2
PL5354.A3	PL5354.Z5
PL5354.Z8	PL5354.Z8
PL5354.Z8	PL5354.Z9
PL5354.Z9.A	PL5354.Z9.Z
PL5354.Z95.A	PL5354.Z95.Z
PL5365	PL5365
PL5365	PL5367
PL5365	PL5368
PL5366	PL5366
PL5367	PL5367
PL5367.5	PL5367.5
PL5367.5	PL5368.Z5
PL5368.A2	PL5368.A2
PL5368.A3	PL5368.Z5
PL5368.Z8	PL5368.Z8
PL5368.Z8	PL5368.Z9
PL5368.Z9.A	PL5368.Z9.Z
PL5368.Z95.A	PL5368.Z95.Z
PL5581	PL5581
PL5581	PL5583
PL5581	PL5584
PL5582	PL5582
PL5583	PL5583
PL5583.5	PL5583.5
PL5583.5	PL5584.Z5
PL5584.A2	PL5584.A2
PL5584.A3	PL5584.Z5
PL5584.Z8	PL5584.Z8
PL5584.Z8	PL5584.Z9
PL5584.Z9.A	PL5584.Z9.Z
PL5584.Z95.A	PL5584.Z95.Z
PL5911	PL5911
PL5911	PL5913
PL5911	PL5914
PL5912	PL5912
PL5913	PL5913
PL5913.5	PL5913.5
PL5913.5	PL5914.Z5
PL5914.A2	PL5914.A2
PL5914.A3	PL5914.Z5
PL5914.Z8	PL5914.Z8
PL5914.Z8	PL5914.Z9
PL5914.Z9.A	PL5914.Z9.Z
PL5914.Z95.A	PL5914.Z95.Z
PL6041	PL6041
PL6041	PL6043
PL6041	PL6044
PL6042	PL6042
PL6043	PL6043
PL6043.5	PL6043.5
PL6043.5	PL6044.Z5
PL6044.A2	PL6044.A2
PL6044.A3	PL6044.Z5
PL6044.Z8	PL6044.Z8
PL6044.Z8	PL6044.Z9
PL6044.Z9.A	PL6044.Z9.Z
PL6044.Z95.A	PL6044.Z95.Z
PL6101	PL6101
PL6101	PL6103
PL6101	PL6104
PL6102	PL6102
PL6103	PL6103
PL6103.5	PL6103.5
PL6103.5	PL6104.Z5
PL6104.A2	PL6104.A2
PL6104.A3	PL6104.Z5
PL6104.Z8	PL6104.Z8
PL6104.Z8	PL6104.Z9
PL6104.Z9.A	PL6104.Z9.Z
PL6104.Z95.A	PL6104.Z95.Z
PL6171	PL6171
PL6171	PL6175
PL6172	PL6172
PL6173	PL6173
PL6174	PL6174
PL6175	PL6175
PL6191	PL6191
PL6191	PL6195
PL6192	PL6192
PL6193	PL6193
PL6194	PL6194
PL6195	PL6195
PL8071	PL8071
PL8071	PL8073
PL8071	PL8074
PL8072	PL8072
PL8073	PL8073
PL8073.5	PL8073.5
PL8073.5	PL8074.Z5
PL8074.A2	PL8074.A2
PL8074.A3	PL8074.Z5
PL8074.Z8	PL8074.Z8
PL8074.Z8	PL8074.Z9
PL8074.Z9.A	PL8074.Z9.Z
PL8074.Z95.A	PL8074.Z95.Z
PL8181	PL8181
PL8181	PL8183
PL8181	PL8184
PL8182	PL8182
PL8183	PL8183
PL8183.5	PL8183.5
PL8183.5	PL8184.Z5
PL8184.A2	PL8184.A2
PL8184.A3	PL8184.Z5
PL8184.Z8	PL8184.Z8
PL8184.Z8	PL8184.Z9
PL8184.Z9.A	PL8184.Z9.Z
PL8184.Z95.A	PL8184.Z95.Z
PL8251	PL8251
PL8251	PL8253
PL8251	PL8254
PL8252	PL8252
PL8253	PL8253
PL8253.5	PL8253.5
PL8253.5	PL8254.Z5
PL8254.A2	PL8254.A2
PL8254.A3	PL8254.Z5
PL8254.Z8	PL8254.Z8
PL8254.Z8	PL8254.Z9
PL8254.Z9.A	PL8254.Z9.Z
PL8254.Z95.A	PL8254.Z95.Z
PL8401	PL8401
PL8401	PL8403
PL8401	PL8404
PL8402	PL8402
PL8403	PL8403
PL8403.5	PL8403.5
PL8403.5	PL8404.Z5
PL8404.A2	PL8404.A2
PL8404.A3	PL8404.Z5
PL8404.Z8	PL8404.Z8
PL8404.Z8	PL8404.Z9
PL8404.Z9.A	PL8404.Z9.Z
PL8404.Z95.A	PL8404.Z95.Z
PL8801	PL8801
PL8801	PL8803
PL8801	PL8804
PL8802	PL8802
PL8803	PL8803
PL8803.5	PL8803.5
PL8803.5	PL8804.Z5
PL8804.A2	PL8804.A2
PL8804.A3	PL8804.Z5
PL8804.Z8	PL8804.Z8
PL8804.Z8	PL8804.Z9
PL8804.Z9.A	PL8804.Z9.Z
PL8804.Z95.A	PL8804.Z95.Z
PL8821	PL8821
PL8821	PL8823
PL8821	PL8824
PL8822	PL8822
PL8823	PL8823
PL8823.5	PL8823.5
PL8823.5	PL8824.Z5
PL8824.A2	PL8824.A2
PL8824.A3	PL8824.Z5
PL8824.Z8	PL8824.Z8
PL8824.Z8	PL8824.Z9
PL8824.Z9.A	PL8824.Z9.Z
PL8824.Z95.A	PL8824.Z95.Z
PL8841	PL8841
PL8841	PL8843
PL8841	PL8844
PL8842	PL8842
PL8843	PL8843
PL8843.5	PL8843.5
PL8843.5	PL8844.Z5
PL8844.A2	PL8844.A2
PL8844.A3	PL8844.Z5
PL8844.Z8	PL8844.Z8
PL8844.Z8	PL8844.Z9
PL8844.Z9.A	PL8844.Z9.Z
PL8844.Z95.A	PL8844.Z95.Z
PM101	PM101
PM101	PM146
PM101.5	PM101.5
PM102	PM102
PM1021	PM1021
PM1021	PM1023
PM1021	PM1024
PM1022	PM1022
PM1023	PM1023
PM1023.5	PM1023.5
PM1023.5	PM1024.Z5
PM1024.A2	PM1024.A2
PM1024.A3	PM1024.Z5
PM1024.Z8	PM1024.Z8
PM1024.Z8	PM1024.Z9
PM1024.Z9.A	PM1024.Z9.Z
PM1024.Z95.A	PM1024.Z95.Z
PM103	PM103
PM1031	PM1031
PM1031	PM1033
PM1031	PM1034
PM1032	PM1032
PM1033	PM1033
PM1033.5	PM1033.5
PM1033.5	PM1034.Z5
PM1034.A2	PM1034.A2
PM1034.A3	PM1034.Z5
PM1034.Z8	PM1034.Z8
PM1034.Z8	PM1034.Z9
PM1034.Z9.A	PM1034.Z9.Z
PM1034.Z95.A	PM1034.Z95.Z
PM104	PM104
PM105	PM105
PM105	PM106
PM106.A2	PM106.A2
PM106.A2	PM106.Z
PM106.A5	PM106.Z
PM107	PM107
PM108	PM108
PM108	PM110
PM108.5	PM108.5
PM108.8	PM108.8
PM109	PM109
PM109	PM109.32
PM109.5	PM109.5
PM11	PM11
PM11	PM13
PM11	PM14
PM110	PM110
PM110.5	PM110.5
PM111	PM111
PM111	PM126
PM112	PM112
PM113	PM113.Z
PM113.A2	PM113.A2
PM113.A3	PM113.Z
PM115	PM115
PM117	PM117
PM118	PM118
PM118.9	PM118.9
PM119	PM119
PM12	PM12
PM121	PM121
PM123	PM123
PM125.A	PM125.Z
PM126	PM126
PM127	PM127
PM1271	PM1271
PM1271	PM1273
PM1271	PM1274
PM1272	PM1272
PM1273	PM1273
PM1273.5	PM1273.5
PM1273.5	PM1274.Z5
PM1274.A2	PM1274.A2
PM1274.A3	PM1274.Z5
PM1274.Z8	PM1274.Z8
PM1274.Z8	PM1274.Z9
PM1274.Z9.A	PM1274.Z9.Z
PM1274.Z95.A	PM1274.Z95.Z
PM128	PM128
PM129	PM129
PM13	PM13
PM13.5	PM13.5
PM13.5	PM14.Z5
PM130	PM130
PM131	PM131
PM131	PM133.9
PM132	PM132
PM133	PM133
PM133.5	PM133.5
PM133.9.A	PM133.9.Z
PM134	PM134
PM134	PM139
PM135	PM135
PM135	PM139
PM136	PM136
PM1361	PM1361
PM1361	PM1363
PM1361	PM1364
PM1362	PM1362
PM1363	PM1363
PM1363.5	PM1363.5
PM1363.5	PM1364.Z5
PM1364.A2	PM1364.A2
PM1364.A3	PM1364.Z5
PM1364.Z8	PM1364.Z8
PM1364.Z8	PM1364.Z9
PM1364.Z9.A	PM1364.Z9.Z
PM1364.Z95.A	PM1364.Z95.Z
PM137.A	PM137.Z
PM138	PM138
PM1381	PM1381
PM1381	PM1383
PM1381	PM1384
PM1382	PM1382
PM1383	PM1383
PM1383.5	PM1383.5
PM1383.5	PM1384.Z5
PM1384.A2	PM1384.A2
PM1384.A3	PM1384.Z5
PM1384.Z8	PM1384.Z8
PM1384.Z8	PM1384.Z9
PM1384.Z9.A	PM1384.Z9.Z
PM1384.Z95.A	PM1384.Z95.Z
PM139	PM139
PM14.A2	PM14.A2
PM14.A3	PM14.Z5
PM14.Z8	PM14.Z8
PM14.Z8	PM14.Z9
PM14.Z9.A	PM14.Z9.Z
PM14.Z95.A	PM14.Z95.Z
PM141.A1	PM141.A1
PM141.A1	PM146
PM141.A2	PM141.A29
PM141.A2	PM145.Z
PM141.A3	PM141.A3
PM141.A5	PM141.Z
PM143	PM143
PM145.A1	PM145.A1
PM145.A5	PM145.Z
PM146	PM146
PM1736	PM1736
PM1736	PM1738
PM1736	PM1739
PM1737	PM1737
PM1738	PM1738
PM1738.5	PM1738.5
PM1738.5	PM1739.Z5
PM1739.A2	PM1739.A2
PM1739.A3	PM1739.Z5
PM1739.Z8	PM1739.Z8
PM1739.Z8	PM1739.Z9
PM1739.Z9.A	PM1739.Z9.Z
PM1739.Z95.A	PM1739.Z95.Z
PM1791	PM1791
PM1791	PM1793
PM1791	PM1794
PM1792	PM1792
PM1793	PM1793
PM1793.5	PM1793.5
PM1793.5	PM1794.Z5
PM1794.A2	PM1794.A2
PM1794.A3	PM1794.Z5
PM1794.Z8	PM1794.Z8
PM1794.Z8	PM1794.Z9
PM1794.Z9.A	PM1794.Z9.Z
PM1794.Z95.A	PM1794.Z95.Z
PM1881	PM1881
PM1881	PM1883
PM1881	PM1884
PM1882	PM1882
PM1883	PM1883
PM1883.5	PM1883.5
PM1883.5	PM1884.Z5
PM1884.A2	PM1884.A2
PM1884.A3	PM1884.Z5
PM1884.Z8	PM1884.Z8
PM1884.Z8	PM1884.Z9
PM1884.Z9.A	PM1884.Z9.Z
PM1884.Z95.A	PM1884.Z95.Z
PM1921	PM1921
PM1921	PM1923
PM1921	PM1924
PM1922	PM1922
PM1923	PM1923
PM1923.5	PM1923.5
PM1923.5	PM1924.Z5
PM1924.A2	PM1924.A2
PM1924.A3	PM1924.Z5
PM1924.Z8	PM1924.Z8
PM1924.Z8	PM1924.Z9
PM1924.Z9.A	PM1924.Z9.Z
PM1924.Z95.A	PM1924.Z95.Z
PM197	PM198
PM197.A1	PM197.A1
PM197.A1	PM197.A8
PM197.A3	PM197.A3
PM197.A5	PM197.A5
PM197.A8	PM197.A8
PM197.E1	PM197.E1
PM197.E1	PM197.E8
PM197.E3	PM197.E3
PM197.E5	PM197.E5
PM197.E8	PM197.E8
PM197.F1	PM197.F1
PM197.F1	PM197.F8
PM197.F3	PM197.F3
PM197.F5	PM197.F5
PM197.F8	PM197.F8
PM197.G1	PM197.G1
PM197.G1	PM197.G8
PM197.G3	PM197.G3
PM197.G5	PM197.G5
PM197.G8	PM197.G8
PM197.I1	PM197.I1
PM197.I1	PM197.I8
PM197.I3	PM197.I3
PM197.I5	PM197.I5
PM197.I8	PM197.I8
PM197.R1	PM197.R1
PM197.R1	PM197.R8
PM197.R3	PM197.R3
PM197.R5	PM197.R5
PM197.R8	PM197.R8
PM197.S1	PM197.S1
PM197.S1	PM197.S8
PM197.S3	PM197.S3
PM197.S5	PM197.S5
PM197.S8	PM197.S8
PM1976	PM1976
PM1976	PM1978
PM1976	PM1979
PM1977	PM1977
PM1978	PM1978
PM1978.5	PM1978.5
PM1978.5	PM1979.Z5
PM1979.A2	PM1979.A2
PM1979.A3	PM1979.Z5
PM1979.Z8	PM1979.Z8
PM1979.Z8	PM1979.Z9
PM1979.Z9.A	PM1979.Z9.Z
PM1979.Z95.A	PM1979.Z95.Z
PM198.A	PM198.Z
PM2006	PM2006
PM2006	PM2008
PM2006	PM2009
PM2007	PM2007
PM2008	PM2008
PM2008.5	PM2008.5
PM2008.5	PM2009.Z5
PM2009.A2	PM2009.A2
PM2009.A3	PM2009.Z5
PM2009.Z8	PM2009.Z8
PM2009.Z8	PM2009.Z9
PM2009.Z9.A	PM2009.Z9.Z
PM2009.Z95.A	PM2009.Z95.Z
PM2171	PM2171
PM2171	PM2173
PM2171	PM2174
PM2172	PM2172
PM2173	PM2173
PM2173.5	PM2173.5
PM2173.5	PM2174.Z5
PM2174.A2	PM2174.A2
PM2174.A3	PM2174.Z5
PM2174.Z8	PM2174.Z8
PM2174.Z8	PM2174.Z9
PM2174.Z9.A	PM2174.Z9.Z
PM2174.Z95.A	PM2174.Z95.Z
PM2261	PM2261
PM2261	PM2263
PM2261	PM2264
PM2262	PM2262
PM2263	PM2263
PM2263.5	PM2263.5
PM2263.5	PM2264.Z5
PM2264.A2	PM2264.A2
PM2264.A3	PM2264.Z5
PM2264.Z8	PM2264.Z8
PM2264.Z8	PM2264.Z9
PM2264.Z9.A	PM2264.Z9.Z
PM2264.Z95.A	PM2264.Z95.Z
PM2341	PM2341
PM2341	PM2343
PM2341	PM2344
PM2342	PM2342
PM2343	PM2343
PM2343.5	PM2343.5
PM2343.5	PM2344.Z5
PM2344.A2	PM2344.A2
PM2344.A3	PM2344.Z5
PM2344.Z8	PM2344.Z8
PM2344.Z8	PM2344.Z9
PM2344.Z9.A	PM2344.Z9.Z
PM2344.Z95.A	PM2344.Z95.Z
PM281	PM281
PM281	PM283
PM281	PM284
PM282	PM282
PM283	PM283
PM283.5	PM283.5
PM283.5	PM284.Z5
PM284.A2	PM284.A2
PM284.A3	PM284.Z5
PM284.Z8	PM284.Z8
PM284.Z8	PM284.Z9
PM284.Z9.A	PM284.Z9.Z
PM284.Z95.A	PM284.Z95.Z
PM3097	PM3098
PM3097.A1	PM3097.A1
PM3097.A1	PM3097.A8
PM3097.A3	PM3097.A3
PM3097.A5	PM3097.A5
PM3097.A8	PM3097.A8
PM3097.E1	PM3097.E1
PM3097.E1	PM3097.E8
PM3097.E3	PM3097.E3
PM3097.E5	PM3097.E5
PM3097.E8	PM3097.E8
PM3097.F1	PM3097.F1
PM3097.F1	PM3097.F8
PM3097.F3	PM3097.F3
PM3097.F5	PM3097.F5
PM3097.F8	PM3097.F8
PM3097.G1	PM3097.G1
PM3097.G1	PM3097.G8
PM3097.G3	PM3097.G3
PM3097.G5	PM3097.G5
PM3097.G8	PM3097.G8
PM3097.I1	PM3097.I1
PM3097.I1	PM3097.I8
PM3097.I3	PM3097.I3
PM3097.I5	PM3097.I5
PM3097.I8	PM3097.I8
PM3097.R1	PM3097.R1
PM3097.R1	PM3097.R8
PM3097.R3	PM3097.R3
PM3097.R5	PM3097.R5
PM3097.R8	PM3097.R8
PM3097.S1	PM3097.S1
PM3097.S1	PM3097.S8
PM3097.S3	PM3097.S3
PM3097.S5	PM3097.S5
PM3097.S8	PM3097.S8
PM3098.A	PM3098.Z
PM31	PM31
PM31	PM33
PM31	PM34
PM32	PM32
PM33	PM33
PM33.5	PM33.5
PM33.5	PM34.Z5
PM3301	PM3301
PM3301	PM3329
PM3302	PM3302
PM3303	PM3303
PM3305	PM3305
PM3306	PM3306
PM3307	PM3307
PM3308	PM3308
PM3309	PM3309
PM3309	PM3315
PM3311	PM3311
PM3312	PM3312
PM3313	PM3313
PM3314	PM3314
PM3315	PM3315
PM3317	PM3317
PM3318	PM3318
PM3319	PM3319
PM3320	PM3320
PM3321	PM3321
PM3323	PM3323
PM3323	PM3326
PM3325	PM3325
PM3326	PM3326
PM3327	PM3327
PM3327	PM3328
PM3328.A	PM3328.Z
PM3329	PM3329
PM34.A2	PM34.A2
PM34.A3	PM34.Z5
PM34.Z8	PM34.Z8
PM34.Z8	PM34.Z9
PM34.Z9.A	PM34.Z9.Z
PM34.Z95.A	PM34.Z95.Z
PM4036	PM4036
PM4036	PM4038
PM4036	PM4039
PM4037	PM4037
PM4038	PM4038
PM4038.5	PM4038.5
PM4038.5	PM4039.Z5
PM4039.A2	PM4039.A2
PM4039.A3	PM4039.Z5
PM4039.Z8	PM4039.Z8
PM4039.Z8	PM4039.Z9
PM4039.Z9.A	PM4039.Z9.Z
PM4039.Z95.A	PM4039.Z95.Z
PM4146	PM4146
PM4146	PM4148
PM4146	PM4149
PM4147	PM4147
PM4148	PM4148
PM4148.5	PM4148.5
PM4148.5	PM4149.Z5
PM4149.A2	PM4149.A2
PM4149.A3	PM4149.Z5
PM4149.Z8	PM4149.Z8
PM4149.Z8	PM4149.Z9
PM4149.Z9.A	PM4149.Z9.Z
PM4149.Z95.A	PM4149.Z95.Z
PM4546	PM4546
PM4546	PM4548
PM4546	PM4549
PM4547	PM4547
PM4548	PM4548
PM4548.5	PM4548.5
PM4548.5	PM4549.Z5
PM4549.A2	PM4549.A2
PM4549.A3	PM4549.Z5
PM4549.Z8	PM4549.Z8
PM4549.Z8	PM4549.Z9
PM4549.Z9.A	PM4549.Z9.Z
PM4549.Z95.A	PM4549.Z95.Z
PM5151	PM5151
PM5151	PM5153
PM5151	PM5154
PM5152	PM5152
PM5153	PM5153
PM5153.5	PM5153.5
PM5153.5	PM5154.Z5
PM5154.A2	PM5154.A2
PM5154.A3	PM5154.Z5
PM5154.Z8	PM5154.Z8
PM5154.Z8	PM5154.Z9
PM5154.Z9.A	PM5154.Z9.Z
PM5154.Z95.A	PM5154.Z95.Z
PM6286	PM6289
PM6286.A1	PM6286.A5
PM6286.A6	PM6286.Z
PM6287	PM6287
PM6288	PM6288
PM6289.A	PM6289.Z9
PM6289.Z95.A	PM6289.Z95.Z
PM7801	PM7801
PM7801	PM7805
PM7802	PM7802
PM7803	PM7803
PM7804	PM7804
PM7805	PM7805
PM781	PM781
PM781	PM783
PM781	PM784
PM7811	PM7814
PM7811.A1	PM7811.A5
PM7811.A6	PM7811.Z
PM7812	PM7812
PM7813	PM7813
PM7814.A	PM7814.Z9
PM7814.Z95.A	PM7814.Z95.Z
PM782	PM782
PM783	PM783
PM783.5	PM783.5
PM783.5	PM784.Z5
PM7831	PM7834
PM7831.A1	PM7831.A5
PM7831.A6	PM7831.Z
PM7832	PM7832
PM7833	PM7833
PM7834.A	PM7834.Z9
PM7834.Z95.A	PM7834.Z95.Z
PM7836	PM7839
PM7836.A1	PM7836.A5
PM7836.A6	PM7836.Z
PM7837	PM7837
PM7838	PM7838
PM7839.A	PM7839.Z9
PM7839.Z95.A	PM7839.Z95.Z
PM784.A2	PM784.A2
PM784.A3	PM784.Z5
PM784.Z8	PM784.Z8
PM784.Z8	PM784.Z9
PM784.Z9.A	PM784.Z9.Z
PM784.Z95.A	PM784.Z95.Z
PM7841	PM7844
PM7841.A1	PM7841.A5
PM7841.A6	PM7841.Z
PM7842	PM7842
PM7843	PM7843
PM7844.A	PM7844.Z9
PM7844.Z95.A	PM7844.Z95.Z
PM7861	PM7864
PM7861.A1	PM7861.A5
PM7861.A6	PM7861.Z
PM7862	PM7862
PM7863	PM7863
PM7864.A	PM7864.Z9
PM7864.Z95.A	PM7864.Z95.Z
PM7871	PM7874
PM7871.A1	PM7871.A5
PM7871.A6	PM7871.Z
PM7872	PM7872
PM7873	PM7873
PM7874.A	PM7874.Z9
PM7874.Z95.A	PM7874.Z95.Z
PM8001	PM8001
PM8001	PM8046
PM8001.5	PM8001.5
PM8002	PM8002
PM8003	PM8003
PM8004	PM8004
PM8005	PM8005
PM8005	PM8006
PM8006.A2	PM8006.A2
PM8006.A2	PM8006.Z
PM8006.A5	PM8006.Z
PM8007	PM8007
PM8008	PM8008
PM8008	PM8010
PM8008.5	PM8008.5
PM8008.8	PM8008.8
PM8009	PM8009
PM8009	PM8009.32
PM8009.5	PM8009.5
PM8010	PM8010
PM8010.5	PM8010.5
PM8011	PM8011
PM8011	PM8026
PM8012	PM8012
PM8013	PM8013.Z
PM8013.A2	PM8013.A2
PM8013.A3	PM8013.Z
PM8015	PM8015
PM8017	PM8017
PM8018	PM8018
PM8018.9	PM8018.9
PM8019	PM8019
PM8021	PM8021
PM8023	PM8023
PM8025.A	PM8025.Z
PM8026	PM8026
PM8027	PM8027
PM8028	PM8028
PM8029	PM8029
PM8030	PM8030
PM8031	PM8031
PM8031	PM8033.9
PM8032	PM8032
PM8033	PM8033
PM8033.5	PM8033.5
PM8033.9.A	PM8033.9.Z
PM8034	PM8034
PM8034	PM8039
PM8035	PM8035
PM8035	PM8039
PM8036	PM8036
PM8037.A	PM8037.Z
PM8038	PM8038
PM8039	PM8039
PM8041.A1	PM8041.A1
PM8041.A1	PM8046
PM8041.A2	PM8041.A29
PM8041.A2	PM8045.Z
PM8041.A3	PM8041.A3
PM8041.A5	PM8041.Z
PM8043	PM8043
PM8045.A1	PM8045.A1
PM8045.A5	PM8045.Z
PM8046	PM8046
PM8161	PM8161
PM8161	PM8163
PM8161	PM8164
PM8162	PM8162
PM8163	PM8163
PM8163.5	PM8163.5
PM8163.5	PM8164.Z5
PM8164.A2	PM8164.A2
PM8164.A3	PM8164.Z5
PM8164.Z8	PM8164.Z8
PM8164.Z8	PM8164.Z9
PM8164.Z9.A	PM8164.Z9.Z
PM8164.Z95.A	PM8164.Z95.Z
PM8381	PM8381
PM8381	PM8383
PM8381	PM8384
PM8382	PM8382
PM8383	PM8383
PM8383.5	PM8383.5
PM8383.5	PM8384.Z5
PM8384.A2	PM8384.A2
PM8384.A3	PM8384.Z5
PM8384.Z8	PM8384.Z8
PM8384.Z8	PM8384.Z9
PM8384.Z9.A	PM8384.Z9.Z
PM8384.Z95.A	PM8384.Z95.Z
PM8391	PM8391
PM8391	PM8393
PM8391	PM8394
PM8392	PM8392
PM8393	PM8393
PM8393.5	PM8393.5
PM8393.5	PM8394.Z5
PM8394.A2	PM8394.A2
PM8394.A3	PM8394.Z5
PM8394.Z8	PM8394.Z8
PM8394.Z8	PM8394.Z9
PM8394.Z9.A	PM8394.Z9.Z
PM8394.Z95.A	PM8394.Z95.Z
PM841	PM841
PM841	PM843
PM841	PM844
PM842	PM842
PM843	PM843
PM843.5	PM843.5
PM843.5	PM844.Z5
PM844.A2	PM844.A2
PM844.A3	PM844.Z5
PM844.Z8	PM844.Z8
PM844.Z8	PM844.Z9
PM844.Z9.A	PM844.Z9.Z
PM844.Z95.A	PM844.Z95.Z
PM846	PM846
PM846	PM848
PM846	PM849
PM847	PM847
PM848	PM848
PM848.5	PM848.5
PM848.5	PM849.Z5
PM849.A2	PM849.A2
PM849.A3	PM849.Z5
PM849.Z8	PM849.Z8
PM849.Z8	PM849.Z9
PM849.Z9.A	PM849.Z9.Z
PM849.Z95.A	PM849.Z95.Z
PM851	PM851
PM851	PM853
PM851	PM854
PM852	PM852
PM853	PM853
PM853.5	PM853.5
PM853.5	PM854.Z5
PM854.A2	PM854.A2
PM854.A3	PM854.Z5
PM854.Z8	PM854.Z8
PM854.Z8	PM854.Z9
PM854.Z9.A	PM854.Z9.Z
PM854.Z95.A	PM854.Z95.Z
PM8576	PM8576
PM8576	PM8578
PM8576	PM8579
PM8577	PM8577
PM8578	PM8578
PM8578.5	PM8578.5
PM8578.5	PM8579.Z5
PM8579.A2	PM8579.A2
PM8579.A3	PM8579.Z5
PM8579.Z8	PM8579.Z8
PM8579.Z8	PM8579.Z9
PM8579.Z9.A	PM8579.Z9.Z
PM8579.Z95.A	PM8579.Z95.Z
PM871	PM871
PM871	PM873
PM871	PM874
PM872	PM872
PM873	PM873
PM873.5	PM873.5
PM873.5	PM874.Z5
PM874.A2	PM874.A2
PM874.A3	PM874.Z5
PM874.Z8	PM874.Z8
PM874.Z8	PM874.Z9
PM874.Z9.A	PM874.Z9.Z
PM874.Z95.A	PM874.Z95.Z
PM986	PM986
PM986	PM988
PM986	PM989
PM987	PM987
PM988	PM988
PM988.5	PM988.5
PM988.5	PM989.Z5
PM989.A2	PM989.A2
PM989.A3	PM989.Z5
PM989.Z8	PM989.Z8
PM989.Z8	PM989.Z9
PM989.Z9.A	PM989.Z9.Z
PM989.Z95.A	PM989.Z95.Z
PQ8600	PQ8600
PQ8600	PQ8612
PQ8600	PQ8619
PQ8600.15	PQ8600.15
PQ8600.2	PQ8600.2
PQ8600.3	PQ8600.3
PQ8600.6.A	PQ8600.6.Z
PQ8601	PQ8601
PQ8602	PQ8602
PQ8603	PQ8603
PQ8604	PQ8604
PQ8605	PQ8605
PQ8606	PQ8606
PQ8607	PQ8607
PQ8608	PQ8608
PQ8609	PQ8609
PQ8610	PQ8610
PQ8611	PQ8611
PQ8612	PQ8612
PQ8612.5	PQ8612.5
PQ8612.5	PQ8616.5
PQ8613	PQ8613
PQ8613.5.A	PQ8613.5.Z
PQ8614	PQ8614
PQ8614	PQ8614.5
PQ8614.5.A	PQ8614.5.Z
PQ8615	PQ8615
PQ8615	PQ8615.5
PQ8615.5.A	PQ8615.5.Z
PQ8616	PQ8616
PQ8616	PQ8616.5
PQ8616.5.A	PQ8616.5.Z
PQ8617.A	PQ8617.Z
PQ8619.A	PQ8619.Z
PR1630	PR1630
PR1630	PR1634
PR1631	PR1631
PR1632	PR1632
PR1632	PR1633
PR1633.A	PR1633.Z
PR1634	PR1634
PR1672	PR1672
PR1672	PR1676
PR1673	PR1673
PR1674	PR1674
PR1674	PR1675
PR1675.A	PR1675.Z
PR1676	PR1676
PR1680	PR1680
PR1680	PR1684
PR1681	PR1681
PR1682	PR1682
PR1682	PR1683
PR1683.A	PR1683.Z
PR1684	PR1684
PR1710	PR1710
PR1710	PR1714
PR1711	PR1711
PR1712	PR1712
PR1712	PR1713
PR1713.A	PR1713.Z
PR1714	PR1714
PR1730	PR1730
PR1730	PR1734
PR1731	PR1731
PR1732	PR1732
PR1732	PR1733
PR1733.A	PR1733.Z
PR1734	PR1734
PR1752	PR1752
PR1752	PR1756
PR1753	PR1753
PR1754	PR1754
PR1754	PR1755
PR1755.A	PR1755.Z
PR1756	PR1756
PR1760	PR1760
PR1760	PR1764
PR1761	PR1761
PR1762	PR1762
PR1762	PR1763
PR1763.A	PR1763.Z
PR1764	PR1764
PR1780	PR1780
PR1780	PR1784
PR1781	PR1781
PR1782	PR1782
PR1782	PR1783
PR1783.A	PR1783.Z
PR1784	PR1784
PR1806	PR1806
PR1806	PR1810
PR1807	PR1807
PR1808	PR1808
PR1808	PR1809
PR1809.A	PR1809.Z
PR1810	PR1810
PR1820	PR1820
PR1820	PR1821
PR1820	PR1828
PR1821	PR1821
PR1822	PR1822
PR1823.A2	PR1823.Z
PR1823.A2.A	PR1823.A2.Z
PR1823.A3	PR1823.Z
PR1824.A	PR1824.Z
PR1825	PR1825
PR1825.2	PR1825.2
PR1826.A1	PR1826.A19
PR1826.A1	PR1826.Z
PR1826.A2	PR1826.A3
PR1826.A31	PR1826.A39
PR1826.A4	PR1826.A4
PR1826.A41	PR1826.A49
PR1826.A5	PR1826.Z
PR1827	PR1827
PR1827	PR1828
PR1828.A	PR1828.Z
PR1828.L33	PR1828.L33
PR1828.S8	PR1828.S8
PR1980	PR1980
PR1980	PR1981
PR1980	PR1988
PR1981	PR1981
PR1982	PR1982
PR1983.A2	PR1983.Z
PR1983.A2.A	PR1983.A2.Z
PR1983.A3	PR1983.Z
PR1984.A	PR1984.Z
PR1985	PR1985
PR1985.2	PR1985.2
PR1986.A1	PR1986.A19
PR1986.A1	PR1986.Z
PR1986.A2	PR1986.A3
PR1986.A31	PR1986.A39
PR1986.A4	PR1986.A4
PR1986.A41	PR1986.A49
PR1986.A5	PR1986.Z
PR1987	PR1987
PR1987	PR1988
PR1988.A	PR1988.Z
PR1988.L33	PR1988.L33
PR1988.S8	PR1988.S8
PR2020	PR2020
PR2020	PR2021
PR2020	PR2028
PR2021	PR2021
PR2022	PR2022
PR2023.A2	PR2023.Z
PR2023.A2.A	PR2023.A2.Z
PR2023.A3	PR2023.Z
PR2024.A	PR2024.Z
PR2025	PR2025
PR2025.2	PR2025.2
PR2026.A1	PR2026.A19
PR2026.A1	PR2026.Z
PR2026.A2	PR2026.A3
PR2026.A31	PR2026.A39
PR2026.A4	PR2026.A4
PR2026.A41	PR2026.A49
PR2026.A5	PR2026.Z
PR2027	PR2027
PR2027	PR2028
PR2028.A	PR2028.Z
PR2028.L33	PR2028.L33
PR2028.S8	PR2028.S8
PR2030	PR2030
PR2030	PR2031
PR2030	PR2038
PR2031	PR2031
PR2032	PR2032
PR2033.A2	PR2033.Z
PR2033.A2.A	PR2033.A2.Z
PR2033.A3	PR2033.Z
PR2034.A	PR2034.Z
PR2035	PR2035
PR2035.2	PR2035.2
PR2036.A1	PR2036.A19
PR2036.A1	PR2036.Z
PR2036.A2	PR2036.A3
PR2036.A31	PR2036.A39
PR2036.A4	PR2036.A4
PR2036.A41	PR2036.A49
PR2036.A5	PR2036.Z
PR2037	PR2037
PR2037	PR2038
PR2038.A	PR2038.Z
PR2038.L33	PR2038.L33
PR2038.S8	PR2038.S8
PR2100	PR2100
PR2100	PR2101
PR2100	PR2108
PR2101	PR2101
PR2102	PR2102
PR2103.A2	PR2103.Z
PR2103.A2.A	PR2103.A2.Z
PR2103.A3	PR2103.Z
PR2104.A	PR2104.Z
PR2105	PR2105
PR2105.2	PR2105.2
PR2106.A1	PR2106.A19
PR2106.A1	PR2106.Z
PR2106.A2	PR2106.A3
PR2106.A31	PR2106.A39
PR2106.A4	PR2106.A4
PR2106.A41	PR2106.A49
PR2106.A5	PR2106.Z
PR2107	PR2107
PR2107	PR2108
PR2108.A	PR2108.Z
PR2108.L33	PR2108.L33
PR2108.S8	PR2108.S8
PR2150	PR2150
PR2150	PR2151
PR2150	PR2158
PR2151	PR2151
PR2152	PR2152
PR2153.A2	PR2153.Z
PR2153.A2.A	PR2153.A2.Z
PR2153.A3	PR2153.Z
PR2154.A	PR2154.Z
PR2155	PR2155
PR2155.2	PR2155.2
PR2156.A1	PR2156.A19
PR2156.A1	PR2156.Z
PR2156.A2	PR2156.A3
PR2156.A31	PR2156.A39
PR2156.A4	PR2156.A4
PR2156.A41	PR2156.A49
PR2156.A5	PR2156.Z
PR2157	PR2157
PR2157	PR2158
PR2158.A	PR2158.Z
PR2158.L33	PR2158.L33
PR2158.S8	PR2158.S8
PR2460	PR2460
PR2460	PR2461
PR2460	PR2468
PR2461	PR2461
PR2462	PR2462
PR2463.A2	PR2463.Z
PR2463.A2.A	PR2463.A2.Z
PR2463.A3	PR2463.Z
PR2464.A	PR2464.Z
PR2465	PR2465
PR2465.2	PR2465.2
PR2466.A1	PR2466.A19
PR2466.A1	PR2466.Z
PR2466.A2	PR2466.A3
PR2466.A31	PR2466.A39
PR2466.A4	PR2466.A4
PR2466.A41	PR2466.A49
PR2466.A5	PR2466.Z
PR2467	PR2467
PR2467	PR2468
PR2468.A	PR2468.Z
PR2468.L33	PR2468.L33
PR2468.S8	PR2468.S8
PR2470	PR2470
PR2470	PR2471
PR2470	PR2478
PR2471	PR2471
PR2472	PR2472
PR2473.A2	PR2473.Z
PR2473.A2.A	PR2473.A2.Z
PR2473.A3	PR2473.Z
PR2474.A	PR2474.Z
PR2475	PR2475
PR2475.2	PR2475.2
PR2476.A1	PR2476.A19
PR2476.A1	PR2476.Z
PR2476.A2	PR2476.A3
PR2476.A31	PR2476.A39
PR2476.A4	PR2476.A4
PR2476.A41	PR2476.A49
PR2476.A5	PR2476.Z
PR2477	PR2477
PR2477	PR2478
PR2478.A	PR2478.Z
PR2478.L33	PR2478.L33
PR2478.S8	PR2478.S8
PR2520	PR2520
PR2520	PR2521
PR2520	PR2528
PR2521	PR2521
PR2522	PR2522
PR2523.A2	PR2523.Z
PR2523.A2.A	PR2523.A2.Z
PR2523.A3	PR2523.Z
PR2524.A	PR2524.Z
PR2525	PR2525
PR2525.2	PR2525.2
PR2526.A1	PR2526.A19
PR2526.A1	PR2526.Z
PR2526.A2	PR2526.A3
PR2526.A31	PR2526.A39
PR2526.A4	PR2526.A4
PR2526.A41	PR2526.A49
PR2526.A5	PR2526.Z
PR2527	PR2527
PR2527	PR2528
PR2528.A	PR2528.Z
PR2528.L33	PR2528.L33
PR2528.S8	PR2528.S8
PR2540	PR2540
PR2540	PR2541
PR2540	PR2548
PR2541	PR2541
PR2542	PR2542
PR2543.A2	PR2543.Z
PR2543.A2.A	PR2543.A2.Z
PR2543.A3	PR2543.Z
PR2544.A	PR2544.Z
PR2545	PR2545
PR2545.2	PR2545.2
PR2546.A1	PR2546.A19
PR2546.A1	PR2546.Z
PR2546.A2	PR2546.A3
PR2546.A31	PR2546.A39
PR2546.A4	PR2546.A4
PR2546.A41	PR2546.A49
PR2546.A5	PR2546.Z
PR2547	PR2547
PR2547	PR2548
PR2548.A	PR2548.Z
PR2548.L33	PR2548.L33
PR2548.S8	PR2548.S8
PR2560	PR2560
PR2560	PR2561
PR2560	PR2568
PR2561	PR2561
PR2562	PR2562
PR2563.A2	PR2563.Z
PR2563.A2.A	PR2563.A2.Z
PR2563.A3	PR2563.Z
PR2564.A	PR2564.Z
PR2565	PR2565
PR2565.2	PR2565.2
PR2566.A1	PR2566.A19
PR2566.A1	PR2566.Z
PR2566.A2	PR2566.A3
PR2566.A31	PR2566.A39
PR2566.A4	PR2566.A4
PR2566.A41	PR2566.A49
PR2566.A5	PR2566.Z
PR2567	PR2567
PR2567	PR2568
PR2568.A	PR2568.Z
PR2568.L33	PR2568.L33
PR2568.S8	PR2568.S8
PR2570	PR2570
PR2570	PR2571
PR2570	PR2578
PR2571	PR2571
PR2572	PR2572
PR2573.A2	PR2573.Z
PR2573.A2.A	PR2573.A2.Z
PR2573.A3	PR2573.Z
PR2574.A	PR2574.Z
PR2575	PR2575
PR2575.2	PR2575.2
PR2576.A1	PR2576.A19
PR2576.A1	PR2576.Z
PR2576.A2	PR2576.A3
PR2576.A31	PR2576.A39
PR2576.A4	PR2576.A4
PR2576.A41	PR2576.A49
PR2576.A5	PR2576.Z
PR2577	PR2577
PR2577	PR2578
PR2578.A	PR2578.Z
PR2578.L33	PR2578.L33
PR2578.S8	PR2578.S8
PR2650	PR2650
PR2650	PR2651
PR2650	PR2658
PR2651	PR2651
PR2652	PR2652
PR2653.A2	PR2653.Z
PR2653.A2.A	PR2653.A2.Z
PR2653.A3	PR2653.Z
PR2654.A	PR2654.Z
PR2655	PR2655
PR2655.2	PR2655.2
PR2656.A1	PR2656.A19
PR2656.A1	PR2656.Z
PR2656.A2	PR2656.A3
PR2656.A31	PR2656.A39
PR2656.A4	PR2656.A4
PR2656.A41	PR2656.A49
PR2656.A5	PR2656.Z
PR2657	PR2657
PR2657	PR2658
PR2658.A	PR2658.Z
PR2658.L33	PR2658.L33
PR2658.S8	PR2658.S8
PR2690	PR2690
PR2690	PR2691
PR2690	PR2698
PR2691	PR2691
PR2692	PR2692
PR2693.A2	PR2693.Z
PR2693.A2.A	PR2693.A2.Z
PR2693.A3	PR2693.Z
PR2694.A	PR2694.Z
PR2695	PR2695
PR2695.2	PR2695.2
PR2696.A1	PR2696.A19
PR2696.A1	PR2696.Z
PR2696.A2	PR2696.A3
PR2696.A31	PR2696.A39
PR2696.A4	PR2696.A4
PR2696.A41	PR2696.A49
PR2696.A5	PR2696.Z
PR2697	PR2697
PR2697	PR2698
PR2698.A	PR2698.Z
PR2698.L33	PR2698.L33
PR2698.S8	PR2698.S8
PR2700	PR2700
PR2700	PR2701
PR2700	PR2708
PR2701	PR2701
PR2702	PR2702
PR2703.A2	PR2703.Z
PR2703.A2.A	PR2703.A2.Z
PR2703.A3	PR2703.Z
PR2704.A	PR2704.Z
PR2705	PR2705
PR2705.2	PR2705.2
PR2706.A1	PR2706.A19
PR2706.A1	PR2706.Z
PR2706.A2	PR2706.A3
PR2706.A31	PR2706.A39
PR2706.A4	PR2706.A4
PR2706.A41	PR2706.A49
PR2706.A5	PR2706.Z
PR2707	PR2707
PR2707	PR2708
PR2708.A	PR2708.Z
PR2708.L33	PR2708.L33
PR2708.S8	PR2708.S8
PR2730	PR2730
PR2730	PR2731
PR2730	PR2738
PR2731	PR2731
PR2732	PR2732
PR2733.A2	PR2733.Z
PR2733.A2.A	PR2733.A2.Z
PR2733.A3	PR2733.Z
PR2734.A	PR2734.Z
PR2735	PR2735
PR2735.2	PR2735.2
PR2736.A1	PR2736.A19
PR2736.A1	PR2736.Z
PR2736.A2	PR2736.A3
PR2736.A31	PR2736.A39
PR2736.A4	PR2736.A4
PR2736.A41	PR2736.A49
PR2736.A5	PR2736.Z
PR2737	PR2737
PR2737	PR2738
PR2738.A	PR2738.Z
PR2738.L33	PR2738.L33
PR2738.S8	PR2738.S8
PR3140	PR3140
PR3140	PR3141
PR3140	PR3148
PR3141	PR3141
PR3142	PR3142
PR3143.A2	PR3143.Z
PR3143.A2.A	PR3143.A2.Z
PR3143.A3	PR3143.Z
PR3144.A	PR3144.Z
PR3145	PR3145
PR3145.2	PR3145.2
PR3146.A1	PR3146.A19
PR3146.A1	PR3146.Z
PR3146.A2	PR3146.A3
PR3146.A31	PR3146.A39
PR3146.A4	PR3146.A4
PR3146.A41	PR3146.A49
PR3146.A5	PR3146.Z
PR3147	PR3147
PR3147	PR3148
PR3148.A	PR3148.Z
PR3148.L33	PR3148.L33
PR3148.S8	PR3148.S8
PR3180	PR3180
PR3180	PR3181
PR3180	PR3188
PR3181	PR3181
PR3182	PR3182
PR3183.A2	PR3183.Z
PR3183.A2.A	PR3183.A2.Z
PR3183.A3	PR3183.Z
PR3184.A	PR3184.Z
PR3185	PR3185
PR3185.2	PR3185.2
PR3186.A1	PR3186.A19
PR3186.A1	PR3186.Z
PR3186.A2	PR3186.A3
PR3186.A31	PR3186.A39
PR3186.A4	PR3186.A4
PR3186.A41	PR3186.A49
PR3186.A5	PR3186.Z
PR3187	PR3187
PR3187	PR3188
PR3188.A	PR3188.Z
PR3188.L33	PR3188.L33
PR3188.S8	PR3188.S8
PR3690	PR3690
PR3690	PR3691
PR3690	PR3698
PR3691	PR3691
PR3692	PR3692
PR3693.A2	PR3693.Z
PR3693.A2.A	PR3693.A2.Z
PR3693.A3	PR3693.Z
PR3694.A	PR3694.Z
PR3695	PR3695
PR3695.2	PR3695.2
PR3696.A1	PR3696.A19
PR3696.A1	PR3696.Z
PR3696.A2	PR3696.A3
PR3696.A31	PR3696.A39
PR3696.A4	PR3696.A4
PR3696.A41	PR3696.A49
PR3696.A5	PR3696.Z
PR3697	PR3697
PR3697	PR3698
PR3698.A	PR3698.Z
PR3698.L33	PR3698.L33
PR3698.S8	PR3698.S8
PR3770	PR3770
PR3770	PR3771
PR3770	PR3778
PR3771	PR3771
PR3772	PR3772
PR3773.A2	PR3773.Z
PR3773.A2.A	PR3773.A2.Z
PR3773.A3	PR3773.Z
PR3774.A	PR3774.Z
PR3775	PR3775
PR3775.2	PR3775.2
PR3776.A1	PR3776.A19
PR3776.A1	PR3776.Z
PR3776.A2	PR3776.A3
PR3776.A31	PR3776.A39
PR3776.A4	PR3776.A4
PR3776.A41	PR3776.A49
PR3776.A5	PR3776.Z
PR3777	PR3777
PR3777	PR3778
PR3778.A	PR3778.Z
PR3778.L33	PR3778.L33
PR3778.S8	PR3778.S8
PR4030	PR4030
PR4030	PR4031
PR4030	PR4038
PR4031	PR4031
PR4032	PR4032
PR4033.A2	PR4033.Z
PR4033.A2.A	PR4033.A2.Z
PR4033.A3	PR4033.Z
PR4034.A	PR4034.Z
PR4035	PR4035
PR4035.2	PR4035.2
PR4036.A1	PR4036.A19
PR4036.A1	PR4036.Z
PR4036.A2	PR4036.A3
PR4036.A31	PR4036.A39
PR4036.A4	PR4036.A4
PR4036.A41	PR4036.A49
PR4036.A5	PR4036.Z
PR4037	PR4037
PR4037	PR4038
PR4038.A	PR4038.Z
PR4038.L33	PR4038.L33
PR4038.S8	PR4038.S8
PR4100	PR4100
PR4100	PR4101
PR4100	PR4108
PR4101	PR4101
PR4102	PR4102
PR4103.A2	PR4103.Z
PR4103.A2.A	PR4103.A2.Z
PR4103.A3	PR4103.Z
PR4104.A	PR4104.Z
PR4105	PR4105
PR4105.2	PR4105.2
PR4106.A1	PR4106.A19
PR4106.A1	PR4106.Z
PR4106.A2	PR4106.A3
PR4106.A31	PR4106.A39
PR4106.A4	PR4106.A4
PR4106.A41	PR4106.A49
PR4106.A5	PR4106.Z
PR4107	PR4107
PR4107	PR4108
PR4108.A	PR4108.Z
PR4108.L33	PR4108.L33
PR4108.S8	PR4108.S8
PR4120	PR4120
PR4120	PR4121
PR4120	PR4128
PR4121	PR4121
PR4122	PR4122
PR4123.A2	PR4123.Z
PR4123.A2.A	PR4123.A2.Z
PR4123.A3	PR4123.Z
PR4124.A	PR4124.Z
PR4125	PR4125
PR4125.2	PR4125.2
PR4126.A1	PR4126.A19
PR4126.A1	PR4126.Z
PR4126.A2	PR4126.A3
PR4126.A31	PR4126.A39
PR4126.A4	PR4126.A4
PR4126.A41	PR4126.A49
PR4126.A5	PR4126.Z
PR4127	PR4127
PR4127	PR4128
PR4128.A	PR4128.Z
PR4128.L33	PR4128.L33
PR4128.S8	PR4128.S8
PR4400	PR4400
PR4400	PR4401
PR4400	PR4408
PR4401	PR4401
PR4402	PR4402
PR4403.A2	PR4403.Z
PR4403.A2.A	PR4403.A2.Z
PR4403.A3	PR4403.Z
PR4404.A	PR4404.Z
PR4405	PR4405
PR4405.2	PR4405.2
PR4406.A1	PR4406.A19
PR4406.A1	PR4406.Z
PR4406.A2	PR4406.A3
PR4406.A31	PR4406.A39
PR4406.A4	PR4406.A4
PR4406.A41	PR4406.A49
PR4406.A5	PR4406.Z
PR4407	PR4407
PR4407	PR4408
PR4408.A	PR4408.Z
PR4408.L33	PR4408.L33
PR4408.S8	PR4408.S8
PR4490	PR4490
PR4490	PR4491
PR4490	PR4498
PR4491	PR4491
PR4492	PR4492
PR4493.A2	PR4493.Z
PR4493.A2.A	PR4493.A2.Z
PR4493.A3	PR4493.Z
PR4494.A	PR4494.Z
PR4495	PR4495
PR4495.2	PR4495.2
PR4496.A1	PR4496.A19
PR4496.A1	PR4496.Z
PR4496.A2	PR4496.A3
PR4496.A31	PR4496.A39
PR4496.A4	PR4496.A4
PR4496.A41	PR4496.A49
PR4496.A5	PR4496.Z
PR4497	PR4497
PR4497	PR4498
PR4498.A	PR4498.Z
PR4498.L33	PR4498.L33
PR4498.S8	PR4498.S8
PR4630	PR4630
PR4630	PR4631
PR4630	PR4638
PR4631	PR4631
PR4632	PR4632
PR4633.A2	PR4633.Z
PR4633.A2.A	PR4633.A2.Z
PR4633.A3	PR4633.Z
PR4634.A	PR4634.Z
PR4635	PR4635
PR4635.2	PR4635.2
PR4636.A1	PR4636.A19
PR4636.A1	PR4636.Z
PR4636.A2	PR4636.A3
PR4636.A31	PR4636.A39
PR4636.A4	PR4636.A4
PR4636.A41	PR4636.A49
PR4636.A5	PR4636.Z
PR4637	PR4637
PR4637	PR4638
PR4638.A	PR4638.Z
PR4638.L33	PR4638.L33
PR4638.S8	PR4638.S8
PR5150	PR5150
PR5150	PR5151
PR5150	PR5158
PR5151	PR5151
PR5152	PR5152
PR5153.A2	PR5153.Z
PR5153.A2.A	PR5153.A2.Z
PR5153.A3	PR5153.Z
PR5154.A	PR5154.Z
PR5155	PR5155
PR5155.2	PR5155.2
PR5156.A1	PR5156.A19
PR5156.A1	PR5156.Z
PR5156.A2	PR5156.A3
PR5156.A31	PR5156.A39
PR5156.A4	PR5156.A4
PR5156.A41	PR5156.A49
PR5156.A5	PR5156.Z
PR5157	PR5157
PR5157	PR5158
PR5158.A	PR5158.Z
PR5158.L33	PR5158.L33
PR5158.S8	PR5158.S8
PR5210	PR5210
PR5210	PR5211
PR5210	PR5218
PR5211	PR5211
PR5212	PR5212
PR5213.A2	PR5213.Z
PR5213.A2.A	PR5213.A2.Z
PR5213.A3	PR5213.Z
PR5214.A	PR5214.Z
PR5215	PR5215
PR5215.2	PR5215.2
PR5216.A1	PR5216.A19
PR5216.A1	PR5216.Z
PR5216.A2	PR5216.A3
PR5216.A31	PR5216.A39
PR5216.A4	PR5216.A4
PR5216.A41	PR5216.A49
PR5216.A5	PR5216.Z
PR5217	PR5217
PR5217	PR5218
PR5218.A	PR5218.Z
PR5218.L33	PR5218.L33
PR5218.S8	PR5218.S8
PR5710	PR5710
PR5710	PR5711
PR5710	PR5718
PR5711	PR5711
PR5712	PR5712
PR5713.A2	PR5713.Z
PR5713.A2.A	PR5713.A2.Z
PR5713.A3	PR5713.Z
PR5714.A	PR5714.Z
PR5715	PR5715
PR5715.2	PR5715.2
PR5716.A1	PR5716.A19
PR5716.A1	PR5716.Z
PR5716.A2	PR5716.A3
PR5716.A31	PR5716.A39
PR5716.A4	PR5716.A4
PR5716.A41	PR5716.A49
PR5716.A5	PR5716.Z
PR5717	PR5717
PR5717	PR5718
PR5718.A	PR5718.Z
PR5718.L33	PR5718.L33
PR5718.S8	PR5718.S8
PS1030	PS1030
PS1030	PS1031
PS1030	PS1038
PS1031	PS1031
PS1032	PS1032
PS1033.A2	PS1033.Z
PS1033.A2.A	PS1033.A2.Z
PS1033.A3	PS1033.Z
PS1034.A	PS1034.Z
PS1035	PS1035
PS1035.2	PS1035.2
PS1036.A1	PS1036.A19
PS1036.A1	PS1036.Z
PS1036.A2	PS1036.A3
PS1036.A31	PS1036.A39
PS1036.A4	PS1036.A4
PS1036.A41	PS1036.A49
PS1036.A5	PS1036.Z
PS1037	PS1037
PS1037	PS1038
PS1038.A	PS1038.Z
PS1038.L33	PS1038.L33
PS1038.S8	PS1038.S8
PS1130	PS1130
PS1130	PS1131
PS1130	PS1138
PS1131	PS1131
PS1132	PS1132
PS1133.A2	PS1133.Z
PS1133.A2.A	PS1133.A2.Z
PS1133.A3	PS1133.Z
PS1134.A	PS1134.Z
PS1135	PS1135
PS1135.2	PS1135.2
PS1136.A1	PS1136.A19
PS1136.A1	PS1136.Z
PS1136.A2	PS1136.A3
PS1136.A31	PS1136.A39
PS1136.A4	PS1136.A4
PS1136.A41	PS1136.A49
PS1136.A5	PS1136.Z
PS1137	PS1137
PS1137	PS1138
PS1138.A	PS1138.Z
PS1138.L33	PS1138.L33
PS1138.S8	PS1138.S8
PS1210	PS1210
PS1210	PS1211
PS1210	PS1218
PS1211	PS1211
PS1212	PS1212
PS1213.A2	PS1213.Z
PS1213.A2.A	PS1213.A2.Z
PS1213.A3	PS1213.Z
PS1214.A	PS1214.Z
PS1215	PS1215
PS1215.2	PS1215.2
PS1216.A1	PS1216.A19
PS1216.A1	PS1216.Z
PS1216.A2	PS1216.A3
PS1216.A31	PS1216.A39
PS1216.A4	PS1216.A4
PS1216.A41	PS1216.A49
PS1216.A5	PS1216.Z
PS1217	PS1217
PS1217	PS1218
PS1218.A	PS1218.Z
PS1218.L33	PS1218.L33
PS1218.S8	PS1218.S8
PS1240	PS1240
PS1240	PS1241
PS1240	PS1248
PS1241	PS1241
PS1242	PS1242
PS1243.A2	PS1243.Z
PS1243.A2.A	PS1243.A2.Z
PS1243.A3	PS1243.Z
PS1244.A	PS1244.Z
PS1245	PS1245
PS1245.2	PS1245.2
PS1246.A1	PS1246.A19
PS1246.A1	PS1246.Z
PS1246.A2	PS1246.A3
PS1246.A31	PS1246.A39
PS1246.A4	PS1246.A4
PS1246.A41	PS1246.A49
PS1246.A5	PS1246.Z
PS1247	PS1247
PS1247	PS1248
PS1248.A	PS1248.Z
PS1248.L33	PS1248.L33
PS1248.S8	PS1248.S8
PS1280	PS1280
PS1280	PS1281
PS1280	PS1288
PS1281	PS1281
PS1282	PS1282
PS1283.A2	PS1283.Z
PS1283.A2.A	PS1283.A2.Z
PS1283.A3	PS1283.Z
PS1284.A	PS1284.Z
PS1285	PS1285
PS1285.2	PS1285.2
PS1286.A1	PS1286.A19
PS1286.A1	PS1286.Z
PS1286.A2	PS1286.A3
PS1286.A31	PS1286.A39
PS1286.A4	PS1286.A4
PS1286.A41	PS1286.A49
PS1286.A5	PS1286.Z
PS1287	PS1287
PS1287	PS1288
PS1288.A	PS1288.Z
PS1288.L33	PS1288.L33
PS1288.S8	PS1288.S8
PS1930	PS1930
PS1930	PS1931
PS1930	PS1938
PS1931	PS1931
PS1932	PS1932
PS1933.A2	PS1933.Z
PS1933.A2.A	PS1933.A2.Z
PS1933.A3	PS1933.Z
PS1934.A	PS1934.Z
PS1935	PS1935
PS1935.2	PS1935.2
PS1936.A1	PS1936.A19
PS1936.A1	PS1936.Z
PS1936.A2	PS1936.A3
PS1936.A31	PS1936.A39
PS1936.A4	PS1936.A4
PS1936.A41	PS1936.A49
PS1936.A5	PS1936.Z
PS1937	PS1937
PS1937	PS1938
PS1938.A	PS1938.Z
PS1938.L33	PS1938.L33
PS1938.S8	PS1938.S8
PS2400	PS2400
PS2400	PS2401
PS2400	PS2408
PS2401	PS2401
PS2402	PS2402
PS2403.A2	PS2403.Z
PS2403.A2.A	PS2403.A2.Z
PS2403.A3	PS2403.Z
PS2404.A	PS2404.Z
PS2405	PS2405
PS2405.2	PS2405.2
PS2406.A1	PS2406.A19
PS2406.A1	PS2406.Z
PS2406.A2	PS2406.A3
PS2406.A31	PS2406.A39
PS2406.A4	PS2406.A4
PS2406.A41	PS2406.A49
PS2406.A5	PS2406.Z
PS2407	PS2407
PS2407	PS2408
PS2408.A	PS2408.Z
PS2408.L33	PS2408.L33
PS2408.S8	PS2408.S8
PS2450	PS2450
PS2450	PS2451
PS2450	PS2458
PS2451	PS2451
PS2452	PS2452
PS2453.A2	PS2453.Z
PS2453.A2.A	PS2453.A2.Z
PS2453.A3	PS2453.Z
PS2454.A	PS2454.Z
PS2455	PS2455
PS2455.2	PS2455.2
PS2456.A1	PS2456.A19
PS2456.A1	PS2456.Z
PS2456.A2	PS2456.A3
PS2456.A31	PS2456.A39
PS2456.A4	PS2456.A4
PS2456.A41	PS2456.A49
PS2456.A5	PS2456.Z
PS2457	PS2457
PS2457	PS2458
PS2458.A	PS2458.Z
PS2458.L33	PS2458.L33
PS2458.S8	PS2458.S8
PS2500	PS2500
PS2500	PS2501
PS2500	PS2508
PS2501	PS2501
PS2502	PS2502
PS2503.A2	PS2503.Z
PS2503.A2.A	PS2503.A2.Z
PS2503.A3	PS2503.Z
PS2504.A	PS2504.Z
PS2505	PS2505
PS2505.2	PS2505.2
PS2506.A1	PS2506.A19
PS2506.A1	PS2506.Z
PS2506.A2	PS2506.A3
PS2506.A31	PS2506.A39
PS2506.A4	PS2506.A4
PS2506.A41	PS2506.A49
PS2506.A5	PS2506.Z
PS2507	PS2507
PS2507	PS2508
PS2508.A	PS2508.Z
PS2508.L33	PS2508.L33
PS2508.S8	PS2508.S8
PS3130	PS3130
PS3130	PS3131
PS3130	PS3138
PS3131	PS3131
PS3132	PS3132
PS3133.A2	PS3133.Z
PS3133.A2.A	PS3133.A2.Z
PS3133.A3	PS3133.Z
PS3134.A	PS3134.Z
PS3135	PS3135
PS3135.2	PS3135.2
PS3136.A1	PS3136.A19
PS3136.A1	PS3136.Z
PS3136.A2	PS3136.A3
PS3136.A31	PS3136.A39
PS3136.A4	PS3136.A4
PS3136.A41	PS3136.A49
PS3136.A5	PS3136.Z
PS3137	PS3137
PS3137	PS3138
PS3138.A	PS3138.Z
PS3138.L33	PS3138.L33
PS3138.S8	PS3138.S8
PT4896	PT4897
PT4896.A1	PT4896.A1
PT4896.A1	PT4896.A8
PT4896.A3	PT4896.A3
PT4896.A5	PT4896.A5
PT4896.A8	PT4896.A8
PT4896.E1	PT4896.E1
PT4896.E1	PT4896.E8
PT4896.E3	PT4896.E3
PT4896.E5	PT4896.E5
PT4896.E8	PT4896.E8
PT4896.F1	PT4896.F1
PT4896.F1	PT4896.F8
PT4896.F3	PT4896.F3
PT4896.F5	PT4896.F5
PT4896.F8	PT4896.F8
PT4896.G1	PT4896.G1
PT4896.G1	PT4896.G8
PT4896.G3	PT4896.G3
PT4896.G5	PT4896.G5
PT4896.G8	PT4896.G8
PT4896.I1	PT4896.I1
PT4896.I1	PT4896.I8
PT4896.I3	PT4896.I3
PT4896.I5	PT4896.I5
PT4896.I8	PT4896.I8
PT4896.R1	PT4896.R1
PT4896.R1	PT4896.R8
PT4896.R3	PT4896.R3
PT4896.R5	PT4896.R5
PT4896.R8	PT4896.R8
PT4896.S1	PT4896.S1
PT4896.S1	PT4896.S8
PT4896.S3	PT4896.S3
PT4896.S5	PT4896.S5
PT4896.S8	PT4896.S8
PT4897.A	PT4897.Z
