normalized_label,concept_id,label,paths
12th century,10266,12th Century,History > Civilization > Medieval > 12th Century
12th century,10385,12th century,"History > By Region > European > By Period > Medieval > Late Medieval, 11th–15th C. > 11th-12th centuries > 12th century"
13th century,10251,13th Century,History > Civilization > Medieval > 13th Century
13th century,10491,13th century,"History > By Region > European > By Period > Medieval > Late Medieval, 11th–15th C. > 13th-15th centuries > 13th century"
16th century,3553,16th Century,History > By Region > European > West > French > By Period > 16th Century
16th century,4348,16th Century,Literature > Literary Criticism > Periods & Movements > Modern Literary Criticism > 16th Century
16th century,7378,16th century,Literature > Romance > France > Modern > 16th century
16th century,10412,16th century,"History > By Region > African > North > Maghrib. Barbary States > Piracy, 1516–1830 > 16th century"
16th-18th centuries,3870,16th-18th centuries,Literature > Germanic & Nordic > Denmark > By Period > 16th-18th centuries
16th-18th centuries,3900,16th-18th centuries,Literature > Germanic & Nordic > Netherlands > By Period > 16th-18th centuries
16th-18th centuries,10399,16th-18th centuries,History > By Region > African > North > 16th-18th centuries
16th-18th centuries,54297,16th-18th centuries,History > By Region > African > East > Ethiopian > By Period > 16th-18th centuries
1775–1865,50939,1775–1865,History > By Region > North American > U.S. > Local > Middle Atlantic > New York > City > 1775–1865
1775–1865,50944,1775–1865,History > By Region > North American > U.S. > Local > New England > Massachusetts > Boston > 1775–1865
1775–1865,50947,1775–1865,History > By Region > North American > U.S. > Local > Middle Atlantic > Pennsylvania > Philadelphia > 1775–1865
1775–1865,50980,1775–1865,History > By Region > North American > U.S. > Local > New England > Massachusetts > 1775–1865
1775–1865,50984,1775–1865,History > By Region > North American > U.S. > Local > Middle Atlantic > Pennsylvania > 1775–1865
1775–1865,50987,1775–1865,History > By Region > North American > U.S. > Local > South > Virginia > 1775–1865
17th & 18th centuries,11044,17th & 18th centuries,"Philosophy > History, Traditions & Regions > Historical Periods > Modern Philosophy > Regional Modern Philosophy > Scandinavian Modern Philosophy > Swedish Modern Philosophy > 17th & 18th centuries"
17th & 18th centuries,11106,17th & 18th centuries,"Philosophy > History, Traditions & Regions > Historical Periods > Modern Philosophy > Regional Modern Philosophy > Russian Modern Philosophy > 17th & 18th centuries"
17th century,3668,17th Century,History > Eras > Modern > 17th Century
17th century,4349,17th Century,Literature > Literary Criticism > Periods & Movements > Modern Literary Criticism > 17th Century
17th century,7911,17th century,Literature > Romance > France > Modern > 17th century
17th century,10099,17th century,History > By Region > European > West > British Isles > English > By Period > 17th century
17th century,10123,17th century,History > By Region > European > West > British Isles > Irish > By Period > 17th century
17th century,10776,17th century,"Philosophy > History, Traditions & Regions > Historical Periods > Modern Philosophy > Regional Modern Philosophy > French Modern Philosophy > 17th century"
17th century,10793,17th century,"Philosophy > History, Traditions & Regions > Historical Periods > Modern Philosophy > Regional Modern Philosophy > Italian Modern Philosophy > 17th century"
17th century,10872,17th century,"Philosophy > History, Traditions & Regions > Historical Periods > Modern Philosophy > Modern Philosophy by Era > 17th century"
17th century,10874,17th century,Arts & Media > Aesthetics > 17th century || Philosophy > Aesthetics > 17th century
17th century,10928,17th century,"Philosophy > History, Traditions & Regions > Historical Periods > Modern Philosophy > Regional Modern Philosophy > England, Ireland, Scotland & Wales > 17th century"
17th century,10991,17th century,"Philosophy > History, Traditions & Regions > Historical Periods > Modern Philosophy > Regional Modern Philosophy > Germany. Austria German > 17th century"
17th century,11118,17th century,"Philosophy > History, Traditions & Regions > Historical Periods > Modern Philosophy > Regional Modern Philosophy > Netherlands Low Countries > 17th century"
1810-,11264,1810-,History > By Region > Latin American > Colombian > By Period > 1810-
1810-,11266,1810-,History > By Region > Latin American > Chilean > By Period > 1810-
1810-,54503,1810-,History > By Region > Latin American > Argentine > By Period > 1810-
1810–1960,11951,1810–1960,Literature > Romance > Spain > Regional Spanish > Argentine Spanish > By Period > 1810–1960
1810–1960,11956,1810–1960,Literature > Romance > Spain > Regional Spanish > Mexican Spanish > By Period > 1810–1960
1810–1960,11965,1810–1960,Literature > Romance > Spain > Regional Spanish > Chilean Spanish > By Period > 1810–1960
1810–1960,11978,1810–1960,Literature > Romance > Spain > Regional Spanish > Peruvian Spanish > By Period > 1810–1960
1865–1950,50945,1865–1950,History > By Region > North American > U.S. > Local > New England > Massachusetts > Boston > 1865–1950
1865–1950,50948,1865–1950,History > By Region > North American > U.S. > Local > Middle Atlantic > Pennsylvania > Philadelphia > 1865–1950
1865–1950,50977,1865–1950,History > By Region > North American > U.S. > Local > South > Florida > 1865–1950
1865–1950,50981,1865–1950,History > By Region > North American > U.S. > Local > New England > Massachusetts > 1865–1950
1865–1950,50988,1865–1950,History > By Region > North American > U.S. > Local > South > Virginia > 1865–1950
1890-1916. german domination,54281,1890-1916. German domination,History > By Region > African > East > Burundian > By Period > 1890-1916. German domination
1890-1916. german domination,54319,1890-1916. German domination,History > By Region > African > East > Rwanda. Ruanda-Urundi > By Period > 1890-1916. German domination
18th century,3669,18th Century,History > Eras > Modern > 18th Century
18th century,4177,18th Century,Literature > English > By Period > 18th Century
18th century,4185,18th Century,Literature > Romance > France > By Period > 18th Century
18th century,4350,18th Century,Literature > Literary Criticism > Periods & Movements > Modern Literary Criticism > 18th Century
18th century,4463,18th century,Literature > Slavic & Eurasian > 18th century
18th century,7338,18th century,Literature > Romance > France > Modern > 18th century
18th century,9764,18th century,Arts & Media > Design & Decorative Arts > Drawing & Illustration > History of drawing > 18th century
18th century,10104,18th century,History > By Region > European > West > British Isles > Scottish > By Period > 18th century
18th century,10155,18th century,History > By Region > European > West > British Isles > English > By Period > 18th century
18th century,10174,18th century,History > By Region > European > West > British Isles > Irish > By Period > 18th century
18th century,10243,18th Century,History > Civilization > Modern > 18th Century
18th century,10778,18th century,Philosophy > Ethics > Ethics History > 18th century
18th century,10790,18th century,"Philosophy > History, Traditions & Regions > Historical Periods > Modern Philosophy > Regional Modern Philosophy > Germany. Austria German > 18th century"
18th century,10870,18th century,"Philosophy > History, Traditions & Regions > Historical Periods > Modern Philosophy > Regional Modern Philosophy > England, Ireland, Scotland & Wales > 18th century"
18th century,10892,18th century,"Philosophy > History, Traditions & Regions > Historical Periods > Modern Philosophy > Regional Modern Philosophy > Netherlands Low Countries > 18th century"
18th century,10944,18th century,"Philosophy > History, Traditions & Regions > Historical Periods > Modern Philosophy > Regional Modern Philosophy > French Modern Philosophy > 18th century"
18th century,11068,18th century,Arts & Media > Aesthetics > 18th century || Philosophy > Aesthetics > 18th century
18th century,11191,18th century,"Philosophy > History, Traditions & Regions > Historical Periods > Modern Philosophy > Regional Modern Philosophy > Italian Modern Philosophy > 18th century"
1901-,10516,1901-,History > By Region > Asian > Southeast > Philippine > By Period > 1901-
1901-,11407,1901-,History > By Region > Middle Eastern > Armenian > By Period > 1901-
1916-1945. belgian domination. league of nations mandate,54282,1916-1945. Belgian domination. League of Nations mandate,History > By Region > African > East > Burundian > By Period > 1916-1945. Belgian domination. League of Nations mandate
1916-1945. belgian domination. league of nations mandate,54320,1916-1945. Belgian domination. League of Nations mandate,History > By Region > African > East > Rwanda. Ruanda-Urundi > By Period > 1916-1945. Belgian domination. League of Nations mandate
1917-1945,11373,1917-1945,History > By Region > Asian > Tajik > By Period > 1917-1945
1917-1945,11380,1917-1945,History > By Region > Asian > Kyrgyz > By Period > 1917-1945
1917-1945,11383,1917-1945,History > By Region > Asian > Kazakh > By Period > 1917-1945
1917-1945,11384,1917-1945,History > By Region > Asian > Uzbek > By Period > 1917-1945
1945-,10100,1945-,History > By Region > European > South > Greco-Roman > 1945-
1945-,10329,1945-,History > By Region > North American > Canadian > By Period > 1945-
1945-,10473,1945-,History > By Region > Asian > 20th century > 1945-
1945-,11305,1945-,History > By Region > Latin American > Belizean > By Period > 1945-
1945-,11326,1945-,History > By Region > Oceanian > Australia & New Zealand > New Zealand > By Period > 1945-
1945-,11333,1945-,History > By Region > Oceanian > Australia & New Zealand > Australian > By Period > 1945-
1945-1962. united nations mandate. belgian administration,54283,1945-1962. United Nations mandate. Belgian administration,History > By Region > African > East > Burundian > By Period > 1945-1962. United Nations mandate. Belgian administration
1945-1962. united nations mandate. belgian administration,54321,1945-1962. United Nations mandate. Belgian administration,History > By Region > African > East > Rwanda. Ruanda-Urundi > By Period > 1945-1962. United Nations mandate. Belgian administration
1945-1965,7654,1945-1965,History > Eras > Modern > 20th Century > Post-war 1945- > 1945-1965
1945-1965,10575,1945-1965,History > By Region > Asian > Southeast > Singaporean > By Period > 1945-1965
1945-1991,11360,1945-1991,History > By Region > Asian > Kyrgyz > By Period > 1945-1991
1945-1991,11363,1945-1991,History > By Region > Asian > Tajik > By Period > 1945-1991
1945-1991,11391,1945-1991,History > By Region > Asian > Uzbek > By Period > 1945-1991
1945-1991,11398,1945-1991,History > By Region > Asian > Kazakh > By Period > 1945-1991
1945–present,51992,1945–Present,History > By Region > European > Balkan Peninsula > Kosovo > By Period > 1945–Present
1945–present,54856,1945–Present,History > By Region > Asian > Southeast > Myanmar / Burma > By Period > 1945–Present
1951–,50935,1951–,History > By Region > North American > U.S. > Local > West > California > 1951–
1951–,50938,1951–,History > By Region > North American > U.S. > Local > South > Texas > 1951–
1951–,50946,1951–,History > By Region > North American > U.S. > Local > New England > Massachusetts > Boston > 1951–
1951–,50949,1951–,History > By Region > North American > U.S. > Local > Middle Atlantic > Pennsylvania > Philadelphia > 1951–
1951–,50978,1951–,History > By Region > North American > U.S. > Local > South > Florida > 1951–
1951–,50982,1951–,History > By Region > North American > U.S. > Local > New England > Massachusetts > 1951–
1951–,50989,1951–,History > By Region > North American > U.S. > Local > South > Virginia > 1951–
1951–1980,50917,1951–1980,History > By Region > North American > U.S. > Local > Midwest > Great Plains > 1951–1980
1951–1980,50942,1951–1980,History > By Region > North American > U.S. > Local > Middle Atlantic > New York > City > 1951–1980
1951–1980,51286,1951–1980,"History > By Region > North American > U.S. > Local > South > Washington, D.C. > 1951–1980"
1953-1964,54556,1953-1964,History > By Region > African > Southern > Malawi. Nyasaland > By Period > 1953-1964
1953-1964,54603,1953-1964,History > By Region > African > Southern > Zambia. Northern Rhodesia > By Period > 1953-1964
1954–1975,54792,1954–1975,History > By Region > Asian > Southeast > Vietnamese > By Period > 1954–1975
1954–1975,54870,1954–1975,History > By Region > Asian > Southeast > Laotian > By Period > 1954–1975
1960-,10591,1960-,History > By Region > African > By Era > 1960-
1960-,10760,1960-,"History > By Region > African > West > French West Africa, Sahara & Sahel > 1960-"
1960-,10764,1960-,History > By Region > African > East > By Era > 1960-
1960-,54332,1960-,History > By Region > African > East > Somali & Somaliland > By Period > 1960-
1960-,54355,1960-,History > By Region > African > Central > DR Congo > By Period > 1960-
1960- . independence,54135,1960- . Independence,History > By Region > African > West > Nigerian > By Period > 1960- . Independence
1960- . independence,54347,1960- . Independence,History > By Region > African > West > Togo. Togoland > By Period > 1960- . Independence
1960- . independent,54066,1960- . Independent,History > By Region > African > Central > Francophone Equatorial Africa > Central African Republic > By Period > 1960- . Independent
1960- . independent,54073,1960- . Independent,History > By Region > African > Central > Francophone Equatorial Africa > Chad Tchad > By Period > 1960- . Independent
1960- . independent,54080,1960- . Independent,"History > By Region > African > Central > Francophone Equatorial Africa > Gabon Gaboon, Gabun > By Period > 1960- . Independent"
1960- . independent,54118,1960- . Independent,History > By Region > African > West > Mauritania > By Period > 1960- . Independent
1960- . independent,54143,1960- . Independent,History > By Region > African > West > Senegalese > By Period > 1960- . Independent
1960- . independent,54177,1960- . Independent,"History > By Region > African > West > French West Africa, Sahara & Sahel > Beninese > By Period > 1960- . Independent"
1963-,10435,1963-,History > By Region > Asian > Southeast > Malaysian & Straits > By Period > 1963-
1963-,54185,1963-,History > By Region > African > East > Kenyan > By Period > 1963-
1964- . independent,54557,1964- . Independent,History > By Region > African > Southern > Malawi. Nyasaland > By Period > 1964- . Independent
1964- . independent,54604,1964- . Independent,History > By Region > African > Southern > Zambia. Northern Rhodesia > By Period > 1964- . Independent
1971-,10404,1971-,History > By Region > Asian > South > Bangladesh. East Pakistan > By Period > 1971-
1971-,10664,1971-,History > Civilization > Modern > 1971-
1973-,11238,1973-,History > By Region > Latin American > Uruguayan > By Period > 1973-
1973-,54359,1973-,History > By Region > Latin American > Bahamas > By Period > 1973-
1974-,10581,1974-,History > By Region > African > East > Northeast Africa > 1974-
1974-,11243,1974-,History > By Region > Latin American > Colombian > By Period > 1974-
1975-,10091,1975-,History > By Region > African > Southern > 1975-
1975-,11231,1975-,History > By Region > Latin American > Surinamese > By Period > 1975- || History > By Region > The Americas > Dutch America > Surinamese > By Period > 1975- || History > By Region > European > West > Benelux Countries > Dutch > Dutch America > Surinamese > By Period > 1975-
1975- . independent,54536,1975- . Independent,History > By Region > African > Central > Angolan > By Period > 1975- . Independent || History > By Region > African > Southern > Angolan > By Period > 1975- . Independent
1975- . independent,54566,1975- . Independent,History > By Region > African > Southern > Mozambican > By Period > 1975- . Independent
1979-,11233,1979-,History > By Region > Latin American > Nicaraguan > By Period > 1979-
1979-,54193,1979-,History > By Region > African > East > Ugandan > By Period > 1979-
1981-,10447,1981-,History > By Region > Oceanian > South Pacific Voyages > 1981-
1981-,11248,1981-,History > By Region > Latin American > Panamanian > By Period > 1981-
1981-,11340,1981-,History > By Region > Asian > Uzbek > By Period > 1981-
1981–,50918,1981–,History > By Region > North American > U.S. > Local > Midwest > Great Plains > 1981–
1981–,50943,1981–,History > By Region > North American > U.S. > Local > Middle Atlantic > New York > City > 1981–
1981–,51287,1981–,"History > By Region > North American > U.S. > Local > South > Washington, D.C. > 1981–"
1982-,11232,1982-,History > By Region > Latin American > Honduran > By Period > 1982-
1982-,11258,1982-,History > By Region > Latin American > Bolivian > By Period > 1982-
1984-,10455,1984-,History > By Region > Asian > Southeast > Bruneian > By Period > 1984-
1984-,11288,1984-,History > By Region > Latin American > Ecuadorian > By Period > 1984-
1985-,11259,1985-,History > By Region > Latin American > Brazilian > By Period > 1985-
1985-,11308,1985-,History > By Region > Latin American > Guatemalan > By Period > 1985-
1986-,11303,1986-,History > By Region > Latin American > Costa Rican > By Period > 1986-
1986-,54170,1986-,History > By Region > Latin American > Haitian > By Period > 1986-
1988-,10413,1988-,History > By Region > Asian > South > Pakistani > By Period > 1988-
1988-,10714,1988-,History > By Region > Asian > Taiwanese > By Period > 1988-
1989-,9861,1989-,History > Eras > Modern > 20th Century > Post-war 1945- > 1989-
1989-,11302,1989-,History > By Region > Latin American > Paraguayan > By Period > 1989-
1991-,11365,1991-,History > By Region > Asian > Turkmen > By Period > 1991-
1991-,11369,1991-,History > By Region > Asian > Kyrgyz > By Period > 1991-
1991-,11372,1991-,History > By Region > Asian > Tajik > By Period > 1991-
1991-,11375,1991-,History > By Region > Asian > Uzbek > By Period > 1991-
1991-,11378,1991-,History > By Region > Asian > Armenian > By Period > 1991-
1991-,11389,1991-,History > By Region > Asian > Georgian > By Period > 1991-
1991-,11392,1991-,History > By Region > Asian > Kazakh > By Period > 1991-
1991-,11397,1991-,History > By Region > Asian > Azerbaijani > By Period > 1991-
1991-,54110,1991-,History > By Region > African > West > Mali > By Period > 1991-
1992-,11260,1992-,History > By Region > Latin American > Salvadoran > By Period > 1992-
1992-,54228,1992-,History > By Region > European > Balkan Peninsula > Montenegrin > By Period > 1992-
1993-,11412,1993-,History > By Region > Middle Eastern > Israel & Palestine > By Period > 1993-
1993-,54285,1993-,History > By Region > African > East > Burundian > By Period > 1993-
1994-,10362,1994-,History > By Region > African > Southern > 1975- > 1994-
1994-,54323,1994-,History > By Region > African > East > Rwanda. Ruanda-Urundi > By Period > 1994-
19th & 20th centuries,8158,19th & 20th centuries,Arts & Media > Design & Decorative Arts > Drawing & Illustration > History of drawing > 19th & 20th centuries
19th & 20th centuries,11016,19th & 20th centuries,"Philosophy > History, Traditions & Regions > Historical Periods > Modern Philosophy > Regional Modern Philosophy > U.S. Modern Philosophy > 19th & 20th centuries"
19th & 20th centuries,11062,19th & 20th centuries,"Philosophy > History, Traditions & Regions > Historical Periods > Modern Philosophy > Regional Modern Philosophy > Russian Modern Philosophy > 19th & 20th centuries"
19th & 20th centuries,11111,19th & 20th centuries,"Philosophy > History, Traditions & Regions > Historical Periods > Modern Philosophy > Regional Modern Philosophy > 19th & 20th centuries"
19th & 20th centuries,11140,19th & 20th centuries,"Philosophy > History, Traditions & Regions > Historical Periods > Modern Philosophy > Regional Modern Philosophy > Italian Modern Philosophy > 19th & 20th centuries"
19th & 20th centuries,11183,19th & 20th centuries,"Philosophy > History, Traditions & Regions > Historical Periods > Modern Philosophy > Regional Modern Philosophy > England, Ireland, Scotland & Wales > 19th & 20th centuries"
19th century,1225,19th Century,"Children & Young Adult > Juvenile Fiction > History, Biography & Society > Children’s Historical Fiction > Kids’ U.S. Historical Fiction > 19th Century"
19th century,1550,19th Century,"Children & Young Adult > Juvenile Nonfiction > People, Society & History > Children’s History > Children’s U.S. History > 19th Century"
19th century,1816,19th Century,"Children & Young Adult > Young Adult Fiction > History, Politics & Society > YA Historical Fiction > YA U.S. Historical Fiction > 19th Century"
19th century,2050,19th Century,"Children & Young Adult > Young Adult Nonfiction > People, Society & History > YA History > YA U.S. History > 19th Century"
19th century,3404,19th Century,History > By Region > North American > U.S. > By Period > 19th Century
19th century,3670,19th Century,History > Eras > Modern > 19th Century
19th century,3871,19th century,Literature > Germanic & Nordic > Denmark > By Period > 19th century
19th century,4153,19th Century,Literature > American & Caribbean > U.S. > By Period > 19th Century
19th century,4169,19th Century,Literature > East Asian & Pacific > Chinese > By Period > 19th Century
19th century,4178,19th Century,Literature > English > By Period > 19th Century
19th century,4186,19th Century,Literature > Romance > France > By Period > 19th Century
19th century,4195,19th Century,Literature > East Asian & Pacific > Indian > By Period > 19th Century
19th century,4199,19th Century,Literature > Germanic & Nordic > Ireland > By Period > 19th Century
19th century,4217,19th Century,Literature > Slavic & Eurasian > Russia > By Period > 19th Century
19th century,4221,19th Century,Literature > Germanic & Nordic > Scotland > By Period > 19th Century
19th century,4227,19th Century,Literature > Romance > Spain > By Period > 19th Century
19th century,4351,19th Century,Literature > Literary Criticism > Periods & Movements > Modern Literary Criticism > 19th Century
19th century,4395,19th century,Literature > Germanic & Nordic > Norway > By Period > 19th century
19th century,4474,19th century,Literature > Germanic & Nordic > Sweden > By Period > 19th century
19th century,8258,19th century,Literature > Romance > France > Modern > 19th century
19th century,10138,19th Century,History > By Region > European > North > Swedish > By Period > 19th Century
19th century,10213,19th century,History > By Region > European > West > British Isles > English > By Period > 19th century
19th century,10226,19th century,History > By Region > European > West > British Isles > Irish > By Period > 19th century
19th century,10253,19th Century,History > Civilization > Modern > 19th Century
19th century,10264,19th Century,History > Eras > Modern > 19th Century > Eastern Question > 19th Century
19th century,10275,19th century,History > By Region > European > West > British Isles > Scottish > By Period > 19th century
19th century,10290,19th century,History > By Region > Asian > Southeast > Philippine > By Period > 19th century
19th century,10308,19th century,History > By Region > Asian > 19th century
19th century,10639,19th Century,History > By Region > African > North > Maghrib. Barbary States > 19th Century
19th century,10858,19th century,Arts & Media > Aesthetics > 19th century || Philosophy > Aesthetics > 19th century
19th century,10885,19th century,"Philosophy > History, Traditions & Regions > Historical Periods > Modern Philosophy > Regional Modern Philosophy > Scandinavian Modern Philosophy > Danish Modern Philosophy > 19th century"
19th century,10929,19th century,Philosophy > Ethics > Ethics History > 19th century
19th century,11015,19th century,"Philosophy > History, Traditions & Regions > Historical Periods > Modern Philosophy > Modern Philosophy by Era > 19th century"
19th century,11048,19th century,"Philosophy > History, Traditions & Regions > Historical Periods > Modern Philosophy > Regional Modern Philosophy > Scandinavian Modern Philosophy > Swedish Modern Philosophy > 19th century"
19th century,11104,19th century,"Social Sciences > Psychology > History, Theory & Schools > History > 19th century"
19th century,11142,19th century,"Philosophy > History, Traditions & Regions > Historical Periods > Modern Philosophy > Regional Modern Philosophy > French Modern Philosophy > 19th century"
19th century,11558,19th Century,History > By Region > European > Central > Austrian > By Period > 19th Century
19th century,13855,19th Century,Literature > English > Regional English > American > By Period > 19th Century
19th-20th centuries,10319,19th-20th centuries,History > By Region > African > North > Maghrib. Barbary States > 19th-20th centuries
19th-20th centuries,10485,19th-20th centuries,History > By Region > Asian > Afghan > By Period > 19th-20th centuries || History > By Region > Asian > South > Afghan > By Period > 19th-20th centuries
19th-20th centuries,10548,19th-20th centuries,History > By Region > African > North > 19th-20th centuries
19th-20th centuries,10703,19th-20th centuries,History > By Region > Asian > Southeast > Thai > By Period > 19th-20th centuries
19th-20th centuries,11531,19th-20th centuries,History > By Region > European > West > Benelux Countries > Dutch > By Period > 19th-20th centuries
19th-20th centuries,54298,19th-20th centuries,History > By Region > African > East > Ethiopian > By Period > 19th-20th centuries
2000-,11307,2000-,History > By Region > Latin American > Mexican > By Period > 2000- || History > By Region > North American > Mexican > By Period > 2000-
2000-,11419,2000-,History > By Region > Middle Eastern > Syrian > By Period > 2000-
20th century,1226,20th Century,"Children & Young Adult > Juvenile Fiction > History, Biography & Society > Children’s Historical Fiction > Kids’ U.S. Historical Fiction > 20th Century"
20th century,1551,20th Century,"Children & Young Adult > Juvenile Nonfiction > People, Society & History > Children’s History > Children’s U.S. History > 20th Century"
20th century,1817,20th Century,"Children & Young Adult > Young Adult Fiction > History, Politics & Society > YA Historical Fiction > YA U.S. Historical Fiction > 20th Century"
20th century,2051,20th Century,"Children & Young Adult > Young Adult Nonfiction > People, Society & History > YA History > YA U.S. History > 20th Century"
20th century,3405,20th Century,History > By Region > North American > U.S. > By Period > 20th Century
20th century,3525,20th Century,History > By Region > European > West > British Isles > By Period > 20th Century
20th century,3671,20th Century,History > Eras > Modern > 20th Century
20th century,4069,20th Century,Literature > Genres > Romance > Historical Romance > 20th Century
20th century,4154,20th Century,Literature > American & Caribbean > U.S. > By Period > 20th Century
20th century,4162,20th Century,Literature > American & Caribbean > Canadian > By Period > 20th Century
20th century,4170,20th Century,Literature > East Asian & Pacific > Chinese > By Period > 20th Century
20th century,4179,20th Century,Literature > English > By Period > 20th Century
20th century,4187,20th Century,Literature > Romance > France > By Period > 20th Century
20th century,4190,20th Century,Literature > Germanic & Nordic > German > By Period > 20th Century
20th century,4196,20th Century,Literature > East Asian & Pacific > Indian > By Period > 20th Century
20th century,4200,20th Century,Literature > Germanic & Nordic > Ireland > By Period > 20th Century
20th century,4218,20th Century,Literature > Slavic & Eurasian > Russia > By Period > 20th Century
20th century,4222,20th Century,Literature > Germanic & Nordic > Scotland > By Period > 20th Century
20th century,4228,20th Century,Literature > Romance > Spain > By Period > 20th Century
20th century,4352,20th Century,Literature > Literary Criticism > Periods & Movements > Modern Literary Criticism > 20th Century
20th century,10115,20th century,History > By Region > European > West > British Isles > English > By Period > 20th century
20th century,10162,20th century,History > By Region > European > West > British Isles > Irish > By Period > 20th century
20th century,10166,20th century,History > By Region > Asian > The Islamic World > 20th century
20th century,10462,20th century,History > By Region > European > West > British Isles > Scottish > By Period > 20th century
20th century,10484,20th century,History > By Region > Asian > East > Korean > By Period > 20th century
20th century,10752,20th century,History > By Region > Asian > Mongolian > By Period > 20th century
20th century,10754,20th century,History > By Region > Asian > 20th century
20th century,10782,20th century,Arts & Media > Aesthetics > 20th century || Philosophy > Aesthetics > 20th century
20th century,10804,20th century,"Philosophy > History, Traditions & Regions > Historical Periods > Modern Philosophy > Regional Modern Philosophy > African Modern Philosophy > 20th century"
20th century,10816,20th century,Philosophy > Ethics > Ethics History > 20th century
20th century,10836,20th century,"Philosophy > History, Traditions & Regions > Historical Periods > Modern Philosophy > Regional Modern Philosophy > Scandinavian Modern Philosophy > Swedish Modern Philosophy > 20th century"
20th century,10985,20th century,"Philosophy > History, Traditions & Regions > Historical Periods > Modern Philosophy > Regional Modern Philosophy > Scandinavian Modern Philosophy > Danish Modern Philosophy > 20th century"
20th century,10998,20th century,"Social Sciences > Psychology > History, Theory & Schools > History > 20th century"
20th century,11031,20th century,"Philosophy > History, Traditions & Regions > Historical Periods > Modern Philosophy > Regional Modern Philosophy > French Modern Philosophy > 20th century"
20th century,11042,20th century,"Philosophy > History, Traditions & Regions > Historical Periods > Modern Philosophy > Regional Modern Philosophy > Scandinavian Modern Philosophy > Norwegian Modern Philosophy > 20th century"
20th century,11091,20th century,"Philosophy > History, Traditions & Regions > Historical Periods > Modern Philosophy > Regional Modern Philosophy > Spain & Portugal > 20th century"
20th century,11182,20th century,"Philosophy > History, Traditions & Regions > Historical Periods > Modern Philosophy > 20th century"
20th century,11346,20th century,History > By Region > European > East > Belarusian > By Period > 20th century
20th century,11381,20th century,History > By Region > European > East > Ukrainian > By Period > 20th century
20th century,11401,20th century,History > By Region > European > Balkan Peninsula > Turkish > By Period > 20th century
20th century,11513,20th century,History > By Region > European > North > Danish > By Period > 20th century
20th century,11518,20th century,History > By Region > European > North > Finnish > By Period > 20th century
20th century,11538,20th century,History > By Region > European > North > Norwegian > By Period > 20th century
20th century,11557,20th Century,History > By Region > European > North > Swedish > By Period > 20th Century
"20th century, a–z",11915,"20th century, A–Z","Literature > English > Regional English > Anglophone Canadian > By Period > 20th century, A–Z"
"20th century, a–z",11927,"20th century, A–Z","Literature > English > Regional English > Anglophone Australian Lit. > By Period > 20th century, A–Z"
"20th century, a–z",11931,"20th century, A–Z","Literature > English > Regional English > Anglophone New Zealand Lit. > By Period > 20th century, A–Z"
"20th century, a–z",11935,"20th century, A–Z","Literature > English > Regional English > Anglophone Indian > By Period > 20th century, A–Z"
"20th century, a–z",11939,"20th century, A–Z","Literature > English > Regional English > Anglophone South African Lit. > By Period > 20th century, A–Z"
20th-century,51596,20th-Century,History > By Region > European > Central > Austrian > By Period > 20th-Century
20th-century,51615,20th-Century,History > By Region > European > Central > Hungarian > By Period > 20th-Century
21st century,1227,21st Century,"Children & Young Adult > Juvenile Fiction > History, Biography & Society > Children’s Historical Fiction > Kids’ U.S. Historical Fiction > 21st Century"
21st century,1552,21st Century,"Children & Young Adult > Juvenile Nonfiction > People, Society & History > Children’s History > Children’s U.S. History > 21st Century"
21st century,1818,21st Century,"Children & Young Adult > Young Adult Fiction > History, Politics & Society > YA Historical Fiction > YA U.S. Historical Fiction > 21st Century"
21st century,2052,21st Century,"Children & Young Adult > Young Adult Nonfiction > People, Society & History > YA History > YA U.S. History > 21st Century"
21st century,3406,21st Century,History > By Region > North American > U.S. > By Period > 21st Century
21st century,3526,21st Century,History > By Region > European > West > British Isles > By Period > 21st Century
21st century,3674,21st Century,History > Eras > Modern > 21st Century
21st century,4155,21st Century,Literature > American & Caribbean > U.S. > By Period > 21st Century
21st century,4163,21st Century,Literature > American & Caribbean > Canadian > By Period > 21st Century
21st century,4171,21st Century,Literature > East Asian & Pacific > Chinese > By Period > 21st Century
21st century,4180,21st Century,Literature > English > By Period > 21st Century
21st century,4188,21st Century,Literature > Romance > France > By Period > 21st Century
21st century,4191,21st Century,Literature > Germanic & Nordic > German > By Period > 21st Century
21st century,4197,21st Century,Literature > East Asian & Pacific > Indian > By Period > 21st Century
21st century,4201,21st Century,Literature > Germanic & Nordic > Ireland > By Period > 21st Century
21st century,4219,21st Century,Literature > Slavic & Eurasian > Russia > By Period > 21st Century
21st century,4223,21st Century,Literature > Germanic & Nordic > Scotland > By Period > 21st Century
21st century,4229,21st Century,Literature > Romance > Spain > By Period > 21st Century
21st century,4353,21st Century,Literature > Literary Criticism > Periods & Movements > Modern Literary Criticism > 21st Century
21st century,4390,21st century,Literature > Germanic & Nordic > Modern Icelandic > By Period > 21st century
21st century,8419,21st century,Arts & Media > Design & Decorative Arts > Drawing & Illustration > History of drawing > 21st century
21st century,10172,21st century,History > By Region > European > West > British Isles > Irish > By Period > 21st century
21st century,10343,21st century,History > By Region > African > North > 21st century
21st century,10668,21st century,History > By Region > European > West > British Isles > Scottish > By Period > 21st century
21st century,10673,21st century,History > By Region > Asian > East > Korean > By Period > 21st century
21st century,10676,21st century,History > By Region > African > North > Maghrib. Barbary States > 21st century
21st century,10821,21st century,"Philosophy > History, Traditions & Regions > Historical Periods > Modern Philosophy > Regional Modern Philosophy > U.S. Modern Philosophy > 21st century"
21st century,11003,21st century,Philosophy > Ethics > Ethics History > 21st century
21st century,11078,21st century,"Philosophy > History, Traditions & Regions > Historical Periods > Modern Philosophy > 21st century"
21st century,11102,21st century,"Philosophy > History, Traditions & Regions > Historical Periods > Modern Philosophy > Regional Modern Philosophy > 21st century"
"21st century, a–z",11916,"21st century, A–Z","Literature > English > Regional English > Anglophone Canadian > By Period > 21st century, A–Z"
"21st century, a–z",11928,"21st century, A–Z","Literature > English > Regional English > Anglophone Australian Lit. > By Period > 21st century, A–Z"
"21st century, a–z",11932,"21st century, A–Z","Literature > English > Regional English > Anglophone New Zealand Lit. > By Period > 21st century, A–Z"
"21st century, a–z",11936,"21st century, A–Z","Literature > English > Regional English > Anglophone Indian > By Period > 21st century, A–Z"
"21st century, a–z",11940,"21st century, A–Z","Literature > English > Regional English > Anglophone South African Lit. > By Period > 21st century, A–Z"
647-1516,10651,647-1516,History > By Region > African > North > Maghrib. Barbary States > 647-1516
647-1516,54269,647-1516,History > By Region > African > North > Algerian > By Period > 647-1516
abstract machines & automata,13329,Abstract Machines & Automata,Science & Nature > Mathematics > Mathematical Foundations > Discrete Mathematics > Abstract Machines & Automata
abstract machines & automata,13826,Abstract Machines & Automata,Science & Nature > Mathematics > Algebra & Number Theory > Algebra > Abstract Machines & Automata
"abuse, violence & safety",5824,"Abuse, Violence & Safety","Children & Young Adult > Young Adult Fiction > History, Politics & Society > Social Themes > Abuse, Violence & Safety"
"abuse, violence & safety",5892,"Abuse, Violence & Safety","Children & Young Adult > Juvenile Nonfiction > People, Society & History > Social Topics > Abuse, Violence & Safety || Children & Young Adult > Young Adult Nonfiction > People, Society & History > Social Topics > Abuse, Violence & Safety"
accident prevention,5468,Accident Prevention,Social Sciences > Social Welfare & Services > Disasters & Disaster Relief > Accident Prevention
accident prevention,9423,Accident Prevention,Recreation > Physical Education > Accident Prevention
acoustics,186,Acoustics,"Applied Sciences & Technology > Optics, Imaging & Acoustics > Acoustics"
acoustics,5031,Acoustics,Science & Nature > Physics > Acoustics
action & adventure,615,Action & Adventure,Arts & Media > Comics & Graphic Novels > Manga > Action & Adventure || Literature > Genres > Literary Collections > Comics > Other National Comics > Manga > Action & Adventure
action & adventure,876,Action & Adventure,Arts & Media > Performing Arts > Film > Genres > Action & Adventure || Literature > General Literary Studies > Film > Genres > Action & Adventure
action & adventure,1155,Action & Adventure,Children & Young Adult > Juvenile Fiction > Story Forms & Reading Formats > Comics & Graphic Novels > Action & Adventure
action & adventure,1305,Action & Adventure,"Children & Young Adult > Juvenile Fiction > History, Biography & Society > Children’s Religious Fiction > Christian > Action & Adventure"
action & adventure,1735,Action & Adventure,Children & Young Adult > Young Adult Fiction > Action & Adventure
action & adventure,1752,Action & Adventure,"Children & Young Adult > Young Adult Fiction > Arts, Media & Story Forms > Comics & Graphic Novels > Action & Adventure"
action & adventure,1876,Action & Adventure,Children & Young Adult > Young Adult Fiction > YA Religious Fiction > Christian > Action & Adventure
action & adventure,3934,Action & Adventure,Literature > Genres > Action & Adventure
action & adventure,3987,Action & Adventure,Literature > Genres > Fantasy > Action & Adventure
action & adventure,4109,Action & Adventure,Literature > Genres > Science Fiction > Action & Adventure
activism & social justice,1343,Activism & Social Justice,"Children & Young Adult > Juvenile Fiction > Kids’ Fiction: Social Themes > Society, Values & Belonging > Activism & Social Justice"
activism & social justice,1951,Activism & Social Justice,"Children & Young Adult > Young Adult Nonfiction > People, Society & History > Activism & Social Justice"
activism & social justice,5490,Activism & Social Justice,Social Sciences > Sociology > Social Change & Development > Activism & Social Justice
activity books,1097,Activity Books,Children & Young Adult > Juvenile Fiction > Story Forms & Reading Formats > Activity Books
activity books,1389,Activity Books,"Children & Young Adult > Juvenile Nonfiction > Recreation, Travel & Adventure > Activity Books"
activity books,1952,Activity Books,"Children & Young Adult > Young Adult Nonfiction > Recreation, Travel & Adventure > Activity Books"
activity books,4629,Activity Books,Recreation > Activity & Interactive Books > Activity Books
activity programs,7785,Activity programs,Education > Teaching & Learning > Education Theory & Practice > Teaching Principles & Practice > Activity programs
activity programs,9140,Activity programs,"Geography, Places & Travel > Environmental sciences > Environmental education > Activity programs || Science & Nature > Earth & Environmental Sciences > Environmental sciences > Environmental education > Activity programs"
adaptations,602,Adaptations,Arts & Media > Comics & Graphic Novels > Adaptations
adaptations,1188,Adaptations,"Children & Young Adult > Juvenile Fiction > Kids’ Fairy Tales, Folklore & Fables > Adaptations"
adaptations,1779,Adaptations,Children & Young Adult > Young Adult Fiction > Speculative & Supernatural > Fantasy > Fairy Tales & Folklore > Adaptations
"addresses, essays & lectures",6170,"Addresses, Essays & Lectures","Health & Medicine > Public Health > Public Health Study & Reference > Addresses, Essays & Lectures || Health & Medicine > Public aspects of medicine > Public Health > Public Health Study & Reference > Addresses, Essays & Lectures"
"addresses, essays & lectures",13512,"Addresses, Essays & Lectures","Literature > English > Regional English > American > Prose > Addresses, Essays & Lectures"
administrative law,5645,Administrative Law,Social Sciences > Law > Constitutional & Public Law > Administrative Law
administrative law,11746,Administrative Law,Social Sciences > Law > International & Comparative Law > Comparative & Uniform Law > Administrative Law
adolescence,1694,Adolescence,"Children & Young Adult > Juvenile Nonfiction > People, Society & History > Social Topics > Values, Manners & Growing Up > Adolescence || Children & Young Adult > Young Adult Nonfiction > People, Society & History > Social Topics > Values, Manners & Growing Up > Adolescence"
adolescence,7254,Adolescence,Education > Teaching & Learning > Education Theory & Practice > Child study > Adolescence
adoption,1192,Adoption,Children & Young Adult > Juvenile Fiction > Kids’ Family Fiction > Adoption
adoption,1491,Adoption,"Children & Young Adult > Juvenile Nonfiction > People, Society & History > Family > Adoption"
adoption,1783,Adoption,"Children & Young Adult > Young Adult Fiction > History, Politics & Society > Family > Adoption"
adoption,2003,Adoption,Children & Young Adult > Young Adult Nonfiction > YA Family > Adoption
adult,703,Adult,Arts & Media > Humor & Satire > Topic > Adult || Literature > Genres > Humor & Satire > Topic > Adult
adult,4570,Adult,Religion > Christianity > Christian Ministry > Adult
adult & continuing education,2175,Adult & Continuing Education,"Education > Levels, Settings & Types > Adult & Continuing Education"
adult & continuing education,2280,Adult & Continuing Education,"Education > Students, Inclusion & Support > Education Support Topics > Adult & Continuing Education"
adulthood,11002,Adulthood,Social Sciences > Psychology > Developmental > Adulthood
adulthood,12284,Adulthood,"Social Sciences > Family, Population & Migration > Family, Gender & Life Course > Life Stages > Adulthood"
adventure,1392,Adventure,"Children & Young Adult > Juvenile Nonfiction > Recreation, Travel & Adventure > Adventure"
adventure,1953,Adventure,"Children & Young Adult > Young Adult Nonfiction > Recreation, Travel & Adventure > Adventure"
adventure,2501,Adventure,"Geography, Places & Travel > Travel > Special Interest > Adventure"
aerial operations,7495,Aerial operations,History > Eras > Modern > 20th Century > World War I > Aerial operations || History > Military > World Wars > World War I > Aerial operations
aerial operations,10453,Aerial operations,History > Eras > Modern > 20th Century > World War I > Military operations > U.S. WWI Military Operations > Aerial operations || History > Military > World Wars > World War I > Military operations > U.S. WWI Military Operations > Aerial operations
aerial operations,10638,Aerial operations,History > Eras > Modern > 20th Century > World War II > Aerial operations || History > Military > World Wars > World War II > Aerial operations
aerodynamics,4872,Aerodynamics,Science & Nature > Physics > Mechanics & Fluids > Aerodynamics
aerodynamics,7722,Aerodynamics,Applied Sciences & Technology > Transportation > Vehicle & Aerospace Engineering > Aeronautical Engineering > Aerodynamics
aesthetics,9286,Aesthetics,"Arts & Media > Music > History, Culture & Criticism > Music History & Criticism > Music Research & Reference > Research, History & Context > Music: Philosophy, Society & Physics > Aesthetics"
aesthetics,11215,Aesthetics,Arts & Media > Aesthetics || Philosophy > Aesthetics
africa,11812,Africa,Social Sciences > Politics & Government > Political Theory > Ideologies > Socialism & Communism > Africa
africa,11884,Africa,Social Sciences > Politics & Government > By Region > Africa
africa,12447,Africa,Social Sciences > Politics & Government > International Relations > Colonization & Migration > Africa
africa,13379,Africa,Social Sciences > Politics & Government > Government & Administration > Local & Municipal Government > Africa
africa,51058,Africa,History > By Region > North American > U.S. > Political & Foreign Relations > Africa
africa,54051,Africa,Social Sciences > Statistics > Statistics by Region > Africa
african american & black,972,African American & Black,Arts & Media > Visual Arts > Art by Region & Culture > American Art > African American & Black
african american & black,1283,African American & Black,Children & Young Adult > Juvenile Fiction > Kids’ People & Places Fiction > Children’s U.S. Fiction > African American & Black
african american & black,1618,African American & Black,"Children & Young Adult > Juvenile Nonfiction > People, Society & History > People & Places > Kids’ U.S. People & Places > African American & Black"
african american & black,1858,African American & Black,"Children & Young Adult > Young Adult Fiction > History, Politics & Society > People & Places > YA U.S. Fiction > African American & Black"
african american & black,2093,African American & Black,"Children & Young Adult > Young Adult Nonfiction > People, Society & History > People & Places > YA U.S. People & Places > African American & Black"
african american & black,3226,African American & Black,"Biography > Cultural, Ethnic & Regional > African American & Black"
african american & black,3378,African American & Black,History > By Region > North American > U.S. > African American & Black
african american & black,3878,African American & Black,Literature > Genres > Literary Collections > African American & Black
african american & black,3936,African American & Black,Literature > Genres > Cultural Heritage Fiction > African American & Black
african american & black,4060,African American & Black,Literature > Genres > Romance > Identity & Relationship Forms > African American & Black
african american & black,4419,African American & Black,Literature > Genres > Poetry > American Poetry > African American & Black
aging,3164,Aging,"Personal Growth > Grief, Safety & Life Changes > Aging"
aging,6976,Aging,Science & Nature > Biology > Life > Aging
agriculture,2,Agriculture,Applied Sciences & Technology > Agriculture
agriculture,1719,Agriculture,"Children & Young Adult > Juvenile Nonfiction > Nature, Science & Technology > Technology > Agriculture"
agriculture,2158,Agriculture,"Children & Young Adult > Young Adult Nonfiction > Nature, Science & Technology > Technology > Agriculture"
agriculture,6038,Agriculture,"Reference & Information > Bibliographies, Catalogs & Indexes > Subject bibliography > Agriculture & Resource Bibliography > Agriculture"
agriculture & food,5491,Agriculture & Food,Social Sciences > Sociology > Technology & Everyday Life > Agriculture & Food
agriculture & food,11768,Agriculture & Food,Social Sciences > Politics & Government > Public Policy & Civil Society > Public Policy > Agriculture & Food
albanian,3544,Albanian,History > By Region > European > Balkan Peninsula > Albanian
albanian,13656,Albanian,Language > Languages & Language Families > Indo-European Languages > Albanian
algebra,1589,Algebra,"Children & Young Adult > Juvenile Nonfiction > Recreation, Travel & Adventure > Mathematics > Algebra"
algebra,2070,Algebra,"Children & Young Adult > Young Adult Nonfiction > Nature, Science & Technology > Mathematics > Algebra"
algebra,4917,Algebra,Science & Nature > Mathematics > Algebra & Number Theory > Algebra
alien contact,1338,Alien Contact,Children & Young Adult > Juvenile Fiction > Kids’ Science Fiction > Alien Contact
alien contact,1902,Alien Contact,Children & Young Adult > Young Adult Fiction > Speculative & Supernatural > Science Fiction > Alien Contact
alien contact,4110,Alien Contact,Literature > Genres > Science Fiction > Alien Contact
allegories,6420,Allegories,Arts & Media > Visual Arts > Art Themes & Movements > Special subjects of art > Allegories
allegories,6850,Allegories,"Arts & Media > Visual Arts > History, Theory & Education > Arts in general > Art Subjects > Allegories"
alphabet,1171,Alphabet,"Children & Young Adult > Juvenile Fiction > Learning, Work & Technology > Concepts > Alphabet"
alphabet,1472,Alphabet,"Children & Young Adult > Juvenile Nonfiction > Life, Learning & Work > Concepts > Alphabet"
alternative family,1193,Alternative Family,Children & Young Adult > Juvenile Fiction > Kids’ Family Fiction > Alternative Family
alternative family,1492,Alternative Family,"Children & Young Adult > Juvenile Nonfiction > People, Society & History > Family > Alternative Family"
alternative family,1784,Alternative Family,"Children & Young Adult > Young Adult Fiction > History, Politics & Society > Family > Alternative Family"
alternative family,2004,Alternative Family,Children & Young Adult > Young Adult Nonfiction > YA Family > Alternative Family
alternative history,1738,Alternative History,"Children & Young Adult > Young Adult Fiction > History, Politics & Society > YA Historical Fiction > Alternative History"
alternative history,3943,Alternative History,Literature > Genres > Historical Fiction > Alternative History
america,4758,America,"Reference & Information > Bibliographies, Catalogs & Indexes > National bibliography > America"
america,9194,America,"Geography, Places & Travel > Physical geography > Geomorphology > America || Science & Nature > Earth & Environmental Sciences > Physical geography > Geomorphology > America"
american & english,6556,American & English,Children & Young Adult > Juvenile Fiction > Children’s Fiction by Language > American & English
american & english,6926,American & English,"Reference & Information > Periodicals, Collections & Annuals > Collected Works & Series > American & English"
american & english,9429,American & English,Reference & Information > Reference Books > Encyclopedias > Encyclopedias by Language > American & English
american & english,9687,American & English,"Reference & Information > Periodicals, Collections & Annuals > Collected Works & Series > Pamphlet collections > American & English"
american cooking,2982,American Cooking,Home & Hobbies > Cooking > Regional & Ethnic > American Cooking
american cooking,12589,American Cooking,Home & Hobbies > Home economics > Cooking > American Cooking
american english,54010,American English,Literature > General Literary Studies > Journalism & Periodicals > Periodicals > American English || Reference & Information > Periodicals > American English
american english,54038,American English,Literature > Genres > Literary Collections > General collections > American English
americas,2370,Americas,"Geography, Places & Travel > Atlases > Americas"
americas,2399,Americas,"Geography, Places & Travel > Maps > Americas"
americas,11813,Americas,Social Sciences > Politics & Government > Political Theory > Ideologies > Socialism & Communism > Americas
americas,11917,Americas,Social Sciences > Politics & Government > By Region > Americas
americas,12444,Americas,Social Sciences > Politics & Government > International Relations > Colonization & Migration > Americas
americas,51020,Americas,History > By Region > North American > U.S. > Political & Foreign Relations > Americas
analytic,4815,Analytic,Science & Nature > Chemistry > Analytic
analytic,4941,Analytic,Science & Nature > Mathematics > Geometry > Analytic
anarchism,6475,Anarchism,"Arts & Media > Visual Arts > History, Theory & Education > Arts in general > Art Subjects > Anarchism"
anarchism,11759,Anarchism,Social Sciences > Politics & Government > Political Theory > Ideologies > Anarchism
anatomy & physiology,1665,Anatomy & Physiology,"Children & Young Adult > Juvenile Nonfiction > Nature, Science & Technology > Science & Nature > Anatomy & Physiology"
anatomy & physiology,2124,Anatomy & Physiology,"Children & Young Adult > Young Adult Nonfiction > Nature, Science & Technology > Science & Nature > Anatomy & Physiology"
anatomy & physiology,4843,Anatomy & Physiology,Science & Nature > Biology > Life Sciences > Anatomy & Physiology
ancient,3480,Ancient,History > Eras > Ancient
ancient,3600,Ancient,History > By Region > European > South > Iberia > Spanish > By Period > Ancient
ancient,9798,Ancient,History > Civilization > Ancient
ancient & medieval,7835,Ancient & medieval,"Geography, Places & Travel > Geography > History of geography > Ancient & medieval"
ancient & medieval,10569,Ancient & Medieval,History > By Region > Asian > Ancient & Medieval
ancient civilizations,1211,Ancient Civilizations,"Children & Young Adult > Juvenile Fiction > History, Biography & Society > Children’s Historical Fiction > Ancient Civilizations"
ancient civilizations,1804,Ancient Civilizations,"Children & Young Adult > Young Adult Fiction > History, Politics & Society > YA Historical Fiction > Ancient Civilizations"
ancient era,3567,Ancient Era,History > By Region > European > South > Greek > By Period > Ancient Era
ancient era,11414,Ancient Era,History > By Region > Middle Eastern > Iraqi > By Period > Ancient Era
ancient era,11415,Ancient Era,History > By Region > Middle Eastern > Jordan. Transjordan > By Period > Ancient Era
andorra,12055,Andorra,Social Sciences > Economics & Business > Economic history > European Economic History > Andorra
andorra,13418,Andorra,Biography > National biography > European Biographies > Andorra
andorra,13453,Andorra,Social Sciences > Anthropology > Folklore > Regional Folklore > European Folklore > Andorra
anesthesiology,2856,Anesthesiology,Health & Medicine > Surgery > General & Operative Surgery > Anesthesiology
anesthesiology,9766,Anesthesiology,Biography > Anesthesiology
anglo-german,10354,Anglo-German,History > Eras > Modern > 20th Century > World War I > Naval operations > Anglo-German || History > Military > World Wars > World War I > Naval operations > Anglo-German
anglo-german,10402,Anglo-German,History > Eras > Modern > 20th Century > World War II > Naval operations > Anglo-German || History > Military > World Wars > World War II > Naval operations > Anglo-German
animals,704,Animals,Arts & Media > Humor & Satire > Topic > Animals || Literature > Genres > Humor & Satire > Topic > Animals
animals,1100,Animals,"Children & Young Adult > Juvenile Fiction > Animals, Nature & Environment > Animals"
animals,1156,Animals,Children & Young Adult > Juvenile Fiction > Story Forms & Reading Formats > Comics & Graphic Novels > Animals
animals,1306,Animals,"Children & Young Adult > Juvenile Fiction > History, Biography & Society > Children’s Religious Fiction > Christian > Animals"
animals,1393,Animals,"Children & Young Adult > Juvenile Nonfiction > Nature, Science & Technology > Animals"
animals,1739,Animals,"Children & Young Adult > Young Adult Fiction > Nature, Places & Travel > Animals"
animals,1954,Animals,"Children & Young Adult > Young Adult Nonfiction > Nature, Science & Technology > Animals"
animals,3945,Animals,Literature > Genres > Animals
animals,4038,Animals,Literature > Genres > Mystery & Detective > Cozy > Animals
animals,4984,Animals,Science & Nature > Nature & Natural History > Animals
animals,6717,Animals,"Arts & Media > Visual Arts > Media, Techniques & Practices > Painting > Painting Subjects > Animals"
animals,8166,Animals,"Arts & Media > Visual Arts > Media, Techniques & Practices > Sculpture & Applied Arts > Sculpture > Sculpture Subjects > Animals"
animals,9250,Animals,"Arts & Media > Visual Arts > History, Theory & Education > Arts in general > Art Subjects > Animals"
animals,52393,Animals,Literature > Literary Theory > Special Elements & Subjects > Animals
annuals,556,Annuals,"Arts & Media > Architecture > Education, Reference & Collections > Annuals || Applied Sciences & Technology > Civil, Structural & Construction > Architecture > Education, Reference & Collections > Annuals"
annuals,916,Annuals,"Arts & Media > Photography & Imaging > Collections, Subjects & Reference > Collections, Catalogs, Exhibitions > Annuals"
annuals,975,Annuals,"Arts & Media > Visual Arts > Artists & Art Institutions > Collections, Catalogs, Exhibitions > Annuals"
annuals,4776,Annuals,"Reference & Information > Periodicals, Collections & Annuals > Annuals"
annuals,12900,Annuals,Applied Sciences & Technology > Agriculture > Plant Production & Horticulture > Horticulture & Garden Design > Flowers & Ornamental Plants > Annuals
anthologies,603,Anthologies,Arts & Media > Comics & Graphic Novels > Anthologies
anthologies,1189,Anthologies,"Children & Young Adult > Juvenile Fiction > Kids’ Fairy Tales, Folklore & Fables > Anthologies"
anthologies,1780,Anthologies,Children & Young Adult > Young Adult Fiction > Speculative & Supernatural > Fantasy > Fairy Tales & Folklore > Anthologies
anthologies,3880,Anthologies,Literature > Genres > Drama > Anthologies
anthologies,3946,Anthologies,Literature > Genres > Forms & Literary Traditions > Anthologies
anthologies,4424,Anthologies,Literature > Genres > Poetry > Anthologies
anthologies,6685,Anthologies,Literature > English > Old English Literary History > Anthologies
anthologies,9689,Anthologies,Literature > English > Regional English > American > U.S. Literary Collections > Anthologies
anthropology,5056,Anthropology,Social Sciences > Anthropology
anthropology,5970,Anthropology,"Reference & Information > Bibliographies, Catalogs & Indexes > Subject bibliography > Humanities & Culture > Anthropology"
antibiotics,2890,Antibiotics,Health & Medicine > Pharmacology & Therapeutics > Antibiotics
antibiotics,7542,Antibiotics,Science & Nature > Chemistry > Organic chemistry > Antibiotics
antiques & collectibles,511,Antiques & Collectibles,Arts & Media > Antiques & Collectibles
antiques & collectibles,1429,Antiques & Collectibles,"Children & Young Adult > Juvenile Nonfiction > Recreation, Travel & Adventure > Antiques & Collectibles"
antiquities,13703,Antiquities,History > By Region > European > Central > German > Antiquities
antiquities,14013,Antiquities,History > By Region > European > North > Antiquities
antiquities,50834,Antiquities,History > By Region > Asian > East > Chinese > Antiquities
antiquities,50853,Antiquities,History > By Region > Asian > Antiquities
antiquities,50858,Antiquities,History > By Region > Middle Eastern > Iranian > Antiquities
antiquities,51587,Antiquities,History > By Region > European > West > British Isles > Irish > Antiquities
antiquities,51603,Antiquities,History > By Region > European > West > British Isles > Scottish > Antiquities
antiquities,51623,Antiquities,History > By Region > European > Balkan Peninsula > Romanian > Antiquities
antiquities,51636,Antiquities,History > By Region > European > West > Benelux Countries > Dutch > Antiquities
antiquities,51727,Antiquities,History > By Region > European > Balkan Peninsula > Bulgarian > Antiquities
antiquities,51737,Antiquities,History > By Region > European > Balkan Peninsula > Croatian > Antiquities
antiquities,51756,Antiquities,History > By Region > European > North > Danish > Antiquities
antiquities,51771,Antiquities,History > By Region > European > North > Norwegian > Antiquities
antiquities,51785,Antiquities,History > By Region > European > West > Benelux Countries > Belgian > Antiquities
antiquities,51800,Antiquities,History > By Region > European > North > Finnish > Antiquities
antiquities,51816,Antiquities,History > By Region > European > West > British Isles > Welsh > Antiquities
antiquities,51823,Antiquities,History > By Region > European > Balkan Peninsula > Albanian > Antiquities
antiquities,51836,Antiquities,History > By Region > European > East > Estonian > Antiquities
antiquities,51845,Antiquities,History > By Region > European > East > Latvian > Antiquities
antiquities,51854,Antiquities,History > By Region > European > East > Lithuanian > Antiquities
antiquities,51888,Antiquities,History > By Region > European > North > Icelandic > Antiquities
antiquities,51891,Antiquities,History > By Region > European > East > Belarusian > Antiquities
antiquities,51900,Antiquities,History > By Region > European > South > Maltese > Antiquities
antiquities,51911,Antiquities,History > By Region > European > East > Moldovan > Antiquities
antiquities,51922,Antiquities,History > By Region > European > West > Benelux Countries > Luxembourg > Antiquities
antiquities,51932,Antiquities,History > By Region > European > South > Cypriot > Antiquities
antiquities,51947,Antiquities,History > By Region > European > Balkan Peninsula > Slovenian > Antiquities
antiquities,51972,Antiquities,History > By Region > European > Balkan Peninsula > North Macedonian > Antiquities
antiquities,51985,Antiquities,History > By Region > European > Balkan Peninsula > Kosovo > Antiquities
antiquities,52002,Antiquities,History > By Region > European > Central > Liechtenstein > Antiquities
antiquities,52296,Antiquities,History > By Region > African > North > Egyptian > Antiquities || History > By Region > Middle Eastern > Egyptian > Antiquities
"antiquities, culture & ethnography",13906,"Antiquities, Culture & Ethnography","History > By Region > European > Balkan Peninsula > Turkish > Antiquities, Culture & Ethnography"
"antiquities, culture & ethnography",13921,"Antiquities, Culture & Ethnography","History > By Region > European > West > Benelux Countries > Belgian > Antiquities, Culture & Ethnography"
"antiquities, culture & ethnography",13970,"Antiquities, Culture & Ethnography","History > By Region > European > East > Ukrainian > Antiquities, Culture & Ethnography"
anxieties & phobias,3165,Anxieties & Phobias,Personal Growth > Emotions > Anxieties & Phobias
anxieties & phobias,5436,Anxieties & Phobias,Health & Medicine > Psychiatry > Clinical Psychology > Mental Health > Psychopathology > Anxieties & Phobias || Health & Medicine > Internal Medicine > Psychiatry > Clinical Psychology > Mental Health > Psychopathology > Anxieties & Phobias || Health & Medicine > Internal Medicine > Neuroscience & Neuropsychiatry > Psychiatry > Clinical Psychology > Mental Health > Psychopathology > Anxieties & Phobias || Social Sciences > Psychology > Applied > Clinical Psychology > Mental Health > Psychopathology > Anxieties & Phobias
apocalyptic & post-apocalyptic,1903,Apocalyptic & Post-Apocalyptic,Children & Young Adult > Young Adult Fiction > Speculative & Supernatural > Science Fiction > Apocalyptic & Post-Apocalyptic
apocalyptic & post-apocalyptic,4111,Apocalyptic & Post-Apocalyptic,Literature > Genres > Science Fiction > Apocalyptic & Post-Apocalyptic
applied,4924,Applied,Science & Nature > Mathematics > Applied & Computational Math > Applied
applied,5384,Applied,Social Sciences > Psychology > Applied
aquatic,2659,Aquatic,Health & Medicine > Health & Fitness > Exercise > Aquatic
aquatic,5019,Aquatic,Science & Nature > Nature & Natural History > Plants > Aquatic
arab countries,3487,Arab countries,History > By Region > Middle Eastern > Arab countries
arab countries,11167,Arab countries,"Philosophy > History, Traditions & Regions > Historical Periods > Modern Philosophy > Regional Modern Philosophy > Arab countries"
arabic literature,3799,Arabic literature,Language > Languages & Language Families > Afro-Asiatic languages > Oriental philology & literature > Arabic literature
arabic literature,12872,Arabic Literature,Language > Languages & Language Families > Afro-Asiatic languages > Arabic Language > Arabic Literature
archaeology,1687,Archaeology,"Children & Young Adult > Juvenile Nonfiction > People, Society & History > Social Topics > Social Science > Archaeology"
archaeology,2137,Archaeology,"Children & Young Adult > Young Adult Nonfiction > People, Society & History > Social Science > Archaeology"
archaeology,3484,Archaeology,History > Auxiliary Sciences > Archaeology
archaeology,5492,Archaeology,Social Sciences > Archaeology || Social Sciences > Anthropology > Archaeology
archaeology,5971,Archaeology,"Reference & Information > Bibliographies, Catalogs & Indexes > Subject bibliography > Humanities & Culture > Archaeology"
archaeology,10528,Archaeology,History > By Region > The Americas > Indians of North America > Archaeology
architecture,193,Architecture,"Arts & Media > Architecture || Applied Sciences & Technology > Civil, Structural & Construction > Architecture"
architecture,1139,Architecture,"Children & Young Adult > Juvenile Fiction > Arts, Culture & Imagination > Architecture"
architecture,1430,Architecture,"Children & Young Adult > Juvenile Nonfiction > Arts, Media & Literature > Architecture"
architecture,1958,Architecture,"Children & Young Adult > Young Adult Nonfiction > Arts, Media & Literature > Architecture"
archives,4700,Archives,Reference & Information > Library & Archive Studies > Diplomatics. Archives. Seals > Archives
archives,8026,Archives,Literature > General Literary Studies > Drama > Performing Arts & Show Business > Archives
argentine,4157,Argentine,Literature > American & Caribbean > South American > Argentine
argentine,10499,Argentine,History > By Region > Latin American > Argentine
arithmetic,1590,Arithmetic,"Children & Young Adult > Juvenile Nonfiction > Recreation, Travel & Adventure > Mathematics > Arithmetic"
arithmetic,4925,Arithmetic,Science & Nature > Mathematics > Algebra & Number Theory > Arithmetic
armenian,3488,Armenian,History > By Region > Middle Eastern > Armenian
armenian,3756,Armenian,Language > Languages & Language Families > Indo-European Languages > Armenian
armenian,10717,Armenian,History > By Region > Asian > Armenian
art,514,Art,Arts & Media > Antiques & Collectibles > Art & Furniture Collectibles > Art
art,1140,Art,"Children & Young Adult > Juvenile Fiction > Arts, Culture & Imagination > Art"
art,1431,Art,"Children & Young Adult > Juvenile Nonfiction > Arts, Media & Literature > Art"
art,1441,Art,"Children & Young Adult > Juvenile Nonfiction > People, Society & History > Biography & Autobiography > Art"
art,1744,Art,"Children & Young Adult > Young Adult Fiction > Arts, Media & Story Forms > Art"
art,1959,Art,"Children & Young Adult > Young Adult Nonfiction > Arts, Media & Literature > Art"
art,1968,Art,"Children & Young Adult > Young Adult Nonfiction > People, Society & History > Biography & Autobiography > Art"
arthurian,1253,Arthurian,"Children & Young Adult > Juvenile Fiction > Kids’ Legends, Myths & Fables > Arthurian"
arthurian,1829,Arthurian,"Children & Young Adult > Young Adult Fiction > Speculative & Supernatural > Fantasy > Legends, Myths, Fables > Arthurian"
arthurian,3988,Arthurian,Literature > Genres > Fantasy > Arthurian
artists' books,929,Artists' Books,Arts & Media > Photography & Imaging > Individual Photographers > Artists' Books
artists' books,1026,Artists' Books,Arts & Media > Visual Arts > Artists & Art Institutions > Individual Artists > Artists' Books
"arts, media & literature",5638,"Arts, Media & Literature","Children & Young Adult > Juvenile Nonfiction > Arts, Media & Literature"
"arts, media & literature",5677,"Arts, Media & Literature","Children & Young Adult > Young Adult Nonfiction > Arts, Media & Literature"
asia,5367,Asia,Social Sciences > Politics & Government > By Region > Asia
asia,12446,Asia,Social Sciences > Politics & Government > International Relations > Colonization & Migration > Asia
asia,13378,Asia,Social Sciences > Politics & Government > Government & Administration > Local & Municipal Government > Asia
asia,51022,Asia,History > By Region > North American > U.S. > Political & Foreign Relations > Asia
asia,54052,Asia,Social Sciences > Statistics > Statistics by Region > Asia
asian american,3947,Asian American,Literature > Genres > Cultural Heritage Fiction > Asian American
asian american,50882,Asian American,History > By Region > North American > U.S. > Other Population Groups > Asian American
asian american & pacific islander,973,Asian American & Pacific Islander,Arts & Media > Visual Arts > Art by Region & Culture > American Art > Asian American & Pacific Islander
asian american & pacific islander,1284,Asian American & Pacific Islander,Children & Young Adult > Juvenile Fiction > Kids’ People & Places Fiction > Children’s U.S. Fiction > Asian American & Pacific Islander
asian american & pacific islander,1619,Asian American & Pacific Islander,"Children & Young Adult > Juvenile Nonfiction > People, Society & History > People & Places > Kids’ U.S. People & Places > Asian American & Pacific Islander"
asian american & pacific islander,1859,Asian American & Pacific Islander,"Children & Young Adult > Young Adult Fiction > History, Politics & Society > People & Places > YA U.S. Fiction > Asian American & Pacific Islander"
asian american & pacific islander,2094,Asian American & Pacific Islander,"Children & Young Adult > Young Adult Nonfiction > People, Society & History > People & Places > YA U.S. People & Places > Asian American & Pacific Islander"
asian american & pacific islander,4313,Asian American & Pacific Islander,Literature > Literary Criticism > Regions & Literary Traditions > American Literary Criticism > Asian American & Pacific Islander
asian american & pacific islander,4420,Asian American & Pacific Islander,Literature > Genres > Poetry > American Poetry > Asian American & Pacific Islander
asian american & pacific islander,54921,Asian American & Pacific Islander,History > Groups of people > Asian American & Pacific Islander
asian cooking,2991,Asian Cooking,Home & Hobbies > Cooking > Regional & Ethnic > Asian Cooking
asian cooking,12677,Asian Cooking,Home & Hobbies > Home economics > Cooking > Asian Cooking
aspects & forms,7162,Aspects & Forms,Literature > Romance > Italy > Italian Literary Studies > Aspects & Forms
aspects & forms,8710,Aspects & Forms,Literature > Germanic & Nordic > German > History > Aspects & Forms
assessment & tests,10799,Assessment & Tests,Social Sciences > Psychology > Developmental > Assessment & Tests
assessment & tests,10935,Assessment & Tests,Social Sciences > Psychology > Developmental > Child psychology > Child Psychology Theory > Assessment & Tests
astrogeology,4781,Astrogeology,Science & Nature > Astronomy & Space Science > Astrogeology
astrogeology,9869,Astrogeology,Biography > Astrogeology
astrology,3265,Astrology,"Body, Mind & Spirit > Divination & Symbolic Systems > Astrology"
astrology,3295,Astrology,"Body, Mind & Spirit > Occult & Esoteric Traditions > Occult sciences > Astrology"
astrology,7334,Astrology,Biography > Astrology
astronomy,1666,Astronomy,"Children & Young Adult > Juvenile Nonfiction > Nature, Science & Technology > Science & Nature > Astronomy"
astronomy,2125,Astronomy,"Children & Young Adult > Young Adult Nonfiction > Nature, Science & Technology > Science & Nature > Astronomy"
astronomy,4893,Astronomy,Science & Nature > Astronomy & Space Science > Space Science > Astronomy
astronomy,6003,Astronomy,"Reference & Information > Bibliographies, Catalogs & Indexes > Subject bibliography > Natural Sciences & Mathematics > Astronomy"
astrophysics,4782,Astrophysics,Science & Nature > Astronomy & Space Science > Astrophysics
astrophysics,4881,Astrophysics,Science & Nature > Physics > Astrophysics
astrophysics,8484,Astrophysics,Biography > Astrophysics
atlantic & indian ocean islands,11992,Atlantic & Indian Ocean Islands,Social Sciences > Economics & Business > Economic history > Atlantic & Indian Ocean Islands
atlantic & indian ocean islands,12448,Atlantic & Indian Ocean Islands,Social Sciences > Politics & Government > International Relations > Colonization & Migration > Atlantic & Indian Ocean Islands
atlantic & indian ocean islands,13366,Atlantic & Indian Ocean Islands,Social Sciences > Anthropology > Folklore > Regional Folklore > Atlantic & Indian Ocean Islands
atlantic & indian ocean islands,54935,Atlantic & Indian Ocean Islands,Social Sciences > Politics & Government > Government & Administration > Local & Municipal Government > Atlantic & Indian Ocean Islands
atlantic provinces,2446,Atlantic Provinces,"Geography, Places & Travel > Travel > Canadian Travel > Atlantic Provinces"
atlantic provinces,54911,Atlantic Provinces,History > By Region > North American > Canadian > Local > Atlantic Provinces
atlases,2369,Atlases,"Geography, Places & Travel > Atlases"
atlases,2550,Atlases,"Health & Medicine > Education, Ethics & Reference > Atlases"
atlases & images,7097,Atlases & Images,Health & Medicine > Surgery > Orthopedic & Emergency Surgery > Orthopedic Surgery > Atlases & Images
atlases & images,8634,Atlases & Images,Health & Medicine > Gynecology & Obstetrics > Obstetrics > Atlases & Images
atlases & images,9789,Atlases & Images,Health & Medicine > Biomedical Foundations & Research > Pathology > Anatomical Pathology > Atlases & Images
atlases & images,9799,Atlases & Images,Health & Medicine > Surgery > Surgery by Age & Pregnancy > Atlases & Images
atlases & images,9961,Atlases & Images,Health & Medicine > Internal Medicine > Infectious & Parasitic Disease > Atlases & Images
auditing,5107,Auditing,Social Sciences > Economics & Business > Accounting & Tax > Auditing
auditing,53489,Auditing,Social Sciences > Economics & Business > Commerce > Business > Accounting > Auditing || Social Sciences > Economics & Business > Accounting & Tax > Accounting > Auditing
australia & new zealand,3678,Australia & New Zealand,History > By Region > Oceanian > Australia & New Zealand
australia & new zealand,12229,Australia & New Zealand,Language > Languages & Language Families > Indo-European Languages > Germanic Languages > English Language > Dialects & Regional English > Australia & New Zealand
australian,3677,Australian,History > By Region > Oceanian > Australia & New Zealand > Australian
australian,4158,Australian,Literature > East Asian & Pacific > Australian
australian & oceanian,992,Australian & Oceanian,Arts & Media > Visual Arts > Art by Region & Culture > Australian & Oceanian
australian & oceanian,2992,Australian & Oceanian,Home & Hobbies > Cooking > Regional & Ethnic > Australian & Oceanian
australian & oceanian,3882,Australian & Oceanian,Literature > Genres > Drama > Australian & Oceanian
australian & oceanian,4287,Australian & Oceanian,Literature > Genres > Literary Collections > Australian & Oceanian
australian & oceanian,4321,Australian & Oceanian,Literature > Literary Criticism > Regions & Literary Traditions > Australian & Oceanian
australian & oceanian,4428,Australian & Oceanian,Literature > Genres > Poetry > Australian & Oceanian
austria,4159,Austria,Literature > Germanic & Nordic > Austria
austria,11600,Austria,Social Sciences > Politics & Government > By Region > Europe > Austria
austria,13480,Austria,Social Sciences > Politics & Government > Government & Administration > Local & Municipal Government > Europe > Austria
austria,52888,Austria,Social Sciences > Politics & Government > International Relations > Colonization & Migration > Europe > Austria
authorship,3839,Authorship,Language > Writing > Authorship
authorship,4370,Authorship,Literature > General Literary Studies > Authorship
authorship,5964,Authorship,"Reference & Information > Bibliographies, Catalogs & Indexes > Subject bibliography > Reference, Libraries & Scholarship > Authorship"
authorship,10834,Authorship,Philosophy > Philosophy Reference > Authorship
automation,194,Automation,Applied Sciences & Technology > Technology & Engineering > Industrial Engineering > Automation || Applied Sciences & Technology > Mechanical & Industrial Engineering > Automation
automation,6121,Automation,Reference & Information > Library & Archive Studies > Library & Information Science > Library Systems & Services > Automation
automation,8139,Automation,"Applied Sciences & Technology > Civil, Structural & Construction > Civil > Transportation > Automation"
automation,8797,Automation,Applied Sciences & Technology > Chemical & Process Engineering > Chemical technology > Food Processing > Automation
automation,9568,Automation,Applied Sciences & Technology > Mining > Mining Operations & Safety > Automation
aviation,468,Aviation,Applied Sciences & Technology > Transportation > Aviation
aviation,1376,Aviation,Children & Young Adult > Juvenile Fiction > Kids’ Transport Fiction > Aviation
aviation,1727,Aviation,"Children & Young Adult > Juvenile Nonfiction > Recreation, Travel & Adventure > Transportation > Aviation"
aviation,2164,Aviation,"Children & Young Adult > Young Adult Nonfiction > Recreation, Travel & Adventure > Transportation > Aviation"
baby animals,1103,Baby Animals,"Children & Young Adult > Juvenile Fiction > Animals, Nature & Environment > Animals > Mammals, Farm Animals & Pets > Baby Animals"
baby animals,1396,Baby Animals,"Children & Young Adult > Juvenile Nonfiction > Nature, Science & Technology > Animals > Mammals, Farm Animals & Pets > Baby Animals"
bahamas,3386,Bahamas,History > By Region > Latin American > Bahamas
bahamas,12004,Bahamas,Social Sciences > Economics & Business > Economic history > Latin America & Caribbean > Bahamas
balkan states,11626,Balkan States,Social Sciences > Politics & Government > By Region > Europe > Balkan States
balkan states,13404,Balkan States,Social Sciences > Military Studies > Land Forces > Army Organization & Status > Armies by Country > European Armies > Balkan States
balkan states,13431,Balkan States,Biography > National biography > European Biographies > Balkan States
balkan states,13507,Balkan States,Social Sciences > Politics & Government > Government & Administration > Local & Municipal Government > Europe > Balkan States
baltic states,3519,Baltic States,History > By Region > European > North > Baltic States
baltic states,13434,Baltic States,Biography > National biography > European Biographies > Baltic States
baltic states,13474,Baltic States,Social Sciences > Anthropology > Folklore > Regional Folklore > European Folklore > Baltic States
baltic states,52895,Baltic States,Social Sciences > Politics & Government > International Relations > Colonization & Migration > Europe > Baltic States
baroque & rococo,576,Baroque & Rococo,"Arts & Media > Architecture > Architectural History > Architectural History Overview > Baroque & Rococo || Applied Sciences & Technology > Civil, Structural & Construction > Architecture > Architectural History > Architectural History Overview > Baroque & Rococo"
baroque & rococo,1017,Baroque & Rococo,"Arts & Media > Visual Arts > History, Theory & Education > Art History > Baroque & Rococo"
bears,1104,Bears,"Children & Young Adult > Juvenile Fiction > Animals, Nature & Environment > Animals > Mammals, Farm Animals & Pets > Bears"
bears,1397,Bears,"Children & Young Adult > Juvenile Nonfiction > Nature, Science & Technology > Animals > Mammals, Farm Animals & Pets > Bears"
bears,4985,Bears,Science & Nature > Nature & Natural History > Animals > Bears
beauty & grooming,2022,Beauty & Grooming,Children & Young Adult > Young Adult Nonfiction > YA Health & Daily Living > Beauty & Grooming
beauty & grooming,2629,Beauty & Grooming,"Health & Medicine > Health & Fitness > Beauty & Grooming || Social Sciences > Anthropology > Fields > Manners, Customs & Material Culture > Beauty & Grooming"
bedtime & dreams,1307,Bedtime & Dreams,"Children & Young Adult > Juvenile Fiction > History, Biography & Society > Children’s Religious Fiction > Christian > Bedtime & Dreams"
bedtime & dreams,1439,Bedtime & Dreams,"Children & Young Adult > Juvenile Nonfiction > Life, Learning & Work > Health & Daily Living > Bedtime & Dreams"
beekeeping,188,Beekeeping,Applied Sciences & Technology > Agriculture > Animal Husbandry > Beekeeping
beekeeping,13194,Beekeeping,"Applied Sciences & Technology > Agriculture > Animal Husbandry > Poultry, Birds & Insects > Beekeeping"
beginner,1298,Beginner,Children & Young Adult > Juvenile Fiction > Story Forms & Reading Formats > Readers > Beginner
beginner,1634,Beginner,"Children & Young Adult > Juvenile Nonfiction > Life, Learning & Work > School & Education > Readers > Beginner"
belarus,11611,Belarus,Social Sciences > Politics & Government > By Region > Europe > Belarus
belarus,13492,Belarus,Social Sciences > Politics & Government > Government & Administration > Local & Municipal Government > Europe > Belarus
belarusian,3587,Belarusian,History > By Region > European > East > Belarusian
belarusian,12522,Belarusian,Literature > Slavic & Eurasian > Belarusian
belarusian,13650,Belarusian,Language > Languages & Language Families > Indo-European Languages > Slavic Languages > Belarusian
benelux countries,2457,Benelux Countries,"Geography, Places & Travel > Travel > European Travel > Benelux Countries"
benelux countries,3520,Benelux Countries,History > By Region > European > West > Benelux Countries
beverages,2911,Beverages,Home & Hobbies > Cooking > Beverages || Home & Hobbies > Home economics > Cooking > Beverages
beverages,6302,Beverages,Home & Hobbies > Home economics > Nutrition & Food Supply > Beverages
bible,4551,Bible,Religion > Bible
bible,51357,Bible,Biography > Bible
biblical,1642,Biblical,Biography > Biblical
biblical,3951,Biblical,Literature > Genres > Religious Fiction > Christian > Biblical
big cats,1124,Big Cats,"Children & Young Adult > Juvenile Fiction > Animals, Nature & Environment > Animals > Mammals, Farm Animals & Pets > Big Cats"
big cats,1416,Big Cats,"Children & Young Adult > Juvenile Nonfiction > Nature, Science & Technology > Animals > Mammals, Farm Animals & Pets > Big Cats"
big cats,4986,Big Cats,Science & Nature > Nature & Natural History > Animals > Big Cats
biochemistry,2553,Biochemistry,Health & Medicine > Biomedical Foundations & Research > Biochemistry
biochemistry,4845,Biochemistry,Science & Nature > Biology > Life Sciences > Molecular & Cellular Biology > Biochemistry
biochemistry,9226,Biochemistry,Science & Nature > Chemistry > Organic chemistry > Biochemistry
biographical,1142,Biographical,"Children & Young Adult > Juvenile Fiction > History, Biography & Society > Biographical"
biographical,1745,Biographical,"Children & Young Adult > Young Adult Fiction > History, Politics & Society > Biographical"
biography & autobiography,1440,Biography & Autobiography,"Children & Young Adult > Juvenile Nonfiction > People, Society & History > Biography & Autobiography"
biography & autobiography,1651,Biography & Autobiography,"Children & Young Adult > Juvenile Nonfiction > People, Society & History > Religion > Christian > Biography & Autobiography"
biography & autobiography,1967,Biography & Autobiography,"Children & Young Adult > Young Adult Nonfiction > People, Society & History > Biography & Autobiography"
biography & memoir,639,Biography & Memoir,Arts & Media > Comics & Graphic Novels > Nonfiction > Biography & Memoir
biography & memoir,1462,Biography & Memoir,"Children & Young Adult > Juvenile Nonfiction > Arts, Media & Literature > Comics & Graphic Novels > Biography & Memoir"
biology,1667,Biology,"Children & Young Adult > Juvenile Nonfiction > Nature, Science & Technology > Science & Nature > Biology"
biology,2126,Biology,"Children & Young Adult > Young Adult Nonfiction > Nature, Science & Technology > Science & Nature > Biology"
biology,4789,Biology,Science & Nature > Biology
biology,6005,Biology,"Reference & Information > Bibliographies, Catalogs & Indexes > Subject bibliography > Natural Sciences & Mathematics > Biology"
biophysics,4847,Biophysics,Science & Nature > Biology > Life Sciences > Molecular & Cellular Biology > Biophysics
biophysics,8984,Biophysics,Science & Nature > Biology > Life > Biophysics
biotechnology,213,Biotechnology,Applied Sciences & Technology > Chemical & Process Engineering > Chemical technology > Biotechnology
biotechnology,2555,Biotechnology,Health & Medicine > Biomedical Foundations & Research > Biotechnology
biotechnology,4813,Biotechnology,Science & Nature > Biology > Biotechnology
bipolar disorder,3186,Bipolar Disorder,Personal Growth > Emotions > Mood Disorders > Bipolar Disorder
bipolar disorder,5439,Bipolar Disorder,Health & Medicine > Psychiatry > Clinical Psychology > Mental Health > Psychopathology > Bipolar Disorder || Health & Medicine > Internal Medicine > Psychiatry > Clinical Psychology > Mental Health > Psychopathology > Bipolar Disorder || Health & Medicine > Internal Medicine > Neuroscience & Neuropsychiatry > Psychiatry > Clinical Psychology > Mental Health > Psychopathology > Bipolar Disorder || Social Sciences > Psychology > Applied > Clinical Psychology > Mental Health > Psychopathology > Bipolar Disorder
bipolar disorder,12662,Bipolar Disorder,Health & Medicine > Internal Medicine > Psychopathology > Bipolar Disorder
birds,1956,Birds,"Children & Young Adult > Young Adult Nonfiction > Nature, Science & Technology > Animals > Birds"
birds,3149,Birds,Home & Hobbies > Pets > Birds
birds,4987,Birds,Science & Nature > Nature & Natural History > Animals > Birds
birds,5773,Birds,"Children & Young Adult > Juvenile Fiction > Animals, Nature & Environment > Animals > Birds"
birds,5779,Birds,"Children & Young Adult > Juvenile Nonfiction > Nature, Science & Technology > Animals > Birds"
birds,7957,Birds,Science & Nature > Zoology > Chordates. Vertebrates > Birds
birmingham,51303,Birmingham,History > By Region > North American > U.S. > Local > South > Alabama > Cities & Towns > Birmingham
birmingham,51422,Birmingham,History > By Region > European > West > British Isles > English > Local > Birmingham
birthdays,1231,Birthdays,"Children & Young Adult > Juvenile Fiction > History, Biography & Society > Holidays & Celebrations > Birthdays"
birthdays,1557,Birthdays,"Children & Young Adult > Juvenile Nonfiction > Recreation, Travel & Adventure > Holidays & Celebrations > Birthdays"
bisexual,3977,Bisexual,Literature > Genres > Erotica > LGBTQ+ > Bisexual
bisexual,4021,Bisexual,Literature > Genres > LGBTQ+ Fiction > Bisexual
bisexual,4082,Bisexual,Literature > Genres > Romance > Identity & Relationship Forms > LGBTQ+ > Bisexual
blended families,1194,Blended Families,Children & Young Adult > Juvenile Fiction > Kids’ Family Fiction > Blended Families
blended families,1493,Blended Families,"Children & Young Adult > Juvenile Nonfiction > People, Society & History > Family > Blended Families"
blended families,1785,Blended Families,"Children & Young Adult > Young Adult Fiction > History, Politics & Society > Family > Blended Families"
blended families,2005,Blended Families,Children & Young Adult > Young Adult Nonfiction > YA Family > Blended Families
"boats, ships & underwater craft",1377,"Boats, Ships & Underwater Craft","Children & Young Adult > Juvenile Fiction > Kids’ Transport Fiction > Boats, Ships & Underwater Craft"
"boats, ships & underwater craft",1728,"Boats, Ships & Underwater Craft","Children & Young Adult > Juvenile Nonfiction > Recreation, Travel & Adventure > Transportation > Boats, Ships & Underwater Craft"
"boats, ships & underwater craft",2165,"Boats, Ships & Underwater Craft","Children & Young Adult > Young Adult Nonfiction > Recreation, Travel & Adventure > Transportation > Boats, Ships & Underwater Craft"
body,1172,Body,"Children & Young Adult > Juvenile Fiction > Learning, Work & Technology > Concepts > Body"
body,1473,Body,"Children & Young Adult > Juvenile Nonfiction > Life, Learning & Work > Concepts > Body"
book notes,1715,Book Notes,"Children & Young Adult > Juvenile Nonfiction > Life, Learning & Work > School & Education > Study Aids > Book Notes"
book notes,2154,Book Notes,"Children & Young Adult > Young Adult Nonfiction > Life, Learning & Work > Study Aids > Book Notes"
book notes,2340,Book Notes,Study Aids > Study Guides > Book Notes
book selection & reviews,4717,Book Selection & Reviews,"Reference & Information > Bibliographies, Catalogs & Indexes > Book Selection & Reviews"
book selection & reviews,9164,Book Selection & Reviews,"Reference & Information > Bibliographies, Catalogs & Indexes > Best books > Book Selection & Reviews"
books & libraries,1149,Books & Libraries,Children & Young Adult > Juvenile Fiction > Story Forms & Reading Formats > Books & Libraries
books & libraries,1456,Books & Libraries,"Children & Young Adult > Juvenile Nonfiction > Arts, Media & Literature > Books & Libraries"
books & libraries,1746,Books & Libraries,"Children & Young Adult > Young Adult Fiction > Arts, Media & Story Forms > Books & Libraries"
books & libraries,1983,Books & Libraries,"Children & Young Adult > Young Adult Nonfiction > Arts, Media & Literature > Books & Libraries"
botany,2127,Botany,"Children & Young Adult > Young Adult Nonfiction > Nature, Science & Technology > Science & Nature > Botany"
botany,4797,Botany,Science & Nature > Botany
botany,4848,Botany,Science & Nature > Biology > Life Sciences > Botany
botany,6007,Botany,"Reference & Information > Bibliographies, Catalogs & Indexes > Subject bibliography > Natural Sciences & Mathematics > Botany"
boys,6235,Boys,Health & Medicine > Pediatrics > Pediatric Physiology > Boys
boys,10999,Boys,Philosophy > Ethics > Character & Virtue Ethics > Applied Ethics > Boys
branches of study,8611,Branches of study,Education > Teaching & Learning > Education Theory & Practice > Primary Education > Branches of study
branches of study,8998,Branches of study,Education > Teaching & Learning > Education Theory & Practice > Early Childhood Education > Branches of study
brass,810,Brass,Arts & Media > Music > Creation & Performance > Musical Instruments > Brass
brass,823,Brass,"Arts & Media > Music > Sources, Publishing & Collections > Printed Music > Brass"
brazilian,3427,Brazilian,History > By Region > Latin American > Brazilian
brazilian,4160,Brazilian,Literature > American & Caribbean > South American > Brazilian || Literature > Romance > Portugal > Regional Portuguese > Portuguese Abroad > Brazilian
breast,6339,Breast,Health & Medicine > Surgery > Surgical Oncology > Breast
breast,8975,Breast,Health & Medicine > Surgery > Surgical Specialties by System > Surgery by Body Part > Breast
bridges,231,Bridges,"Applied Sciences & Technology > Civil, Structural & Construction > Civil > Bridges"
bridges,6452,Bridges,Applied Sciences & Technology > Transportation > Transport & Communications > Land & Urban Transportation > Traffic Engineering > Bridges
british isles,3521,British Isles,History > By Region > European > West > British Isles
british isles,54022,British Isles,Language > Journalism > Newspapers > British Isles
british isles,54030,British Isles,Reference & Information > Organizations > British Isles
buddhism,1645,Buddhism,"Children & Young Adult > Juvenile Nonfiction > People, Society & History > Religion > Buddhism"
buddhism,2112,Buddhism,"Children & Young Adult > Young Adult Nonfiction > People, Society & History > Religion > Buddhism"
buddhism,4553,Buddhism,Religion > Buddhism
buddhism,11151,Buddhism,"Philosophy > History, Traditions & Regions > Historical Periods > Ancient & Classical Philosophy > Orient > Ancient Eastern Religious Thought > Buddhism"
buddhist,1303,Buddhist,"Children & Young Adult > Juvenile Fiction > History, Biography & Society > Children’s Religious Fiction > Buddhist"
buddhist,1874,Buddhist,Children & Young Adult > Young Adult Fiction > YA Religious Fiction > Buddhist
buddhist,3949,Buddhist,Literature > Genres > Religious Fiction > Buddhist
buddhist,13264,Buddhist,Biography > Buddhist
buildings,561,Buildings,"Arts & Media > Architecture > Buildings by Type & Use > Buildings || Applied Sciences & Technology > Civil, Structural & Construction > Architecture > Buildings by Type & Use > Buildings"
buildings,51290,Buildings,"History > By Region > North American > U.S. > Local > South > Washington, D.C. > Buildings"
bulgarian,3545,Bulgarian,History > By Region > European > Balkan Peninsula > Bulgarian
bulgarian,12519,Bulgarian,Literature > Slavic & Eurasian > Bulgarian
bulgarian,13647,Bulgarian,Language > Languages & Language Families > Indo-European Languages > Slavic Languages > Bulgarian
bullying,1345,Bullying,"Children & Young Adult > Juvenile Fiction > Kids’ Fiction: Social Themes > Safety, Abuse & Risk > Bullying"
bullying,1695,Bullying,"Children & Young Adult > Juvenile Nonfiction > People, Society & History > Social Topics > Abuse, Violence & Safety > Bullying || Children & Young Adult > Young Adult Nonfiction > People, Society & History > Social Topics > Abuse, Violence & Safety > Bullying"
bullying,1911,Bullying,"Children & Young Adult > Young Adult Fiction > History, Politics & Society > Social Themes > YA Peer Relationships > Bullying"
bullying,51346,Bullying,Family & Relationships > Bullying || Social Sciences > Psychology > Applied > Bullying
business,2505,Business,"Geography, Places & Travel > Travel > Special Interest > Business"
business,3222,Business,Biography > Business
business,5086,Business,Social Sciences > Economics & Business > Commerce > Business
business & economics,1458,Business & Economics,"Children & Young Adult > Juvenile Nonfiction > Life, Learning & Work > Business & Economics"
business & economics,1985,Business & Economics,"Children & Young Adult > Young Adult Nonfiction > Life, Learning & Work > Business & Economics"
business aspects,724,Business Aspects,Arts & Media > Music > Business Aspects
business aspects,859,Business Aspects,Arts & Media > Performing Arts > Business Aspects
business aspects,994,Business Aspects,Arts & Media > Visual Arts > Artists & Art Institutions > Business Aspects
business aspects,3840,Business Aspects,Language > Writing > Business Aspects
business management,5596,Business Management,Social Sciences > Economics & Business > Business Management
business management,8928,Business management,Education > Teaching & Learning > Education Theory & Practice > Higher education > Business management
"butterflies, moths & caterpillars",1105,"Butterflies, Moths & Caterpillars","Children & Young Adult > Juvenile Fiction > Animals, Nature & Environment > Animals > Insects & Other Invertebrates > Butterflies, Moths & Caterpillars"
"butterflies, moths & caterpillars",1398,"Butterflies, Moths & Caterpillars","Children & Young Adult > Juvenile Nonfiction > Nature, Science & Technology > Animals > Insects & Other Invertebrates > Butterflies, Moths & Caterpillars"
buyer's guides,53,Buyer's Guides,"Applied Sciences & Technology > Computing & IT > Learning, Reference & Society > Buyer's Guides"
buyer's guides,461,Buyer's Guides,Applied Sciences & Technology > Transportation > Automotive > Buyer's Guides
by era,11438,By Era,History > By Region > European > Central > By Era
by era,11443,By Era,History > By Region > African > By Era
by era,11444,By Era,History > By Region > African > East > By Era
by period,3407,By Period,History > By Region > North American > U.S. > By Period
by period,11497,By Period,History > By Region > European > West > British Isles > By Period
by period,11498,By Period,History > By Region > European > By Period
by period,12891,By Period,Social Sciences > Politics & Government > International Relations > By Period
by period,51002,By Period,History > By Region > North American > U.S. > Political & Foreign Relations > By Period
by period,51003,By Period,History > By Region > North American > U.S. > Military & Naval > By Period
by period,51004,By Period,Biography > National biography > U.S. Biography > By Period
by period,54057,By Period,History > By Region > European > North > Swedish > By Period
by period,54061,By Period,History > By Region > European > Balkan Peninsula > Kosovo > By Period
by period,54063,By Period,History > By Region > African > Central > Francophone Equatorial Africa > Central African Republic > By Period
by period,54070,By Period,History > By Region > African > Central > Francophone Equatorial Africa > Chad Tchad > By Period
by period,54077,By Period,"History > By Region > African > Central > Francophone Equatorial Africa > Gabon Gaboon, Gabun > By Period"
by period,54084,By Period,History > By Region > African > West > Burkina Faso. Upper Volta > By Period
by period,54092,By Period,History > By Region > African > West > Gambian > By Period
by period,54099,By Period,History > By Region > African > West > Guinean > By Period
by period,54106,By Period,History > By Region > African > West > Mali > By Period
by period,54115,By Period,History > By Region > African > West > Mauritania > By Period
by period,54122,By Period,History > By Region > African > West > Nigerien > By Period
by period,54131,By Period,History > By Region > African > West > Nigerian > By Period
by period,54140,By Period,History > By Region > African > West > Senegalese > By Period
by period,54147,By Period,History > By Region > African > West > Sierra Leonean > By Period
by period,54155,By Period,History > By Region > Latin American > Dominican Republic > By Period
by period,54164,By Period,History > By Region > Latin American > Haitian > By Period
by period,54174,By Period,"History > By Region > African > West > French West Africa, Sahara & Sahel > Beninese > By Period"
by period,54181,By Period,History > By Region > African > East > Kenyan > By Period
by period,54189,By Period,History > By Region > African > East > Ugandan > By Period
by period,54198,By Period,History > By Region > Latin American > Cuban > By Period
by period,54202,By Period,History > By Region > Latin American > Jamaican > By Period
by period,54209,By Period,History > By Region > European > Balkan Peninsula > Croatian > By Period
by period,54213,By Period,History > By Region > European > Balkan Peninsula > Serbian > By Period
by period,54217,By Period,History > By Region > Latin American > Guyanese > By Period || History > By Region > The Americas > British America > Guyanese > By Period || History > By Region > European > West > British Isles > British Empire & Commonwealth > British America > Guyanese > By Period
by period,54222,By Period,History > By Region > European > Balkan Peninsula > Montenegrin > By Period
by period,54231,By Period,History > By Region > Latin American > Surinamese > By Period || History > By Region > The Americas > Dutch America > Surinamese > By Period || History > By Region > European > West > Benelux Countries > Dutch > Dutch America > Surinamese > By Period
by period,54235,By Period,History > By Region > African > West > Equatorial Guinean > By Period
by period,54241,By Period,History > By Region > Latin American > Puerto Rican > By Period
by period,54247,By Period,History > By Region > Latin American > French Guiana > By Period || History > By Region > The Americas > French America > French Guiana > By Period || History > By Region > European > West > French > French America > French Guiana > By Period
by period,54253,By Period,History > By Region > European > South > Cypriot > By Period
by period,54257,By Period,History > By Region > European > Balkan Peninsula > Slovenian > By Period
by period,54261,By Period,History > By Region > European > Balkan Peninsula > Bosnia and Herzegovina > By Period
by period,54264,By Period,History > By Region > European > Balkan Peninsula > North Macedonian > By Period
by period,54267,By Period,History > By Region > African > North > Algerian > By Period
by period,54279,By Period,History > By Region > African > East > Burundian > By Period
by period,54289,By Period,"History > By Region > African > Central > Cameroon Cameroun, Kamerun > By Period"
by period,54295,By Period,History > By Region > African > East > Ethiopian > By Period
by period,54300,By Period,History > By Region > African > West > Liberian > By Period
by period,54307,By Period,History > By Region > African > North > Libyan > By Period
by period,54317,By Period,History > By Region > African > East > Rwanda. Ruanda-Urundi > By Period
by period,54327,By Period,History > By Region > African > East > Somali & Somaliland > By Period
by period,54336,By Period,History > By Region > African > East > Tanzania & German E. Africa Hist. > By Period
by period,54343,By Period,History > By Region > African > West > Togo. Togoland > By Period
by period,54351,By Period,History > By Region > African > Central > DR Congo > By Period
by period,54358,By Period,History > By Region > Latin American > Bahamas > By Period
by period,54363,By Period,History > By Region > Latin American > Belizean > By Period
by period,54368,By Period,History > By Region > Latin American > Costa Rican > By Period
by period,54373,By Period,History > By Region > Latin American > Guatemalan > By Period
by period,54378,By Period,History > By Region > Latin American > Honduran > By Period
by period,54383,By Period,History > By Region > Latin American > Nicaraguan > By Period
by period,54388,By Period,History > By Region > Latin American > Panamanian > By Period
by period,54393,By Period,History > By Region > Latin American > Salvadoran > By Period
by period,54398,By Period,History > By Region > Latin American > Bolivian > By Period
by period,54403,By Period,History > By Region > Latin American > Brazilian > By Period
by period,54407,By Period,History > By Region > Latin American > Chilean > By Period
by period,54412,By Period,History > By Region > Latin American > Peruvian > By Period
by period,54417,By Period,History > By Region > Latin American > Venezuelan > By Period
by period,54421,By Period,History > By Region > Asian > Southeast > Bruneian > By Period
by period,54426,By Period,History > By Region > Asian > Southeast > Indonesian > By Period
by period,54430,By Period,History > By Region > Asian > Southeast > Malaysian & Straits > By Period
by period,54435,By Period,History > By Region > Asian > Southeast > Philippine > By Period
by period,54439,By Period,History > By Region > Asian > Southeast > Singaporean > By Period
by period,54444,By Period,History > By Region > Asian > Southeast > Thai > By Period
by period,54449,By Period,History > By Region > Asian > Azerbaijani > By Period
by period,54451,By Period,History > By Region > European > East > Belarusian > By Period
by period,54456,By Period,History > By Region > Asian > Georgian > By Period
by period,54460,By Period,History > By Region > Asian > Kazakh > By Period
by period,54463,By Period,History > By Region > Asian > Kyrgyz > By Period
by period,54465,By Period,History > By Region > European > East > Moldovan > By Period
by period,54468,By Period,History > By Region > Asian > Tajik > By Period
by period,54470,By Period,History > By Region > Asian > Turkmen > By Period
by period,54474,By Period,History > By Region > Asian > Uzbek > By Period
by period,54477,By Period,History > By Region > European > East > Ukrainian > By Period
by period,54481,By Period,History > By Region > Latin American > Colombian > By Period
by period,54486,By Period,History > By Region > Latin American > Ecuadorian > By Period
by period,54491,By Period,History > By Region > Latin American > Paraguayan > By Period
by period,54496,By Period,History > By Region > Latin American > Uruguayan > By Period
by period,54501,By Period,History > By Region > Latin American > Argentine > By Period
by period,54506,By Period,History > By Region > Asian > Southeast > Timorese > By Period
by period,54509,By Period,History > By Region > African > East > Eritrean > By Period
by period,54518,By Period,History > By Region > Asian > Armenian > By Period
by period,54522,By Period,History > By Region > European > East > Estonian > By Period
by period,54525,By Period,History > By Region > European > East > Latvian > By Period
by period,54528,By Period,History > By Region > European > East > Lithuanian > By Period
by period,54531,By Period,History > By Region > African > Central > Angolan > By Period || History > By Region > African > Southern > Angolan > By Period
by period,54540,By Period,History > By Region > African > Southern > Botswana. Bechuanaland > By Period
by period,54547,By Period,History > By Region > African > Southern > Lesotho. Basutoland > By Period
by period,54553,By Period,History > By Region > African > Southern > Malawi. Nyasaland > By Period
by period,54561,By Period,History > By Region > African > Southern > Mozambican > By Period
by period,54570,By Period,History > By Region > African > Southern > Namibia. South-West Africa > By Period
by period,54580,By Period,History > By Region > African > Southern > South African > By Period
by period,54592,By Period,History > By Region > African > East > Sudan. Anglo-Egyptian Sudan > By Period || History > By Region > African > North > Sudan. Anglo-Egyptian Sudan > By Period
by period,54599,By Period,History > By Region > African > Southern > Zambia. Northern Rhodesia > By Period
by period,54608,By Period,History > By Region > African > Southern > Zimbabwe. Southern Rhodesia > By Period
by period,54619,By Period,History > By Region > Latin American > Mexican > By Period || History > By Region > North American > Mexican > By Period
by period,54624,By Period,History > By Region > North American > Canadian > By Period
by period,54628,By Period,History > By Region > Asian > Afghan > By Period || History > By Region > Asian > South > Afghan > By Period
by period,54632,By Period,History > By Region > Middle Eastern > Armenian > By Period
by period,54634,By Period,History > By Region > Asian > South > Bangladesh. East Pakistan > By Period
by period,54638,By Period,History > By Region > Asian > East > Chinese > By Period
by period,54641,By Period,History > By Region > Asian > South > Indian > By Period
by period,54645,By Period,History > By Region > Asian > East > Japanese > By Period
by period,54649,By Period,History > By Region > Middle Eastern > Jordan. Transjordan > By Period
by period,54652,By Period,History > By Region > Asian > East > Korean > By Period
by period,54656,By Period,History > By Region > Middle Eastern > Lebanon Phenicia > By Period
by period,54661,By Period,History > By Region > Asian > South > Pakistani > By Period
by period,54665,By Period,History > By Region > European > West > British Isles > Scottish > By Period
by period,54668,By Period,History > By Region > European > West > British Isles > Welsh > By Period
by period,54673,By Period,History > By Region > European > Central > Slovak > By Period
by period,54676,By Period,History > By Region > European > Balkan Peninsula > Albanian > By Period
by period,54679,By Period,History > By Region > European > Balkan Peninsula > Bulgarian > By Period
by period,54682,By Period,History > By Region > European > Balkan Peninsula > Romanian > By Period
by period,54686,By Period,History > By Region > European > Balkan Peninsula > Turkish > By Period
by period,54689,By Period,History > By Region > European > South > Iberia > Andorran > By Period
by period,54692,By Period,History > By Region > European > West > British Isles > English > By Period
by period,54695,By Period,History > By Region > European > South > Greek > Modern > By Period
by period,54698,By Period,History > By Region > European > North > Danish > By Period
by period,54701,By Period,History > By Region > European > North > Finnish > By Period
by period,54703,By Period,History > By Region > European > North > Icelandic > By Period
by period,54706,By Period,History > By Region > European > North > Norwegian > By Period
by period,54709,By Period,History > By Region > European > West > British Isles > Irish > By Period
by period,54713,By Period,History > By Region > Middle Eastern > Arabian Peninsula & Saudi Arabia > By Period
by period,54716,By Period,History > By Region > African > North > Egyptian > By Period || History > By Region > Middle Eastern > Egyptian > By Period
by period,54720,By Period,History > By Region > Middle Eastern > Iranian > By Period
by period,54724,By Period,History > By Region > Middle Eastern > Iraqi > By Period
by period,54729,By Period,History > By Region > Middle Eastern > Israel & Palestine > By Period
by period,54733,By Period,History > By Region > Middle Eastern > Syrian > By Period
by period,54739,By Period,History > By Region > Oceanian > Australia & New Zealand > Australian > By Period
by period,54744,By Period,History > By Region > Oceanian > Australia & New Zealand > New Zealand > By Period
by period,54749,By Period,History > By Region > African > South Sudanese > By Period
by period,54754,By Period,History > By Region > Asian > Mongolian > By Period
by period,54759,By Period,History > By Region > Asian > Taiwanese > By Period
by period,54764,By Period,History > By Region > Asian > South > Bhutanese > By Period
by period,54771,By Period,History > By Region > Asian > South > Nepalese > By Period
by period,54779,By Period,History > By Region > Asian > South > Sri Lankan > By Period
by period,54788,By Period,History > By Region > Asian > Southeast > Vietnamese > By Period
by period,54797,By Period,History > By Region > European > West > French > By Period
by period,54800,By Period,History > By Region > European > Central > German > By Period
by period,54802,By Period,History > By Region > European > South > Greek > By Period
by period,54805,By Period,History > By Region > European > Central > Austrian > By Period
by period,54808,By Period,History > By Region > European > Central > Czechoslovak > By Period
by period,54812,By Period,History > By Region > European > Central > Hungarian > By Period
by period,54815,By Period,History > By Region > European > South > Maltese > By Period
by period,54819,By Period,History > By Region > European > West > Benelux Countries > Belgian > By Period
by period,54821,By Period,History > By Region > European > West > Benelux Countries > Luxembourg > By Period
by period,54826,By Period,History > By Region > European > West > Benelux Countries > Dutch > By Period
by period,54829,By Period,History > By Region > European > East > Russian > By Period
by period,54833,By Period,History > By Region > European > Central > Swiss > By Period
by period,54837,By Period,History > By Region > European > South > Italian > By Period
by period,54840,By Period,History > By Region > European > East > Polish > By Period
by period,54843,By Period,History > By Region > European > South > Iberia > Portuguese > By Period
by period,54847,By Period,History > By Region > European > South > Iberia > Spanish > By Period
by period,54851,By Period,History > By Region > Asian > Southeast > Myanmar / Burma > By Period
by period,54860,By Period,History > By Region > Asian > Southeast > Cambodian > By Period
by period,54867,By Period,History > By Region > Asian > Southeast > Laotian > By Period
by period,54875,By Period,Literature > English > Regional English > American > By Period
by period,54876,By Period,Literature > English > Regional English > Anglophone Canadian > By Period
by period,54877,By Period,Literature > Germanic & Nordic > Denmark > By Period
by period,54878,By Period,Literature > Germanic & Nordic > Netherlands > By Period
by period,54879,By Period,Literature > American & Caribbean > Canadian > By Period
by period,54880,By Period,Literature > East Asian & Pacific > Chinese > By Period
by period,54881,By Period,Literature > Romance > France > By Period
by period,54882,By Period,Literature > East Asian & Pacific > Indian > By Period
by period,54883,By Period,Literature > Germanic & Nordic > Ireland > By Period
by period,54884,By Period,Literature > Romance > Italy > By Period
by period,54885,By Period,Literature > Slavic & Eurasian > Russia > By Period
by period,54886,By Period,Literature > Germanic & Nordic > Scotland > By Period
by period,54887,By Period,Literature > Romance > Spain > By Period
by period,54888,By Period,"Literature > East Asian & Pacific > Asian, African & Oceanian > Chinese > By Period"
by period,54889,By Period,"Literature > East Asian & Pacific > Asian, African & Oceanian > Japanese > By Period"
by period,54890,By Period,"Literature > East Asian & Pacific > Asian, African & Oceanian > Korean > By Period"
by period,54891,By Period,Literature > Germanic & Nordic > Modern Icelandic > By Period
by period,54892,By Period,Literature > Germanic & Nordic > Norway > By Period
by period,54893,By Period,Literature > Germanic & Nordic > Sweden > By Period
by period,54894,By Period,Literature > English > By Period
by period,54895,By Period,Literature > English > Regional English > Anglophone Australian Lit. > By Period
by period,54896,By Period,Literature > English > Regional English > Anglophone New Zealand Lit. > By Period
by period,54897,By Period,Literature > English > Regional English > Anglophone Indian > By Period
by period,54898,By Period,Literature > English > Regional English > Anglophone South African Lit. > By Period
by period,54899,By Period,Literature > Romance > Spain > Regional Spanish > Argentine Spanish > By Period
by period,54900,By Period,Literature > Romance > Spain > Regional Spanish > Mexican Spanish > By Period
by period,54901,By Period,Literature > Romance > Spain > Regional Spanish > Cuban Spanish > By Period
by period,54902,By Period,Literature > Romance > Spain > Regional Spanish > Chilean Spanish > By Period
by period,54903,By Period,Literature > Romance > Spain > Regional Spanish > Colombian Spanish > By Period
by period,54904,By Period,Literature > Romance > Spain > Regional Spanish > Venezuelan Spanish > By Period
by period,54905,By Period,Literature > Romance > Spain > Regional Spanish > Peruvian Spanish > By Period
by period,54906,By Period,Literature > Romance > Spain > Regional Spanish > Uruguayan Spanish > By Period
by period,54907,By Period,Literature > Slavic & Eurasian > Polish > By Period
by period,54908,By Period,Literature > American & Caribbean > U.S. > By Period
by period,54909,By Period,Literature > Germanic & Nordic > German > By Period
by region,5540,By Region,History > By Region
by region,12893,By Region,Social Sciences > Politics & Government > International Relations > By Region
by region,52556,By Region,"Social Sciences > Family, Population & Migration > Family, Gender & Life Course > Family & Relationships > By Region"
by region,54933,By Region,Social Sciences > Politics & Government > By Region
c,119,C,Applied Sciences & Technology > Computing & IT > Foundations & Computer Science > Computer Science > Programming Languages > C
c,7007,C,"Reference & Information > Bibliographies, Catalogs & Indexes > Personal bibliography > C"
camping,4660,Camping,Recreation > Camping
camping,6217,Camping,Recreation > Outdoor Recreation > Camping
canada,11918,Canada,Social Sciences > Politics & Government > By Region > Americas > North America > Canada
canada,13374,Canada,Social Sciences > Politics & Government > Government & Administration > Local & Municipal Government > Canada
canadian,3400,Canadian,History > By Region > North American > Canadian
canadian,3644,Canadian,History > Military > Canadian
canadian,4161,Canadian,Literature > American & Caribbean > Canadian
cancer,2642,Cancer,Health & Medicine > Health & Fitness > Diseases & Conditions > Cancer
cancer,2946,Cancer,Home & Hobbies > Cooking > Healthy Cooking & Nutrition > Cancer
cancer,6749,Cancer,Health & Medicine > Internal Medicine > Tumors & Oncology > Cancer
card games,1506,Card Games,"Children & Young Adult > Juvenile Nonfiction > Recreation, Travel & Adventure > Games & Activities > Card Games"
card games,4632,Card Games,Recreation > Indoor games & amusements > Card Games
career development,2186,Career Development,"Education > Students, Inclusion & Support > Counseling > Career Development"
career development,5959,Career Development,Social Sciences > Economics & Business > Careers > Career Development
career development,12266,Career Development,Social Sciences > Economics & Business > Commerce > Business > Career Development
careers,1459,Careers,"Children & Young Adult > Juvenile Nonfiction > Life, Learning & Work > Careers"
careers,1986,Careers,"Children & Young Adult > Young Adult Nonfiction > Life, Learning & Work > Careers"
careers,5117,Careers,Social Sciences > Economics & Business > Careers
caribbean,11919,Caribbean,Social Sciences > Politics & Government > By Region > Americas > Caribbean & Latin America > Caribbean
caribbean,13375,Caribbean,Social Sciences > Politics & Government > Government & Administration > Local & Municipal Government > Caribbean
caribbean & latin america,1277,Caribbean & Latin America,Children & Young Adult > Juvenile Fiction > Kids’ People & Places Fiction > Caribbean & Latin America
caribbean & latin america,1612,Caribbean & Latin America,"Children & Young Adult > Juvenile Nonfiction > People, Society & History > People & Places > Caribbean & Latin America"
caribbean & latin america,1851,Caribbean & Latin America,"Children & Young Adult > Young Adult Fiction > History, Politics & Society > People & Places > Caribbean & Latin America"
caribbean & latin america,2087,Caribbean & Latin America,"Children & Young Adult > Young Adult Nonfiction > People, Society & History > People & Places > Caribbean & Latin America"
caribbean & latin america,11790,Caribbean & Latin America,Social Sciences > Politics & Government > By Region > Americas > Caribbean & Latin America
caribbean & latin american,996,Caribbean & Latin American,Arts & Media > Visual Arts > Art by Region & Culture > Caribbean & Latin American
caribbean & latin american,1255,Caribbean & Latin American,"Children & Young Adult > Juvenile Fiction > Kids’ Legends, Myths & Fables > Caribbean & Latin American"
caribbean & latin american,3884,Caribbean & Latin American,Literature > Genres > Drama > Caribbean & Latin American
caribbean & latin american,4289,Caribbean & Latin American,Literature > Genres > Literary Collections > Caribbean & Latin American
caribbean & latin american,4324,Caribbean & Latin American,Literature > Literary Criticism > Regions & Literary Traditions > Caribbean & Latin American
caribbean & latin american,4430,Caribbean & Latin American,Literature > Genres > Poetry > Caribbean & Latin American
caribbean & latin american,11912,Caribbean & Latin American,Literature > English > Regional English > Caribbean & Latin American
caribbean & west indies,2452,Caribbean & West Indies,"Geography, Places & Travel > Travel > Caribbean & West Indies"
caribbean & west indies,4165,Caribbean & West Indies,Literature > American & Caribbean > Caribbean & West Indies
carpentry,239,Carpentry,"Applied Sciences & Technology > Civil, Structural & Construction > Construction > Carpentry"
carpentry,3130,Carpentry,"Home & Hobbies > House & Home > Maintenance, Repair & DIY > Do-It-Yourself > Carpentry"
cars & trucks,1378,Cars & Trucks,Children & Young Adult > Juvenile Fiction > Kids’ Transport Fiction > Cars & Trucks
cars & trucks,1729,Cars & Trucks,"Children & Young Adult > Juvenile Nonfiction > Recreation, Travel & Adventure > Transportation > Cars & Trucks"
cars & trucks,2166,Cars & Trucks,"Children & Young Adult > Young Adult Nonfiction > Recreation, Travel & Adventure > Transportation > Cars & Trucks"
cartooning,1078,Cartooning,"Arts & Media > Visual Arts > Media, Techniques & Practices > Visual Art Techniques > Cartooning"
cartooning,1432,Cartooning,"Children & Young Adult > Juvenile Nonfiction > Arts, Media & Literature > Art > Cartooning"
cartooning,1960,Cartooning,"Children & Young Adult > Young Adult Nonfiction > Arts, Media & Literature > Art > Cartooning"
cataloging & classification,3774,Cataloging & Classification,Language > Library & Information Science > Cataloging & Classification
cataloging & classification,12985,Cataloging & Classification,Reference & Information > Library & Archive Studies > Libraries & Collections > Library Collections & Materials > Cataloging & Classification || Reference & Information > Library & Archive Studies > Library & Information Science > Library Collections & Services > Library Collections & Materials > Cataloging & Classification
catalogs,7455,Catalogs,"Reference & Information > Bibliographies, Catalogs & Indexes > National bibliography > African Bibliography > Catalogs"
catalogs,7556,Catalogs,"Reference & Information > Bibliographies, Catalogs & Indexes > National bibliography > Asian Bibliography > Catalogs"
catalogs,8302,Catalogs,"Arts & Media > Music > History, Culture & Criticism > Music History & Criticism > Music Research & Reference > Music Reference & Bibliography > Music Bibliography > Catalogs"
cats,1106,Cats,"Children & Young Adult > Juvenile Fiction > Animals, Nature & Environment > Animals > Mammals, Farm Animals & Pets > Cats"
cats,1399,Cats,"Children & Young Adult > Juvenile Nonfiction > Nature, Science & Technology > Animals > Mammals, Farm Animals & Pets > Cats"
cats,3150,Cats,Home & Hobbies > Pets > Cats
cats,12461,Cats,Applied Sciences & Technology > Agriculture > Animal Husbandry > Specialty Animal Care > Cats
causes & aims,6876,Causes & Aims,History > Eras > Modern > 20th Century > World War I > Causes & Aims || History > Military > World Wars > World War I > Causes & Aims
causes & aims,10306,Causes & Aims,History > Eras > Modern > 20th Century > World War II > Causes & Aims || History > Military > World Wars > World War II > Causes & Aims
central,2428,Central,"Geography, Places & Travel > Travel > African Travel > Central"
central,2434,Central,"Geography, Places & Travel > Travel > Asian Travel > Central"
central,3329,Central,History > By Region > African > Central
central,3552,Central,History > By Region > European > Central
central,11573,Central,History > By Region > Asian > Central
central & south america,1537,Central & South America,"Children & Young Adult > Juvenile Nonfiction > People, Society & History > Children’s History > Central & South America"
central & south america,2038,Central & South America,"Children & Young Adult > Young Adult Nonfiction > People, Society & History > YA History > Central & South America"
central american,4166,Central American,Literature > American & Caribbean > Central American
central american,52180,Central American,History > By Region > North American > U.S. > Other Population Groups > Central American
central europe,54023,Central Europe,Language > Journalism > Newspapers > Central Europe
central europe,54031,Central Europe,Reference & Information > Organizations > Central Europe
ceramics,364,Ceramics,Applied Sciences & Technology > Materials Science & Nanotechnology > Ceramics
ceramics,540,Ceramics,Arts & Media > Antiques & Collectibles > Art & Furniture Collectibles > Ceramics
ceramics,997,Ceramics,"Arts & Media > Design & Decorative Arts > Decorative Arts > Ceramics || Arts & Media > Visual Arts > Media, Techniques & Practices > Sculpture & Applied Arts > Ceramics"
ceramics,3098,Ceramics,"Home & Hobbies > Crafts & Hobbies > Wood, Metal, Glass & Ceramics > Ceramics"
chapter books,1299,Chapter Books,Children & Young Adult > Juvenile Fiction > Story Forms & Reading Formats > Readers > Chapter Books
chapter books,1635,Chapter Books,"Children & Young Adult > Juvenile Nonfiction > Life, Learning & Work > School & Education > Readers > Chapter Books"
chemistry,1668,Chemistry,"Children & Young Adult > Juvenile Nonfiction > Nature, Science & Technology > Science & Nature > Chemistry"
chemistry,2128,Chemistry,"Children & Young Adult > Young Adult Nonfiction > Nature, Science & Technology > Science & Nature > Chemistry"
chemistry,4803,Chemistry,Science & Nature > Chemistry
chemistry,6008,Chemistry,"Reference & Information > Bibliographies, Catalogs & Indexes > Subject bibliography > Natural Sciences & Mathematics > Chemistry"
chemotherapy,2559,Chemotherapy,Health & Medicine > Chemotherapy || Health & Medicine > Pharmacology & Therapeutics > Chemotherapy
chemotherapy,13605,Chemotherapy,Health & Medicine > Psychiatry > Psychotherapy > Chemotherapy || Health & Medicine > Internal Medicine > Psychiatry > Psychotherapy > Chemotherapy || Health & Medicine > Internal Medicine > Neuroscience & Neuropsychiatry > Psychiatry > Psychotherapy > Chemotherapy || Health & Medicine > Psychiatry > Clinical Psychology > Psychotherapy > Chemotherapy || Health & Medicine > Internal Medicine > Psychiatry > Clinical Psychology > Psychotherapy > Chemotherapy || Health & Medicine > Internal Medicine > Neuroscience & Neuropsychiatry > Psychiatry > Clinical Psychology > Psychotherapy > Chemotherapy || Social Sciences > Psychology > Applied > Clinical Psychology > Psychotherapy > Chemotherapy
child & adolescent,2838,Child & Adolescent,Health & Medicine > Psychiatry > Child & Adolescent || Health & Medicine > Internal Medicine > Psychiatry > Child & Adolescent || Health & Medicine > Internal Medicine > Neuroscience & Neuropsychiatry > Psychiatry > Child & Adolescent
child & adolescent,5449,Child & Adolescent,Health & Medicine > Psychiatry > Psychotherapy > Child & Adolescent || Health & Medicine > Internal Medicine > Psychiatry > Psychotherapy > Child & Adolescent || Health & Medicine > Internal Medicine > Neuroscience & Neuropsychiatry > Psychiatry > Psychotherapy > Child & Adolescent || Health & Medicine > Psychiatry > Clinical Psychology > Psychotherapy > Child & Adolescent || Health & Medicine > Internal Medicine > Psychiatry > Clinical Psychology > Psychotherapy > Child & Adolescent || Health & Medicine > Internal Medicine > Neuroscience & Neuropsychiatry > Psychiatry > Clinical Psychology > Psychotherapy > Child & Adolescent || Social Sciences > Psychology > Applied > Clinical Psychology > Psychotherapy > Child & Adolescent
child abuse,13275,Child Abuse,Social Sciences > Criminology > Child Abuse
child abuse,51343,Child Abuse,Family & Relationships > Family Abuse > Child Abuse
children,941,Children,"Arts & Media > Photography & Imaging > Collections, Subjects & Reference > Subjects & Themes > Children"
children,4571,Children,Religion > Christianity > Christian Ministry > Children
children,5471,Children,Social Sciences > Social Welfare & Services > Social Welfare > Children
children,10739,Children,History > Eras > Modern > 20th Century > World War II > Holocaust > Special groups of Jewish victims > Children || History > Military > World Wars > World War II > Holocaust > Special groups of Jewish victims > Children
children,12795,Children,Social Sciences > Social Welfare & Services > Social Welfare > Special classes > Children
children's,737,Children's,Arts & Media > Music > Genres & Styles > Children's
children's,899,Children's,Arts & Media > Performing Arts > Television > Genres > Children's
children’s games,4661,Children’s Games,Recreation > Children’s Games
children’s games,6430,Children’s Games,Recreation > Games & amusements > Children’s Games
chilean,3428,Chilean,History > By Region > Latin American > Chilean
chilean,4167,Chilean,Literature > American & Caribbean > South American > Chilean
chinese,3493,Chinese,History > By Region > Asian > East > Chinese
chinese,4168,Chinese,Literature > East Asian & Pacific > Chinese
chinese,4265,Chinese,"Literature > East Asian & Pacific > Asian, African & Oceanian > Chinese"
chinese,7964,Chinese,"Literature > East Asian & Pacific > Asian, African & Oceanian > Chinese Language > Chinese"
chinese language,3715,Chinese Language,Language > Languages & Language Families > East & Southeast Asian Languages > Chinese Language
chinese language,4264,Chinese Language,"Literature > East Asian & Pacific > Asian, African & Oceanian > Chinese Language"
choral,738,Choral,Arts & Media > Music > Genres & Styles > Choral
choral,824,Choral,"Arts & Media > Music > Sources, Publishing & Collections > Printed Music > Choral"
christian,840,Christian,"Arts & Media > Music > History, Culture & Criticism > Religion & Music > Christian"
christian,1304,Christian,"Children & Young Adult > Juvenile Fiction > History, Biography & Society > Children’s Religious Fiction > Christian"
christian,1650,Christian,"Children & Young Adult > Juvenile Nonfiction > People, Society & History > Religion > Christian"
christian,1875,Christian,Children & Young Adult > Young Adult Fiction > YA Religious Fiction > Christian
christian,2117,Christian,"Children & Young Adult > Young Adult Nonfiction > People, Society & History > Religion > Christian"
christian,3937,Christian,Literature > Genres > Cultural Heritage Fiction > African American & Black > Christian
christian,3950,Christian,Literature > Genres > Religious Fiction > Christian
christian,8524,Christian,Arts & Media > Design & Decorative Arts > Decorative Arts > Religious art > Christian
christian,13206,Christian,Biography > Christian
christian education,2276,Christian Education,"Education > Students, Inclusion & Support > Education Support Topics > Christian Education"
christian education,4567,Christian Education,Religion > Christianity > Christian Ministry > Christian Education
christian living,4568,Christian Living,Religion > Christianity > Christian Living
christian living,12913,Christian Living,Religion > Christianity > Christian Denominations > Catholic > Catholic Worship & Devotion > Christian Living
christian science,4585,Christian Science,Religion > Christianity > Christian Denominations > Christian Science
christian science,13792,Christian Science,Religion > Christianity > Christian Denominations > Protestantism > Christian Science
christmas & advent,1232,Christmas & Advent,"Children & Young Adult > Juvenile Fiction > History, Biography & Society > Holidays & Celebrations > Christmas & Advent"
christmas & advent,1558,Christmas & Advent,"Children & Young Adult > Juvenile Nonfiction > Recreation, Travel & Adventure > Holidays & Celebrations > Christmas & Advent"
cinematography & videography,600,Cinematography & videography,Arts & Media > Cinematography & videography || Arts & Media > Photography & Imaging > Cinematography & videography
cinematography & videography,956,Cinematography & Videography,"Arts & Media > Photography & Imaging > Photo Methods, Gear & Materials > Photography Techniques > Cinematography & Videography"
circus,860,Circus,Arts & Media > Performing Arts > Circus
circus,1289,Circus,"Children & Young Adult > Juvenile Fiction > Arts, Culture & Imagination > Performing Arts > Circus"
circus,1624,Circus,"Children & Young Adult > Juvenile Nonfiction > Arts, Media & Literature > Performing Arts > Circus"
cities & towns,13755,Cities & Towns,History > By Region > African > North > Maghrib. Barbary States > Tunisia Tunis > Cities & Towns
cities & towns,50953,Cities & Towns,History > By Region > North American > U.S. > Local > West > California > Cities & Towns
cities & towns,50957,Cities & Towns,History > By Region > North American > U.S. > Local > Middle Atlantic > New York > Cities & Towns
cities & towns,50961,Cities & Towns,History > By Region > North American > U.S. > Local > New England > Massachusetts > Cities & Towns
cities & towns,50962,Cities & Towns,History > By Region > North American > U.S. > Local > South > Florida > Cities & Towns
cities & towns,50968,Cities & Towns,History > By Region > North American > U.S. > Local > South > Louisiana > Cities & Towns
cities & towns,50971,Cities & Towns,History > By Region > North American > U.S. > Local > Middle Atlantic > Pennsylvania > Cities & Towns
cities & towns,50973,Cities & Towns,History > By Region > North American > U.S. > Local > South > Texas > Cities & Towns
cities & towns,50975,Cities & Towns,History > By Region > North American > U.S. > Local > Midwest > Illinois > Cities & Towns
cities & towns,51196,Cities & Towns,History > By Region > North American > U.S. > Local > South > Maryland > Cities & Towns
cities & towns,51201,Cities & Towns,History > By Region > North American > U.S. > Local > South > Virginia > Cities & Towns
cities & towns,51210,Cities & Towns,History > By Region > North American > U.S. > Local > South > North Carolina > Cities & Towns
cities & towns,51217,Cities & Towns,History > By Region > North American > U.S. > Local > South > Georgia > Cities & Towns
cities & towns,51224,Cities & Towns,History > By Region > North American > U.S. > Local > Midwest > Ohio > Cities & Towns
cities & towns,51232,Cities & Towns,History > By Region > North American > U.S. > Local > Midwest > Michigan > Cities & Towns
cities & towns,51297,Cities & Towns,History > By Region > North American > U.S. > Local > South > Carolina > Cities & Towns
cities & towns,51302,Cities & Towns,History > By Region > North American > U.S. > Local > South > Alabama > Cities & Towns
cities & towns,51308,Cities & Towns,History > By Region > North American > U.S. > Local > South > Tennessee > Cities & Towns
cities & towns,51316,Cities & Towns,History > By Region > North American > U.S. > Local > West > Colorado > Cities & Towns
cities & towns,51325,Cities & Towns,History > By Region > North American > U.S. > Local > West > Alaska > Cities & Towns
cities & towns,51332,Cities & Towns,History > By Region > North American > U.S. > Local > Middle Atlantic > New Jersey > Cities & Towns
city & town life,1260,City & Town Life,Children & Young Adult > Juvenile Fiction > Kids’ Lifestyle Fiction > City & Town Life
city & town life,1584,City & Town Life,"Children & Young Adult > Juvenile Nonfiction > Life, Learning & Work > Lifestyles > City & Town Life"
city & town life,1832,City & Town Life,"Children & Young Adult > Young Adult Fiction > Life, Learning & Work > Lifestyles > City & Town Life"
civil service,2344,Civil Service,Study Aids > Professional Exam Guides > Civil Service
civil service,52665,Civil Service,Social Sciences > Politics & Government > By Region > Europe > Britain > Civil Service
civil war period,1228,Civil War Period,"Children & Young Adult > Juvenile Fiction > History, Biography & Society > Children’s Historical Fiction > Kids’ U.S. Historical Fiction > Civil War Period"
civil war period,1553,Civil War Period,"Children & Young Adult > Juvenile Nonfiction > People, Society & History > Children’s History > Children’s U.S. History > Civil War Period"
civil war period,1819,Civil War Period,"Children & Young Adult > Young Adult Fiction > History, Politics & Society > YA Historical Fiction > YA U.S. Historical Fiction > Civil War Period"
civil war period,2053,Civil War Period,"Children & Young Adult > Young Adult Nonfiction > People, Society & History > YA History > YA U.S. History > Civil War Period"
civil war period,3408,Civil War Period,History > By Region > North American > U.S. > By Period > 19th Century > Civil War Period || History > Military > U.S. > Civil War Period
civilization,3622,Civilization,History > Civilization
civilization,5972,Civilization,"Reference & Information > Bibliographies, Catalogs & Indexes > Subject bibliography > Humanities & Culture > Civilization"
civilization & social life,50835,Civilization & Social Life,History > By Region > Asian > East > Chinese > Civilization & Social Life
civilization & social life,50863,Civilization & Social Life,History > By Region > Asian > East > Japanese > Civilization & Social Life
classic adaptation,1157,Classic Adaptation,Children & Young Adult > Juvenile Fiction > Story Forms & Reading Formats > Comics & Graphic Novels > Classic Adaptation
classic adaptation,1753,Classic Adaptation,"Children & Young Adult > Young Adult Fiction > Arts, Media & Story Forms > Comics & Graphic Novels > Classic Adaptation"
classical,739,Classical,Arts & Media > Music > Genres & Styles > Classical
classical,1596,Classical,"Children & Young Adult > Juvenile Nonfiction > Arts, Media & Literature > Music > Classical"
classical,5588,Classical,Literature > Classical
classics,1152,Classics,Children & Young Adult > Juvenile Fiction > Story Forms & Reading Formats > Classics
classics,1749,Classics,"Children & Young Adult > Young Adult Fiction > Arts, Media & Story Forms > Classics"
classics,3964,Classics,Literature > Genres > Forms & Literary Traditions > Classics
classification. nomenclature,8973,Classification. Nomenclature,Science & Nature > Microbiology > Bacteria > Classification. Nomenclature
classification. nomenclature,9688,Classification. Nomenclature,Science & Nature > Microbiology > Virology > Classification. Nomenclature
classroom management,2180,Classroom Management,Education > Teaching & Learning > Classroom Management
classroom management,12650,Classroom Management,Education > Teaching & Learning > Education Theory & Practice > School Administration > Classroom Management
clay,9582,Clay,Applied Sciences & Technology > Mining > Nonmetallic minerals > Clay
clay,10055,Clay,Science & Nature > Geology > Petrology > Clay
clean & wholesome,1888,Clean & Wholesome,Children & Young Adult > Young Adult Fiction > Romance > Clean & Wholesome
clean & wholesome,4062,Clean & Wholesome,"Literature > Genres > Romance > Tone, Occasion & Collections > Clean & Wholesome"
clinical cases,6196,Clinical cases,Health & Medicine > Internal Medicine > Internal Medicine Specialties > Clinical cases
clinical cases,6817,Clinical cases,Health & Medicine > Surgery > General & Operative Surgery > Anesthesiology > Clinical cases
clinical cases,9828,Clinical cases,Health & Medicine > Public aspects of medicine > Toxicology > Clinical cases
clinical psychology,5651,Clinical Psychology,Health & Medicine > Psychiatry > Clinical Psychology || Health & Medicine > Internal Medicine > Psychiatry > Clinical Psychology || Health & Medicine > Internal Medicine > Neuroscience & Neuropsychiatry > Psychiatry > Clinical Psychology || Social Sciences > Psychology > Applied > Clinical Psychology
clinical psychology,7706,Clinical psychology,Health & Medicine > Pediatrics > Pediatric Diseases > Clinical psychology
clothing & dress,1153,Clothing & Dress,"Children & Young Adult > Juvenile Fiction > Arts, Culture & Imagination > Clothing & Dress"
clothing & dress,1460,Clothing & Dress,"Children & Young Adult > Juvenile Nonfiction > Life, Learning & Work > Lifestyles > Clothing & Dress"
coal,6739,Coal,Applied Sciences & Technology > Mining > Nonmetallic minerals > Coal
coal,8403,Coal,Applied Sciences & Technology > Chemical & Process Engineering > Chemical technology > Fuel > Coal
coding & programming,1467,Coding & Programming,"Children & Young Adult > Juvenile Nonfiction > Nature, Science & Technology > Technology > Computers > Coding & Programming"
coding & programming,1993,Coding & Programming,"Children & Young Adult > Young Adult Nonfiction > Nature, Science & Technology > Computers > Coding & Programming"
coding theory,7887,Coding theory,Applied Sciences & Technology > Electrical & Electronic Engineering > Electrical Engineering > Telecommunication > Coding theory
coding theory,53147,Coding Theory,Science & Nature > Mathematics > Mathematical Foundations > Discrete Mathematics > Coding Theory
"cold war era, 1945–1989",10497,"Cold War Era, 1945–1989","History > By Region > European > East > 20th-21st centuries > Cold War Era, 1945–1989"
"cold war era, 1945–1989",10719,"Cold War Era, 1945–1989","History > By Region > European > Central > By Era > Cold War Era, 1945–1989"
collectibles,7971,Collectibles,History > Eras > Modern > 20th Century > World War I > Collectibles || History > Military > World Wars > World War I > Collectibles
collectibles,10292,Collectibles,History > Eras > Modern > 20th Century > World War II > Collectibles || History > Military > World Wars > World War II > Collectibles
collection & preservation,6587,Collection & preservation,Science & Nature > Geology > Paleontology > Collection & preservation
collection & preservation,8909,Collection & preservation,Science & Nature > Geology > Mineralogy > Collection & preservation
collection & preservation,9745,Collection & preservation,Science & Nature > Geology > Petrology > Collection & preservation
collections & anthologies,3953,Collections & Anthologies,Literature > Genres > Religious Fiction > Christian > Collections & Anthologies
collections & anthologies,3974,Collections & Anthologies,Literature > Genres > Erotica > Collections & Anthologies
collections & anthologies,3989,Collections & Anthologies,Literature > Genres > Fantasy > Collections & Anthologies
collections & anthologies,4036,Collections & Anthologies,Literature > Genres > Mystery & Detective > Collections & Anthologies
collections & anthologies,4063,Collections & Anthologies,"Literature > Genres > Romance > Tone, Occasion & Collections > Collections & Anthologies"
collections & anthologies,4112,Collections & Anthologies,Literature > Genres > Science Fiction > Collections & Anthologies
collections & translations,12352,Collections & Translations,"Literature > East Asian & Pacific > Asian, African & Oceanian > Chinese > Collections & Translations"
collections & translations,12490,Collections & Translations,Literature > Slavic & Eurasian > Russia > Collections & Translations
collections & translations,12533,Collections & Translations,"Literature > East Asian & Pacific > Asian, African & Oceanian > Japanese > Collections & Translations"
collections & translations,12635,Collections & Translations,"Literature > East Asian & Pacific > Asian, African & Oceanian > Korean > Collections & Translations"
collections of designs,7575,Collections of designs,Arts & Media > Design & Decorative Arts > Decorative Arts > Decorative Design > Collections of designs
collections of designs,8508,Collections of designs,Arts & Media > Design & Decorative Arts > Decorative Arts > Interior Decoration > Collections of designs
"collections, catalogs, exhibitions",920,"Collections, Catalogs, Exhibitions","Arts & Media > Photography & Imaging > Collections, Subjects & Reference > Collections, Catalogs, Exhibitions"
"collections, catalogs, exhibitions",998,"Collections, Catalogs, Exhibitions","Arts & Media > Visual Arts > Artists & Art Institutions > Collections, Catalogs, Exhibitions"
collective,4561,Collective,Religion > Christianity > Christian Denominations > Collective
collective,8556,Collective,Reference & Information > Genealogy & Heraldry > International Family History > Collective
collective,9204,Collective,Biography > Bibliographers > Collective
colombian,4172,Colombian,Literature > American & Caribbean > South American > Colombian
colombian,5542,Colombian,History > By Region > Latin American > Colombian
colonial,10289,Colonial,History > By Region > Asian > Mongolian > By Period > Colonial
colonial,10448,Colonial,History > By Region > African > Central > Colonial
colonial,10743,Colonial,History > Eras > Modern > 20th Century > World War I > Military operations > Colonial || History > Military > World Wars > World War I > Military operations > Colonial
colonial & revolutionary periods,1229,Colonial & Revolutionary Periods,"Children & Young Adult > Juvenile Fiction > History, Biography & Society > Children’s Historical Fiction > Kids’ U.S. Historical Fiction > Colonial & Revolutionary Periods"
colonial & revolutionary periods,1554,Colonial & Revolutionary Periods,"Children & Young Adult > Juvenile Nonfiction > People, Society & History > Children’s History > Children’s U.S. History > Colonial & Revolutionary Periods"
colonial & revolutionary periods,1820,Colonial & Revolutionary Periods,"Children & Young Adult > Young Adult Fiction > History, Politics & Society > YA Historical Fiction > YA U.S. Historical Fiction > Colonial & Revolutionary Periods"
colonial & revolutionary periods,2054,Colonial & Revolutionary Periods,"Children & Young Adult > Young Adult Nonfiction > People, Society & History > YA History > YA U.S. History > Colonial & Revolutionary Periods"
colonial & revolutionary periods,4156,Colonial & Revolutionary Periods,Literature > American & Caribbean > U.S. > Colonial & Revolutionary Periods
color,957,Color,"Arts & Media > Photography & Imaging > Photo Methods, Gear & Materials > Photography Techniques > Color"
color,1079,Color,"Arts & Media > Visual Arts > Media, Techniques & Practices > Visual Art Techniques > Color"
color,8981,Color,"Arts & Media > Visual Arts > Media, Techniques & Practices > Painting > Technique & materials > Color"
color,9762,Color,Science & Nature > Physics > Radiation Physics > Color
coloring,1098,Coloring,Children & Young Adult > Juvenile Fiction > Story Forms & Reading Formats > Activity Books > Coloring
coloring,1390,Coloring,"Children & Young Adult > Juvenile Nonfiction > Recreation, Travel & Adventure > Activity Books > Coloring"
colors,1173,Colors,"Children & Young Adult > Juvenile Fiction > Learning, Work & Technology > Concepts > Colors"
colors,1474,Colors,"Children & Young Adult > Juvenile Nonfiction > Life, Learning & Work > Concepts > Colors"
colors,6702,Colors,"Arts & Media > Visual Arts > History, Theory & Education > Arts in general > Art Subjects > Colors"
comedy,861,Comedy,Arts & Media > Performing Arts > Comedy
comedy,878,Comedy,Arts & Media > Performing Arts > Film > Genres > Comedy || Literature > General Literary Studies > Film > Genres > Comedy
comedy,900,Comedy,Arts & Media > Performing Arts > Television > Genres > Comedy
comedy,9839,Comedy,Literature > Classical > Greek > Greek Literary Criticism > Comedy
comic strips & cartoons,694,Comic Strips & Cartoons,Arts & Media > Humor & Satire > Form > Comic Strips & Cartoons || Literature > Genres > Humor & Satire > Form > Comic Strips & Cartoons
comic strips & cartoons,1571,Comic Strips & Cartoons,"Children & Young Adult > Juvenile Nonfiction > Recreation, Travel & Adventure > Humor > Comic Strips & Cartoons"
comics,6748,Comics,Literature > Genres > Literary Collections > Comics
comics,8463,Comics,Arts & Media > Design & Decorative Arts > Drawing & Illustration > Visual Humor & Caricature > Comics
comics & graphic novels,601,Comics & Graphic Novels,Arts & Media > Comics & Graphic Novels
comics & graphic novels,1154,Comics & Graphic Novels,Children & Young Adult > Juvenile Fiction > Story Forms & Reading Formats > Comics & Graphic Novels
comics & graphic novels,1308,Comics & Graphic Novels,"Children & Young Adult > Juvenile Fiction > History, Biography & Society > Children’s Religious Fiction > Christian > Comics & Graphic Novels"
comics & graphic novels,1461,Comics & Graphic Novels,"Children & Young Adult > Juvenile Nonfiction > Arts, Media & Literature > Comics & Graphic Novels"
comics & graphic novels,1652,Comics & Graphic Novels,"Children & Young Adult > Juvenile Nonfiction > People, Society & History > Religion > Christian > Comics & Graphic Novels"
comics & graphic novels,1751,Comics & Graphic Novels,"Children & Young Adult > Young Adult Fiction > Arts, Media & Story Forms > Comics & Graphic Novels"
comics & graphic novels,1877,Comics & Graphic Novels,Children & Young Adult > Young Adult Fiction > YA Religious Fiction > Christian > Comics & Graphic Novels
comics & graphic novels,1987,Comics & Graphic Novels,"Children & Young Adult > Young Adult Nonfiction > Arts, Media & Literature > Comics & Graphic Novels"
comics & graphic novels,4326,Comics & Graphic Novels,Literature > Literary Criticism > Genres & Forms > Comics & Graphic Novels
coming of age,1754,Coming of Age,"Children & Young Adult > Young Adult Fiction > Arts, Media & Story Forms > Comics & Graphic Novels > Coming of Age"
coming of age,1771,Coming of Age,"Children & Young Adult > Young Adult Fiction > History, Politics & Society > Coming of Age"
commentaries,12561,Commentaries,Religion > Bible > Old & New Testaments > New Testament > Commentaries
commentaries,12655,Commentaries,Religion > Bible > Old & New Testaments > Old Testament > Commentaries
commercial,469,Commercial,Applied Sciences & Technology > Transportation > Aviation > Commercial
commercial,924,Commercial,Arts & Media > Photography & Imaging > Photography Specialties > Commercial
commonwealth of nations,6242,Commonwealth of Nations,"Reference & Information > Bibliographies, Catalogs & Indexes > National bibliography > European Bibliography > Commonwealth of Nations"
commonwealth of nations,13409,Commonwealth of Nations,Biography > National biography > European Biographies > Commonwealth of Nations
"commonwealth, 1569–1795",11344,"Commonwealth, 1569–1795","History > By Region > European > East > Lithuanian > By Period > Commonwealth, 1569–1795"
"commonwealth, 1569–1795",11358,"Commonwealth, 1569–1795","History > By Region > European > East > Belarusian > By Period > Commonwealth, 1569–1795"
communication,2062,Communication,"Children & Young Adult > Young Adult Nonfiction > Arts, Media & Literature > Language Arts > Communication"
communication,6376,Communication,Social Sciences > Psychology > Social > Communication
communication,11769,Communication,Social Sciences > Politics & Government > Public Policy & Civil Society > Public Policy > Communication
communication of information,9592,Communication of information,Social Sciences > Criminology > Criminal Justice > Communication of information
communication of information,9965,Communication of information,Social Sciences > Psychology > Social > Communication of information
communication of information,10796,Communication of information,Philosophy > Philosophy Reference > Communication of information
"communist era, 1944–1990",10466,"Communist Era, 1944–1990","History > By Region > European > Balkan Peninsula > Albanian > By Period > Communist Era, 1944–1990"
"communist era, 1944–1990",11500,"Communist Era, 1944–1990","History > By Region > European > Balkan Peninsula > Bulgarian > By Period > Communist Era, 1944–1990"
community & rural development,12416,Community & Rural Development,Social Sciences > Sociology > Inequality & Social Problems > Social History & Conditions > Community & Rural Development
community & rural development,12438,Community & Rural Development,Social Sciences > Sociology > Inequality & Social Problems > Social History & Conditions > U.S. Social History > Community & Rural Development
comparative,2182,Comparative,"Education > Policy, Philosophy & History > Comparative"
comparative,4327,Comparative,"Literature > Literary Criticism > Theory, Comparison & Reading > Comparative"
comparative,5280,Comparative,Social Sciences > Law > International & Comparative Law > Comparative
comparative grammar,6334,Comparative grammar,Language > Linguistics > Indo-European Philology > Comparative grammar
comparative grammar,7861,Comparative grammar,Language > Linguistics > Language Structure & Meaning > Comparative Grammar & Linguistics > Comparative grammar
competitions,568,Competitions,"Arts & Media > Architecture > Architecture Theory & Practice > Competitions || Applied Sciences & Technology > Civil, Structural & Construction > Architecture > Architecture Theory & Practice > Competitions"
competitions,664,Competitions,Arts & Media > Design & Decorative Arts > Drawing & Illustration > Competitions
competitions,983,Competitions,"Arts & Media > Visual Arts > History, Theory & Education > Arts in general > Competitions"
competitions,1056,Competitions,"Arts & Media > Visual Arts > Media, Techniques & Practices > Sculpture & Applied Arts > Sculpture > Competitions"
competitions & prizes,8933,Competitions & Prizes,"Arts & Media > Music > History, Culture & Criticism > Music History & Criticism > Music Research & Reference > Research, History & Context > Music Overview > Competitions & Prizes"
competitions & prizes,13570,Competitions & Prizes,Arts & Media > Performing Arts > Film > Competitions & Prizes || Literature > General Literary Studies > Film > Competitions & Prizes
composition,764,Composition,Arts & Media > Music > Theory & Education > Instruction & Study > Composition
composition,3842,Composition,Language > Writing > Composition
composition,7778,Composition,Arts & Media > Music > Theory & Education > Music theory > Music Composition > Composition
composition,9796,Composition,Arts & Media > Design & Decorative Arts > Drawing & Illustration > Drawing Techniques > Composition
composition & creative writing,1576,Composition & Creative Writing,"Children & Young Adult > Juvenile Nonfiction > Life, Learning & Work > School & Education > Language Arts > Composition & Creative Writing"
composition & creative writing,2063,Composition & Creative Writing,"Children & Young Adult > Young Adult Nonfiction > Arts, Media & Literature > Language Arts > Composition & Creative Writing"
compulsive behavior,2146,Compulsive Behavior,"Children & Young Adult > Juvenile Nonfiction > People, Society & History > Social Topics > Mental & Emotional Wellbeing > Compulsive Behavior || Children & Young Adult > Young Adult Nonfiction > People, Society & History > Social Topics > Mental & Emotional Wellbeing > Compulsive Behavior"
compulsive behavior,3168,Compulsive Behavior,Personal Growth > Addiction & Recovery > Compulsive Behavior
compulsive behavior,5440,Compulsive Behavior,Health & Medicine > Psychiatry > Clinical Psychology > Mental Health > Psychopathology > Compulsive Behavior || Health & Medicine > Internal Medicine > Psychiatry > Clinical Psychology > Mental Health > Psychopathology > Compulsive Behavior || Health & Medicine > Internal Medicine > Neuroscience & Neuropsychiatry > Psychiatry > Clinical Psychology > Mental Health > Psychopathology > Compulsive Behavior || Social Sciences > Psychology > Applied > Clinical Psychology > Mental Health > Psychopathology > Compulsive Behavior
computer science,62,Computer Science,Applied Sciences & Technology > Computing & IT > Foundations & Computer Science > Computer Science
computer science,6030,Computer Science,"Reference & Information > Bibliographies, Catalogs & Indexes > Subject bibliography > Technology & Engineering > Computer Science"
computers,1466,Computers,"Children & Young Adult > Juvenile Nonfiction > Nature, Science & Technology > Technology > Computers"
computers,1992,Computers,"Children & Young Adult > Young Adult Nonfiction > Nature, Science & Technology > Computers"
computers,6212,Computers,Applied Sciences & Technology > Electrical & Electronic Engineering > Electrical Engineering > Amateur Electrical Engineering > Computers
computers & digital media,1169,Computers & Digital Media,"Children & Young Adult > Juvenile Fiction > Learning, Work & Technology > Computers & Digital Media"
computers & digital media,1772,Computers & Digital Media,"Children & Young Adult > Young Adult Fiction > Life, Learning & Work > Computers & Digital Media"
concepts,1170,Concepts,"Children & Young Adult > Juvenile Fiction > Learning, Work & Technology > Concepts"
concepts,1471,Concepts,"Children & Young Adult > Juvenile Nonfiction > Life, Learning & Work > Concepts"
congresses,13531,Congresses,Science & Nature > Congresses
congresses,13591,Congresses,Health & Medicine > Psychiatry > Psychotherapy > Congresses || Health & Medicine > Internal Medicine > Psychiatry > Psychotherapy > Congresses || Health & Medicine > Internal Medicine > Neuroscience & Neuropsychiatry > Psychiatry > Psychotherapy > Congresses || Health & Medicine > Psychiatry > Clinical Psychology > Psychotherapy > Congresses || Health & Medicine > Internal Medicine > Psychiatry > Clinical Psychology > Psychotherapy > Congresses || Health & Medicine > Internal Medicine > Neuroscience & Neuropsychiatry > Psychiatry > Clinical Psychology > Psychotherapy > Congresses || Social Sciences > Psychology > Applied > Clinical Psychology > Psychotherapy > Congresses
congresses & conferences,6331,Congresses & Conferences,History > Eras > Modern > 20th Century > World War I > Congresses & Conferences || History > Military > World Wars > World War I > Congresses & Conferences
congresses & conferences,7582,Congresses & Conferences,Literature > General Literary Studies > Drama > Performing Arts & Show Business > Congresses & Conferences
congresses & conferences,8015,Congresses & Conferences,History > Eras > Modern > 20th Century > Post-war 1945- > Congresses & Conferences
congresses international,7171,Congresses International,Social Sciences > Social Welfare & Services > Social Problems > Alcoholism & Temperance > Congresses International
congresses international,9434,Congresses International,Social Sciences > Criminology > Criminal Justice > Congresses International
construction,238,Construction,"Applied Sciences & Technology > Civil, Structural & Construction > Construction"
construction,5161,Construction,Social Sciences > Economics & Business > Industries > Construction
construction,8050,Construction,"Applied Sciences & Technology > Transportation > Railway Engineering & Operation > Electric railways > Construction || Applied Sciences & Technology > Civil, Structural & Construction > Railway Engineering & Operation > Electric railways > Construction"
cooking,2909,Cooking,Home & Hobbies > Cooking
cooking,3117,Cooking,Home & Hobbies > Home economics > Cooking
cooking,7008,Cooking,Biography > Cooking
cooking & food,1183,Cooking & Food,"Children & Young Adult > Juvenile Fiction > Health, Sports & Daily Living > Cooking & Food"
cooking & food,1484,Cooking & Food,"Children & Young Adult > Juvenile Nonfiction > Life, Learning & Work > Lifestyles > Cooking & Food"
cooking & food,1773,Cooking & Food,"Children & Young Adult > Young Adult Fiction > Life, Learning & Work > Cooking & Food"
cosmology,4783,Cosmology,Science & Nature > Astronomy & Space Science > Cosmology
cosmology,4894,Cosmology,Science & Nature > Astronomy & Space Science > Space Science > Cosmology
counseling,2184,Counseling,"Education > Students, Inclusion & Support > Counseling"
counseling,5450,Counseling,Health & Medicine > Psychiatry > Psychotherapy > Counseling || Health & Medicine > Internal Medicine > Psychiatry > Psychotherapy > Counseling || Health & Medicine > Internal Medicine > Neuroscience & Neuropsychiatry > Psychiatry > Psychotherapy > Counseling || Health & Medicine > Psychiatry > Clinical Psychology > Psychotherapy > Counseling || Health & Medicine > Internal Medicine > Psychiatry > Clinical Psychology > Psychotherapy > Counseling || Health & Medicine > Internal Medicine > Neuroscience & Neuropsychiatry > Psychiatry > Clinical Psychology > Psychotherapy > Counseling || Social Sciences > Psychology > Applied > Clinical Psychology > Psychotherapy > Counseling
counties & regions,13658,Counties & Regions,History > By Region > European > West > British Isles > English > Local > Counties & Regions
counties & regions,13745,Counties & Regions,History > By Region > European > North > Norwegian > Local > Counties & Regions
counting & numbers,1174,Counting & Numbers,"Children & Young Adult > Juvenile Fiction > Learning, Work & Technology > Concepts > Counting & Numbers"
counting & numbers,1475,Counting & Numbers,"Children & Young Adult > Juvenile Nonfiction > Life, Learning & Work > Concepts > Counting & Numbers"
country & ethnic,1190,Country & Ethnic,"Children & Young Adult > Juvenile Fiction > Kids’ Fairy Tales, Folklore & Fables > Country & Ethnic"
country & ethnic,1781,Country & Ethnic,Children & Young Adult > Young Adult Fiction > Speculative & Supernatural > Fantasy > Fairy Tales & Folklore > Country & Ethnic
country divisions,7248,Country divisions,"Applied Sciences & Technology > Civil, Structural & Construction > Bridge engineering > Country divisions"
country divisions,7413,Country divisions,Applied Sciences & Technology > Electrical & Electronic Engineering > Electrical Engineering > Nuclear Engineering > Country divisions
country life,1261,Country Life,Children & Young Adult > Juvenile Fiction > Kids’ Lifestyle Fiction > Country Life
country life,1585,Country Life,"Children & Young Adult > Juvenile Nonfiction > Life, Learning & Work > Lifestyles > Country Life"
country life,1833,Country Life,"Children & Young Adult > Young Adult Fiction > Life, Learning & Work > Lifestyles > Country Life"
country subdivisions,7206,Country subdivisions,"Applied Sciences & Technology > Civil, Structural & Construction > Environmental > Domestic & Industrial Water > Country subdivisions || Applied Sciences & Technology > Environmental, Energy & Safety > Environmental > Domestic & Industrial Water > Country subdivisions"
country subdivisions,8257,Country subdivisions,"Applied Sciences & Technology > Civil, Structural & Construction > Environmental > Sewage Collection & Disposal > Country subdivisions || Applied Sciences & Technology > Environmental, Energy & Safety > Environmental > Sewage Collection & Disposal > Country subdivisions"
cows,1107,Cows,"Children & Young Adult > Juvenile Fiction > Animals, Nature & Environment > Animals > Mammals, Farm Animals & Pets > Cows"
cows,1400,Cows,"Children & Young Adult > Juvenile Nonfiction > Nature, Science & Technology > Animals > Mammals, Farm Animals & Pets > Cows"
crafts & hobbies,1485,Crafts & Hobbies,"Children & Young Adult > Juvenile Nonfiction > Life, Learning & Work > Lifestyles > Crafts & Hobbies"
crafts & hobbies,1998,Crafts & Hobbies,"Children & Young Adult > Young Adult Nonfiction > Recreation, Travel & Adventure > Crafts & Hobbies"
crafts & hobbies,3042,Crafts & Hobbies,Home & Hobbies > Crafts & Hobbies
crime,879,Crime,Arts & Media > Performing Arts > Film > Genres > Crime || Literature > General Literary Studies > Film > Genres > Crime
crime,1939,Crime,"Children & Young Adult > Young Adult Fiction > Mystery, Crime & Suspense > Thrillers & Suspense > Crime"
crime,3966,Crime,Literature > Genres > Mystery & Detective > Crime
crime,4130,Crime,Literature > Genres > Thrillers > Crime
crime & mystery,605,Crime & Mystery,Arts & Media > Comics & Graphic Novels > Crime & Mystery
crime & mystery,616,Crime & Mystery,Arts & Media > Comics & Graphic Novels > Manga > Crime & Mystery || Literature > Genres > Literary Collections > Comics > Other National Comics > Manga > Crime & Mystery
crime & mystery,4113,Crime & Mystery,Literature > Genres > Science Fiction > Crime & Mystery
criminal law & procedure,5286,Criminal law & procedure,Social Sciences > Law > Criminal Law & Justice > Criminal law & procedure
criminal law & procedure,11752,Criminal Law & Procedure,Social Sciences > Law > International & Comparative Law > Comparative & Uniform Law > Criminal Law & Procedure
criminology,5463,Criminology,Social Sciences > Criminology
criminology,5989,Criminology,"Reference & Information > Bibliographies, Catalogs & Indexes > Subject bibliography > Society, Law & Education > Criminology"
critical care,2562,Critical Care,Health & Medicine > Critical Care
critical care,2751,Critical Care,Health & Medicine > Nursing > Acute & Specialty Care > Critical Care
criticism & interpretation,8470,Criticism & interpretation,Literature > Classical > Greek > Ancient Greek Authors > Criticism & interpretation
criticism & interpretation,12562,Criticism & Interpretation,Religion > Bible > Old & New Testaments > New Testament > Criticism & Interpretation
croatian,3546,Croatian,History > By Region > European > Balkan Peninsula > Croatian
croatian,51866,Croatian,Literature > Slavic & Eurasian > Serbian & Croatian > Croatian
crusades,3687,Crusades,History > Military > Eras & Early Wars > Crusades
crusades,10347,Crusades,History > By Region > European > By Period > Medieval > Crusades
cryptography,164,Cryptography,Applied Sciences & Technology > Computing & IT > Security & Digital Forensics > Security > Cryptography
cryptography,8699,Cryptography,"Reference & Information > Books, Writing & Paleography > Writing > Cryptography"
crystallography,4805,Crystallography,Science & Nature > Chemistry > Crystallography
crystallography,4883,Crystallography,Science & Nature > Physics > Crystallography
culinary,2506,Culinary,"Geography, Places & Travel > Travel > Special Interest > Culinary"
culinary,3224,Culinary,Biography > Culinary
culinary,4040,Culinary,Literature > Genres > Mystery & Detective > Cozy > Culinary
"cultural, ethnic & regional",707,"Cultural, Ethnic & Regional","Arts & Media > Humor & Satire > Topic > Cultural, Ethnic & Regional || Literature > Genres > Humor & Satire > Topic > Cultural, Ethnic & Regional"
"cultural, ethnic & regional",1442,"Cultural, Ethnic & Regional","Children & Young Adult > Juvenile Nonfiction > People, Society & History > Biography & Autobiography > Cultural, Ethnic & Regional"
"cultural, ethnic & regional",1969,"Cultural, Ethnic & Regional","Children & Young Adult > Young Adult Nonfiction > People, Society & History > Biography & Autobiography > Cultural, Ethnic & Regional"
"cultural, ethnic & regional",3225,"Cultural, Ethnic & Regional","Biography > Cultural, Ethnic & Regional"
culture,11770,Culture,Social Sciences > Politics & Government > Public Policy & Civil Society > Public Policy > Culture
culture,12256,Culture,"Social Sciences > Sociology > Culture, Media & Belief > Culture"
culture,12980,Culture,Social Sciences > Anthropology > Fields > Cultural & Social > Culture
culture,13889,Culture,History > By Region > European > South > Iberia > Portuguese > Culture
culture,13946,Culture,History > By Region > European > East > Estonian > Culture
culture,13950,Culture,History > By Region > European > East > Latvian > Culture
culture,13954,Culture,History > By Region > European > East > Lithuanian > Culture
culture,13960,Culture,History > By Region > European > East > Ukrainian > Culture
culture & ethnography,13928,Culture & Ethnography,History > By Region > European > North > Danish > Culture & Ethnography
culture & ethnography,13931,Culture & Ethnography,History > By Region > European > North > Norwegian > Culture & Ethnography
culture & ethnography,13934,Culture & Ethnography,History > By Region > European > North > Swedish > Culture & Ethnography
culture & ethnography,13938,Culture & Ethnography,History > By Region > European > North > Finnish > Culture & Ethnography
culture & ethnography,13990,Culture & Ethnography,History > By Region > European > East > Culture & Ethnography
culture & ethnography,13999,Culture & Ethnography,History > By Region > European > Central > Slovak > Culture & Ethnography
culture & ethnography,14006,Culture & Ethnography,History > By Region > European > Balkan Peninsula > Albanian > Culture & Ethnography
culture & ethnography,14014,Culture & Ethnography,History > By Region > European > North > Culture & Ethnography
curiosities & wonders,1486,Curiosities & Wonders,"Children & Young Adult > Juvenile Nonfiction > Recreation, Travel & Adventure > Curiosities & Wonders"
curiosities & wonders,1999,Curiosities & Wonders,"Children & Young Adult > Young Adult Nonfiction > Recreation, Travel & Adventure > Curiosities & Wonders"
curiosities & wonders,4698,Curiosities & Wonders,Reference & Information > Practical Reference & Guides > Curiosities & Wonders
curriculum,6370,Curriculum,Education > Teaching & Learning > Education Theory & Practice > Higher education > Curriculum
curriculum,6389,Curriculum,Education > Teaching & Learning > Education Theory & Practice > Secondary Education > Curriculum
curriculum,9480,Curriculum,Education > Teaching & Learning > Education Theory & Practice > Primary Education > Curriculum
"customs, traditions, anthropology",1688,"Customs, Traditions, Anthropology","Children & Young Adult > Juvenile Nonfiction > People, Society & History > Social Topics > Social Science > Customs, Traditions, Anthropology"
"customs, traditions, anthropology",2138,"Customs, Traditions, Anthropology","Children & Young Adult > Young Adult Nonfiction > People, Society & History > Social Science > Customs, Traditions, Anthropology"
cybernetics,64,Cybernetics,Applied Sciences & Technology > Computing & IT > Foundations & Computer Science > Cybernetics
cybernetics,13561,Cybernetics,Science & Nature > Cybernetics
czech republic & czechoslovakia,11602,Czech Republic & Czechoslovakia,Social Sciences > Politics & Government > By Region > Europe > Czech Republic & Czechoslovakia
czech republic & czechoslovakia,13481,Czech Republic & Czechoslovakia,Social Sciences > Politics & Government > Government & Administration > Local & Municipal Government > Europe > Czech Republic & Czechoslovakia
czechoslovakia. czech republic,9619,Czechoslovakia. Czech Republic,"Reference & Information > Bibliographies, Catalogs & Indexes > National bibliography > European Bibliography > Czechoslovakia. Czech Republic"
czechoslovakia. czech republic,11123,Czechoslovakia. Czech Republic,"Philosophy > History, Traditions & Regions > Historical Periods > Modern Philosophy > Regional Modern Philosophy > East European Modern Philosophy > Czechoslovakia. Czech Republic"
czechoslovakia. czech republic,12026,Czechoslovakia. Czech Republic,Social Sciences > Economics & Business > Economic history > European Economic History > Czechoslovakia. Czech Republic
czechoslovakia. czech republic,13414,Czechoslovakia. Czech Republic,Biography > National biography > European Biographies > Czechoslovakia. Czech Republic
czechoslovakia. czech republic,13449,Czechoslovakia. Czech Republic,Social Sciences > Anthropology > Folklore > Regional Folklore > European Folklore > Czechoslovakia. Czech Republic
côte d’ivoire,3331,Côte d’Ivoire,History > By Region > African > West > Côte d’Ivoire
côte d’ivoire,12172,Côte d’Ivoire,Social Sciences > Economics & Business > Economic history > African Economic History > Côte d’Ivoire
côte d’ivoire,13769,Côte d’Ivoire,"History > By Region > African > West > French West Africa, Sahara & Sahel > Côte d’Ivoire"
daily activities,1205,Daily Activities,"Children & Young Adult > Juvenile Fiction > Health, Sports & Daily Living > Health & Daily Living > Daily Activities"
daily activities,1515,Daily Activities,"Children & Young Adult > Juvenile Nonfiction > Life, Learning & Work > Health & Daily Living > Daily Activities"
dance,741,Dance,Arts & Media > Music > Genres & Styles > Dance
dance,862,Dance,Arts & Media > Performing Arts > Dance
dance,1290,Dance,"Children & Young Adult > Juvenile Fiction > Arts, Culture & Imagination > Performing Arts > Dance"
dance,1625,Dance,"Children & Young Adult > Juvenile Nonfiction > Arts, Media & Literature > Performing Arts > Dance"
dance,1864,Dance,"Children & Young Adult > Young Adult Fiction > Arts, Media & Story Forms > Performing Arts > Dance"
dance,2099,Dance,"Children & Young Adult > Young Adult Nonfiction > Arts, Media & Literature > Performing Arts > Dance"
dance,2660,Dance,Health & Medicine > Health & Fitness > Exercise > Dance
danube river valley,13994,Danube River Valley,History > By Region > European > East > Danube River Valley
danube river valley,13997,Danube River Valley,"Geography, Places & Travel > Travel > European Travel > Danube River Valley"
dark fantasy,1793,Dark Fantasy,Children & Young Adult > Young Adult Fiction > Speculative & Supernatural > Fantasy > Dark Fantasy
dark fantasy,3991,Dark Fantasy,Literature > Genres > Fantasy > Dark Fantasy
data processing,6658,Data processing,Science & Nature > Mathematics > Probability & Statistics > Data processing
data processing,6787,Data processing,Science & Nature > Human Physiology > Neurophysiology & Neuropsychology > Data processing || Health & Medicine > Biomedical Foundations & Research > Human Physiology > Neurophysiology & Neuropsychology > Data processing
data processing,8595,Data processing,Science & Nature > Biology > Genetics > Data processing
data processing,8901,Data processing,Applied Sciences & Technology > Materials Science & Nanotechnology > Engineering Materials > Data processing
data processing,13556,Data processing,Science & Nature > Data processing
data transmission systems,247,Data Transmission Systems,Applied Sciences & Technology > Electrical & Electronic Engineering > Data Transmission Systems
data transmission systems,9162,Data transmission systems,Applied Sciences & Technology > Electrical & Electronic Engineering > Electrical Engineering > Telecommunication > Data transmission systems
date & time,1175,Date & Time,"Children & Young Adult > Juvenile Fiction > Learning, Work & Technology > Concepts > Date & Time"
date & time,1476,Date & Time,"Children & Young Adult > Juvenile Nonfiction > Life, Learning & Work > Concepts > Date & Time"
dating & sex,1914,Dating & Sex,"Children & Young Adult > Young Adult Fiction > History, Politics & Society > Social Themes > Dating & Sex"
dating & sex,2148,Dating & Sex,"Children & Young Adult > Juvenile Nonfiction > People, Society & History > Social Topics > Dating & Sex || Children & Young Adult > Young Adult Nonfiction > People, Society & History > Social Topics > Dating & Sex"
death,5975,Death,"Reference & Information > Bibliographies, Catalogs & Indexes > Subject bibliography > Humanities & Culture > Death"
death,7086,Death,Philosophy > Metaphysics & Ontology > Ontology > Death
death,7451,Death,"Arts & Media > Visual Arts > History, Theory & Education > Arts in general > Art Subjects > Death"
death,7884,Death,Science & Nature > Biology > Life > Death
death,52392,Death,Literature > Literary Theory > Special Elements & Subjects > Death
"death, grief, bereavement",1698,"Death, Grief, Bereavement","Children & Young Adult > Juvenile Nonfiction > People, Society & History > Social Topics > Mental & Emotional Wellbeing > Death, Grief, Bereavement || Children & Young Adult > Young Adult Nonfiction > People, Society & History > Social Topics > Mental & Emotional Wellbeing > Death, Grief, Bereavement"
"death, grief, bereavement",1915,"Death, Grief, Bereavement","Children & Young Adult > Young Adult Fiction > History, Politics & Society > Social Themes > Values, Faith & Growing Up > Death, Grief, Bereavement"
"death, grief, bereavement",3175,"Death, Grief, Bereavement","Personal Growth > Grief, Safety & Life Changes > Death, Grief, Bereavement"
decision making,6725,Decision making,"Applied Sciences & Technology > Civil, Structural & Construction > Environmental > Environmental protection > Decision making || Applied Sciences & Technology > Environmental, Energy & Safety > Environmental > Environmental protection > Decision making"
decision making,10047,Decision making,Health & Medicine > Biomedical Foundations & Research > Medicine > Medical Philosophy & Ethics > Decision making
decision making,12554,Decision Making,Social Sciences > Economics & Business > Business Management > Management > Strategic Management > Decision Making || Social Sciences > Psychology > Cognition > Thought & Reasoning > Reasoning & Judgment > Decision Making
decision-making & problem solving,2189,Decision-Making & Problem Solving,Education > Teaching & Learning > Decision-Making & Problem Solving
decision-making & problem solving,5131,Decision-Making & Problem Solving,Social Sciences > Economics & Business > Business Management > Decision-Making & Problem Solving
decorative crafts,3050,Decorative Crafts,Home & Hobbies > Crafts & Hobbies > Decorative Crafts
decorative crafts,9269,Decorative crafts,Home & Hobbies > Crafts & Hobbies > Mixed Media Crafts & Reference > Arts & Crafts > Home Crafts > Decorative crafts
"deer, moose & caribou",1108,"Deer, Moose & Caribou","Children & Young Adult > Juvenile Fiction > Animals, Nature & Environment > Animals > Mammals, Farm Animals & Pets > Deer, Moose & Caribou"
"deer, moose & caribou",1401,"Deer, Moose & Caribou","Children & Young Adult > Juvenile Nonfiction > Nature, Science & Technology > Animals > Mammals, Farm Animals & Pets > Deer, Moose & Caribou"
denmark,3869,Denmark,Literature > Germanic & Nordic > Denmark
denmark,11617,Denmark,Social Sciences > Politics & Government > By Region > Europe > Denmark
depression,1916,Depression,"Children & Young Adult > Young Adult Fiction > History, Politics & Society > Social Themes > Mental & Emotional Wellbeing > Mental Illness > Depression"
depression,3187,Depression,Personal Growth > Emotions > Mood Disorders > Depression
depression,5441,Depression,Health & Medicine > Psychiatry > Clinical Psychology > Mental Health > Psychopathology > Depression || Health & Medicine > Internal Medicine > Psychiatry > Clinical Psychology > Mental Health > Psychopathology > Depression || Health & Medicine > Internal Medicine > Neuroscience & Neuropsychiatry > Psychiatry > Clinical Psychology > Mental Health > Psychopathology > Depression || Social Sciences > Psychology > Applied > Clinical Psychology > Mental Health > Psychopathology > Depression
developing countries,3617,Developing countries,History > Developing countries
developing countries,6175,Developing Countries,Health & Medicine > Public Health > Global & Population Health > Developing Countries || Health & Medicine > Public aspects of medicine > Public Health > Global & Population Health > Developing Countries
developing countries,8876,Developing countries,"Applied Sciences & Technology > Civil, Structural & Construction > Environmental > Solid Waste > Developing countries || Applied Sciences & Technology > Environmental, Energy & Safety > Environmental > Solid Waste > Developing countries"
developing countries,9618,Developing countries,"Reference & Information > Library & Archive Studies > Libraries & Collections > Library Reports, History & Data > Developing countries"
developing countries,12588,Developing Countries,Social Sciences > Sociology > Inequality & Social Problems > Social History & Conditions > Other Regional Social History > Developing Countries
devotional & prayer,1653,Devotional & Prayer,"Children & Young Adult > Juvenile Nonfiction > People, Society & History > Religion > Christian > Devotional & Prayer"
devotional & prayer,2119,Devotional & Prayer,"Children & Young Adult > Young Adult Nonfiction > People, Society & History > Religion > Christian > Devotional & Prayer"
diaries,3920,Diaries,Literature > English > English essays > Diaries || Literature > English > English letters > Diaries || Literature > English > Oratory & Speeches > Diaries || Literature > English > Diaries
diaries,6807,Diaries,Literature > English > English Literary Collections > Diaries
dictionaries & encyclopedias,13592,Dictionaries & encyclopedias,Health & Medicine > Psychiatry > Psychotherapy > Dictionaries & encyclopedias || Health & Medicine > Internal Medicine > Psychiatry > Psychotherapy > Dictionaries & encyclopedias || Health & Medicine > Internal Medicine > Neuroscience & Neuropsychiatry > Psychiatry > Psychotherapy > Dictionaries & encyclopedias || Health & Medicine > Psychiatry > Clinical Psychology > Psychotherapy > Dictionaries & encyclopedias || Health & Medicine > Internal Medicine > Psychiatry > Clinical Psychology > Psychotherapy > Dictionaries & encyclopedias || Health & Medicine > Internal Medicine > Neuroscience & Neuropsychiatry > Psychiatry > Clinical Psychology > Psychotherapy > Dictionaries & encyclopedias || Social Sciences > Psychology > Applied > Clinical Psychology > Psychotherapy > Dictionaries & encyclopedias
dictionaries & encyclopedias,13726,Dictionaries & Encyclopedias,Reference & Information > Reference Books > Dictionaries & Encyclopedias
diet & nutrition,1516,Diet & Nutrition,"Children & Young Adult > Juvenile Nonfiction > Life, Learning & Work > Health & Daily Living > Diet & Nutrition"
diet & nutrition,2023,Diet & Nutrition,Children & Young Adult > Young Adult Nonfiction > YA Health & Daily Living > Diet & Nutrition
diet & nutrition,2634,Diet & Nutrition,Health & Medicine > Health & Fitness > Diet & Nutrition
digital,269,Digital,Applied Sciences & Technology > Electrical & Electronic Engineering > Electronics > Digital
digital,959,Digital,"Arts & Media > Photography & Imaging > Photo Methods, Gear & Materials > Photography Techniques > Digital"
digital,1005,Digital,"Arts & Media > Visual Arts > Media, Techniques & Practices > Digital"
dinosaurs & prehistoric creatures,1109,Dinosaurs & Prehistoric Creatures,"Children & Young Adult > Juvenile Fiction > Animals, Nature & Environment > Animals > Dinosaurs & Prehistoric Creatures"
dinosaurs & prehistoric creatures,4989,Dinosaurs & Prehistoric Creatures,Science & Nature > Nature & Natural History > Animals > Dinosaurs & Prehistoric Creatures
diplomacy,5347,Diplomacy,Social Sciences > Politics & Government > International Relations > Diplomacy
diplomacy,51088,Diplomacy,History > By Region > North American > U.S. > By Period > 19th Century > Civil War Period > Diplomacy || History > Military > U.S. > Civil War Period > Diplomacy
diplomacy,51123,Diplomacy,"History > By Region > North American > U.S. > By Period > Revolutionary Period, 1775–1800 > Diplomacy"
diplomatic,6686,Diplomatic,History > By Region > African > Southern > Diplomatic
diplomatic,9150,Diplomatic,History > Eras > Modern > 20th Century > World War I > Diplomatic || History > Military > World Wars > World War I > Diplomatic
diplomatic & foreign relations,10153,Diplomatic & Foreign Relations,History > By Region > African > North > Maghrib. Barbary States > Diplomatic & Foreign Relations
diplomatic & foreign relations,10662,Diplomatic & Foreign Relations,History > By Region > Middle Eastern > Diplomatic & Foreign Relations
diplomatic & foreign relations,10759,Diplomatic & Foreign Relations,History > By Region > Asian > South > Diplomatic & Foreign Relations
direction & production,874,Direction & Production,Arts & Media > Performing Arts > Film > Direction & Production || Literature > General Literary Studies > Film > Direction & Production
direction & production,897,Direction & Production,Arts & Media > Performing Arts > Television > Direction & Production
direction & production,909,Direction & Production,Arts & Media > Performing Arts > Theater > Direction & Production || Literature > General Literary Studies > Theater > Direction & Production
disabilities & special needs,1487,Disabilities & Special Needs,"Children & Young Adult > Juvenile Nonfiction > Life, Learning & Work > Health & Daily Living > Disabilities & Special Needs"
disabilities & special needs,2507,Disabilities & Special Needs,"Geography, Places & Travel > Travel > Special Interest > Disabilities & Special Needs"
disability,6020,Disability,"Reference & Information > Bibliographies, Catalogs & Indexes > Subject bibliography > Medicine, Health & Disability > Disability"
disability,54922,Disability,History > Groups of people > Disability
disasters,1332,Disasters,"Children & Young Adult > Juvenile Fiction > Animals, Nature & Environment > Science & Nature > Disasters"
disasters,1669,Disasters,"Children & Young Adult > Juvenile Nonfiction > Nature, Science & Technology > Science & Nature > Disasters"
disasters,2129,Disasters,"Children & Young Adult > Young Adult Nonfiction > Nature, Science & Technology > Science & Nature > Disasters"
disasters,5990,Disasters,"Reference & Information > Bibliographies, Catalogs & Indexes > Subject bibliography > Society, Law & Education > Disasters"
disasters,7970,Disasters,"Arts & Media > Visual Arts > History, Theory & Education > Arts in general > Art Subjects > Disasters"
diseases,2597,Diseases,Health & Medicine > Diseases
diseases,10034,Diseases,Education > Teaching & Learning > Education Theory & Practice > School & College Healthcare > Diseases
"diseases, illnesses & injuries",1206,"Diseases, Illnesses & Injuries","Children & Young Adult > Juvenile Fiction > Health, Sports & Daily Living > Health & Daily Living > Diseases, Illnesses & Injuries"
"diseases, illnesses & injuries",1517,"Diseases, Illnesses & Injuries","Children & Young Adult > Juvenile Nonfiction > Life, Learning & Work > Health & Daily Living > Diseases, Illnesses & Injuries"
"diseases, illnesses & injuries",2024,"Diseases, Illnesses & Injuries","Children & Young Adult > Young Adult Nonfiction > YA Health & Daily Living > Diseases, Illnesses & Injuries"
diversity & multicultural,1488,Diversity & Multicultural,"Children & Young Adult > Juvenile Nonfiction > People, Society & History > Social Topics > Identity, Diversity & Rights > Diversity & Multicultural || Children & Young Adult > Young Adult Nonfiction > People, Society & History > Social Topics > Identity, Diversity & Rights > Diversity & Multicultural"
diversity & multicultural,1755,Diversity & Multicultural,"Children & Young Adult > Young Adult Fiction > Arts, Media & Story Forms > Comics & Graphic Novels > Diversity & Multicultural"
djibouti,10201,Djibouti,History > By Region > African > Eastern Africa > Djibouti
djibouti,12144,Djibouti,Social Sciences > Economics & Business > Economic history > African Economic History > Djibouti
dogs,1110,Dogs,"Children & Young Adult > Juvenile Fiction > Animals, Nature & Environment > Animals > Mammals, Farm Animals & Pets > Dogs"
dogs,1402,Dogs,"Children & Young Adult > Juvenile Nonfiction > Nature, Science & Technology > Animals > Mammals, Farm Animals & Pets > Dogs"
dogs,3151,Dogs,Home & Hobbies > Pets > Dogs
dogs,12460,Dogs,Applied Sciences & Technology > Agriculture > Animal Husbandry > Specialty Animal Care > Dogs
dolls,524,Dolls,"Arts & Media > Antiques & Collectibles > Toys, Dolls & Miniatures > Dolls || Arts & Media > Design & Decorative Arts > Decorative Arts > Toys, Dolls & Miniatures > Dolls"
dolls,7064,Dolls,Home & Hobbies > Crafts & Hobbies > Mixed Media Crafts & Reference > Arts & Crafts > Articles for children > Dolls
drama,901,Drama,Arts & Media > Performing Arts > Television > Genres > Drama
drama,1489,Drama,"Children & Young Adult > Juvenile Nonfiction > Arts, Media & Literature > Drama"
drama,2001,Drama,"Children & Young Adult > Young Adult Nonfiction > Arts, Media & Literature > Drama"
drama,3876,Drama,Literature > Genres > Drama
drama,3881,Drama,"Literature > East Asian & Pacific > Asian, African & Oceanian > Japanese > Drama"
drama,3883,Drama,Literature > American & Caribbean > Canadian > Drama
drama,3887,Drama,Literature > Romance > France > Drama
drama,3888,Drama,Literature > Germanic & Nordic > German > Drama
drama,3889,Drama,Literature > Romance > Italy > Drama
drama,3906,Drama,Literature > English > Drama
drama,4328,Drama,Literature > Literary Criticism > Genres & Forms > Drama
drama,4372,Drama,Literature > General Literary Studies > Drama
drama,7167,Drama,Literature > Romance > Italy > Italian Literary Studies > Drama
drama,7346,Drama,Literature > Classical > Latin & Italic > Roman > Roman Literary History > Drama
drama,7616,Drama,Literature > English > Regional English > American > U.S. Literary Collections > Drama
drama,8133,Drama,Literature > Classical > Greek > Greek Literary History > Drama
drama,8735,Drama,Literature > Romance > Portugal > Portuguese Literary Studies > Drama
drama,9057,Drama,Literature > English > English Literary Collections > Drama
drama,9971,Drama,Literature > Classical > Greek > Greek Literary Criticism > Drama
drawing,1080,Drawing,"Arts & Media > Visual Arts > Media, Techniques & Practices > Visual Art Techniques > Drawing"
drawing,1433,Drawing,"Children & Young Adult > Juvenile Nonfiction > Arts, Media & Literature > Art > Drawing"
drawing,1961,Drawing,"Children & Young Adult > Young Adult Nonfiction > Arts, Media & Literature > Art > Drawing"
dwellings,9411,Dwellings,"Applied Sciences & Technology > Civil, Structural & Construction > Building construction > Building Types > Dwellings"
dwellings,12310,Dwellings,"Social Sciences > Anthropology > Fields > Manners, Customs & Material Culture > Dwellings"
dwellings,12611,Dwellings,"Arts & Media > Architecture > Buildings by Type & Use > Classed by use > Dwellings || Applied Sciences & Technology > Civil, Structural & Construction > Architecture > Buildings by Type & Use > Classed by use > Dwellings"
dystopian,606,Dystopian,Arts & Media > Comics & Graphic Novels > Dystopian
dystopian,617,Dystopian,Arts & Media > Comics & Graphic Novels > Manga > Dystopian || Literature > Genres > Literary Collections > Comics > Other National Comics > Manga > Dystopian
dystopian,1756,Dystopian,"Children & Young Adult > Young Adult Fiction > Arts, Media & Story Forms > Comics & Graphic Novels > Dystopian"
dystopian,1776,Dystopian,Children & Young Adult > Young Adult Fiction > Speculative & Supernatural > Science Fiction > Dystopian
dystopian,3970,Dystopian,Literature > Genres > Science Fiction > Dystopian
early,10632,Early,History > By Region > African > Central > Early
early,10635,Early,History > By Region > Asian > Mongolian > By Period > Early
early & medieval,3555,Early & Medieval,History > By Region > European > West > French > By Period > Early & Medieval
early & medieval,9178,Early & medieval,"Education > Policy, Philosophy & History > History of education > Higher education > Early & medieval"
early & medieval to 1500,10195,Early & medieval to 1500,History > By Region > European > Balkan Peninsula > Early & medieval to 1500
early & medieval to 1500,10378,Early & medieval to 1500,History > By Region > European > Central > By Era > Early & medieval to 1500
early & medieval to 1500,10564,Early & medieval to 1500,History > By Region > European > East > Early & medieval to 1500
"early era, to 1800",13947,"Early Era, to 1800","History > By Region > European > East > Estonian > By Period > Early Era, to 1800"
"early era, to 1800",13951,"Early Era, to 1800","History > By Region > European > East > Latvian > By Period > Early Era, to 1800"
early modern,3667,Early Modern,History > Eras > Modern > Early Modern
early modern,10761,Early modern,History > By Region > Asian > Early modern
"early modern era, 1500–1815",10411,"Early Modern Era, 1500–1815","History > By Region > European > East > Early Modern Era, 1500–1815"
"early modern era, 1500–1815",10568,"Early Modern Era, 1500–1815","History > By Region > European > Central > By Era > Early Modern Era, 1500–1815"
early readers,1309,Early Readers,"Children & Young Adult > Juvenile Fiction > History, Biography & Society > Children’s Religious Fiction > Christian > Early Readers"
early readers,1654,Early Readers,"Children & Young Adult > Juvenile Nonfiction > People, Society & History > Religion > Christian > Early Readers"
early through 1500,10584,Early through 1500,History > By Region > African > By Era > Early through 1500
early through 1500,54296,Early through 1500,History > By Region > African > East > Ethiopian > By Period > Early through 1500
early through 1800,6785,Early through 1800,Education > School Textbooks > Early through 1800
early through 1800,11214,Early through 1800,Philosophy > Ethics > Character & Virtue Ethics > Applied Ethics > Feminine Virtues > Early through 1800
early to 1505,54562,Early to 1505,History > By Region > African > Southern > Mozambican > By Period > Early to 1505
early to 1505,54780,Early to 1505,History > By Region > Asian > South > Sri Lankan > By Period > Early to 1505
early to 1884,10590,Early to 1884,History > By Region > African > West > Early to 1884
early to 1884,54571,Early to 1884,History > By Region > African > Southern > Namibia. South-West Africa > By Period > Early to 1884
early to 1886,10478,Early to 1886,History > By Region > African > East > By Era > Early to 1886
early to 1886,54078,Early to 1886,"History > By Region > African > Central > Francophone Equatorial Africa > Gabon Gaboon, Gabun > By Period > Early to 1886"
early to 1886,54182,Early to 1886,History > By Region > African > East > Kenyan > By Period > Early to 1886
early to 1890,10119,Early to 1890,History > By Region > African > Southern > Early to 1890
early to 1890,54190,Early to 1890,History > By Region > African > East > Ugandan > By Period > Early to 1890
early to 1890,54510,Early to 1890,History > By Region > African > East > Eritrean > By Period > Early to 1890
early to 1890,54600,Early to 1890,History > By Region > African > Southern > Zambia. Northern Rhodesia > By Period > Early to 1890
early to 1890,54609,Early to 1890,History > By Region > African > Southern > Zimbabwe. Southern Rhodesia > By Period > Early to 1890
early to 1894,54093,Early to 1894,History > By Region > African > West > Gambian > By Period > Early to 1894
early to 1894,54175,Early to 1894,"History > By Region > African > West > French West Africa, Sahara & Sahel > Beninese > By Period > Early to 1894"
early to 1895,10476,Early to 1895,History > By Region > Asian > Taiwanese > By Period > Early to 1895
early to 1895,54100,Early to 1895,History > By Region > African > West > Guinean > By Period > Early to 1895
early to 1895,54141,Early to 1895,History > By Region > African > West > Senegalese > By Period > Early to 1895
early to 1910,54064,Early to 1910,History > By Region > African > Central > Francophone Equatorial Africa > Central African Republic > By Period > Early to 1910
early to 1910,54071,Early to 1910,History > By Region > African > Central > Francophone Equatorial Africa > Chad Tchad > By Period > Early to 1910
early to 647,10691,Early to 647,History > By Region > African > North > Maghrib. Barbary States > Early to 647
early to 647,54268,Early to 647,History > By Region > African > North > Algerian > By Period > Early to 647
early works,6092,Early Works,"Science & Nature > Physics > Electricity & Electromagnetism > Electricity > Reference, History & Study > Early Works"
early works,9415,Early works,Science & Nature > Geology > Paleontology > Early works
early works through 1800,7262,Early works through 1800,Science & Nature > Physics > Mechanics & Fluids > Experimental & Descriptive Mechanics > Early works through 1800
early works through 1800,8294,Early works through 1800,Science & Nature > Physics > Optics > Early works through 1800
early works through 1800,8940,Early works through 1800,Science & Nature > Astronomy & Space Science > Practical & Spherical Astronomy > Early works through 1800
early works through 1800,9121,Early works through 1800,Science & Nature > Mathematics > Applied & Computational Math > Analytic mechanics > Early works through 1800
early works through 1800,13542,Early works through 1800,Science & Nature > Early works through 1800
earth sciences,1671,Earth Sciences,"Children & Young Adult > Juvenile Nonfiction > Nature, Science & Technology > Science & Nature > Earth Sciences"
earth sciences,2130,Earth Sciences,"Children & Young Adult > Young Adult Nonfiction > Nature, Science & Technology > Science & Nature > Earth Sciences"
earth sciences,4810,Earth sciences,Science & Nature > Earth & Environmental Sciences > Earth sciences
earthquakes & volcanoes,1672,Earthquakes & Volcanoes,"Children & Young Adult > Juvenile Nonfiction > Nature, Science & Technology > Science & Nature > Earth Sciences > Earthquakes & Volcanoes"
earthquakes & volcanoes,5000,Earthquakes & Volcanoes,Science & Nature > Earth & Environmental Sciences > Earthquakes & Volcanoes
east,2429,East,"Geography, Places & Travel > Travel > African Travel > East"
east,2435,East,"Geography, Places & Travel > Travel > Asian Travel > East"
east,3332,East,History > By Region > African > East
east,3494,East,History > By Region > Asian > East
east,3522,East,History > By Region > European > East
east germany,7448,East Germany,"Reference & Information > Bibliographies, Catalogs & Indexes > National bibliography > European Bibliography > East Germany"
east germany,13421,East Germany,Biography > National biography > European Biographies > East Germany
east germany,13455,East Germany,Social Sciences > Anthropology > Folklore > Regional Folklore > European Folklore > East Germany
easter & lent,1233,Easter & Lent,"Children & Young Adult > Juvenile Fiction > History, Biography & Society > Holidays & Celebrations > Easter & Lent"
easter & lent,1559,Easter & Lent,"Children & Young Adult > Juvenile Nonfiction > Recreation, Travel & Adventure > Holidays & Celebrations > Easter & Lent"
eastern,1646,Eastern,"Children & Young Adult > Juvenile Nonfiction > People, Society & History > Religion > Eastern"
eastern,2113,Eastern,"Children & Young Adult > Young Adult Nonfiction > People, Society & History > Religion > Eastern"
eastern,3266,Eastern,"Body, Mind & Spirit > Divination & Symbolic Systems > Astrology > Eastern"
eastern,4293,Eastern,Literature > Genres > Literary Collections > European Literary Collections > Eastern
eastern,4330,Eastern,Literature > Literary Criticism > Regions & Literary Traditions > European Literary Criticism > Eastern
eastern,10652,Eastern,History > Eras > Modern > 20th Century > World War I > Military operations > Eastern || History > Military > World Wars > World War I > Military operations > Eastern
eastern europe,13440,Eastern Europe,Biography > National biography > European Biographies > Eastern Europe
eastern europe,13477,Eastern Europe,Social Sciences > Politics & Government > Government & Administration > Local & Municipal Government > Europe > Eastern Europe
eastern europe & russia,54027,Eastern Europe & Russia,Language > Journalism > Newspapers > Eastern Europe & Russia
eastern europe & russia,54035,Eastern Europe & Russia,Reference & Information > Organizations > Eastern Europe & Russia
eating disorders,5443,Eating Disorders,Health & Medicine > Psychiatry > Clinical Psychology > Mental Health > Psychopathology > Eating Disorders || Health & Medicine > Internal Medicine > Psychiatry > Clinical Psychology > Mental Health > Psychopathology > Eating Disorders || Health & Medicine > Internal Medicine > Neuroscience & Neuropsychiatry > Psychiatry > Clinical Psychology > Mental Health > Psychopathology > Eating Disorders || Social Sciences > Psychology > Applied > Clinical Psychology > Mental Health > Psychopathology > Eating Disorders
eating disorders,12668,Eating Disorders,Health & Medicine > Internal Medicine > Psychopathology > Eating Disorders
eating disorders & body image,1918,Eating Disorders & Body Image,"Children & Young Adult > Young Adult Fiction > History, Politics & Society > Social Themes > Mental & Emotional Wellbeing > Mental Illness > Eating Disorders & Body Image"
eating disorders & body image,2149,Eating Disorders & Body Image,"Children & Young Adult > Juvenile Nonfiction > People, Society & History > Social Topics > Mental & Emotional Wellbeing > Eating Disorders & Body Image || Children & Young Adult > Young Adult Nonfiction > People, Society & History > Social Topics > Mental & Emotional Wellbeing > Eating Disorders & Body Image"
eating disorders & body image,3177,Eating Disorders & Body Image,Personal Growth > Emotions > Eating Disorders & Body Image
ecology,4790,Ecology,Science & Nature > Biology > Ecology
ecology,4851,Ecology,Science & Nature > Biology > Life Sciences > Ecology
ecology,5001,Ecology,Science & Nature > Nature & Natural History > Ecosystems & Habitats > Ecology
econometrics,5135,Econometrics,Social Sciences > Economics & Business > Economic Theory > Econometrics
econometrics,13322,Econometrics,Social Sciences > Economics & Business > Economic Theory > Economic Research Methods > Econometrics
economic thought by period,12915,Economic Thought by Period,Social Sciences > Economics & Business > Economic Theory > Economic Thought History > Economic Thought by Period
economic thought by period,13771,Economic Thought by Period,Social Sciences > Economics & Business > Economic Theory > Economic Thought by Period
education,2169,Education,Education
education,2204,Education,Biography > Education
education,3684,Education,History > Education
education,5138,Education,Social Sciences > Economics & Business > Work > Education
education,5991,Education,"Reference & Information > Bibliographies, Catalogs & Indexes > Subject bibliography > Society, Law & Education > Education"
education,10561,Education,History > By Region > The Americas > Indians of North America > Education
education & the state,2278,Education & the state,"Education > Students, Inclusion & Support > Education Support Topics > Education & the state"
education & the state,8802,Education & the state,"Education > Students, Inclusion & Support > Education Support Topics > Social aspects of education > Education & the state"
education & training,2599,Education & Training,"Health & Medicine > Education, Ethics & Reference > Education & Training"
education & training,5397,Education & Training,Social Sciences > Psychology > Research & Assessment > Education & Training
educational psychology,2199,Educational Psychology,Education > Teaching & Learning > Educational Psychology
educational psychology,2320,Educational psychology,Education > Teaching & Learning > Education Theory & Practice > Educational psychology
educational sociology,2282,Educational sociology,"Education > Students, Inclusion & Support > Education Support Topics > Educational sociology"
educational sociology,9399,Educational sociology,"Education > Students, Inclusion & Support > Education Support Topics > Social aspects of education > Educational sociology"
electrical,241,Electrical,"Applied Sciences & Technology > Civil, Structural & Construction > Construction > Electrical"
electrical,249,Electrical,Applied Sciences & Technology > Electrical & Electronic Engineering > Electrical
electrical,417,Electrical,"Applied Sciences & Technology > Environmental, Energy & Safety > Power Resources > Electrical"
electrical,3131,Electrical,"Home & Hobbies > House & Home > Maintenance, Repair & DIY > Do-It-Yourself > Electrical"
electricity,6009,Electricity,"Reference & Information > Bibliographies, Catalogs & Indexes > Subject bibliography > Natural Sciences & Mathematics > Electricity"
electricity,6073,Electricity,Science & Nature > Physics > Electricity & Electromagnetism > Electricity
electricity,6091,Electricity,Biography > Electricity
electricity & electronics,1720,Electricity & Electronics,"Children & Young Adult > Juvenile Nonfiction > Nature, Science & Technology > Technology > Electricity & Electronics"
electricity & electronics,2159,Electricity & Electronics,"Children & Young Adult > Young Adult Nonfiction > Nature, Science & Technology > Technology > Electricity & Electronics"
electrochemistry,4818,Electrochemistry,Science & Nature > Chemistry > Electrochemistry
electrochemistry,7828,Electrochemistry,Science & Nature > Chemistry > Physical & Theoretical Chem. > Electrochemistry
electronic data processing,7040,Electronic data processing,Applied Sciences & Technology > Transportation > Vehicle & Aerospace Engineering > Aeronautical Engineering > Electronic data processing
electronic data processing,10951,Electronic data processing,Philosophy > Philosophy Reference > Philosophy Reference Topics > Electronic data processing
electronics,259,Electronics,Applied Sciences & Technology > Electrical & Electronic Engineering > Electrical Engineering > Electronics
electronics,264,Electronics,Applied Sciences & Technology > Electrical & Electronic Engineering > Electronics
electronics,6031,Electronics,"Reference & Information > Bibliographies, Catalogs & Indexes > Subject bibliography > Technology & Engineering > Electronics"
electronics,7737,Electronics,Applied Sciences & Technology > Electrical & Electronic Engineering > Electrical Engineering > Amateur Electrical Engineering > Electronics
electronics,9522,Electronics,Biography > Electronics
electrotherapy,6577,Electrotherapy,Health & Medicine > Dermatology > Therapeutics > Electrotherapy
electrotherapy,8652,Electrotherapy,Health & Medicine > Pharmacology & Therapeutics > Physical Medicine & Therapy > Electrotherapy
elementary,2260,Elementary,Education > Schools > Levels > Elementary
elementary,4919,Elementary,Science & Nature > Mathematics > Algebra & Number Theory > Algebra > Elementary
elephants,1113,Elephants,"Children & Young Adult > Juvenile Fiction > Animals, Nature & Environment > Animals > Mammals, Farm Animals & Pets > Elephants"
elephants,1404,Elephants,"Children & Young Adult > Juvenile Nonfiction > Nature, Science & Technology > Animals > Mammals, Farm Animals & Pets > Elephants"
embryology,2600,Embryology,Health & Medicine > Biomedical Foundations & Research > Embryology
embryology,5052,Embryology,Science & Nature > Zoology > Embryology
embryology,9214,Embryology,Science & Nature > Botany > Plant anatomy > Embryology
emergency management,275,Emergency Management,"Applied Sciences & Technology > Environmental, Energy & Safety > Emergency Management"
emergency management,5475,Emergency management,Social Sciences > Social Welfare & Services > Disasters & Disaster Relief > Emergency management
emigration & immigration,1350,Emigration & Immigration,"Children & Young Adult > Juvenile Fiction > Kids’ Fiction: Social Themes > Society, Values & Belonging > Emigration & Immigration"
emigration & immigration,5240,Emigration & Immigration,"Social Sciences > Family, Population & Migration > Emigration & Immigration"
emotions,3178,Emotions,Personal Growth > Emotions
emotions,5398,Emotions,Social Sciences > Psychology > Emotions
emotions,6200,Emotions,"Arts & Media > Visual Arts > History, Theory & Education > Arts in general > Art Subjects > Emotions"
emotions & feelings,1310,Emotions & Feelings,"Children & Young Adult > Juvenile Fiction > History, Biography & Society > Children’s Religious Fiction > Christian > Emotions & Feelings"
emotions & feelings,1702,Emotions & Feelings,"Children & Young Adult > Juvenile Nonfiction > People, Society & History > Social Topics > Mental & Emotional Wellbeing > Emotions & Feelings || Children & Young Adult > Young Adult Nonfiction > People, Society & History > Social Topics > Mental & Emotional Wellbeing > Emotions & Feelings"
emotions & feelings,1920,Emotions & Feelings,"Children & Young Adult > Young Adult Fiction > History, Politics & Society > Social Themes > Mental & Emotional Wellbeing > Emotions & Feelings"
endodontics,2567,Endodontics,Health & Medicine > Dentistry > Endodontics
endodontics,7350,Endodontics,Health & Medicine > Dentistry > Oral Medicine > Endodontics
endoscopic surgery,6887,Endoscopic Surgery,Health & Medicine > Surgery > General & Operative Surgery > Operative Surgery Techniques > Endoscopic Surgery
endoscopic surgery,9559,Endoscopic surgery,Health & Medicine > Surgery > Plastic & Reparative Surgery > Endoscopic surgery
energy,3134,Energy,"Home & Hobbies > House & Home > Utilities, Energy & Smart Home > Energy"
energy,3283,Energy,"Body, Mind & Spirit > Healing, Body & Wellbeing > Healing > Energy"
energy,4834,Energy,Science & Nature > Physics > Energy
energy,5162,Energy,Social Sciences > Economics & Business > Industries > Energy
energy,11771,Energy,Social Sciences > Politics & Government > Public Policy & Civil Society > Public Policy > Energy
engineering operations,9122,Engineering operations,History > Eras > Modern > 20th Century > World War I > Engineering operations || History > Military > World Wars > World War I > Engineering operations
engineering operations,10728,Engineering operations,History > Eras > Modern > 20th Century > World War II > Engineering operations || History > Military > World Wars > World War II > Engineering operations
english,3566,English,History > By Region > European > West > British Isles > English
english,5585,English,Literature > English
english,54011,English,Literature > General Literary Studies > Journalism & Periodicals > Periodicals > English || Reference & Information > Periodicals > English
english,54039,English,Literature > Genres > Literary Collections > General collections > English
english as a second language,1501,English as a Second Language,"Children & Young Adult > Juvenile Nonfiction > Life, Learning & Work > School & Education > Foreign Language Study > English as a Second Language"
english as a second language,2013,English as a Second Language,"Children & Young Adult > Young Adult Nonfiction > Life, Learning & Work > Foreign Language Study > English as a Second Language"
english as a second language,3720,English as a Second Language,Language > Language Study & Reference > English as a Second Language
english literary history,7549,English Literary History,Literature > English > Literary History & Criticism > English Literary History
english literary history,50826,English Literary History,Literature > English > English Literary History
ensembles,773,Ensembles,Arts & Media > Music > Creation & Performance > Musical Instruments > Instrumental techniques > Ensembles
ensembles,9932,Ensembles,Arts & Media > Music > Creation & Performance > Musical Instruments > Instrumental techniques > Kids’ Instrumental Music > Ensembles
entertainment & games,1468,Entertainment & Games,"Children & Young Adult > Juvenile Nonfiction > Nature, Science & Technology > Technology > Computers > Entertainment & Games"
entertainment & games,1994,Entertainment & Games,"Children & Young Adult > Young Adult Nonfiction > Nature, Science & Technology > Computers > Entertainment & Games"
entomology,4864,Entomology,Science & Nature > Biology > Life Sciences > Zoology > Entomology
entomology,6010,Entomology,"Reference & Information > Bibliographies, Catalogs & Indexes > Subject bibliography > Natural Sciences & Mathematics > Entomology"
environment,1333,Environment,"Children & Young Adult > Juvenile Fiction > Animals, Nature & Environment > Science & Nature > Environment"
environment,11772,Environment,Social Sciences > Politics & Government > Public Policy & Civil Society > Public Policy > Environment
environmental,295,Environmental,"Applied Sciences & Technology > Civil, Structural & Construction > Environmental || Applied Sciences & Technology > Environmental, Energy & Safety > Environmental"
environmental,4819,Environmental,Science & Nature > Chemistry > Environmental
environmental management,2379,Environmental management,"Geography, Places & Travel > Environmental sciences > Environmental management || Science & Nature > Earth & Environmental Sciences > Environmental sciences > Environmental management"
environmental management,12555,Environmental Management,Social Sciences > Economics & Business > Business Management > Management > Strategic Management > Environmental Management
epic,1794,Epic,Children & Young Adult > Young Adult Fiction > Speculative & Supernatural > Fantasy > Epic
epic,3993,Epic,Literature > Genres > Fantasy > Epic
epic,4431,Epic,Literature > Genres > Poetry > Epic
epistolary,1777,Epistolary,"Children & Young Adult > Young Adult Fiction > Arts, Media & Story Forms > Epistolary"
epistolary,3971,Epistolary,Literature > Genres > Forms & Literary Traditions > Epistolary
erotica,607,Erotica,Arts & Media > Comics & Graphic Novels > Erotica
erotica,942,Erotica,"Arts & Media > Photography & Imaging > Collections, Subjects & Reference > Subjects & Themes > Erotica"
erotica,1067,Erotica,Arts & Media > Visual Arts > Art Themes & Movements > Subjects & Themes > Erotica
erotica,3938,Erotica,Literature > Genres > Cultural Heritage Fiction > African American & Black > Erotica
erotica,3972,Erotica,Literature > Genres > Erotica
erotica,5245,Erotica,"Social Sciences > Family, Population & Migration > Family, Gender & Life Course > Gender & Sexuality > Erotica"
eschatology,11639,Eschatology,Religion > Religious Studies > Eschatology
eschatology,13022,Eschatology,"Religion > Christianity > Christian Theology > Spirit, Angels & Last Things > Eschatology"
espionage,1713,Espionage,"Children & Young Adult > Juvenile Nonfiction > Recreation, Travel & Adventure > Espionage"
espionage,1940,Espionage,"Children & Young Adult > Young Adult Fiction > Mystery, Crime & Suspense > Thrillers & Suspense > Espionage"
espionage,4132,Espionage,Literature > Genres > Thrillers > Espionage
espionage,5266,Espionage,Social Sciences > Criminology > True Crime > Espionage
espionage,51129,Espionage,"History > By Region > North American > U.S. > By Period > Revolutionary Period, 1775–1800 > Espionage"
essays,3516,Essays,History > Essays
essays,5399,Essays,Social Sciences > Psychology > Research & Assessment > Essays
essays,5498,Essays,Social Sciences > Methods & Reference > Essays
essays,6665,Essays,"History > Eras > Modern > 20th Century > Interwar Period, 1919–1939 > Essays"
essays & narratives,2943,Essays & Narratives,"Home & Hobbies > Cooking > History, People, Media & Reference > Essays & Narratives"
essays & narratives,3154,Essays & Narratives,Home & Hobbies > Pets > Essays & Narratives
estonia,12185,Estonia,Social Sciences > Politics & Government > By Region > Europe > Estonia
estonia,13497,Estonia,Social Sciences > Politics & Government > Government & Administration > Local & Municipal Government > Europe > Estonia
estonian,8442,Estonian,Language > Languages & Language Families > Uralic & Basque > Other Finnic Languages > Estonian
estonian,11216,Estonian,History > By Region > European > East > Estonian
ethical aspects,6164,Ethical Aspects,"Health & Medicine > Public Health > Foundations, Ethics & Practice > Ethical Aspects || Health & Medicine > Public aspects of medicine > Public Health > Foundations, Ethics & Practice > Ethical Aspects"
ethical aspects,8440,Ethical Aspects,Health & Medicine > Internal Medicine > Medical Emergencies & Critical Care > Ethical Aspects
ethics,2606,Ethics,"Health & Medicine > Education, Ethics & Reference > Ethics"
ethics,4494,Ethics,Philosophy > Ethics
ethics,4837,Ethics,"Science & Nature > History, Philosophy & Society > Ethics"
ethics,5977,Ethics,"Reference & Information > Bibliographies, Catalogs & Indexes > Subject bibliography > Humanities & Culture > Ethics"
ethics,10895,Ethics,Social Sciences > Psychology > Professional Practice > Ethics
ethics,11474,Ethics,"Religion > Christianity > Christian Theology > Church, Ethics & Society > Ethics"
ethnography,13626,Ethnography,"History > By Region > European > South > Italian > By Period > Ancient Era, to 476 > Ethnography"
ethnography,13705,Ethnography,History > By Region > European > Central > German > Ethnography
ethnography,13912,Ethnography,History > By Region > European > Balkan Peninsula > Ethnography
ethnography,50836,Ethnography,History > By Region > Asian > East > Chinese > Ethnography
ethnography,50854,Ethnography,History > By Region > Asian > Ethnography
ethnography,50859,Ethnography,History > By Region > Middle Eastern > Iranian > Ethnography
ethnography,50864,Ethnography,History > By Region > Asian > East > Japanese > Ethnography
ethnography,50866,Ethnography,History > By Region > Asian > East > Korean > Ethnography
ethnography,50869,Ethnography,History > By Region > Middle Eastern > Ethnography
ethnography,51589,Ethnography,History > By Region > European > West > British Isles > Irish > Ethnography
ethnography,51605,Ethnography,History > By Region > European > West > British Isles > Scottish > Ethnography
ethnography,51622,Ethnography,History > By Region > European > Balkan Peninsula > Romanian > Ethnography
ethnography,51638,Ethnography,History > By Region > European > West > Benelux Countries > Dutch > Ethnography
ethnography,51669,Ethnography,History > By Region > European > Central > Swiss > Ethnography
ethnography,51672,Ethnography,History > By Region > European > Balkan Peninsula > Serbian > Ethnography
ethnography,51687,Ethnography,History > By Region > European > South > Iberia > Portuguese > Ethnography
ethnography,51729,Ethnography,History > By Region > European > Balkan Peninsula > Bulgarian > Ethnography
ethnography,51739,Ethnography,History > By Region > European > Balkan Peninsula > Croatian > Ethnography
ethnography,51758,Ethnography,History > By Region > European > North > Danish > Ethnography
ethnography,51773,Ethnography,History > By Region > European > North > Norwegian > Ethnography
ethnography,51787,Ethnography,History > By Region > European > West > Benelux Countries > Belgian > Ethnography
ethnography,51802,Ethnography,History > By Region > European > North > Finnish > Ethnography
ethnography,51818,Ethnography,History > By Region > European > West > British Isles > Welsh > Ethnography
ethnography,51825,Ethnography,History > By Region > European > Balkan Peninsula > Albanian > Ethnography
ethnography,51838,Ethnography,History > By Region > European > East > Estonian > Ethnography
ethnography,51847,Ethnography,History > By Region > European > East > Latvian > Ethnography
ethnography,51856,Ethnography,History > By Region > European > East > Lithuanian > Ethnography
ethnography,51889,Ethnography,History > By Region > European > North > Icelandic > Ethnography
ethnography,51893,Ethnography,History > By Region > European > East > Belarusian > Ethnography
ethnography,51902,Ethnography,History > By Region > European > South > Maltese > Ethnography
ethnography,51913,Ethnography,History > By Region > European > East > Moldovan > Ethnography
ethnography,51924,Ethnography,History > By Region > European > West > Benelux Countries > Luxembourg > Ethnography
ethnography,51949,Ethnography,History > By Region > European > Balkan Peninsula > Slovenian > Ethnography
ethnography,51974,Ethnography,History > By Region > European > Balkan Peninsula > North Macedonian > Ethnography
ethnography,51987,Ethnography,History > By Region > European > Balkan Peninsula > Kosovo > Ethnography
ethnomusicology,731,Ethnomusicology,"Arts & Media > Music > History, Culture & Criticism > Ethnomusicology"
ethnomusicology,8448,Ethnomusicology,"Arts & Media > Music > History, Culture & Criticism > Music History & Criticism > Music Research & Reference > Research, History & Context > Musical research > Ethnomusicology"
etiquette,1353,Etiquette,"Children & Young Adult > Juvenile Fiction > Kids’ Fiction: Social Themes > Society, Values & Belonging > Etiquette"
etiquette,1704,Etiquette,"Children & Young Adult > Juvenile Nonfiction > People, Society & History > Social Topics > Values, Manners & Growing Up > Etiquette || Children & Young Adult > Young Adult Nonfiction > People, Society & History > Social Topics > Values, Manners & Growing Up > Etiquette"
etiquette,4539,Etiquette,Philosophy > Ethics > Etiquette || Philosophy > Social & Political Philosophy > Etiquette
etiquette,4706,Etiquette,Reference & Information > Practical Reference & Guides > Etiquette
etymology,3779,Etymology,"Language > Linguistics > Words, Sound & Writing Systems > Etymology"
etymology,7330,Etymology,Language > Linguistics > Language Structure & Meaning > Comparative Grammar & Linguistics > Etymology
etymology,12194,Etymology,Language > Languages & Language Families > Indo-European Languages > Germanic Languages > English Language > Etymology
europe,5368,Europe,Social Sciences > Politics & Government > By Region > Europe
europe,9547,Europe,Arts & Media > Design & Decorative Arts > Drawing & Illustration > Illustration > Europe
europe,11815,Europe,Social Sciences > Politics & Government > Political Theory > Ideologies > Socialism & Communism > Europe
europe,12445,Europe,Social Sciences > Politics & Government > International Relations > Colonization & Migration > Europe
europe,13377,Europe,Social Sciences > Politics & Government > Government & Administration > Local & Municipal Government > Europe
europe,51021,Europe,History > By Region > North American > U.S. > Political & Foreign Relations > Europe
europe,54053,Europe,Social Sciences > Statistics > Statistics by Region > Europe
evidence-based medicine,2607,Evidence-Based Medicine,Health & Medicine > Biomedical Foundations & Research > Evidence-Based Medicine
evidence-based medicine,7592,Evidence-based medicine,Health & Medicine > Biomedical Foundations & Research > Medicine > Medical Philosophy & Ethics > Evidence-based medicine
evolution,4793,Evolution,Science & Nature > Biology > Evolution
evolution,4852,Evolution,Science & Nature > Biology > Life Sciences > Evolution
evolution,6840,Evolution,Science & Nature > Zoology > Chordates. Vertebrates > Evolution
exercises,766,Exercises,Arts & Media > Music > Theory & Education > Instruction & Study > Exercises
exercises,7906,Exercises,Literature > General Literary Studies > Oratory & Elocution > Exercises
exhibitions by place held,6416,Exhibitions by place held,"Arts & Media > Visual Arts > Media, Techniques & Practices > Painting > Watercolor painting > Exhibitions by place held"
exhibitions by place held,6754,Exhibitions by place held,Arts & Media > Design & Decorative Arts > Decorative Arts > Furniture > Exhibitions by place held
exhibitions by place held,6805,Exhibitions by place held,"Arts & Media > Visual Arts > Media, Techniques & Practices > Printmaking & prints > Print media > Printmaking & engraving > Exhibitions by place held"
exhibitions by place held,8824,Exhibitions by place held,Arts & Media > Design & Decorative Arts > Drawing & Illustration > Visual Humor & Caricature > Exhibitions by place held
experiments & projects,1679,Experiments & Projects,"Children & Young Adult > Juvenile Nonfiction > Nature, Science & Technology > Science & Nature > Experiments & Projects"
experiments & projects,2133,Experiments & Projects,"Children & Young Adult > Young Adult Nonfiction > Nature, Science & Technology > Science & Nature > Experiments & Projects"
experiments & projects,4838,Experiments & Projects,Science & Nature > Scientific Methods & Tools > Experiments & Projects
exploration & discovery,1217,Exploration & Discovery,"Children & Young Adult > Juvenile Fiction > History, Biography & Society > Children’s Historical Fiction > Exploration & Discovery"
exploration & discovery,1539,Exploration & Discovery,"Children & Young Adult > Juvenile Nonfiction > People, Society & History > Children’s History > Exploration & Discovery"
exploration & discovery,1808,Exploration & Discovery,"Children & Young Adult > Young Adult Fiction > History, Politics & Society > YA Historical Fiction > Exploration & Discovery"
exploration & discovery,2040,Exploration & Discovery,"Children & Young Adult > Young Adult Nonfiction > People, Society & History > YA History > Exploration & Discovery"
explosives & pyrotechnics,218,Explosives & pyrotechnics,Applied Sciences & Technology > Chemical & Process Engineering > Chemical technology > Explosives & pyrotechnics
explosives & pyrotechnics,311,Explosives & Pyrotechnics,Applied Sciences & Technology > Chemical & Process Engineering > Explosives & Pyrotechnics || Applied Sciences & Technology > Defense & Military Technology > Explosives & Pyrotechnics
eye,2862,Eye,Health & Medicine > Surgery > Surgical Specialties by System > Eye
eye,8597,Eye,Health & Medicine > Internal Medicine > Internal Medicine Diagnosis > Eye
facility management,2172,Facility Management,Education > Education Administration > Facility Management
facility management,5141,Facility Management,Social Sciences > Economics & Business > Business Management > Facility Management
family,1311,Family,"Children & Young Adult > Juvenile Fiction > History, Biography & Society > Children’s Religious Fiction > Christian > Family"
family,1490,Family,"Children & Young Adult > Juvenile Nonfiction > People, Society & History > Family"
family,1782,Family,"Children & Young Adult > Young Adult Fiction > History, Politics & Society > Family"
family,2509,Family,"Geography, Places & Travel > Travel > Special Interest > Family"
family,4446,Family,Literature > Genres > Poetry > Subjects & Themes > Family
family,10386,Family,History > By Region > The Americas > Exploration of the Americas > Columbus Cristoforo Colombo > Family
family & relationships,1655,Family & Relationships,"Children & Young Adult > Juvenile Nonfiction > People, Society & History > Religion > Christian > Family & Relationships"
family & relationships,2120,Family & Relationships,"Children & Young Adult > Young Adult Nonfiction > People, Society & History > Religion > Christian > Family & Relationships"
family & relationships,5241,Family & Relationships,Family & Relationships
family & relationships,5252,Family & Relationships,"Social Sciences > Family, Population & Migration > Family, Gender & Life Course > Family & Relationships"
fantasy,608,Fantasy,Arts & Media > Comics & Graphic Novels > Fantasy
fantasy,619,Fantasy,Arts & Media > Comics & Graphic Novels > Manga > Fantasy || Literature > Genres > Literary Collections > Comics > Other National Comics > Manga > Fantasy
fantasy,1159,Fantasy,Children & Young Adult > Juvenile Fiction > Story Forms & Reading Formats > Comics & Graphic Novels > Fantasy
fantasy,1758,Fantasy,"Children & Young Adult > Young Adult Fiction > Arts, Media & Story Forms > Comics & Graphic Novels > Fantasy"
fantasy,1791,Fantasy,Children & Young Adult > Young Adult Fiction > Speculative & Supernatural > Fantasy
fantasy,1878,Fantasy,Children & Young Adult > Young Adult Fiction > YA Religious Fiction > Christian > Fantasy
fantasy,3955,Fantasy,Literature > Genres > Religious Fiction > Christian > Fantasy
fantasy,3986,Fantasy,Literature > Genres > Fantasy
fantasy,4066,Fantasy,Literature > Genres > Romance > Fantasy
farm & ranch life,1262,Farm & Ranch Life,Children & Young Adult > Juvenile Fiction > Kids’ Lifestyle Fiction > Farm & Ranch Life
farm & ranch life,1586,Farm & Ranch Life,"Children & Young Adult > Juvenile Nonfiction > Life, Learning & Work > Lifestyles > Farm & Ranch Life"
farm & ranch life,1834,Farm & Ranch Life,"Children & Young Adult > Young Adult Fiction > Life, Learning & Work > Lifestyles > Farm & Ranch Life"
farm animals,1114,Farm Animals,"Children & Young Adult > Juvenile Fiction > Animals, Nature & Environment > Animals > Mammals, Farm Animals & Pets > Farm Animals"
farm animals,1406,Farm Animals,"Children & Young Adult > Juvenile Nonfiction > Nature, Science & Technology > Animals > Mammals, Farm Animals & Pets > Farm Animals"
fascism,7674,Fascism,"Reference & Information > Bibliographies, Catalogs & Indexes > National bibliography > European Bibliography > Fascism || History > Eras > Modern > 20th Century > Interwar Period, 1919–1939 > Interwar European Society > Fascism"
fascism,11848,Fascism,Social Sciences > Politics & Government > Political Theory > Ideologies > Fascism & Totalitarianism > Fascism
fashion,943,Fashion,"Arts & Media > Photography & Imaging > Collections, Subjects & Reference > Subjects & Themes > Fashion"
fashion,1434,Fashion,"Children & Young Adult > Juvenile Nonfiction > Arts, Media & Literature > Art > Fashion"
fashion,1962,Fashion,"Children & Young Adult > Young Adult Nonfiction > Arts, Media & Literature > Art > Fashion"
fashion,3055,Fashion,"Home & Hobbies > Crafts & Hobbies > Fiber, Needlework & Sewing > Fashion"
fashion,3235,Fashion,Biography > Fashion
feminist,4338,Feminist,Literature > Literary Criticism > Identity & Critical Perspectives > Feminist
feminist,10982,Feminist,"Social Sciences > Psychology > History, Theory & Schools > Movements > Feminist"
film,873,Film,Arts & Media > Performing Arts > Film || Literature > General Literary Studies > Film
film,1291,Film,"Children & Young Adult > Juvenile Fiction > Arts, Culture & Imagination > Performing Arts > Film"
film,1626,Film,"Children & Young Adult > Juvenile Nonfiction > Arts, Media & Literature > Performing Arts > Film"
film,1865,Film,"Children & Young Adult > Young Adult Fiction > Arts, Media & Story Forms > Performing Arts > Film"
film,2100,Film,"Children & Young Adult > Young Adult Nonfiction > Arts, Media & Literature > Performing Arts > Film"
film,12964,Film,Biography > Film
film & video,1010,Film & Video,"Arts & Media > Visual Arts > Media, Techniques & Practices > Digital > Film & Video"
film & video,8782,Film & Video,Reference & Information > Library & Archive Studies > Information resources > Information Formats & Media > Film & Video
finance,2202,Finance,Education > Finance
finance,5142,Finance,Social Sciences > Economics & Business > Commerce > Business > Finance || Social Sciences > Economics & Business > Finance
finance,6126,Finance,Reference & Information > Library & Archive Studies > Library & Information Science > Library Administration > Finance
finance,7352,Finance,Reference & Information > Museums & Collecting > Museum Studies > Finance
finance,9117,Finance,Applied Sciences & Technology > Transportation > Transport & Communications > Land & Urban Transportation > Automotive transportation > Finance
finland,4482,Finland,Language > Languages & Language Families > Uralic & Basque > Finland
finland,11620,Finland,Social Sciences > Politics & Government > By Region > Europe > Finland
finland,13502,Finland,Social Sciences > Politics & Government > Government & Administration > Local & Municipal Government > Europe > Finland
first aid,1519,First Aid,"Children & Young Adult > Juvenile Nonfiction > Life, Learning & Work > Health & Daily Living > First Aid"
first aid,2666,First Aid,Health & Medicine > Health & Fitness > First Aid
"first independence, 1918–1940",11339,"First Independence, 1918–1940","History > By Region > European > East > Latvian > By Period > First Independence, 1918–1940"
"first independence, 1918–1940",11351,"First Independence, 1918–1940","History > By Region > European > East > Lithuanian > By Period > First Independence, 1918–1940"
"first independence, 1918–1940",11394,"First Independence, 1918–1940","History > By Region > European > East > Estonian > By Period > First Independence, 1918–1940"
fitness & exercise,1520,Fitness & Exercise,"Children & Young Adult > Juvenile Nonfiction > Life, Learning & Work > Health & Daily Living > Fitness & Exercise"
fitness & exercise,2025,Fitness & Exercise,Children & Young Adult > Young Adult Nonfiction > YA Health & Daily Living > Fitness & Exercise
flemish,3835,Flemish,Language > Languages & Language Families > Indo-European Languages > Germanic Languages > Flemish
flemish,4235,Flemish,Literature > Germanic & Nordic > Flemish
flowers,5021,Flowers,Science & Nature > Nature & Natural History > Plants > Flowers
flowers,6868,Flowers,"Arts & Media > Visual Arts > History, Theory & Education > Arts in general > Art Subjects > Flowers"
flowers & plants,1334,Flowers & Plants,"Children & Young Adult > Juvenile Fiction > Animals, Nature & Environment > Science & Nature > Flowers & Plants"
flowers & plants,1680,Flowers & Plants,"Children & Young Adult > Juvenile Nonfiction > Nature, Science & Technology > Science & Nature > Flowers & Plants"
fluid mechanics,5035,Fluid Mechanics,Science & Nature > Physics > Mechanics & Fluids > Fluid Mechanics
fluid mechanics,8328,Fluid Mechanics,Science & Nature > Physics > Mechanics & Fluids > Experimental & Descriptive Mechanics > Fluid Mechanics
folk,866,Folk,Arts & Media > Performing Arts > Dance > Folk
folk,3858,Folk,Literature > English > Regional English > American > Folk
folk,3872,Folk,Literature > Germanic & Nordic > Denmark > Folk
folk,3923,Folk,Literature > English > Folk
folk,4236,Folk,Literature > Germanic & Nordic > Flemish > Folk
folk,4247,Folk,Literature > Germanic & Nordic > German > Folk
folk,4375,Folk,Literature > General Literary Studies > Folk
folk,4391,Folk,Literature > Germanic & Nordic > Modern Icelandic > Folk
folk,4396,Folk,Literature > Germanic & Nordic > Norway > Folk
folk,8786,Folk,Literature > Romance > Italy > Italian Literary Studies > Folk
folk,13679,Folk,Literature > Literary History > Folk
folklore,5079,Folklore,Social Sciences > Anthropology > Folklore
folklore,5978,Folklore,"Reference & Information > Bibliographies, Catalogs & Indexes > Subject bibliography > Humanities & Culture > Folklore"
folklore,9246,Folklore,History > Groups of people > Romanies > Folklore
folklore & mythology,1689,Folklore & Mythology,"Children & Young Adult > Juvenile Nonfiction > People, Society & History > Social Topics > Social Science > Folklore & Mythology"
folklore & mythology,2139,Folklore & Mythology,"Children & Young Adult > Young Adult Nonfiction > People, Society & History > Social Science > Folklore & Mythology"
folklore & mythology,5080,Folklore & Mythology,Social Sciences > Anthropology > Folklore & Mythology
food,944,Food,"Arts & Media > Photography & Imaging > Collections, Subjects & Reference > Subjects & Themes > Food"
food,6743,Food,"Arts & Media > Visual Arts > History, Theory & Education > Arts in general > Art Subjects > Food"
food of animal origin,7548,Food of animal origin,Home & Hobbies > Home economics > Nutrition & Food Supply > Food of animal origin
food of animal origin,10076,Food of animal origin,Home & Hobbies > Home economics > Cooking > Food of animal origin
food presentation,2966,Food Presentation,Home & Hobbies > Cooking > Methods & Equipment > Food Presentation
food presentation,9883,Food Presentation,Home & Hobbies > Home economics > Cooking > Food Presentation
foreign language study,1500,Foreign Language Study,"Children & Young Adult > Juvenile Nonfiction > Life, Learning & Work > School & Education > Foreign Language Study"
foreign language study,2012,Foreign Language Study,"Children & Young Adult > Young Adult Nonfiction > Life, Learning & Work > Foreign Language Study"
forensic,926,Forensic,Arts & Media > Photography & Imaging > Photography Specialties > Forensic
forensic,5402,Forensic,Social Sciences > Psychology > Applied > Forensic
forensics,87,Forensics,Applied Sciences & Technology > Computing & IT > Security & Digital Forensics > Forensics
forensics,5267,Forensics,Social Sciences > Criminology > True Crime > Forensics
fossils,1681,Fossils,"Children & Young Adult > Juvenile Nonfiction > Nature, Science & Technology > Science & Nature > Fossils"
fossils,5015,Fossils,Science & Nature > Earth & Environmental Sciences > Fossils
foundations,5426,Foundations,"Social Sciences > Psychology > History, Theory & Schools > Foundations"
foundations,8079,Foundations,Science & Nature > Mathematics > Analysis & Calculus > Analysis > Foundations
foundations,8920,Foundations,"Applied Sciences & Technology > Civil, Structural & Construction > Highway Engineering > Construction details > Foundations"
foundations,9920,Foundations,"Applied Sciences & Technology > Civil, Structural & Construction > Building construction > Building Details > Foundations"
foundations,12889,Foundations,Social Sciences > Politics & Government > International Relations > Foundations
foxes,1116,Foxes,"Children & Young Adult > Juvenile Fiction > Animals, Nature & Environment > Animals > Mammals, Farm Animals & Pets > Foxes"
foxes,1408,Foxes,"Children & Young Adult > Juvenile Nonfiction > Nature, Science & Technology > Animals > Mammals, Farm Animals & Pets > Foxes"
fractions,1591,Fractions,"Children & Young Adult > Juvenile Nonfiction > Recreation, Travel & Adventure > Mathematics > Fractions"
fractions,7926,Fractions,Science & Nature > Mathematics > Algebra & Number Theory > Basic Math > Fractions
france,4184,France,Literature > Romance > France
france,11603,France,Social Sciences > Politics & Government > By Region > Europe > France
france,13484,France,Social Sciences > Politics & Government > Government & Administration > Local & Municipal Government > Europe > France
france,52889,France,Social Sciences > Politics & Government > International Relations > Colonization & Migration > Europe > France
france & monaco,54024,France & Monaco,Language > Journalism > Newspapers > France & Monaco
france & monaco,54032,France & Monaco,Reference & Information > Organizations > France & Monaco
freight,495,Freight,Applied Sciences & Technology > Transportation > Transport & Communications > Passenger & Freight Transport > Freight
freight,9288,Freight,"Applied Sciences & Technology > Civil, Structural & Construction > Civil > Transportation > Freight"
french,3523,French,History > By Region > European > West > French
french,9154,French,Literature > Romance > France > Regional French > French
french cooking,3000,French Cooking,Home & Hobbies > Cooking > Regional & Ethnic > European Cooking > French Cooking
french cooking,12591,French Cooking,Home & Hobbies > Home economics > Cooking > French Cooking
french literary criticism,4332,French Literary Criticism,Literature > Literary Criticism > Regions & Literary Traditions > European Literary Criticism > French Literary Criticism
french literary criticism,9551,French Literary Criticism,Literature > Romance > France > French Literary Studies > French Literary Criticism
"french, occitan & catalan",54005,"French, Occitan & Catalan","Reference & Information > Reference Books > Encyclopedias > Encyclopedias by Language > French, Occitan & Catalan"
"french, occitan & catalan",54012,"French, Occitan & Catalan","Literature > General Literary Studies > Journalism & Periodicals > Periodicals > French, Occitan & Catalan || Reference & Information > Periodicals > French, Occitan & Catalan"
"french, occitan & catalan",54041,"French, Occitan & Catalan","Literature > Genres > Literary Collections > General collections > French, Occitan & Catalan"
friendship,1313,Friendship,"Children & Young Adult > Juvenile Fiction > History, Biography & Society > Children’s Religious Fiction > Christian > Friendship"
friendship,1703,Friendship,"Children & Young Adult > Juvenile Nonfiction > People, Society & History > Social Topics > Youth Peer Relationships > Friendship || Children & Young Adult > Young Adult Nonfiction > People, Society & History > Social Topics > Youth Peer Relationships > Friendship"
friendship,1921,Friendship,"Children & Young Adult > Young Adult Fiction > History, Politics & Society > Social Themes > YA Peer Relationships > Friendship"
friendship,51340,Friendship,Family & Relationships > Friendship
fuel,221,Fuel,Applied Sciences & Technology > Chemical & Process Engineering > Chemical technology > Fuel
fuel,6563,Fuel,Applied Sciences & Technology > Transportation > Vehicle & Aerospace Engineering > Rockets & Propulsion > Fuel
furniture,527,Furniture,Arts & Media > Antiques & Collectibles > Art & Furniture Collectibles > Furniture
furniture,653,Furniture,Arts & Media > Design & Decorative Arts > Decorative Arts > Furniture
furniture,677,Furniture,Arts & Media > Design & Decorative Arts > Furniture
furniture,6052,Furniture,"Reference & Information > Bibliographies, Catalogs & Indexes > Subject bibliography > Arts, Media & Recreation > Furniture"
furniture,7769,Furniture,Home & Hobbies > Crafts & Hobbies > Mixed Media Crafts & Reference > Arts & Crafts > Woodworking & Upholstery > Furniture
gambling,3169,Gambling,Personal Growth > Addiction & Recovery > Compulsive Behavior > Gambling
gambling,4640,Gambling,Recreation > Gambling || Social Sciences > Criminology > Crimes & Offenses > Gambling
games & activities,1504,Games & Activities,"Children & Young Adult > Juvenile Nonfiction > Recreation, Travel & Adventure > Games & Activities"
games & activities,1656,Games & Activities,"Children & Young Adult > Juvenile Nonfiction > People, Society & History > Religion > Christian > Games & Activities"
games & activities,2016,Games & Activities,"Children & Young Adult > Young Adult Nonfiction > Recreation, Travel & Adventure > Games & Activities"
gardening,1512,Gardening,"Children & Young Adult > Juvenile Nonfiction > Life, Learning & Work > Lifestyles > Gardening"
gardening,2019,Gardening,"Children & Young Adult > Young Adult Nonfiction > Recreation, Travel & Adventure > Gardening"
gardening,12344,Gardening,Applied Sciences & Technology > Agriculture > Plant Production & Horticulture > Horticulture & Garden Design > Gardening
gay,3978,Gay,Literature > Genres > Erotica > LGBTQ+ > Gay
gay,4022,Gay,Literature > Genres > LGBTQ+ Fiction > Gay
gay,4083,Gay,Literature > Genres > Romance > Identity & Relationship Forms > LGBTQ+ > Gay
gender & sexuality,3180,Gender & Sexuality,Personal Growth > Relationships & Identity > Gender & Sexuality
gender & sexuality,54939,Gender & Sexuality,"Social Sciences > Family, Population & Migration > Family, Gender & Life Course > Gender & Sexuality"
gender identity,7392,Gender identity,"Arts & Media > Visual Arts > History, Theory & Education > Arts in general > Art Subjects > Gender identity"
gender identity,52829,Gender Identity,"Social Sciences > Family, Population & Migration > Family, Gender & Life Course > Gender & Sexuality > Sexuality > Sexual History, Customs & Behavior > Gender Identity"
general,3868,General,Literature > Classical > General
general,6225,General,Language > Languages & Language Families > Uralic & Basque > Hungarian > General
general,6860,General,"Literature > East Asian & Pacific > Asian, African & Oceanian > Chinese Language > General"
general,7311,General,Language > Languages & Language Families > Uralic & Basque > Basque > General
general,8590,General,"Literature > East Asian & Pacific > Asian, African & Oceanian > Korean language > General"
general,8705,General,"Literature > East Asian & Pacific > Asian, African & Oceanian > Japanese Language > General"
general,9258,General,Language > Languages & Language Families > Uralic & Basque > Finland > General
general,54930,General,History > Auxiliary Sciences > General
general & history,9201,General & History,"Reference & Information > Books, Writing & Paleography > Writing > General & History"
general & history,9342,General & History,"Body, Mind & Spirit > Occult & Esoteric Traditions > Occult sciences > Oracles & Divination > General & History"
general & history,9810,General & History,"Body, Mind & Spirit > Occult & Esoteric Traditions > Occult sciences > Seers & Prophecy > General & History"
general collections,6218,General collections,Literature > English > English Literary Collections > General collections
general collections,8461,General collections,Biography > Education > General collections
general collections,9042,General collections,Literature > Genres > Literary Collections > General collections
general reference,13698,General Reference,History > By Region > North American > U.S. > General Reference
general reference,13856,General Reference,"Science & Nature > Mathematics > History, Education & Reference > General Reference"
genetics,2611,Genetics,Health & Medicine > Biomedical Foundations & Research > Genetics
genetics,4794,Genetics,Science & Nature > Biology > Genetics
genetics,7872,Genetics,Biography > Genetics
genres,875,Genres,Arts & Media > Performing Arts > Film > Genres || Literature > General Literary Studies > Film > Genres
genres,898,Genres,Arts & Media > Performing Arts > Television > Genres
genres,5583,Genres,Literature > Genres
geodesy,4785,Geodesy,Science & Nature > Astronomy & Space Science > Geodesy
geodesy,9405,Geodesy,Biography > Geodesy
geographical divisions,7348,Geographical divisions,Science & Nature > Geology > Dynamic & structural geology > Geographical divisions
geographical divisions,7727,Geographical divisions,Science & Nature > Geology > Paleobotany > Geographical divisions
geographical divisions,8842,Geographical divisions,Science & Nature > Geology > Petrology > Geographical divisions
geography,1673,Geography,"Children & Young Adult > Juvenile Nonfiction > Nature, Science & Technology > Science & Nature > Earth Sciences > Geography"
geography,2382,Geography,"Geography, Places & Travel > Geography"
geography,3605,Geography,History > By Region > European > South > Greco-Roman > Geography
geography,4826,Geography,Science & Nature > Earth & Environmental Sciences > Earth sciences > Geography
geography,6358,Geography,History > By Region > Asian > The Islamic World > Geography
geography,10557,Geography,History > By Region > Asian > South > Geography
geography,10582,Geography,History > By Region > African > Central > Geography
geography,10598,Geography,History > By Region > North American > Geography
geography,10629,Geography,History > By Region > African > Geography
geology,4827,Geology,Science & Nature > Earth & Environmental Sciences > Earth sciences > Geology
geology,4904,Geology,Science & Nature > Geology
geometry,1592,Geometry,"Children & Young Adult > Juvenile Nonfiction > Recreation, Travel & Adventure > Mathematics > Geometry"
geometry,2071,Geometry,"Children & Young Adult > Young Adult Nonfiction > Nature, Science & Technology > Mathematics > Geometry"
geometry,4939,Geometry,Science & Nature > Mathematics > Geometry
geophysics,5036,Geophysics,Science & Nature > Earth & Environmental Sciences > Geophysics
geophysics,6650,Geophysics,Biography > Geophysics
georgia,3440,Georgia,History > By Region > North American > U.S. > Local > South > Georgia
georgia,13493,Georgia,Social Sciences > Politics & Government > Government & Administration > Local & Municipal Government > Europe > Georgia
german,3524,German,History > By Region > European > Central > German
german,4244,German,Literature > Germanic & Nordic > German
german literary criticism,4333,German Literary Criticism,Literature > Literary Criticism > Regions & Literary Traditions > European Literary Criticism > German Literary Criticism
german literary criticism,8065,German Literary Criticism,Literature > Germanic & Nordic > German > Studies > German Literary Criticism
germanic,13675,Germanic,Literature > Literary History > Germanic
germanic,54008,Germanic,Reference & Information > Reference Books > Encyclopedias > Encyclopedias by Language > Germanic
germany,11604,Germany,Social Sciences > Politics & Government > By Region > Europe > Germany
germany,13509,Germany,Social Sciences > Politics & Government > Government & Administration > Local & Municipal Government > Europe > Germany
germany,52890,Germany,Social Sciences > Politics & Government > International Relations > Colonization & Migration > Europe > Germany
giraffes,1118,Giraffes,"Children & Young Adult > Juvenile Fiction > Animals, Nature & Environment > Animals > Mammals, Farm Animals & Pets > Giraffes"
giraffes,1410,Giraffes,"Children & Young Adult > Juvenile Nonfiction > Nature, Science & Technology > Animals > Mammals, Farm Animals & Pets > Giraffes"
girls,8847,Girls,Health & Medicine > Pediatrics > Pediatric Physiology > Girls
girls,11066,Girls,Philosophy > Ethics > Character & Virtue Ethics > Applied Ethics > Girls
glass,690,Glass,Arts & Media > Design & Decorative Arts > Decorative Arts > Glass
glass,1013,Glass,"Arts & Media > Visual Arts > Media, Techniques & Practices > Sculpture & Applied Arts > Glass"
glass & glassware,528,Glass & Glassware,Arts & Media > Antiques & Collectibles > Art & Furniture Collectibles > Glass & Glassware
glass & glassware,3062,Glass & Glassware,"Home & Hobbies > Crafts & Hobbies > Wood, Metal, Glass & Ceramics > Glass & Glassware"
globalization,5151,Globalization,Social Sciences > Economics & Business > Trade & Transportation > Globalization
globalization,5339,Globalization,Social Sciences > Politics & Government > International Relations > Globalization
globes,2397,Globes,"Geography, Places & Travel > Globes"
globes,8018,Globes,"Geography, Places & Travel > Mathematical Geography & Cartography > Cartography > Globes"
graduate education,8141,Graduate education,Education > Teaching & Learning > Education Theory & Practice > Higher education > Graduate education
graduate education,8618,Graduate education,"Education > Policy, Philosophy & History > History of education > U.S. Education History > Graduate education"
grammar,1577,Grammar,"Children & Young Adult > Juvenile Nonfiction > Life, Learning & Work > School & Education > Language Arts > Grammar"
grammar,2064,Grammar,"Children & Young Adult > Young Adult Nonfiction > Arts, Media & Literature > Language Arts > Grammar"
grammar,6823,Grammar,Language > Languages & Language Families > Indo-European Languages > Indo-Iranian Languages > Indo-Aryan languages > Grammar
grammar,9159,Grammar,Language > Languages & Language Families > Afro-Asiatic languages > Semitic Philology & Literature > Grammar
grammar,12195,Grammar,Language > Languages & Language Families > Indo-European Languages > Germanic Languages > English Language > Grammar
granada,10641,Granada,"History > By Region > European > South > Iberia > Spanish > By Period > Medieval, 711–1516 > Granada"
granada,51504,Granada,History > By Region > European > South > Iberia > Spanish > Local > Granada
graphic methods,4945,Graphic Methods,Science & Nature > Mathematics > Applied & Computational Math > Graphic Methods
graphic methods,7316,Graphic methods,Science & Nature > Mathematics > Probability & Statistics > Graphic methods
great britain & england,12389,Great Britain & England,"Arts & Media > Visual Arts > Media, Techniques & Practices > Painting > Painting History > Regional Painting History > Great Britain & England"
great britain & england,12549,Great Britain & England,Literature > General Literary Studies > Journalism & Periodicals > Great Britain & England
great britain. england,12023,Great Britain. England,Social Sciences > Economics & Business > Economic history > European Economic History > Great Britain. England
great britain. england,13410,Great Britain. England,Biography > National biography > European Biographies > Great Britain. England
great britain. england,13447,Great Britain. England,Social Sciences > Anthropology > Folklore > Regional Folklore > European Folklore > Great Britain. England
greece,3482,Greece,History > By Region > European > South > Greek > By Period > Greece
greece,4192,Greece,Literature > Classical > Greece
greece,11605,Greece,Social Sciences > Politics & Government > By Region > Europe > Greece
greece,13485,Greece,Social Sciences > Politics & Government > Government & Administration > Local & Municipal Government > Europe > Greece
greece,52891,Greece,Social Sciences > Politics & Government > International Relations > Colonization & Migration > Europe > Greece
greece modern,10905,Greece Modern,"Philosophy > History, Traditions & Regions > Historical Periods > Modern Philosophy > Regional Modern Philosophy > Greece Modern"
greece modern,13456,Greece Modern,Social Sciences > Anthropology > Folklore > Regional Folklore > European Folklore > Greece Modern
greek,3535,Greek,History > By Region > European > South > Greek
greek,4253,Greek,Literature > Classical > Greek
greek & roman,1256,Greek & Roman,"Children & Young Adult > Juvenile Fiction > Kids’ Legends, Myths & Fables > Greek & Roman"
greek & roman,1830,Greek & Roman,"Children & Young Adult > Young Adult Fiction > Speculative & Supernatural > Fantasy > Legends, Myths, Fables > Greek & Roman"
group shows,921,Group Shows,"Arts & Media > Photography & Imaging > Collections, Subjects & Reference > Collections, Catalogs, Exhibitions > Group Shows"
group shows,999,Group Shows,"Arts & Media > Visual Arts > Artists & Art Institutions > Collections, Catalogs, Exhibitions > Group Shows"
growth,4556,Growth,Religion > Christianity > Church & Organization > Growth
growth,6647,Growth,Science & Nature > Biology > Life > Growth
guides & reviews,885,Guides & Reviews,Arts & Media > Performing Arts > Film > Guides & Reviews || Literature > General Literary Studies > Film > Guides & Reviews
guides & reviews,904,Guides & Reviews,Arts & Media > Performing Arts > Television > Guides & Reviews
guides to the battlefields,10010,Guides to the battlefields,History > Eras > Modern > 20th Century > World War I > Guides to the battlefields || History > Military > World Wars > World War I > Guides to the battlefields
guides to the battlefields,10482,Guides to the battlefields,History > Eras > Modern > 20th Century > World War II > Guides to the battlefields || History > Military > World Wars > World War II > Guides to the battlefields
guinea-bissau,3360,Guinea-Bissau,History > By Region > African > West > Lusophone West Africa > Guinea-Bissau
guinea-bissau,12183,Guinea-Bissau,Social Sciences > Economics & Business > Economic history > African Economic History > Guinea-Bissau
guitar,811,Guitar,Arts & Media > Music > Creation & Performance > Musical Instruments > Guitar
guitar,8643,Guitar,Arts & Media > Music > Creation & Performance > Musical Instruments > Instrumental techniques > Plucked instruments > Guitar
halloween,1235,Halloween,"Children & Young Adult > Juvenile Fiction > History, Biography & Society > Holidays & Celebrations > Halloween"
halloween,1560,Halloween,"Children & Young Adult > Juvenile Nonfiction > Recreation, Travel & Adventure > Holidays & Celebrations > Halloween"
handbooks,6113,Handbooks,Reference & Information > Library & Archive Studies > Library & Information Science > Foundations & Professional Study > Handbooks
handbooks,6163,Handbooks,Health & Medicine > Public Health > Public Health Study & Reference > Handbooks || Health & Medicine > Public aspects of medicine > Public Health > Public Health Study & Reference > Handbooks
handwriting,1578,Handwriting,"Children & Young Adult > Juvenile Nonfiction > Life, Learning & Work > School & Education > Language Arts > Handwriting"
handwriting,3751,Handwriting,Language > Writing > Handwriting
hanukkah,1236,Hanukkah,"Children & Young Adult > Juvenile Fiction > History, Biography & Society > Holidays & Celebrations > Hanukkah"
hanukkah,1561,Hanukkah,"Children & Young Adult > Juvenile Nonfiction > Recreation, Travel & Adventure > Holidays & Celebrations > Hanukkah"
hardware,88,Hardware,Applied Sciences & Technology > Computing & IT > Computer Systems & Hardware > Hardware
hardware,137,Hardware,Applied Sciences & Technology > Computing & IT > Networks & Internet > Networking > Hardware
hardware,9648,Hardware,Applied Sciences & Technology > Industrial Production > Metalworking > Hardware
head & neck,8084,Head & neck,Health & Medicine > Surgery > Surgical Oncology > Head & neck
head & neck,9319,Head & neck,Health & Medicine > Surgery > Surgical Specialties by System > Surgery by Body Part > Head & neck
healing,2623,Healing,Health & Medicine > Traditional & Complementary Med. > Healing
healing,2667,Healing,Health & Medicine > Health & Fitness > Healing
healing,3282,Healing,"Body, Mind & Spirit > Healing, Body & Wellbeing > Healing"
health & daily living,1204,Health & Daily Living,"Children & Young Adult > Juvenile Fiction > Health, Sports & Daily Living > Health & Daily Living"
health & daily living,1514,Health & Daily Living,"Children & Young Adult > Juvenile Nonfiction > Life, Learning & Work > Health & Daily Living"
health & daily living,1801,Health & Daily Living,"Children & Young Adult > Young Adult Fiction > Life, Learning & Work > Health & Daily Living"
heart,2651,Heart,Health & Medicine > Health & Fitness > Diseases & Conditions > Heart
heart,2949,Heart,Home & Hobbies > Cooking > Healthy Cooking & Nutrition > Heart
higher,2173,Higher,Education > Education Administration > Higher
higher,2261,Higher,Education > Schools > Levels > Higher
higher education,2206,Higher education,"Education > Policy, Philosophy & History > History of education > Higher education"
higher education,2321,Higher education,Education > Teaching & Learning > Education Theory & Practice > Higher education
higher education,9666,Higher education,"Education > Policy, Philosophy & History > History of education > U.S. Education History > Higher education"
hindu,1325,Hindu,"Children & Young Adult > Juvenile Fiction > History, Biography & Society > Children’s Religious Fiction > Hindu"
hindu,1884,Hindu,Children & Young Adult > Young Adult Fiction > YA Religious Fiction > Hindu
hinduism,1647,Hinduism,"Children & Young Adult > Juvenile Nonfiction > People, Society & History > Religion > Hinduism"
hinduism,2114,Hinduism,"Children & Young Adult > Young Adult Nonfiction > People, Society & History > Religion > Hinduism"
hinduism,4598,Hinduism,Religion > Hinduism
hippos & rhinos,1119,Hippos & Rhinos,"Children & Young Adult > Juvenile Fiction > Animals, Nature & Environment > Animals > Mammals, Farm Animals & Pets > Hippos & Rhinos"
hippos & rhinos,1411,Hippos & Rhinos,"Children & Young Adult > Juvenile Nonfiction > Nature, Science & Technology > Animals > Mammals, Farm Animals & Pets > Hippos & Rhinos"
hispanic & latino,974,Hispanic & Latino,Arts & Media > Visual Arts > Art by Region & Culture > American Art > Hispanic & Latino
hispanic & latino,1285,Hispanic & Latino,Children & Young Adult > Juvenile Fiction > Kids’ People & Places Fiction > Children’s U.S. Fiction > Hispanic & Latino
hispanic & latino,1620,Hispanic & Latino,"Children & Young Adult > Juvenile Nonfiction > People, Society & History > People & Places > Kids’ U.S. People & Places > Hispanic & Latino"
hispanic & latino,1860,Hispanic & Latino,"Children & Young Adult > Young Adult Fiction > History, Politics & Society > People & Places > YA U.S. Fiction > Hispanic & Latino"
hispanic & latino,2095,Hispanic & Latino,"Children & Young Adult > Young Adult Nonfiction > People, Society & History > People & Places > YA U.S. People & Places > Hispanic & Latino"
hispanic & latino,3229,Hispanic & Latino,"Biography > Cultural, Ethnic & Regional > Hispanic & Latino"
hispanic & latino,4005,Hispanic & Latino,Literature > Genres > Cultural Heritage Fiction > Hispanic & Latino
hispanic & latino,4314,Hispanic & Latino,Literature > Literary Criticism > Regions & Literary Traditions > American Literary Criticism > Hispanic & Latino
hispanic & latino,4421,Hispanic & Latino,Literature > Genres > Poetry > American Poetry > Hispanic & Latino
hispanic & latino,54920,Hispanic & Latino,History > Groups of people > Hispanic & Latino
histology,2696,Histology,Health & Medicine > Biomedical Foundations & Research > Histology
histology,7051,Histology,Science & Nature > Botany > Plant anatomy > Histology
historical fiction,609,Historical Fiction,Arts & Media > Comics & Graphic Novels > Historical Fiction
historical fiction,620,Historical Fiction,Arts & Media > Comics & Graphic Novels > Manga > Historical Fiction || Literature > Genres > Literary Collections > Comics > Other National Comics > Manga > Historical Fiction
historical fiction,4006,Historical Fiction,Literature > Genres > Historical Fiction
historical geography,52174,Historical Geography,History > By Region > Asian > East > Chinese > Historical Geography
historical geography,54919,Historical Geography,History > Historical Geography
historical reference,13699,Historical Reference,History > By Region > North American > U.S. > Historical Reference
historical reference,51921,Historical Reference,History > By Region > European > West > Benelux Countries > Luxembourg > Historical Reference
historical reference,51931,Historical Reference,History > By Region > European > South > Cypriot > Historical Reference
historical reference,51946,Historical Reference,History > By Region > European > Balkan Peninsula > Slovenian > Historical Reference
historical reference,51984,Historical Reference,History > By Region > European > Balkan Peninsula > Kosovo > Historical Reference
historical reference,52001,Historical Reference,History > By Region > European > Central > Liechtenstein > Historical Reference
historical reference,52295,Historical Reference,History > By Region > African > North > Egyptian > Historical Reference || History > By Region > Middle Eastern > Egyptian > Historical Reference
historical studies,13991,Historical Studies,History > By Region > European > East > Historical Studies
historical studies,14015,Historical Studies,History > By Region > European > North > Historical Studies
historiography,11025,Historiography,Philosophy > Philosophy Reference > Historiography
historiography,13687,Historiography,History > Historiography
historiography,13766,Historiography,"History > By Region > European > South > Italian > By Period > Modern Era, 1492–Present > Historiography"
historiography,50832,Historiography,History > Civilization > Historiography
historiography,50865,Historiography,History > By Region > Asian > East > Japanese > Historiography
historiography,50867,Historiography,History > By Region > Asian > East > Korean > Historiography
historiography,50870,Historiography,History > By Region > Middle Eastern > Historiography
historiography,50872,Historiography,History > By Region > Latin American > Brazilian > Historiography
historiography,51674,Historiography,History > By Region > European > Balkan Peninsula > Serbian > Historiography
historiography,51721,Historiography,History > By Region > European > Central > Czechoslovak > Historiography
historiography,51732,Historiography,History > By Region > European > Balkan Peninsula > Bulgarian > Historiography
historiography,51742,Historiography,History > By Region > European > Balkan Peninsula > Croatian > Historiography
historiography,51760,Historiography,History > By Region > European > North > Danish > Historiography
historiography,51775,Historiography,History > By Region > European > North > Norwegian > Historiography
historiography,51804,Historiography,History > By Region > European > North > Finnish > Historiography
historiography,51828,Historiography,History > By Region > European > Balkan Peninsula > Albanian > Historiography
historiography,51841,Historiography,History > By Region > European > East > Estonian > Historiography
historiography,51850,Historiography,History > By Region > European > East > Latvian > Historiography
historiography,51859,Historiography,History > By Region > European > East > Lithuanian > Historiography
historiography,51895,Historiography,History > By Region > European > East > Belarusian > Historiography
historiography,51904,Historiography,History > By Region > European > South > Maltese > Historiography
historiography,51915,Historiography,History > By Region > European > East > Moldovan > Historiography
history,3319,History,History
history,4249,History,Literature > Germanic & Nordic > German > History
history,5407,History,"Social Sciences > Psychology > History, Theory & Schools > History"
history,52352,History,Literature > Literary Theory > Special Elements & Subjects > History
history,52555,History,"Social Sciences > Family, Population & Migration > Family, Gender & Life Course > Family & Relationships > History"
history,52855,History,Social Sciences > Politics & Government > Political Theory > Ideologies > Socialism & Communism > History
history of literary criticism,6622,History of Literary Criticism,Literature > Literary History > Literary History Criticism > History of Literary Criticism
history of literary criticism,7644,History of Literary Criticism,Literature > Classical > Latin & Italic > Roman > Roman Literary History > History of Literary Criticism
history of science,1682,History of Science,"Children & Young Adult > Juvenile Nonfiction > Nature, Science & Technology > Science & Nature > History of Science"
history of science,2134,History of Science,"Children & Young Adult > Young Adult Nonfiction > Nature, Science & Technology > Science & Nature > History of Science"
"history, philosophy & society",5725,"History, Philosophy & Society","Science & Nature > History, Philosophy & Society"
"history, philosophy & society",5918,"History, Philosophy & Society","Applied Sciences & Technology > Technology & Engineering > History, Philosophy & Society"
holiday,2957,Holiday,Home & Hobbies > Cooking > Holiday & Party Cooking > Holiday
holiday,4080,Holiday,"Literature > Genres > Romance > Tone, Occasion & Collections > Holiday"
holidays,4014,Holidays,Literature > Genres > Holidays
holidays,5503,Holidays,"Social Sciences > Sociology > Culture, Media & Belief > Holidays"
holidays & celebrations,1230,Holidays & Celebrations,"Children & Young Adult > Juvenile Fiction > History, Biography & Society > Holidays & Celebrations"
holidays & celebrations,1315,Holidays & Celebrations,"Children & Young Adult > Juvenile Fiction > History, Biography & Society > Children’s Religious Fiction > Christian > Holidays & Celebrations"
holidays & celebrations,1556,Holidays & Celebrations,"Children & Young Adult > Juvenile Nonfiction > Recreation, Travel & Adventure > Holidays & Celebrations"
holidays & celebrations,1657,Holidays & Celebrations,"Children & Young Adult > Juvenile Nonfiction > People, Society & History > Religion > Christian > Holidays & Celebrations"
holidays & celebrations,1821,Holidays & Celebrations,Children & Young Adult > Young Adult Fiction > Holidays & Celebrations
holidays & celebrations,2056,Holidays & Celebrations,"Children & Young Adult > Young Adult Nonfiction > Recreation, Travel & Adventure > Holidays & Celebrations"
holidays & celebrations,5974,Holidays & Celebrations,"Reference & Information > Bibliographies, Catalogs & Indexes > Subject bibliography > Humanities & Culture > Holidays & Celebrations"
holocaust,1218,Holocaust,"Children & Young Adult > Juvenile Fiction > History, Biography & Society > Children’s Historical Fiction > Holocaust"
holocaust,1540,Holocaust,"Children & Young Adult > Juvenile Nonfiction > People, Society & History > Children’s History > Holocaust"
holocaust,1809,Holocaust,"Children & Young Adult > Young Adult Fiction > History, Politics & Society > YA Historical Fiction > Holocaust"
holocaust,2041,Holocaust,"Children & Young Adult > Young Adult Nonfiction > People, Society & History > YA History > Holocaust"
holocaust,3673,Holocaust,History > Eras > Modern > 20th Century > Holocaust
holocaust,10731,Holocaust,History > Eras > Modern > 20th Century > World War II > Holocaust || History > Military > World Wars > World War II > Holocaust
holocaust,52359,Holocaust,Literature > Literary Theory > Special Elements & Subjects > Holocaust
home economics,3115,Home economics,Home & Hobbies > Home economics
home economics,5976,Home Economics,"Reference & Information > Bibliographies, Catalogs & Indexes > Subject bibliography > Humanities & Culture > Home Economics"
home schooling,2209,Home Schooling,"Education > Levels, Settings & Types > Home Schooling"
home schooling,8751,Home schooling,"Education > Students, Inclusion & Support > Education Support Topics > Forms of education > Home schooling"
homeopathy,2673,Homeopathy,Health & Medicine > Health & Fitness > Homeopathy
homeopathy,2700,Homeopathy,Health & Medicine > Traditional & Complementary Med. > Homeopathy
homosexuality,8996,Homosexuality,"Arts & Media > Visual Arts > History, Theory & Education > Arts in general > Art Subjects > Homosexuality"
homosexuality,52389,Homosexuality,Literature > Literary Theory > Special Elements & Subjects > Homosexuality
hong kong,11892,Hong Kong,Social Sciences > Politics & Government > By Region > Asia > East Asia > Hong Kong
hong kong,52077,Hong Kong,History > By Region > Asian > East > Chinese > Local > Hong Kong
horror,610,Horror,Arts & Media > Comics & Graphic Novels > Horror
horror,621,Horror,Arts & Media > Comics & Graphic Novels > Manga > Horror || Literature > Genres > Literary Collections > Comics > Other National Comics > Manga > Horror
horror,882,Horror,Arts & Media > Performing Arts > Film > Genres > Horror || Literature > General Literary Studies > Film > Genres > Horror
horror,1161,Horror,Children & Young Adult > Juvenile Fiction > Story Forms & Reading Formats > Comics & Graphic Novels > Horror
horror,1760,Horror,"Children & Young Adult > Young Adult Fiction > Arts, Media & Story Forms > Comics & Graphic Novels > Horror"
horror,1822,Horror,Children & Young Adult > Young Adult Fiction > Speculative & Supernatural > Horror
horror,4015,Horror,Literature > Genres > Horror
horses,1120,Horses,"Children & Young Adult > Juvenile Fiction > Animals, Nature & Environment > Animals > Mammals, Farm Animals & Pets > Horses"
horses,1412,Horses,"Children & Young Adult > Juvenile Nonfiction > Nature, Science & Technology > Animals > Mammals, Farm Animals & Pets > Horses"
horses,1740,Horses,"Children & Young Adult > Young Adult Fiction > Nature, Places & Travel > Animals > Horses"
horses,3157,Horses,Home & Hobbies > Pets > Horses
horses,4991,Horses,Science & Nature > Nature & Natural History > Animals > Horses
horses,12926,Horses,Applied Sciences & Technology > Agriculture > Animal Husbandry > Livestock & Working Animals > Horses
hospitals & clinics,2842,Hospitals & Clinics,Health & Medicine > Public aspects of medicine > Hospitals & Clinics
hospitals & clinics,6503,Hospitals & Clinics,Health & Medicine > Gynecology & Obstetrics > Obstetrics > Hospitals & Clinics
hospitals & clinics,9352,Hospitals & Clinics,Health & Medicine > Internal Medicine > Tuberculosis > Hospitals & Clinics
house & home,1569,House & Home,"Children & Young Adult > Juvenile Nonfiction > Life, Learning & Work > Lifestyles > House & Home"
house & home,3125,House & Home,Home & Hobbies > House & Home
human evolution,5067,Human Evolution,Social Sciences > Anthropology > Fields > Human Evolution
human evolution,7331,Human evolution,Science & Nature > Biology > Evolution > Human evolution
human evolution,13004,Human Evolution,Social Sciences > Anthropology > Fields > Physical > Human Evolution
human sexuality,5408,Human Sexuality,Social Sciences > Psychology > Human Sexuality
human sexuality,5505,Human Sexuality,Social Sciences > Sociology > Identity & Community > Human Sexuality
humanism,4526,Humanism,Philosophy > Movements & Schools > Modern Movements > Humanism
humanism,9597,Humanism,"Arts & Media > Visual Arts > History, Theory & Education > Arts in general > Art Subjects > Humanism"
humor,1570,Humor,"Children & Young Adult > Juvenile Nonfiction > Recreation, Travel & Adventure > Humor"
humor,4341,Humor,Literature > Literary Criticism > Genres & Forms > Humor
humor,4387,Humor,Literature > General Literary Studies > Humor
humor,6958,Humor,"Arts & Media > Visual Arts > History, Theory & Education > Arts in general > Art Subjects > Humor"
humor,7527,Humor,Literature > English > English essays > Humor || Literature > English > English letters > Humor || Literature > English > Oratory & Speeches > Humor
humor & satire,691,Humor & Satire,Arts & Media > Humor & Satire || Literature > Genres > Humor & Satire
humor & satire,3909,Humor & Satire,Literature > English > Humor & Satire
humor & satire,9019,Humor & Satire,Education > Teaching & Learning > Education Theory & Practice > Higher education > Humor & Satire
humorous,611,Humorous,Arts & Media > Comics & Graphic Novels > Humorous
humorous,622,Humorous,Arts & Media > Comics & Graphic Novels > Manga > Humorous || Literature > Genres > Literary Collections > Comics > Other National Comics > Manga > Humorous
humorous,1162,Humorous,Children & Young Adult > Juvenile Fiction > Story Forms & Reading Formats > Comics & Graphic Novels > Humorous
humorous,1316,Humorous,"Children & Young Adult > Juvenile Fiction > History, Biography & Society > Children’s Religious Fiction > Christian > Humorous"
humorous,1761,Humorous,"Children & Young Adult > Young Adult Fiction > Arts, Media & Story Forms > Comics & Graphic Novels > Humorous"
humorous,1823,Humorous,"Children & Young Adult > Young Adult Fiction > Arts, Media & Story Forms > Humorous"
humorous,3996,Humorous,Literature > Genres > Fantasy > Humorous
humorous,4117,Humorous,Literature > Genres > Science Fiction > Humorous
hungarian,3539,Hungarian,History > By Region > European > Central > Hungarian
hungarian,4483,Hungarian,Language > Languages & Language Families > Uralic & Basque > Hungarian
hungary,11601,Hungary,Social Sciences > Politics & Government > By Region > Europe > Hungary
hungary,13506,Hungary,Social Sciences > Politics & Government > Government & Administration > Local & Municipal Government > Europe > Hungary
hvac,205,HVAC,"Applied Sciences & Technology > Civil, Structural & Construction > Building construction > HVAC"
hvac,243,HVAC,"Applied Sciences & Technology > Civil, Structural & Construction > Construction > HVAC"
hydrodynamics,4874,Hydrodynamics,Science & Nature > Physics > Mechanics & Fluids > Hydrodynamics
hydrodynamics,9995,Hydrodynamics,"Applied Sciences & Technology > Civil, Structural & Construction > Hydraulics > Technical hydraulics > Hydrodynamics"
hydrology,2424,Hydrology,"Geography, Places & Travel > Physical geography > Hydrology || Science & Nature > Earth & Environmental Sciences > Physical geography > Hydrology"
hydrology,4828,Hydrology,Science & Nature > Earth & Environmental Sciences > Earth sciences > Hydrology
iberia,3614,Iberia,History > By Region > European > South > Iberia
iberia,54026,Iberia,Language > Journalism > Newspapers > Iberia
iberia,54034,Iberia,Reference & Information > Organizations > Iberia
idealism,4527,Idealism,Philosophy > Movements & Schools > Modern Movements > Idealism
idealism,10946,Idealism,"Philosophy > History, Traditions & Regions > Historical Periods > Modern Philosophy > Regional Modern Philosophy > Germany. Austria German > Later 19th & 20th centuries > Idealism"
illustration,669,Illustration,Arts & Media > Design & Decorative Arts > Drawing & Illustration > Illustration
illustration,682,Illustration,Arts & Media > Design & Decorative Arts > Graphic & Communication Design > Illustration
immigration,11774,Immigration,Social Sciences > Politics & Government > Public Policy & Civil Society > Public Policy > Immigration
immigration,12443,Immigration,Social Sciences > Politics & Government > International Relations > Colonization & Migration > Immigration
immunology,2702,Immunology,Health & Medicine > Biomedical Foundations & Research > Immunology
immunology,4978,Immunology,Science & Nature > Microbiology > Immunology
immunology,9103,Immunology,Biography > Immunology
inclusive education,2210,Inclusive Education,"Education > Students, Inclusion & Support > Inclusive Education"
inclusive education,2287,Inclusive education,"Education > Students, Inclusion & Support > Education Support Topics > Inclusive education"
"independence era, 1991–present",11341,"Independence Era, 1991–Present","History > By Region > European > East > Moldovan > By Period > Independence Era, 1991–Present"
"independence era, 1991–present",11355,"Independence Era, 1991–Present","History > By Region > European > East > Belarusian > By Period > Independence Era, 1991–Present"
"independence, 1992–present",51967,"Independence, 1992–Present","History > By Region > European > Balkan Peninsula > Bosnia and Herzegovina > By Period > Independence, 1992–Present"
"independence, 1992–present",51981,"Independence, 1992–Present","History > By Region > European > Balkan Peninsula > North Macedonian > By Period > Independence, 1992–Present"
independent,10738,Independent,History > By Region > Asian > Mongolian > By Period > Independent
independent,10753,Independent,History > By Region > African > Central > Independent
indexes,4735,Indexes,"Reference & Information > Bibliographies, Catalogs & Indexes > Indexes"
indexes,6308,Indexes,Literature > General Literary Studies > Poetry > Indexes
indian,3496,Indian,History > By Region > Asian > South > Indian
indian,4194,Indian,Literature > East Asian & Pacific > Indian
indian & south asian,990,Indian & South Asian,Arts & Media > Visual Arts > Art by Region & Culture > Asian Art > Indian & South Asian
indian & south asian,3004,Indian & South Asian,Home & Hobbies > Cooking > Regional & Ethnic > Asian Cooking > Indian & South Asian
indian schools,10570,Indian schools,History > By Region > The Americas > Indians of North America > Education > Canadian Indigenous > Indian schools
indian schools,10619,Indian schools,History > By Region > The Americas > Indians of North America > Education > U.S. Indigenous > Indian schools
indic,4285,Indic,Literature > Genres > Literary Collections > Asian Literary Collections > Indic
indic,4319,Indic,Literature > Literary Criticism > Regions & Literary Traditions > Asian Literary Criticism > Indic
indigenous,1853,Indigenous,"Children & Young Adult > Young Adult Fiction > History, Politics & Society > People & Places > Indigenous"
indigenous,2089,Indigenous,"Children & Young Adult > Young Adult Nonfiction > People, Society & History > People & Places > Indigenous"
indigenous,3230,Indigenous,"Biography > Cultural, Ethnic & Regional > Indigenous"
indigenous,4018,Indigenous,Literature > Genres > Cultural Heritage Fiction > Indigenous
indigenous,4429,Indigenous,Literature > Genres > Poetry > Indigenous
indigenous peoples of the americas,1257,Indigenous Peoples of the Americas,"Children & Young Adult > Juvenile Fiction > Kids’ Legends, Myths & Fables > Indigenous Peoples of the Americas"
indigenous peoples of the americas,3384,Indigenous Peoples of the Americas,History > By Region > The Americas > Indigenous Peoples of the Americas
indigenous peoples of the americas,3891,Indigenous Peoples of the Americas,Literature > Genres > Drama > Indigenous Peoples of the Americas
indigenous peoples of the americas,4300,Indigenous Peoples of the Americas,Literature > Genres > Literary Collections > Indigenous Peoples of the Americas
indigenous peoples of the americas,4342,Indigenous Peoples of the Americas,Literature > Literary Criticism > Identity & Critical Perspectives > Indigenous Peoples of the Americas
individual institutions,2211,Individual institutions,Education > Individual institutions
individual institutions,8327,Individual institutions,"Arts & Media > Music > History, Culture & Criticism > Music History & Criticism > Music History > Individual institutions"
individual institutions,9706,Individual institutions,"Education > Students, Inclusion & Support > Education Support Topics > Adult & Continuing Education > Individual institutions"
indoor games & amusements,4665,Indoor games & amusements,Recreation > Indoor games & amusements
indoor games & amusements,9132,Indoor games & amusements,Recreation > Games & amusements > Indoor games & amusements
industrial engineering,344,Industrial Engineering,Applied Sciences & Technology > Mechanical & Industrial Engineering > Industrial Engineering
industrial engineering,446,Industrial Engineering,Applied Sciences & Technology > Technology & Engineering > Industrial Engineering
information services,4740,Information Services,Reference & Information > Library & Archive Studies > Information resources > Information Services || Reference & Information > Library & Archive Studies > Library & Information Science > Library Systems & Services > Information Services
information services,6836,Information services,"Applied Sciences & Technology > Civil, Structural & Construction > Environmental > Environmental protection > Information services || Applied Sciences & Technology > Environmental, Energy & Safety > Environmental > Environmental protection > Information services"
information services,7175,Information services,Literature > General Literary Studies > Authorship > Information services
information services,7180,Information services,Education > Teaching & Learning > Education Theory & Practice > Teaching Principles & Practice > Information services
information theory,101,Information Theory,Applied Sciences & Technology > Computing & IT > Foundations & Computer Science > Information Theory
information theory,9756,Information theory,Science & Nature > Cybernetics > Information theory
insects & other invertebrates,5775,Insects & Other Invertebrates,"Children & Young Adult > Juvenile Fiction > Animals, Nature & Environment > Animals > Insects & Other Invertebrates"
insects & other invertebrates,5781,Insects & Other Invertebrates,"Children & Young Adult > Juvenile Nonfiction > Nature, Science & Technology > Animals > Insects & Other Invertebrates"
insects & spiders,3158,Insects & Spiders,Home & Hobbies > Pets > Insects & Spiders
insects & spiders,4992,Insects & Spiders,Science & Nature > Nature & Natural History > Animals > Insects & Spiders
"insects, spiders, etc.",1121,"Insects, Spiders, etc.","Children & Young Adult > Juvenile Fiction > Animals, Nature & Environment > Animals > Insects & Other Invertebrates > Insects, Spiders, etc."
"insects, spiders, etc.",1413,"Insects, Spiders, etc.","Children & Young Adult > Juvenile Nonfiction > Nature, Science & Technology > Animals > Insects & Other Invertebrates > Insects, Spiders, etc."
inspiration & personal growth,1573,Inspiration & Personal Growth,"Children & Young Adult > Juvenile Nonfiction > Life, Learning & Work > Inspiration & Personal Growth"
inspiration & personal growth,2059,Inspiration & Personal Growth,"Children & Young Adult > Young Adult Nonfiction > Life, Learning & Work > Inspiration & Personal Growth"
inspiration & personal growth,3287,Inspiration & Personal Growth,"Body, Mind & Spirit > Spiritual Practices & Growth > Inspiration & Personal Growth"
inspirational,1317,Inspirational,"Children & Young Adult > Juvenile Fiction > History, Biography & Society > Children’s Religious Fiction > Christian > Inspirational"
inspirational,1658,Inspirational,"Children & Young Adult > Juvenile Nonfiction > People, Society & History > Religion > Christian > Inspirational"
inspirational,2121,Inspirational,"Children & Young Adult > Young Adult Nonfiction > People, Society & History > Religion > Christian > Inspirational"
inspirational,11468,Inspirational,Religion > Christianity > Christian Living > Christian Spiritual Growth > Inspirational
instruction & study,762,Instruction & Study,Arts & Media > Music > Theory & Education > Instruction & Study
instruction & study,1598,Instruction & Study,"Children & Young Adult > Juvenile Nonfiction > Arts, Media & Literature > Music > Instruction & Study"
instruction & study,2076,Instruction & Study,"Children & Young Adult > Young Adult Nonfiction > Arts, Media & Literature > Music > Instruction & Study"
instruments & apparatus,6095,Instruments & Apparatus,Science & Nature > Physics > Electricity & Electromagnetism > Electricity > Electrical Measurement & Labs > Instruments & Apparatus
instruments & apparatus,8561,Instruments & apparatus,Science & Nature > Earth & Environmental Sciences > Geophysics > Instruments & apparatus
instruments & apparatus,8701,Instruments & apparatus,Science & Nature > Physics > Radiation Physics > Instruments & apparatus
instruments & apparatus,13518,Instruments & apparatus,Science & Nature > Instruments & apparatus
insurance,5180,Insurance,Social Sciences > Economics & Business > Accounting & Tax > Insurance
insurance,5230,Insurance,Social Sciences > Economics & Business > Commerce > Business > Finance > Insurance || Social Sciences > Economics & Business > Finance > Insurance
intelligence & espionage,3649,Intelligence & Espionage,History > Military > Intelligence & Espionage
intelligence & espionage,5342,Intelligence & Espionage,Social Sciences > Politics & Government > Security & Conflict > Intelligence & Espionage
interactive adventures,1248,Interactive Adventures,Children & Young Adult > Juvenile Fiction > Story Forms & Reading Formats > Interactive Adventures
interactive adventures,1825,Interactive Adventures,"Children & Young Adult > Young Adult Fiction > Arts, Media & Story Forms > Interactive Adventures"
intermediate,1300,Intermediate,Children & Young Adult > Juvenile Fiction > Story Forms & Reading Formats > Readers > Intermediate
intermediate,1636,Intermediate,"Children & Young Adult > Juvenile Nonfiction > Life, Learning & Work > School & Education > Readers > Intermediate"
intermediate,4920,Intermediate,Science & Nature > Mathematics > Algebra & Number Theory > Algebra > Intermediate
internet & social media,709,Internet & Social Media,Arts & Media > Humor & Satire > Topic > Internet & Social Media || Literature > Genres > Humor & Satire > Topic > Internet & Social Media
internet & social media,1469,Internet & Social Media,"Children & Young Adult > Juvenile Nonfiction > Nature, Science & Technology > Technology > Computers > Internet & Social Media"
internet & social media,1995,Internet & Social Media,"Children & Young Adult > Young Adult Nonfiction > Nature, Science & Technology > Computers > Internet & Social Media"
"interwar & wwii, 1918–1945",10540,"Interwar & WWII, 1918–1945","History > By Region > European > Central > By Era > Interwar & WWII, 1918–1945"
"interwar & wwii, 1918–1945",10674,"Interwar & WWII, 1918–1945","History > By Region > European > East > 20th-21st centuries > Interwar & WWII, 1918–1945"
inventions,347,Inventions,Applied Sciences & Technology > Technology & Engineering > Technology Research & Innovation > Inventions
inventions,1372,Inventions,"Children & Young Adult > Juvenile Fiction > Learning, Work & Technology > Technology > Inventions"
inventions,1722,Inventions,"Children & Young Adult > Juvenile Nonfiction > Nature, Science & Technology > Technology > Inventions"
inventions,2160,Inventions,"Children & Young Adult > Young Adult Nonfiction > Nature, Science & Technology > Technology > Inventions"
invertebrates,4867,Invertebrates,Science & Nature > Biology > Life Sciences > Zoology > Invertebrates
invertebrates,5053,Invertebrates,Science & Nature > Zoology > Invertebrates
invertebrates,9190,Invertebrates,Science & Nature > Geology > Paleozoology > Invertebrates
ireland,4198,Ireland,Literature > Germanic & Nordic > Ireland
ireland,11599,Ireland,Social Sciences > Politics & Government > By Region > Europe > Ireland
ireland,13479,Ireland,Social Sciences > Politics & Government > Government & Administration > Local & Municipal Government > Europe > Ireland
ireland,52886,Ireland,Social Sciences > Politics & Government > International Relations > Colonization & Migration > Europe > Ireland
irish,3007,Irish,Home & Hobbies > Cooking > Regional & Ethnic > European Cooking > Irish
irish,3606,Irish,History > By Region > European > West > British Isles > Irish
iron & steel,6068,Iron & Steel,"Reference & Information > Bibliographies, Catalogs & Indexes > Subject bibliography > Industry & Materials > Iron & Steel"
iron & steel,6362,Iron & steel,Applied Sciences & Technology > Industrial Production > Metalworking > Iron & steel
irrigation,189,Irrigation,Applied Sciences & Technology > Agriculture > Agricultural Engineering > Irrigation
irrigation,12431,Irrigation,Social Sciences > Economics & Business > Industries > Agricultural Economics > Irrigation
islam,1648,Islam,"Children & Young Adult > Juvenile Nonfiction > People, Society & History > Religion > Islam"
islam,2115,Islam,"Children & Young Adult > Young Adult Nonfiction > People, Society & History > Religion > Islam"
islam,4605,Islam,Religion > Islam || Religion > Other Religions & Movements > Islam
islamic,3629,Islamic,History > Islamic
islamic,5295,Islamic,Social Sciences > Law > Religious Law > Islamic
islamic,9838,Islamic,Language > Languages & Language Families > Afro-Asiatic languages > Oriental philology & literature > Special groups > Islamic
islamic,12483,Islamic,Biography > Islamic
islamic law,5296,Islamic Law,Social Sciences > Law > Religious Law > Islamic Law
islamic law,12485,Islamic Law,Religion > Islam > Islamic Law || Religion > Other Religions & Movements > Islam > Islamic Law
islands,3344,Islands,History > By Region > African > Islands
islands,7152,Islands,"Geography, Places & Travel > Physical geography > Geomorphology > Islands || Science & Nature > Earth & Environmental Sciences > Physical geography > Geomorphology > Islands"
islands east african coast,10771,Islands East African coast,History > By Region > African > East > Islands East African coast
islands east african coast,11208,Islands East African Coast,"Philosophy > History, Traditions & Regions > Historical Periods > Modern Philosophy > Regional Modern Philosophy > Islands East African Coast"
israel & palestine,3638,Israel & Palestine,History > By Region > Middle Eastern > Israel & Palestine
israel & palestine,12075,Israel & Palestine,Social Sciences > Economics & Business > Economic history > Asian Economic History > Israel & Palestine
italian & romanian,54006,Italian & Romanian,Reference & Information > Reference Books > Encyclopedias > Encyclopedias by Language > Italian & Romanian
italian & romanian,54013,Italian & Romanian,Literature > General Literary Studies > Journalism & Periodicals > Periodicals > Italian & Romanian || Reference & Information > Periodicals > Italian & Romanian
italian & romanian,54042,Italian & Romanian,Literature > Genres > Literary Collections > General collections > Italian & Romanian
italian cooking,3008,Italian Cooking,Home & Hobbies > Cooking > Regional & Ethnic > European Cooking > Italian Cooking
italian cooking,12593,Italian Cooking,Home & Hobbies > Home economics > Cooking > Italian Cooking
italian literary collections,4297,Italian Literary Collections,Literature > Genres > Literary Collections > European Literary Collections > Italian Literary Collections
italian literary collections,12706,Italian Literary Collections,Literature > Romance > Italy > Italian Literary Collections
italian literary criticism,4334,Italian Literary Criticism,Literature > Literary Criticism > Regions & Literary Traditions > European Literary Criticism > Italian Literary Criticism
italian literary criticism,8956,Italian Literary Criticism,Literature > Romance > Italy > Italian Literary Studies > Italian Literary Criticism
italy,4202,Italy,Literature > Romance > Italy
italy,11606,Italy,Social Sciences > Politics & Government > By Region > Europe > Italy
italy,13486,Italy,Social Sciences > Politics & Government > Government & Administration > Local & Municipal Government > Europe > Italy
italy,52892,Italy,Social Sciences > Politics & Government > International Relations > Colonization & Migration > Europe > Italy
italy,54025,Italy,Language > Journalism > Newspapers > Italy
italy,54033,Italy,Reference & Information > Organizations > Italy
jainism,4614,Jainism,Religion > Religions of Indic origin > Jainism
jainism,10901,Jainism,"Philosophy > History, Traditions & Regions > Historical Periods > Ancient & Classical Philosophy > Orient > Ancient Eastern Religious Thought > Jainism"
japanese,3498,Japanese,History > By Region > Asian > East > Japanese
japanese,4203,Japanese,Literature > East Asian & Pacific > Japanese
japanese,4268,Japanese,"Literature > East Asian & Pacific > Asian, African & Oceanian > Japanese"
japanese,9955,Japanese,"Literature > East Asian & Pacific > Asian, African & Oceanian > Japanese Language > Japanese"
japanese language,3730,Japanese Language,Language > Languages & Language Families > East & Southeast Asian Languages > Japanese Language
japanese language,4267,Japanese Language,"Literature > East Asian & Pacific > Asian, African & Oceanian > Japanese Language"
jazz,746,Jazz,Arts & Media > Music > Genres & Styles > Jazz
jazz,868,Jazz,Arts & Media > Performing Arts > Dance > Jazz
jazz,1600,Jazz,"Children & Young Adult > Juvenile Nonfiction > Arts, Media & Literature > Music > Jazz"
jewelry,529,Jewelry,Arts & Media > Antiques & Collectibles > Art & Furniture Collectibles > Jewelry
jewelry,687,Jewelry,Arts & Media > Design & Decorative Arts > Decorative Arts > Jewelry
jewelry,3076,Jewelry,Home & Hobbies > Crafts & Hobbies > Jewelry
jewish,844,Jewish,"Arts & Media > Music > History, Culture & Criticism > Religion & Music > Jewish"
jewish,1326,Jewish,"Children & Young Adult > Juvenile Fiction > History, Biography & Society > Children’s Religious Fiction > Jewish"
jewish,1885,Jewish,Children & Young Adult > Young Adult Fiction > YA Religious Fiction > Jewish
jewish,3238,Jewish,Biography > Jewish
jewish,3630,Jewish,History > Groups of people > Jewish
jewish,4019,Jewish,Literature > Genres > Jewish
jewish,4046,Jewish,Literature > Genres > Mystery & Detective > Jewish
jewish,4343,Jewish,Literature > Literary Criticism > Identity & Critical Perspectives > Jewish
jews,5999,Jews,"Reference & Information > Bibliographies, Catalogs & Indexes > Subject bibliography > Religion & Belief > Jews"
jews,6400,Jews,"Education > Students, Inclusion & Support > Education Support Topics > Education by Student Group > Jews"
jokes & riddles,696,Jokes & Riddles,Arts & Media > Humor & Satire > Form > Jokes & Riddles || Literature > Genres > Humor & Satire > Form > Jokes & Riddles
jokes & riddles,1572,Jokes & Riddles,"Children & Young Adult > Juvenile Nonfiction > Recreation, Travel & Adventure > Humor > Jokes & Riddles"
journal writing,1579,Journal Writing,"Children & Young Adult > Juvenile Nonfiction > Life, Learning & Work > School & Education > Language Arts > Journal Writing"
journal writing,2065,Journal Writing,"Children & Young Adult > Young Adult Nonfiction > Arts, Media & Literature > Language Arts > Journal Writing"
judaism,1649,Judaism,"Children & Young Adult > Juvenile Nonfiction > People, Society & History > Religion > Judaism"
judaism,2116,Judaism,"Children & Young Adult > Young Adult Nonfiction > People, Society & History > Religion > Judaism"
judaism,4615,Judaism,Religion > Judaism
judaism,11088,Judaism,"Philosophy > History, Traditions & Regions > Historical Periods > Ancient & Classical Philosophy > Orient > Ancient Eastern Religious Thought > Judaism"
judaism,11127,Judaism,"Philosophy > Philosophy of Religion > Judaism || Philosophy > History, Traditions & Regions > Historical Periods > Modern Philosophy > Philosophy of Religion > Judaism || Religion > Religious Studies > Philosophy of Religion > Judaism"
judiciary,11985,Judiciary,Social Sciences > Politics & Government > By Region > Americas > North America > United States > Judiciary
judiciary,52669,Judiciary,Social Sciences > Politics & Government > By Region > Europe > Britain > Judiciary
juvenile,4240,Juvenile,Literature > Romance > France > Juvenile
juvenile,13572,Juvenile,Arts & Media > Performing Arts > Film > Juvenile || Literature > General Literary Studies > Film > Juvenile
kangaroos,1123,Kangaroos,"Children & Young Adult > Juvenile Fiction > Animals, Nature & Environment > Animals > Mammals, Farm Animals & Pets > Kangaroos"
kangaroos,1415,Kangaroos,"Children & Young Adult > Juvenile Nonfiction > Nature, Science & Technology > Animals > Mammals, Farm Animals & Pets > Kangaroos"
kenyan,3345,Kenyan,History > By Region > African > East > Kenyan
kenyan,10430,Kenyan,History > By Region > African > East > East Afric. British East Africa > Kenyan
keyboard instruments,775,Keyboard instruments,Arts & Media > Music > Creation & Performance > Musical Instruments > Instrumental techniques > Keyboard instruments
keyboard instruments,6278,Keyboard instruments,Arts & Media > Music > Creation & Performance > Musical Instruments > Instrumental techniques > Kids’ Instrumental Music > Keyboard instruments
kids’ instrumental music,774,Kids’ Instrumental Music,Arts & Media > Music > Creation & Performance > Musical Instruments > Instrumental techniques > Kids’ Instrumental Music
kids’ instrumental music,9392,Kids’ Instrumental Music,Arts & Media > Music > Creation & Performance > Musical Instruments > Instrumental music > Kids’ Instrumental Music
korean,3500,Korean,History > By Region > Asian > East > Korean
korean,4204,Korean,Literature > East Asian & Pacific > Korean
korean,4271,Korean,"Literature > East Asian & Pacific > Asian, African & Oceanian > Korean"
korean language,3731,Korean Language,Language > Languages & Language Families > East & Southeast Asian Languages > Korean Language
korean language,4270,Korean language,"Literature > East Asian & Pacific > Asian, African & Oceanian > Korean language"
kosovo,12062,Kosovo,Social Sciences > Economics & Business > Economic history > European Economic History > Kosovo
kosovo,51683,Kosovo,History > By Region > European > Balkan Peninsula > Kosovo
kwanzaa,1237,Kwanzaa,"Children & Young Adult > Juvenile Fiction > History, Biography & Society > Holidays & Celebrations > Kwanzaa"
kwanzaa,1562,Kwanzaa,"Children & Young Adult > Juvenile Nonfiction > Recreation, Travel & Adventure > Holidays & Celebrations > Kwanzaa"
laboratory manuals,6858,Laboratory manuals,Applied Sciences & Technology > Electrical & Electronic Engineering > Electrical Engineering > Electronics > Laboratory manuals
laboratory manuals,7973,Laboratory manuals,Science & Nature > Zoology > Embryology > Laboratory manuals
laboratory manuals,8505,Laboratory manuals,Science & Nature > Human Physiology > Neurophysiology & Neuropsychology > Laboratory manuals || Health & Medicine > Biomedical Foundations & Research > Human Physiology > Neurophysiology & Neuropsychology > Laboratory manuals
land forces,3650,Land Forces,"History > Military > Forces, Domains & Operations > Land Forces"
land forces,5848,Land Forces,Social Sciences > Military Studies > Land Forces
landscape,587,Landscape,"Arts & Media > Architecture > Landscape Architecture > Landscape || Applied Sciences & Technology > Civil, Structural & Construction > Architecture > Landscape Architecture > Landscape || Applied Sciences & Technology > Agriculture > Plant Production & Horticulture > Horticulture & Garden Design > Landscape"
landscape,8457,Landscape,"Arts & Media > Visual Arts > History, Theory & Education > Arts in general > Art Subjects > Landscape"
landscapes,946,Landscapes,"Arts & Media > Photography & Imaging > Collections, Subjects & Reference > Subjects & Themes > Landscapes"
landscapes,6746,Landscapes,Arts & Media > Design & Decorative Arts > Drawing & Illustration > Drawing Subjects > Landscapes
language,711,Language,Arts & Media > Humor & Satire > Topic > Language || Literature > Genres > Humor & Satire > Topic > Language
language,3702,Language,Language
language,3807,Language,Language > Languages & Language Families > Afro-Asiatic languages > Oriental philology & literature > Language
language,4514,Language,Philosophy > Epistemology & Knowledge > Language
language,6419,Language,Language > Languages & Language Families > Indo-European Languages > Romance Languages > Raeto-Romance > Language
language,7155,Language,Language > Languages & Language Families > Uralic & Basque > Basque > Language
language,7309,Language,Language > Languages & Language Families > Indo-European Languages > Celtic Languages > Language
language,7372,Language,Language > Languages & Language Families > Afro-Asiatic languages > Oriental philology & literature > Egyptology > Language
language,7882,Language,"Arts & Media > Visual Arts > History, Theory & Education > Arts in general > Art Subjects > Language"
language,8221,Language,Language > Languages & Language Families > Uralic & Basque > Hungarian > Language
language,9919,Language,Language > Languages & Language Families > Uralic & Basque > Finland > Language
language arts,1575,Language Arts,"Children & Young Adult > Juvenile Nonfiction > Life, Learning & Work > School & Education > Language Arts"
language arts,2061,Language Arts,"Children & Young Adult > Young Adult Nonfiction > Arts, Media & Literature > Language Arts"
language arts,2306,Language Arts,Education > Teaching & Learning > Teaching > Subjects > Language Arts
languages,6415,Languages,Language > Languages & Language Families > African Languages > Languages
languages,8118,Languages,Language > Languages & Language Families > Indo-European Languages > Indo-Iranian Languages > Indo-Aryan languages > Languages
languages,10000,Languages,Language > Languages & Language Families > Americas’ Indigenous Languages > Languages
later 19th & 20th centuries,10803,Later 19th & 20th centuries,"Philosophy > History, Traditions & Regions > Historical Periods > Modern Philosophy > Regional Modern Philosophy > England, Ireland, Scotland & Wales > 19th & 20th centuries > Later 19th & 20th centuries"
later 19th & 20th centuries,10939,Later 19th & 20th centuries,"Philosophy > History, Traditions & Regions > Historical Periods > Modern Philosophy > Regional Modern Philosophy > Germany. Austria German > Later 19th & 20th centuries"
latin america,11921,Latin America,Social Sciences > Politics & Government > By Region > Americas > Caribbean & Latin America > Latin America
latin america,13376,Latin America,Social Sciences > Politics & Government > Government & Administration > Local & Municipal Government > Latin America
latin americans. hispanic americans,2288,Latin Americans. Hispanic Americans,"Education > Students, Inclusion & Support > Education Support Topics > Latin Americans. Hispanic Americans"
latin americans. hispanic americans,7619,Latin Americans. Hispanic Americans,"Education > Students, Inclusion & Support > Education Support Topics > Education by Student Group > Latin Americans. Hispanic Americans"
latvia,11614,Latvia,Social Sciences > Politics & Government > By Region > Europe > Latvia
latvia,13498,Latvia,Social Sciences > Politics & Government > Government & Administration > Local & Municipal Government > Europe > Latvia
latvian,7609,Latvian,Literature > Slavic & Eurasian > Latvian
latvian,11217,Latvian,History > By Region > European > East > Latvian
latvian,13655,Latvian,Language > Languages & Language Families > Indo-European Languages > Baltic Languages > Latvian
law,5276,Law,Social Sciences > Law
law,52354,Law,Literature > Literary Theory > Special Elements & Subjects > Law
law & crime,1582,Law & Crime,"Children & Young Adult > Juvenile Nonfiction > People, Society & History > Law & Crime"
law & crime,1827,Law & Crime,"Children & Young Adult > Young Adult Fiction > Mystery, Crime & Suspense > Law & Crime"
law & crime,2067,Law & Crime,"Children & Young Adult > Young Adult Nonfiction > People, Society & History > Law & Crime"
leadership,2248,Leadership,Education > Leadership
leadership,5185,Leadership,Social Sciences > Psychology > Applied > Leadership || Social Sciences > Economics & Business > Business Management > Leadership
learning,7242,Learning,Education > Teaching & Learning > Education Theory & Practice > Educational psychology > Learning
learning,7688,Learning,Social Sciences > Psychology > Cognition > Learning
learning concepts,1318,Learning Concepts,"Children & Young Adult > Juvenile Fiction > History, Biography & Society > Children’s Religious Fiction > Christian > Learning Concepts"
learning concepts,1659,Learning Concepts,"Children & Young Adult > Juvenile Nonfiction > People, Society & History > Religion > Christian > Learning Concepts"
legal,4025,Legal,Literature > Genres > Legal
legal,4134,Legal,Literature > Genres > Thrillers > Legal
lesbian,3979,Lesbian,Literature > Genres > Erotica > LGBTQ+ > Lesbian
lesbian,4023,Lesbian,Literature > Genres > LGBTQ+ Fiction > Lesbian
lesbian,4084,Lesbian,Literature > Genres > Romance > Identity & Relationship Forms > LGBTQ+ > Lesbian
letters,4303,Letters,Literature > Genres > Literary Collections > Letters
letters,6422,Letters,Literature > English > English essays > Letters || Literature > English > English letters > Letters || Literature > English > Oratory & Speeches > Letters
letters,7641,Letters,Literature > English > English Literary Collections > Letters
letters,8777,Letters,Literature > English > Regional English > American > U.S. Literary Collections > Letters
lexicography,3770,Lexicography,"Language > Linguistics > Words, Sound & Writing Systems > Lexicography"
lexicography,7015,Lexicography,Language > Linguistics > Language Structure & Meaning > Comparative Grammar & Linguistics > Lexicography
lexicography,8832,Lexicography,Language > Languages & Language Families > Indo-European Languages > Indo-Iranian Languages > Indo-Aryan languages > Lexicography
lexicography,9082,Lexicography,Language > Languages & Language Families > Afro-Asiatic languages > Semitic Philology & Literature > Lexicography
lgbtq+,612,LGBTQ+,Arts & Media > Comics & Graphic Novels > LGBTQ+
lgbtq+,624,LGBTQ+,Arts & Media > Comics & Graphic Novels > Manga > LGBTQ+ || Literature > Genres > Literary Collections > Comics > Other National Comics > Manga > LGBTQ+
lgbtq+,710,LGBTQ+,Arts & Media > Humor & Satire > Topic > LGBTQ+ || Literature > Genres > Humor & Satire > Topic > LGBTQ+
lgbtq+,1444,LGBTQ+,"Children & Young Adult > Juvenile Nonfiction > People, Society & History > Biography & Autobiography > LGBTQ+"
lgbtq+,1574,LGBTQ+,"Children & Young Adult > Juvenile Nonfiction > People, Society & History > Social Topics > Identity, Diversity & Rights > LGBTQ+ || Children & Young Adult > Young Adult Nonfiction > People, Society & History > Social Topics > Identity, Diversity & Rights > LGBTQ+"
lgbtq+,1762,LGBTQ+,"Children & Young Adult > Young Adult Fiction > Arts, Media & Story Forms > Comics & Graphic Novels > LGBTQ+"
lgbtq+,1891,LGBTQ+,Children & Young Adult > Young Adult Fiction > Romance > LGBTQ+
lgbtq+,1971,LGBTQ+,"Children & Young Adult > Young Adult Nonfiction > People, Society & History > Biography & Autobiography > LGBTQ+"
lgbtq+,2512,LGBTQ+,"Geography, Places & Travel > Travel > Special Interest > LGBTQ+"
lgbtq+,3239,LGBTQ+,Biography > LGBTQ+
lgbtq+,3631,LGBTQ+,History > Groups of people > LGBTQ+
lgbtq+,3892,LGBTQ+,Literature > Genres > Drama > LGBTQ+
lgbtq+,3976,LGBTQ+,Literature > Genres > Erotica > LGBTQ+
lgbtq+,4081,LGBTQ+,Literature > Genres > Romance > Identity & Relationship Forms > LGBTQ+
lgbtq+,4302,LGBTQ+,Literature > Genres > Literary Collections > LGBTQ+
lgbtq+,4344,LGBTQ+,Literature > Literary Criticism > Identity & Critical Perspectives > LGBTQ+
lgbtq+,4439,LGBTQ+,Literature > Genres > Poetry > LGBTQ+
lgbtq+,5453,LGBTQ+,Health & Medicine > Psychiatry > Psychotherapy > LGBTQ+ || Health & Medicine > Internal Medicine > Psychiatry > Psychotherapy > LGBTQ+ || Health & Medicine > Internal Medicine > Neuroscience & Neuropsychiatry > Psychiatry > Psychotherapy > LGBTQ+ || Health & Medicine > Psychiatry > Clinical Psychology > Psychotherapy > LGBTQ+ || Health & Medicine > Internal Medicine > Psychiatry > Clinical Psychology > Psychotherapy > LGBTQ+ || Health & Medicine > Internal Medicine > Neuroscience & Neuropsychiatry > Psychiatry > Clinical Psychology > Psychotherapy > LGBTQ+ || Social Sciences > Psychology > Applied > Clinical Psychology > Psychotherapy > LGBTQ+
liberal education,2286,Liberal Education,"Education > Students, Inclusion & Support > Education Support Topics > Liberal Education"
liberal education,8575,Liberal Education,"Education > Students, Inclusion & Support > Education Support Topics > Types of education > Liberal Education"
liberalism,11481,Liberalism,"Religion > Christianity > Christianity, Arts & Culture > Christianity & Other Subjects > Liberalism || Religion > Christianity > Christian History > Controversy, Dissent & Toleration > Liberalism"
liberalism,11822,Liberalism,Social Sciences > Politics & Government > Political Theory > Ideologies > Conservatism & Liberalism > Liberalism
library & information science,3771,Library & Information Science,Language > Library & Information Science
library & information science,4748,Library & Information Science,Reference & Information > Library & Archive Studies > Library & Information Science
libyan,3348,Libyan,History > By Region > African > North > Libyan
libyan,10488,Libyan,History > By Region > African > North > Maghrib. Barbary States > Libyan
liechtenstein,13483,Liechtenstein,Social Sciences > Politics & Government > Government & Administration > Local & Municipal Government > Europe > Liechtenstein
liechtenstein,52000,Liechtenstein,History > By Region > European > Central > Liechtenstein
life,4795,Life,Science & Nature > Biology > Life
life,6447,Life,"Arts & Media > Visual Arts > History, Theory & Education > Arts in general > Art Subjects > Life"
life,6562,Life,Philosophy > Metaphysics & Ontology > Ontology > Life
life stages,5242,Life Stages,Family & Relationships > Life Stages
life stages,54940,Life Stages,"Social Sciences > Family, Population & Migration > Family, Gender & Life Course > Life Stages"
"life, learning & work",5636,"Life, Learning & Work","Children & Young Adult > Young Adult Fiction > Life, Learning & Work"
"life, learning & work",5640,"Life, Learning & Work","Children & Young Adult > Juvenile Nonfiction > Life, Learning & Work"
"life, learning & work",5679,"Life, Learning & Work","Children & Young Adult > Young Adult Nonfiction > Life, Learning & Work"
lifestyles,947,Lifestyles,"Arts & Media > Photography & Imaging > Collections, Subjects & Reference > Subjects & Themes > Lifestyles"
lifestyles,1583,Lifestyles,"Children & Young Adult > Juvenile Nonfiction > Life, Learning & Work > Lifestyles"
lifestyles,1831,Lifestyles,"Children & Young Adult > Young Adult Fiction > Life, Learning & Work > Lifestyles"
light novel,625,Light Novel,Arts & Media > Comics & Graphic Novels > Manga > Light Novel || Literature > Genres > Literary Collections > Comics > Other National Comics > Manga > Light Novel
light novel,1763,Light Novel,"Children & Young Adult > Young Adult Fiction > Arts, Media & Story Forms > Comics & Graphic Novels > Light Novel"
lighting,206,Lighting,"Applied Sciences & Technology > Civil, Structural & Construction > Building construction > Lighting"
lighting,961,Lighting,"Arts & Media > Photography & Imaging > Photo Methods, Gear & Materials > Photography Techniques > Lighting || Arts & Media > Photography & Imaging > Photo Methods, Gear & Materials > Lighting"
limnology,4829,Limnology,Science & Nature > Earth & Environmental Sciences > Earth sciences > Limnology
limnology,7758,Limnology,"Geography, Places & Travel > Physical geography > Hydrology > Limnology || Science & Nature > Earth & Environmental Sciences > Physical geography > Hydrology > Limnology"
linguistics,3778,Linguistics,Language > Linguistics
linguistics,7297,Linguistics,Language > Linguistics > Language Structure & Meaning > Comparative Grammar & Linguistics > Linguistics
lists & catalogs,6773,Lists & Catalogs,"Reference & Information > Bibliographies, Catalogs & Indexes > Special-Audience Book Guides > Lists & Catalogs"
lists & catalogs,9084,Lists & Catalogs,"Reference & Information > Bibliographies, Catalogs & Indexes > Best books > Lists & Catalogs"
literary,613,Literary,Arts & Media > Comics & Graphic Novels > Literary
literary,1445,Literary,"Children & Young Adult > Juvenile Nonfiction > People, Society & History > Biography & Autobiography > Literary"
literary,1835,Literary,"Children & Young Adult > Young Adult Fiction > Arts, Media & Story Forms > Literary"
literary,1972,Literary,"Children & Young Adult > Young Adult Nonfiction > People, Society & History > Biography & Autobiography > Literary"
literary,2513,Literary,"Geography, Places & Travel > Travel > Special Interest > Literary"
literary,4027,Literary,Literature > Genres > Forms & Literary Traditions > Literary
literary,13669,Literary,Biography > Literary
literary criticism & collections,1587,Literary Criticism & Collections,"Children & Young Adult > Juvenile Nonfiction > Arts, Media & Literature > Literary Criticism & Collections"
literary criticism & collections,2068,Literary Criticism & Collections,"Children & Young Adult > Young Adult Nonfiction > Arts, Media & Literature > Literary Criticism & Collections"
literary curiosities,8244,Literary Curiosities,"Reference & Information > Bibliographies, Catalogs & Indexes > Special classes of books > Literary Curiosities"
literary curiosities,50828,Literary Curiosities,Literature > English > Literary Curiosities
literary history,4378,Literary History,Literature > Literary History
literary history,7450,Literary history,Literature > Classical > General > Literary history
literary translation,7819,Literary Translation,Literature > General Literary Studies > Authorship > Literary Translation
literary translation,13678,Literary Translation,Literature > Literary History > Literary Translation
literature,3763,Literature,Language > Languages & Language Families > Indo-European Languages > Indo-Iranian Languages > Literature
literature,3809,Literature,Language > Languages & Language Families > Afro-Asiatic languages > Oriental philology & literature > Literature
literature,3846,Literature,Literature
literature,5982,Literature,"Reference & Information > Bibliographies, Catalogs & Indexes > Subject bibliography > Humanities & Culture > Literature"
literature,6317,Literature,Language > Languages & Language Families > Indo-European Languages > Romance Languages > Raeto-Romance > Literature
literature,7610,Literature,Language > Languages & Language Families > Americas’ Indigenous Languages > Literature
literature,7752,Literature,Language > Languages & Language Families > Afro-Asiatic languages > Oriental philology & literature > Egyptology > Literature
literature,7753,Literature,Language > Languages & Language Families > Caucasian languages > Literature
literature,8434,Literature,Language > Languages & Language Families > Indo-European Languages > Celtic Languages > Literature
literature,8607,Literature,Language > Languages & Language Families > Indo-European Languages > Indo-Iranian Languages > Indo-Aryan languages > Literature
literature,11005,Literature,Social Sciences > Psychology > Research & Assessment > Writing & Communication > Literature
literature,13577,Literature,Arts & Media > Performing Arts > Film > Literature || Literature > General Literary Studies > Film > Literature
lithography,1045,Lithography,"Arts & Media > Visual Arts > Media, Techniques & Practices > Printmaking & prints > Print media > Lithography"
lithography,6548,Lithography,Biography > Lithography
lithuania,12186,Lithuania,Social Sciences > Politics & Government > By Region > Europe > Lithuania
lithuania,13499,Lithuania,Social Sciences > Politics & Government > Government & Administration > Local & Municipal Government > Europe > Lithuania
lithuanian,6284,Lithuanian,Literature > Slavic & Eurasian > Lithuanian
lithuanian,11221,Lithuanian,History > By Region > European > East > Lithuanian
lithuanian,13654,Lithuanian,Language > Languages & Language Families > Indo-European Languages > Baltic Languages > Lithuanian
local,3418,Local,History > By Region > North American > U.S. > Local
local,13624,Local,"History > By Region > European > South > Italian > By Period > Ancient Era, to 476 > Local"
local,13659,Local,History > By Region > European > West > British Isles > English > Local
local,13741,Local,History > By Region > European > South > Greek > Modern > Local
local,13746,Local,History > By Region > European > North > Norwegian > Local
local,13747,Local,History > By Region > European > North > Danish > Local
local,13749,Local,History > By Region > European > North > Swedish > Local
local,13751,Local,History > By Region > European > West > Benelux Countries > Belgian > Local
local,13761,Local,History > By Region > European > Central > Austrian > Local
local,13762,Local,History > By Region > European > Balkan Peninsula > Romanian > Local
local,13763,Local,History > By Region > European > Balkan Peninsula > Bulgarian > Local
local,13847,Local,History > By Region > European > South > Iberia > Spanish > Local
local,13851,Local,History > By Region > European > South > Italian > Local
local,13871,Local,History > By Region > European > West > Benelux Countries > Dutch > Local
local,13891,Local,History > By Region > European > South > Iberia > Portuguese > Local
local,13904,Local,History > By Region > European > Central > German > Local
local,13942,Local,History > By Region > European > North > Finnish > Local
local,13948,Local,History > By Region > European > East > Estonian > Local
local,13952,Local,History > By Region > European > East > Latvian > Local
local,13955,Local,History > By Region > European > East > Lithuanian > Local
local,13963,Local,History > By Region > European > East > Ukrainian > Local
local,13974,Local,History > By Region > Asian > Kazakh > Local
local,13976,Local,History > By Region > Asian > Kyrgyz > Local
local,13978,Local,History > By Region > Asian > Tajik > Local
local,13982,Local,History > By Region > Asian > Turkmen > Local
local,13984,Local,History > By Region > Asian > Uzbek > Local
local,13986,Local,History > By Region > Asian > Georgian > Local
local,13988,Local,History > By Region > Asian > Azerbaijani > Local
local,14003,Local,History > By Region > European > Central > Slovak > Local
local,14008,Local,History > By Region > European > Balkan Peninsula > Albanian > Local
local,14019,Local,History > By Region > European > North > Icelandic > Local
local,50839,Local,History > By Region > Asian > East > Chinese > Local
local,50842,Local,History > By Region > North American > Canadian > Local
local,50843,Local,History > By Region > European > East > Polish > Local
local,50845,Local,History > By Region > Asian > East > Korean > Local
local,50847,Local,History > By Region > Asian > South > Indian > Local
local,50848,Local,History > By Region > Asian > East > Japanese > Local
local,50860,Local,History > By Region > Middle Eastern > Iranian > Local
local,50868,Local,History > By Region > Middle Eastern > Local
local,50873,Local,History > By Region > Latin American > Brazilian > Local
local,51944,Local,History > By Region > European > South > Cypriot > Local
local,51955,Local,History > By Region > European > Balkan Peninsula > Slovenian > Local
local,51968,Local,History > By Region > European > Balkan Peninsula > Bosnia and Herzegovina > Local
local,51982,Local,History > By Region > European > Balkan Peninsula > North Macedonian > Local
local,51998,Local,History > By Region > European > South > Iberia > Andorran > Local
local,52005,Local,History > By Region > European > Central > Liechtenstein > Local
local,52294,Local,History > By Region > European > West > French > Local
local,52302,Local,History > By Region > African > North > Egyptian > Local || History > By Region > Middle Eastern > Egyptian > Local
local,54067,Local,History > By Region > African > Central > Francophone Equatorial Africa > Central African Republic > Local
local,54074,Local,History > By Region > African > Central > Francophone Equatorial Africa > Chad Tchad > Local
local,54081,Local,"History > By Region > African > Central > Francophone Equatorial Africa > Gabon Gaboon, Gabun > Local"
local,54089,Local,History > By Region > African > West > Burkina Faso. Upper Volta > Local
local,54096,Local,History > By Region > African > West > Gambian > Local
local,54103,Local,History > By Region > African > West > Guinean > Local
local,54111,Local,History > By Region > African > West > Mali > Local
local,54119,Local,History > By Region > African > West > Mauritania > Local
local,54127,Local,History > By Region > African > West > Nigerien > Local
local,54136,Local,History > By Region > African > West > Nigerian > Local
local,54144,Local,History > By Region > African > West > Senegalese > Local
local,54151,Local,History > By Region > African > West > Sierra Leonean > Local
local,54160,Local,History > By Region > Latin American > Dominican Republic > Local
local,54171,Local,History > By Region > Latin American > Haitian > Local
local,54178,Local,"History > By Region > African > West > French West Africa, Sahara & Sahel > Beninese > Local"
local,54186,Local,History > By Region > African > East > Kenyan > Local
local,54194,Local,History > By Region > African > East > Ugandan > Local
local,54199,Local,History > By Region > Latin American > Cuban > Local
local,54206,Local,History > By Region > Latin American > Jamaican > Local
local,54210,Local,History > By Region > European > Balkan Peninsula > Croatian > Local
local,54214,Local,History > By Region > European > Balkan Peninsula > Serbian > Local
local,54218,Local,History > By Region > Latin American > Guyanese > Local || History > By Region > The Americas > British America > Guyanese > Local || History > By Region > European > West > British Isles > British Empire & Commonwealth > British America > Guyanese > Local
local,54229,Local,History > By Region > European > Balkan Peninsula > Montenegrin > Local
local,54232,Local,History > By Region > Latin American > Surinamese > Local || History > By Region > The Americas > Dutch America > Surinamese > Local || History > By Region > European > West > Benelux Countries > Dutch > Dutch America > Surinamese > Local
local,54239,Local,History > By Region > African > West > Equatorial Guinean > Local
local,54245,Local,History > By Region > Latin American > Puerto Rican > Local
local,54251,Local,History > By Region > Latin American > French Guiana > Local || History > By Region > The Americas > French America > French Guiana > Local || History > By Region > European > West > French > French America > French Guiana > Local
local,54276,Local,History > By Region > African > North > Algerian > Local
local,54286,Local,History > By Region > African > East > Burundian > Local
local,54292,Local,"History > By Region > African > Central > Cameroon Cameroun, Kamerun > Local"
local,54304,Local,History > By Region > African > West > Liberian > Local
local,54314,Local,History > By Region > African > North > Libyan > Local
local,54324,Local,History > By Region > African > East > Rwanda. Ruanda-Urundi > Local
local,54333,Local,History > By Region > African > East > Somali & Somaliland > Local
local,54340,Local,History > By Region > African > East > Tanzania & German E. Africa Hist. > Local
local,54348,Local,History > By Region > African > West > Togo. Togoland > Local
local,54356,Local,History > By Region > African > Central > DR Congo > Local
local,54360,Local,History > By Region > Latin American > Bahamas > Local
local,54364,Local,History > By Region > Latin American > Belizean > Local
local,54369,Local,History > By Region > Latin American > Costa Rican > Local
local,54374,Local,History > By Region > Latin American > Guatemalan > Local
local,54379,Local,History > By Region > Latin American > Honduran > Local
local,54384,Local,History > By Region > Latin American > Nicaraguan > Local
local,54389,Local,History > By Region > Latin American > Panamanian > Local
local,54394,Local,History > By Region > Latin American > Salvadoran > Local
local,54399,Local,History > By Region > Latin American > Bolivian > Local
local,54408,Local,History > By Region > Latin American > Chilean > Local
local,54413,Local,History > By Region > Latin American > Peruvian > Local
local,54418,Local,History > By Region > Latin American > Venezuelan > Local
local,54422,Local,History > By Region > Asian > Southeast > Bruneian > Local
local,54427,Local,History > By Region > Asian > Southeast > Indonesian > Local
local,54431,Local,History > By Region > Asian > Southeast > Malaysian & Straits > Local
local,54436,Local,History > By Region > Asian > Southeast > Philippine > Local
local,54440,Local,History > By Region > Asian > Southeast > Singaporean > Local
local,54445,Local,History > By Region > Asian > Southeast > Thai > Local
local,54452,Local,History > By Region > European > East > Belarusian > Local
local,54466,Local,History > By Region > European > East > Moldovan > Local
local,54482,Local,History > By Region > Latin American > Colombian > Local
local,54487,Local,History > By Region > Latin American > Ecuadorian > Local
local,54492,Local,History > By Region > Latin American > Paraguayan > Local
local,54497,Local,History > By Region > Latin American > Uruguayan > Local
local,54504,Local,History > By Region > Latin American > Argentine > Local
local,54507,Local,History > By Region > Asian > Southeast > Timorese > Local
local,54516,Local,History > By Region > African > East > Eritrean > Local
local,54519,Local,History > By Region > Asian > Armenian > Local
local,54537,Local,History > By Region > African > Central > Angolan > Local || History > By Region > African > Southern > Angolan > Local
local,54544,Local,History > By Region > African > Southern > Botswana. Bechuanaland > Local
local,54550,Local,History > By Region > African > Southern > Lesotho. Basutoland > Local
local,54558,Local,History > By Region > African > Southern > Malawi. Nyasaland > Local
local,54567,Local,History > By Region > African > Southern > Mozambican > Local
local,54576,Local,History > By Region > African > Southern > Namibia. South-West Africa > Local
local,54588,Local,History > By Region > African > Southern > South African > Local
local,54596,Local,History > By Region > African > East > Sudan. Anglo-Egyptian Sudan > Local || History > By Region > African > North > Sudan. Anglo-Egyptian Sudan > Local
local,54605,Local,History > By Region > African > Southern > Zambia. Northern Rhodesia > Local
local,54615,Local,History > By Region > African > Southern > Zimbabwe. Southern Rhodesia > Local
local,54620,Local,History > By Region > Latin American > Mexican > Local || History > By Region > North American > Mexican > Local
local,54629,Local,History > By Region > Asian > Afghan > Local || History > By Region > Asian > South > Afghan > Local
local,54635,Local,History > By Region > Asian > South > Bangladesh. East Pakistan > Local
local,54650,Local,History > By Region > Middle Eastern > Jordan. Transjordan > Local
local,54657,Local,History > By Region > Middle Eastern > Lebanon Phenicia > Local
local,54662,Local,History > By Region > Asian > South > Pakistani > Local
local,54666,Local,History > By Region > European > West > British Isles > Scottish > Local
local,54669,Local,History > By Region > European > West > British Isles > Welsh > Local
local,54687,Local,History > By Region > European > Balkan Peninsula > Turkish > Local
local,54710,Local,History > By Region > European > West > British Isles > Irish > Local
local,54714,Local,History > By Region > Middle Eastern > Arabian Peninsula & Saudi Arabia > Local
local,54725,Local,History > By Region > Middle Eastern > Iraqi > Local
local,54730,Local,History > By Region > Middle Eastern > Israel & Palestine > Local
local,54734,Local,History > By Region > Middle Eastern > Syrian > Local
local,54740,Local,History > By Region > Oceanian > Australia & New Zealand > Australian > Local
local,54745,Local,History > By Region > Oceanian > Australia & New Zealand > New Zealand > Local
local,54751,Local,History > By Region > African > South Sudanese > Local
local,54755,Local,History > By Region > Asian > Mongolian > Local
local,54760,Local,History > By Region > Asian > Taiwanese > Local
local,54767,Local,History > By Region > Asian > South > Bhutanese > Local
local,54776,Local,History > By Region > Asian > South > Nepalese > Local
local,54784,Local,History > By Region > Asian > South > Sri Lankan > Local
local,54794,Local,History > By Region > Asian > Southeast > Vietnamese > Local
local,54809,Local,History > By Region > European > Central > Czechoslovak > Local
local,54813,Local,History > By Region > European > Central > Hungarian > Local
local,54816,Local,History > By Region > European > South > Maltese > Local
local,54822,Local,History > By Region > European > West > Benelux Countries > Luxembourg > Local
local,54830,Local,History > By Region > European > East > Russian > Local
local,54834,Local,History > By Region > European > Central > Swiss > Local
local,54857,Local,History > By Region > Asian > Southeast > Myanmar / Burma > Local
local,54864,Local,History > By Region > Asian > Southeast > Cambodian > Local
local,54872,Local,History > By Region > Asian > Southeast > Laotian > Local
location,7296,Location,Home & Hobbies > Home economics > The house > Location
location,9774,Location,Applied Sciences & Technology > Transportation > Transport & Communications > Land & Urban Transportation > Railways & Rapid Transit > Location
logic,267,Logic,Applied Sciences & Technology > Electrical & Electronic Engineering > Electronics > Circuits > Logic
logic,4951,Logic,Science & Nature > Mathematics > Mathematical Foundations > Logic
"long 19th century, 1815–1918",10470,"Long 19th Century, 1815–1918","History > By Region > European > Central > By Era > Long 19th Century, 1815–1918"
"long 19th century, 1815–1918",10622,"Long 19th Century, 1815–1918","History > By Region > European > East > Long 19th Century, 1815–1918"
longevity,2675,Longevity,Health & Medicine > Health & Fitness > Longevity
longevity,9857,Longevity,Science & Nature > Biology > Life > Longevity
love,9195,Love,"Arts & Media > Visual Arts > History, Theory & Education > Arts in general > Art Subjects > Love"
love,9800,Love,Philosophy > Metaphysics & Ontology > Ontology > Love
love,52356,Love,Literature > Literary Theory > Special Elements & Subjects > Love
low countries,13439,Low Countries,Biography > National biography > European Biographies > Low Countries
low countries,52893,Low Countries,Social Sciences > Politics & Government > International Relations > Colonization & Migration > Europe > Low Countries
macau,11896,Macau,Social Sciences > Politics & Government > By Region > Asia > East Asia > Macau
macau,52079,Macau,History > By Region > Asian > East > Chinese > Local > Macau
macedonian,12520,Macedonian,Literature > Slavic & Eurasian > Macedonian
macedonian,13648,Macedonian,Language > Languages & Language Families > Indo-European Languages > Slavic Languages > Macedonian
machinery & tools,1723,Machinery & Tools,"Children & Young Adult > Juvenile Nonfiction > Nature, Science & Technology > Technology > Machinery & Tools"
machinery & tools,2161,Machinery & Tools,"Children & Young Adult > Young Adult Nonfiction > Nature, Science & Technology > Technology > Machinery & Tools"
macintosh,93,Macintosh,Applied Sciences & Technology > Computing & IT > Computer Systems & Hardware > Hardware > Personal Computers > Macintosh
macintosh,156,Macintosh,Applied Sciences & Technology > Computing & IT > Programming > Macintosh
magic,1507,Magic,"Children & Young Adult > Juvenile Nonfiction > Recreation, Travel & Adventure > Games & Activities > Magic"
magic,4648,Magic,"Recreation > Magic, Juggling & Illusions > Magic"
magical realism,1837,Magical Realism,Children & Young Adult > Young Adult Fiction > Speculative & Supernatural > Fantasy > Magical Realism
magical realism,4028,Magical Realism,Literature > Genres > Fantasy > Magical Realism
maintenance & repair,207,Maintenance & repair,"Applied Sciences & Technology > Civil, Structural & Construction > Building construction > Maintenance & repair"
maintenance & repair,3139,Maintenance & Repair,"Home & Hobbies > House & Home > Maintenance, Repair & DIY > Maintenance & Repair"
maldives,11897,Maldives,Social Sciences > Politics & Government > By Region > Asia > Maldives
maldives,12117,Maldives,Social Sciences > Economics & Business > Economic history > Asian Economic History > Maldives
mammals,1125,Mammals,"Children & Young Adult > Juvenile Fiction > Animals, Nature & Environment > Animals > Mammals, Farm Animals & Pets > Mammals"
mammals,1417,Mammals,"Children & Young Adult > Juvenile Nonfiction > Nature, Science & Technology > Animals > Mammals, Farm Animals & Pets > Mammals"
mammals,4868,Mammals,Science & Nature > Biology > Life Sciences > Zoology > Mammals
mammals,4993,Mammals,Science & Nature > Nature & Natural History > Animals > Mammals
mammals,8709,Mammals,Science & Nature > Zoology > Chordates. Vertebrates > Mammals
"mammals, farm animals & pets",5772,"Mammals, Farm Animals & Pets","Children & Young Adult > Juvenile Fiction > Animals, Nature & Environment > Animals > Mammals, Farm Animals & Pets"
"mammals, farm animals & pets",5778,"Mammals, Farm Animals & Pets","Children & Young Adult > Juvenile Nonfiction > Nature, Science & Technology > Animals > Mammals, Farm Animals & Pets"
management information systems,134,Management Information Systems,Applied Sciences & Technology > Computing & IT > IT Applications & Management > Information Technology > Management Information Systems || Applied Sciences & Technology > Computing & IT > IT Applications & Management > Management Information Systems
management information systems,12552,Management Information Systems,Social Sciences > Economics & Business > Business Management > Management > Strategic Management > Management Information Systems
manga,614,Manga,Arts & Media > Comics & Graphic Novels > Manga || Literature > Genres > Literary Collections > Comics > Other National Comics > Manga
manga,1163,Manga,Children & Young Adult > Juvenile Fiction > Story Forms & Reading Formats > Comics & Graphic Novels > Manga
manga,1764,Manga,"Children & Young Adult > Young Adult Fiction > Arts, Media & Story Forms > Comics & Graphic Novels > Manga"
manuscripts,5967,Manuscripts,"Reference & Information > Bibliographies, Catalogs & Indexes > Subject bibliography > Reference, Libraries & Scholarship > Manuscripts"
manuscripts,7191,Manuscripts,"Arts & Media > Music > History, Culture & Criticism > Music History & Criticism > Music Research & Reference > Music Reference & Bibliography > Music Bibliography > Manuscripts"
manuscripts,9832,Manuscripts,"Arts & Media > Music > History, Culture & Criticism > Music History & Criticism > Music Research & Reference > Music Reference & Bibliography > Music Manuscripts > Manuscripts"
marine life,1741,Marine Life,"Children & Young Adult > Young Adult Fiction > Nature, Places & Travel > Animals > Marine Life"
marine life,1957,Marine Life,"Children & Young Adult > Young Adult Nonfiction > Nature, Science & Technology > Animals > Marine Life"
marine life,4994,Marine Life,Science & Nature > Nature & Natural History > Animals > Marine Life
marketing,5189,Marketing,Social Sciences > Economics & Business > Commerce > Business > Marketing || Social Sciences > Economics & Business > Marketing & Sales > Marketing
marketing,8122,Marketing,Reference & Information > Book Industry & Trade > Bookselling & publishing > Marketing
marriage & divorce,1195,Marriage & Divorce,Children & Young Adult > Juvenile Fiction > Kids’ Family Fiction > Marriage & Divorce
marriage & divorce,1494,Marriage & Divorce,"Children & Young Adult > Juvenile Nonfiction > People, Society & History > Family > Marriage & Divorce"
marriage & divorce,1786,Marriage & Divorce,"Children & Young Adult > Young Adult Fiction > History, Politics & Society > Family > Marriage & Divorce"
marriage & divorce,2006,Marriage & Divorce,Children & Young Adult > Young Adult Nonfiction > YA Family > Marriage & Divorce
marriage & divorce,3984,Marriage & Divorce,Literature > Genres > Family Life Fiction > Marriage & Divorce
masonry,244,Masonry,"Applied Sciences & Technology > Civil, Structural & Construction > Construction > Masonry"
masonry,3132,Masonry,"Home & Hobbies > House & Home > Maintenance, Repair & DIY > Do-It-Yourself > Masonry"
mathematics,1264,Mathematics,"Children & Young Adult > Juvenile Fiction > Learning, Work & Technology > Mathematics"
mathematics,1588,Mathematics,"Children & Young Adult > Juvenile Nonfiction > Recreation, Travel & Adventure > Mathematics"
mathematics,2069,Mathematics,"Children & Young Adult > Young Adult Nonfiction > Nature, Science & Technology > Mathematics"
mathematics,2308,Mathematics,Education > Teaching & Learning > Teaching > Subjects > Mathematics
mathematics,4916,Mathematics,Science & Nature > Mathematics
mathematics,6013,Mathematics,"Reference & Information > Bibliographies, Catalogs & Indexes > Subject bibliography > Natural Sciences & Mathematics > Mathematics"
mathematics,6365,Mathematics,Applied Sciences & Technology > Electrical & Electronic Engineering > Electrical Engineering > Electronics > Mathematics
maturing,1521,Maturing,"Children & Young Adult > Juvenile Nonfiction > Life, Learning & Work > Health & Daily Living > Maturing"
maturing,2026,Maturing,Children & Young Adult > Young Adult Nonfiction > YA Health & Daily Living > Maturing
mauritania,3352,Mauritania,History > By Region > African > West > Mauritania
mauritania,12177,Mauritania,Social Sciences > Economics & Business > Economic history > African Economic History > Mauritania
measurement,368,Measurement,Applied Sciences & Technology > Technology & Engineering > Measurement
measurement,4954,Measurement,Science & Nature > Mathematics > Applied & Computational Math > Measurement
media studies,1593,Media Studies,"Children & Young Adult > Juvenile Nonfiction > Arts, Media & Literature > Media Studies"
media studies,2072,Media Studies,"Children & Young Adult > Young Adult Nonfiction > Arts, Media & Literature > Media Studies"
media studies,5508,Media Studies,"Social Sciences > Sociology > Culture, Media & Belief > Media Studies"
media tie-in,628,Media Tie-In,Arts & Media > Comics & Graphic Novels > Manga > Media Tie-In || Literature > Genres > Literary Collections > Comics > Other National Comics > Manga > Media Tie-In
media tie-in,637,Media Tie-In,Arts & Media > Comics & Graphic Novels > Media Tie-In
media tie-in,1164,Media Tie-In,Children & Young Adult > Juvenile Fiction > Story Forms & Reading Formats > Comics & Graphic Novels > Media Tie-In
media tie-in,1265,Media Tie-In,Children & Young Adult > Juvenile Fiction > Story Forms & Reading Formats > Media Tie-In
media tie-in,1594,Media Tie-In,"Children & Young Adult > Juvenile Nonfiction > Arts, Media & Literature > Media Tie-In"
media tie-in,1765,Media Tie-In,"Children & Young Adult > Young Adult Fiction > Arts, Media & Story Forms > Comics & Graphic Novels > Media Tie-In"
media tie-in,1838,Media Tie-In,"Children & Young Adult > Young Adult Fiction > Arts, Media & Story Forms > Media Tie-In"
media tie-in,2073,Media Tie-In,"Children & Young Adult > Young Adult Nonfiction > Arts, Media & Literature > Media Tie-In"
media tie-in,2959,Media Tie-In,"Home & Hobbies > Cooking > History, People, Media & Reference > Media Tie-In"
media tie-in,4030,Media Tie-In,Literature > Genres > Forms & Literary Traditions > Media Tie-In
medical,3243,Medical,Biography > Medical
medical,4031,Medical,Literature > Genres > Medical
medical,4135,Medical,Literature > Genres > Thrillers > Medical
medical missions,2738,Medical Missions,Health & Medicine > Biomedical Foundations & Research > Medicine > Medical Missions
medical missions,8482,Medical Missions,Biography > Medical Missions
medical technology,2546,Medical Technology,Health & Medicine > Allied Health Services > Medical Technology
medical technology,2734,Medical technology,Health & Medicine > Biomedical Foundations & Research > Medicine > Medical technology
medicine,2725,Medicine,Health & Medicine > Biomedical Foundations & Research > Medicine
medicine,6021,Medicine,"Reference & Information > Bibliographies, Catalogs & Indexes > Subject bibliography > Medicine, Health & Disability > Medicine"
medicine,51131,Medicine,"History > By Region > North American > U.S. > By Period > Revolutionary Period, 1775–1800 > Medicine"
medieval,3608,Medieval,History > By Region > European > By Period > Medieval
medieval,8689,Medieval,History > Civilization > Medieval
medieval,10910,Medieval,"Body, Mind & Spirit > Occult & Esoteric Traditions > Occult sciences > Witchcraft > Witchcraft by Era > Medieval"
medieval & modern,7287,Medieval & modern,"Education > Policy, Philosophy & History > History of education > Education History by Era > Medieval & modern"
medieval & modern,13690,Medieval & Modern,History > Eras > Medieval & Modern
medieval philosophy,4509,Medieval Philosophy,"Philosophy > History, Traditions & Regions > Historical Periods > Medieval Philosophy"
medieval philosophy,9891,Medieval Philosophy,"Philosophy > History, Traditions & Regions > Medieval Philosophy"
mediterranean region,13362,Mediterranean Region,Social Sciences > Anthropology > Folklore > Regional Folklore > Mediterranean Region
mediterranean region,13383,Mediterranean Region,Social Sciences > Military Studies > Land Forces > Army Organization & Status > Armies by Country > European Armies > Mediterranean Region
memory,7341,Memory,"Arts & Media > Visual Arts > History, Theory & Education > Arts in general > Art Subjects > Memory"
memory,10805,Memory,Social Sciences > Psychology > Cognition > Memory
memory,11072,Memory,Philosophy > Epistemology & Knowledge > Memory
mental & emotional wellbeing,5823,Mental & Emotional Wellbeing,"Children & Young Adult > Young Adult Fiction > History, Politics & Society > Social Themes > Mental & Emotional Wellbeing"
mental & emotional wellbeing,5891,Mental & Emotional Wellbeing,"Children & Young Adult > Juvenile Nonfiction > People, Society & History > Social Topics > Mental & Emotional Wellbeing || Children & Young Adult > Young Adult Nonfiction > People, Society & History > Social Topics > Mental & Emotional Wellbeing"
mental health,1207,Mental Health,"Children & Young Adult > Juvenile Fiction > Health, Sports & Daily Living > Health & Daily Living > Mental Health"
mental health,1522,Mental Health,"Children & Young Adult > Juvenile Nonfiction > Life, Learning & Work > Health & Daily Living > Mental Health"
mental health,2027,Mental Health,Children & Young Adult > Young Adult Nonfiction > YA Health & Daily Living > Mental Health
mental health,2740,Mental Health,Health & Medicine > Mental Health || Health & Medicine > Health & Fitness > Mental Health
mental health,5412,Mental Health,Health & Medicine > Psychiatry > Clinical Psychology > Mental Health || Health & Medicine > Internal Medicine > Psychiatry > Clinical Psychology > Mental Health || Health & Medicine > Internal Medicine > Neuroscience & Neuropsychiatry > Psychiatry > Clinical Psychology > Mental Health || Social Sciences > Psychology > Applied > Clinical Psychology > Mental Health
metals,8222,Metals,"Arts & Media > Visual Arts > Media, Techniques & Practices > Sculpture & Applied Arts > Sculpture > Special materials > Metals"
metals,10040,Metals,Science & Nature > Chemistry > Inorganic chemistry > Metals
metalworking,353,Metalworking,Applied Sciences & Technology > Industrial Production > Metalworking
metalworking,3071,Metalworking,Home & Hobbies > Crafts & Hobbies > Mixed Media Crafts & Reference > Arts & Crafts > Metalworking
metamorphosis,6404,Metamorphosis,"Arts & Media > Visual Arts > History, Theory & Education > Arts in general > Art Subjects > Metamorphosis"
metamorphosis,6819,Metamorphosis,Science & Nature > Zoology > Embryology > Metamorphosis
methods,5509,Methods,Social Sciences > Methods & Reference > Methods
methods,10451,Methods,History > Methods
methods of study,7047,Methods of study,Education > Teaching & Learning > Education Theory & Practice > Higher education > Methods of study
methods of study,7117,Methods of study,Education > Teaching & Learning > Education Theory & Practice > Primary Education > Methods of study
mexican,3013,Mexican,Home & Hobbies > Cooking > Regional & Ethnic > American Cooking > Mexican
mexican,3391,Mexican,History > By Region > Latin American > Mexican || History > By Region > North American > Mexican
mexican,4205,Mexican,Literature > American & Caribbean > Mexican
microbiology,2741,Microbiology,Health & Medicine > Biomedical Foundations & Research > Microbiology
microbiology,4857,Microbiology,Science & Nature > Biology > Life Sciences > Microbiology
microbiology,4975,Microbiology,Science & Nature > Microbiology
microelectronics,270,Microelectronics,Applied Sciences & Technology > Electrical & Electronic Engineering > Electronics > Microelectronics
microelectronics,8527,Microelectronics,Applied Sciences & Technology > Electrical & Electronic Engineering > Electrical Engineering > Electronics > Microelectronics
micronesia,3680,Micronesia,History > By Region > Oceanian > Micronesia
micronesia,12124,Micronesia,"Social Sciences > Economics & Business > Economic history > Australia, New Zealand & Pacific > Micronesia"
microsoft,57,Microsoft,"Applied Sciences & Technology > Computing & IT > Learning, Reference & Society > Certification Guides > Microsoft"
microsoft,157,Microsoft,Applied Sciences & Technology > Computing & IT > Programming > Microsoft
middle age,11037,Middle age,Social Sciences > Psychology > Developmental > Adulthood > Middle age
middle age,52787,Middle Age,"Social Sciences > Sociology > Population & Life Course > Aging & Gerontology > Middle Age || Social Sciences > Family, Population & Migration > Family, Gender & Life Course > Life Stages > Aging & Gerontology > Middle Age"
middle atlantic,2526,Middle Atlantic,"Geography, Places & Travel > Travel > U.S. Travel > Northeast > Middle Atlantic"
middle atlantic,3419,Middle Atlantic,History > By Region > North American > U.S. > Local > Middle Atlantic
middle eastern,1030,Middle Eastern,Arts & Media > Visual Arts > Art by Region & Culture > Middle Eastern
middle eastern,3014,Middle Eastern,Home & Hobbies > Cooking > Regional & Ethnic > Middle Eastern & Mediterranean > Middle Eastern
middle eastern,3633,Middle Eastern,History > By Region > Middle Eastern
middle eastern,3894,Middle Eastern,Literature > Genres > Drama > Middle Eastern
middle eastern,4305,Middle Eastern,Literature > Genres > Literary Collections > Middle Eastern
middle eastern,4346,Middle Eastern,Literature > Literary Criticism > Regions & Literary Traditions > Middle Eastern
middle eastern,4441,Middle Eastern,Literature > Genres > Poetry > Middle Eastern
middle eastern & arab american,1286,Middle Eastern & Arab American,Children & Young Adult > Juvenile Fiction > Kids’ People & Places Fiction > Children’s U.S. Fiction > Middle Eastern & Arab American
middle eastern & arab american,1621,Middle Eastern & Arab American,"Children & Young Adult > Juvenile Nonfiction > People, Society & History > People & Places > Kids’ U.S. People & Places > Middle Eastern & Arab American"
middle eastern & arab american,1861,Middle Eastern & Arab American,"Children & Young Adult > Young Adult Fiction > History, Politics & Society > People & Places > YA U.S. Fiction > Middle Eastern & Arab American"
middle eastern & arab american,2096,Middle Eastern & Arab American,"Children & Young Adult > Young Adult Nonfiction > People, Society & History > People & Places > YA U.S. People & Places > Middle Eastern & Arab American"
middle iranian languages,3764,Middle Iranian languages,Language > Languages & Language Families > Indo-European Languages > Indo-Iranian Languages > Middle Iranian languages
middle iranian languages,8796,Middle Iranian languages,Language > Languages & Language Families > Indo-European Languages > Indo-Iranian Languages > Iranian Philology & Literature > Middle Iranian languages
midwest,2522,Midwest,"Geography, Places & Travel > Travel > U.S. Travel > Midwest"
midwest,3420,Midwest,History > By Region > North American > U.S. > Local > Midwest
military,3640,Military,History > Military
military,10203,Military,History > By Region > African > Military
military,10235,Military,History > Eras > Modern > 19th Century > Later 19th Century > Military
military,10250,Military,History > Eras > Modern > 19th Century > Military
military,10256,Military,History > Eras > Modern > 20th Century > Post-war 1945- > 1989- > Military
military,10494,Military,History > By Region > North American > Military
military,11775,Military,Social Sciences > Politics & Government > Public Policy & Civil Society > Public Policy > Military
military & naval,7892,Military & naval,History > By Region > Oceanian > Military & naval
military & naval,9765,Military & Naval,History > By Region > North American > U.S. > Military & Naval
military & naval,10163,Military & naval,History > By Region > Middle Eastern > Arab countries > Military & naval
military & naval,10552,Military & naval,History > By Region > Middle Eastern > Military & naval
military & naval,10686,Military & Naval,History > By Region > Asian > East > Korean > Military & Naval
military & naval,10751,Military & naval,History > By Region > European > By Period > Medieval > Military & naval
military & naval,12628,Military & Naval,History > By Region > European > East > Russian > General & Soviet Era > Military & Naval
military & naval,50862,Military & Naval,History > By Region > European > West > British Isles > English > Military & Naval
military & naval,51896,Military & Naval,History > By Region > European > East > Belarusian > Military & Naval
military & naval,51905,Military & Naval,History > By Region > European > South > Maltese > Military & Naval
military & naval,51916,Military & Naval,History > By Region > European > East > Moldovan > Military & Naval
military & naval,52298,Military & Naval,History > By Region > African > North > Egyptian > Military & Naval || History > By Region > Middle Eastern > Egyptian > Military & Naval
military & naval,52317,Military & Naval,History > By Region > European > South > Greek > Modern > Military & Naval
military & naval,54058,Military & Naval,History > By Region > European > North > Swedish > Military & Naval
military & naval,54113,Military & Naval,History > By Region > African > West > Mauritania > Military & Naval
military & naval,54129,Military & Naval,History > By Region > African > West > Nigerian > Military & Naval
military & naval,54138,Military & Naval,History > By Region > African > West > Senegalese > Military & Naval
military & naval,54153,Military & Naval,History > By Region > Latin American > Dominican Republic > Military & Naval
military & naval,54162,Military & Naval,History > By Region > Latin American > Haitian > Military & Naval
military & naval,54196,Military & Naval,History > By Region > Latin American > Cuban > Military & Naval
military & naval,54208,Military & Naval,History > By Region > European > Balkan Peninsula > Croatian > Military & Naval
military & naval,54212,Military & Naval,History > By Region > European > Balkan Peninsula > Serbian > Military & Naval
military & naval,54220,Military & Naval,History > By Region > European > Balkan Peninsula > Montenegrin > Military & Naval
military & naval,54255,Military & Naval,History > By Region > European > Balkan Peninsula > Slovenian > Military & Naval
military & naval,54259,Military & Naval,History > By Region > European > Balkan Peninsula > Bosnia and Herzegovina > Military & Naval
military & naval,54263,Military & Naval,History > By Region > European > Balkan Peninsula > North Macedonian > Military & Naval
military & naval,54366,Military & Naval,History > By Region > Latin American > Costa Rican > Military & Naval
military & naval,54371,Military & Naval,History > By Region > Latin American > Guatemalan > Military & Naval
military & naval,54376,Military & Naval,History > By Region > Latin American > Honduran > Military & Naval
military & naval,54381,Military & Naval,History > By Region > Latin American > Nicaraguan > Military & Naval
military & naval,54386,Military & Naval,History > By Region > Latin American > Panamanian > Military & Naval
military & naval,54391,Military & Naval,History > By Region > Latin American > Salvadoran > Military & Naval
military & naval,54396,Military & Naval,History > By Region > Latin American > Bolivian > Military & Naval
military & naval,54401,Military & Naval,History > By Region > Latin American > Brazilian > Military & Naval
military & naval,54405,Military & Naval,History > By Region > Latin American > Chilean > Military & Naval
military & naval,54410,Military & Naval,History > By Region > Latin American > Peruvian > Military & Naval
military & naval,54415,Military & Naval,History > By Region > Latin American > Venezuelan > Military & Naval
military & naval,54424,Military & Naval,History > By Region > Asian > Southeast > Indonesian > Military & Naval
military & naval,54433,Military & Naval,History > By Region > Asian > Southeast > Philippine > Military & Naval
military & naval,54442,Military & Naval,History > By Region > Asian > Southeast > Thai > Military & Naval
military & naval,54447,Military & Naval,History > By Region > Asian > Azerbaijani > Military & Naval
military & naval,54454,Military & Naval,History > By Region > Asian > Georgian > Military & Naval
military & naval,54458,Military & Naval,History > By Region > Asian > Kazakh > Military & Naval
military & naval,54472,Military & Naval,History > By Region > Asian > Uzbek > Military & Naval
military & naval,54479,Military & Naval,History > By Region > Latin American > Colombian > Military & Naval
military & naval,54484,Military & Naval,History > By Region > Latin American > Ecuadorian > Military & Naval
military & naval,54489,Military & Naval,History > By Region > Latin American > Paraguayan > Military & Naval
military & naval,54494,Military & Naval,History > By Region > Latin American > Uruguayan > Military & Naval
military & naval,54499,Military & Naval,History > By Region > Latin American > Argentine > Military & Naval
military & naval,54521,Military & Naval,History > By Region > European > East > Estonian > Military & Naval
military & naval,54524,Military & Naval,History > By Region > European > East > Latvian > Military & Naval
military & naval,54527,Military & Naval,History > By Region > European > East > Lithuanian > Military & Naval
military & naval,54578,Military & Naval,History > By Region > African > Southern > South African > Military & Naval
military & naval,54590,Military & Naval,History > By Region > African > East > Sudan. Anglo-Egyptian Sudan > Military & Naval || History > By Region > African > North > Sudan. Anglo-Egyptian Sudan > Military & Naval
military & naval,54617,Military & Naval,History > By Region > Latin American > Mexican > Military & Naval || History > By Region > North American > Mexican > Military & Naval
military & naval,54622,Military & Naval,History > By Region > North American > Canadian > Military & Naval
military & naval,54626,Military & Naval,History > By Region > Asian > Afghan > Military & Naval || History > By Region > Asian > South > Afghan > Military & Naval
military & naval,54637,Military & Naval,History > By Region > Asian > East > Chinese > Military & Naval
military & naval,54640,Military & Naval,History > By Region > Asian > South > Indian > Military & Naval
military & naval,54643,Military & Naval,History > By Region > Asian > East > Japanese > Military & Naval
military & naval,54647,Military & Naval,History > By Region > Middle Eastern > Jordan. Transjordan > Military & Naval
military & naval,54654,Military & Naval,History > By Region > Middle Eastern > Lebanon Phenicia > Military & Naval
military & naval,54659,Military & Naval,History > By Region > Asian > South > Pakistani > Military & Naval
military & naval,54664,Military & Naval,History > By Region > European > West > British Isles > Scottish > Military & Naval
military & naval,54671,Military & Naval,History > By Region > European > Central > Slovak > Military & Naval
military & naval,54675,Military & Naval,History > By Region > European > Balkan Peninsula > Albanian > Military & Naval
military & naval,54678,Military & Naval,History > By Region > European > Balkan Peninsula > Bulgarian > Military & Naval
military & naval,54681,Military & Naval,History > By Region > European > Balkan Peninsula > Romanian > Military & Naval
military & naval,54684,Military & Naval,History > By Region > European > Balkan Peninsula > Turkish > Military & Naval
military & naval,54697,Military & Naval,History > By Region > European > North > Danish > Military & Naval
military & naval,54700,Military & Naval,History > By Region > European > North > Finnish > Military & Naval
military & naval,54705,Military & Naval,History > By Region > European > North > Norwegian > Military & Naval
military & naval,54708,Military & Naval,History > By Region > European > West > British Isles > Irish > Military & Naval
military & naval,54718,Military & Naval,History > By Region > Middle Eastern > Iranian > Military & Naval
military & naval,54722,Military & Naval,History > By Region > Middle Eastern > Iraqi > Military & Naval
military & naval,54727,Military & Naval,History > By Region > Middle Eastern > Israel & Palestine > Military & Naval
military & naval,54737,Military & Naval,History > By Region > Oceanian > Australia & New Zealand > Australian > Military & Naval
military & naval,54742,Military & Naval,History > By Region > Oceanian > Australia & New Zealand > New Zealand > Military & Naval
military & naval,54747,Military & Naval,History > By Region > African > South Sudanese > Military & Naval
military & naval,54757,Military & Naval,History > By Region > Asian > Taiwanese > Military & Naval
military & naval,54769,Military & Naval,History > By Region > Asian > South > Nepalese > Military & Naval
military & naval,54778,Military & Naval,History > By Region > Asian > South > Sri Lankan > Military & Naval
military & naval,54786,Military & Naval,History > By Region > Asian > Southeast > Vietnamese > Military & Naval
military & naval,54796,Military & Naval,History > By Region > European > West > French > Military & Naval
military & naval,54799,Military & Naval,History > By Region > European > Central > German > Military & Naval
military & naval,54803,Military & Naval,History > By Region > European > Central > Austrian > Military & Naval
military & naval,54807,Military & Naval,History > By Region > European > Central > Czechoslovak > Military & Naval
military & naval,54811,Military & Naval,History > By Region > European > Central > Hungarian > Military & Naval
military & naval,54818,Military & Naval,History > By Region > European > West > Benelux Countries > Belgian > Military & Naval
military & naval,54824,Military & Naval,History > By Region > European > West > Benelux Countries > Dutch > Military & Naval
military & naval,54828,Military & Naval,History > By Region > European > East > Russian > Military & Naval
military & naval,54832,Military & Naval,History > By Region > European > Central > Swiss > Military & Naval
military & naval,54839,Military & Naval,History > By Region > European > East > Polish > Military & Naval
military & naval,54842,Military & Naval,History > By Region > European > South > Iberia > Portuguese > Military & Naval
military & naval,54845,Military & Naval,History > By Region > European > South > Iberia > Spanish > Military & Naval
military & naval,54849,Military & Naval,History > By Region > Asian > Southeast > Myanmar / Burma > Military & Naval
military & wars,1221,Military & Wars,"Children & Young Adult > Juvenile Fiction > History, Biography & Society > Children’s Historical Fiction > Military & Wars"
military & wars,1544,Military & Wars,"Children & Young Adult > Juvenile Nonfiction > People, Society & History > Children’s History > Military & Wars"
military & wars,1812,Military & Wars,"Children & Young Adult > Young Adult Fiction > History, Politics & Society > YA Historical Fiction > Military & Wars"
military & wars,2045,Military & Wars,"Children & Young Adult > Young Adult Nonfiction > People, Society & History > YA History > Military & Wars"
military operations,9308,Military operations,History > Eras > Modern > 20th Century > World War I > Military operations || History > Military > World Wars > World War I > Military operations
military operations,10469,Military Operations,History > Eras > Modern > 20th Century > World War II > Military Operations || History > Military > World Wars > World War II > Military Operations
military science,394,Military Science,Applied Sciences & Technology > Defense & Military Technology > Military Science
military science,6062,Military Science,"Reference & Information > Bibliographies, Catalogs & Indexes > Subject bibliography > Transport & Infrastructure > Military Science"
mindfulness & meditation,1523,Mindfulness & Meditation,"Children & Young Adult > Juvenile Nonfiction > Life, Learning & Work > Health & Daily Living > Mindfulness & Meditation"
mindfulness & meditation,2028,Mindfulness & Meditation,Children & Young Adult > Young Adult Nonfiction > YA Health & Daily Living > Mindfulness & Meditation
mindfulness & meditation,3289,Mindfulness & Meditation,"Body, Mind & Spirit > Spiritual Practices & Growth > Mindfulness & Meditation"
mineralogy,4830,Mineralogy,Science & Nature > Earth & Environmental Sciences > Earth sciences > Mineralogy
mineralogy,4906,Mineralogy,Science & Nature > Geology > Mineralogy
mineralogy,8305,Mineralogy,Biography > Mineralogy
mining,395,Mining,Applied Sciences & Technology > Mining
mining,6070,Mining,"Reference & Information > Bibliographies, Catalogs & Indexes > Subject bibliography > Industry & Materials > Mining"
minor works,8255,Minor works,"Reference & Information > Books, Writing & Paleography > Book History > Minor works"
minor works,8284,Minor works,Education > Teaching & Learning > Education Theory & Practice > Teaching Principles & Practice > Minor works
miscellany & curiosa,7107,Miscellany & curiosa,Science & Nature > Human Physiology > Animal biochemistry > Miscellany & curiosa || Health & Medicine > Biomedical Foundations & Research > Human Physiology > Animal biochemistry > Miscellany & curiosa
miscellany & curiosa,9664,Miscellany & curiosa,Science & Nature > Biology > Evolution > Miscellany & curiosa
miscellany & curiosa,13524,Miscellany & curiosa,Science & Nature > Miscellany & curiosa
missions,4575,Missions,Religion > Christianity > Christian Ministry > Missions
missions,11585,Missions,Religion > Christianity > Christian Ministry > Practical Theology > Missions
modeling,7606,Modeling,"Arts & Media > Visual Arts > Media, Techniques & Practices > Sculpture & Applied Arts > Sculpture > Designs & technique > Modeling"
modeling,9227,Modeling,"Arts & Media > Architecture > Architecture Theory & Practice > Architectural Design & Drawing > Modeling || Applied Sciences & Technology > Civil, Structural & Construction > Architecture > Architecture Theory & Practice > Architectural Design & Drawing > Modeling"
modeling,9779,Modeling,"Geography, Places & Travel > Mathematical Geography & Cartography > Cartography > Modeling"
models,3083,Models,"Home & Hobbies > Crafts & Hobbies > Models, Dolls & Toymaking > Models"
models,7665,Models,Applied Sciences & Technology > Transportation > Vehicle & Aerospace Engineering > Aeronautical Engineering > Models
models,9921,Models,Applied Sciences & Technology > Transportation > Vehicle & Aerospace Engineering > Motor vehicles. Cycles > Models
modern,3568,Modern,History > By Region > European > South > Greek > Modern
modern,3666,Modern,History > Eras > Modern
modern,4241,Modern,Literature > Romance > France > Modern
modern,8502,Modern,History > Civilization > Modern
modern,54929,Modern,History > Groups of people > Indigenous Peoples > Modern
modern philosophy,4510,Modern Philosophy,"Philosophy > History, Traditions & Regions > Historical Periods > Modern Philosophy"
modern philosophy,7622,Modern Philosophy,"Philosophy > History, Traditions & Regions > Modern Philosophy"
moldova,11612,Moldova,Social Sciences > Politics & Government > By Region > Europe > Moldova
moldova,13494,Moldova,Social Sciences > Politics & Government > Government & Administration > Local & Municipal Government > Europe > Moldova
molecular biology,4858,Molecular Biology,Science & Nature > Biology > Life Sciences > Molecular & Cellular Biology > Molecular Biology
molecular biology,6239,Molecular biology,Science & Nature > Biology > Life > Molecular biology
monaco,12029,Monaco,Social Sciences > Economics & Business > Economic history > European Economic History > Monaco
monaco,13419,Monaco,Biography > National biography > European Biographies > Monaco
monaco,13459,Monaco,Social Sciences > Anthropology > Folklore > Regional Folklore > European Folklore > Monaco
monaco,52007,Monaco,History > By Region > European > South > Monaco
money,1176,Money,"Children & Young Adult > Juvenile Fiction > Learning, Work & Technology > Concepts > Money"
money,1477,Money,"Children & Young Adult > Juvenile Nonfiction > Life, Learning & Work > Concepts > Money"
monographs,585,Monographs,"Arts & Media > Architecture > Education, Reference & Collections > Individual Architects & Firms > Monographs || Applied Sciences & Technology > Civil, Structural & Construction > Architecture > Education, Reference & Collections > Individual Architects & Firms > Monographs"
monographs,931,Monographs,Arts & Media > Photography & Imaging > Individual Photographers > Monographs
monographs,1028,Monographs,Arts & Media > Visual Arts > Artists & Art Institutions > Individual Artists > Monographs
monsters,1840,Monsters,Children & Young Adult > Young Adult Fiction > Speculative & Supernatural > YA Supernatural Fiction > Monsters
monsters,9268,Monsters,"Arts & Media > Visual Arts > History, Theory & Education > Arts in general > Art Subjects > Monsters"
morphology,3781,Morphology,Language > Linguistics > Language Structure & Meaning > Morphology
morphology,5054,Morphology,Science & Nature > Zoology > Morphology
morphology,9898,Morphology,Science & Nature > Microbiology > Bacteria > Morphology
motion pictures about the war,6793,Motion pictures about the war,History > Eras > Modern > 20th Century > World War I > Motion pictures about the war || History > Military > World Wars > World War I > Motion pictures about the war
motion pictures about the war,10444,Motion pictures about the war,History > Eras > Modern > 20th Century > World War II > Motion pictures about the war || History > Military > World Wars > World War II > Motion pictures about the war
motion pictures about the war,10542,Motion pictures about the war,History > By Region > North American > U.S. > Motion pictures about the war
motivation,5413,Motivation,Social Sciences > Psychology > Motivation
motivation,8758,Motivation,Social Sciences > Psychology > Animal & Comparative > Human–Animal Psychology > Motivation
motorcycles,474,Motorcycles,Applied Sciences & Technology > Transportation > Motorcycles
motorcycles,1730,Motorcycles,"Children & Young Adult > Juvenile Nonfiction > Recreation, Travel & Adventure > Transportation > Motorcycles"
motorcycles,6911,Motorcycles,Applied Sciences & Technology > Transportation > Transport & Communications > Land & Urban Transportation > Automotive transportation > Motorcycles
mountain railways,9465,Mountain railways,"Applied Sciences & Technology > Transportation > Railway Engineering & Operation > Local & light railways > Mountain railways || Applied Sciences & Technology > Civil, Structural & Construction > Railway Engineering & Operation > Local & light railways > Mountain railways"
mountain railways,9877,Mountain railways,Applied Sciences & Technology > Transportation > Transport & Communications > Land & Urban Transportation > Railways & Rapid Transit > Mountain railways
multicultural & interracial,1892,Multicultural & Interracial,Children & Young Adult > Young Adult Fiction > Romance > Multicultural & Interracial
multicultural & interracial,4089,Multicultural & Interracial,Literature > Genres > Romance > Identity & Relationship Forms > Multicultural & Interracial
multigenerational,1196,Multigenerational,Children & Young Adult > Juvenile Fiction > Kids’ Family Fiction > Multigenerational
multigenerational,1495,Multigenerational,"Children & Young Adult > Juvenile Nonfiction > People, Society & History > Family > Multigenerational"
multigenerational,1787,Multigenerational,"Children & Young Adult > Young Adult Fiction > History, Politics & Society > Family > Multigenerational"
multigenerational,2007,Multigenerational,Children & Young Adult > Young Adult Nonfiction > YA Family > Multigenerational
museum studies,1031,Museum Studies,"Arts & Media > Visual Arts > Artists & Art Institutions > Collections, Catalogs, Exhibitions > Museum Studies"
museum studies,4755,Museum Studies,Reference & Information > Museums & Collecting > Museum Studies
museums,6421,Museums,Reference & Information > Library & Archive Studies > Diplomatics. Archives. Seals > Seals > Museums
museums,6608,Museums,Arts & Media > Design & Decorative Arts > Decorative Arts > Furniture > Museums
museums,8626,Museums,Arts & Media > Design & Decorative Arts > Decorative Arts > Tapestries > Museums
museums & exhibitions,8517,Museums & Exhibitions,History > Eras > Modern > 20th Century > World War I > Museums & Exhibitions || History > Military > World Wars > World War I > Museums & Exhibitions
museums & exhibitions,12850,Museums & Exhibitions,Social Sciences > Archaeology > Prehistoric > Museums & Exhibitions || Social Sciences > Anthropology > Archaeology > Prehistoric > Museums & Exhibitions
music,720,Music,Arts & Media > Music
music,1292,Music,"Children & Young Adult > Juvenile Fiction > Arts, Culture & Imagination > Performing Arts > Music"
music,1446,Music,"Children & Young Adult > Juvenile Nonfiction > People, Society & History > Biography & Autobiography > Music"
music,1595,Music,"Children & Young Adult > Juvenile Nonfiction > Arts, Media & Literature > Music"
music,1866,Music,"Children & Young Adult > Young Adult Fiction > Arts, Media & Story Forms > Performing Arts > Music"
music,1973,Music,"Children & Young Adult > Young Adult Nonfiction > People, Society & History > Biography & Autobiography > Music"
music,2074,Music,"Children & Young Adult > Young Adult Nonfiction > Arts, Media & Literature > Music"
music,3245,Music,Biography > Music
muslim,845,Muslim,"Arts & Media > Music > History, Culture & Criticism > Religion & Music > Muslim"
muslim,1327,Muslim,"Children & Young Adult > Juvenile Fiction > History, Biography & Society > Children’s Religious Fiction > Muslim"
muslim,1886,Muslim,Children & Young Adult > Young Adult Fiction > YA Religious Fiction > Muslim
muslim,4033,Muslim,Literature > Genres > Religious Fiction > Muslim
mysteries & detective stories,1319,Mysteries & Detective Stories,"Children & Young Adult > Juvenile Fiction > History, Biography & Society > Children’s Religious Fiction > Christian > Mysteries & Detective Stories"
mysteries & detective stories,1841,Mysteries & Detective Stories,"Children & Young Adult > Young Adult Fiction > Mystery, Crime & Suspense > Mysteries & Detective Stories"
mysteries & detective stories,1880,Mysteries & Detective Stories,Children & Young Adult > Young Adult Fiction > YA Religious Fiction > Christian > Mysteries & Detective Stories
mystery & detective,1165,Mystery & Detective,Children & Young Adult > Juvenile Fiction > Story Forms & Reading Formats > Comics & Graphic Novels > Mystery & Detective
mystery & detective,1766,Mystery & Detective,"Children & Young Adult > Young Adult Fiction > Arts, Media & Story Forms > Comics & Graphic Novels > Mystery & Detective"
mystery & detective,3940,Mystery & Detective,Literature > Genres > Cultural Heritage Fiction > African American & Black > Mystery & Detective
mystery & detective,4034,Mystery & Detective,Literature > Genres > Mystery & Detective
mystery & detective,4354,Mystery & Detective,Literature > General Literary Studies > Prose > Mystery & Detective || Literature > Literary Criticism > Genres & Forms > Mystery & Detective
mysticism,3290,Mysticism,"Body, Mind & Spirit > Spiritual Practices & Growth > Mysticism"
mysticism,12507,Mysticism,Religion > Christianity > Christian Ministry > Practical Theology > Christian Life & Devotion > Mysticism
mythology,7679,Mythology,"Arts & Media > Visual Arts > History, Theory & Education > Arts in general > Art Subjects > Mythology"
mythology,11636,Mythology,Religion > Religious Studies > Mythology
mythology,52386,Mythology,Literature > Literary Theory > Special Elements & Subjects > Mythology
"myths, heroes & legends",7381,"Myths, Heroes & Legends","Arts & Media > Visual Arts > Art Themes & Movements > Special subjects of art > Myths, Heroes & Legends"
"myths, heroes & legends",8443,"Myths, Heroes & Legends","Arts & Media > Visual Arts > Media, Techniques & Practices > Sculpture & Applied Arts > Sculpture > Sculpture Subjects > Myths, Heroes & Legends"
"national awakening, 1800–1918",10357,"National Awakening, 1800–1918","History > By Region > European > Central > Slovak > By Period > National Awakening, 1800–1918"
"national awakening, 1800–1918",11350,"National Awakening, 1800–1918","History > By Region > European > East > Latvian > By Period > National Awakening, 1800–1918"
"national awakening, 1800–1918",11386,"National Awakening, 1800–1918","History > By Region > European > East > Estonian > By Period > National Awakening, 1800–1918"
nationalism,10716,Nationalism,History > By Region > Middle Eastern > Diplomatic & Foreign Relations > Nationalism
nationalism,11846,Nationalism,Social Sciences > Politics & Government > Political Theory > Ideologies > Nationalism & Patriotism > Nationalism
native american,1287,Native American,Children & Young Adult > Juvenile Fiction > Kids’ People & Places Fiction > Children’s U.S. Fiction > Native American
native american,1622,Native American,"Children & Young Adult > Juvenile Nonfiction > People, Society & History > People & Places > Kids’ U.S. People & Places > Native American"
native american,1862,Native American,"Children & Young Adult > Young Adult Fiction > History, Politics & Society > People & Places > YA U.S. Fiction > Native American"
native american,2097,Native American,"Children & Young Adult > Young Adult Nonfiction > People, Society & History > People & Places > YA U.S. People & Places > Native American"
native american,4422,Native American,Literature > Genres > Poetry > American Poetry > Native American
natural disasters,2425,Natural disasters,"Geography, Places & Travel > Physical geography > Natural disasters || Science & Nature > Earth & Environmental Sciences > Physical geography > Natural disasters"
natural disasters,5016,Natural Disasters,Science & Nature > Nature & Natural History > Natural Disasters
natural foods,3033,Natural Foods,Home & Hobbies > Cooking > Specific Ingredients > Natural Foods
natural foods,7359,Natural foods,Home & Hobbies > Home economics > Nutrition & Food Supply > Natural foods
natural foods,9064,Natural foods,Home & Hobbies > Home economics > Cooking > Natural foods
nature,4364,Nature,"Literature > Literary Criticism > Theory, Comparison & Reading > Subjects & Themes > Nature"
nature,4449,Nature,Literature > Genres > Poetry > Subjects & Themes > Nature
nature,6883,Nature,Arts & Media > Visual Arts > Art Themes & Movements > Special subjects of art > Nature
nature,9075,Nature,"Arts & Media > Visual Arts > History, Theory & Education > Arts in general > Art Subjects > Nature"
nature,9691,Nature,"Literature > English > Regional English > American > Authors, Audiences & Subjects > U.S. Literary Themes & Groups > Nature"
"nature, science & technology",5641,"Nature, Science & Technology","Children & Young Adult > Juvenile Nonfiction > Nature, Science & Technology"
"nature, science & technology",5680,"Nature, Science & Technology","Children & Young Adult > Young Adult Nonfiction > Nature, Science & Technology"
naval operations,8441,Naval operations,History > Eras > Modern > 20th Century > World War I > Naval operations || History > Military > World Wars > World War I > Naval operations
naval operations,10493,Naval operations,History > Eras > Modern > 20th Century > World War II > Naval operations || History > Military > World Wars > World War II > Naval operations
naval science,6063,Naval Science,"Reference & Information > Bibliographies, Catalogs & Indexes > Subject bibliography > Transport & Infrastructure > Naval Science"
naval science,53070,Naval Science,Applied Sciences & Technology > Naval Science
near east,8713,Near East,"Reference & Information > Library & Archive Studies > Libraries & Collections > Library Reports, History & Data > Near East"
near east,11074,Near East,Philosophy > Ethics > Ethics History > Near East
neo-platonism,11021,Neo-Platonism,"Philosophy > History, Traditions & Regions > Historical Periods > Ancient & Classical Philosophy > Occident > Greco-Roman philosophy > Neo-Platonism"
neo-platonism,11139,Neo-Platonism,"Philosophy > History, Traditions & Regions > Historical Periods > Ancient & Classical Philosophy > Occident > Early Christian Philosophy > Neo-Platonism"
nervous system,2654,Nervous System,Health & Medicine > Health & Fitness > Diseases & Conditions > Nervous System
nervous system,6837,Nervous system,Science & Nature > Human Physiology > Neurophysiology & Neuropsychology > Nervous system || Health & Medicine > Biomedical Foundations & Research > Human Physiology > Neurophysiology & Neuropsychology > Nervous system
nervous system,7528,Nervous system,Education > Teaching & Learning > Education Theory & Practice > Educational psychology > Nervous system
nervous system,8088,Nervous system,Science & Nature > Zoology > Animal Anatomy > Nervous system
netherlands,3899,Netherlands,Literature > Germanic & Nordic > Netherlands
netherlands,11607,Netherlands,Social Sciences > Politics & Government > By Region > Europe > Netherlands
neurology,2744,Neurology,Health & Medicine > Neurology
neurology,7901,Neurology,Health & Medicine > Internal Medicine > Neuroscience & Neuropsychiatry > Neurology
neuroscience,2745,Neuroscience,Health & Medicine > Biomedical Foundations & Research > Neuroscience
neuroscience,4860,Neuroscience,Science & Nature > Biology > Life Sciences > Neuroscience
neuroscience,9398,Neuroscience,Biography > Neuroscience
neurosurgery,2867,Neurosurgery,Health & Medicine > Surgery > Surgical Specialties by System > Neurosurgery
neurosurgery,7645,Neurosurgery,Health & Medicine > Surgery > Surgical Specialties by System > Surgery by Body Part > Neurosurgery
new baby,1197,New Baby,Children & Young Adult > Juvenile Fiction > Kids’ Family Fiction > New Baby
new baby,1496,New Baby,"Children & Young Adult > Juvenile Nonfiction > People, Society & History > Family > New Baby"
new england,2527,New England,"Geography, Places & Travel > Travel > U.S. Travel > Northeast > New England"
new england,2986,New England,Home & Hobbies > Cooking > Regional & Ethnic > American Cooking > New England
new england,3421,New England,History > By Region > North American > U.S. > Local > New England
new england,11054,New England,"Body, Mind & Spirit > Occult & Esoteric Traditions > Occult sciences > Witchcraft > Regional Witchcraft > U.S. Witchcraft > New England"
new experience,1705,New Experience,"Children & Young Adult > Juvenile Nonfiction > People, Society & History > Social Topics > Values, Manners & Growing Up > New Experience || Children & Young Adult > Young Adult Nonfiction > People, Society & History > Social Topics > Values, Manners & Growing Up > New Experience"
new experience,1923,New Experience,"Children & Young Adult > Young Adult Fiction > History, Politics & Society > Social Themes > Values, Faith & Growing Up > New Experience"
new testament,1640,New Testament,"Children & Young Adult > Juvenile Nonfiction > People, Society & History > Religion > Bible Stories > New Testament"
new testament,12373,New Testament,Religion > Bible > Old & New Testaments > New Testament
new thought,3292,New Thought,"Body, Mind & Spirit > Spiritual Practices & Growth > New Thought"
new thought,7967,New Thought,Biography > New Thought
new zealand,3681,New Zealand,History > By Region > Oceanian > Australia & New Zealand > New Zealand
new zealand,4210,New Zealand,Literature > East Asian & Pacific > New Zealand
nigerian,3356,Nigerian,History > By Region > African > West > Nigerian
nigerian,4149,Nigerian,Literature > African & Middle Eastern > Nigerian || Literature > English > Regional English > Anglophone African > Nigerian
nonfiction,629,Nonfiction,Arts & Media > Comics & Graphic Novels > Manga > Nonfiction || Literature > Genres > Literary Collections > Comics > Other National Comics > Manga > Nonfiction
nonfiction,638,Nonfiction,Arts & Media > Comics & Graphic Novels > Nonfiction
nonfiction,3844,Nonfiction,Language > Writing > Nonfiction
nonverbal communication,4413,Nonverbal Communication,"Language > Linguistics > Language, Society & Signs > Nonverbal Communication"
nonverbal communication,5493,Nonverbal Communication,"Social Sciences > Psychology > Applied > Nonverbal Communication || Social Sciences > Sociology > Culture, Media & Belief > Nonverbal Communication"
north,2430,North,"Geography, Places & Travel > Travel > African Travel > North"
north,3357,North,History > By Region > African > North
north,3609,North,History > By Region > European > North
north,7729,North,Literature > English > Regional English > American > American Regional > North
north,50844,North,History > By Region > Asian > East > Korean > North
north america,11923,North America,Social Sciences > Politics & Government > By Region > Americas > North America
north america,52557,North America,"Social Sciences > Family, Population & Migration > Family, Gender & Life Course > Family & Relationships > By Region > North America"
north america,54021,North America,Language > Journalism > Newspapers > North America
north america,54029,North America,Reference & Information > Organizations > North America
north america,54054,North America,Social Sciences > Statistics > Statistics by Region > North America
northern territories,2447,Northern Territories,"Geography, Places & Travel > Travel > Canadian Travel > Northern Territories"
northern territories,54913,Northern Territories,History > By Region > North American > Canadian > Local > Northern Territories
norway,4394,Norway,Literature > Germanic & Nordic > Norway
norway,11621,Norway,Social Sciences > Politics & Government > By Region > Europe > Norway
number systems,4955,Number Systems,Science & Nature > Mathematics > Algebra & Number Theory > Number Systems
number systems,7310,Number Systems,Science & Nature > Mathematics > Algebra & Number Theory > Basic Math > Number Systems
numismatics,3675,Numismatics,History > Auxiliary Sciences > Numismatics
numismatics,6071,Numismatics,"Reference & Information > Bibliographies, Catalogs & Indexes > Subject bibliography > Industry & Materials > Numismatics"
nursing,2747,Nursing,Health & Medicine > Nursing
nursing,8844,Nursing,Health & Medicine > Surgery > Transplant Surgery > Nursing
nutrition,2771,Nutrition,Health & Medicine > Nutrition || Health & Medicine > Health & Fitness > Diet & Nutrition > Nutrition || Health & Medicine > Nursing > Foundations & Clinical Skills > Nutrition
nutrition,6980,Nutrition,Biography > Nutrition
nutrition,7252,Nutrition,Science & Nature > Biology > Life > Nutrition
observations,6209,Observations,Science & Nature > Astronomy & Space Science > Geodesy > Observations
observations,9270,Observations,Science & Nature > Earth & Environmental Sciences > Geophysics > Observations
obstetrics,2618,Obstetrics,Health & Medicine > Gynecology & Obstetrics > Obstetrics
obstetrics,6973,Obstetrics,Biography > Obstetrics
occultism,3304,Occultism,"Body, Mind & Spirit > Occult & Esoteric Traditions > Occultism"
occultism,6000,Occultism,"Reference & Information > Bibliographies, Catalogs & Indexes > Subject bibliography > Religion & Belief > Occultism"
occultism,7228,Occultism,"Arts & Media > Visual Arts > History, Theory & Education > Arts in general > Art Subjects > Occultism"
occupational therapy,2547,Occupational Therapy,Health & Medicine > Allied Health Services > Occupational Therapy
occupational therapy,13607,Occupational therapy,Health & Medicine > Psychiatry > Psychotherapy > Occupational therapy || Health & Medicine > Internal Medicine > Psychiatry > Psychotherapy > Occupational therapy || Health & Medicine > Internal Medicine > Neuroscience & Neuropsychiatry > Psychiatry > Psychotherapy > Occupational therapy || Health & Medicine > Psychiatry > Clinical Psychology > Psychotherapy > Occupational therapy || Health & Medicine > Internal Medicine > Psychiatry > Clinical Psychology > Psychotherapy > Occupational therapy || Health & Medicine > Internal Medicine > Neuroscience & Neuropsychiatry > Psychiatry > Clinical Psychology > Psychotherapy > Occupational therapy || Social Sciences > Psychology > Applied > Clinical Psychology > Psychotherapy > Occupational therapy
oceania,11788,Oceania,Social Sciences > Politics & Government > By Region > Oceania
oceania,11817,Oceania,Social Sciences > Politics & Government > Political Theory > Ideologies > Socialism & Communism > Oceania
oceania,51067,Oceania,History > By Region > North American > U.S. > Political & Foreign Relations > Oceania
oceania & pacific,13347,Oceania & Pacific,Social Sciences > Military Studies > Land Forces > Army Organization & Status > Armies by Country > Oceania & Pacific
oceania & pacific,13356,Oceania & Pacific,Biography > National biography > Oceania & Pacific
oceania & pacific,13365,Oceania & Pacific,Social Sciences > Anthropology > Folklore > Regional Folklore > Oceania & Pacific
oceania & pacific,13380,Oceania & Pacific,Social Sciences > Politics & Government > Government & Administration > Local & Municipal Government > Oceania & Pacific
old church slavic,12518,Old Church Slavic,Literature > Slavic & Eurasian > Old Church Slavic
old church slavic,13645,Old Church Slavic,Language > Languages & Language Families > Indo-European Languages > Slavic Languages > Old Church Slavic
old testament,1641,Old Testament,"Children & Young Adult > Juvenile Nonfiction > People, Society & History > Religion > Bible Stories > Old Testament"
old testament,12372,Old Testament,Religion > Bible > Old & New Testaments > Old Testament
oncology,2761,Oncology,Health & Medicine > Nursing > Acute & Specialty Care > Oncology
oncology,2773,Oncology,Health & Medicine > Oncology || Health & Medicine > Surgery > Oncology
oncology,9658,Oncology,Biography > Oncology
ontario,2448,Ontario,"Geography, Places & Travel > Travel > Canadian Travel > Ontario"
ontario,54914,Ontario,History > By Region > North American > Canadian > Local > Ontario
operations research,411,Operations Research,Applied Sciences & Technology > Mechanical & Industrial Engineering > Operations Research
operations research,5201,Operations Research,Social Sciences > Economics & Business > Operations & Logistics > Operations Research
operations research,13516,Operations research,Science & Nature > Operations research
opposites,1177,Opposites,"Children & Young Adult > Juvenile Fiction > Learning, Work & Technology > Concepts > Opposites"
opposites,1478,Opposites,"Children & Young Adult > Juvenile Nonfiction > Life, Learning & Work > Concepts > Opposites"
optical data processing,150,Optical Data Processing,Applied Sciences & Technology > Computing & IT > Foundations & Computer Science > Optical Data Processing
optical data processing,7238,Optical data processing,"Applied Sciences & Technology > Optics, Imaging & Acoustics > Applied optics. Photonics > Optical data processing"
optics,412,Optics,"Applied Sciences & Technology > Optics, Imaging & Acoustics > Optics"
optics,5040,Optics,Science & Nature > Physics > Optics
optoelectronics,271,Optoelectronics,Applied Sciences & Technology > Electrical & Electronic Engineering > Electronics > Optoelectronics
optoelectronics,6326,Optoelectronics,Applied Sciences & Technology > Electrical & Electronic Engineering > Electrical Engineering > Electronics > Optoelectronics
oratory,7827,Oratory,Literature > English > English Literary Collections > Oratory
oratory,9356,Oratory,Literature > English > Regional English > American > U.S. Literary Collections > Oratory
orchestra,6734,Orchestra,Arts & Media > Music > Theory & Education > Music theory > Instrumentation & Orchestration > Orchestra
orchestra,7698,Orchestra,Arts & Media > Music > Creation & Performance > Musical Instruments > Instrumental techniques > Ensembles > Orchestra
orchestra,9149,Orchestra,Arts & Media > Music > Creation & Performance > Musical Instruments > Instrumental music > Orchestra
organic,190,Organic,Applied Sciences & Technology > Agriculture > Sustainable & Organic Agriculture > Organic
organic,4822,Organic,Science & Nature > Chemistry > Organic
orient,7815,Orient,"Philosophy > History, Traditions & Regions > Historical Periods > Ancient & Classical Philosophy > Orient"
orient,11120,Orient,"Philosophy > History, Traditions & Regions > Ancient Philosophy > Orient"
orphans & foster homes,1198,Orphans & Foster Homes,Children & Young Adult > Juvenile Fiction > Kids’ Family Fiction > Orphans & Foster Homes
orphans & foster homes,1497,Orphans & Foster Homes,"Children & Young Adult > Juvenile Nonfiction > People, Society & History > Family > Orphans & Foster Homes"
orphans & foster homes,1788,Orphans & Foster Homes,"Children & Young Adult > Young Adult Fiction > History, Politics & Society > Family > Orphans & Foster Homes"
orphans & foster homes,2008,Orphans & Foster Homes,Children & Young Adult > Young Adult Nonfiction > YA Family > Orphans & Foster Homes
orthopedic surgery,2871,Orthopedic Surgery,Health & Medicine > Surgery > Orthopedic & Emergency Surgery > Orthopedic Surgery
orthopedic surgery,6889,Orthopedic Surgery,Biography > Orthopedic Surgery
other,54059,Other,History > By Region > European > North > Swedish > Local > Other
other,54068,Other,History > By Region > African > Central > Francophone Equatorial Africa > Central African Republic > Local > Other
other,54075,Other,History > By Region > African > Central > Francophone Equatorial Africa > Chad Tchad > Local > Other
other,54082,Other,"History > By Region > African > Central > Francophone Equatorial Africa > Gabon Gaboon, Gabun > Local > Other"
other,54090,Other,History > By Region > African > West > Burkina Faso. Upper Volta > Local > Other
other,54097,Other,History > By Region > African > West > Gambian > Local > Other
other,54104,Other,History > By Region > African > West > Guinean > Local > Other
other,54112,Other,History > By Region > African > West > Mali > Local > Other
other,54120,Other,History > By Region > African > West > Mauritania > Local > Other
other,54128,Other,History > By Region > African > West > Nigerien > Local > Other
other,54137,Other,History > By Region > African > West > Nigerian > Local > Other
other,54145,Other,History > By Region > African > West > Senegalese > Local > Other
other,54152,Other,History > By Region > African > West > Sierra Leonean > Local > Other
other,54161,Other,History > By Region > Latin American > Dominican Republic > Local > Other
other,54172,Other,History > By Region > Latin American > Haitian > Local > Other
other,54179,Other,"History > By Region > African > West > French West Africa, Sahara & Sahel > Beninese > Local > Other"
other,54187,Other,History > By Region > African > East > Kenyan > Local > Other
other,54195,Other,History > By Region > African > East > Ugandan > Local > Other
other,54200,Other,History > By Region > Latin American > Cuban > Local > Other
other,54207,Other,History > By Region > Latin American > Jamaican > Local > Other
other,54211,Other,History > By Region > European > Balkan Peninsula > Croatian > Local > Other
other,54215,Other,History > By Region > European > Balkan Peninsula > Serbian > Local > Other
other,54219,Other,History > By Region > Latin American > Guyanese > Local > Other || History > By Region > The Americas > British America > Guyanese > Local > Other || History > By Region > European > West > British Isles > British Empire & Commonwealth > British America > Guyanese > Local > Other
other,54230,Other,History > By Region > European > Balkan Peninsula > Montenegrin > Local > Other
other,54233,Other,History > By Region > Latin American > Surinamese > Local > Other || History > By Region > The Americas > Dutch America > Surinamese > Local > Other || History > By Region > European > West > Benelux Countries > Dutch > Dutch America > Surinamese > Local > Other
other,54240,Other,History > By Region > African > West > Equatorial Guinean > Local > Other
other,54246,Other,History > By Region > Latin American > Puerto Rican > Local > Other
other,54252,Other,History > By Region > Latin American > French Guiana > Local > Other || History > By Region > The Americas > French America > French Guiana > Local > Other || History > By Region > European > West > French > French America > French Guiana > Local > Other
other,54254,Other,History > By Region > European > South > Cypriot > Local > Other
other,54258,Other,History > By Region > European > Balkan Peninsula > Slovenian > Local > Other
other,54262,Other,History > By Region > European > Balkan Peninsula > Bosnia and Herzegovina > Local > Other
other,54265,Other,History > By Region > European > Balkan Peninsula > North Macedonian > Local > Other
other,54277,Other,History > By Region > African > North > Algerian > Local > Other
other,54287,Other,History > By Region > African > East > Burundian > Local > Other
other,54293,Other,"History > By Region > African > Central > Cameroon Cameroun, Kamerun > Local > Other"
other,54305,Other,History > By Region > African > West > Liberian > Local > Other
other,54315,Other,History > By Region > African > North > Libyan > Local > Other
other,54325,Other,History > By Region > African > East > Rwanda. Ruanda-Urundi > Local > Other
other,54334,Other,History > By Region > African > East > Somali & Somaliland > Local > Other
other,54341,Other,History > By Region > African > East > Tanzania & German E. Africa Hist. > Local > Other
other,54349,Other,History > By Region > African > West > Togo. Togoland > Local > Other
other,54357,Other,History > By Region > African > Central > DR Congo > Local > Other
other,54361,Other,History > By Region > Latin American > Bahamas > Local > Other
other,54365,Other,History > By Region > Latin American > Belizean > Local > Other
other,54370,Other,History > By Region > Latin American > Costa Rican > Local > Other
other,54375,Other,History > By Region > Latin American > Guatemalan > Local > Other
other,54380,Other,History > By Region > Latin American > Honduran > Local > Other
other,54385,Other,History > By Region > Latin American > Nicaraguan > Local > Other
other,54390,Other,History > By Region > Latin American > Panamanian > Local > Other
other,54395,Other,History > By Region > Latin American > Salvadoran > Local > Other
other,54400,Other,History > By Region > Latin American > Bolivian > Local > Other
other,54404,Other,History > By Region > Latin American > Brazilian > Local > Other
other,54409,Other,History > By Region > Latin American > Chilean > Local > Other
other,54414,Other,History > By Region > Latin American > Peruvian > Local > Other
other,54419,Other,History > By Region > Latin American > Venezuelan > Local > Other
other,54423,Other,History > By Region > Asian > Southeast > Bruneian > Local > Other
other,54428,Other,History > By Region > Asian > Southeast > Indonesian > Local > Other
other,54432,Other,History > By Region > Asian > Southeast > Malaysian & Straits > Local > Other
other,54437,Other,History > By Region > Asian > Southeast > Philippine > Local > Other
other,54441,Other,History > By Region > Asian > Southeast > Singaporean > Local > Other
other,54446,Other,History > By Region > Asian > Southeast > Thai > Local > Other
other,54450,Other,History > By Region > Asian > Azerbaijani > Local > Other
other,54453,Other,History > By Region > European > East > Belarusian > Local > Other
other,54457,Other,History > By Region > Asian > Georgian > Local > Other
other,54461,Other,History > By Region > Asian > Kazakh > Local > Other
other,54464,Other,History > By Region > Asian > Kyrgyz > Local > Other
other,54467,Other,History > By Region > European > East > Moldovan > Local > Other
other,54469,Other,History > By Region > Asian > Tajik > Local > Other
other,54471,Other,History > By Region > Asian > Turkmen > Local > Other
other,54475,Other,History > By Region > Asian > Uzbek > Local > Other
other,54478,Other,History > By Region > European > East > Ukrainian > Local > Other
other,54483,Other,History > By Region > Latin American > Colombian > Local > Other
other,54488,Other,History > By Region > Latin American > Ecuadorian > Local > Other
other,54493,Other,History > By Region > Latin American > Paraguayan > Local > Other
other,54498,Other,History > By Region > Latin American > Uruguayan > Local > Other
other,54505,Other,History > By Region > Latin American > Argentine > Local > Other
other,54508,Other,History > By Region > Asian > Southeast > Timorese > Local > Other
other,54517,Other,History > By Region > African > East > Eritrean > Local > Other
other,54520,Other,History > By Region > Asian > Armenian > Local > Other
other,54523,Other,History > By Region > European > East > Estonian > Local > Other
other,54526,Other,History > By Region > European > East > Latvian > Local > Other
other,54529,Other,History > By Region > European > East > Lithuanian > Local > Other
other,54538,Other,History > By Region > African > Central > Angolan > Local > Other || History > By Region > African > Southern > Angolan > Local > Other
other,54545,Other,History > By Region > African > Southern > Botswana. Bechuanaland > Local > Other
other,54551,Other,History > By Region > African > Southern > Lesotho. Basutoland > Local > Other
other,54559,Other,History > By Region > African > Southern > Malawi. Nyasaland > Local > Other
other,54568,Other,History > By Region > African > Southern > Mozambican > Local > Other
other,54577,Other,History > By Region > African > Southern > Namibia. South-West Africa > Local > Other
other,54589,Other,History > By Region > African > Southern > South African > Local > Other
other,54597,Other,History > By Region > African > East > Sudan. Anglo-Egyptian Sudan > Local > Other || History > By Region > African > North > Sudan. Anglo-Egyptian Sudan > Local > Other
other,54606,Other,History > By Region > African > Southern > Zambia. Northern Rhodesia > Local > Other
other,54616,Other,History > By Region > African > Southern > Zimbabwe. Southern Rhodesia > Local > Other
other,54621,Other,History > By Region > Latin American > Mexican > Local > Other || History > By Region > North American > Mexican > Local > Other
other,54625,Other,History > By Region > North American > Canadian > Local > Other
other,54630,Other,History > By Region > Asian > Afghan > Local > Other || History > By Region > Asian > South > Afghan > Local > Other
other,54636,Other,History > By Region > Asian > South > Bangladesh. East Pakistan > Local > Other
other,54639,Other,History > By Region > Asian > East > Chinese > Local > Other
other,54642,Other,History > By Region > Asian > South > Indian > Local > Other
other,54646,Other,History > By Region > Asian > East > Japanese > Local > Other
other,54651,Other,History > By Region > Middle Eastern > Jordan. Transjordan > Local > Other
other,54653,Other,History > By Region > Asian > East > Korean > Local > Other
other,54658,Other,History > By Region > Middle Eastern > Lebanon Phenicia > Local > Other
other,54663,Other,History > By Region > Asian > South > Pakistani > Local > Other
other,54667,Other,History > By Region > European > West > British Isles > Scottish > Local > Other
other,54670,Other,History > By Region > European > West > British Isles > Welsh > Local > Other
other,54674,Other,History > By Region > European > Central > Slovak > Local > Other
other,54677,Other,History > By Region > European > Balkan Peninsula > Albanian > Local > Other
other,54680,Other,History > By Region > European > Balkan Peninsula > Bulgarian > Local > Other
other,54683,Other,History > By Region > European > Balkan Peninsula > Romanian > Local > Other
other,54688,Other,History > By Region > European > Balkan Peninsula > Turkish > Local > Other
other,54690,Other,History > By Region > European > South > Iberia > Andorran > Local > Other
other,54693,Other,History > By Region > European > West > British Isles > English > Local > Other
other,54696,Other,History > By Region > European > South > Greek > Modern > Local > Other
other,54699,Other,History > By Region > European > North > Danish > Local > Other
other,54702,Other,History > By Region > European > North > Finnish > Local > Other
other,54704,Other,History > By Region > European > North > Icelandic > Local > Other
other,54707,Other,History > By Region > European > North > Norwegian > Local > Other
other,54711,Other,History > By Region > European > West > British Isles > Irish > Local > Other
other,54715,Other,History > By Region > Middle Eastern > Arabian Peninsula & Saudi Arabia > Local > Other
other,54717,Other,History > By Region > African > North > Egyptian > Local > Other || History > By Region > Middle Eastern > Egyptian > Local > Other
other,54721,Other,History > By Region > Middle Eastern > Iranian > Local > Other
other,54726,Other,History > By Region > Middle Eastern > Iraqi > Local > Other
other,54731,Other,History > By Region > Middle Eastern > Israel & Palestine > Local > Other
other,54735,Other,History > By Region > Middle Eastern > Syrian > Local > Other
other,54741,Other,History > By Region > Oceanian > Australia & New Zealand > Australian > Local > Other
other,54746,Other,History > By Region > Oceanian > Australia & New Zealand > New Zealand > Local > Other
other,54752,Other,History > By Region > African > South Sudanese > Local > Other
other,54756,Other,History > By Region > Asian > Mongolian > Local > Other
other,54761,Other,History > By Region > Asian > Taiwanese > Local > Other
other,54762,Other,History > By Region > North American > U.S. > Local > Other
other,54768,Other,History > By Region > Asian > South > Bhutanese > Local > Other
other,54777,Other,History > By Region > Asian > South > Nepalese > Local > Other
other,54785,Other,History > By Region > Asian > South > Sri Lankan > Local > Other
other,54795,Other,History > By Region > Asian > Southeast > Vietnamese > Local > Other
other,54798,Other,History > By Region > European > West > French > Local > Other
other,54801,Other,History > By Region > European > Central > German > Local > Other
other,54806,Other,History > By Region > European > Central > Austrian > Local > Other
other,54810,Other,History > By Region > European > Central > Czechoslovak > Local > Other
other,54814,Other,History > By Region > European > Central > Hungarian > Local > Other
other,54817,Other,History > By Region > European > South > Maltese > Local > Other
other,54820,Other,History > By Region > European > West > Benelux Countries > Belgian > Local > Other
other,54823,Other,History > By Region > European > West > Benelux Countries > Luxembourg > Local > Other
other,54827,Other,History > By Region > European > West > Benelux Countries > Dutch > Local > Other
other,54831,Other,History > By Region > European > East > Russian > Local > Other
other,54835,Other,History > By Region > European > Central > Swiss > Local > Other
other,54838,Other,History > By Region > European > South > Italian > Local > Other
other,54841,Other,History > By Region > European > East > Polish > Local > Other
other,54844,Other,History > By Region > European > South > Iberia > Portuguese > Local > Other
other,54848,Other,History > By Region > European > South > Iberia > Spanish > Local > Other
other,54858,Other,History > By Region > Asian > Southeast > Myanmar / Burma > Local > Other
other,54865,Other,History > By Region > Asian > Southeast > Cambodian > Local > Other
other,54873,Other,History > By Region > Asian > Southeast > Laotian > Local > Other
other,54874,Other,History > By Region > European > Central > Liechtenstein > Local > Other
other european,8436,Other European,Education > Education Serials & Societies > Other European
other european,11913,Other European,Literature > English > Regional English > Other European
"other european countries, a-z",13405,"Other European countries, A-Z","Social Sciences > Military Studies > Land Forces > Army Organization & Status > Armies by Country > European Armies > Other European countries, A-Z"
"other european countries, a-z",13468,"Other European countries, A-Z","Social Sciences > Anthropology > Folklore > Regional Folklore > European Folklore > Other European countries, A-Z"
other germanic,54014,Other Germanic,Literature > General Literary Studies > Journalism & Periodicals > Periodicals > Other Germanic || Reference & Information > Periodicals > Other Germanic
other germanic,54040,Other Germanic,Literature > Genres > Literary Collections > General collections > Other Germanic
other languages,7014,Other languages,"Reference & Information > Periodicals, Collections & Annuals > Collected Works & Series > Other languages"
other languages,54007,Other Languages,Reference & Information > Reference Books > Encyclopedias > Encyclopedias by Language > Other Languages
other languages,54015,Other Languages,Literature > General Literary Studies > Journalism & Periodicals > Periodicals > Other Languages || Reference & Information > Periodicals > Other Languages
other languages,54046,Other Languages,Literature > Genres > Literary Collections > General collections > Other Languages
other languages used by jews,3810,Other languages used by Jews,Language > Languages & Language Families > Afro-Asiatic languages > Other languages used by Jews
other languages used by jews,13169,Other Languages Used by Jews,Language > Languages & Language Families > Afro-Asiatic languages > Hebrew Language > Other Languages Used by Jews
other regions,54028,Other Regions,Language > Journalism > Newspapers > Other Regions
other regions,54037,Other Regions,Reference & Information > Organizations > Other Regions
other regions,54055,Other Regions,Social Sciences > Statistics > Statistics by Region > Other Regions
"other, non-religious",1239,"Other, Non-Religious","Children & Young Adult > Juvenile Fiction > History, Biography & Society > Holidays & Celebrations > Other, Non-Religious"
"other, non-religious",1563,"Other, Non-Religious","Children & Young Adult > Juvenile Nonfiction > Recreation, Travel & Adventure > Holidays & Celebrations > Other, Non-Religious"
"other, religious",1240,"Other, Religious","Children & Young Adult > Juvenile Fiction > History, Biography & Society > Holidays & Celebrations > Other, Religious"
"other, religious",1564,"Other, Religious","Children & Young Adult > Juvenile Nonfiction > Recreation, Travel & Adventure > Holidays & Celebrations > Other, Religious"
outdoor recreation,4666,Outdoor Recreation,Recreation > Outdoor Recreation
outdoor recreation,8808,Outdoor Recreation,Biography > Outdoor Recreation
packaging,342,Packaging,Applied Sciences & Technology > Mechanical & Industrial Engineering > Industrial Design > Packaging
packaging,354,Packaging,Applied Sciences & Technology > Industrial Production > Packaging
packaging,9541,Packaging,Applied Sciences & Technology > Chemical & Process Engineering > Chemical technology > Food Processing > Packaging
painting,1032,Painting,"Arts & Media > Visual Arts > Media, Techniques & Practices > Painting"
painting,1083,Painting,"Arts & Media > Visual Arts > Media, Techniques & Practices > Visual Art Techniques > Painting"
painting,1436,Painting,"Children & Young Adult > Juvenile Nonfiction > Arts, Media & Literature > Art > Painting"
painting,1964,Painting,"Children & Young Adult > Young Adult Nonfiction > Arts, Media & Literature > Art > Painting"
painting,3093,Painting,"Home & Hobbies > Crafts & Hobbies > Home, Nature & Seasonal Crafts > Painting"
pakistani,3505,Pakistani,History > By Region > Asian > South > Pakistani
pakistani,4212,Pakistani,Literature > East Asian & Pacific > Pakistani
paleontology,4811,Paleontology,Science & Nature > Earth & Environmental Sciences > Paleontology
paleontology,4908,Paleontology,Science & Nature > Geology > Paleontology
paleontology,9085,Paleontology,Biography > Paleontology
paranormal,1166,Paranormal,Children & Young Adult > Juvenile Fiction > Story Forms & Reading Formats > Comics & Graphic Novels > Paranormal
paranormal,1767,Paranormal,"Children & Young Adult > Young Adult Fiction > Arts, Media & Story Forms > Comics & Graphic Novels > Paranormal"
paranormal,1893,Paranormal,Children & Young Adult > Young Adult Fiction > Romance > Paranormal
paranormal,3998,Paranormal,Literature > Genres > Fantasy > Paranormal
paranormal,4042,Paranormal,Literature > Genres > Mystery & Detective > Cozy > Paranormal
paranormal,4091,Paranormal,Literature > Genres > Romance > Paranormal
parents,1199,Parents,Children & Young Adult > Juvenile Fiction > Kids’ Family Fiction > Parents
parents,1498,Parents,"Children & Young Adult > Juvenile Nonfiction > People, Society & History > Family > Parents"
parents,1789,Parents,"Children & Young Adult > Young Adult Fiction > History, Politics & Society > Family > Parents"
parents,2009,Parents,Children & Young Adult > Young Adult Nonfiction > YA Family > Parents
parties & party games,4667,Parties & Party Games,Recreation > Parties & Party Games
parties & party games,9511,Parties & Party Games,Recreation > Games & amusements > Parties & Party Games
passover,1241,Passover,"Children & Young Adult > Juvenile Fiction > History, Biography & Society > Holidays & Celebrations > Passover"
passover,1565,Passover,"Children & Young Adult > Juvenile Nonfiction > Recreation, Travel & Adventure > Holidays & Celebrations > Passover"
pathology,2801,Pathology,Health & Medicine > Biomedical Foundations & Research > Pathology
pathology,7121,Pathology,Health & Medicine > Internal Medicine > Tumors & Oncology > Pathology
patriotic holidays,1242,Patriotic Holidays,"Children & Young Adult > Juvenile Fiction > History, Biography & Society > Holidays & Celebrations > Patriotic Holidays"
patriotic holidays,1566,Patriotic Holidays,"Children & Young Adult > Juvenile Nonfiction > Recreation, Travel & Adventure > Holidays & Celebrations > Patriotic Holidays"
peace,6349,Peace,History > Eras > Modern > 20th Century > World War I > Peace || History > Military > World Wars > World War I > Peace
peace,10314,Peace,History > Eras > Modern > 20th Century > World War II > Peace || History > Military > World Wars > World War II > Peace
pedestrian facilities,326,Pedestrian facilities,"Applied Sciences & Technology > Civil, Structural & Construction > Highway Engineering > Pedestrian facilities"
pedestrian facilities,8475,Pedestrian facilities,"Applied Sciences & Technology > Civil, Structural & Construction > Highway Engineering > Pavements > Pedestrian facilities"
peer pressure,1706,Peer Pressure,"Children & Young Adult > Juvenile Nonfiction > People, Society & History > Social Topics > Youth Peer Relationships > Peer Pressure || Children & Young Adult > Young Adult Nonfiction > People, Society & History > Social Topics > Youth Peer Relationships > Peer Pressure"
peer pressure,1924,Peer Pressure,"Children & Young Adult > Young Adult Fiction > History, Politics & Society > Social Themes > YA Peer Relationships > Peer Pressure"
penguins,1129,Penguins,"Children & Young Adult > Juvenile Fiction > Animals, Nature & Environment > Animals > Birds > Penguins"
penguins,1421,Penguins,"Children & Young Adult > Juvenile Nonfiction > Nature, Science & Technology > Animals > Birds > Penguins"
people & places,1320,People & Places,"Children & Young Adult > Juvenile Fiction > History, Biography & Society > Children’s Religious Fiction > Christian > People & Places"
people & places,1607,People & Places,"Children & Young Adult > Juvenile Nonfiction > People, Society & History > People & Places"
people & places,1846,People & Places,"Children & Young Adult > Young Adult Fiction > History, Politics & Society > People & Places"
people & places,2082,People & Places,"Children & Young Adult > Young Adult Nonfiction > People, Society & History > People & Places"
people with disabilities,3246,People with Disabilities,Biography > People with Disabilities
people with disabilities,12234,People with Disabilities,Social Sciences > Sociology > Inequality & Social Problems > People with Disabilities
people with disabilities,12800,People with Disabilities,Social Sciences > Social Welfare & Services > Social Welfare > Special classes > People with Disabilities
"people, society & history",5639,"People, Society & History","Children & Young Adult > Juvenile Nonfiction > People, Society & History"
"people, society & history",5678,"People, Society & History","Children & Young Adult > Young Adult Nonfiction > People, Society & History"
percussion,812,Percussion,Arts & Media > Music > Creation & Performance > Musical Instruments > Percussion
percussion,829,Percussion,"Arts & Media > Music > Sources, Publishing & Collections > Printed Music > Percussion"
percussion,9427,Percussion,Arts & Media > Music > Creation & Performance > Musical Instruments > Instrumental techniques > Ensembles > Percussion
performance,1040,Performance,Arts & Media > Visual Arts > Art Themes & Movements > Performance
performance,8708,Performance,"Applied Sciences & Technology > Civil, Structural & Construction > Highway Engineering > Pavements > Performance"
performing arts,856,Performing Arts,Arts & Media > Performing Arts
performing arts,1288,Performing Arts,"Children & Young Adult > Juvenile Fiction > Arts, Culture & Imagination > Performing Arts"
performing arts,1447,Performing Arts,"Children & Young Adult > Juvenile Nonfiction > People, Society & History > Biography & Autobiography > Performing Arts"
performing arts,1623,Performing Arts,"Children & Young Adult > Juvenile Nonfiction > Arts, Media & Literature > Performing Arts"
performing arts,1863,Performing Arts,"Children & Young Adult > Young Adult Fiction > Arts, Media & Story Forms > Performing Arts"
performing arts,1974,Performing Arts,"Children & Young Adult > Young Adult Nonfiction > People, Society & History > Biography & Autobiography > Performing Arts"
performing arts,2098,Performing Arts,"Children & Young Adult > Young Adult Nonfiction > Arts, Media & Literature > Performing Arts"
performing arts,6055,Performing Arts,"Reference & Information > Bibliographies, Catalogs & Indexes > Subject bibliography > Arts, Media & Recreation > Performing Arts"
performing arts,8697,Performing Arts,Biography > Performing Arts
periodicals,12547,Periodicals,Literature > General Literary Studies > Journalism & Periodicals > Periodicals || Reference & Information > Periodicals
periodicals,52854,Periodicals,Social Sciences > Politics & Government > Political Theory > Ideologies > Socialism & Communism > Periodicals
permanent collections,922,Permanent Collections,"Arts & Media > Photography & Imaging > Collections, Subjects & Reference > Collections, Catalogs, Exhibitions > Permanent Collections"
permanent collections,1000,Permanent Collections,"Arts & Media > Visual Arts > Artists & Art Institutions > Collections, Catalogs, Exhibitions > Permanent Collections"
persia. iran,10526,Persia. Iran,History > Eras > Modern > 20th Century > World War I > Military operations > Eastern > Turkey & the Near East > Persia. Iran || History > Military > World Wars > World War I > Military operations > Eastern > Turkey & the Near East > Persia. Iran
persia. iran,11024,Persia. Iran,Philosophy > Ethics > Ethics History > Near East > Persia. Iran
personal finance,2103,Personal Finance,"Children & Young Adult > Young Adult Nonfiction > Life, Learning & Work > Personal Finance"
personal finance,5205,Personal Finance,Social Sciences > Economics & Business > Commerce > Business > Finance > Personal Finance || Social Sciences > Economics & Business > Finance > Personal Finance
personal growth,3190,Personal Growth,Personal Growth > Motivation & Self-Management > Personal Growth
personal growth,11442,Personal Growth,Personal Growth
personal growth,11469,Personal Growth,Religion > Christianity > Christian Living > Christian Spiritual Growth > Personal Growth
personal health & hygiene,2669,Personal Health & Hygiene,Health & Medicine > Health & Fitness > Personal Health & Hygiene
personal health & hygiene,6194,Personal Health & Hygiene,Health & Medicine > Public Health > Personal Health & Hygiene || Health & Medicine > Public aspects of medicine > Public Health > Personal Health & Hygiene
personal narratives,51094,Personal Narratives,History > By Region > North American > U.S. > By Period > 19th Century > Civil War Period > Personal Narratives || History > Military > U.S. > Civil War Period > Personal Narratives
personal narratives,51126,Personal Narratives,"History > By Region > North American > U.S. > By Period > Revolutionary Period, 1775–1800 > Personal Narratives"
personal narratives,53429,Personal Narratives,History > Eras > Modern > 20th Century > World War II > Personal Narratives || History > Military > World Wars > World War II > Personal Narratives
personality disorders,5445,Personality Disorders,Health & Medicine > Psychiatry > Clinical Psychology > Mental Health > Psychopathology > Personality Disorders || Health & Medicine > Internal Medicine > Psychiatry > Clinical Psychology > Mental Health > Psychopathology > Personality Disorders || Health & Medicine > Internal Medicine > Neuroscience & Neuropsychiatry > Psychiatry > Clinical Psychology > Mental Health > Psychopathology > Personality Disorders || Social Sciences > Psychology > Applied > Clinical Psychology > Mental Health > Psychopathology > Personality Disorders
personality disorders,12670,Personality Disorders,Health & Medicine > Internal Medicine > Psychopathology > Personality Disorders
perspective,8791,Perspective,Philosophy > Metaphysics & Ontology > Ontology > Perspective
perspective,9470,Perspective,Arts & Media > Design & Decorative Arts > Drawing & Illustration > Drawing Techniques > Perspective
peruvian,3429,Peruvian,History > By Region > Latin American > Peruvian
peruvian,4213,Peruvian,Literature > American & Caribbean > South American > Peruvian
petroleum,413,Petroleum,Applied Sciences & Technology > Chemical & Process Engineering > Petroleum
petroleum,6072,Petroleum,"Reference & Information > Bibliographies, Catalogs & Indexes > Subject bibliography > Industry & Materials > Petroleum"
pets,1130,Pets,"Children & Young Adult > Juvenile Fiction > Animals, Nature & Environment > Animals > Mammals, Farm Animals & Pets > Pets"
pets,1422,Pets,"Children & Young Adult > Juvenile Nonfiction > Nature, Science & Technology > Animals > Mammals, Farm Animals & Pets > Pets"
pets,1743,Pets,"Children & Young Adult > Young Adult Fiction > Nature, Places & Travel > Animals > Pets"
pets,2515,Pets,"Geography, Places & Travel > Travel > Special Interest > Pets"
pets,3148,Pets,Home & Hobbies > Pets
philology,6277,Philology,Language > Languages & Language Families > Indo-European Languages > Indo-Iranian Languages > Indo-Aryan languages > Philology
philology,7232,Philology,Language > Languages & Language Families > Indo-European Languages > Celtic Languages > Philology
philology,7292,Philology,Language > Languages & Language Families > Uralic & Basque > Basque > Philology
philology,7869,Philology,Language > Languages & Language Families > Uralic & Basque > Hungarian > Philology
philology,8169,Philology,Language > Languages & Language Families > Uralic & Basque > Finland > Philology
philology,8393,Philology,Language > Languages & Language Families > Indo-European Languages > Indo-Iranian Languages > Iranian Philology & Literature > Philology
philosophy,1629,Philosophy,"Children & Young Adult > Juvenile Nonfiction > People, Society & History > Philosophy"
philosophy,2104,Philosophy,"Children & Young Adult > Young Adult Nonfiction > People, Society & History > Philosophy"
philosophy,4487,Philosophy,Philosophy
philosophy,5984,Philosophy,"Reference & Information > Bibliographies, Catalogs & Indexes > Subject bibliography > Humanities & Culture > Philosophy"
philosophy,7245,Philosophy,Science & Nature > Biology > Ecology > Philosophy
philosophy,9424,Philosophy,Science & Nature > Biology > Evolution > Philosophy
philosophy & religion,10809,Philosophy & Religion,Philosophy > Philosophy Reference > Philosophy Reference Topics > Philosophy & Religion
philosophy & religion,51884,Philosophy & Religion,Literature > Literary Theory > Special Elements & Subjects > Philosophy & Religion
photography,77,Photography,Applied Sciences & Technology > Computing & IT > Computer Graphics & Media Design > Photography
photography,1630,Photography,"Children & Young Adult > Juvenile Nonfiction > Arts, Media & Literature > Photography"
photography,2105,Photography,"Children & Young Adult > Young Adult Nonfiction > Arts, Media & Literature > Photography"
photography,6056,Photography,"Reference & Information > Bibliographies, Catalogs & Indexes > Subject bibliography > Arts, Media & Recreation > Photography"
phrenology,5427,Phrenology,"Social Sciences > Psychology > History, Theory & Schools > Historical Methods > Phrenology"
phrenology,6477,Phrenology,Biography > Phrenology
physical & emotional abuse,1356,Physical & Emotional Abuse,"Children & Young Adult > Juvenile Fiction > Kids’ Fiction: Social Themes > Safety, Abuse & Risk > Physical & Emotional Abuse"
physical & emotional abuse,1707,Physical & Emotional Abuse,"Children & Young Adult > Juvenile Nonfiction > People, Society & History > Social Topics > Abuse, Violence & Safety > Physical & Emotional Abuse || Children & Young Adult > Young Adult Nonfiction > People, Society & History > Social Topics > Abuse, Violence & Safety > Physical & Emotional Abuse"
physical & emotional abuse,1925,Physical & Emotional Abuse,"Children & Young Adult > Young Adult Fiction > History, Politics & Society > Social Themes > Abuse, Violence & Safety > Physical & Emotional Abuse"
physical disabilities,2274,Physical Disabilities,"Education > Students, Inclusion & Support > Special Education > Physical Disabilities"
physical disabilities,6023,Physical Disabilities,"Reference & Information > Bibliographies, Catalogs & Indexes > Subject bibliography > Medicine, Health & Disability > Physical Disabilities"
physical education,2309,Physical Education,Education > Teaching & Learning > Teaching > Subjects > Physical Education
physical education,4668,Physical Education,Recreation > Physical Education
physical education,7270,Physical Education,Biography > Physical Education
physical impairments,1525,Physical Impairments,"Children & Young Adult > Juvenile Nonfiction > Life, Learning & Work > Health & Daily Living > Physical Impairments"
physical impairments,2029,Physical Impairments,Children & Young Adult > Young Adult Nonfiction > YA Health & Daily Living > Physical Impairments
physical impairments,2681,Physical Impairments,Health & Medicine > Health & Fitness > Physical Impairments
physical therapy,2548,Physical Therapy,Health & Medicine > Allied Health Services > Physical Therapy
physical therapy,7961,Physical Therapy,Biography > Physical Therapy
physical therapy,13604,Physical therapy,Health & Medicine > Psychiatry > Psychotherapy > Physical therapy || Health & Medicine > Internal Medicine > Psychiatry > Psychotherapy > Physical therapy || Health & Medicine > Internal Medicine > Neuroscience & Neuropsychiatry > Psychiatry > Psychotherapy > Physical therapy || Health & Medicine > Psychiatry > Clinical Psychology > Psychotherapy > Physical therapy || Health & Medicine > Internal Medicine > Psychiatry > Clinical Psychology > Psychotherapy > Physical therapy || Health & Medicine > Internal Medicine > Neuroscience & Neuropsychiatry > Psychiatry > Clinical Psychology > Psychotherapy > Physical therapy || Social Sciences > Psychology > Applied > Clinical Psychology > Psychotherapy > Physical therapy
physics,5030,Physics,Science & Nature > Physics
physics,6015,Physics,"Reference & Information > Bibliographies, Catalogs & Indexes > Subject bibliography > Natural Sciences & Mathematics > Physics"
physiology,6332,Physiology,Science & Nature > Zoology > Invertebrates > Physiology
physiology,7025,Physiology,Science & Nature > Microbiology > Bacteria > Physiology
physiology,9731,Physiology,Health & Medicine > Pediatrics > Newborn infants > Physiology
pictorial,465,Pictorial,Applied Sciences & Technology > Transportation > Automotive > Pictorial
pictorial,476,Pictorial,Applied Sciences & Technology > Transportation > Motorcycles > Pictorial
pictorial,482,Pictorial,Applied Sciences & Technology > Transportation > Railroads > Pictorial
pictorial,485,Pictorial,Applied Sciences & Technology > Transportation > Ships & Shipbuilding > Pictorial
pictorial,699,Pictorial,Arts & Media > Humor & Satire > Form > Pictorial || Literature > Genres > Humor & Satire > Form > Pictorial
pictorial,3654,Pictorial,History > Military > Pictorial
pirates,1095,Pirates,Children & Young Adult > Juvenile Fiction > Kids’ Action & Adventure > Pirates
pirates,1631,Pirates,"Children & Young Adult > Juvenile Nonfiction > Recreation, Travel & Adventure > Pirates"
pirates,1736,Pirates,Children & Young Adult > Young Adult Fiction > Action & Adventure > Pirates
plant ecophysiology,6767,Plant ecophysiology,Science & Nature > Botany > Plant ecology > Plant ecophysiology
plant ecophysiology,8134,Plant ecophysiology,Science & Nature > Botany > Plant physiology > Plant ecophysiology
plants,5018,Plants,Science & Nature > Nature & Natural History > Plants
plants,8588,Plants,Arts & Media > Design & Decorative Arts > Drawing & Illustration > Drawing Subjects > Plants
plants & animals,949,Plants & Animals,"Arts & Media > Photography & Imaging > Collections, Subjects & Reference > Subjects & Themes > Plants & Animals"
plants & animals,1070,Plants & Animals,Arts & Media > Visual Arts > Art Themes & Movements > Subjects & Themes > Plants & Animals
plumbing,245,Plumbing,"Applied Sciences & Technology > Civil, Structural & Construction > Construction > Plumbing"
plumbing,3133,Plumbing,"Home & Hobbies > House & Home > Maintenance, Repair & DIY > Do-It-Yourself > Plumbing"
poetry,1295,Poetry,Children & Young Adult > Juvenile Fiction > Story Forms & Reading Formats > Poetry
poetry,1632,Poetry,"Children & Young Adult > Juvenile Nonfiction > Arts, Media & Literature > Poetry"
poetry,1869,Poetry,"Children & Young Adult > Young Adult Fiction > Arts, Media & Story Forms > Poetry"
poetry,2106,Poetry,"Children & Young Adult > Young Adult Nonfiction > Arts, Media & Literature > Poetry"
poetry,3845,Poetry,Language > Writing > Poetry
poetry,3930,Poetry,Literature > English > Poetry
poetry,4355,Poetry,Literature > Literary Criticism > Genres & Forms > Poetry
poetry,4382,Poetry,Literature > General Literary Studies > Poetry
poetry,4416,Poetry,Literature > Genres > Poetry
poetry,4427,Poetry,"Literature > East Asian & Pacific > Asian, African & Oceanian > Japanese > Poetry"
poetry,4434,Poetry,Literature > Romance > France > Poetry
poetry,4435,Poetry,Literature > Germanic & Nordic > German > Poetry
poetry,4436,Poetry,Literature > Romance > Italy > Poetry
poetry,6057,Poetry,"Reference & Information > Bibliographies, Catalogs & Indexes > Subject bibliography > Arts, Media & Recreation > Poetry"
poetry,6915,Poetry,Literature > English > Regional English > American > U.S. Literary Collections > Poetry
poetry,7031,Poetry,Literature > Romance > Portugal > Portuguese Literary Studies > Poetry
poetry,9208,Poetry,Literature > English > English Literary Collections > Poetry
poetry,9532,Poetry,Literature > Classical > Greek > Greek Literary Criticism > Poetry
poetry,9703,Poetry,Literature > Classical > Latin & Italic > Roman > Roman Literary History > Poetry
poetry,9988,Poetry,Literature > Classical > Greek > Greek Literary History > Poetry
poland,4214,Poland,Literature > Slavic & Eurasian > Poland
poland,11615,Poland,Social Sciences > Politics & Government > By Region > Europe > Poland
poland,13500,Poland,Social Sciences > Politics & Government > Government & Administration > Local & Municipal Government > Europe > Poland
polish,3610,Polish,History > By Region > European > East > Polish
polish,12525,Polish,Literature > Slavic & Eurasian > Polish
political,535,Political,Arts & Media > Antiques & Collectibles > Regional & Thematic Collecting > Political
political,1448,Political,"Children & Young Adult > Juvenile Nonfiction > People, Society & History > Biography & Autobiography > Political"
political,1975,Political,"Children & Young Adult > Young Adult Nonfiction > People, Society & History > Biography & Autobiography > Political"
political,3249,Political,Biography > Political
political,4137,Political,Literature > Genres > Thrillers > Political
political,6483,Political,History > By Region > African > Southern > Political
political & diplomatic,3620,Political & Diplomatic,History > Political & Diplomatic
political & diplomatic,9104,Political & Diplomatic,"History > Eras > Modern > 20th Century > Interwar Period, 1919–1939 > Political & Diplomatic"
political & diplomatic,10113,Political & Diplomatic,History > By Region > Asian > Political & Diplomatic
political & diplomatic,10234,Political & Diplomatic,History > Eras > Modern > 19th Century > Political & Diplomatic
political & diplomatic,10239,Political & Diplomatic,History > Eras > Modern > 19th Century > Later 19th Century > Political & Diplomatic
political & diplomatic,10247,Political & Diplomatic,History > Eras > Modern > 20th Century > Post-war 1945- > 1989- > Political & Diplomatic
political & diplomatic,10252,Political & Diplomatic,History > Eras > Modern > 20th Century > Post-war 1945- > 1965-1989 > Political & Diplomatic
political & diplomatic,10263,Political & Diplomatic,History > Eras > Modern > 20th Century > Post-war 1945- > 1945-1965 > Political & Diplomatic
political & diplomatic,10637,Political & Diplomatic,History > By Region > African > Central > Political & Diplomatic
political & diplomatic,10690,Political & Diplomatic,History > By Region > European > South > Greco-Roman > Era to 476 > Political & Diplomatic
political & foreign relations,3416,Political & Foreign Relations,History > By Region > North American > U.S. > Political & Foreign Relations
political & foreign relations,10571,Political & Foreign Relations,History > By Region > Asian > East > Korean > Political & Foreign Relations
political & foreign relations,12724,Political & Foreign Relations,History > By Region > Asian > South > Indian > Political & Foreign Relations
political & foreign relations,13935,Political & Foreign Relations,History > By Region > European > North > Swedish > Political & Foreign Relations
political & foreign relations,51024,Political & Foreign Relations,History > By Region > Asian > East > Chinese > Political & Foreign Relations
political & foreign relations,51029,Political & Foreign Relations,History > By Region > European > Central > German > Political & Foreign Relations
political & foreign relations,51030,Political & Foreign Relations,History > By Region > European > West > British Isles > Political & Foreign Relations
political & foreign relations,51031,Political & Foreign Relations,History > By Region > European > West > French > Political & Foreign Relations
political & foreign relations,51032,Political & Foreign Relations,History > By Region > European > East > Russian > Political & Foreign Relations
political & foreign relations,51078,Political & Foreign Relations,History > By Region > African > North > Egyptian > Political & Foreign Relations || History > By Region > Middle Eastern > Egyptian > Political & Foreign Relations
political & foreign relations,51542,Political & Foreign Relations,History > By Region > European > East > Polish > Political & Foreign Relations
political & foreign relations,51602,Political & Foreign Relations,History > By Region > European > West > British Isles > Scottish > Political & Foreign Relations
political & foreign relations,51618,Political & Foreign Relations,History > By Region > European > Central > Hungarian > Political & Foreign Relations
political & foreign relations,51624,Political & Foreign Relations,History > By Region > European > Balkan Peninsula > Romanian > Political & Foreign Relations
political & foreign relations,51670,Political & Foreign Relations,History > By Region > European > Central > Swiss > Political & Foreign Relations
political & foreign relations,51675,Political & Foreign Relations,History > By Region > European > Balkan Peninsula > Serbian > Political & Foreign Relations
political & foreign relations,51689,Political & Foreign Relations,History > By Region > European > South > Iberia > Portuguese > Political & Foreign Relations
political & foreign relations,51722,Political & Foreign Relations,History > By Region > European > Central > Czechoslovak > Political & Foreign Relations
political & foreign relations,51733,Political & Foreign Relations,History > By Region > European > Balkan Peninsula > Bulgarian > Political & Foreign Relations
political & foreign relations,51743,Political & Foreign Relations,History > By Region > European > Balkan Peninsula > Croatian > Political & Foreign Relations
political & foreign relations,51761,Political & Foreign Relations,History > By Region > European > North > Danish > Political & Foreign Relations
political & foreign relations,51776,Political & Foreign Relations,History > By Region > European > North > Norwegian > Political & Foreign Relations
political & foreign relations,51790,Political & Foreign Relations,History > By Region > European > West > Benelux Countries > Belgian > Political & Foreign Relations
political & foreign relations,51805,Political & Foreign Relations,History > By Region > European > North > Finnish > Political & Foreign Relations
political & foreign relations,51829,Political & Foreign Relations,History > By Region > European > Balkan Peninsula > Albanian > Political & Foreign Relations
political & foreign relations,51842,Political & Foreign Relations,History > By Region > European > East > Estonian > Political & Foreign Relations
political & foreign relations,51851,Political & Foreign Relations,History > By Region > European > East > Latvian > Political & Foreign Relations
political & foreign relations,51860,Political & Foreign Relations,History > By Region > European > East > Lithuanian > Political & Foreign Relations
political & foreign relations,51897,Political & Foreign Relations,History > By Region > European > East > Belarusian > Political & Foreign Relations
political & foreign relations,51907,Political & Foreign Relations,History > By Region > European > South > Maltese > Political & Foreign Relations
political & foreign relations,51917,Political & Foreign Relations,History > By Region > European > East > Moldovan > Political & Foreign Relations
political & foreign relations,51925,Political & Foreign Relations,History > By Region > European > West > Benelux Countries > Luxembourg > Political & Foreign Relations
political & foreign relations,51935,Political & Foreign Relations,History > By Region > European > South > Cypriot > Political & Foreign Relations
political & foreign relations,51976,Political & Foreign Relations,History > By Region > European > Balkan Peninsula > North Macedonian > Political & Foreign Relations
political & foreign relations,52004,Political & Foreign Relations,History > By Region > European > Central > Liechtenstein > Political & Foreign Relations
political & foreign relations,54062,Political & Foreign Relations,History > By Region > African > Central > Francophone Equatorial Africa > Central African Republic > Political & Foreign Relations
political & foreign relations,54069,Political & Foreign Relations,History > By Region > African > Central > Francophone Equatorial Africa > Chad Tchad > Political & Foreign Relations
political & foreign relations,54076,Political & Foreign Relations,"History > By Region > African > Central > Francophone Equatorial Africa > Gabon Gaboon, Gabun > Political & Foreign Relations"
political & foreign relations,54083,Political & Foreign Relations,History > By Region > African > West > Burkina Faso. Upper Volta > Political & Foreign Relations
political & foreign relations,54091,Political & Foreign Relations,History > By Region > African > West > Gambian > Political & Foreign Relations
political & foreign relations,54098,Political & Foreign Relations,History > By Region > African > West > Guinean > Political & Foreign Relations
political & foreign relations,54105,Political & Foreign Relations,History > By Region > African > West > Mali > Political & Foreign Relations
political & foreign relations,54114,Political & Foreign Relations,History > By Region > African > West > Mauritania > Political & Foreign Relations
political & foreign relations,54121,Political & Foreign Relations,History > By Region > African > West > Nigerien > Political & Foreign Relations
political & foreign relations,54130,Political & Foreign Relations,History > By Region > African > West > Nigerian > Political & Foreign Relations
political & foreign relations,54139,Political & Foreign Relations,History > By Region > African > West > Senegalese > Political & Foreign Relations
political & foreign relations,54146,Political & Foreign Relations,History > By Region > African > West > Sierra Leonean > Political & Foreign Relations
political & foreign relations,54154,Political & Foreign Relations,History > By Region > Latin American > Dominican Republic > Political & Foreign Relations
political & foreign relations,54163,Political & Foreign Relations,History > By Region > Latin American > Haitian > Political & Foreign Relations
political & foreign relations,54173,Political & Foreign Relations,"History > By Region > African > West > French West Africa, Sahara & Sahel > Beninese > Political & Foreign Relations"
political & foreign relations,54180,Political & Foreign Relations,History > By Region > African > East > Kenyan > Political & Foreign Relations
political & foreign relations,54188,Political & Foreign Relations,History > By Region > African > East > Ugandan > Political & Foreign Relations
political & foreign relations,54197,Political & Foreign Relations,History > By Region > Latin American > Cuban > Political & Foreign Relations
political & foreign relations,54201,Political & Foreign Relations,History > By Region > Latin American > Jamaican > Political & Foreign Relations
political & foreign relations,54216,Political & Foreign Relations,History > By Region > Latin American > Guyanese > Political & Foreign Relations || History > By Region > The Americas > British America > Guyanese > Political & Foreign Relations || History > By Region > European > West > British Isles > British Empire & Commonwealth > British America > Guyanese > Political & Foreign Relations
political & foreign relations,54221,Political & Foreign Relations,History > By Region > European > Balkan Peninsula > Montenegrin > Political & Foreign Relations
political & foreign relations,54234,Political & Foreign Relations,History > By Region > African > West > Equatorial Guinean > Political & Foreign Relations
political & foreign relations,54256,Political & Foreign Relations,History > By Region > European > Balkan Peninsula > Slovenian > Political & Foreign Relations
political & foreign relations,54260,Political & Foreign Relations,History > By Region > European > Balkan Peninsula > Bosnia and Herzegovina > Political & Foreign Relations
political & foreign relations,54266,Political & Foreign Relations,History > By Region > African > North > Algerian > Political & Foreign Relations
political & foreign relations,54278,Political & Foreign Relations,History > By Region > African > East > Burundian > Political & Foreign Relations
political & foreign relations,54288,Political & Foreign Relations,"History > By Region > African > Central > Cameroon Cameroun, Kamerun > Political & Foreign Relations"
political & foreign relations,54294,Political & Foreign Relations,History > By Region > African > East > Ethiopian > Political & Foreign Relations
political & foreign relations,54299,Political & Foreign Relations,History > By Region > African > West > Liberian > Political & Foreign Relations
political & foreign relations,54306,Political & Foreign Relations,History > By Region > African > North > Libyan > Political & Foreign Relations
political & foreign relations,54316,Political & Foreign Relations,History > By Region > African > East > Rwanda. Ruanda-Urundi > Political & Foreign Relations
political & foreign relations,54326,Political & Foreign Relations,History > By Region > African > East > Somali & Somaliland > Political & Foreign Relations
political & foreign relations,54335,Political & Foreign Relations,History > By Region > African > East > Tanzania & German E. Africa Hist. > Political & Foreign Relations
political & foreign relations,54342,Political & Foreign Relations,History > By Region > African > West > Togo. Togoland > Political & Foreign Relations
political & foreign relations,54350,Political & Foreign Relations,History > By Region > African > Central > DR Congo > Political & Foreign Relations
political & foreign relations,54362,Political & Foreign Relations,History > By Region > Latin American > Belizean > Political & Foreign Relations
political & foreign relations,54367,Political & Foreign Relations,History > By Region > Latin American > Costa Rican > Political & Foreign Relations
political & foreign relations,54372,Political & Foreign Relations,History > By Region > Latin American > Guatemalan > Political & Foreign Relations
political & foreign relations,54377,Political & Foreign Relations,History > By Region > Latin American > Honduran > Political & Foreign Relations
political & foreign relations,54382,Political & Foreign Relations,History > By Region > Latin American > Nicaraguan > Political & Foreign Relations
political & foreign relations,54387,Political & Foreign Relations,History > By Region > Latin American > Panamanian > Political & Foreign Relations
political & foreign relations,54392,Political & Foreign Relations,History > By Region > Latin American > Salvadoran > Political & Foreign Relations
political & foreign relations,54397,Political & Foreign Relations,History > By Region > Latin American > Bolivian > Political & Foreign Relations
political & foreign relations,54402,Political & Foreign Relations,History > By Region > Latin American > Brazilian > Political & Foreign Relations
political & foreign relations,54406,Political & Foreign Relations,History > By Region > Latin American > Chilean > Political & Foreign Relations
political & foreign relations,54411,Political & Foreign Relations,History > By Region > Latin American > Peruvian > Political & Foreign Relations
political & foreign relations,54416,Political & Foreign Relations,History > By Region > Latin American > Venezuelan > Political & Foreign Relations
political & foreign relations,54420,Political & Foreign Relations,History > By Region > Asian > Southeast > Bruneian > Political & Foreign Relations
political & foreign relations,54425,Political & Foreign Relations,History > By Region > Asian > Southeast > Indonesian > Political & Foreign Relations
political & foreign relations,54429,Political & Foreign Relations,History > By Region > Asian > Southeast > Malaysian & Straits > Political & Foreign Relations
political & foreign relations,54434,Political & Foreign Relations,History > By Region > Asian > Southeast > Philippine > Political & Foreign Relations
political & foreign relations,54438,Political & Foreign Relations,History > By Region > Asian > Southeast > Singaporean > Political & Foreign Relations
political & foreign relations,54443,Political & Foreign Relations,History > By Region > Asian > Southeast > Thai > Political & Foreign Relations
political & foreign relations,54448,Political & Foreign Relations,History > By Region > Asian > Azerbaijani > Political & Foreign Relations
political & foreign relations,54455,Political & Foreign Relations,History > By Region > Asian > Georgian > Political & Foreign Relations
political & foreign relations,54459,Political & Foreign Relations,History > By Region > Asian > Kazakh > Political & Foreign Relations
political & foreign relations,54462,Political & Foreign Relations,History > By Region > Asian > Kyrgyz > Political & Foreign Relations
political & foreign relations,54473,Political & Foreign Relations,History > By Region > Asian > Uzbek > Political & Foreign Relations
political & foreign relations,54476,Political & Foreign Relations,History > By Region > European > East > Ukrainian > Political & Foreign Relations
political & foreign relations,54480,Political & Foreign Relations,History > By Region > Latin American > Colombian > Political & Foreign Relations
political & foreign relations,54485,Political & Foreign Relations,History > By Region > Latin American > Ecuadorian > Political & Foreign Relations
political & foreign relations,54490,Political & Foreign Relations,History > By Region > Latin American > Paraguayan > Political & Foreign Relations
political & foreign relations,54495,Political & Foreign Relations,History > By Region > Latin American > Uruguayan > Political & Foreign Relations
political & foreign relations,54500,Political & Foreign Relations,History > By Region > Latin American > Argentine > Political & Foreign Relations
political & foreign relations,54530,Political & Foreign Relations,History > By Region > African > Central > Angolan > Political & Foreign Relations || History > By Region > African > Southern > Angolan > Political & Foreign Relations
political & foreign relations,54539,Political & Foreign Relations,History > By Region > African > Southern > Botswana. Bechuanaland > Political & Foreign Relations
political & foreign relations,54546,Political & Foreign Relations,History > By Region > African > Southern > Lesotho. Basutoland > Political & Foreign Relations
political & foreign relations,54552,Political & Foreign Relations,History > By Region > African > Southern > Malawi. Nyasaland > Political & Foreign Relations
political & foreign relations,54560,Political & Foreign Relations,History > By Region > African > Southern > Mozambican > Political & Foreign Relations
political & foreign relations,54569,Political & Foreign Relations,History > By Region > African > Southern > Namibia. South-West Africa > Political & Foreign Relations
political & foreign relations,54579,Political & Foreign Relations,History > By Region > African > Southern > South African > Political & Foreign Relations
political & foreign relations,54591,Political & Foreign Relations,History > By Region > African > East > Sudan. Anglo-Egyptian Sudan > Political & Foreign Relations || History > By Region > African > North > Sudan. Anglo-Egyptian Sudan > Political & Foreign Relations
political & foreign relations,54598,Political & Foreign Relations,History > By Region > African > Southern > Zambia. Northern Rhodesia > Political & Foreign Relations
political & foreign relations,54607,Political & Foreign Relations,History > By Region > African > Southern > Zimbabwe. Southern Rhodesia > Political & Foreign Relations
political & foreign relations,54618,Political & Foreign Relations,History > By Region > Latin American > Mexican > Political & Foreign Relations || History > By Region > North American > Mexican > Political & Foreign Relations
political & foreign relations,54623,Political & Foreign Relations,History > By Region > North American > Canadian > Political & Foreign Relations
political & foreign relations,54627,Political & Foreign Relations,History > By Region > Asian > Afghan > Political & Foreign Relations || History > By Region > Asian > South > Afghan > Political & Foreign Relations
political & foreign relations,54631,Political & Foreign Relations,History > By Region > Middle Eastern > Armenian > Political & Foreign Relations
political & foreign relations,54633,Political & Foreign Relations,History > By Region > Asian > South > Bangladesh. East Pakistan > Political & Foreign Relations
political & foreign relations,54644,Political & Foreign Relations,History > By Region > Asian > East > Japanese > Political & Foreign Relations
political & foreign relations,54648,Political & Foreign Relations,History > By Region > Middle Eastern > Jordan. Transjordan > Political & Foreign Relations
political & foreign relations,54655,Political & Foreign Relations,History > By Region > Middle Eastern > Lebanon Phenicia > Political & Foreign Relations
political & foreign relations,54660,Political & Foreign Relations,History > By Region > Asian > South > Pakistani > Political & Foreign Relations
political & foreign relations,54672,Political & Foreign Relations,History > By Region > European > Central > Slovak > Political & Foreign Relations
political & foreign relations,54685,Political & Foreign Relations,History > By Region > European > Balkan Peninsula > Turkish > Political & Foreign Relations
political & foreign relations,54691,Political & Foreign Relations,History > By Region > European > West > British Isles > English > Political & Foreign Relations
political & foreign relations,54694,Political & Foreign Relations,History > By Region > European > South > Greek > Modern > Political & Foreign Relations
political & foreign relations,54712,Political & Foreign Relations,History > By Region > Middle Eastern > Arabian Peninsula & Saudi Arabia > Political & Foreign Relations
political & foreign relations,54719,Political & Foreign Relations,History > By Region > Middle Eastern > Iranian > Political & Foreign Relations
political & foreign relations,54723,Political & Foreign Relations,History > By Region > Middle Eastern > Iraqi > Political & Foreign Relations
political & foreign relations,54728,Political & Foreign Relations,History > By Region > Middle Eastern > Israel & Palestine > Political & Foreign Relations
political & foreign relations,54732,Political & Foreign Relations,History > By Region > Middle Eastern > Syrian > Political & Foreign Relations
political & foreign relations,54738,Political & Foreign Relations,History > By Region > Oceanian > Australia & New Zealand > Australian > Political & Foreign Relations
political & foreign relations,54743,Political & Foreign Relations,History > By Region > Oceanian > Australia & New Zealand > New Zealand > Political & Foreign Relations
political & foreign relations,54748,Political & Foreign Relations,History > By Region > African > South Sudanese > Political & Foreign Relations
political & foreign relations,54753,Political & Foreign Relations,History > By Region > Asian > Mongolian > Political & Foreign Relations
political & foreign relations,54758,Political & Foreign Relations,History > By Region > Asian > Taiwanese > Political & Foreign Relations
political & foreign relations,54763,Political & Foreign Relations,History > By Region > Asian > South > Bhutanese > Political & Foreign Relations
political & foreign relations,54770,Political & Foreign Relations,History > By Region > Asian > South > Nepalese > Political & Foreign Relations
political & foreign relations,54787,Political & Foreign Relations,History > By Region > Asian > Southeast > Vietnamese > Political & Foreign Relations
political & foreign relations,54804,Political & Foreign Relations,History > By Region > European > Central > Austrian > Political & Foreign Relations
political & foreign relations,54825,Political & Foreign Relations,History > By Region > European > West > Benelux Countries > Dutch > Political & Foreign Relations
political & foreign relations,54836,Political & Foreign Relations,History > By Region > European > South > Italian > Political & Foreign Relations
political & foreign relations,54846,Political & Foreign Relations,History > By Region > European > South > Iberia > Spanish > Political & Foreign Relations
political & foreign relations,54850,Political & Foreign Relations,History > By Region > Asian > Southeast > Myanmar / Burma > Political & Foreign Relations
political & foreign relations,54859,Political & Foreign Relations,History > By Region > Asian > Southeast > Cambodian > Political & Foreign Relations
political & foreign relations,54866,Political & Foreign Relations,History > By Region > Asian > Southeast > Laotian > Political & Foreign Relations
political anthropology,13202,Political Anthropology,Social Sciences > Anthropology > Fields > Cultural & Social > Cultural Traits > Political Anthropology
political anthropology,13820,Political Anthropology,Social Sciences > Politics & Government > Political Theory > Political Anthropology
political parties,11757,Political Parties,Social Sciences > Politics & Government > By Region > Americas > North America > United States > Political Parties
political parties,11785,Political Parties,"Social Sciences > Politics & Government > Government & Administration > Political Parties || Social Sciences > Politics & Government > Political Process, Media & Opinion > Political Parties"
politics,714,Politics,Arts & Media > Humor & Satire > Topic > Politics || Literature > Genres > Humor & Satire > Topic > Politics
politics,4365,Politics,"Literature > Literary Criticism > Theory, Comparison & Reading > Subjects & Themes > Politics"
politics & government,1296,Politics & Government,"Children & Young Adult > Juvenile Fiction > History, Biography & Society > Politics & Government"
politics & government,1690,Politics & Government,"Children & Young Adult > Juvenile Nonfiction > People, Society & History > Social Topics > Social Science > Politics & Government"
politics & government,1870,Politics & Government,"Children & Young Adult > Young Adult Fiction > History, Politics & Society > Politics & Government"
politics & government,2140,Politics & Government,"Children & Young Adult > Young Adult Nonfiction > People, Society & History > Social Science > Politics & Government"
politics & government,5326,Politics & Government,Social Sciences > Politics & Government
popular,870,Popular,Arts & Media > Performing Arts > Dance > Popular
popular,1601,Popular,"Children & Young Adult > Juvenile Nonfiction > Arts, Media & Literature > Music > Popular"
popular,2077,Popular,"Children & Young Adult > Young Adult Nonfiction > Arts, Media & Literature > Music > Popular"
popular & juvenile works,7578,Popular & Juvenile Works,Applied Sciences & Technology > Materials Science & Nanotechnology > Engineering Materials > Popular & Juvenile Works
popular & juvenile works,8201,Popular & Juvenile Works,Applied Sciences & Technology > Transportation > Vehicle & Aerospace Engineering > Rockets & Propulsion > Popular & Juvenile Works
popular & juvenile works,8444,Popular & Juvenile Works,Applied Sciences & Technology > Transportation > Vehicle & Aerospace Engineering > Astronautics > Popular & Juvenile Works
popular & juvenile works,8615,Popular & Juvenile Works,"Applied Sciences & Technology > Civil, Structural & Construction > Environmental > Domestic & Industrial Water > Popular & Juvenile Works || Applied Sciences & Technology > Environmental, Energy & Safety > Environmental > Domestic & Industrial Water > Popular & Juvenile Works"
popular & juvenile works,9536,Popular & Juvenile Works,Home & Hobbies > Home economics > Nutrition & Food Supply > Popular & Juvenile Works
popular culture,1041,Popular Culture,Arts & Media > Visual Arts > Art Themes & Movements > Popular Culture
popular culture,5511,Popular Culture,"Social Sciences > Sociology > Culture, Media & Belief > Popular Culture"
popular music,7907,Popular music,Arts & Media > Music > Theory & Education > Music theory > Music Analysis > Popular music
popular music,9561,Popular music,"Arts & Media > Music > History, Culture & Criticism > Music History & Criticism > Music Research & Reference > Research, History & Context > Music Historical Studies > Popular music"
popular works,13546,Popular works,Science & Nature > Popular works
popular works,13595,Popular works,Health & Medicine > Psychiatry > Psychotherapy > Popular works || Health & Medicine > Internal Medicine > Psychiatry > Psychotherapy > Popular works || Health & Medicine > Internal Medicine > Neuroscience & Neuropsychiatry > Psychiatry > Psychotherapy > Popular works || Health & Medicine > Psychiatry > Clinical Psychology > Psychotherapy > Popular works || Health & Medicine > Internal Medicine > Psychiatry > Clinical Psychology > Psychotherapy > Popular works || Health & Medicine > Internal Medicine > Neuroscience & Neuropsychiatry > Psychiatry > Clinical Psychology > Psychotherapy > Popular works || Social Sciences > Psychology > Applied > Clinical Psychology > Psychotherapy > Popular works
population groups,13754,Population Groups,History > By Region > Latin American > Cuban > Population Groups
population groups,50920,Population Groups,History > By Region > North American > U.S. > Local > Midwest > Great Plains > Population Groups
portrait photography,7140,Portrait photography,"Arts & Media > Photography & Imaging > Photo Methods, Gear & Materials > Studio & laboratory > Portrait photography"
portrait photography,12578,Portrait Photography,Arts & Media > Photography & Imaging > Photography Specialties > Applied photography > Artistic photography > Portrait Photography
portugal,4215,Portugal,Literature > Romance > Portugal
portugal,11624,Portugal,Social Sciences > Politics & Government > By Region > Europe > Portugal
portugal,13504,Portugal,Social Sciences > Politics & Government > Government & Administration > Local & Municipal Government > Europe > Portugal
portugal,52898,Portugal,Social Sciences > Politics & Government > International Relations > Colonization & Migration > Europe > Portugal
portuguese abroad,9098,Portuguese Abroad,Literature > Romance > Portugal > Regional Portuguese > Portuguese Abroad
portuguese abroad,51688,Portuguese Abroad,History > By Region > European > South > Iberia > Portuguese > Ethnography > Portuguese Abroad
"post-communism, 1989–present",10529,"Post-Communism, 1989–Present","History > By Region > European > Central > By Era > Post-Communism, 1989–Present"
"post-communism, 1989–present",10586,"Post-Communism, 1989–Present","History > By Region > European > East > 20th-21st centuries > Post-Communism, 1989–Present"
"post-communism, 1989–present",11547,"Post-Communism, 1989–Present","History > By Region > European > Balkan Peninsula > Romanian > By Period > Post-Communism, 1989–Present"
post-confederation,1214,Post-Confederation,"Children & Young Adult > Juvenile Fiction > History, Biography & Society > Children’s Historical Fiction > Kids’ Canadian Hist. Fiction > Post-Confederation"
post-confederation,1535,Post-Confederation,"Children & Young Adult > Juvenile Nonfiction > People, Society & History > Children’s History > Children’s Canadian History > Post-Confederation"
post-traumatic stress disorder,3195,Post-Traumatic Stress Disorder,Personal Growth > Emotions > Post-Traumatic Stress Disorder
post-traumatic stress disorder,5446,Post-Traumatic Stress Disorder,Health & Medicine > Psychiatry > Clinical Psychology > Mental Health > Psychopathology > Post-Traumatic Stress Disorder || Health & Medicine > Internal Medicine > Psychiatry > Clinical Psychology > Mental Health > Psychopathology > Post-Traumatic Stress Disorder || Health & Medicine > Internal Medicine > Neuroscience & Neuropsychiatry > Psychiatry > Clinical Psychology > Mental Health > Psychopathology > Post-Traumatic Stress Disorder || Social Sciences > Psychology > Applied > Clinical Psychology > Mental Health > Psychopathology > Post-Traumatic Stress Disorder
post-traumatic stress disorder,12669,Post-Traumatic Stress Disorder,Health & Medicine > Internal Medicine > Psychopathology > Post-Traumatic Stress Disorder
posters,539,Posters,"Arts & Media > Antiques & Collectibles > Books, Print & Paper Ephemera > Posters"
posters,671,Posters,Arts & Media > Design & Decorative Arts > Drawing & Illustration > Posters
posters,7929,Posters,History > Eras > Modern > 20th Century > World War I > Posters || History > Military > World Wars > World War I > Posters
poultry,3035,Poultry,Home & Hobbies > Cooking > Specific Ingredients > Poultry
poultry,13191,Poultry,"Applied Sciences & Technology > Agriculture > Animal Husbandry > Poultry, Birds & Insects > Poultry"
poverty & homelessness,1357,Poverty & Homelessness,"Children & Young Adult > Juvenile Fiction > Kids’ Fiction: Social Themes > Society, Values & Belonging > Poverty & Homelessness"
poverty & homelessness,5466,Poverty & Homelessness,Social Sciences > Social Welfare & Services > Social Problems > Poverty & Homelessness
powder metallurgy,8380,Powder Metallurgy,Applied Sciences & Technology > Industrial Production > Metalworking > Powder Metallurgy
powder metallurgy,8687,Powder metallurgy,Applied Sciences & Technology > Mining > Metallurgy > Powder metallurgy
power resources,386,Power resources,"Applied Sciences & Technology > Mechanical & Industrial Engineering > Mechanical > Engines, Turbines & Power > Power resources"
power resources,415,Power Resources,"Applied Sciences & Technology > Environmental, Energy & Safety > Power Resources"
practice management,2574,Practice Management,Health & Medicine > Dentistry > Practice Management
practice management,5430,Practice Management,Social Sciences > Psychology > Applied > Practice Management
prairie provinces,2449,Prairie Provinces,"Geography, Places & Travel > Travel > Canadian Travel > Prairie Provinces"
prairie provinces,54915,Prairie Provinces,History > By Region > North American > Canadian > Local > Prairie Provinces
pre-confederation,1215,Pre-Confederation,"Children & Young Adult > Juvenile Fiction > History, Biography & Society > Children’s Historical Fiction > Kids’ Canadian Hist. Fiction > Pre-Confederation"
pre-confederation,1536,Pre-Confederation,"Children & Young Adult > Juvenile Nonfiction > People, Society & History > Children’s History > Children’s Canadian History > Pre-Confederation"
pregnancy,1927,Pregnancy,"Children & Young Adult > Young Adult Fiction > History, Politics & Society > Social Themes > Pregnancy"
pregnancy,2150,Pregnancy,"Children & Young Adult > Juvenile Nonfiction > People, Society & History > Social Topics > Pregnancy || Children & Young Adult > Young Adult Nonfiction > People, Society & History > Social Topics > Pregnancy"
pregnancy,8429,Pregnancy,Health & Medicine > Gynecology & Obstetrics > Obstetrics > Pregnancy
prehistoric,580,Prehistoric,"Arts & Media > Architecture > Architectural History > Architectural History Overview > Prehistoric || Applied Sciences & Technology > Civil, Structural & Construction > Architecture > Architectural History > Architectural History Overview > Prehistoric"
prehistoric,1021,Prehistoric,"Arts & Media > Visual Arts > History, Theory & Education > Art History > Prehistoric"
prehistoric,1546,Prehistoric,"Children & Young Adult > Juvenile Nonfiction > People, Society & History > Children’s History > Prehistoric"
prehistoric,2047,Prehistoric,"Children & Young Adult > Young Adult Nonfiction > People, Society & History > YA History > Prehistoric"
prehistoric,5071,Prehistoric,Social Sciences > Archaeology > Prehistoric || Social Sciences > Anthropology > Archaeology > Prehistoric
prehistory,1222,Prehistory,"Children & Young Adult > Juvenile Fiction > History, Biography & Society > Children’s Historical Fiction > Prehistory"
prehistory,1813,Prehistory,"Children & Young Adult > Young Adult Fiction > History, Politics & Society > YA Historical Fiction > Prehistory"
prejudice & racism,1358,Prejudice & Racism,"Children & Young Adult > Juvenile Fiction > Kids’ Fiction: Social Themes > Society, Values & Belonging > Prejudice & Racism"
prejudice & racism,1709,Prejudice & Racism,"Children & Young Adult > Juvenile Nonfiction > People, Society & History > Social Topics > Identity, Diversity & Rights > Prejudice & Racism || Children & Young Adult > Young Adult Nonfiction > People, Society & History > Social Topics > Identity, Diversity & Rights > Prejudice & Racism"
presidents & first families,1449,Presidents & First Families,"Children & Young Adult > Juvenile Nonfiction > People, Society & History > Biography & Autobiography > Presidents & First Families"
presidents & first families,1976,Presidents & First Families,"Children & Young Adult > Young Adult Nonfiction > People, Society & History > Biography & Autobiography > Presidents & First Families"
primates,1102,Primates,"Children & Young Adult > Juvenile Fiction > Animals, Nature & Environment > Animals > Mammals, Farm Animals & Pets > Primates"
primates,1395,Primates,"Children & Young Adult > Juvenile Nonfiction > Nature, Science & Technology > Animals > Mammals, Farm Animals & Pets > Primates"
primates,4995,Primates,Science & Nature > Nature & Natural History > Animals > Primates
primates,53410,Primates,Science & Nature > Zoology > Chordates. Vertebrates > Mammals > Primates
prisoners & prisons,10594,Prisoners & prisons,History > Eras > Modern > 20th Century > World War II > Prisoners & prisons || History > Military > World Wars > World War II > Prisoners & prisons
prisoners & prisons,51095,Prisoners & Prisons,History > By Region > North American > U.S. > By Period > 19th Century > Civil War Period > Prisoners & Prisons || History > Military > U.S. > Civil War Period > Prisoners & Prisons
privacy & surveillance,5371,Privacy & Surveillance,"Social Sciences > Politics & Government > Political Process, Media & Opinion > Privacy & Surveillance"
privacy & surveillance,5513,Privacy & Surveillance,Social Sciences > Sociology > Inequality & Social Problems > Privacy & Surveillance
private school education,2290,Private school education,"Education > Students, Inclusion & Support > Education Support Topics > Private school education"
private school education,6368,Private school education,"Education > Students, Inclusion & Support > Education Support Topics > Forms of education > Private school education"
product,343,Product,Applied Sciences & Technology > Mechanical & Industrial Engineering > Industrial Design > Product
product,688,Product,Arts & Media > Design & Decorative Arts > Product
production & operations management,356,Production & Operations Management,Applied Sciences & Technology > Industrial Production > Production & Operations Management
production & operations management,5207,Production & Operations Management,Social Sciences > Economics & Business > Business Management > Production & Operations Management
professional,2359,Professional,Study Aids > Professional Exam Guides > Professional
professional,2972,Professional,Home & Hobbies > Cooking > Methods & Equipment > Professional
professional practice,589,Professional Practice,"Arts & Media > Architecture > Architecture Theory & Practice > Professional Practice || Applied Sciences & Technology > Civil, Structural & Construction > Architecture > Architecture Theory & Practice > Professional Practice"
professional practice,54941,Professional Practice,Social Sciences > Psychology > Professional Practice
programming,152,Programming,Applied Sciences & Technology > Computing & IT > Programming
programming,7399,Programming,Applied Sciences & Technology > Mechanical & Industrial Engineering > Mechanical > Mechanical Automata > Programming
project management,170,Project Management,Applied Sciences & Technology > Computing & IT > Software Engineering > Project Management
project management,590,Project Management,"Arts & Media > Architecture > Architecture Theory & Practice > Project Management || Applied Sciences & Technology > Civil, Structural & Construction > Architecture > Architecture Theory & Practice > Project Management"
project management,5208,Project Management,Social Sciences > Economics & Business > Business Management > Project Management
project management,7480,Project management,Applied Sciences & Technology > Technology & Engineering > Industrial Engineering > Project management
projection,8559,Projection,Applied Sciences & Technology > Technology & Engineering > Engineering Drawing > Projection
projection,8651,Projection,"Geography, Places & Travel > Mathematical Geography & Cartography > Cartography > Projection"
prose,3860,Prose,Literature > English > Regional English > American > Prose
prose,3927,Prose,Literature > English > Prose
prose,4383,Prose,Literature > General Literary Studies > Prose
prose,4405,Prose,Literature > Germanic & Nordic > Old Icelandic & Norwegian > Prose
prose,6448,Prose,Literature > Romance > Italy > Italian Literary Studies > Prose
prose,7434,Prose,Literature > Classical > Greek > Greek Literary History > Prose
prose,8219,Prose,Literature > English > Regional English > American > U.S. Literary Collections > Prose
prose,8277,Prose,Literature > Classical > Greek > Greek Literary Criticism > Prose
prose,8543,Prose,Literature > Classical > Latin & Italic > Roman > Roman Literary History > Prose
prose,8673,Prose,Literature > Romance > Portugal > Portuguese Literary Studies > Prose
prose,9029,Prose,Literature > English > English essays > Prose || Literature > English > English letters > Prose || Literature > English > Oratory & Speeches > Prose
prose,9089,Prose,Literature > English > English Literary Collections > Prose
prosody,8315,Prosody,Language > Linguistics > Language Structure & Meaning > Comparative Grammar & Linguistics > Prosody
prosody,12199,Prosody,Language > Languages & Language Families > Indo-European Languages > Germanic Languages > English Language > Prosody
proverbs,5985,Proverbs,"Reference & Information > Bibliographies, Catalogs & Indexes > Subject bibliography > Humanities & Culture > Proverbs"
proverbs,9602,Proverbs,Literature > Genres > Literary Collections > Proverbs
provincial & local,7703,Provincial & Local,"Literature > Germanic & Nordic > Netherlands > Provincial, local, foreign > Provincial & Local"
provincial & local,7755,Provincial & Local,"Literature > Germanic & Nordic > Denmark > Provincial, local, foreign > Provincial & Local"
provincial & local,8668,Provincial & Local,"Literature > Germanic & Nordic > Norway > Provincial, local, foreign > Provincial & Local"
provincial & local,9123,Provincial & Local,"Literature > Germanic & Nordic > Sweden > Provincial, local, foreign > Provincial & Local"
"provincial, local, foreign",3875,"Provincial, local, foreign","Literature > Germanic & Nordic > Denmark > Provincial, local, foreign"
"provincial, local, foreign",3905,"Provincial, local, foreign","Literature > Germanic & Nordic > Netherlands > Provincial, local, foreign"
"provincial, local, foreign",4393,"Provincial, local, foreign","Literature > Germanic & Nordic > Modern Icelandic > Provincial, local, foreign"
"provincial, local, foreign",4400,"Provincial, local, foreign","Literature > Germanic & Nordic > Norway > Provincial, local, foreign"
"provincial, local, foreign",4478,"Provincial, local, foreign","Literature > Germanic & Nordic > Sweden > Provincial, local, foreign"
psychical research,3309,Psychical Research,"Body, Mind & Spirit > Parapsychology & Occultism > Psychical Research"
psychical research,8331,Psychical Research,Biography > Psychical Research
psychoanalysis,5431,Psychoanalysis,"Social Sciences > Psychology > History, Theory & Schools > Movements > Psychoanalysis || Health & Medicine > Psychiatry > Clinical Psychology > Psychoanalysis || Health & Medicine > Internal Medicine > Psychiatry > Clinical Psychology > Psychoanalysis || Health & Medicine > Internal Medicine > Neuroscience & Neuropsychiatry > Psychiatry > Clinical Psychology > Psychoanalysis || Social Sciences > Psychology > Applied > Clinical Psychology > Psychoanalysis"
psychoanalysis,52311,Psychoanalysis,Literature > Literary Theory > Special Elements & Subjects > Psychoanalysis
psychological,1941,Psychological,"Children & Young Adult > Young Adult Fiction > Mystery, Crime & Suspense > Thrillers & Suspense > Psychological"
psychological,4138,Psychological,Literature > Genres > Thrillers > Psychological
psychology,1691,Psychology,"Children & Young Adult > Juvenile Nonfiction > People, Society & History > Social Topics > Social Science > Psychology"
psychology,2141,Psychology,"Children & Young Adult > Young Adult Nonfiction > People, Society & History > Social Science > Psychology"
psychology,5381,Psychology,Social Sciences > Psychology
psychology,6024,Psychology,"Reference & Information > Bibliographies, Catalogs & Indexes > Subject bibliography > Medicine, Health & Disability > Psychology"
psychology,9409,Psychology,"Arts & Media > Music > History, Culture & Criticism > Music History & Criticism > Music Research & Reference > Research, History & Context > Music: Philosophy, Society & Physics > Psychology"
psychology,52388,Psychology,Literature > Literary Theory > Special Elements & Subjects > Psychology
psychopathology,2715,Psychopathology,Health & Medicine > Internal Medicine > Psychopathology
psychopathology,5434,Psychopathology,Health & Medicine > Psychiatry > Clinical Psychology > Mental Health > Psychopathology || Health & Medicine > Internal Medicine > Psychiatry > Clinical Psychology > Mental Health > Psychopathology || Health & Medicine > Internal Medicine > Neuroscience & Neuropsychiatry > Psychiatry > Clinical Psychology > Mental Health > Psychopathology || Social Sciences > Psychology > Applied > Clinical Psychology > Mental Health > Psychopathology
public health,2845,Public Health,Health & Medicine > Public Health || Health & Medicine > Public aspects of medicine > Public Health
public health,6161,Public Health,Biography > Public Health
public relations,5210,Public Relations,Social Sciences > Economics & Business > Marketing & Sales > Public Relations
public relations,8036,Public relations,Recreation > Recreation Facilities > Public relations
public relations,9976,Public relations,Reference & Information > Museums & Collecting > Museum Studies > Public relations
public relations,9997,Public relations,Education > Teaching & Learning > Education Theory & Practice > Higher education > Public relations
puerto rican,13830,Puerto Rican,History > By Region > Latin American > Puerto Rican
puerto rican,51235,Puerto Rican,History > By Region > North American > U.S. > Other Population Groups > Puerto Rican
puppetry,891,Puppetry,Arts & Media > Performing Arts > Puppetry
puppetry,3099,Puppetry,"Home & Hobbies > Crafts & Hobbies > Models, Dolls & Toymaking > Puppetry"
puzzles,1508,Puzzles,"Children & Young Adult > Juvenile Nonfiction > Recreation, Travel & Adventure > Games & Activities > Puzzles"
puzzles,4650,Puzzles,"Recreation > Puzzles, Trivia & Brain Games > Puzzles"
"qing dynasty, 1644–1912",10544,"Qing Dynasty, 1644–1912","History > By Region > Asian > East > Chinese > By Period > Qing Dynasty, 1644–1912"
"qing dynasty, 1644–1912",12347,"Qing Dynasty, 1644–1912","Literature > East Asian & Pacific > Asian, African & Oceanian > Chinese > By Period > Qing Dynasty, 1644–1912"
quality control,421,Quality Control,Applied Sciences & Technology > Mechanical & Industrial Engineering > Quality Control
quality control,8636,Quality control,Applied Sciences & Technology > Electrical & Electronic Engineering > Electrical Engineering > Telecommunication > Quality control
questions & answers,1509,Questions & Answers,"Children & Young Adult > Juvenile Nonfiction > Recreation, Travel & Adventure > Games & Activities > Questions & Answers"
questions & answers,2018,Questions & Answers,"Children & Young Adult > Young Adult Nonfiction > Recreation, Travel & Adventure > Games & Activities > Questions & Answers"
questions & answers,4768,Questions & Answers,Reference & Information > Reference Books > Questions & Answers
r,7670,R,"Reference & Information > Bibliographies, Catalogs & Indexes > Personal bibliography > R"
r,11685,R,Applied Sciences & Technology > Computing & IT > Foundations & Computer Science > Computer Science > Programming Languages > R
rabbits,1132,Rabbits,"Children & Young Adult > Juvenile Fiction > Animals, Nature & Environment > Animals > Mammals, Farm Animals & Pets > Rabbits"
rabbits,1423,Rabbits,"Children & Young Adult > Juvenile Nonfiction > Nature, Science & Technology > Animals > Mammals, Farm Animals & Pets > Rabbits"
radicalism,11767,Radicalism,Social Sciences > Politics & Government > Political Theory > Ideologies > Radicalism
radicalism,12435,Radicalism,Social Sciences > Sociology > Inequality & Social Problems > Social History & Conditions > U.S. Social History > Radicalism
radio,423,Radio,Applied Sciences & Technology > Electrical & Electronic Engineering > Radio
radio,892,Radio,Arts & Media > Performing Arts > Radio
radio,6033,Radio,"Reference & Information > Bibliographies, Catalogs & Indexes > Subject bibliography > Technology & Engineering > Radio"
radiography,2593,Radiography,Health & Medicine > Diagnostic Imaging > Radiography
radiography,4889,Radiography,Science & Nature > Scientific Methods & Tools > Radiography
radiography,8241,Radiography,Health & Medicine > Internal Medicine > Internal Medicine Diagnosis > Radiography
railroads,480,Railroads,Applied Sciences & Technology > Transportation > Railroads
railroads,6065,Railroads,"Reference & Information > Bibliographies, Catalogs & Indexes > Subject bibliography > Transport & Infrastructure > Railroads"
railroads & trains,1379,Railroads & Trains,Children & Young Adult > Juvenile Fiction > Kids’ Transport Fiction > Railroads & Trains
railroads & trains,1731,Railroads & Trains,"Children & Young Adult > Juvenile Nonfiction > Recreation, Travel & Adventure > Transportation > Railroads & Trains"
rap & hip hop,754,Rap & Hip Hop,Arts & Media > Music > Genres & Styles > Rap & Hip Hop
rap & hip hop,1602,Rap & Hip Hop,"Children & Young Adult > Juvenile Nonfiction > Arts, Media & Literature > Music > Rap & Hip Hop"
rap & hip hop,2078,Rap & Hip Hop,"Children & Young Adult > Young Adult Nonfiction > Arts, Media & Literature > Music > Rap & Hip Hop"
rationalism,4531,Rationalism,Philosophy > Movements & Schools > Modern Movements > Rationalism
rationalism,13035,Rationalism,Religion > Religious Studies > Rationalism
raw foods,6325,Raw foods,Home & Hobbies > Home economics > Cooking > Raw foods
raw foods,9681,Raw foods,Health & Medicine > Pharmacology & Therapeutics > Therapeutic Diets > Raw foods
readers,1297,Readers,Children & Young Adult > Juvenile Fiction > Story Forms & Reading Formats > Readers
readers,1633,Readers,"Children & Young Adult > Juvenile Nonfiction > Life, Learning & Work > School & Education > Readers"
readers,3820,Readers,Language > Readers
"recreation, travel & adventure",5642,"Recreation, Travel & Adventure","Children & Young Adult > Juvenile Nonfiction > Recreation, Travel & Adventure"
"recreation, travel & adventure",5681,"Recreation, Travel & Adventure","Children & Young Adult > Young Adult Nonfiction > Recreation, Travel & Adventure"
recycling & green living,1301,Recycling & Green Living,"Children & Young Adult > Juvenile Fiction > Animals, Nature & Environment > Recycling & Green Living"
recycling & green living,1637,Recycling & Green Living,"Children & Young Adult > Juvenile Nonfiction > Nature, Science & Technology > Recycling & Green Living"
recycling & green living,1871,Recycling & Green Living,"Children & Young Adult > Young Adult Fiction > Nature, Places & Travel > Recycling & Green Living"
recycling & green living,2108,Recycling & Green Living,"Children & Young Adult > Young Adult Nonfiction > Nature, Science & Technology > Recycling & Green Living"
reference,12245,Reference,Social Sciences > Methods & Reference > Reference
reference,12945,Reference,History > Auxiliary Sciences > Archaeology > Reference
reference,13368,Reference,Social Sciences > Politics & Government > Government & Administration > Local & Municipal Government > Reference
reference,13773,Reference,Social Sciences > Politics & Government > International Relations > Reference
reference,13846,Reference,History > By Region > European > South > Iberia > Spanish > Reference
reference,13868,Reference,History > By Region > Oceanian > Reference
reference,13870,Reference,History > By Region > European > West > Benelux Countries > Dutch > Reference
reference,13872,Reference,History > By Region > European > Central > Austrian > Reference
reference,13882,Reference,History > By Region > European > Central > Czechoslovak > Reference
reference,13888,Reference,History > By Region > European > South > Iberia > Portuguese > Reference
reference,13894,Reference,History > By Region > European > Balkan Peninsula > Romanian > Reference
reference,13899,Reference,History > By Region > European > Central > German > Reference
reference,13905,Reference,History > By Region > European > Balkan Peninsula > Turkish > Reference
reference,13916,Reference,History > By Region > European > Balkan Peninsula > Bulgarian > Reference
reference,13920,Reference,History > By Region > European > West > Benelux Countries > Belgian > Reference
reference,13927,Reference,History > By Region > European > North > Danish > Reference
reference,13930,Reference,History > By Region > European > North > Norwegian > Reference
reference,13933,Reference,History > By Region > European > North > Swedish > Reference
reference,13937,Reference,History > By Region > European > North > Finnish > Reference
reference,13969,Reference,History > By Region > European > East > Ukrainian > Reference
reference,13985,Reference,History > By Region > Asian > Georgian > Reference
reference,13987,Reference,History > By Region > Asian > Azerbaijani > Reference
reference,13989,Reference,History > By Region > European > East > Reference
reference,13998,Reference,History > By Region > European > Central > Slovak > Reference
reference,14005,Reference,History > By Region > European > Balkan Peninsula > Albanian > Reference
reference,14012,Reference,History > By Region > European > North > Reference
reference,50825,Reference,History > Eras > Modern > Reference
"reference, history & study",6075,"Reference, History & Study","Science & Nature > Physics > Electricity & Electromagnetism > Electricity > Reference, History & Study"
"reference, history & study",6080,"Reference, History & Study","Science & Nature > Physics > Electricity & Electromagnetism > Magnetism > Reference, History & Study"
regional,4252,Regional,Literature > Germanic & Nordic > German > Regional
regional,12353,Regional,"Literature > East Asian & Pacific > Asian, African & Oceanian > Chinese > Regional"
regional,50912,Regional,History > By Region > North American > U.S. > Local > Midwest > Great Plains > Regional
regional,52303,Regional,History > By Region > African > North > Regional
regional & ethnic,871,Regional & Ethnic,Arts & Media > Performing Arts > Dance > Regional & Ethnic
regional & ethnic,2980,Regional & Ethnic,Home & Hobbies > Cooking > Regional & Ethnic
regional & overseas,12497,Regional & Overseas,Literature > Slavic & Eurasian > Russia > Regional & Overseas
regional & overseas,12542,Regional & Overseas,"Literature > East Asian & Pacific > Asian, African & Oceanian > Japanese > Regional & Overseas"
regional & overseas,12642,Regional & Overseas,"Literature > East Asian & Pacific > Asian, African & Oceanian > Korean > Regional & Overseas"
regional anatomy,4915,Regional anatomy,Science & Nature > Human Anatomy > Regional anatomy || Health & Medicine > Biomedical Foundations & Research > Human Anatomy > Regional anatomy
regional anatomy,7264,Regional Anatomy,Science & Nature > Zoology > Animal Anatomy > Regional Anatomy
regional maps,2400,Regional Maps,"Geography, Places & Travel > Maps > Regional Maps"
regional maps,8136,Regional Maps,"Geography, Places & Travel > Mathematical Geography & Cartography > Cartography > Regional Maps"
regions & counties,50952,Regions & Counties,History > By Region > North American > U.S. > Local > West > California > Regions & Counties
regions & counties,50956,Regions & Counties,History > By Region > North American > U.S. > Local > Middle Atlantic > New York > Regions & Counties
regions & counties,50959,Regions & Counties,History > By Region > North American > U.S. > Local > New England > Massachusetts > Regions & Counties
regions & counties,50970,Regions & Counties,History > By Region > North American > U.S. > Local > Middle Atlantic > Pennsylvania > Regions & Counties
regions & counties,50972,Regions & Counties,History > By Region > North American > U.S. > Local > South > Texas > Regions & Counties
regions & counties,51195,Regions & Counties,History > By Region > North American > U.S. > Local > South > Maryland > Regions & Counties
regions & counties,51200,Regions & Counties,History > By Region > North American > U.S. > Local > South > Virginia > Regions & Counties
regions & counties,51209,Regions & Counties,History > By Region > North American > U.S. > Local > South > North Carolina > Regions & Counties
regions & counties,51216,Regions & Counties,History > By Region > North American > U.S. > Local > South > Georgia > Regions & Counties
regions & counties,51223,Regions & Counties,History > By Region > North American > U.S. > Local > Midwest > Ohio > Regions & Counties
regions & counties,51231,Regions & Counties,History > By Region > North American > U.S. > Local > Midwest > Michigan > Regions & Counties
regions & counties,51296,Regions & Counties,History > By Region > North American > U.S. > Local > South > Carolina > Regions & Counties
regions & counties,51301,Regions & Counties,History > By Region > North American > U.S. > Local > South > Alabama > Regions & Counties
regions & counties,51307,Regions & Counties,History > By Region > North American > U.S. > Local > South > Tennessee > Regions & Counties
regions & counties,51315,Regions & Counties,History > By Region > North American > U.S. > Local > West > Colorado > Regions & Counties
regions & counties,51331,Regions & Counties,History > By Region > North American > U.S. > Local > Middle Atlantic > New Jersey > Regions & Counties
relationships,1321,Relationships,"Children & Young Adult > Juvenile Fiction > History, Biography & Society > Children’s Religious Fiction > Christian > Relationships"
relationships,1881,Relationships,Children & Young Adult > Young Adult Fiction > YA Religious Fiction > Christian > Relationships
relativity physics,4888,Relativity Physics,Science & Nature > Physics > Relativity Physics
relativity physics,7526,Relativity physics,Science & Nature > Physics > Atomic & Molecular Physics > Relativity physics
relief in case of disasters,5482,Relief in case of disasters,Social Sciences > Social Welfare & Services > Disasters & Disaster Relief > Relief in case of disasters
relief in case of disasters,7203,Relief in case of disasters,Social Sciences > Social Welfare & Services > Disasters & Disaster Relief > Emergency management > Relief in case of disasters
religion,715,Religion,Arts & Media > Humor & Satire > Topic > Religion || Literature > Genres > Humor & Satire > Topic > Religion
religion,1638,Religion,"Children & Young Adult > Juvenile Nonfiction > People, Society & History > Religion"
religion,2109,Religion,"Children & Young Adult > Young Adult Nonfiction > People, Society & History > Religion"
religion,4366,Religion,"Literature > Literary Criticism > Theory, Comparison & Reading > Subjects & Themes > Religion"
religion,4549,Religion,Religion
religion,8073,Religion,"Literature > English > Regional English > American > Authors, Audiences & Subjects > U.S. Literary Themes & Groups > Religion"
religion & faith,1359,Religion & Faith,"Children & Young Adult > Juvenile Fiction > Kids’ Fiction: Social Themes > Society, Values & Belonging > Religion & Faith"
religion & faith,1929,Religion & Faith,"Children & Young Adult > Young Adult Fiction > History, Politics & Society > Social Themes > Values, Faith & Growing Up > Religion & Faith"
"religion, politics & state",5375,"Religion, Politics & State","Social Sciences > Politics & Government > Public Policy & Civil Society > State & Civil Society > Religion, Politics & State"
"religion, politics & state",51521,"Religion, Politics & State","Religion > Religious Studies > Religion, Society & Culture > Religion, Politics & State"
religious art,657,Religious art,Arts & Media > Design & Decorative Arts > Decorative Arts > Religious art
religious art,1072,Religious Art,Arts & Media > Visual Arts > Art Themes & Movements > Subjects & Themes > Religious Art
religious art,6510,Religious art,Arts & Media > Visual Arts > Art Themes & Movements > Special subjects of art > Religious art
repair & maintenance,466,Repair & Maintenance,Applied Sciences & Technology > Transportation > Automotive > Repair & Maintenance
repair & maintenance,472,Repair & Maintenance,Applied Sciences & Technology > Transportation > Aviation > Repair & Maintenance
repair & maintenance,477,Repair & Maintenance,Applied Sciences & Technology > Transportation > Motorcycles > Repair & Maintenance
repair & maintenance,486,Repair & Maintenance,Applied Sciences & Technology > Transportation > Ships & Shipbuilding > Repair & Maintenance
reproduction,4796,Reproduction,Science & Nature > Biology > Reproduction
reproduction,6663,Reproduction,Science & Nature > Zoology > Invertebrates > Reproduction
reptiles & amphibians,4996,Reptiles & Amphibians,Science & Nature > Nature & Natural History > Animals > Reptiles & Amphibians
reptiles & amphibians,7326,Reptiles & amphibians,Science & Nature > Zoology > Chordates. Vertebrates > Reptiles & amphibians
research & experiments,6737,Research & Experiments,Health & Medicine > Biomedical Foundations & Research > Medicine > Biomedical Engineering > Research & Experiments
research & experiments,8350,Research & Experiments,Health & Medicine > Internal Medicine > Psychosomatic medicine > Research & Experiments
research & experiments,8399,Research & Experiments,Health & Medicine > Public aspects of medicine > Hospitals & Clinics > Research & Experiments
research & experiments,8581,Research & Experiments,Health & Medicine > Public aspects of medicine > Toxicology > Research & Experiments
research & experiments,9435,Research & Experiments,Health & Medicine > Internal Medicine > Neuroscience & Neuropsychiatry > Research & Experiments
research & experiments,9914,Research & Experiments,Science & Nature > Human Anatomy > Human embryology > Research & Experiments || Health & Medicine > Biomedical Foundations & Research > Human Anatomy > Human embryology > Research & Experiments
research & methodology,4890,Research & Methodology,Science & Nature > Scientific Methods & Tools > Research & Methodology
research & methodology,5455,Research & Methodology,Social Sciences > Psychology > Research & Assessment > Research & Methodology
"restored independence, 1991–present",11337,"Restored Independence, 1991–Present","History > By Region > European > East > Latvian > By Period > Restored Independence, 1991–Present"
"restored independence, 1991–present",11347,"Restored Independence, 1991–Present","History > By Region > European > East > Estonian > By Period > Restored Independence, 1991–Present"
"restored independence, 1991–present",11382,"Restored Independence, 1991–Present","History > By Region > European > East > Lithuanian > By Period > Restored Independence, 1991–Present"
"revolution & napoleon, 1789–1815",10152,"Revolution & Napoleon, 1789–1815","History > By Region > European > Central > German > By Period > Early Modern, 1519–1815 > Revolution & Napoleon, 1789–1815"
"revolution & napoleon, 1789–1815",10208,"Revolution & Napoleon, 1789–1815","History > By Region > European > Central > Swiss > By Period > Revolution & Napoleon, 1789–1815"
"revolution & napoleon, 1789–1815",52290,"Revolution & Napoleon, 1789–1815","History > By Region > European > West > French > By Period > Revolution & Napoleon, 1789–1815"
robotics,432,Robotics,Applied Sciences & Technology > Mechanical & Industrial Engineering > Robotics
robotics,1724,Robotics,"Children & Young Adult > Juvenile Nonfiction > Nature, Science & Technology > Technology > Robotics"
robotics,2162,Robotics,"Children & Young Adult > Young Adult Nonfiction > Nature, Science & Technology > Technology > Robotics"
rock,756,Rock,Arts & Media > Music > Genres & Styles > Rock
rock,1603,Rock,"Children & Young Adult > Juvenile Nonfiction > Arts, Media & Literature > Music > Rock"
rock,2079,Rock,"Children & Young Adult > Young Adult Nonfiction > Arts, Media & Literature > Music > Rock"
rocks & minerals,1674,Rocks & Minerals,"Children & Young Adult > Juvenile Nonfiction > Nature, Science & Technology > Science & Nature > Earth Sciences > Rocks & Minerals"
rocks & minerals,5025,Rocks & Minerals,Science & Nature > Earth & Environmental Sciences > Rocks & Minerals
rodents,1419,Rodents,"Children & Young Adult > Juvenile Nonfiction > Nature, Science & Technology > Animals > Mammals, Farm Animals & Pets > Rodents"
rodents,53411,Rodents,Science & Nature > Zoology > Chordates. Vertebrates > Mammals > Rodents
romance,630,Romance,Arts & Media > Comics & Graphic Novels > Manga > Romance || Literature > Genres > Literary Collections > Comics > Other National Comics > Manga > Romance
romance,642,Romance,Arts & Media > Comics & Graphic Novels > Romance
romance,1768,Romance,"Children & Young Adult > Young Adult Fiction > Arts, Media & Story Forms > Comics & Graphic Novels > Romance"
romance,1796,Romance,Children & Young Adult > Young Adult Fiction > Speculative & Supernatural > Fantasy > Romance
romance,1887,Romance,Children & Young Adult > Young Adult Fiction > Romance
romance,1904,Romance,Children & Young Adult > Young Adult Fiction > Speculative & Supernatural > Science Fiction > Romance
romance,3958,Romance,Literature > Genres > Religious Fiction > Christian > Romance
romance,3999,Romance,Literature > Genres > Fantasy > Romance
romance,4058,Romance,Literature > Genres > Romance
romance,5586,Romance,Literature > Romance
romance,13674,Romance,Literature > Literary History > Romance
romanian,3548,Romanian,History > By Region > European > Balkan Peninsula > Romanian
romanian,3827,Romanian,Language > Languages & Language Families > Indo-European Languages > Romance Languages > Romanian
romanian,10654,Romanian,History > Eras > Modern > 20th Century > World War I > Military operations > Eastern > Romanian || History > Military > World Wars > World War I > Military operations > Eastern > Romanian
romantic comedy,1894,Romantic Comedy,Children & Young Adult > Young Adult Fiction > Romance > Romantic Comedy
romantic comedy,4098,Romantic Comedy,"Literature > Genres > Romance > Tone, Occasion & Collections > Romantic Comedy"
romanticism,582,Romanticism,"Arts & Media > Architecture > Architectural History > Architectural History Overview > Romanticism || Applied Sciences & Technology > Civil, Structural & Construction > Architecture > Architectural History > Architectural History Overview > Romanticism"
romanticism,1023,Romanticism,"Arts & Media > Visual Arts > History, Theory & Education > Art History > Romanticism"
royalty,1451,Royalty,"Children & Young Adult > Juvenile Nonfiction > People, Society & History > Biography & Autobiography > Royalty"
royalty,1895,Royalty,"Children & Young Adult > Young Adult Fiction > History, Politics & Society > Royalty"
royalty,1978,Royalty,"Children & Young Adult > Young Adult Nonfiction > People, Society & History > Biography & Autobiography > Royalty"
royalty,3253,Royalty,Biography > Royalty
rugs,543,Rugs,Arts & Media > Antiques & Collectibles > Art & Furniture Collectibles > Rugs
rugs,3102,Rugs,"Home & Hobbies > Crafts & Hobbies > Fiber, Needlework & Sewing > Rugs"
runaways,1360,Runaways,"Children & Young Adult > Juvenile Fiction > Kids’ Fiction: Social Themes > Safety, Abuse & Risk > Runaways"
runaways,1930,Runaways,"Children & Young Adult > Young Adult Fiction > History, Politics & Society > Social Themes > Abuse, Violence & Safety > Runaways"
runaways,2151,Runaways,"Children & Young Adult > Juvenile Nonfiction > People, Society & History > Social Topics > Abuse, Violence & Safety > Runaways || Children & Young Adult > Young Adult Nonfiction > People, Society & History > Social Topics > Abuse, Violence & Safety > Runaways"
russia & former soviet republics,11609,Russia & Former Soviet Republics,Social Sciences > Politics & Government > By Region > Europe > Russia & Former Soviet Republics
russia & former soviet republics,13489,Russia & Former Soviet Republics,Social Sciences > Politics & Government > Government & Administration > Local & Municipal Government > Europe > Russia & Former Soviet Republics
russia & former soviet republics,52894,Russia & Former Soviet Republics,Social Sciences > Politics & Government > International Relations > Colonization & Migration > Europe > Russia & Former Soviet Republics
russia federation,2238,Russia Federation,Education > Individual institutions > European Schools & Colleges > East European Schools & Colleges > Russia Federation
russia federation,12041,Russia Federation,Social Sciences > Economics & Business > Economic history > European Economic History > Russia Federation
russia federation,13469,Russia Federation,Social Sciences > Anthropology > Folklore > Regional Folklore > European Folklore > Russia Federation
russian & former soviet union,1053,Russian & Former Soviet Union,Arts & Media > Visual Arts > Art by Region & Culture > Russian & Former Soviet Union
russian & former soviet union,3896,Russian & Former Soviet Union,Literature > Genres > Drama > Russian & Former Soviet Union
russian & former soviet union,4306,Russian & Former Soviet Union,Literature > Genres > Literary Collections > Russian & Former Soviet Union
russian & former soviet union,4357,Russian & Former Soviet Union,Literature > Literary Criticism > Regions & Literary Traditions > Russian & Former Soviet Union
russian & former soviet union,4442,Russian & Former Soviet Union,Literature > Genres > Poetry > Russian & Former Soviet Union
russian federation,11613,Russian Federation,Social Sciences > Politics & Government > By Region > Europe > Russian Federation
russian federation,13496,Russian Federation,Social Sciences > Politics & Government > Government & Administration > Local & Municipal Government > Europe > Russian Federation
safety,1526,Safety,"Children & Young Adult > Juvenile Nonfiction > Life, Learning & Work > Health & Daily Living > Safety"
safety,2030,Safety,Children & Young Adult > Young Adult Nonfiction > YA Health & Daily Living > Safety
safety & security,3144,Safety & Security,Home & Hobbies > House & Home > Safety & Security
safety & security,3196,Safety & Security,"Personal Growth > Grief, Safety & Life Changes > Safety & Security"
safety measures,8586,Safety measures,Recreation > Outdoor Recreation > Safety measures
safety measures,8621,Safety measures,Applied Sciences & Technology > Chemical & Process Engineering > Chemical technology > Food Processing > Safety measures
sandwiches,2938,Sandwiches,"Home & Hobbies > Cooking > Courses, Meals & Dishes > Sandwiches"
sandwiches,9382,Sandwiches,Home & Hobbies > Home economics > Cooking > Sandwiches
sao tome and principe,3361,Sao Tome and Principe,History > By Region > African > West > Lusophone West Africa > Sao Tome and Principe
sao tome and principe,12163,Sao Tome and Principe,Social Sciences > Economics & Business > Economic history > African Economic History > Sao Tome and Principe
sardinian,3828,Sardinian,Language > Languages & Language Families > Indo-European Languages > Romance Languages > Sardinian
sardinian,51499,Sardinian,History > By Region > European > South > Italian > Local > Sardinian
satellite communications,490,Satellite Communications,Applied Sciences & Technology > Transportation > Transport & Communications > Telecom & Broadcasting > Satellite Communications
satellite communications,7823,Satellite Communications,Applied Sciences & Technology > Electrical & Electronic Engineering > Electrical Engineering > Telecommunication > Satellite Communications
satire,1896,Satire,"Children & Young Adult > Young Adult Fiction > Arts, Media & Story Forms > Humorous > Satire"
satire,4107,Satire,Literature > Genres > Humorous Fiction > Satire
scandinavia,13501,Scandinavia,Social Sciences > Politics & Government > Government & Administration > Local & Municipal Government > Europe > Scandinavia
scandinavia,52896,Scandinavia,Social Sciences > Politics & Government > International Relations > Colonization & Migration > Europe > Scandinavia
scandinavia,54036,Scandinavia,Language > Journalism > Newspapers > Scandinavia
scandinavian,54016,Scandinavian,Literature > General Literary Studies > Journalism & Periodicals > Periodicals > Scandinavian || Reference & Information > Periodicals > Scandinavian
scandinavian,54045,Scandinavian,Literature > Genres > Literary Collections > General collections > Scandinavian
schizophrenia,5447,Schizophrenia,Health & Medicine > Psychiatry > Clinical Psychology > Mental Health > Psychopathology > Schizophrenia || Health & Medicine > Internal Medicine > Psychiatry > Clinical Psychology > Mental Health > Psychopathology > Schizophrenia || Health & Medicine > Internal Medicine > Neuroscience & Neuropsychiatry > Psychiatry > Clinical Psychology > Mental Health > Psychopathology > Schizophrenia || Social Sciences > Psychology > Applied > Clinical Psychology > Mental Health > Psychopathology > Schizophrenia
schizophrenia,12661,Schizophrenia,Health & Medicine > Internal Medicine > Psychopathology > Schizophrenia
school & education,716,School & Education,Arts & Media > Humor & Satire > Topic > School & Education || Literature > Genres > Humor & Satire > Topic > School & Education
school & education,1330,School & Education,"Children & Young Adult > Juvenile Fiction > Learning, Work & Technology > School & Education"
school & education,1663,School & Education,"Children & Young Adult > Juvenile Nonfiction > Life, Learning & Work > School & Education"
school & education,1897,School & Education,"Children & Young Adult > Young Adult Fiction > Life, Learning & Work > School & Education"
school & education,2122,School & Education,"Children & Young Adult > Young Adult Nonfiction > Life, Learning & Work > School & Education"
school safety,2198,School Safety,"Education > Policy, Philosophy & History > Educational Policy & Reform > School Safety"
school safety,12648,School Safety,Education > Teaching & Learning > Education Theory & Practice > School Administration > School Safety
science,13539,Science,Biography > Science
science,52353,Science,Literature > Literary Theory > Special Elements & Subjects > Science
science & nature,1331,Science & Nature,"Children & Young Adult > Juvenile Fiction > Animals, Nature & Environment > Science & Nature"
science & nature,1464,Science & Nature,"Children & Young Adult > Juvenile Nonfiction > Arts, Media & Literature > Comics & Graphic Novels > Science & Nature"
science & nature,1660,Science & Nature,"Children & Young Adult > Juvenile Nonfiction > People, Society & History > Religion > Christian > Science & Nature"
science & nature,1664,Science & Nature,"Children & Young Adult > Juvenile Nonfiction > Nature, Science & Technology > Science & Nature"
science & nature,1900,Science & Nature,"Children & Young Adult > Young Adult Fiction > Nature, Places & Travel > Science & Nature"
science & nature,1990,Science & Nature,"Children & Young Adult > Young Adult Nonfiction > Arts, Media & Literature > Comics & Graphic Novels > Science & Nature"
science & nature,2123,Science & Nature,"Children & Young Adult > Young Adult Nonfiction > Nature, Science & Technology > Science & Nature"
science & nature,4779,Science & Nature,Science & Nature
science & technology,1452,Science & Technology,"Children & Young Adult > Juvenile Nonfiction > People, Society & History > Biography & Autobiography > Science & Technology"
science & technology,1979,Science & Technology,"Children & Young Adult > Young Adult Nonfiction > People, Society & History > Biography & Autobiography > Science & Technology"
science & technology,2311,Science & Technology,Education > Teaching & Learning > Teaching > Subjects > Science & Technology
science & technology,3254,Science & Technology,Biography > Science & Technology
science & technology,11777,Science & Technology,Social Sciences > Politics & Government > Public Policy & Civil Society > Public Policy > Science & Technology
science fiction,632,Science Fiction,Arts & Media > Comics & Graphic Novels > Manga > Science Fiction || Literature > Genres > Literary Collections > Comics > Other National Comics > Manga > Science Fiction
science fiction,643,Science Fiction,Arts & Media > Comics & Graphic Novels > Science Fiction
science fiction,1167,Science Fiction,Children & Young Adult > Juvenile Fiction > Story Forms & Reading Formats > Comics & Graphic Novels > Science Fiction
science fiction,1769,Science Fiction,"Children & Young Adult > Young Adult Fiction > Arts, Media & Story Forms > Comics & Graphic Novels > Science Fiction"
science fiction,1882,Science Fiction,Children & Young Adult > Young Adult Fiction > YA Religious Fiction > Christian > Science Fiction
science fiction,1901,Science Fiction,Children & Young Adult > Young Adult Fiction > Speculative & Supernatural > Science Fiction
science fiction,4100,Science Fiction,Literature > Genres > Romance > Science Fiction
science fiction,4108,Science Fiction,Literature > Genres > Science Fiction
science fiction & fantasy,883,Science Fiction & Fantasy,Arts & Media > Performing Arts > Film > Genres > Science Fiction & Fantasy || Literature > General Literary Studies > Film > Genres > Science Fiction & Fantasy
science fiction & fantasy,1073,Science Fiction & Fantasy,Arts & Media > Visual Arts > Art Themes & Movements > Subjects & Themes > Science Fiction & Fantasy
science fiction & fantasy,4358,Science Fiction & Fantasy,Literature > General Literary Studies > Prose > Science Fiction & Fantasy || Literature > Literary Criticism > Genres & Forms > Science Fiction & Fantasy
"science fiction, fantasy & horror",903,"Science Fiction, Fantasy & Horror","Arts & Media > Performing Arts > Television > Genres > Science Fiction, Fantasy & Horror"
"science fiction, fantasy & horror",3981,"Science Fiction, Fantasy & Horror","Literature > Genres > Erotica > Science Fiction, Fantasy & Horror"
scotland,4220,Scotland,Literature > Germanic & Nordic > Scotland
scotland,52885,Scotland,Social Sciences > Politics & Government > International Relations > Colonization & Migration > Europe > Scotland
scottish,3530,Scottish,History > By Region > European > West > British Isles > Scottish
scottish,4076,Scottish,Literature > Genres > Romance > Historical Romance > Scottish
screenwriting,887,Screenwriting,Arts & Media > Performing Arts > Film > Screenwriting || Literature > General Literary Studies > Film > Screenwriting
screenwriting,906,Screenwriting,Arts & Media > Performing Arts > Television > Screenwriting
sculpture,1054,Sculpture,"Arts & Media > Visual Arts > Media, Techniques & Practices > Sculpture & Applied Arts > Sculpture"
sculpture,1437,Sculpture,"Children & Young Adult > Juvenile Nonfiction > Arts, Media & Literature > Art > Sculpture"
sculpture,1965,Sculpture,"Children & Young Adult > Young Adult Nonfiction > Arts, Media & Literature > Art > Sculpture"
seasons,1178,Seasons,"Children & Young Adult > Juvenile Fiction > Learning, Work & Technology > Concepts > Seasons"
seasons,1479,Seasons,"Children & Young Adult > Juvenile Nonfiction > Life, Learning & Work > Concepts > Seasons"
seasons,5027,Seasons,Science & Nature > Earth & Environmental Sciences > Seasons
secondary education,2327,Secondary Education,Education > Teaching & Learning > Education Theory & Practice > Secondary Education
secondary education,8819,Secondary education,"Education > Policy, Philosophy & History > History of education > U.S. Education History > Secondary education"
security,163,Security,Applied Sciences & Technology > Computing & IT > Security & Digital Forensics > Security
security,5376,Security,Social Sciences > Politics & Government > Security & Conflict > Security
security measures,7256,Security measures,Applied Sciences & Technology > Electrical & Electronic Engineering > Electrical Engineering > Electric Power Generation > Security measures
security measures,7589,Security measures,Applied Sciences & Technology > Electrical & Electronic Engineering > Electrical Engineering > Telecommunication > Security measures
self-esteem & self-reliance,1710,Self-Esteem & Self-Reliance,"Children & Young Adult > Juvenile Nonfiction > People, Society & History > Social Topics > Mental & Emotional Wellbeing > Self-Esteem & Self-Reliance || Children & Young Adult > Young Adult Nonfiction > People, Society & History > Social Topics > Mental & Emotional Wellbeing > Self-Esteem & Self-Reliance"
self-esteem & self-reliance,1931,Self-Esteem & Self-Reliance,"Children & Young Adult > Young Adult Fiction > History, Politics & Society > Social Themes > Mental & Emotional Wellbeing > Self-Esteem & Self-Reliance"
self-harm,1913,Self-Harm,"Children & Young Adult > Young Adult Fiction > History, Politics & Society > Social Themes > Mental & Emotional Wellbeing > Mental Illness > Self-Harm"
self-harm,2147,Self-Harm,"Children & Young Adult > Juvenile Nonfiction > People, Society & History > Social Topics > Mental & Emotional Wellbeing > Self-Harm || Children & Young Adult > Young Adult Nonfiction > People, Society & History > Social Topics > Mental & Emotional Wellbeing > Self-Harm"
self-harm,3174,Self-Harm,Personal Growth > Emotions > Self-Harm
semantics,3785,Semantics,Language > Linguistics > Language Structure & Meaning > Semantics
semantics,7323,Semantics,Language > Linguistics > Language Structure & Meaning > Comparative Grammar & Linguistics > Semantics
senses & sensation,1179,Senses & Sensation,"Children & Young Adult > Juvenile Fiction > Learning, Work & Technology > Concepts > Senses & Sensation"
senses & sensation,1480,Senses & Sensation,"Children & Young Adult > Juvenile Nonfiction > Life, Learning & Work > Concepts > Senses & Sensation"
senses & sensation,8182,Senses & sensation,"Arts & Media > Visual Arts > History, Theory & Education > Arts in general > Art Subjects > Senses & sensation"
senses & sensation,10850,Senses & sensation,Philosophy > Epistemology & Knowledge > Senses & sensation
serbian & croatian,3741,Serbian & Croatian,Language > Languages & Language Families > Indo-European Languages > Slavic Languages > Serbian & Croatian
serbian & croatian,13657,Serbian & Croatian,Literature > Slavic & Eurasian > Serbian & Croatian
sexuality,2683,Sexuality,Health & Medicine > Health & Fitness > Sexuality
sexuality,5250,Sexuality,"Social Sciences > Family, Population & Migration > Family, Gender & Life Course > Gender & Sexuality > Sexuality"
sexuality & pregnancy,1527,Sexuality & Pregnancy,"Children & Young Adult > Juvenile Nonfiction > Life, Learning & Work > Health & Daily Living > Sexuality & Pregnancy"
sexuality & pregnancy,2031,Sexuality & Pregnancy,Children & Young Adult > Young Adult Nonfiction > YA Health & Daily Living > Sexuality & Pregnancy
shakespeare,3897,Shakespeare,Literature > Genres > Drama > Shakespeare
shakespeare,4360,Shakespeare,Literature > Literary Criticism > Genres & Forms > Shakespeare
shakespeare,4443,Shakespeare,Literature > Genres > Poetry > Shakespeare
shipping,501,Shipping,Applied Sciences & Technology > Transportation > Transport & Communications > Air & Water Transportation > Shipping
shipping,8563,Shipping,Applied Sciences & Technology > Transportation > Transport & Communications > Air & Water Transportation > Water transportation > Shipping
short stories,1341,Short Stories,Children & Young Adult > Juvenile Fiction > Story Forms & Reading Formats > Short Stories
short stories,4124,Short Stories,Literature > Genres > Forms & Literary Traditions > Short Stories
short stories,4361,Short Stories,Literature > Literary Criticism > Genres & Forms > Short Stories
siberia,10337,Siberia,History > Eras > Modern > 20th Century > World War I > Military operations > Eastern > Siberia || History > Military > World Wars > World War I > Military operations > Eastern > Siberia
siberia,11577,Siberia,History > By Region > European > East > Russian > Local > Siberia
siblings,1200,Siblings,Children & Young Adult > Juvenile Fiction > Kids’ Family Fiction > Siblings
siblings,1499,Siblings,"Children & Young Adult > Juvenile Nonfiction > People, Society & History > Family > Siblings"
siblings,1790,Siblings,"Children & Young Adult > Young Adult Fiction > History, Politics & Society > Family > Siblings"
siblings,2010,Siblings,Children & Young Adult > Young Adult Nonfiction > YA Family > Siblings
siblings,3985,Siblings,Literature > Genres > Family Life Fiction > Siblings
siblings,13174,Siblings,Family & Relationships > Family Forms & Kinship > Siblings
sign language,1580,Sign Language,"Children & Young Adult > Juvenile Nonfiction > Life, Learning & Work > School & Education > Language Arts > Sign Language"
sign language,3829,Sign Language,Language > Languages & Language Families > Sign Language
signaling,502,Signaling,Applied Sciences & Technology > Transportation > Transport & Communications > Telecom & Broadcasting > Signaling
signaling,6897,Signaling,"Applied Sciences & Technology > Transportation > Railway Engineering & Operation > Railway Operations > Signaling || Applied Sciences & Technology > Civil, Structural & Construction > Railway Engineering & Operation > Railway Operations > Signaling"
sikhism,4623,Sikhism,Religion > Religions of Indic origin > Sikhism
sikhism,11093,Sikhism,"Philosophy > History, Traditions & Regions > Historical Periods > Ancient & Classical Philosophy > Orient > Ancient Eastern Religious Thought > Sikhism"
singapore,4274,Singapore,"Literature > East Asian & Pacific > Asian, African & Oceanian > Singapore"
singapore,52946,Singapore,Social Sciences > Politics & Government > By Region > Asia > Southeast Asia > Singapore
size & shape,1180,Size & Shape,"Children & Young Adult > Juvenile Fiction > Learning, Work & Technology > Concepts > Size & Shape"
size & shape,1481,Size & Shape,"Children & Young Adult > Juvenile Nonfiction > Life, Learning & Work > Concepts > Size & Shape"
skin,2656,Skin,Health & Medicine > Health & Fitness > Diseases & Conditions > Skin
skin,7349,Skin,Health & Medicine > Surgery > Transplant Surgery > Skin
skin,8761,Skin,Health & Medicine > Surgery > Surgical Oncology > Skin
skin,9081,Skin,Health & Medicine > Internal Medicine > Internal Medicine Diagnosis > Skin
slang,9649,Slang,Language > Linguistics > Language Structure & Meaning > Comparative Grammar & Linguistics > Slang
slang,12198,Slang,Language > Languages & Language Families > Indo-European Languages > Germanic Languages > English Language > Slang
slavic,7303,Slavic,Reference & Information > Reference Books > Encyclopedias > Encyclopedias by Language > Slavic
slavic,7851,Slavic,Children & Young Adult > Juvenile Fiction > Children’s Fiction by Language > Slavic
slavic,54017,Slavic,Literature > General Literary Studies > Journalism & Periodicals > Periodicals > Slavic || Reference & Information > Periodicals > Slavic
slavic,54044,Slavic,Literature > Genres > Literary Collections > General collections > Slavic
slovak,3540,Slovak,History > By Region > European > Central > Slovak
slovak,12524,Slovak,Literature > Slavic & Eurasian > Slovak
slovak,13652,Slovak,Language > Languages & Language Families > Indo-European Languages > Slavic Languages > Slovak
slovakia,12187,Slovakia,Social Sciences > Politics & Government > By Region > Europe > Slovakia
slovakia,13482,Slovakia,Social Sciences > Politics & Government > Government & Administration > Local & Municipal Government > Europe > Slovakia
slovenian,12521,Slovenian,Literature > Slavic & Eurasian > Slovenian
slovenian,13649,Slovenian,Language > Languages & Language Families > Indo-European Languages > Slavic Languages > Slovenian
slovenian,51945,Slovenian,History > By Region > European > Balkan Peninsula > Slovenian
social & cultural,13704,Social & Cultural,History > By Region > European > Central > German > Social & Cultural
social & cultural,14017,Social & Cultural,History > By Region > European > North > Icelandic > Social & Cultural
social & cultural,51484,Social & Cultural,History > By Region > European > Central > German > Local > Berlin > Social & Cultural
social & cultural,51536,Social & Cultural,History > By Region > European > West > French > Local > Paris > Social & Cultural
social & cultural,51537,Social & Cultural,History > By Region > European > East > Polish > Social & Cultural
social & cultural,51588,Social & Cultural,History > By Region > European > West > British Isles > Irish > Social & Cultural
social & cultural,51604,Social & Cultural,History > By Region > European > West > British Isles > Scottish > Social & Cultural
social & cultural,51621,Social & Cultural,History > By Region > European > Balkan Peninsula > Romanian > Social & Cultural
social & cultural,51637,Social & Cultural,History > By Region > European > West > Benelux Countries > Dutch > Social & Cultural
social & cultural,51668,Social & Cultural,History > By Region > European > Central > Swiss > Social & Cultural
social & cultural,51671,Social & Cultural,History > By Region > European > Balkan Peninsula > Serbian > Social & Cultural
social & cultural,51728,Social & Cultural,History > By Region > European > Balkan Peninsula > Bulgarian > Social & Cultural
social & cultural,51738,Social & Cultural,History > By Region > European > Balkan Peninsula > Croatian > Social & Cultural
social & cultural,51757,Social & Cultural,History > By Region > European > North > Danish > Social & Cultural
social & cultural,51772,Social & Cultural,History > By Region > European > North > Norwegian > Social & Cultural
social & cultural,51786,Social & Cultural,History > By Region > European > West > Benelux Countries > Belgian > Social & Cultural
social & cultural,51801,Social & Cultural,History > By Region > European > North > Finnish > Social & Cultural
social & cultural,51817,Social & Cultural,History > By Region > European > West > British Isles > Welsh > Social & Cultural
social & cultural,51824,Social & Cultural,History > By Region > European > Balkan Peninsula > Albanian > Social & Cultural
social & cultural,51837,Social & Cultural,History > By Region > European > East > Estonian > Social & Cultural
social & cultural,51846,Social & Cultural,History > By Region > European > East > Latvian > Social & Cultural
social & cultural,51901,Social & Cultural,History > By Region > European > South > Maltese > Social & Cultural
social & cultural,51912,Social & Cultural,History > By Region > European > East > Moldovan > Social & Cultural
social & cultural,51933,Social & Cultural,History > By Region > European > South > Cypriot > Social & Cultural
social & cultural,51948,Social & Cultural,History > By Region > European > Balkan Peninsula > Slovenian > Social & Cultural
social & cultural,51986,Social & Cultural,History > By Region > European > Balkan Peninsula > Kosovo > Social & Cultural
social & cultural,52314,Social & Cultural,History > By Region > European > South > Greek > Modern > Social & Cultural
social activists,1453,Social Activists,"Children & Young Adult > Juvenile Nonfiction > People, Society & History > Biography & Autobiography > Social Activists"
social activists,1980,Social Activists,"Children & Young Adult > Young Adult Nonfiction > People, Society & History > Biography & Autobiography > Social Activists"
social activists,3255,Social Activists,Biography > Social Activists
social aspects,167,Social Aspects,"Applied Sciences & Technology > Computing & IT > Learning, Reference & Society > Social Aspects"
social aspects,435,Social Aspects,"Applied Sciences & Technology > Technology & Engineering > History, Philosophy & Society > Social Aspects"
social issues,1322,Social Issues,"Children & Young Adult > Juvenile Fiction > History, Biography & Society > Children’s Religious Fiction > Christian > Social Issues"
social issues,1883,Social Issues,Children & Young Adult > Young Adult Fiction > YA Religious Fiction > Christian > Social Issues
social science,1686,Social Science,"Children & Young Adult > Juvenile Nonfiction > People, Society & History > Social Topics > Social Science"
social science,2136,Social Science,"Children & Young Adult > Young Adult Nonfiction > People, Society & History > Social Science"
social science,2312,Social Science,Education > Teaching & Learning > Teaching > Subjects > Social Science
social topics,1465,Social Topics,"Children & Young Adult > Juvenile Nonfiction > Arts, Media & Literature > Comics & Graphic Novels > Social Topics"
social topics,1661,Social Topics,"Children & Young Adult > Juvenile Nonfiction > People, Society & History > Religion > Christian > Social Topics"
social topics,1693,Social Topics,"Children & Young Adult > Juvenile Nonfiction > People, Society & History > Social Topics"
social topics,1991,Social Topics,"Children & Young Adult > Young Adult Nonfiction > Arts, Media & Literature > Comics & Graphic Novels > Social Topics"
social topics,2143,Social Topics,"Children & Young Adult > Young Adult Nonfiction > People, Society & History > Social Topics"
social/cultural hist.,51855,Social/Cultural Hist.,History > By Region > European > East > Lithuanian > Social/Cultural Hist.
social/cultural hist.,51892,Social/Cultural Hist.,History > By Region > European > East > Belarusian > Social/Cultural Hist.
social/cultural hist.,51923,Social/Cultural Hist.,History > By Region > European > West > Benelux Countries > Luxembourg > Social/Cultural Hist.
social/cultural hist.,51973,Social/Cultural Hist.,History > By Region > European > Balkan Peninsula > North Macedonian > Social/Cultural Hist.
society,13860,Society,History > By Region > Oceanian > Australia & New Zealand > Australian > Society
society,51885,Society,Literature > Literary Theory > Special Elements & Subjects > Society
society & culture,11819,Society & Culture,Social Sciences > Politics & Government > Political Theory > Ideologies > Socialism & Communism > Society & Culture
society & culture,12626,Society & Culture,History > By Region > European > East > Russian > General & Soviet Era > Society & Culture
sociology,1692,Sociology,"Children & Young Adult > Juvenile Nonfiction > People, Society & History > Social Topics > Social Science > Sociology"
sociology,2142,Sociology,"Children & Young Adult > Young Adult Nonfiction > People, Society & History > Social Science > Sociology"
sociology,5488,Sociology,Social Sciences > Sociology
software,1470,Software,"Children & Young Adult > Juvenile Nonfiction > Nature, Science & Technology > Technology > Computers > Software"
software,1996,Software,"Children & Young Adult > Young Adult Nonfiction > Nature, Science & Technology > Computers > Software"
sounds,1181,Sounds,"Children & Young Adult > Juvenile Fiction > Learning, Work & Technology > Concepts > Sounds"
sounds,1482,Sounds,"Children & Young Adult > Juvenile Nonfiction > Life, Learning & Work > Concepts > Sounds"
south,2431,South,"Geography, Places & Travel > Travel > African Travel > South"
south,2528,South,"Geography, Places & Travel > Travel > U.S. Travel > South"
south,3422,South,History > By Region > North American > U.S. > Local > South
south,3508,South,History > By Region > Asian > South
south,5541,South,History > By Region > European > South
south,7931,South,Literature > English > Regional English > American > American Regional > South
south america,11924,South America,Social Sciences > Politics & Government > By Region > Americas > Caribbean & Latin America > Latin America > South America
south america,54056,South America,Social Sciences > Statistics > Statistics by Region > South America
southeast,2442,Southeast,"Geography, Places & Travel > Travel > Asian Travel > Southeast"
southeast,3509,Southeast,History > By Region > Asian > Southeast
southeast asian,3020,Southeast Asian,Home & Hobbies > Cooking > Regional & Ethnic > Asian Cooking > Southeast Asian
southeast asian,4225,Southeast Asian,Literature > East Asian & Pacific > Southeast Asian
southern,3366,Southern,History > By Region > African > Southern
southern,4126,Southern,Literature > Genres > Southern
southern,50950,Southern,History > By Region > North American > U.S. > Local > West > California > Southern
soviet bloc,10260,Soviet Bloc,History > Eras > Modern > 20th Century > Post-war 1945- > 1945-1965 > Political & Diplomatic > Soviet Bloc
soviet bloc,10274,Soviet Bloc,History > Eras > Modern > 20th Century > Post-war 1945- > 1965-1989 > Political & Diplomatic > Soviet Bloc
"soviet occupation, 1940–1991",11336,"Soviet Occupation, 1940–1991","History > By Region > European > East > Latvian > By Period > Soviet Occupation, 1940–1991"
"soviet occupation, 1940–1991",11371,"Soviet Occupation, 1940–1991","History > By Region > European > East > Lithuanian > By Period > Soviet Occupation, 1940–1991"
"soviet occupation, 1940–1991",11374,"Soviet Occupation, 1940–1991","History > By Region > European > East > Estonian > By Period > Soviet Occupation, 1940–1991"
space exploration,1339,Space Exploration,Children & Young Adult > Juvenile Fiction > Kids’ Science Fiction > Space Exploration
space exploration,4119,Space Exploration,Literature > Genres > Science Fiction > Space Exploration
space exploration,4896,Space Exploration,Science & Nature > Astronomy & Space Science > Space Science > Space Exploration
space opera,1905,Space Opera,Children & Young Adult > Young Adult Fiction > Speculative & Supernatural > Science Fiction > Space Opera
space opera,4120,Space Opera,Literature > Genres > Science Fiction > Space Opera
space science,4892,Space Science,Science & Nature > Astronomy & Space Science > Space Science
space science,9393,Space Science,Science & Nature > Astronomy & Space Science > Descriptive astronomy > Space Science
spain,4226,Spain,Literature > Romance > Spain
spain,11623,Spain,Social Sciences > Politics & Government > By Region > Europe > Spain
spain,13503,Spain,Social Sciences > Politics & Government > Government & Administration > Local & Municipal Government > Europe > Spain
spain,52897,Spain,Social Sciences > Politics & Government > International Relations > Colonization & Migration > Europe > Spain
spain & portugal,2471,Spain & Portugal,"Geography, Places & Travel > Travel > European Travel > Spain & Portugal"
spain & portugal,10993,Spain & Portugal,"Philosophy > History, Traditions & Regions > Historical Periods > Modern Philosophy > Regional Modern Philosophy > Spain & Portugal"
spanish & portuguese,3890,Spanish & Portuguese,Literature > Genres > Drama > European Drama > Spanish & Portuguese
spanish & portuguese,4299,Spanish & Portuguese,Literature > Genres > Literary Collections > European Literary Collections > Spanish & Portuguese
spanish & portuguese,4336,Spanish & Portuguese,Literature > Literary Criticism > Regions & Literary Traditions > European Literary Criticism > Spanish & Portuguese
spanish & portuguese,4437,Spanish & Portuguese,Literature > Genres > Poetry > European Poetry > Spanish & Portuguese
spanish & portuguese,7498,Spanish & Portuguese,Education > Education Serials & Societies > Spanish & Portuguese
spanish & portuguese,10216,Spanish & Portuguese,History > By Region > The Americas > Exploration of the Americas > Post-Columbian period. El Dorado > Spanish & Portuguese
spanish & portuguese,54018,Spanish & Portuguese,Literature > General Literary Studies > Journalism & Periodicals > Periodicals > Spanish & Portuguese || Reference & Information > Periodicals > Spanish & Portuguese
spanish & portuguese,54043,Spanish & Portuguese,Literature > Genres > Literary Collections > General collections > Spanish & Portuguese
special classes,5484,Special classes,Social Sciences > Social Welfare & Services > Social Welfare > Special classes
special classes,8204,Special classes,Social Sciences > Social Welfare & Services > Social Welfare > Welfare Assistance & Relief > Special classes
special disposal methods,9277,Special disposal methods,"Applied Sciences & Technology > Civil, Structural & Construction > Environmental > Solid Waste > Special disposal methods || Applied Sciences & Technology > Environmental, Energy & Safety > Environmental > Solid Waste > Special disposal methods"
special disposal methods,9673,Special disposal methods,"Applied Sciences & Technology > Civil, Structural & Construction > Environmental > Hazardous Materials & Disposal > Special disposal methods || Applied Sciences & Technology > Environmental, Energy & Safety > Environmental > Hazardous Materials & Disposal > Special disposal methods"
special education,2268,Special Education,"Education > Students, Inclusion & Support > Special Education"
special education,2283,Special Education,"Education > Students, Inclusion & Support > Education Support Topics > Special Education"
special education,9038,Special Education,"Education > Students, Inclusion & Support > Education Support Topics > Education by Student Group > Special Education"
special elements & subjects,8293,Special Elements & Subjects,Literature > Literary Theory > Special Elements & Subjects
special elements & subjects,8887,Special elements & subjects,"Arts & Media > Visual Arts > Media, Techniques & Practices > Painting > Manuscript & Book Illumination > Special elements & subjects"
special forms,1061,Special forms,"Arts & Media > Visual Arts > Media, Techniques & Practices > Sculpture & Applied Arts > Sculpture > Special forms"
special forms,8126,Special forms,Literature > Germanic & Nordic > German > History > Special forms
special forms,9171,Special forms,Literature > English > Folk > Special forms
special forms,9521,Special forms,Literature > Germanic & Nordic > Netherlands > Dutch Literary Studies > Special forms
special languages,6378,Special Languages,Language > Languages & Language Families > Constructed & Secret Languages > Special Languages
special languages,7328,Special languages,Language > Languages & Language Families > Uralic & Basque > Samoyedic languages > Special languages
special materials,1062,Special materials,"Arts & Media > Visual Arts > Media, Techniques & Practices > Sculpture & Applied Arts > Sculpture > Special materials"
special materials,7707,Special materials,Applied Sciences & Technology > Materials Science & Nanotechnology > Engineering Materials > Special materials
special methods,7604,Special methods,"Geography, Places & Travel > Geography > Geography Theory & Methods > Special methods"
special methods,11154,Special methods,Arts & Media > Aesthetics > Aesthetic Theory & Methods > Special methods || Philosophy > Aesthetics > Aesthetic Theory & Methods > Special methods
spectroscopy,4898,Spectroscopy,Science & Nature > Physics > Spectroscopy
spectroscopy,8389,Spectroscopy,Science & Nature > Physics > Optics > Spectroscopy
sports,633,Sports,Arts & Media > Comics & Graphic Novels > Manga > Sports || Literature > Genres > Literary Collections > Comics > Other National Comics > Manga > Sports
sports,717,Sports,Arts & Media > Humor & Satire > Topic > Sports || Literature > Genres > Humor & Satire > Topic > Sports
sports,952,Sports,"Arts & Media > Photography & Imaging > Collections, Subjects & Reference > Subjects & Themes > Sports"
sports,2520,Sports,"Geography, Places & Travel > Travel > Special Interest > Sports"
sports,3257,Sports,Biography > Sports
sports,4127,Sports,Literature > Genres > Sports
sports,4642,Sports,Recreation > Gambling > Sports || Social Sciences > Criminology > Crimes & Offenses > Gambling > Sports
sports,13641,Sports,Recreation > Sports
sports & recreation,1323,Sports & Recreation,"Children & Young Adult > Juvenile Fiction > History, Biography & Society > Children’s Religious Fiction > Christian > Sports & Recreation"
sports & recreation,1454,Sports & Recreation,"Children & Young Adult > Juvenile Nonfiction > People, Society & History > Biography & Autobiography > Sports & Recreation"
sports & recreation,1981,Sports & Recreation,"Children & Young Adult > Young Adult Nonfiction > People, Society & History > Biography & Autobiography > Sports & Recreation"
state & local,1555,State & Local,"Children & Young Adult > Juvenile Nonfiction > People, Society & History > Children’s History > Children’s U.S. History > State & Local"
state & local,2055,State & Local,"Children & Young Adult > Young Adult Nonfiction > People, Society & History > YA History > YA U.S. History > State & Local"
statistics,5218,Statistics,Social Sciences > Economics & Business > Economic Theory > Statistics
statistics,5457,Statistics,"Social Sciences > Psychology > Research & Assessment > Assessment, Testing & Measurement > Statistics"
statistics,5520,Statistics,Social Sciences > Statistics
statistics,5994,Statistics,"Reference & Information > Bibliographies, Catalogs & Indexes > Subject bibliography > Society, Law & Education > Statistics"
statistics,7124,Statistics,Biography > Statistics
steampunk,1935,Steampunk,Children & Young Adult > Young Adult Fiction > Speculative & Supernatural > Science Fiction > Steampunk
steampunk,4121,Steampunk,Literature > Genres > Science Fiction > Steampunk
sticker,1099,Sticker,Children & Young Adult > Juvenile Fiction > Story Forms & Reading Formats > Activity Books > Sticker
sticker,1391,Sticker,"Children & Young Adult > Juvenile Nonfiction > Recreation, Travel & Adventure > Activity Books > Sticker"
stone,7686,Stone,"Arts & Media > Visual Arts > Media, Techniques & Practices > Sculpture & Applied Arts > Sculpture > Special materials > Stone"
stone,8678,Stone,"Arts & Media > Visual Arts > History, Theory & Education > Arts in general > Art Subjects > Stone"
street photography,953,Street Photography,"Arts & Media > Photography & Imaging > Collections, Subjects & Reference > Subjects & Themes > Street Photography"
street photography,12574,Street Photography,Arts & Media > Photography & Imaging > Photography Specialties > Applied photography > Artistic photography > Street Photography
strings,814,Strings,Arts & Media > Music > Creation & Performance > Musical Instruments > Strings
strings,832,Strings,"Arts & Media > Music > Sources, Publishing & Collections > Printed Music > Strings"
student life,8041,Student life,"Education > Policy, Philosophy & History > History of education > Higher education > Student life"
student life,9552,Student life,"Education > Policy, Philosophy & History > History of education > U.S. Education History > Student life"
studies,4250,Studies,Literature > Germanic & Nordic > German > Studies
studies,11801,Studies,"Social Sciences > Family, Population & Migration > Family, Gender & Life Course > Family & Relationships > Studies"
study aids,1714,Study Aids,"Children & Young Adult > Juvenile Nonfiction > Life, Learning & Work > School & Education > Study Aids"
study aids,2153,Study Aids,"Children & Young Adult > Young Adult Nonfiction > Life, Learning & Work > Study Aids"
study aids,2335,Study Aids,Study Aids
"study, teaching & research",6094,"Study, Teaching & Research","Science & Nature > Physics > Electricity & Electromagnetism > Electricity > Reference, History & Study > Study, Teaching & Research"
"study, teaching & research",12321,"Study, Teaching & Research","Social Sciences > Sociology > Study, Teaching & Research"
"study, teaching & research",12603,"Study, Teaching & Research","Social Sciences > Politics & Government > Political Science > Study, Teaching & Research"
styles,7192,Styles,Arts & Media > Design & Decorative Arts > Decorative Arts > Furniture > Styles
styles,8339,Styles,"Arts & Media > Visual Arts > Media, Techniques & Practices > Painting > Technique & materials > Styles"
subjects & themes,936,Subjects & Themes,"Arts & Media > Photography & Imaging > Collections, Subjects & Reference > Subjects & Themes"
subjects & themes,1066,Subjects & Themes,Arts & Media > Visual Arts > Art Themes & Movements > Subjects & Themes
subjects & themes,4362,Subjects & Themes,"Literature > Literary Criticism > Theory, Comparison & Reading > Subjects & Themes"
subjects & themes,4444,Subjects & Themes,Literature > Genres > Poetry > Subjects & Themes
submarine operations,8162,Submarine operations,History > Eras > Modern > 20th Century > World War I > Submarine operations || History > Military > World Wars > World War I > Submarine operations
submarine operations,10698,Submarine operations,History > Eras > Modern > 20th Century > World War II > Submarine operations || History > Military > World Wars > World War II > Submarine operations
success,3194,Success,Personal Growth > Motivation & Self-Management > Personal Growth > Success || Social Sciences > Psychology > Applied > Success
success,10980,Success,Philosophy > Ethics > Character & Virtue Ethics > Applied Ethics > Success
suicide,1932,Suicide,"Children & Young Adult > Young Adult Fiction > History, Politics & Society > Social Themes > Mental & Emotional Wellbeing > Mental Illness > Suicide"
suicide,2152,Suicide,"Children & Young Adult > Juvenile Nonfiction > People, Society & History > Social Topics > Mental & Emotional Wellbeing > Suicide || Children & Young Adult > Young Adult Nonfiction > People, Society & History > Social Topics > Mental & Emotional Wellbeing > Suicide"
suicide,5458,Suicide,Health & Medicine > Psychiatry > Clinical Psychology > Mental Health > Suicide || Health & Medicine > Internal Medicine > Psychiatry > Clinical Psychology > Mental Health > Suicide || Health & Medicine > Internal Medicine > Neuroscience & Neuropsychiatry > Psychiatry > Clinical Psychology > Mental Health > Suicide || Social Sciences > Psychology > Applied > Clinical Psychology > Mental Health > Suicide
suicide,6025,Suicide,"Reference & Information > Bibliographies, Catalogs & Indexes > Subject bibliography > Medicine, Health & Disability > Suicide"
suicide,9332,Suicide,Health & Medicine > Public aspects of medicine > Forensic & Legal Medicine > Suicide
suicide,11060,Suicide,Philosophy > Metaphysics & Ontology > Ontology > Death > Suicide
superheroes,644,Superheroes,Arts & Media > Comics & Graphic Novels > Superheroes
superheroes,1168,Superheroes,Children & Young Adult > Juvenile Fiction > Story Forms & Reading Formats > Comics & Graphic Novels > Superheroes
superheroes,1770,Superheroes,"Children & Young Adult > Young Adult Fiction > Arts, Media & Story Forms > Comics & Graphic Novels > Superheroes"
superheroes,1936,Superheroes,Children & Young Adult > Young Adult Fiction > Speculative & Supernatural > Superheroes
superheroes,4128,Superheroes,Literature > Genres > Superheroes
supernatural,634,Supernatural,Arts & Media > Comics & Graphic Novels > Manga > Supernatural || Literature > Genres > Literary Collections > Comics > Other National Comics > Manga > Supernatural
supernatural,645,Supernatural,Arts & Media > Comics & Graphic Novels > Supernatural
supernatural,1942,Supernatural,"Children & Young Adult > Young Adult Fiction > Mystery, Crime & Suspense > Thrillers & Suspense > Supernatural"
supernatural,3315,Supernatural,"Body, Mind & Spirit > Supernatural"
supernatural,4139,Supernatural,Literature > Genres > Thrillers > Supernatural
surgery,2854,Surgery,Health & Medicine > Surgery
surgery,8376,Surgery,Health & Medicine > Otolaryngology > Rhinology & Sinonasal Diseases > Surgery || Health & Medicine > Surgery > Surgical Specialties by System > Otolaryngology > Rhinology & Sinonasal Diseases > Surgery
surveying,293,Surveying,"Applied Sciences & Technology > Civil, Structural & Construction > Civil Engineering > Surveying"
surveying,438,Surveying,"Applied Sciences & Technology > Civil, Structural & Construction > Surveying"
survival stories,1096,Survival Stories,Children & Young Adult > Juvenile Fiction > Kids’ Action & Adventure > Survival Stories
survival stories,1737,Survival Stories,Children & Young Adult > Young Adult Fiction > Action & Adventure > Survival Stories
suspense,3960,Suspense,Literature > Genres > Religious Fiction > Christian > Romance > Suspense
suspense,3961,Suspense,Literature > Genres > Religious Fiction > Christian > Suspense
suspense,4140,Suspense,Literature > Genres > Thrillers > Suspense
sweden,4473,Sweden,Literature > Germanic & Nordic > Sweden
sweden,11622,Sweden,Social Sciences > Politics & Government > By Region > Europe > Sweden
switzerland,11625,Switzerland,Social Sciences > Politics & Government > By Region > Europe > Switzerland
switzerland,13505,Switzerland,Social Sciences > Politics & Government > Government & Administration > Local & Municipal Government > Europe > Switzerland
switzerland,52899,Switzerland,Social Sciences > Politics & Government > International Relations > Colonization & Migration > Europe > Switzerland
systematic divisions,7039,Systematic divisions,Science & Nature > Botany > Seed Plants > Systematic divisions
systematic divisions,8218,Systematic divisions,Science & Nature > Microbiology > Virology > Systematic divisions
systematic divisions,8460,Systematic divisions,Science & Nature > Geology > Paleobotany > Systematic divisions
systems & methods,852,Systems & methods,Arts & Media > Music > Theory & Education > Music theory > Systems & methods
systems & methods,8862,Systems & methods,Arts & Media > Music > Theory & Education > Instruction & Study > Music study abroad > Vocal music > Singing & vocal technique > Systems & methods || Arts & Media > Music > Creation & Performance > Vocal music > Singing & vocal technique > Systems & methods
systems engineering,439,Systems Engineering,Applied Sciences & Technology > Technology & Engineering > Systems Engineering
systems engineering,9758,Systems engineering,Applied Sciences & Technology > Transportation > Vehicle & Aerospace Engineering > Astronautics > Systems engineering
table,4643,Table,Recreation > Gambling > Table || Social Sciences > Criminology > Crimes & Offenses > Gambling > Table
table,6443,Table,Home & Hobbies > Home economics > Dining-room service > Table
tajik,3596,Tajik,History > By Region > Asian > Tajik
tajik,8002,Tajik,Language > Languages & Language Families > Indo-European Languages > Indo-Iranian Languages > Iranian Philology & Literature > Tajik
tank operations,7491,Tank operations,History > Eras > Modern > 20th Century > World War I > Tank operations || History > Military > World Wars > World War I > Tank operations
tank operations,10610,Tank operations,History > Eras > Modern > 20th Century > World War II > Tank operations || History > Military > World Wars > World War II > Tank operations
taoism,4624,Taoism,Religion > East Asian Religions > Taoism
taoism,10861,Taoism,"Philosophy > History, Traditions & Regions > Historical Periods > Ancient & Classical Philosophy > Orient > Ancient Eastern Religious Thought > Taoism"
teacher certification,2364,Teacher Certification,Study Aids > Professional Exam Guides > Teacher Certification
teacher certification,13090,Teacher Certification,Education > Teaching & Learning > Education Theory & Practice > Teacher Education > Teacher Certification
teaching methods,2302,Teaching Methods,Education > Teaching & Learning > Teaching > Teaching Methods
teaching methods,8865,Teaching methods,Home & Hobbies > Crafts & Hobbies > Mixed Media Crafts & Reference > Arts & Crafts > School Workshops > Teaching methods
technology,1370,Technology,"Children & Young Adult > Juvenile Fiction > Learning, Work & Technology > Technology"
technology,1717,Technology,"Children & Young Adult > Juvenile Nonfiction > Nature, Science & Technology > Technology"
technology,1937,Technology,"Children & Young Adult > Young Adult Fiction > Life, Learning & Work > Technology"
technology,2156,Technology,"Children & Young Adult > Young Adult Nonfiction > Nature, Science & Technology > Technology"
technology,5819,Technology,History > Military > Technology
technology & engineering,5563,Technology & Engineering,Applied Sciences & Technology > Technology & Engineering
technology & engineering,6027,Technology & Engineering,"Reference & Information > Bibliographies, Catalogs & Indexes > Subject bibliography > Technology & Engineering"
telecommunications,453,Telecommunications,Applied Sciences & Technology > Electrical & Electronic Engineering > Telecommunications
telecommunications,9797,Telecommunications,Biography > Telecommunications
television,896,Television,Arts & Media > Performing Arts > Television
television,6034,Television,"Reference & Information > Bibliographies, Catalogs & Indexes > Subject bibliography > Technology & Engineering > Television"
television,7514,Television,Applied Sciences & Technology > Electrical & Electronic Engineering > Electrical Engineering > Amateur Electrical Engineering > Television
television & radio,1293,Television & Radio,"Children & Young Adult > Juvenile Fiction > Arts, Culture & Imagination > Performing Arts > Television & Radio"
television & radio,1627,Television & Radio,"Children & Young Adult > Juvenile Nonfiction > Arts, Media & Literature > Performing Arts > Television & Radio"
television & radio,1867,Television & Radio,"Children & Young Adult > Young Adult Fiction > Arts, Media & Story Forms > Performing Arts > Television & Radio"
television & radio,2101,Television & Radio,"Children & Young Adult > Young Adult Nonfiction > Arts, Media & Literature > Performing Arts > Television & Radio"
teratology,6427,Teratology,Science & Nature > Human Anatomy > Human embryology > Teratology || Health & Medicine > Biomedical Foundations & Research > Human Anatomy > Human embryology > Teratology
teratology,9848,Teratology,Science & Nature > Zoology > Embryology > Teratology
terminology,10845,Terminology,Social Sciences > Psychology > Research & Assessment > Terminology
terminology,10893,Terminology,Philosophy > Philosophy Reference > Terminology
terrorism,4142,Terrorism,Literature > Genres > Thrillers > Terrorism
terrorism,5377,Terrorism,Social Sciences > Politics & Government > Security & Conflict > Terrorism
test preparation,1716,Test Preparation,"Children & Young Adult > Juvenile Nonfiction > Life, Learning & Work > School & Education > Study Aids > Test Preparation"
test preparation,2155,Test Preparation,"Children & Young Adult > Young Adult Nonfiction > Life, Learning & Work > Study Aids > Test Preparation"
test preparation,2769,Test Preparation,"Health & Medicine > Nursing > Education, Research & Reference > Test Preparation"
test preparation,2887,Test Preparation,"Health & Medicine > Education, Ethics & Reference > Test Preparation"
textile industries,358,Textile industries,Applied Sciences & Technology > Industrial Production > Textile industries
textile industries,52618,Textile Industries,Social Sciences > Economics & Business > Industries > Manufacturing Industries > Textile Industries
texts & translations,12560,Texts & Translations,Religion > Bible > Old & New Testaments > New Testament > Texts & Translations
texts & translations,12654,Texts & Translations,Religion > Bible > Old & New Testaments > Old Testament > Texts & Translations
thai,3022,Thai,Home & Hobbies > Cooking > Regional & Ethnic > Asian Cooking > Thai
thai,3511,Thai,History > By Region > Asian > Southeast > Thai
thanksgiving,1243,Thanksgiving,"Children & Young Adult > Juvenile Fiction > History, Biography & Society > Holidays & Celebrations > Thanksgiving"
thanksgiving,1567,Thanksgiving,"Children & Young Adult > Juvenile Nonfiction > Recreation, Travel & Adventure > Holidays & Celebrations > Thanksgiving"
theater & musicals,1294,Theater & Musicals,"Children & Young Adult > Juvenile Fiction > Arts, Culture & Imagination > Performing Arts > Theater & Musicals"
theater & musicals,1628,Theater & Musicals,"Children & Young Adult > Juvenile Nonfiction > Arts, Media & Literature > Performing Arts > Theater & Musicals"
theater & musicals,1868,Theater & Musicals,"Children & Young Adult > Young Adult Fiction > Arts, Media & Story Forms > Performing Arts > Theater & Musicals"
theater & musicals,2102,Theater & Musicals,"Children & Young Adult > Young Adult Nonfiction > Arts, Media & Literature > Performing Arts > Theater & Musicals"
theology,4612,Theology,Religion > Islam > Theology || Religion > Other Religions & Movements > Islam > Theology
theology,5523,Theology,Religion > Religious Studies > Theology
theory,10465,Theory,History > Civilization > Theory
theory,12260,Theory,Social Sciences > Sociology > Theory
theory,12890,Theory,Social Sciences > Politics & Government > International Relations > Theory
therapeutics,2590,Therapeutics,Health & Medicine > Dermatology > Therapeutics
therapeutics,2823,Therapeutics,Health & Medicine > Pediatrics > Therapeutics
therapeutics,8792,Therapeutics,Health & Medicine > Dentistry > Oral Medicine > Therapeutics
"through 1900, a–z",11914,"Through 1900, A–Z","Literature > English > Regional English > Anglophone Canadian > By Period > Through 1900, A–Z"
"through 1900, a–z",11926,"Through 1900, A–Z","Literature > English > Regional English > Anglophone Australian Lit. > By Period > Through 1900, A–Z"
"through 1900, a–z",11930,"Through 1900, A–Z","Literature > English > Regional English > Anglophone New Zealand Lit. > By Period > Through 1900, A–Z"
"through 1900, a–z",11934,"Through 1900, A–Z","Literature > English > Regional English > Anglophone Indian > By Period > Through 1900, A–Z"
"through 1900, a–z",11938,"Through 1900, A–Z","Literature > English > Regional English > Anglophone South African Lit. > By Period > Through 1900, A–Z"
"through 1960, a–z",11960,"Through 1960, A–Z","Literature > Romance > Spain > Regional Spanish > Cuban Spanish > By Period > Through 1960, A–Z"
"through 1960, a–z",11969,"Through 1960, A–Z","Literature > Romance > Spain > Regional Spanish > Colombian Spanish > By Period > Through 1960, A–Z"
"through 1960, a–z",11973,"Through 1960, A–Z","Literature > Romance > Spain > Regional Spanish > Venezuelan Spanish > By Period > Through 1960, A–Z"
"through 1960, a–z",11982,"Through 1960, A–Z","Literature > Romance > Spain > Regional Spanish > Uruguayan Spanish > By Period > Through 1960, A–Z"
tibeto-burman languages,4276,Tibeto-Burman languages,"Literature > East Asian & Pacific > Asian, African & Oceanian > Tibeto-Burman languages"
tibeto-burman languages,7070,Tibeto-Burman languages,"Literature > East Asian & Pacific > Asian, African & Oceanian > Sino-Tibetan languages > Tibeto-Burman languages"
time,4901,Time,Science & Nature > Physics > Time
time,7057,Time,Science & Nature > Astronomy & Space Science > Practical & Spherical Astronomy > Time
time management,3203,Time Management,Personal Growth > Motivation & Self-Management > Self-Management > Time Management
time management,5222,Time Management,Social Sciences > Economics & Business > Business Management > Time Management
time management,9191,Time management,Education > Teaching & Learning > Education Theory & Practice > Student Life & Customs > Time management
time travel,1340,Time Travel,Children & Young Adult > Juvenile Fiction > Kids’ Science Fiction > Time Travel
time travel,1906,Time Travel,Children & Young Adult > Young Adult Fiction > Speculative & Supernatural > Science Fiction > Time Travel
time travel,4103,Time Travel,Literature > Genres > Romance > Time Travel
time travel,4122,Time Travel,Literature > Genres > Science Fiction > Time Travel
to 1810,11950,To 1810,Literature > Romance > Spain > Regional Spanish > Argentine Spanish > By Period > To 1810
to 1810,11955,To 1810,Literature > Romance > Spain > Regional Spanish > Mexican Spanish > By Period > To 1810
to 1810,11964,To 1810,Literature > Romance > Spain > Regional Spanish > Chilean Spanish > By Period > To 1810
to 1810,11977,To 1810,Literature > Romance > Spain > Regional Spanish > Peruvian Spanish > By Period > To 1810
tobacco industry,359,Tobacco industry,Applied Sciences & Technology > Industrial Production > Tobacco industry
tobacco industry,52448,Tobacco Industry,Social Sciences > Economics & Business > Industries > Food Industry & Trade > Tobacco Industry
toilet training,1208,Toilet Training,"Children & Young Adult > Juvenile Fiction > Health, Sports & Daily Living > Health & Daily Living > Toilet Training"
toilet training,1528,Toilet Training,"Children & Young Adult > Juvenile Nonfiction > Life, Learning & Work > Health & Daily Living > Toilet Training"
tools,173,Tools,Applied Sciences & Technology > Computing & IT > Software Engineering > Tools
tools,8282,Tools,"Arts & Media > Visual Arts > Media, Techniques & Practices > Art Studios & Materials > Tools"
toxicology,2846,Toxicology,Health & Medicine > Public aspects of medicine > Toxicology
toxicology,2904,Toxicology,Health & Medicine > Toxicology
toxicology,4824,Toxicology,Science & Nature > Chemistry > Toxicology
toxicology,6026,Toxicology,"Reference & Information > Bibliographies, Catalogs & Indexes > Subject bibliography > Medicine, Health & Disability > Toxicology"
toys,551,Toys,"Arts & Media > Design & Decorative Arts > Decorative Arts > Toys || Arts & Media > Antiques & Collectibles > Toys, Dolls & Miniatures > Toys || Arts & Media > Design & Decorative Arts > Decorative Arts > Toys, Dolls & Miniatures > Toys"
toys,6607,Toys,Home & Hobbies > Crafts & Hobbies > Mixed Media Crafts & Reference > Arts & Crafts > Articles for children > Toys
"toys, dolls & puppets",1374,"Toys, Dolls & Puppets","Children & Young Adult > Juvenile Fiction > Arts, Culture & Imagination > Toys, Dolls & Puppets"
"toys, dolls & puppets",1725,"Toys, Dolls & Puppets","Children & Young Adult > Juvenile Nonfiction > Recreation, Travel & Adventure > Toys, Dolls & Puppets"
trade unions,8717,Trade unions,Education > Teaching & Learning > Education Theory & Practice > Higher education > Trade unions
trade unions,12361,Trade Unions,"Social Sciences > Economics & Business > Labor, Work & Working Class > Trade Unions"
training,3153,Training,Home & Hobbies > Pets > Dogs > Training
training,5224,Training,Social Sciences > Economics & Business > Work > Training
training,8080,Training,Education > Teaching & Learning > Education Theory & Practice > Teaching Principles & Practice > Training
transgender,3980,Transgender,Literature > Genres > Erotica > LGBTQ+ > Transgender
transgender,4024,Transgender,Literature > Genres > LGBTQ+ Fiction > Transgender
transgender,4085,Transgender,Literature > Genres > Romance > Identity & Relationship Forms > LGBTQ+ > Transgender
translations,4257,Translations,Literature > Classical > Greek > Translations
translations,4458,Translations,Literature > Classical > Latin & Italic > Roman > Translations
translations,9456,Translations,Literature > Classical > Greek > Ancient Greek Authors > Translations
transportation,237,Transportation,"Applied Sciences & Technology > Civil, Structural & Construction > Civil > Transportation"
transportation,458,Transportation,Applied Sciences & Technology > Transportation
transportation,1726,Transportation,"Children & Young Adult > Juvenile Nonfiction > Recreation, Travel & Adventure > Transportation"
transportation,2163,Transportation,"Children & Young Adult > Young Adult Nonfiction > Recreation, Travel & Adventure > Transportation"
transportation,2905,Transportation,Health & Medicine > Transportation
transportation,5176,Transportation,Social Sciences > Economics & Business > Industries > Transportation
travel,718,Travel,Arts & Media > Humor & Satire > Topic > Travel || Literature > Genres > Humor & Satire > Topic > Travel
travel,1732,Travel,"Children & Young Adult > Juvenile Nonfiction > Recreation, Travel & Adventure > Travel"
travel,2167,Travel,"Children & Young Adult > Young Adult Nonfiction > Recreation, Travel & Adventure > Travel"
travel,2395,Travel,"Geography, Places & Travel > Geography > Travel"
travel,2426,Travel,"Geography, Places & Travel > Travel"
travel,52312,Travel,Literature > Literary Theory > Special Elements & Subjects > Travel
treaties,5346,Treaties,Social Sciences > Politics & Government > International Relations > Treaties
treaties,10558,Treaties,History > Eras > Modern > 20th Century > World War I > Diplomatic > Treaties || History > Military > World Wars > World War I > Diplomatic > Treaties
trees & forests,1335,Trees & Forests,"Children & Young Adult > Juvenile Fiction > Animals, Nature & Environment > Science & Nature > Trees & Forests"
trees & forests,1683,Trees & Forests,"Children & Young Adult > Juvenile Nonfiction > Nature, Science & Technology > Science & Nature > Trees & Forests"
tribology,456,Tribology,Applied Sciences & Technology > Mechanical & Industrial Engineering > Tribology
tribology,8181,Tribology,Applied Sciences & Technology > Mechanical & Industrial Engineering > Mechanical > Machine Design & Production > Machinery Except Prime Movers > Tribology
trivia,701,Trivia,Arts & Media > Humor & Satire > Form > Trivia || Literature > Genres > Humor & Satire > Form > Trivia
trivia,4656,Trivia,"Recreation > Puzzles, Trivia & Brain Games > Trivia"
trivia,4773,Trivia,Reference & Information > Practical Reference & Guides > Trivia
trucks,467,Trucks,Applied Sciences & Technology > Transportation > Automotive > Trucks
trucks,9715,Trucks,Applied Sciences & Technology > Transportation > Vehicle & Aerospace Engineering > Motor vehicles. Cycles > Trucks
"truth, error & certitude",8178,"Truth, Error & Certitude","Philosophy > Logic & Reasoning > Truth, Error & Certitude"
"truth, error & certitude",10962,"Truth, Error & Certitude","Philosophy > Epistemology & Knowledge > Truth, Error & Certitude"
"turkish period, 1517-1918",11403,"Turkish period, 1517-1918","History > By Region > Middle Eastern > Syrian > By Period > Turkish period, 1517-1918"
"turkish period, 1517-1918",11418,"Turkish period, 1517-1918","History > By Region > Middle Eastern > Iraqi > By Period > Turkish period, 1517-1918"
"turkish period, 1517-1918",11425,"Turkish period, 1517-1918","History > By Region > Middle Eastern > Lebanon Phenicia > By Period > Turkish period, 1517-1918"
twelve-step programs,3210,Twelve-Step Programs,Personal Growth > Addiction & Recovery > Substance Abuse & Addictions > Twelve-Step Programs
twelve-step programs,10882,Twelve-step programs,Philosophy > Ethics > Character & Virtue Ethics > Applied Ethics > Twelve-step programs
u.s.,3402,U.S.,History > By Region > North American > U.S.
u.s.,3659,U.S.,History > Military > U.S.
u.s.,4152,U.S.,Literature > American & Caribbean > U.S.
u.s. & canada,7389,U.S. & Canada,Education > Education Serials & Societies > U.S. & Canada
u.s. & canada,11942,U.S. & Canada,Literature > Romance > Spain > Regional Spanish > U.S. & Canada
u.s. theater,12511,U.S. Theater,Literature > General Literary Studies > Drama > Theatrical Performance > U.S. Theater
u.s. theater,52362,U.S. Theater,Biography > U.S. Theater
ukraine,11610,Ukraine,Social Sciences > Politics & Government > By Region > Europe > Ukraine
ukraine,13495,Ukraine,Social Sciences > Politics & Government > Government & Administration > Local & Municipal Government > Europe > Ukraine
ukrainian,3603,Ukrainian,History > By Region > European > East > Ukrainian
ukrainian,12523,Ukrainian,Literature > Slavic & Eurasian > Ukrainian
ukrainian,13651,Ukrainian,Language > Languages & Language Families > Indo-European Languages > Slavic Languages > Ukrainian
united states,5327,United States,Social Sciences > Politics & Government > By Region > Americas > North America > United States
united states,13370,United States,Social Sciences > Politics & Government > Government & Administration > Local & Municipal Government > United States
united states,52558,United States,"Social Sciences > Family, Population & Migration > Family, Gender & Life Course > Family & Relationships > By Region > North America > United States"
united states,52940,United States,Social Sciences > Methods & Reference > Research > United States
unity & plurality,6540,Unity & plurality,Philosophy > Metaphysics & Ontology > Ontology > Unity & plurality
unity & plurality,12999,Unity & Plurality,"Philosophy > Philosophy of Religion > Unity & Plurality || Philosophy > History, Traditions & Regions > Historical Periods > Modern Philosophy > Philosophy of Religion > Unity & Plurality || Religion > Religious Studies > Philosophy of Religion > Unity & Plurality"
urban,2331,Urban,"Education > Levels, Settings & Types > Urban"
urban,4000,Urban,Literature > Genres > Fantasy > Urban
urban & street lit,3941,Urban & Street Lit,Literature > Genres > Cultural Heritage Fiction > African American & Black > Urban & Street Lit
urban & street lit,4143,Urban & Street Lit,Literature > Genres > Urban & Street Lit
urban ecology,53301,Urban Ecology,"Social Sciences > Sociology > Communities, Classes & Race > Cities & Urban Studies > Urban Culture & Recreation > Urban Ecology"
urban ecology,53495,Urban Ecology,Science & Nature > Biology > Ecology > Urban Ecology
uruguayan,4232,Uruguayan,Literature > American & Caribbean > South American > Uruguayan
uruguayan,5545,Uruguayan,History > By Region > Latin American > Uruguayan
utopias,5378,Utopias,Social Sciences > Politics & Government > Political Theory > Utopias
utopias,52358,Utopias,Literature > Literary Theory > Special Elements & Subjects > Utopias
valentine's day,1244,Valentine's Day,"Children & Young Adult > Juvenile Fiction > History, Biography & Society > Holidays & Celebrations > Valentine's Day"
valentine's day,1568,Valentine's Day,"Children & Young Adult > Juvenile Nonfiction > Recreation, Travel & Adventure > Holidays & Celebrations > Valentine's Day"
values & virtues,1324,Values & Virtues,"Children & Young Adult > Juvenile Fiction > History, Biography & Society > Children’s Religious Fiction > Christian > Values & Virtues"
values & virtues,1364,Values & Virtues,"Children & Young Adult > Juvenile Fiction > Kids’ Fiction: Social Themes > Society, Values & Belonging > Values & Virtues"
values & virtues,1662,Values & Virtues,"Children & Young Adult > Juvenile Nonfiction > People, Society & History > Religion > Christian > Values & Virtues"
values & virtues,1711,Values & Virtues,"Children & Young Adult > Juvenile Nonfiction > People, Society & History > Social Topics > Values, Manners & Growing Up > Values & Virtues || Children & Young Adult > Young Adult Nonfiction > People, Society & History > Social Topics > Values, Manners & Growing Up > Values & Virtues"
values & virtues,1933,Values & Virtues,"Children & Young Adult > Young Adult Fiction > History, Politics & Society > Social Themes > Values, Faith & Growing Up > Values & Virtues"
vampires,1944,Vampires,Children & Young Adult > Young Adult Fiction > Speculative & Supernatural > YA Supernatural Fiction > Vampires
vampires,4093,Vampires,Literature > Genres > Romance > Paranormal > Vampires
variation,6909,Variation,Science & Nature > Microbiology > Virology > Variation
variation,7302,Variation,Science & Nature > Biology > Evolution > Variation
vegetables,3038,Vegetables,Home & Hobbies > Cooking > Specific Ingredients > Vegetables
vegetables,12935,Vegetables,Applied Sciences & Technology > Agriculture > Plant Production & Horticulture > Crops & Economic Botany > Vegetables
vietnamese,3024,Vietnamese,Home & Hobbies > Cooking > Regional & Ethnic > Asian Cooking > Vietnamese
vietnamese,3513,Vietnamese,History > By Region > Asian > Southeast > Vietnamese
vietnamese,3747,Vietnamese,Language > Languages & Language Families > East & Southeast Asian Languages > Vietnamese
violence,1365,Violence,"Children & Young Adult > Juvenile Fiction > Kids’ Fiction: Social Themes > Safety, Abuse & Risk > Violence"
violence,1712,Violence,"Children & Young Adult > Juvenile Nonfiction > People, Society & History > Social Topics > Abuse, Violence & Safety > Violence || Children & Young Adult > Young Adult Nonfiction > People, Society & History > Social Topics > Abuse, Violence & Safety > Violence"
violence,1934,Violence,"Children & Young Adult > Young Adult Fiction > History, Politics & Society > Social Themes > Abuse, Violence & Safety > Violence"
virology,4862,Virology,Science & Nature > Biology > Life Sciences > Microbiology > Virology
virology,4980,Virology,Science & Nature > Microbiology > Virology
visionary & metaphysical,1945,Visionary & Metaphysical,Children & Young Adult > Young Adult Fiction > Speculative & Supernatural > Visionary & Metaphysical
visionary & metaphysical,4144,Visionary & Metaphysical,Literature > Genres > Visionary & Metaphysical
vocabulary & spelling,1581,Vocabulary & Spelling,"Children & Young Adult > Juvenile Nonfiction > Life, Learning & Work > School & Education > Language Arts > Vocabulary & Spelling"
vocabulary & spelling,2066,Vocabulary & Spelling,"Children & Young Adult > Young Adult Nonfiction > Arts, Media & Literature > Language Arts > Vocabulary & Spelling"
vocal music,854,Vocal music,Arts & Media > Music > Theory & Education > Instruction & Study > Music study abroad > Vocal music || Arts & Media > Music > Creation & Performance > Vocal music
vocal music,10068,Vocal music,"Arts & Media > Music > History, Culture & Criticism > Music History & Criticism > Music Research & Reference > Research, History & Context > Music Historical Studies > Vocal music"
vocational guidance,6384,Vocational guidance,Language > Communication & Rhetoric > Communication & Media > Vocational guidance
vocational guidance,6545,Vocational guidance,Literature > General Literary Studies > Oratory & Elocution > Vocational guidance
vocational guidance,8135,Vocational guidance,Applied Sciences & Technology > Mechanical & Industrial Engineering > Mechanical > Mechanical Automata > Vocational guidance
vocational guidance,9811,Vocational guidance,Arts & Media > Design & Decorative Arts > Decorative Arts > Decorative Design > Vocational guidance
vocational guidance,10852,Vocational guidance,Social Sciences > Psychology > Applied > Counseling Psychology > Vocational guidance
vocational guidance,11130,Vocational Guidance,Social Sciences > Psychology > Professional Practice > Vocational Guidance
wales,4233,Wales,Literature > Germanic & Nordic > Wales
wales,52887,Wales,Social Sciences > Politics & Government > International Relations > Colonization & Migration > Europe > Wales
war & military,1383,War & Military,"Children & Young Adult > Juvenile Fiction > History, Biography & Society > War & Military"
war & military,1946,War & Military,"Children & Young Adult > Young Adult Fiction > History, Politics & Society > War & Military"
war & military,4145,War & Military,Literature > Genres > War & Military
water analysis,6501,Water Analysis,"Applied Sciences & Technology > Civil, Structural & Construction > Environmental > Domestic & Industrial Water > Water Analysis || Applied Sciences & Technology > Environmental, Energy & Safety > Environmental > Domestic & Industrial Water > Water Analysis"
water analysis,7985,Water analysis,Science & Nature > Chemistry > Analytical chemistry > Water analysis
water supply,298,Water Supply,"Applied Sciences & Technology > Civil, Structural & Construction > Environmental > Water Supply || Applied Sciences & Technology > Environmental, Energy & Safety > Environmental > Water Supply"
water supply,8098,Water supply,"Applied Sciences & Technology > Civil, Structural & Construction > Environmental > Rural Sanitary Engineering > Water supply || Applied Sciences & Technology > Environmental, Energy & Safety > Environmental > Rural Sanitary Engineering > Water supply"
watercolor painting,1039,Watercolor painting,"Arts & Media > Visual Arts > Media, Techniques & Practices > Painting > Watercolor painting"
watercolor painting,1089,Watercolor Painting,"Arts & Media > Visual Arts > Media, Techniques & Practices > Visual Art Techniques > Watercolor Painting"
waterfowl,1112,Waterfowl,"Children & Young Adult > Juvenile Fiction > Animals, Nature & Environment > Animals > Birds > Waterfowl"
waterfowl,1403,Waterfowl,"Children & Young Adult > Juvenile Nonfiction > Nature, Science & Technology > Animals > Birds > Waterfowl"
weather,1336,Weather,"Children & Young Adult > Juvenile Fiction > Animals, Nature & Environment > Science & Nature > Weather"
weather,1676,Weather,"Children & Young Adult > Juvenile Nonfiction > Nature, Science & Technology > Science & Nature > Earth Sciences > Weather"
weather,5029,Weather,Science & Nature > Earth & Environmental Sciences > Weather
weddings,4774,Weddings,Reference & Information > Practical Reference & Guides > Weddings
weddings,11097,Weddings,Philosophy > Ethics > Etiquette > Hosting Etiquette > Etiquette of special occasions > Weddings || Philosophy > Social & Political Philosophy > Etiquette > Hosting Etiquette > Etiquette of special occasions > Weddings
weights & measures,1684,Weights & Measures,"Children & Young Adult > Juvenile Nonfiction > Nature, Science & Technology > Science & Nature > Weights & Measures"
weights & measures,4903,Weights & Measures,Science & Nature > Scientific Methods & Tools > Weights & Measures
weights & measures,5042,Weights & measures,Science & Nature > Physics > Weights & measures
west,2432,West,"Geography, Places & Travel > Travel > African Travel > West"
west,2532,West,"Geography, Places & Travel > Travel > U.S. Travel > West"
west,3373,West,History > By Region > African > West
west,3423,West,History > By Region > North American > U.S. > Local > West
west,3615,West,History > By Region > European > West
west indies,6320,West Indies,"Reference & Information > Bibliographies, Catalogs & Indexes > National bibliography > America > West Indies"
west indies,6395,West Indies,"Reference & Information > Library & Archive Studies > Libraries & Collections > Library Reports, History & Data > West Indies"
west indies,11943,West Indies,Literature > Romance > Spain > Regional Spanish > West Indies
west indies,12698,West Indies,Literature > Romance > France > Regional French > French Abroad > West Indies
west indies,13342,West Indies,Social Sciences > Military Studies > Land Forces > Army Organization & Status > Armies by Country > North American Armies > West Indies
western,2473,Western,"Geography, Places & Travel > Travel > European Travel > Western"
western,3962,Western,Literature > Genres > Religious Fiction > Christian > Western
western,10620,Western,History > Eras > Modern > 20th Century > World War I > Military operations > Western || History > Military > World Wars > World War I > Military operations > Western
westerns,884,Westerns,Arts & Media > Performing Arts > Film > Genres > Westerns || Literature > General Literary Studies > Film > Genres > Westerns
westerns,1948,Westerns,"Children & Young Adult > Young Adult Fiction > History, Politics & Society > Westerns"
westerns,4146,Westerns,Literature > Genres > Westerns
wine,553,Wine,Arts & Media > Antiques & Collectibles > Regional & Thematic Collecting > Wine
wine,2916,Wine,Home & Hobbies > Cooking > Beverages > Alcoholic > Wine || Home & Hobbies > Home economics > Cooking > Beverages > Alcoholic > Wine
wine & winemaking,6045,Wine & Winemaking,"Reference & Information > Bibliographies, Catalogs & Indexes > Subject bibliography > Agriculture & Resource Bibliography > Wine & Winemaking"
wine & winemaking,7060,Wine & Winemaking,Applied Sciences & Technology > Chemical & Process Engineering > Chemical technology > Fermentation Industry > Wine & Winemaking
witchcraft,3303,Witchcraft,"Body, Mind & Spirit > Occult & Esoteric Traditions > Occult sciences > Witchcraft"
witchcraft,3318,Witchcraft,"Body, Mind & Spirit > Occult & Esoteric Traditions > Witchcraft"
"wolves, coyotes & wild dogs",1136,"Wolves, Coyotes & Wild Dogs","Children & Young Adult > Juvenile Fiction > Animals, Nature & Environment > Animals > Mammals, Farm Animals & Pets > Wolves, Coyotes & Wild Dogs"
"wolves, coyotes & wild dogs",1426,"Wolves, Coyotes & Wild Dogs","Children & Young Adult > Juvenile Nonfiction > Nature, Science & Technology > Animals > Mammals, Farm Animals & Pets > Wolves, Coyotes & Wild Dogs"
women,3700,Women,History > Groups of people > Women
women,10685,Women,History > Eras > Modern > 20th Century > World War II > Holocaust > Special groups of Jewish victims > Women || History > Military > World Wars > World War II > Holocaust > Special groups of Jewish victims > Women
women,51127,Women,"History > By Region > North American > U.S. > By Period > Revolutionary Period, 1775–1800 > Women"
women authors,3863,Women authors,"Literature > English > Regional English > American > Authors, Audiences & Subjects > Women authors"
women authors,3898,Women Authors,Literature > Genres > Drama > Women Authors
women authors,3929,Women authors,Literature > English > Women authors
women authors,4308,Women Authors,Literature > Genres > Literary Collections > Women Authors
women authors,4368,Women Authors,Literature > Literary Criticism > Identity & Critical Perspectives > Women Authors
women authors,4451,Women Authors,Literature > Genres > Poetry > Women Authors
wood,7353,Wood,"Arts & Media > Visual Arts > Media, Techniques & Practices > Sculpture & Applied Arts > Sculpture > Special materials > Wood"
wood,10026,Wood,Applied Sciences & Technology > Chemical & Process Engineering > Chemical technology > Fuel > Wood
woodwinds,815,Woodwinds,Arts & Media > Music > Creation & Performance > Musical Instruments > Woodwinds
woodwinds,834,Woodwinds,"Arts & Media > Music > Sources, Publishing & Collections > Printed Music > Woodwinds"
word games,1511,Word Games,"Children & Young Adult > Juvenile Nonfiction > Recreation, Travel & Adventure > Games & Activities > Word Games"
word games,4658,Word Games,"Recreation > Puzzles, Trivia & Brain Games > Word Games"
words,1182,Words,"Children & Young Adult > Juvenile Fiction > Learning, Work & Technology > Concepts > Words"
words,1483,Words,"Children & Young Adult > Juvenile Nonfiction > Life, Learning & Work > Concepts > Words"
world,2404,World,"Geography, Places & Travel > Maps > World"
world,3701,World,History > World
world war i,3694,World War I,History > Eras > Modern > 20th Century > World War I || History > Military > World Wars > World War I
world war i,4012,World War I,Literature > Genres > Historical Fiction > World War I
world war ii,3695,World War II,History > Eras > Modern > 20th Century > World War II || History > Military > World Wars > World War II
world war ii,4013,World War II,Literature > Genres > Historical Fiction > World War II
"world wars era, 1900–1945",10307,"World Wars Era, 1900–1945","History > By Region > European > Central > Swiss > By Period > World Wars Era, 1900–1945"
"world wars era, 1900–1945",10696,"World Wars Era, 1900–1945","History > By Region > European > North > World Wars Era, 1900–1945"
worms,1137,Worms,"Children & Young Adult > Juvenile Fiction > Animals, Nature & Environment > Animals > Insects & Other Invertebrates > Worms"
worms,1427,Worms,"Children & Young Adult > Juvenile Nonfiction > Nature, Science & Technology > Animals > Insects & Other Invertebrates > Worms"
writing,3837,Writing,Language > Writing
writing,4693,Writing,"Reference & Information > Books, Writing & Paleography > Writing"
yearbooks,13527,Yearbooks,Science & Nature > Yearbooks
yearbooks,13565,Yearbooks,Arts & Media > Performing Arts > Film > Yearbooks || Literature > General Literary Studies > Film > Yearbooks
z,8395,Z,"Reference & Information > Bibliographies, Catalogs & Indexes > Personal bibliography > Z"
z,11695,Z,Applied Sciences & Technology > Computing & IT > Foundations & Computer Science > Computer Science > Programming Languages > Z
zoology,1685,Zoology,"Children & Young Adult > Juvenile Nonfiction > Nature, Science & Technology > Science & Nature > Zoology"
zoology,2135,Zoology,"Children & Young Adult > Young Adult Nonfiction > Nature, Science & Technology > Science & Nature > Zoology"
zoology,4863,Zoology,Science & Nature > Biology > Life Sciences > Zoology
zoology,5048,Zoology,Science & Nature > Zoology
zoology,6017,Zoology,"Reference & Information > Bibliographies, Catalogs & Indexes > Subject bibliography > Natural Sciences & Mathematics > Zoology"
