code,hits,destination_id
RC480,1515,unified:dfc33620-db1a-5369-907e-1b93d9f2857a
RC480.5,1801,unified:dfc33620-db1a-5369-907e-1b93d9f2857a
RC480.5.A14,1,unified:dfc33620-db1a-5369-907e-1b93d9f2857a
RC480.5.A32,2,unified:dfc33620-db1a-5369-907e-1b93d9f2857a
RC480.5.A33,2,unified:dfc33620-db1a-5369-907e-1b93d9f2857a
RC480.5.A34,1,unified:dfc33620-db1a-5369-907e-1b93d9f2857a
RC480.5.A364,1,unified:dfc33620-db1a-5369-907e-1b93d9f2857a
RC480.5.A45,1,unified:dfc33620-db1a-5369-907e-1b93d9f2857a
RC480.5.A46,2,unified:dfc33620-db1a-5369-907e-1b93d9f2857a
RC480.5.A472,1,unified:dfc33620-db1a-5369-907e-1b93d9f2857a
RC480.5.A474,1,unified:dfc33620-db1a-5369-907e-1b93d9f2857a
RC480.5.A495,3,unified:dfc33620-db1a-5369-907e-1b93d9f2857a
RC480.5.A633,1,unified:dfc33620-db1a-5369-907e-1b93d9f2857a
RC480.5.A67,1,unified:dfc33620-db1a-5369-907e-1b93d9f2857a
RC480.5.A673,1,unified:dfc33620-db1a-5369-907e-1b93d9f2857a
RC480.5.A754,1,unified:dfc33620-db1a-5369-907e-1b93d9f2857a
RC480.5.A87,1,unified:dfc33620-db1a-5369-907e-1b93d9f2857a
RC480.5.A88,1,unified:dfc33620-db1a-5369-907e-1b93d9f2857a
RC480.5.B18,1,unified:dfc33620-db1a-5369-907e-1b93d9f2857a
RC480.5.B224,1,unified:dfc33620-db1a-5369-907e-1b93d9f2857a
RC480.5.B275,1,unified:dfc33620-db1a-5369-907e-1b93d9f2857a
RC480.5.B29,1,unified:dfc33620-db1a-5369-907e-1b93d9f2857a
RC480.5.B3225,1,unified:dfc33620-db1a-5369-907e-1b93d9f2857a
RC480.5.B325,1,unified:dfc33620-db1a-5369-907e-1b93d9f2857a
RC480.5.B34,1,unified:dfc33620-db1a-5369-907e-1b93d9f2857a
RC480.5.B35,1,unified:dfc33620-db1a-5369-907e-1b93d9f2857a
RC480.5.B356,1,unified:dfc33620-db1a-5369-907e-1b93d9f2857a
RC480.5.B374,1,unified:dfc33620-db1a-5369-907e-1b93d9f2857a
RC480.5.B378,1,unified:dfc33620-db1a-5369-907e-1b93d9f2857a
RC480.5.B4,1,unified:dfc33620-db1a-5369-907e-1b93d9f2857a
RC480.5.B42,1,unified:dfc33620-db1a-5369-907e-1b93d9f2857a
RC480.5.B446,2,unified:dfc33620-db1a-5369-907e-1b93d9f2857a
RC480.5.B455,6,unified:dfc33620-db1a-5369-907e-1b93d9f2857a
RC480.5.B475,1,unified:dfc33620-db1a-5369-907e-1b93d9f2857a
RC480.5.B573,1,unified:dfc33620-db1a-5369-907e-1b93d9f2857a
RC480.5.B594,1,unified:dfc33620-db1a-5369-907e-1b93d9f2857a
RC480.5.B6,1,unified:dfc33620-db1a-5369-907e-1b93d9f2857a
RC480.5.B64,1,unified:dfc33620-db1a-5369-907e-1b93d9f2857a
RC480.5.B69,2,unified:dfc33620-db1a-5369-907e-1b93d9f2857a
RC480.5.B725,1,unified:dfc33620-db1a-5369-907e-1b93d9f2857a
RC480.5.B744,1,unified:dfc33620-db1a-5369-907e-1b93d9f2857a
RC480.5.B762,2,unified:dfc33620-db1a-5369-907e-1b93d9f2857a
RC480.5.B798,1,unified:dfc33620-db1a-5369-907e-1b93d9f2857a
RC480.5.C356,1,unified:dfc33620-db1a-5369-907e-1b93d9f2857a
RC480.5.C3565,1,unified:dfc33620-db1a-5369-907e-1b93d9f2857a
RC480.5.C364,2,unified:dfc33620-db1a-5369-907e-1b93d9f2857a
RC480.5.C365,2,unified:dfc33620-db1a-5369-907e-1b93d9f2857a
RC480.5.C366513,1,unified:dfc33620-db1a-5369-907e-1b93d9f2857a
RC480.5.C3667,1,unified:dfc33620-db1a-5369-907e-1b93d9f2857a
RC480.5.C367,1,unified:dfc33620-db1a-5369-907e-1b93d9f2857a
RC480.5.C415,2,unified:dfc33620-db1a-5369-907e-1b93d9f2857a
RC480.5.C453,2,unified:dfc33620-db1a-5369-907e-1b93d9f2857a
RC480.5.C48,1,unified:dfc33620-db1a-5369-907e-1b93d9f2857a
RC480.5.C553,1,unified:dfc33620-db1a-5369-907e-1b93d9f2857a
RC480.5.C5535,1,unified:dfc33620-db1a-5369-907e-1b93d9f2857a
RC480.5.C574,1,unified:dfc33620-db1a-5369-907e-1b93d9f2857a
RC480.5.C5743,1,unified:dfc33620-db1a-5369-907e-1b93d9f2857a
RC480.5.C5772,2,unified:dfc33620-db1a-5369-907e-1b93d9f2857a
RC480.5.C5773,1,unified:dfc33620-db1a-5369-907e-1b93d9f2857a
RC480.5.C57736,2,unified:dfc33620-db1a-5369-907e-1b93d9f2857a
RC480.5.C58,2,unified:dfc33620-db1a-5369-907e-1b93d9f2857a
RC480.5.C62,1,unified:dfc33620-db1a-5369-907e-1b93d9f2857a
RC480.5.C624,1,unified:dfc33620-db1a-5369-907e-1b93d9f2857a
RC480.5.C645,2,unified:dfc33620-db1a-5369-907e-1b93d9f2857a
RC480.5.C647,1,unified:dfc33620-db1a-5369-907e-1b93d9f2857a
RC480.5.C75,1,unified:dfc33620-db1a-5369-907e-1b93d9f2857a
RC480.5.C86,2,unified:dfc33620-db1a-5369-907e-1b93d9f2857a
RC480.5.C884,2,unified:dfc33620-db1a-5369-907e-1b93d9f2857a
RC480.5.D38,1,unified:dfc33620-db1a-5369-907e-1b93d9f2857a
RC480.5.D44,1,unified:dfc33620-db1a-5369-907e-1b93d9f2857a
RC480.5.D465,1,unified:dfc33620-db1a-5369-907e-1b93d9f2857a
RC480.5.D5,1,unified:dfc33620-db1a-5369-907e-1b93d9f2857a
RC480.5.D525,1,unified:dfc33620-db1a-5369-907e-1b93d9f2857a
RC480.5.D54,1,unified:dfc33620-db1a-5369-907e-1b93d9f2857a
RC480.5.D56,1,unified:dfc33620-db1a-5369-907e-1b93d9f2857a
RC480.5.D74,2,unified:dfc33620-db1a-5369-907e-1b93d9f2857a
RC480.5.D75,1,unified:dfc33620-db1a-5369-907e-1b93d9f2857a
RC480.5.E365,1,unified:dfc33620-db1a-5369-907e-1b93d9f2857a
RC480.5.E385,1,unified:dfc33620-db1a-5369-907e-1b93d9f2857a
RC480.5.E54,1,unified:dfc33620-db1a-5369-907e-1b93d9f2857a
RC480.5.E66,1,unified:dfc33620-db1a-5369-907e-1b93d9f2857a
RC480.5.E795,1,unified:dfc33620-db1a-5369-907e-1b93d9f2857a
RC480.5.E85,2,unified:dfc33620-db1a-5369-907e-1b93d9f2857a
RC480.5.E875,2,unified:dfc33620-db1a-5369-907e-1b93d9f2857a
RC480.5.E95,1,unified:dfc33620-db1a-5369-907e-1b93d9f2857a
RC480.5.F323,1,unified:dfc33620-db1a-5369-907e-1b93d9f2857a
RC480.5.F325,1,unified:dfc33620-db1a-5369-907e-1b93d9f2857a
RC480.5.F377,1,unified:dfc33620-db1a-5369-907e-1b93d9f2857a
RC480.5.F38,1,unified:dfc33620-db1a-5369-907e-1b93d9f2857a
RC480.5.F39,1,unified:dfc33620-db1a-5369-907e-1b93d9f2857a
RC480.5.F45,1,unified:dfc33620-db1a-5369-907e-1b93d9f2857a
RC480.5.F465,1,unified:dfc33620-db1a-5369-907e-1b93d9f2857a
RC480.5.F4735,1,unified:dfc33620-db1a-5369-907e-1b93d9f2857a
RC480.5.F564,2,unified:dfc33620-db1a-5369-907e-1b93d9f2857a
RC480.5.F6,2,unified:dfc33620-db1a-5369-907e-1b93d9f2857a
RC480.5.F66,1,unified:dfc33620-db1a-5369-907e-1b93d9f2857a
RC480.5.F675,1,unified:dfc33620-db1a-5369-907e-1b93d9f2857a
RC480.5.F694,1,unified:dfc33620-db1a-5369-907e-1b93d9f2857a
RC480.5.F696,1,unified:dfc33620-db1a-5369-907e-1b93d9f2857a
RC480.5.F713,1,unified:dfc33620-db1a-5369-907e-1b93d9f2857a
RC480.5.F74,1,unified:dfc33620-db1a-5369-907e-1b93d9f2857a
RC480.5.F743,1,unified:dfc33620-db1a-5369-907e-1b93d9f2857a
RC480.5.F7437,1,unified:dfc33620-db1a-5369-907e-1b93d9f2857a
RC480.5.F7443,1,unified:dfc33620-db1a-5369-907e-1b93d9f2857a
RC480.5.F7446,1,unified:dfc33620-db1a-5369-907e-1b93d9f2857a
RC480.5.F7447,1,unified:dfc33620-db1a-5369-907e-1b93d9f2857a
RC480.5.F7554,2,unified:dfc33620-db1a-5369-907e-1b93d9f2857a
RC480.5.G43,1,unified:dfc33620-db1a-5369-907e-1b93d9f2857a
RC480.5.G46,1,unified:dfc33620-db1a-5369-907e-1b93d9f2857a
RC480.5.G495,1,unified:dfc33620-db1a-5369-907e-1b93d9f2857a
RC480.5.G54,1,unified:dfc33620-db1a-5369-907e-1b93d9f2857a
RC480.5.G583,1,unified:dfc33620-db1a-5369-907e-1b93d9f2857a
RC480.5.G586,1,unified:dfc33620-db1a-5369-907e-1b93d9f2857a
RC480.5.G5863,1,unified:dfc33620-db1a-5369-907e-1b93d9f2857a
RC480.5.G615,2,unified:dfc33620-db1a-5369-907e-1b93d9f2857a
RC480.5.G64,1,unified:dfc33620-db1a-5369-907e-1b93d9f2857a
RC480.5.G648,1,unified:dfc33620-db1a-5369-907e-1b93d9f2857a
RC480.5.G663,1,unified:dfc33620-db1a-5369-907e-1b93d9f2857a
RC480.5.G67313,2,unified:dfc33620-db1a-5369-907e-1b93d9f2857a
RC480.5.G735,1,unified:dfc33620-db1a-5369-907e-1b93d9f2857a
RC480.5.G76,1,unified:dfc33620-db1a-5369-907e-1b93d9f2857a
RC480.5.G842,1,unified:dfc33620-db1a-5369-907e-1b93d9f2857a
RC480.5.G85,3,unified:dfc33620-db1a-5369-907e-1b93d9f2857a
RC480.5.G89,1,unified:dfc33620-db1a-5369-907e-1b93d9f2857a
RC480.5.H273,1,unified:dfc33620-db1a-5369-907e-1b93d9f2857a
RC480.5.H275,2,unified:dfc33620-db1a-5369-907e-1b93d9f2857a
RC480.5.H2753,2,unified:dfc33620-db1a-5369-907e-1b93d9f2857a
RC480.5.H2755,1,unified:dfc33620-db1a-5369-907e-1b93d9f2857a
RC480.5.H2766,1,unified:dfc33620-db1a-5369-907e-1b93d9f2857a
RC480.5.H315,1,unified:dfc33620-db1a-5369-907e-1b93d9f2857a
RC480.5.H3475,1,unified:dfc33620-db1a-5369-907e-1b93d9f2857a
RC480.5.H348,1,unified:dfc33620-db1a-5369-907e-1b93d9f2857a
RC480.5.H3482,1,unified:dfc33620-db1a-5369-907e-1b93d9f2857a
RC480.5.H3483,1,unified:dfc33620-db1a-5369-907e-1b93d9f2857a
RC480.5.H36,2,unified:dfc33620-db1a-5369-907e-1b93d9f2857a
RC480.5.H38,1,unified:dfc33620-db1a-5369-907e-1b93d9f2857a
RC480.5.H46,1,unified:dfc33620-db1a-5369-907e-1b93d9f2857a
RC480.5.H5,1,unified:dfc33620-db1a-5369-907e-1b93d9f2857a
RC480.5.H54,1,unified:dfc33620-db1a-5369-907e-1b93d9f2857a
RC480.5.H5913,1,unified:dfc33620-db1a-5369-907e-1b93d9f2857a
RC480.5.H617,2,unified:dfc33620-db1a-5369-907e-1b93d9f2857a
RC480.5.H66,1,unified:dfc33620-db1a-5369-907e-1b93d9f2857a
RC480.5.H667,2,unified:dfc33620-db1a-5369-907e-1b93d9f2857a
RC480.5.H673,1,unified:dfc33620-db1a-5369-907e-1b93d9f2857a
RC480.5.H687,1,unified:dfc33620-db1a-5369-907e-1b93d9f2857a
RC480.5.H69,1,unified:dfc33620-db1a-5369-907e-1b93d9f2857a
RC480.5.H83,2,unified:dfc33620-db1a-5369-907e-1b93d9f2857a
RC480.5.H96,1,unified:dfc33620-db1a-5369-907e-1b93d9f2857a
RC480.5.I47,1,unified:dfc33620-db1a-5369-907e-1b93d9f2857a
RC480.5.I5,1,unified:dfc33620-db1a-5369-907e-1b93d9f2857a
RC480.5.I53,1,unified:dfc33620-db1a-5369-907e-1b93d9f2857a
RC480.5.I54,2,unified:dfc33620-db1a-5369-907e-1b93d9f2857a
RC480.5.I556,1,unified:dfc33620-db1a-5369-907e-1b93d9f2857a
RC480.5.I557,1,unified:dfc33620-db1a-5369-907e-1b93d9f2857a
RC480.5.I58,2,unified:dfc33620-db1a-5369-907e-1b93d9f2857a
RC480.5.I76,2,unified:dfc33620-db1a-5369-907e-1b93d9f2857a
RC480.5.J58,1,unified:dfc33620-db1a-5369-907e-1b93d9f2857a
RC480.5.J64,1,unified:dfc33620-db1a-5369-907e-1b93d9f2857a
RC480.5.J663,8,unified:dfc33620-db1a-5369-907e-1b93d9f2857a
RC480.5.J664,11,unified:dfc33620-db1a-5369-907e-1b93d9f2857a
RC480.5.J8613,1,unified:dfc33620-db1a-5369-907e-1b93d9f2857a
RC480.5.K32,1,unified:dfc33620-db1a-5369-907e-1b93d9f2857a
RC480.5.K359,1,unified:dfc33620-db1a-5369-907e-1b93d9f2857a
RC480.5.K3594,1,unified:dfc33620-db1a-5369-907e-1b93d9f2857a
RC480.5.K365,1,unified:dfc33620-db1a-5369-907e-1b93d9f2857a
RC480.5.K443,1,unified:dfc33620-db1a-5369-907e-1b93d9f2857a
RC480.5.K445,1,unified:dfc33620-db1a-5369-907e-1b93d9f2857a
RC480.5.K48,1,unified:dfc33620-db1a-5369-907e-1b93d9f2857a
RC480.5.K538,2,unified:dfc33620-db1a-5369-907e-1b93d9f2857a
RC480.5.K54,1,unified:dfc33620-db1a-5369-907e-1b93d9f2857a
RC480.5.K625,1,unified:dfc33620-db1a-5369-907e-1b93d9f2857a
RC480.5.K678,1,unified:dfc33620-db1a-5369-907e-1b93d9f2857a
RC480.5.K68,6,unified:dfc33620-db1a-5369-907e-1b93d9f2857a
RC480.5.K683,2,unified:dfc33620-db1a-5369-907e-1b93d9f2857a
RC480.5.K686,1,unified:dfc33620-db1a-5369-907e-1b93d9f2857a
RC480.5.K69,1,unified:dfc33620-db1a-5369-907e-1b93d9f2857a
RC480.5.K84,1,unified:dfc33620-db1a-5369-907e-1b93d9f2857a
RC480.5.L335,1,unified:dfc33620-db1a-5369-907e-1b93d9f2857a
RC480.5.L338,1,unified:dfc33620-db1a-5369-907e-1b93d9f2857a
RC480.5.L3534,1,unified:dfc33620-db1a-5369-907e-1b93d9f2857a
RC480.5.L369,2,unified:dfc33620-db1a-5369-907e-1b93d9f2857a
RC480.5.L55,1,unified:dfc33620-db1a-5369-907e-1b93d9f2857a
RC480.5.L56,1,unified:dfc33620-db1a-5369-907e-1b93d9f2857a
RC480.5.L5773,1,unified:dfc33620-db1a-5369-907e-1b93d9f2857a
RC480.5.L58,1,unified:dfc33620-db1a-5369-907e-1b93d9f2857a
RC480.5.L587,1,unified:dfc33620-db1a-5369-907e-1b93d9f2857a
RC480.5.L59,1,unified:dfc33620-db1a-5369-907e-1b93d9f2857a
RC480.5.L593,1,unified:dfc33620-db1a-5369-907e-1b93d9f2857a
RC480.5.L5985,1,unified:dfc33620-db1a-5369-907e-1b93d9f2857a
RC480.5.L663,1,unified:dfc33620-db1a-5369-907e-1b93d9f2857a
RC480.5.L6744,1,unified:dfc33620-db1a-5369-907e-1b93d9f2857a
RC480.5.M265,1,unified:dfc33620-db1a-5369-907e-1b93d9f2857a
RC480.5.M27,1,unified:dfc33620-db1a-5369-907e-1b93d9f2857a
RC480.5.M3,1,unified:dfc33620-db1a-5369-907e-1b93d9f2857a
RC480.5.M3145,2,unified:dfc33620-db1a-5369-907e-1b93d9f2857a
RC480.5.M3147,2,unified:dfc33620-db1a-5369-907e-1b93d9f2857a
RC480.5.M315,2,unified:dfc33620-db1a-5369-907e-1b93d9f2857a
RC480.5.M315513,1,unified:dfc33620-db1a-5369-907e-1b93d9f2857a
RC480.5.M322,1,unified:dfc33620-db1a-5369-907e-1b93d9f2857a
RC480.5.M323,2,unified:dfc33620-db1a-5369-907e-1b93d9f2857a
RC480.5.M325,2,unified:dfc33620-db1a-5369-907e-1b93d9f2857a
RC480.5.M334,1,unified:dfc33620-db1a-5369-907e-1b93d9f2857a
RC480.5.M3345,1,unified:dfc33620-db1a-5369-907e-1b93d9f2857a
RC480.5.M336,1,unified:dfc33620-db1a-5369-907e-1b93d9f2857a
RC480.5.M3535,2,unified:dfc33620-db1a-5369-907e-1b93d9f2857a
RC480.5.M354,1,unified:dfc33620-db1a-5369-907e-1b93d9f2857a
RC480.5.M355,1,unified:dfc33620-db1a-5369-907e-1b93d9f2857a
RC480.5.M365,1,unified:dfc33620-db1a-5369-907e-1b93d9f2857a
RC480.5.M39,1,unified:dfc33620-db1a-5369-907e-1b93d9f2857a
RC480.5.M533,1,unified:dfc33620-db1a-5369-907e-1b93d9f2857a
RC480.5.M535,2,unified:dfc33620-db1a-5369-907e-1b93d9f2857a
RC480.5.M54,1,unified:dfc33620-db1a-5369-907e-1b93d9f2857a
RC480.5.M555,1,unified:dfc33620-db1a-5369-907e-1b93d9f2857a
RC480.5.M62,1,unified:dfc33620-db1a-5369-907e-1b93d9f2857a
RC480.5.M688,4,unified:dfc33620-db1a-5369-907e-1b93d9f2857a
RC480.5.M69,7,unified:dfc33620-db1a-5369-907e-1b93d9f2857a
RC480.5.M8,2,unified:dfc33620-db1a-5369-907e-1b93d9f2857a
RC480.5.N285,1,unified:dfc33620-db1a-5369-907e-1b93d9f2857a
RC480.5.N34,1,unified:dfc33620-db1a-5369-907e-1b93d9f2857a
RC480.5.N397,1,unified:dfc33620-db1a-5369-907e-1b93d9f2857a
RC480.5.N66,1,unified:dfc33620-db1a-5369-907e-1b93d9f2857a
RC480.5.O35,1,unified:dfc33620-db1a-5369-907e-1b93d9f2857a
RC480.5.O43,2,unified:dfc33620-db1a-5369-907e-1b93d9f2857a
RC480.5.O49,4,unified:dfc33620-db1a-5369-907e-1b93d9f2857a
RC480.5.O492,1,unified:dfc33620-db1a-5369-907e-1b93d9f2857a
RC480.5.O495,2,unified:dfc33620-db1a-5369-907e-1b93d9f2857a
RC480.5.O748,2,unified:dfc33620-db1a-5369-907e-1b93d9f2857a
RC480.5.O85,2,unified:dfc33620-db1a-5369-907e-1b93d9f2857a
RC480.5.P24,5,unified:dfc33620-db1a-5369-907e-1b93d9f2857a
RC480.5.P4514,2,unified:dfc33620-db1a-5369-907e-1b93d9f2857a
RC480.5.P47,2,unified:dfc33620-db1a-5369-907e-1b93d9f2857a
RC480.5.P478,1,unified:dfc33620-db1a-5369-907e-1b93d9f2857a
RC480.5.P49,1,unified:dfc33620-db1a-5369-907e-1b93d9f2857a
RC480.5.P54,1,unified:dfc33620-db1a-5369-907e-1b93d9f2857a
RC480.5.P544,1,unified:dfc33620-db1a-5369-907e-1b93d9f2857a
RC480.5.P6,1,unified:dfc33620-db1a-5369-907e-1b93d9f2857a
RC480.5.P625,2,unified:dfc33620-db1a-5369-907e-1b93d9f2857a
RC480.5.P63,1,unified:dfc33620-db1a-5369-907e-1b93d9f2857a
RC480.5.P634,3,unified:dfc33620-db1a-5369-907e-1b93d9f2857a
RC480.5.P636,1,unified:dfc33620-db1a-5369-907e-1b93d9f2857a
RC480.5.P66,3,unified:dfc33620-db1a-5369-907e-1b93d9f2857a
RC480.5.P7,1,unified:dfc33620-db1a-5369-907e-1b93d9f2857a
RC480.5.P713,2,unified:dfc33620-db1a-5369-907e-1b93d9f2857a
RC480.5.P724,1,unified:dfc33620-db1a-5369-907e-1b93d9f2857a
RC480.5.P725,2,unified:dfc33620-db1a-5369-907e-1b93d9f2857a
RC480.5.P744,1,unified:dfc33620-db1a-5369-907e-1b93d9f2857a
RC480.5.P76,1,unified:dfc33620-db1a-5369-907e-1b93d9f2857a
RC480.5.P778,1,unified:dfc33620-db1a-5369-907e-1b93d9f2857a
RC480.5.P785,1,unified:dfc33620-db1a-5369-907e-1b93d9f2857a
RC480.5.Q53,1,unified:dfc33620-db1a-5369-907e-1b93d9f2857a
RC480.5.R34,1,unified:dfc33620-db1a-5369-907e-1b93d9f2857a
RC480.5.R343,1,unified:dfc33620-db1a-5369-907e-1b93d9f2857a
RC480.5.R3655,1,unified:dfc33620-db1a-5369-907e-1b93d9f2857a
RC480.5.R37,1,unified:dfc33620-db1a-5369-907e-1b93d9f2857a
RC480.5.R386,1,unified:dfc33620-db1a-5369-907e-1b93d9f2857a
RC480.5.R39,2,unified:dfc33620-db1a-5369-907e-1b93d9f2857a
RC480.5.R44,2,unified:dfc33620-db1a-5369-907e-1b93d9f2857a
RC480.5.R57,1,unified:dfc33620-db1a-5369-907e-1b93d9f2857a
RC480.5.R6625,1,unified:dfc33620-db1a-5369-907e-1b93d9f2857a
RC480.5.R6675,1,unified:dfc33620-db1a-5369-907e-1b93d9f2857a
RC480.5.R668,1,unified:dfc33620-db1a-5369-907e-1b93d9f2857a
RC480.5.R69,1,unified:dfc33620-db1a-5369-907e-1b93d9f2857a
RC480.5.R82,1,unified:dfc33620-db1a-5369-907e-1b93d9f2857a
RC480.5.R825,1,unified:dfc33620-db1a-5369-907e-1b93d9f2857a
RC480.5.R83,1,unified:dfc33620-db1a-5369-907e-1b93d9f2857a
RC480.5.R93,1,unified:dfc33620-db1a-5369-907e-1b93d9f2857a
RC480.5.R95,1,unified:dfc33620-db1a-5369-907e-1b93d9f2857a
RC480.5.S24,1,unified:dfc33620-db1a-5369-907e-1b93d9f2857a
RC480.5.S255,1,unified:dfc33620-db1a-5369-907e-1b93d9f2857a
RC480.5.S33,1,unified:dfc33620-db1a-5369-907e-1b93d9f2857a
RC480.5.S375,3,unified:dfc33620-db1a-5369-907e-1b93d9f2857a
RC480.5.S39,2,unified:dfc33620-db1a-5369-907e-1b93d9f2857a
RC480.5.S4157,1,unified:dfc33620-db1a-5369-907e-1b93d9f2857a
RC480.5.S416,1,unified:dfc33620-db1a-5369-907e-1b93d9f2857a
RC480.5.S4165,1,unified:dfc33620-db1a-5369-907e-1b93d9f2857a
RC480.5.S4167,2,unified:dfc33620-db1a-5369-907e-1b93d9f2857a
RC480.5.S4168,1,unified:dfc33620-db1a-5369-907e-1b93d9f2857a
RC480.5.S43,1,unified:dfc33620-db1a-5369-907e-1b93d9f2857a
RC480.5.S4444,1,unified:dfc33620-db1a-5369-907e-1b93d9f2857a
RC480.5.S4446,2,unified:dfc33620-db1a-5369-907e-1b93d9f2857a
RC480.5.S527,1,unified:dfc33620-db1a-5369-907e-1b93d9f2857a
RC480.5.S533,1,unified:dfc33620-db1a-5369-907e-1b93d9f2857a
RC480.5.S535,1,unified:dfc33620-db1a-5369-907e-1b93d9f2857a
RC480.5.S557,1,unified:dfc33620-db1a-5369-907e-1b93d9f2857a
RC480.5.S636,1,unified:dfc33620-db1a-5369-907e-1b93d9f2857a
RC480.5.S6417,1,unified:dfc33620-db1a-5369-907e-1b93d9f2857a
RC480.5.S642,3,unified:dfc33620-db1a-5369-907e-1b93d9f2857a
RC480.5.S643,2,unified:dfc33620-db1a-5369-907e-1b93d9f2857a
RC480.5.S644,1,unified:dfc33620-db1a-5369-907e-1b93d9f2857a
RC480.5.S6487,1,unified:dfc33620-db1a-5369-907e-1b93d9f2857a
RC480.5.S665,2,unified:dfc33620-db1a-5369-907e-1b93d9f2857a
RC480.5.S667,2,unified:dfc33620-db1a-5369-907e-1b93d9f2857a
RC480.5.S673,1,unified:dfc33620-db1a-5369-907e-1b93d9f2857a
RC480.5.S675,1,unified:dfc33620-db1a-5369-907e-1b93d9f2857a
RC480.5.S683,1,unified:dfc33620-db1a-5369-907e-1b93d9f2857a
RC480.5.S7222,1,unified:dfc33620-db1a-5369-907e-1b93d9f2857a
RC480.5.S7239,1,unified:dfc33620-db1a-5369-907e-1b93d9f2857a
RC480.5.S724,2,unified:dfc33620-db1a-5369-907e-1b93d9f2857a
RC480.5.S75,1,unified:dfc33620-db1a-5369-907e-1b93d9f2857a
RC480.5.S77,1,unified:dfc33620-db1a-5369-907e-1b93d9f2857a
RC480.5.S82,2,unified:dfc33620-db1a-5369-907e-1b93d9f2857a
RC480.5.S823,2,unified:dfc33620-db1a-5369-907e-1b93d9f2857a
RC480.5.S825,1,unified:dfc33620-db1a-5369-907e-1b93d9f2857a
RC480.5.S83,2,unified:dfc33620-db1a-5369-907e-1b93d9f2857a
RC480.5.S94,1,unified:dfc33620-db1a-5369-907e-1b93d9f2857a
RC480.5.T35,1,unified:dfc33620-db1a-5369-907e-1b93d9f2857a
RC480.5.T36,1,unified:dfc33620-db1a-5369-907e-1b93d9f2857a
RC480.5.T39,2,unified:dfc33620-db1a-5369-907e-1b93d9f2857a
RC480.5.T43,1,unified:dfc33620-db1a-5369-907e-1b93d9f2857a
RC480.5.T514,1,unified:dfc33620-db1a-5369-907e-1b93d9f2857a
RC480.5.T519,2,unified:dfc33620-db1a-5369-907e-1b93d9f2857a
RC480.5.T5192,3,unified:dfc33620-db1a-5369-907e-1b93d9f2857a
RC480.5.T5194,1,unified:dfc33620-db1a-5369-907e-1b93d9f2857a
RC480.5.T52,1,unified:dfc33620-db1a-5369-907e-1b93d9f2857a
RC480.5.T64,1,unified:dfc33620-db1a-5369-907e-1b93d9f2857a
RC480.5.T659,2,unified:dfc33620-db1a-5369-907e-1b93d9f2857a
RC480.5.T6595,1,unified:dfc33620-db1a-5369-907e-1b93d9f2857a
RC480.5.T66,2,unified:dfc33620-db1a-5369-907e-1b93d9f2857a
RC480.5.T736,1,unified:dfc33620-db1a-5369-907e-1b93d9f2857a
RC480.5.T747,1,unified:dfc33620-db1a-5369-907e-1b93d9f2857a
RC480.5.T754,1,unified:dfc33620-db1a-5369-907e-1b93d9f2857a
RC480.5.T755,1,unified:dfc33620-db1a-5369-907e-1b93d9f2857a
RC480.5.U45,1,unified:dfc33620-db1a-5369-907e-1b93d9f2857a
RC480.5.V35,1,unified:dfc33620-db1a-5369-907e-1b93d9f2857a
RC480.5.V46,1,unified:dfc33620-db1a-5369-907e-1b93d9f2857a
RC480.5.V535,1,unified:dfc33620-db1a-5369-907e-1b93d9f2857a
RC480.5.W273,1,unified:dfc33620-db1a-5369-907e-1b93d9f2857a
RC480.5.W276,1,unified:dfc33620-db1a-5369-907e-1b93d9f2857a
RC480.5.W2764,2,unified:dfc33620-db1a-5369-907e-1b93d9f2857a
RC480.5.W277,1,unified:dfc33620-db1a-5369-907e-1b93d9f2857a
RC480.5.W2778,2,unified:dfc33620-db1a-5369-907e-1b93d9f2857a
RC480.5.W278,1,unified:dfc33620-db1a-5369-907e-1b93d9f2857a
RC480.5.W33,1,unified:dfc33620-db1a-5369-907e-1b93d9f2857a
RC480.5.W34413,1,unified:dfc33620-db1a-5369-907e-1b93d9f2857a
RC480.5.W349,1,unified:dfc33620-db1a-5369-907e-1b93d9f2857a
RC480.5.W418,1,unified:dfc33620-db1a-5369-907e-1b93d9f2857a
RC480.5.W453,2,unified:dfc33620-db1a-5369-907e-1b93d9f2857a
RC480.5.W47,1,unified:dfc33620-db1a-5369-907e-1b93d9f2857a
RC480.5.W65,1,unified:dfc33620-db1a-5369-907e-1b93d9f2857a
RC480.5.W67,5,unified:dfc33620-db1a-5369-907e-1b93d9f2857a
RC480.5.Y33,1,unified:dfc33620-db1a-5369-907e-1b93d9f2857a
RC480.5.Y338,1,unified:dfc33620-db1a-5369-907e-1b93d9f2857a
RC480.5.Z54,1,unified:dfc33620-db1a-5369-907e-1b93d9f2857a
RC480.515,101,unified:dfc33620-db1a-5369-907e-1b93d9f2857a
RC480.515.A45,1,unified:dfc33620-db1a-5369-907e-1b93d9f2857a
RC480.515.B37,1,unified:dfc33620-db1a-5369-907e-1b93d9f2857a
RC480.515.B48,1,unified:dfc33620-db1a-5369-907e-1b93d9f2857a
RC480.515.B483,1,unified:dfc33620-db1a-5369-907e-1b93d9f2857a
RC480.515.B78,1,unified:dfc33620-db1a-5369-907e-1b93d9f2857a
RC480.515.D36,1,unified:dfc33620-db1a-5369-907e-1b93d9f2857a
RC480.515.E54,1,unified:dfc33620-db1a-5369-907e-1b93d9f2857a
RC480.515.K35,1,unified:dfc33620-db1a-5369-907e-1b93d9f2857a
RC480.515.K45,1,unified:dfc33620-db1a-5369-907e-1b93d9f2857a
RC480.515.K686,1,unified:dfc33620-db1a-5369-907e-1b93d9f2857a
RC480.515.M865,1,unified:dfc33620-db1a-5369-907e-1b93d9f2857a
RC480.515.N38,1,unified:dfc33620-db1a-5369-907e-1b93d9f2857a
RC480.515.P36,1,unified:dfc33620-db1a-5369-907e-1b93d9f2857a
RC480.515.P54,1,unified:dfc33620-db1a-5369-907e-1b93d9f2857a
RC480.515.S337,1,unified:dfc33620-db1a-5369-907e-1b93d9f2857a
RC480.515.S56,1,unified:dfc33620-db1a-5369-907e-1b93d9f2857a
RC480.515.T45,1,unified:dfc33620-db1a-5369-907e-1b93d9f2857a
RC480.515.T7413,1,unified:dfc33620-db1a-5369-907e-1b93d9f2857a
RC480.515.W55,1,unified:dfc33620-db1a-5369-907e-1b93d9f2857a
RC480.515.W66,1,unified:dfc33620-db1a-5369-907e-1b93d9f2857a
RC480.515B53,1,unified:dfc33620-db1a-5369-907e-1b93d9f2857a
RC480.515S23,1,unified:dfc33620-db1a-5369-907e-1b93d9f2857a
RC480.52,35,unified:dfc33620-db1a-5369-907e-1b93d9f2857a
RC480.52.A78,2,unified:dfc33620-db1a-5369-907e-1b93d9f2857a
RC480.52.B48,2,unified:dfc33620-db1a-5369-907e-1b93d9f2857a
RC480.52.B87,1,unified:dfc33620-db1a-5369-907e-1b93d9f2857a
RC480.52.E43,1,unified:dfc33620-db1a-5369-907e-1b93d9f2857a
RC480.52.G87,1,unified:dfc33620-db1a-5369-907e-1b93d9f2857a
RC480.52.H43,2,unified:dfc33620-db1a-5369-907e-1b93d9f2857a
RC480.52.J64,1,unified:dfc33620-db1a-5369-907e-1b93d9f2857a
RC480.52.M35,3,unified:dfc33620-db1a-5369-907e-1b93d9f2857a
RC480.52.M37,2,unified:dfc33620-db1a-5369-907e-1b93d9f2857a
RC480.52.P47,2,unified:dfc33620-db1a-5369-907e-1b93d9f2857a
RC480.52.R669,4,unified:dfc33620-db1a-5369-907e-1b93d9f2857a
RC480.52.T74,2,unified:dfc33620-db1a-5369-907e-1b93d9f2857a
RC480.53,84,unified:dfc33620-db1a-5369-907e-1b93d9f2857a
RC480.53.A89,2,unified:dfc33620-db1a-5369-907e-1b93d9f2857a
RC480.53.B87,1,unified:dfc33620-db1a-5369-907e-1b93d9f2857a
RC480.53.C55,1,unified:dfc33620-db1a-5369-907e-1b93d9f2857a
RC480.53.D85,2,unified:dfc33620-db1a-5369-907e-1b93d9f2857a
RC480.53.E23,1,unified:dfc33620-db1a-5369-907e-1b93d9f2857a
RC480.53.E36,1,unified:dfc33620-db1a-5369-907e-1b93d9f2857a
RC480.53.E83,3,unified:dfc33620-db1a-5369-907e-1b93d9f2857a
RC480.53.H2745,1,unified:dfc33620-db1a-5369-907e-1b93d9f2857a
RC480.53.H68,1,unified:dfc33620-db1a-5369-907e-1b93d9f2857a
RC480.53.I56,1,unified:dfc33620-db1a-5369-907e-1b93d9f2857a
RC480.53.K56,3,unified:dfc33620-db1a-5369-907e-1b93d9f2857a
RC480.53.L365,1,unified:dfc33620-db1a-5369-907e-1b93d9f2857a
RC480.53.P78,1,unified:dfc33620-db1a-5369-907e-1b93d9f2857a
RC480.53.R43,1,unified:dfc33620-db1a-5369-907e-1b93d9f2857a
RC480.53.R69,2,unified:dfc33620-db1a-5369-907e-1b93d9f2857a
RC480.53.S46,2,unified:dfc33620-db1a-5369-907e-1b93d9f2857a
RC480.53.S47,1,unified:dfc33620-db1a-5369-907e-1b93d9f2857a
RC480.53.S638,1,unified:dfc33620-db1a-5369-907e-1b93d9f2857a
RC480.53.S74,1,unified:dfc33620-db1a-5369-907e-1b93d9f2857a
RC480.53.S76,1,unified:dfc33620-db1a-5369-907e-1b93d9f2857a
RC480.53.T74,1,unified:dfc33620-db1a-5369-907e-1b93d9f2857a
RC480.54,54,unified:dfc33620-db1a-5369-907e-1b93d9f2857a
RC480.54.B68,1,unified:dfc33620-db1a-5369-907e-1b93d9f2857a
RC480.54.B76,2,unified:dfc33620-db1a-5369-907e-1b93d9f2857a
RC480.54.C37,1,unified:dfc33620-db1a-5369-907e-1b93d9f2857a
RC480.54.E95,1,unified:dfc33620-db1a-5369-907e-1b93d9f2857a
RC480.54.F74,1,unified:dfc33620-db1a-5369-907e-1b93d9f2857a
RC480.54.G55,1,unified:dfc33620-db1a-5369-907e-1b93d9f2857a
RC480.54.G85,1,unified:dfc33620-db1a-5369-907e-1b93d9f2857a
RC480.54.H36,1,unified:dfc33620-db1a-5369-907e-1b93d9f2857a
RC480.54.K67,1,unified:dfc33620-db1a-5369-907e-1b93d9f2857a
RC480.54.K76,1,unified:dfc33620-db1a-5369-907e-1b93d9f2857a
RC480.54.M35,1,unified:dfc33620-db1a-5369-907e-1b93d9f2857a
RC480.54.M396,2,unified:dfc33620-db1a-5369-907e-1b93d9f2857a
RC480.54.N49,1,unified:dfc33620-db1a-5369-907e-1b93d9f2857a
RC480.54.O73,1,unified:dfc33620-db1a-5369-907e-1b93d9f2857a
RC480.54.P796,1,unified:dfc33620-db1a-5369-907e-1b93d9f2857a
RC480.54.P7963,1,unified:dfc33620-db1a-5369-907e-1b93d9f2857a
RC480.54.T35,1,unified:dfc33620-db1a-5369-907e-1b93d9f2857a
RC480.54.T74,1,unified:dfc33620-db1a-5369-907e-1b93d9f2857a
RC480.54.T86,1,unified:dfc33620-db1a-5369-907e-1b93d9f2857a
RC480.54.W55,1,unified:dfc33620-db1a-5369-907e-1b93d9f2857a
RC480.54V33,1,unified:dfc33620-db1a-5369-907e-1b93d9f2857a
RC480.55,288,unified:dfc33620-db1a-5369-907e-1b93d9f2857a
RC480.55.A78,2,unified:dfc33620-db1a-5369-907e-1b93d9f2857a
RC480.55.A97,1,unified:dfc33620-db1a-5369-907e-1b93d9f2857a
RC480.55.B38,1,unified:dfc33620-db1a-5369-907e-1b93d9f2857a
RC480.55.B39,1,unified:dfc33620-db1a-5369-907e-1b93d9f2857a
RC480.55.B47,1,unified:dfc33620-db1a-5369-907e-1b93d9f2857a
RC480.55.B66,1,unified:dfc33620-db1a-5369-907e-1b93d9f2857a
RC480.55.B75,1,unified:dfc33620-db1a-5369-907e-1b93d9f2857a
RC480.55.B77,1,unified:dfc33620-db1a-5369-907e-1b93d9f2857a
RC480.55.B775,1,unified:dfc33620-db1a-5369-907e-1b93d9f2857a
RC480.55.B83,1,unified:dfc33620-db1a-5369-907e-1b93d9f2857a
RC480.55.C36,1,unified:dfc33620-db1a-5369-907e-1b93d9f2857a
RC480.55.C37,1,unified:dfc33620-db1a-5369-907e-1b93d9f2857a
RC480.55.C48,1,unified:dfc33620-db1a-5369-907e-1b93d9f2857a
RC480.55.C64,1,unified:dfc33620-db1a-5369-907e-1b93d9f2857a
RC480.55.C642,1,unified:dfc33620-db1a-5369-907e-1b93d9f2857a
RC480.55.C658,2,unified:dfc33620-db1a-5369-907e-1b93d9f2857a
RC480.55.C66,1,unified:dfc33620-db1a-5369-907e-1b93d9f2857a
RC480.55.C67,1,unified:dfc33620-db1a-5369-907e-1b93d9f2857a
RC480.55.C673,2,unified:dfc33620-db1a-5369-907e-1b93d9f2857a
RC480.55.C676,2,unified:dfc33620-db1a-5369-907e-1b93d9f2857a
RC480.55.C87,1,unified:dfc33620-db1a-5369-907e-1b93d9f2857a
RC480.55.D28,1,unified:dfc33620-db1a-5369-907e-1b93d9f2857a
RC480.55.D38,1,unified:dfc33620-db1a-5369-907e-1b93d9f2857a
RC480.55.D4,1,unified:dfc33620-db1a-5369-907e-1b93d9f2857a
RC480.55.D45,1,unified:dfc33620-db1a-5369-907e-1b93d9f2857a
RC480.55.D64,1,unified:dfc33620-db1a-5369-907e-1b93d9f2857a
RC480.55.D646,1,unified:dfc33620-db1a-5369-907e-1b93d9f2857a
RC480.55.D688,1,unified:dfc33620-db1a-5369-907e-1b93d9f2857a
RC480.55.D755,2,unified:dfc33620-db1a-5369-907e-1b93d9f2857a
RC480.55.D768,2,unified:dfc33620-db1a-5369-907e-1b93d9f2857a
RC480.55.D77,4,unified:dfc33620-db1a-5369-907e-1b93d9f2857a
RC480.55.D78,4,unified:dfc33620-db1a-5369-907e-1b93d9f2857a
RC480.55.D79,2,unified:dfc33620-db1a-5369-907e-1b93d9f2857a
RC480.55.E33,1,unified:dfc33620-db1a-5369-907e-1b93d9f2857a
RC480.55.E34,1,unified:dfc33620-db1a-5369-907e-1b93d9f2857a
RC480.55.E365,1,unified:dfc33620-db1a-5369-907e-1b93d9f2857a
RC480.55.E88,1,unified:dfc33620-db1a-5369-907e-1b93d9f2857a
RC480.55.E886,1,unified:dfc33620-db1a-5369-907e-1b93d9f2857a
RC480.55.F56,1,unified:dfc33620-db1a-5369-907e-1b93d9f2857a
RC480.55.F567,1,unified:dfc33620-db1a-5369-907e-1b93d9f2857a
RC480.55.F63,1,unified:dfc33620-db1a-5369-907e-1b93d9f2857a
RC480.55.F67,1,unified:dfc33620-db1a-5369-907e-1b93d9f2857a
RC480.55.G37,1,unified:dfc33620-db1a-5369-907e-1b93d9f2857a
RC480.55.G53,1,unified:dfc33620-db1a-5369-907e-1b93d9f2857a
RC480.55.G64,1,unified:dfc33620-db1a-5369-907e-1b93d9f2857a
RC480.55.G65,1,unified:dfc33620-db1a-5369-907e-1b93d9f2857a
RC480.55.G87,2,unified:dfc33620-db1a-5369-907e-1b93d9f2857a
RC480.55.G874,3,unified:dfc33620-db1a-5369-907e-1b93d9f2857a
RC480.55.H34,1,unified:dfc33620-db1a-5369-907e-1b93d9f2857a
RC480.55.H53,2,unified:dfc33620-db1a-5369-907e-1b93d9f2857a
RC480.55.H55,1,unified:dfc33620-db1a-5369-907e-1b93d9f2857a
RC480.55.H655,1,unified:dfc33620-db1a-5369-907e-1b93d9f2857a
RC480.55.H668,1,unified:dfc33620-db1a-5369-907e-1b93d9f2857a
RC480.55.H68,1,unified:dfc33620-db1a-5369-907e-1b93d9f2857a
RC480.55.H682,1,unified:dfc33620-db1a-5369-907e-1b93d9f2857a
RC480.55.H6828,2,unified:dfc33620-db1a-5369-907e-1b93d9f2857a
RC480.55.H683,2,unified:dfc33620-db1a-5369-907e-1b93d9f2857a
RC480.55.H83,2,unified:dfc33620-db1a-5369-907e-1b93d9f2857a
RC480.55.I94,2,unified:dfc33620-db1a-5369-907e-1b93d9f2857a
RC480.55.J635,1,unified:dfc33620-db1a-5369-907e-1b93d9f2857a
RC480.55.J64,1,unified:dfc33620-db1a-5369-907e-1b93d9f2857a
RC480.55.K44,1,unified:dfc33620-db1a-5369-907e-1b93d9f2857a
RC480.55.K74,1,unified:dfc33620-db1a-5369-907e-1b93d9f2857a
RC480.55.L477,2,unified:dfc33620-db1a-5369-907e-1b93d9f2857a
RC480.55.L48,1,unified:dfc33620-db1a-5369-907e-1b93d9f2857a
RC480.55.L58,1,unified:dfc33620-db1a-5369-907e-1b93d9f2857a
RC480.55.M33,1,unified:dfc33620-db1a-5369-907e-1b93d9f2857a
RC480.55.M34,1,unified:dfc33620-db1a-5369-907e-1b93d9f2857a
RC480.55.M35,1,unified:dfc33620-db1a-5369-907e-1b93d9f2857a
RC480.55.M355,2,unified:dfc33620-db1a-5369-907e-1b93d9f2857a
RC480.55.M36,2,unified:dfc33620-db1a-5369-907e-1b93d9f2857a
RC480.55.M47,2,unified:dfc33620-db1a-5369-907e-1b93d9f2857a
RC480.55.M48,1,unified:dfc33620-db1a-5369-907e-1b93d9f2857a
RC480.55.P43,2,unified:dfc33620-db1a-5369-907e-1b93d9f2857a
RC480.55.P45,1,unified:dfc33620-db1a-5369-907e-1b93d9f2857a
RC480.55.P47,2,unified:dfc33620-db1a-5369-907e-1b93d9f2857a
RC480.55.P72,2,unified:dfc33620-db1a-5369-907e-1b93d9f2857a
RC480.55.P73,1,unified:dfc33620-db1a-5369-907e-1b93d9f2857a
RC480.55.P735,1,unified:dfc33620-db1a-5369-907e-1b93d9f2857a
RC480.55.Q53,2,unified:dfc33620-db1a-5369-907e-1b93d9f2857a
RC480.55.S38,1,unified:dfc33620-db1a-5369-907e-1b93d9f2857a
RC480.55.S5,1,unified:dfc33620-db1a-5369-907e-1b93d9f2857a
RC480.55.S54,1,unified:dfc33620-db1a-5369-907e-1b93d9f2857a
RC480.55.S556,1,unified:dfc33620-db1a-5369-907e-1b93d9f2857a
RC480.55.S57,2,unified:dfc33620-db1a-5369-907e-1b93d9f2857a
RC480.55.S5727,2,unified:dfc33620-db1a-5369-907e-1b93d9f2857a
RC480.55.S573,2,unified:dfc33620-db1a-5369-907e-1b93d9f2857a
RC480.55.S7,2,unified:dfc33620-db1a-5369-907e-1b93d9f2857a
RC480.55.S77,1,unified:dfc33620-db1a-5369-907e-1b93d9f2857a
RC480.55.T338,1,unified:dfc33620-db1a-5369-907e-1b93d9f2857a
RC480.55.T348,1,unified:dfc33620-db1a-5369-907e-1b93d9f2857a
RC480.55.T35,1,unified:dfc33620-db1a-5369-907e-1b93d9f2857a
RC480.55.T446,1,unified:dfc33620-db1a-5369-907e-1b93d9f2857a
RC480.55.T46,1,unified:dfc33620-db1a-5369-907e-1b93d9f2857a
RC480.55.T48,1,unified:dfc33620-db1a-5369-907e-1b93d9f2857a
RC480.55.T74,1,unified:dfc33620-db1a-5369-907e-1b93d9f2857a
RC480.55.T743,1,unified:dfc33620-db1a-5369-907e-1b93d9f2857a
RC480.55.W38,3,unified:dfc33620-db1a-5369-907e-1b93d9f2857a
RC480.55.W44,2,unified:dfc33620-db1a-5369-907e-1b93d9f2857a
RC480.55.W52,1,unified:dfc33620-db1a-5369-907e-1b93d9f2857a
RC480.55.W53,2,unified:dfc33620-db1a-5369-907e-1b93d9f2857a
RC480.55.W55,2,unified:dfc33620-db1a-5369-907e-1b93d9f2857a
RC480.55.W56,2,unified:dfc33620-db1a-5369-907e-1b93d9f2857a
RC480.55.Z647,1,unified:dfc33620-db1a-5369-907e-1b93d9f2857a
RC480.55D75,2,unified:dfc33620-db1a-5369-907e-1b93d9f2857a
RC480.5A455,1,unified:dfc33620-db1a-5369-907e-1b93d9f2857a
RC480.5C25,1,unified:dfc33620-db1a-5369-907e-1b93d9f2857a
RC480.5C5537,1,unified:dfc33620-db1a-5369-907e-1b93d9f2857a
RC480.5C554,2,unified:dfc33620-db1a-5369-907e-1b93d9f2857a
RC480.5C575,2,unified:dfc33620-db1a-5369-907e-1b93d9f2857a
RC480.5F743,1,unified:dfc33620-db1a-5369-907e-1b93d9f2857a
RC480.5H3414,1,unified:dfc33620-db1a-5369-907e-1b93d9f2857a
RC480.5K445,2,unified:dfc33620-db1a-5369-907e-1b93d9f2857a
RC480.5M5355,1,unified:dfc33620-db1a-5369-907e-1b93d9f2857a
RC480.5S442,1,unified:dfc33620-db1a-5369-907e-1b93d9f2857a
RC480.5T8,1,unified:dfc33620-db1a-5369-907e-1b93d9f2857a
RC480.6,409,unified:dfc33620-db1a-5369-907e-1b93d9f2857a
RC480.6.A25,1,unified:dfc33620-db1a-5369-907e-1b93d9f2857a
RC480.6.A27,1,unified:dfc33620-db1a-5369-907e-1b93d9f2857a
RC480.6.A38,1,unified:dfc33620-db1a-5369-907e-1b93d9f2857a
RC480.6.B35,1,unified:dfc33620-db1a-5369-907e-1b93d9f2857a
RC480.6.B438,1,unified:dfc33620-db1a-5369-907e-1b93d9f2857a
RC480.6.B443,1,unified:dfc33620-db1a-5369-907e-1b93d9f2857a
RC480.6.B45,2,unified:dfc33620-db1a-5369-907e-1b93d9f2857a
RC480.6.B76,1,unified:dfc33620-db1a-5369-907e-1b93d9f2857a
RC480.6.C378,1,unified:dfc33620-db1a-5369-907e-1b93d9f2857a
RC480.6.C38,1,unified:dfc33620-db1a-5369-907e-1b93d9f2857a
RC480.6.C55,2,unified:dfc33620-db1a-5369-907e-1b93d9f2857a
RC480.6.C63,6,unified:dfc33620-db1a-5369-907e-1b93d9f2857a
RC480.6.C638,1,unified:dfc33620-db1a-5369-907e-1b93d9f2857a
RC480.6.C7,1,unified:dfc33620-db1a-5369-907e-1b93d9f2857a
RC480.6.C7418,1,unified:dfc33620-db1a-5369-907e-1b93d9f2857a
RC480.6.C744,2,unified:dfc33620-db1a-5369-907e-1b93d9f2857a
RC480.6.C753,1,unified:dfc33620-db1a-5369-907e-1b93d9f2857a
RC480.6.C7587,2,unified:dfc33620-db1a-5369-907e-1b93d9f2857a
RC480.6.D57,2,unified:dfc33620-db1a-5369-907e-1b93d9f2857a
RC480.6.D82,1,unified:dfc33620-db1a-5369-907e-1b93d9f2857a
RC480.6.E248,2,unified:dfc33620-db1a-5369-907e-1b93d9f2857a
RC480.6.E44,1,unified:dfc33620-db1a-5369-907e-1b93d9f2857a
RC480.6.E4432,1,unified:dfc33620-db1a-5369-907e-1b93d9f2857a
RC480.6.E4434,1,unified:dfc33620-db1a-5369-907e-1b93d9f2857a
RC480.6.E456,1,unified:dfc33620-db1a-5369-907e-1b93d9f2857a
RC480.6.E465,1,unified:dfc33620-db1a-5369-907e-1b93d9f2857a
RC480.6.E74,1,unified:dfc33620-db1a-5369-907e-1b93d9f2857a
RC480.6.E91145,2,unified:dfc33620-db1a-5369-907e-1b93d9f2857a
RC480.6.E913,1,unified:dfc33620-db1a-5369-907e-1b93d9f2857a
RC480.6.E93,1,unified:dfc33620-db1a-5369-907e-1b93d9f2857a
RC480.6.F75,1,unified:dfc33620-db1a-5369-907e-1b93d9f2857a
RC480.6.G47,1,unified:dfc33620-db1a-5369-907e-1b93d9f2857a
RC480.6.G55,2,unified:dfc33620-db1a-5369-907e-1b93d9f2857a
RC480.6.H345,1,unified:dfc33620-db1a-5369-907e-1b93d9f2857a
RC480.6.H346,2,unified:dfc33620-db1a-5369-907e-1b93d9f2857a
RC480.6.H364,1,unified:dfc33620-db1a-5369-907e-1b93d9f2857a
RC480.6.H438,2,unified:dfc33620-db1a-5369-907e-1b93d9f2857a
RC480.6.H46,1,unified:dfc33620-db1a-5369-907e-1b93d9f2857a
RC480.6.H63,2,unified:dfc33620-db1a-5369-907e-1b93d9f2857a
RC480.6.H64,4,unified:dfc33620-db1a-5369-907e-1b93d9f2857a
RC480.6.I57,1,unified:dfc33620-db1a-5369-907e-1b93d9f2857a
RC480.6.K355,1,unified:dfc33620-db1a-5369-907e-1b93d9f2857a
RC480.6.K46,1,unified:dfc33620-db1a-5369-907e-1b93d9f2857a
RC480.6.K47,1,unified:dfc33620-db1a-5369-907e-1b93d9f2857a
RC480.6.K57,1,unified:dfc33620-db1a-5369-907e-1b93d9f2857a
RC480.6.L557,2,unified:dfc33620-db1a-5369-907e-1b93d9f2857a
RC480.6.L58,1,unified:dfc33620-db1a-5369-907e-1b93d9f2857a
RC480.6.M33,1,unified:dfc33620-db1a-5369-907e-1b93d9f2857a
RC480.6.M34,1,unified:dfc33620-db1a-5369-907e-1b93d9f2857a
RC480.6.M354,2,unified:dfc33620-db1a-5369-907e-1b93d9f2857a
RC480.6.M43,2,unified:dfc33620-db1a-5369-907e-1b93d9f2857a
RC480.6.M47,1,unified:dfc33620-db1a-5369-907e-1b93d9f2857a
RC480.6.M48,1,unified:dfc33620-db1a-5369-907e-1b93d9f2857a
RC480.6.M55,1,unified:dfc33620-db1a-5369-907e-1b93d9f2857a
RC480.6.M625,2,unified:dfc33620-db1a-5369-907e-1b93d9f2857a
RC480.6.M84,2,unified:dfc33620-db1a-5369-907e-1b93d9f2857a
RC480.6.M86,2,unified:dfc33620-db1a-5369-907e-1b93d9f2857a
RC480.6.M925,1,unified:dfc33620-db1a-5369-907e-1b93d9f2857a
RC480.6.M94,1,unified:dfc33620-db1a-5369-907e-1b93d9f2857a
RC480.6.M942,1,unified:dfc33620-db1a-5369-907e-1b93d9f2857a
RC480.6.O5,2,unified:dfc33620-db1a-5369-907e-1b93d9f2857a
RC480.6.P284,1,unified:dfc33620-db1a-5369-907e-1b93d9f2857a
RC480.6.P467,1,unified:dfc33620-db1a-5369-907e-1b93d9f2857a
RC480.6.P7,1,unified:dfc33620-db1a-5369-907e-1b93d9f2857a
RC480.6.P785,1,unified:dfc33620-db1a-5369-907e-1b93d9f2857a
RC480.6.P79,1,unified:dfc33620-db1a-5369-907e-1b93d9f2857a
RC480.6.P796,2,unified:dfc33620-db1a-5369-907e-1b93d9f2857a
RC480.6.R35,2,unified:dfc33620-db1a-5369-907e-1b93d9f2857a
RC480.6.R63,1,unified:dfc33620-db1a-5369-907e-1b93d9f2857a
RC480.6.R64,1,unified:dfc33620-db1a-5369-907e-1b93d9f2857a
RC480.6.S53,1,unified:dfc33620-db1a-5369-907e-1b93d9f2857a
RC480.6.S55,2,unified:dfc33620-db1a-5369-907e-1b93d9f2857a
RC480.6.V35,1,unified:dfc33620-db1a-5369-907e-1b93d9f2857a
RC480.6.V65,1,unified:dfc33620-db1a-5369-907e-1b93d9f2857a
RC480.6.W32,2,unified:dfc33620-db1a-5369-907e-1b93d9f2857a
RC480.6.W54,1,unified:dfc33620-db1a-5369-907e-1b93d9f2857a
RC480.6.Z43,1,unified:dfc33620-db1a-5369-907e-1b93d9f2857a
RC480.6C744,1,unified:dfc33620-db1a-5369-907e-1b93d9f2857a
RC480.6G713,2,unified:dfc33620-db1a-5369-907e-1b93d9f2857a
RC480.7,156,unified:dfc33620-db1a-5369-907e-1b93d9f2857a
RC480.7.B37,2,unified:dfc33620-db1a-5369-907e-1b93d9f2857a
RC480.7.C315,3,unified:dfc33620-db1a-5369-907e-1b93d9f2857a
RC480.7.C37,1,unified:dfc33620-db1a-5369-907e-1b93d9f2857a
RC480.7.C53,1,unified:dfc33620-db1a-5369-907e-1b93d9f2857a
RC480.7.C55,2,unified:dfc33620-db1a-5369-907e-1b93d9f2857a
RC480.7.D47,1,unified:dfc33620-db1a-5369-907e-1b93d9f2857a
RC480.7.F57,1,unified:dfc33620-db1a-5369-907e-1b93d9f2857a
RC480.7.H37,1,unified:dfc33620-db1a-5369-907e-1b93d9f2857a
RC480.7.I27,2,unified:dfc33620-db1a-5369-907e-1b93d9f2857a
RC480.7.L46,1,unified:dfc33620-db1a-5369-907e-1b93d9f2857a
RC480.7.L85,1,unified:dfc33620-db1a-5369-907e-1b93d9f2857a
RC480.7.M25,1,unified:dfc33620-db1a-5369-907e-1b93d9f2857a
RC480.7.M34,1,unified:dfc33620-db1a-5369-907e-1b93d9f2857a
RC480.7.M67,4,unified:dfc33620-db1a-5369-907e-1b93d9f2857a
RC480.7.M68,3,unified:dfc33620-db1a-5369-907e-1b93d9f2857a
RC480.7.M87,1,unified:dfc33620-db1a-5369-907e-1b93d9f2857a
RC480.7.N37,1,unified:dfc33620-db1a-5369-907e-1b93d9f2857a
RC480.7.O25,1,unified:dfc33620-db1a-5369-907e-1b93d9f2857a
RC480.7.O74,1,unified:dfc33620-db1a-5369-907e-1b93d9f2857a
RC480.7.O743,1,unified:dfc33620-db1a-5369-907e-1b93d9f2857a
RC480.7.P62,3,unified:dfc33620-db1a-5369-907e-1b93d9f2857a
RC480.7.P755,1,unified:dfc33620-db1a-5369-907e-1b93d9f2857a
RC480.7.P756,1,unified:dfc33620-db1a-5369-907e-1b93d9f2857a
RC480.7.P78,3,unified:dfc33620-db1a-5369-907e-1b93d9f2857a
RC480.7.R64,1,unified:dfc33620-db1a-5369-907e-1b93d9f2857a
RC480.7.S33,1,unified:dfc33620-db1a-5369-907e-1b93d9f2857a
RC480.7.S54,2,unified:dfc33620-db1a-5369-907e-1b93d9f2857a
RC480.7.S59,1,unified:dfc33620-db1a-5369-907e-1b93d9f2857a
RC480.7.S66,6,unified:dfc33620-db1a-5369-907e-1b93d9f2857a
RC480.7.U84,1,unified:dfc33620-db1a-5369-907e-1b93d9f2857a
RC480.7.W54,1,unified:dfc33620-db1a-5369-907e-1b93d9f2857a
RC480.7.Z83,4,unified:dfc33620-db1a-5369-907e-1b93d9f2857a
RC480.75,17,unified:dfc33620-db1a-5369-907e-1b93d9f2857a
RC480.75.B336,2,unified:dfc33620-db1a-5369-907e-1b93d9f2857a
RC480.75.B55,1,unified:dfc33620-db1a-5369-907e-1b93d9f2857a
RC480.75.C54,1,unified:dfc33620-db1a-5369-907e-1b93d9f2857a
RC480.75.E95,2,unified:dfc33620-db1a-5369-907e-1b93d9f2857a
RC480.75.K67,1,unified:dfc33620-db1a-5369-907e-1b93d9f2857a
RC480.75.O35,1,unified:dfc33620-db1a-5369-907e-1b93d9f2857a
RC480.8,460,unified:dfc33620-db1a-5369-907e-1b93d9f2857a
RC480.8.A44,2,unified:dfc33620-db1a-5369-907e-1b93d9f2857a
RC480.8.A76,2,unified:dfc33620-db1a-5369-907e-1b93d9f2857a
RC480.8.A887,1,unified:dfc33620-db1a-5369-907e-1b93d9f2857a
RC480.8.B38,1,unified:dfc33620-db1a-5369-907e-1b93d9f2857a
RC480.8.B384,1,unified:dfc33620-db1a-5369-907e-1b93d9f2857a
RC480.8.B39,1,unified:dfc33620-db1a-5369-907e-1b93d9f2857a
RC480.8.B44,2,unified:dfc33620-db1a-5369-907e-1b93d9f2857a
RC480.8.B47,1,unified:dfc33620-db1a-5369-907e-1b93d9f2857a
RC480.8.B5,1,unified:dfc33620-db1a-5369-907e-1b93d9f2857a
RC480.8.B54,2,unified:dfc33620-db1a-5369-907e-1b93d9f2857a
RC480.8.B65,1,unified:dfc33620-db1a-5369-907e-1b93d9f2857a
RC480.8.B73,1,unified:dfc33620-db1a-5369-907e-1b93d9f2857a
RC480.8.B735,1,unified:dfc33620-db1a-5369-907e-1b93d9f2857a
RC480.8.B755,1,unified:dfc33620-db1a-5369-907e-1b93d9f2857a
RC480.8.B83,1,unified:dfc33620-db1a-5369-907e-1b93d9f2857a
RC480.8.B88,2,unified:dfc33620-db1a-5369-907e-1b93d9f2857a
RC480.8.C37,1,unified:dfc33620-db1a-5369-907e-1b93d9f2857a
RC480.8.C38,8,unified:dfc33620-db1a-5369-907e-1b93d9f2857a
RC480.8.C4,1,unified:dfc33620-db1a-5369-907e-1b93d9f2857a
RC480.8.C43,3,unified:dfc33620-db1a-5369-907e-1b93d9f2857a
RC480.8.C47,1,unified:dfc33620-db1a-5369-907e-1b93d9f2857a
RC480.8.C64,1,unified:dfc33620-db1a-5369-907e-1b93d9f2857a
RC480.8.C655,1,unified:dfc33620-db1a-5369-907e-1b93d9f2857a
RC480.8.C66,1,unified:dfc33620-db1a-5369-907e-1b93d9f2857a
RC480.8.C69,1,unified:dfc33620-db1a-5369-907e-1b93d9f2857a
RC480.8.D37,2,unified:dfc33620-db1a-5369-907e-1b93d9f2857a
RC480.8.D4,1,unified:dfc33620-db1a-5369-907e-1b93d9f2857a
RC480.8.D43,1,unified:dfc33620-db1a-5369-907e-1b93d9f2857a
RC480.8.D53,1,unified:dfc33620-db1a-5369-907e-1b93d9f2857a
RC480.8.D83,1,unified:dfc33620-db1a-5369-907e-1b93d9f2857a
RC480.8.E3,2,unified:dfc33620-db1a-5369-907e-1b93d9f2857a
RC480.8.E37,2,unified:dfc33620-db1a-5369-907e-1b93d9f2857a
RC480.8.E45,1,unified:dfc33620-db1a-5369-907e-1b93d9f2857a
RC480.8.E496,2,unified:dfc33620-db1a-5369-907e-1b93d9f2857a
RC480.8.E86,1,unified:dfc33620-db1a-5369-907e-1b93d9f2857a
RC480.8.F4713,2,unified:dfc33620-db1a-5369-907e-1b93d9f2857a
RC480.8.F56,1,unified:dfc33620-db1a-5369-907e-1b93d9f2857a
RC480.8.F57,2,unified:dfc33620-db1a-5369-907e-1b93d9f2857a
RC480.8.F58,1,unified:dfc33620-db1a-5369-907e-1b93d9f2857a
RC480.8.F66,3,unified:dfc33620-db1a-5369-907e-1b93d9f2857a
RC480.8.F69,1,unified:dfc33620-db1a-5369-907e-1b93d9f2857a
RC480.8.F695,1,unified:dfc33620-db1a-5369-907e-1b93d9f2857a
RC480.8.F72,2,unified:dfc33620-db1a-5369-907e-1b93d9f2857a
RC480.8.F74,2,unified:dfc33620-db1a-5369-907e-1b93d9f2857a
RC480.8.F78,2,unified:dfc33620-db1a-5369-907e-1b93d9f2857a
RC480.8.G33,2,unified:dfc33620-db1a-5369-907e-1b93d9f2857a
RC480.8.G45,1,unified:dfc33620-db1a-5369-907e-1b93d9f2857a
RC480.8.G453,1,unified:dfc33620-db1a-5369-907e-1b93d9f2857a
RC480.8.G47,1,unified:dfc33620-db1a-5369-907e-1b93d9f2857a
RC480.8.G55,2,unified:dfc33620-db1a-5369-907e-1b93d9f2857a
RC480.8.G65,1,unified:dfc33620-db1a-5369-907e-1b93d9f2857a
RC480.8.G66,2,unified:dfc33620-db1a-5369-907e-1b93d9f2857a
RC480.8.G664,1,unified:dfc33620-db1a-5369-907e-1b93d9f2857a
RC480.8.G68,2,unified:dfc33620-db1a-5369-907e-1b93d9f2857a
RC480.8.G682,1,unified:dfc33620-db1a-5369-907e-1b93d9f2857a
RC480.8.G73,5,unified:dfc33620-db1a-5369-907e-1b93d9f2857a
RC480.8.G86,1,unified:dfc33620-db1a-5369-907e-1b93d9f2857a
RC480.8.G88,1,unified:dfc33620-db1a-5369-907e-1b93d9f2857a
RC480.8.H36,1,unified:dfc33620-db1a-5369-907e-1b93d9f2857a
RC480.8.H38,1,unified:dfc33620-db1a-5369-907e-1b93d9f2857a
RC480.8.H42,1,unified:dfc33620-db1a-5369-907e-1b93d9f2857a
RC480.8.H456,1,unified:dfc33620-db1a-5369-907e-1b93d9f2857a
RC480.8.H48,1,unified:dfc33620-db1a-5369-907e-1b93d9f2857a
RC480.8.H68,1,unified:dfc33620-db1a-5369-907e-1b93d9f2857a
RC480.8.I47,2,unified:dfc33620-db1a-5369-907e-1b93d9f2857a
RC480.8.K32,2,unified:dfc33620-db1a-5369-907e-1b93d9f2857a
RC480.8.K34,1,unified:dfc33620-db1a-5369-907e-1b93d9f2857a
RC480.8.K359,2,unified:dfc33620-db1a-5369-907e-1b93d9f2857a
RC480.8.K36,1,unified:dfc33620-db1a-5369-907e-1b93d9f2857a
RC480.8.K37,1,unified:dfc33620-db1a-5369-907e-1b93d9f2857a
RC480.8.K56,1,unified:dfc33620-db1a-5369-907e-1b93d9f2857a
RC480.8.K678,3,unified:dfc33620-db1a-5369-907e-1b93d9f2857a
RC480.8.K68,1,unified:dfc33620-db1a-5369-907e-1b93d9f2857a
RC480.8.K684,1,unified:dfc33620-db1a-5369-907e-1b93d9f2857a
RC480.8.K834,1,unified:dfc33620-db1a-5369-907e-1b93d9f2857a
RC480.8.L3645,1,unified:dfc33620-db1a-5369-907e-1b93d9f2857a
RC480.8.L4388,2,unified:dfc33620-db1a-5369-907e-1b93d9f2857a
RC480.8.L49,1,unified:dfc33620-db1a-5369-907e-1b93d9f2857a
RC480.8.L534,2,unified:dfc33620-db1a-5369-907e-1b93d9f2857a
RC480.8.L56,1,unified:dfc33620-db1a-5369-907e-1b93d9f2857a
RC480.8.L584,1,unified:dfc33620-db1a-5369-907e-1b93d9f2857a
RC480.8.L68,1,unified:dfc33620-db1a-5369-907e-1b93d9f2857a
RC480.8.L87,1,unified:dfc33620-db1a-5369-907e-1b93d9f2857a
RC480.8.M3,1,unified:dfc33620-db1a-5369-907e-1b93d9f2857a
RC480.8.M36,3,unified:dfc33620-db1a-5369-907e-1b93d9f2857a
RC480.8.M37,2,unified:dfc33620-db1a-5369-907e-1b93d9f2857a
RC480.8.M3754,1,unified:dfc33620-db1a-5369-907e-1b93d9f2857a
RC480.8.M395,1,unified:dfc33620-db1a-5369-907e-1b93d9f2857a
RC480.8.M455,1,unified:dfc33620-db1a-5369-907e-1b93d9f2857a
RC480.8.M58,2,unified:dfc33620-db1a-5369-907e-1b93d9f2857a
RC480.8.M67,1,unified:dfc33620-db1a-5369-907e-1b93d9f2857a
RC480.8.M673,2,unified:dfc33620-db1a-5369-907e-1b93d9f2857a
RC480.8.M87,2,unified:dfc33620-db1a-5369-907e-1b93d9f2857a
RC480.8.N38,1,unified:dfc33620-db1a-5369-907e-1b93d9f2857a
RC480.8.N66,1,unified:dfc33620-db1a-5369-907e-1b93d9f2857a
RC480.8.N677,2,unified:dfc33620-db1a-5369-907e-1b93d9f2857a
RC480.8.O54,1,unified:dfc33620-db1a-5369-907e-1b93d9f2857a
RC480.8.O68,1,unified:dfc33620-db1a-5369-907e-1b93d9f2857a
RC480.8.O73,1,unified:dfc33620-db1a-5369-907e-1b93d9f2857a
RC480.8.P35,2,unified:dfc33620-db1a-5369-907e-1b93d9f2857a
RC480.8.P367,1,unified:dfc33620-db1a-5369-907e-1b93d9f2857a
RC480.8.P43,1,unified:dfc33620-db1a-5369-907e-1b93d9f2857a
RC480.8.P77,2,unified:dfc33620-db1a-5369-907e-1b93d9f2857a
RC480.8.P78,4,unified:dfc33620-db1a-5369-907e-1b93d9f2857a
RC480.8.R96,1,unified:dfc33620-db1a-5369-907e-1b93d9f2857a
RC480.8.S47,1,unified:dfc33620-db1a-5369-907e-1b93d9f2857a
RC480.8.S48,1,unified:dfc33620-db1a-5369-907e-1b93d9f2857a
RC480.8.S49,1,unified:dfc33620-db1a-5369-907e-1b93d9f2857a
RC480.8.S52,3,unified:dfc33620-db1a-5369-907e-1b93d9f2857a
RC480.8.S55,1,unified:dfc33620-db1a-5369-907e-1b93d9f2857a
RC480.8.S66,1,unified:dfc33620-db1a-5369-907e-1b93d9f2857a
RC480.8.S67,1,unified:dfc33620-db1a-5369-907e-1b93d9f2857a
RC480.8.T455,3,unified:dfc33620-db1a-5369-907e-1b93d9f2857a
RC480.8.T46,3,unified:dfc33620-db1a-5369-907e-1b93d9f2857a
RC480.8.T73,1,unified:dfc33620-db1a-5369-907e-1b93d9f2857a
RC480.8.T75,2,unified:dfc33620-db1a-5369-907e-1b93d9f2857a
RC480.8.V53,2,unified:dfc33620-db1a-5369-907e-1b93d9f2857a
RC480.8.V55,1,unified:dfc33620-db1a-5369-907e-1b93d9f2857a
RC480.8.W33,1,unified:dfc33620-db1a-5369-907e-1b93d9f2857a
RC480.8.W45,1,unified:dfc33620-db1a-5369-907e-1b93d9f2857a
RC480.8.W488,2,unified:dfc33620-db1a-5369-907e-1b93d9f2857a
RC480.8.W49,1,unified:dfc33620-db1a-5369-907e-1b93d9f2857a
RC480.8.W55,2,unified:dfc33620-db1a-5369-907e-1b93d9f2857a
RC480.8.Y68,1,unified:dfc33620-db1a-5369-907e-1b93d9f2857a
RC480.8.Z87,1,unified:dfc33620-db1a-5369-907e-1b93d9f2857a
RC480.8M367,2,unified:dfc33620-db1a-5369-907e-1b93d9f2857a
RC480.8S36,1,unified:dfc33620-db1a-5369-907e-1b93d9f2857a
RC480.A28,1,unified:dfc33620-db1a-5369-907e-1b93d9f2857a
RC480.A365,1,unified:dfc33620-db1a-5369-907e-1b93d9f2857a
RC480.A44,1,unified:dfc33620-db1a-5369-907e-1b93d9f2857a
RC480.A4713,1,unified:dfc33620-db1a-5369-907e-1b93d9f2857a
RC480.A48,1,unified:dfc33620-db1a-5369-907e-1b93d9f2857a
RC480.A527,3,unified:dfc33620-db1a-5369-907e-1b93d9f2857a
RC480.A528,2,unified:dfc33620-db1a-5369-907e-1b93d9f2857a
RC480.A529,1,unified:dfc33620-db1a-5369-907e-1b93d9f2857a
RC480.A63,2,unified:dfc33620-db1a-5369-907e-1b93d9f2857a
RC480.A66,1,unified:dfc33620-db1a-5369-907e-1b93d9f2857a
RC480.A76,1,unified:dfc33620-db1a-5369-907e-1b93d9f2857a
RC480.A78,3,unified:dfc33620-db1a-5369-907e-1b93d9f2857a
RC480.A836,1,unified:dfc33620-db1a-5369-907e-1b93d9f2857a
RC480.B23,1,unified:dfc33620-db1a-5369-907e-1b93d9f2857a
RC480.B27,1,unified:dfc33620-db1a-5369-907e-1b93d9f2857a
RC480.B3176,3,unified:dfc33620-db1a-5369-907e-1b93d9f2857a
RC480.B3178,4,unified:dfc33620-db1a-5369-907e-1b93d9f2857a
RC480.B324,2,unified:dfc33620-db1a-5369-907e-1b93d9f2857a
RC480.B35,2,unified:dfc33620-db1a-5369-907e-1b93d9f2857a
RC480.B355,1,unified:dfc33620-db1a-5369-907e-1b93d9f2857a
RC480.B357,1,unified:dfc33620-db1a-5369-907e-1b93d9f2857a
RC480.B358,1,unified:dfc33620-db1a-5369-907e-1b93d9f2857a
RC480.B3587,2,unified:dfc33620-db1a-5369-907e-1b93d9f2857a
RC480.B359,2,unified:dfc33620-db1a-5369-907e-1b93d9f2857a
RC480.B375,1,unified:dfc33620-db1a-5369-907e-1b93d9f2857a
RC480.B377,1,unified:dfc33620-db1a-5369-907e-1b93d9f2857a
RC480.B47,1,unified:dfc33620-db1a-5369-907e-1b93d9f2857a
RC480.B53,1,unified:dfc33620-db1a-5369-907e-1b93d9f2857a
RC480.B56,1,unified:dfc33620-db1a-5369-907e-1b93d9f2857a
RC480.B569,2,unified:dfc33620-db1a-5369-907e-1b93d9f2857a
RC480.B665,2,unified:dfc33620-db1a-5369-907e-1b93d9f2857a
RC480.B697,1,unified:dfc33620-db1a-5369-907e-1b93d9f2857a
RC480.B747,2,unified:dfc33620-db1a-5369-907e-1b93d9f2857a
RC480.B75,1,unified:dfc33620-db1a-5369-907e-1b93d9f2857a
RC480.C25,1,unified:dfc33620-db1a-5369-907e-1b93d9f2857a
RC480.C26,1,unified:dfc33620-db1a-5369-907e-1b93d9f2857a
RC480.C298,2,unified:dfc33620-db1a-5369-907e-1b93d9f2857a
RC480.C32,2,unified:dfc33620-db1a-5369-907e-1b93d9f2857a
RC480.C37,2,unified:dfc33620-db1a-5369-907e-1b93d9f2857a
RC480.C44,2,unified:dfc33620-db1a-5369-907e-1b93d9f2857a
RC480.C45,2,unified:dfc33620-db1a-5369-907e-1b93d9f2857a
RC480.C49,1,unified:dfc33620-db1a-5369-907e-1b93d9f2857a
RC480.C496,1,unified:dfc33620-db1a-5369-907e-1b93d9f2857a
RC480.C554,3,unified:dfc33620-db1a-5369-907e-1b93d9f2857a
RC480.C556,2,unified:dfc33620-db1a-5369-907e-1b93d9f2857a
RC480.C565,2,unified:dfc33620-db1a-5369-907e-1b93d9f2857a
RC480.C5685,1,unified:dfc33620-db1a-5369-907e-1b93d9f2857a
RC480.C576,3,unified:dfc33620-db1a-5369-907e-1b93d9f2857a
RC480.C59,1,unified:dfc33620-db1a-5369-907e-1b93d9f2857a
RC480.C593,2,unified:dfc33620-db1a-5369-907e-1b93d9f2857a
RC480.C595,1,unified:dfc33620-db1a-5369-907e-1b93d9f2857a
RC480.C6,1,unified:dfc33620-db1a-5369-907e-1b93d9f2857a
RC480.C635,2,unified:dfc33620-db1a-5369-907e-1b93d9f2857a
RC480.C65,1,unified:dfc33620-db1a-5369-907e-1b93d9f2857a
RC480.C66,1,unified:dfc33620-db1a-5369-907e-1b93d9f2857a
RC480.C696,1,unified:dfc33620-db1a-5369-907e-1b93d9f2857a
RC480.C75,1,unified:dfc33620-db1a-5369-907e-1b93d9f2857a
RC480.C756,2,unified:dfc33620-db1a-5369-907e-1b93d9f2857a
RC480.C76,1,unified:dfc33620-db1a-5369-907e-1b93d9f2857a
RC480.C84,1,unified:dfc33620-db1a-5369-907e-1b93d9f2857a
RC480.C86,1,unified:dfc33620-db1a-5369-907e-1b93d9f2857a
RC480.D659,1,unified:dfc33620-db1a-5369-907e-1b93d9f2857a
RC480.D66,1,unified:dfc33620-db1a-5369-907e-1b93d9f2857a
RC480.D74,1,unified:dfc33620-db1a-5369-907e-1b93d9f2857a
RC480.D787,1,unified:dfc33620-db1a-5369-907e-1b93d9f2857a
RC480.D79,4,unified:dfc33620-db1a-5369-907e-1b93d9f2857a
RC480.D82,1,unified:dfc33620-db1a-5369-907e-1b93d9f2857a
RC480.D857,2,unified:dfc33620-db1a-5369-907e-1b93d9f2857a
RC480.E338,1,unified:dfc33620-db1a-5369-907e-1b93d9f2857a
RC480.E345,1,unified:dfc33620-db1a-5369-907e-1b93d9f2857a
RC480.E37,3,unified:dfc33620-db1a-5369-907e-1b93d9f2857a
RC480.E43,1,unified:dfc33620-db1a-5369-907e-1b93d9f2857a
RC480.E44,2,unified:dfc33620-db1a-5369-907e-1b93d9f2857a
RC480.E69,4,unified:dfc33620-db1a-5369-907e-1b93d9f2857a
RC480.F53,1,unified:dfc33620-db1a-5369-907e-1b93d9f2857a
RC480.F5558,1,unified:dfc33620-db1a-5369-907e-1b93d9f2857a
RC480.F556,1,unified:dfc33620-db1a-5369-907e-1b93d9f2857a
RC480.F5566,1,unified:dfc33620-db1a-5369-907e-1b93d9f2857a
RC480.F5568,3,unified:dfc33620-db1a-5369-907e-1b93d9f2857a
RC480.F557,1,unified:dfc33620-db1a-5369-907e-1b93d9f2857a
RC480.F6,1,unified:dfc33620-db1a-5369-907e-1b93d9f2857a
RC480.F62,1,unified:dfc33620-db1a-5369-907e-1b93d9f2857a
RC480.F654,2,unified:dfc33620-db1a-5369-907e-1b93d9f2857a
RC480.F67,2,unified:dfc33620-db1a-5369-907e-1b93d9f2857a
RC480.F73,1,unified:dfc33620-db1a-5369-907e-1b93d9f2857a
RC480.G53,2,unified:dfc33620-db1a-5369-907e-1b93d9f2857a
RC480.G658,1,unified:dfc33620-db1a-5369-907e-1b93d9f2857a
RC480.G659,2,unified:dfc33620-db1a-5369-907e-1b93d9f2857a
RC480.G66,1,unified:dfc33620-db1a-5369-907e-1b93d9f2857a
RC480.G72,1,unified:dfc33620-db1a-5369-907e-1b93d9f2857a
RC480.G728,2,unified:dfc33620-db1a-5369-907e-1b93d9f2857a
RC480.G787,2,unified:dfc33620-db1a-5369-907e-1b93d9f2857a
RC480.G87,2,unified:dfc33620-db1a-5369-907e-1b93d9f2857a
RC480.H27,2,unified:dfc33620-db1a-5369-907e-1b93d9f2857a
RC480.H283,1,unified:dfc33620-db1a-5369-907e-1b93d9f2857a
RC480.H285,1,unified:dfc33620-db1a-5369-907e-1b93d9f2857a
RC480.H2858,2,unified:dfc33620-db1a-5369-907e-1b93d9f2857a
RC480.H286,7,unified:dfc33620-db1a-5369-907e-1b93d9f2857a
RC480.H289,1,unified:dfc33620-db1a-5369-907e-1b93d9f2857a
RC480.H3,1,unified:dfc33620-db1a-5369-907e-1b93d9f2857a
RC480.H55,1,unified:dfc33620-db1a-5369-907e-1b93d9f2857a
RC480.H63,1,unified:dfc33620-db1a-5369-907e-1b93d9f2857a
RC480.I44,1,unified:dfc33620-db1a-5369-907e-1b93d9f2857a
RC480.I497,2,unified:dfc33620-db1a-5369-907e-1b93d9f2857a
RC480.I566,1,unified:dfc33620-db1a-5369-907e-1b93d9f2857a
RC480.I5686,1,unified:dfc33620-db1a-5369-907e-1b93d9f2857a
RC480.I569,1,unified:dfc33620-db1a-5369-907e-1b93d9f2857a
RC480.I57,1,unified:dfc33620-db1a-5369-907e-1b93d9f2857a
RC480.I578,1,unified:dfc33620-db1a-5369-907e-1b93d9f2857a
RC480.I586,1,unified:dfc33620-db1a-5369-907e-1b93d9f2857a
RC480.I59,4,unified:dfc33620-db1a-5369-907e-1b93d9f2857a
RC480.J63,1,unified:dfc33620-db1a-5369-907e-1b93d9f2857a
RC480.J68,1,unified:dfc33620-db1a-5369-907e-1b93d9f2857a
RC480.J86,3,unified:dfc33620-db1a-5369-907e-1b93d9f2857a
RC480.J8613,1,unified:dfc33620-db1a-5369-907e-1b93d9f2857a
RC480.K2645,1,unified:dfc33620-db1a-5369-907e-1b93d9f2857a
RC480.K28,1,unified:dfc33620-db1a-5369-907e-1b93d9f2857a
RC480.K284,2,unified:dfc33620-db1a-5369-907e-1b93d9f2857a
RC480.K39,1,unified:dfc33620-db1a-5369-907e-1b93d9f2857a
RC480.K63,2,unified:dfc33620-db1a-5369-907e-1b93d9f2857a
RC480.K667,1,unified:dfc33620-db1a-5369-907e-1b93d9f2857a
RC480.K69,1,unified:dfc33620-db1a-5369-907e-1b93d9f2857a
RC480.K695,1,unified:dfc33620-db1a-5369-907e-1b93d9f2857a
RC480.L33,1,unified:dfc33620-db1a-5369-907e-1b93d9f2857a
RC480.L38,2,unified:dfc33620-db1a-5369-907e-1b93d9f2857a
RC480.L435,1,unified:dfc33620-db1a-5369-907e-1b93d9f2857a
RC480.L47,2,unified:dfc33620-db1a-5369-907e-1b93d9f2857a
RC480.L475,1,unified:dfc33620-db1a-5369-907e-1b93d9f2857a
RC480.L55,1,unified:dfc33620-db1a-5369-907e-1b93d9f2857a
RC480.L95,2,unified:dfc33620-db1a-5369-907e-1b93d9f2857a
RC480.M334,1,unified:dfc33620-db1a-5369-907e-1b93d9f2857a
RC480.M337,2,unified:dfc33620-db1a-5369-907e-1b93d9f2857a
RC480.M34,1,unified:dfc33620-db1a-5369-907e-1b93d9f2857a
RC480.M35,1,unified:dfc33620-db1a-5369-907e-1b93d9f2857a
RC480.M359,2,unified:dfc33620-db1a-5369-907e-1b93d9f2857a
RC480.M369,1,unified:dfc33620-db1a-5369-907e-1b93d9f2857a
RC480.M393,1,unified:dfc33620-db1a-5369-907e-1b93d9f2857a
RC480.M394,5,unified:dfc33620-db1a-5369-907e-1b93d9f2857a
RC480.M45,1,unified:dfc33620-db1a-5369-907e-1b93d9f2857a
RC480.M46,1,unified:dfc33620-db1a-5369-907e-1b93d9f2857a
RC480.M53,2,unified:dfc33620-db1a-5369-907e-1b93d9f2857a
RC480.M62,1,unified:dfc33620-db1a-5369-907e-1b93d9f2857a
RC480.M645,2,unified:dfc33620-db1a-5369-907e-1b93d9f2857a
RC480.M677,2,unified:dfc33620-db1a-5369-907e-1b93d9f2857a
RC480.M797,1,unified:dfc33620-db1a-5369-907e-1b93d9f2857a
RC480.M85,1,unified:dfc33620-db1a-5369-907e-1b93d9f2857a
RC480.N385,1,unified:dfc33620-db1a-5369-907e-1b93d9f2857a
RC480.O33,2,unified:dfc33620-db1a-5369-907e-1b93d9f2857a
RC480.O366,1,unified:dfc33620-db1a-5369-907e-1b93d9f2857a
RC480.O63,3,unified:dfc33620-db1a-5369-907e-1b93d9f2857a
RC480.O87,1,unified:dfc33620-db1a-5369-907e-1b93d9f2857a
RC480.O94,2,unified:dfc33620-db1a-5369-907e-1b93d9f2857a
RC480.O957,1,unified:dfc33620-db1a-5369-907e-1b93d9f2857a
RC480.P37,1,unified:dfc33620-db1a-5369-907e-1b93d9f2857a
RC480.P38,1,unified:dfc33620-db1a-5369-907e-1b93d9f2857a
RC480.P45,1,unified:dfc33620-db1a-5369-907e-1b93d9f2857a
RC480.P48,1,unified:dfc33620-db1a-5369-907e-1b93d9f2857a
RC480.P54,1,unified:dfc33620-db1a-5369-907e-1b93d9f2857a
RC480.P62,1,unified:dfc33620-db1a-5369-907e-1b93d9f2857a
RC480.P69,1,unified:dfc33620-db1a-5369-907e-1b93d9f2857a
RC480.P779,1,unified:dfc33620-db1a-5369-907e-1b93d9f2857a
RC480.P784,1,unified:dfc33620-db1a-5369-907e-1b93d9f2857a
RC480.P79,1,unified:dfc33620-db1a-5369-907e-1b93d9f2857a
RC480.P793,1,unified:dfc33620-db1a-5369-907e-1b93d9f2857a
RC480.P823,1,unified:dfc33620-db1a-5369-907e-1b93d9f2857a
RC480.P824,1,unified:dfc33620-db1a-5369-907e-1b93d9f2857a
RC480.P8255,1,unified:dfc33620-db1a-5369-907e-1b93d9f2857a
RC480.P826,1,unified:dfc33620-db1a-5369-907e-1b93d9f2857a
RC480.P827,2,unified:dfc33620-db1a-5369-907e-1b93d9f2857a
RC480.P8275,1,unified:dfc33620-db1a-5369-907e-1b93d9f2857a
RC480.R36,1,unified:dfc33620-db1a-5369-907e-1b93d9f2857a
RC480.R395,1,unified:dfc33620-db1a-5369-907e-1b93d9f2857a
RC480.R4,3,unified:dfc33620-db1a-5369-907e-1b93d9f2857a
RC480.R4322,1,unified:dfc33620-db1a-5369-907e-1b93d9f2857a
RC480.R4713,1,unified:dfc33620-db1a-5369-907e-1b93d9f2857a
RC480.R6,1,unified:dfc33620-db1a-5369-907e-1b93d9f2857a
RC480.R66,1,unified:dfc33620-db1a-5369-907e-1b93d9f2857a
RC480.R6653,1,unified:dfc33620-db1a-5369-907e-1b93d9f2857a
RC480.R666,1,unified:dfc33620-db1a-5369-907e-1b93d9f2857a
RC480.R668,2,unified:dfc33620-db1a-5369-907e-1b93d9f2857a
RC480.R8,1,unified:dfc33620-db1a-5369-907e-1b93d9f2857a
RC480.R89,1,unified:dfc33620-db1a-5369-907e-1b93d9f2857a
RC480.S213,3,unified:dfc33620-db1a-5369-907e-1b93d9f2857a
RC480.S248,1,unified:dfc33620-db1a-5369-907e-1b93d9f2857a
RC480.S25,1,unified:dfc33620-db1a-5369-907e-1b93d9f2857a
RC480.S3,1,unified:dfc33620-db1a-5369-907e-1b93d9f2857a
RC480.S33,1,unified:dfc33620-db1a-5369-907e-1b93d9f2857a
RC480.S333,1,unified:dfc33620-db1a-5369-907e-1b93d9f2857a
RC480.S334,1,unified:dfc33620-db1a-5369-907e-1b93d9f2857a
RC480.S342,6,unified:dfc33620-db1a-5369-907e-1b93d9f2857a
RC480.S343,1,unified:dfc33620-db1a-5369-907e-1b93d9f2857a
RC480.S346,1,unified:dfc33620-db1a-5369-907e-1b93d9f2857a
RC480.S354,1,unified:dfc33620-db1a-5369-907e-1b93d9f2857a
RC480.S355,3,unified:dfc33620-db1a-5369-907e-1b93d9f2857a
RC480.S42,1,unified:dfc33620-db1a-5369-907e-1b93d9f2857a
RC480.S43,3,unified:dfc33620-db1a-5369-907e-1b93d9f2857a
RC480.S44,1,unified:dfc33620-db1a-5369-907e-1b93d9f2857a
RC480.S455,1,unified:dfc33620-db1a-5369-907e-1b93d9f2857a
RC480.S46,1,unified:dfc33620-db1a-5369-907e-1b93d9f2857a
RC480.S5,1,unified:dfc33620-db1a-5369-907e-1b93d9f2857a
RC480.S525,1,unified:dfc33620-db1a-5369-907e-1b93d9f2857a
RC480.S625,2,unified:dfc33620-db1a-5369-907e-1b93d9f2857a
RC480.S627,1,unified:dfc33620-db1a-5369-907e-1b93d9f2857a
RC480.S654,2,unified:dfc33620-db1a-5369-907e-1b93d9f2857a
RC480.S733,1,unified:dfc33620-db1a-5369-907e-1b93d9f2857a
RC480.S7918,1,unified:dfc33620-db1a-5369-907e-1b93d9f2857a
RC480.S84,1,unified:dfc33620-db1a-5369-907e-1b93d9f2857a
RC480.S86,2,unified:dfc33620-db1a-5369-907e-1b93d9f2857a
RC480.S87,1,unified:dfc33620-db1a-5369-907e-1b93d9f2857a
RC480.S92,1,unified:dfc33620-db1a-5369-907e-1b93d9f2857a
RC480.T44,1,unified:dfc33620-db1a-5369-907e-1b93d9f2857a
RC480.T442,1,unified:dfc33620-db1a-5369-907e-1b93d9f2857a
RC480.T448,1,unified:dfc33620-db1a-5369-907e-1b93d9f2857a
RC480.T449,5,unified:dfc33620-db1a-5369-907e-1b93d9f2857a
RC480.T67,1,unified:dfc33620-db1a-5369-907e-1b93d9f2857a
RC480.T675,1,unified:dfc33620-db1a-5369-907e-1b93d9f2857a
RC480.T678,1,unified:dfc33620-db1a-5369-907e-1b93d9f2857a
RC480.T69,4,unified:dfc33620-db1a-5369-907e-1b93d9f2857a
RC480.T695,1,unified:dfc33620-db1a-5369-907e-1b93d9f2857a
RC480.T7,1,unified:dfc33620-db1a-5369-907e-1b93d9f2857a
RC480.T74,1,unified:dfc33620-db1a-5369-907e-1b93d9f2857a
RC480.T83,1,unified:dfc33620-db1a-5369-907e-1b93d9f2857a
RC480.T94,1,unified:dfc33620-db1a-5369-907e-1b93d9f2857a
RC480.U53,2,unified:dfc33620-db1a-5369-907e-1b93d9f2857a
RC480.W26,1,unified:dfc33620-db1a-5369-907e-1b93d9f2857a
RC480.W266,2,unified:dfc33620-db1a-5369-907e-1b93d9f2857a
RC480.W28,1,unified:dfc33620-db1a-5369-907e-1b93d9f2857a
RC480.W3,1,unified:dfc33620-db1a-5369-907e-1b93d9f2857a
RC480.W348,1,unified:dfc33620-db1a-5369-907e-1b93d9f2857a
RC480.W37,1,unified:dfc33620-db1a-5369-907e-1b93d9f2857a
RC480.W373,2,unified:dfc33620-db1a-5369-907e-1b93d9f2857a
RC480.W376,1,unified:dfc33620-db1a-5369-907e-1b93d9f2857a
RC480.W45,1,unified:dfc33620-db1a-5369-907e-1b93d9f2857a
RC480.W55,3,unified:dfc33620-db1a-5369-907e-1b93d9f2857a
RC480.Y35,2,unified:dfc33620-db1a-5369-907e-1b93d9f2857a
RC480.Y67,1,unified:dfc33620-db1a-5369-907e-1b93d9f2857a
RC480C32,1,unified:dfc33620-db1a-5369-907e-1b93d9f2857a
RC480D48,1,unified:dfc33620-db1a-5369-907e-1b93d9f2857a
RC480F654,1,unified:dfc33620-db1a-5369-907e-1b93d9f2857a
RC480G52,1,unified:dfc33620-db1a-5369-907e-1b93d9f2857a
RC480K54,1,unified:dfc33620-db1a-5369-907e-1b93d9f2857a
RC481,172,unified:dfc33620-db1a-5369-907e-1b93d9f2857a
RC481.A33,1,unified:dfc33620-db1a-5369-907e-1b93d9f2857a
RC481.B37,1,unified:dfc33620-db1a-5369-907e-1b93d9f2857a
RC481.C28,1,unified:dfc33620-db1a-5369-907e-1b93d9f2857a
RC481.C52,1,unified:dfc33620-db1a-5369-907e-1b93d9f2857a
RC481.D45,1,unified:dfc33620-db1a-5369-907e-1b93d9f2857a
RC481.D86,3,unified:dfc33620-db1a-5369-907e-1b93d9f2857a
RC481.G55,1,unified:dfc33620-db1a-5369-907e-1b93d9f2857a
RC481.I54,2,unified:dfc33620-db1a-5369-907e-1b93d9f2857a
RC481.L33,1,unified:dfc33620-db1a-5369-907e-1b93d9f2857a
RC481.M43,1,unified:dfc33620-db1a-5369-907e-1b93d9f2857a
RC481.M4324,1,unified:dfc33620-db1a-5369-907e-1b93d9f2857a
RC481.M68,1,unified:dfc33620-db1a-5369-907e-1b93d9f2857a
RC481.O26,2,unified:dfc33620-db1a-5369-907e-1b93d9f2857a
RC481.P73,1,unified:dfc33620-db1a-5369-907e-1b93d9f2857a
RC481.P79,1,unified:dfc33620-db1a-5369-907e-1b93d9f2857a
RC481.R44,1,unified:dfc33620-db1a-5369-907e-1b93d9f2857a
RC481.R58725,2,unified:dfc33620-db1a-5369-907e-1b93d9f2857a
RC481.R6,2,unified:dfc33620-db1a-5369-907e-1b93d9f2857a
RC481.R875,4,unified:dfc33620-db1a-5369-907e-1b93d9f2857a
RC481.S54,1,unified:dfc33620-db1a-5369-907e-1b93d9f2857a
RC481.S66,1,unified:dfc33620-db1a-5369-907e-1b93d9f2857a
RC481.T65,2,unified:dfc33620-db1a-5369-907e-1b93d9f2857a
RC481.T83,2,unified:dfc33620-db1a-5369-907e-1b93d9f2857a
RC481.W538,4,unified:dfc33620-db1a-5369-907e-1b93d9f2857a
RC481P67,1,unified:dfc33620-db1a-5369-907e-1b93d9f2857a
RC488.5,2237,unified:dfc33620-db1a-5369-907e-1b93d9f2857a
RC488.5.A17,1,unified:dfc33620-db1a-5369-907e-1b93d9f2857a
RC488.5.A25,1,unified:dfc33620-db1a-5369-907e-1b93d9f2857a
RC488.5.A28,2,unified:dfc33620-db1a-5369-907e-1b93d9f2857a
RC488.5.A34,4,unified:dfc33620-db1a-5369-907e-1b93d9f2857a
RC488.5.A432,1,unified:dfc33620-db1a-5369-907e-1b93d9f2857a
RC488.5.A434,1,unified:dfc33620-db1a-5369-907e-1b93d9f2857a
RC488.5.A46613,1,unified:dfc33620-db1a-5369-907e-1b93d9f2857a
RC488.5.A473,1,unified:dfc33620-db1a-5369-907e-1b93d9f2857a
RC488.5.A4818,2,unified:dfc33620-db1a-5369-907e-1b93d9f2857a
RC488.5.A4913,1,unified:dfc33620-db1a-5369-907e-1b93d9f2857a
RC488.5.A525,1,unified:dfc33620-db1a-5369-907e-1b93d9f2857a
RC488.5.A56,1,unified:dfc33620-db1a-5369-907e-1b93d9f2857a
RC488.5.A63,3,unified:dfc33620-db1a-5369-907e-1b93d9f2857a
RC488.5.A65,1,unified:dfc33620-db1a-5369-907e-1b93d9f2857a
RC488.5.A73,1,unified:dfc33620-db1a-5369-907e-1b93d9f2857a
RC488.5.A76,2,unified:dfc33620-db1a-5369-907e-1b93d9f2857a
RC488.5.A78,1,unified:dfc33620-db1a-5369-907e-1b93d9f2857a
RC488.5.A83,1,unified:dfc33620-db1a-5369-907e-1b93d9f2857a
RC488.5.A8413,2,unified:dfc33620-db1a-5369-907e-1b93d9f2857a
RC488.5.A86,1,unified:dfc33620-db1a-5369-907e-1b93d9f2857a
RC488.5.A87,1,unified:dfc33620-db1a-5369-907e-1b93d9f2857a
RC488.5.A88,1,unified:dfc33620-db1a-5369-907e-1b93d9f2857a
RC488.5.A885,2,unified:dfc33620-db1a-5369-907e-1b93d9f2857a
RC488.5.B25,1,unified:dfc33620-db1a-5369-907e-1b93d9f2857a
RC488.5.B269,2,unified:dfc33620-db1a-5369-907e-1b93d9f2857a
RC488.5.B2695,1,unified:dfc33620-db1a-5369-907e-1b93d9f2857a
RC488.5.B27,1,unified:dfc33620-db1a-5369-907e-1b93d9f2857a
RC488.5.B334,1,unified:dfc33620-db1a-5369-907e-1b93d9f2857a
RC488.5.B336,3,unified:dfc33620-db1a-5369-907e-1b93d9f2857a
RC488.5.B365,3,unified:dfc33620-db1a-5369-907e-1b93d9f2857a
RC488.5.B37,1,unified:dfc33620-db1a-5369-907e-1b93d9f2857a
RC488.5.B373,3,unified:dfc33620-db1a-5369-907e-1b93d9f2857a
RC488.5.B379,1,unified:dfc33620-db1a-5369-907e-1b93d9f2857a
RC488.5.B3798,1,unified:dfc33620-db1a-5369-907e-1b93d9f2857a
RC488.5.B3814,1,unified:dfc33620-db1a-5369-907e-1b93d9f2857a
RC488.5.B382613,1,unified:dfc33620-db1a-5369-907e-1b93d9f2857a
RC488.5.B387,1,unified:dfc33620-db1a-5369-907e-1b93d9f2857a
RC488.5.B388,4,unified:dfc33620-db1a-5369-907e-1b93d9f2857a
RC488.5.B39,2,unified:dfc33620-db1a-5369-907e-1b93d9f2857a
RC488.5.B46,2,unified:dfc33620-db1a-5369-907e-1b93d9f2857a
RC488.5.B463,4,unified:dfc33620-db1a-5369-907e-1b93d9f2857a
RC488.5.B477,1,unified:dfc33620-db1a-5369-907e-1b93d9f2857a
RC488.5.B478,1,unified:dfc33620-db1a-5369-907e-1b93d9f2857a
RC488.5.B4783,5,unified:dfc33620-db1a-5369-907e-1b93d9f2857a
RC488.5.B485,3,unified:dfc33620-db1a-5369-907e-1b93d9f2857a
RC488.5.B492,2,unified:dfc33620-db1a-5369-907e-1b93d9f2857a
RC488.5.B493,2,unified:dfc33620-db1a-5369-907e-1b93d9f2857a
RC488.5.B4932,1,unified:dfc33620-db1a-5369-907e-1b93d9f2857a
RC488.5.B56,1,unified:dfc33620-db1a-5369-907e-1b93d9f2857a
RC488.5.B58,2,unified:dfc33620-db1a-5369-907e-1b93d9f2857a
RC488.5.B628,1,unified:dfc33620-db1a-5369-907e-1b93d9f2857a
RC488.5.B63,1,unified:dfc33620-db1a-5369-907e-1b93d9f2857a
RC488.5.B635,2,unified:dfc33620-db1a-5369-907e-1b93d9f2857a
RC488.5.B636,1,unified:dfc33620-db1a-5369-907e-1b93d9f2857a
RC488.5.B648,1,unified:dfc33620-db1a-5369-907e-1b93d9f2857a
RC488.5.B649,2,unified:dfc33620-db1a-5369-907e-1b93d9f2857a
RC488.5.B65,1,unified:dfc33620-db1a-5369-907e-1b93d9f2857a
RC488.5.B67,2,unified:dfc33620-db1a-5369-907e-1b93d9f2857a
RC488.5.B673,1,unified:dfc33620-db1a-5369-907e-1b93d9f2857a
RC488.5.B678,1,unified:dfc33620-db1a-5369-907e-1b93d9f2857a
RC488.5.B683,2,unified:dfc33620-db1a-5369-907e-1b93d9f2857a
RC488.5.B6835,1,unified:dfc33620-db1a-5369-907e-1b93d9f2857a
RC488.5.B685,2,unified:dfc33620-db1a-5369-907e-1b93d9f2857a
RC488.5.B73,1,unified:dfc33620-db1a-5369-907e-1b93d9f2857a
RC488.5.B74,1,unified:dfc33620-db1a-5369-907e-1b93d9f2857a
RC488.5.B75,2,unified:dfc33620-db1a-5369-907e-1b93d9f2857a
RC488.5.B763,1,unified:dfc33620-db1a-5369-907e-1b93d9f2857a
RC488.5.B765,1,unified:dfc33620-db1a-5369-907e-1b93d9f2857a
RC488.5.B766,1,unified:dfc33620-db1a-5369-907e-1b93d9f2857a
RC488.5.B7813,1,unified:dfc33620-db1a-5369-907e-1b93d9f2857a
RC488.5.B8,1,unified:dfc33620-db1a-5369-907e-1b93d9f2857a
RC488.5.B815,1,unified:dfc33620-db1a-5369-907e-1b93d9f2857a
RC488.5.B845,1,unified:dfc33620-db1a-5369-907e-1b93d9f2857a
RC488.5.B85,1,unified:dfc33620-db1a-5369-907e-1b93d9f2857a
RC488.5.B95,1,unified:dfc33620-db1a-5369-907e-1b93d9f2857a
RC488.5.C3,2,unified:dfc33620-db1a-5369-907e-1b93d9f2857a
RC488.5.C362,2,unified:dfc33620-db1a-5369-907e-1b93d9f2857a
RC488.5.C3633,2,unified:dfc33620-db1a-5369-907e-1b93d9f2857a
RC488.5.C3635,1,unified:dfc33620-db1a-5369-907e-1b93d9f2857a
RC488.5.C365,2,unified:dfc33620-db1a-5369-907e-1b93d9f2857a
RC488.5.C366,1,unified:dfc33620-db1a-5369-907e-1b93d9f2857a
RC488.5.C367,5,unified:dfc33620-db1a-5369-907e-1b93d9f2857a
RC488.5.C3678,2,unified:dfc33620-db1a-5369-907e-1b93d9f2857a
RC488.5.C368,1,unified:dfc33620-db1a-5369-907e-1b93d9f2857a
RC488.5.C3685,2,unified:dfc33620-db1a-5369-907e-1b93d9f2857a
RC488.5.C369,1,unified:dfc33620-db1a-5369-907e-1b93d9f2857a
RC488.5.C3696,1,unified:dfc33620-db1a-5369-907e-1b93d9f2857a
RC488.5.C37,2,unified:dfc33620-db1a-5369-907e-1b93d9f2857a
RC488.5.C38,3,unified:dfc33620-db1a-5369-907e-1b93d9f2857a
RC488.5.C455,1,unified:dfc33620-db1a-5369-907e-1b93d9f2857a
RC488.5.C4619,2,unified:dfc33620-db1a-5369-907e-1b93d9f2857a
RC488.5.C465,1,unified:dfc33620-db1a-5369-907e-1b93d9f2857a
RC488.5.C468,1,unified:dfc33620-db1a-5369-907e-1b93d9f2857a
RC488.5.C47,1,unified:dfc33620-db1a-5369-907e-1b93d9f2857a
RC488.5.C583,1,unified:dfc33620-db1a-5369-907e-1b93d9f2857a
RC488.5.C5834,1,unified:dfc33620-db1a-5369-907e-1b93d9f2857a
RC488.5.C5835,3,unified:dfc33620-db1a-5369-907e-1b93d9f2857a
RC488.5.C584,5,unified:dfc33620-db1a-5369-907e-1b93d9f2857a
RC488.5.C585,1,unified:dfc33620-db1a-5369-907e-1b93d9f2857a
RC488.5.C586,1,unified:dfc33620-db1a-5369-907e-1b93d9f2857a
RC488.5.C594,2,unified:dfc33620-db1a-5369-907e-1b93d9f2857a
RC488.5.C62,3,unified:dfc33620-db1a-5369-907e-1b93d9f2857a
RC488.5.C63,1,unified:dfc33620-db1a-5369-907e-1b93d9f2857a
RC488.5.C633,1,unified:dfc33620-db1a-5369-907e-1b93d9f2857a
RC488.5.C634,2,unified:dfc33620-db1a-5369-907e-1b93d9f2857a
RC488.5.C635,1,unified:dfc33620-db1a-5369-907e-1b93d9f2857a
RC488.5.C636,1,unified:dfc33620-db1a-5369-907e-1b93d9f2857a
RC488.5.C637,1,unified:dfc33620-db1a-5369-907e-1b93d9f2857a
RC488.5.C638,1,unified:dfc33620-db1a-5369-907e-1b93d9f2857a
RC488.5.C6424,1,unified:dfc33620-db1a-5369-907e-1b93d9f2857a
RC488.5.C6425,3,unified:dfc33620-db1a-5369-907e-1b93d9f2857a
RC488.5.C6426,1,unified:dfc33620-db1a-5369-907e-1b93d9f2857a
RC488.5.C643,1,unified:dfc33620-db1a-5369-907e-1b93d9f2857a
RC488.5.C64317,1,unified:dfc33620-db1a-5369-907e-1b93d9f2857a
RC488.5.C64318,1,unified:dfc33620-db1a-5369-907e-1b93d9f2857a
RC488.5.C6432,1,unified:dfc33620-db1a-5369-907e-1b93d9f2857a
RC488.5.C6433,3,unified:dfc33620-db1a-5369-907e-1b93d9f2857a
RC488.5.C6434,2,unified:dfc33620-db1a-5369-907e-1b93d9f2857a
RC488.5.C64342,2,unified:dfc33620-db1a-5369-907e-1b93d9f2857a
RC488.5.C64343,1,unified:dfc33620-db1a-5369-907e-1b93d9f2857a
RC488.5.C64345,3,unified:dfc33620-db1a-5369-907e-1b93d9f2857a
RC488.5.C6435,1,unified:dfc33620-db1a-5369-907e-1b93d9f2857a
RC488.5.C6438,2,unified:dfc33620-db1a-5369-907e-1b93d9f2857a
RC488.5.C64385,2,unified:dfc33620-db1a-5369-907e-1b93d9f2857a
RC488.5.C644,1,unified:dfc33620-db1a-5369-907e-1b93d9f2857a
RC488.5.C647,1,unified:dfc33620-db1a-5369-907e-1b93d9f2857a
RC488.5.C678,1,unified:dfc33620-db1a-5369-907e-1b93d9f2857a
RC488.5.C6788,2,unified:dfc33620-db1a-5369-907e-1b93d9f2857a
RC488.5.C6796,1,unified:dfc33620-db1a-5369-907e-1b93d9f2857a
RC488.5.C68,2,unified:dfc33620-db1a-5369-907e-1b93d9f2857a
RC488.5.C684,1,unified:dfc33620-db1a-5369-907e-1b93d9f2857a
RC488.5.C723,1,unified:dfc33620-db1a-5369-907e-1b93d9f2857a
RC488.5.C73,1,unified:dfc33620-db1a-5369-907e-1b93d9f2857a
RC488.5.C734,1,unified:dfc33620-db1a-5369-907e-1b93d9f2857a
RC488.5.C74,1,unified:dfc33620-db1a-5369-907e-1b93d9f2857a
RC488.5.C75,1,unified:dfc33620-db1a-5369-907e-1b93d9f2857a
RC488.5.C85,1,unified:dfc33620-db1a-5369-907e-1b93d9f2857a
RC488.5.D33,2,unified:dfc33620-db1a-5369-907e-1b93d9f2857a
RC488.5.D333,1,unified:dfc33620-db1a-5369-907e-1b93d9f2857a
RC488.5.D34,1,unified:dfc33620-db1a-5369-907e-1b93d9f2857a
RC488.5.D35,2,unified:dfc33620-db1a-5369-907e-1b93d9f2857a
RC488.5.D356,1,unified:dfc33620-db1a-5369-907e-1b93d9f2857a
RC488.5.D3715,2,unified:dfc33620-db1a-5369-907e-1b93d9f2857a
RC488.5.D39,5,unified:dfc33620-db1a-5369-907e-1b93d9f2857a
RC488.5.D43,2,unified:dfc33620-db1a-5369-907e-1b93d9f2857a
RC488.5.D48,1,unified:dfc33620-db1a-5369-907e-1b93d9f2857a
RC488.5.D525,2,unified:dfc33620-db1a-5369-907e-1b93d9f2857a
RC488.5.D55,1,unified:dfc33620-db1a-5369-907e-1b93d9f2857a
RC488.5.D59,4,unified:dfc33620-db1a-5369-907e-1b93d9f2857a
RC488.5.D598,3,unified:dfc33620-db1a-5369-907e-1b93d9f2857a
RC488.5.D6,3,unified:dfc33620-db1a-5369-907e-1b93d9f2857a
RC488.5.D628,1,unified:dfc33620-db1a-5369-907e-1b93d9f2857a
RC488.5.D945,1,unified:dfc33620-db1a-5369-907e-1b93d9f2857a
RC488.5.E27,4,unified:dfc33620-db1a-5369-907e-1b93d9f2857a
RC488.5.E3513,1,unified:dfc33620-db1a-5369-907e-1b93d9f2857a
RC488.5.E44,1,unified:dfc33620-db1a-5369-907e-1b93d9f2857a
RC488.5.E47,1,unified:dfc33620-db1a-5369-907e-1b93d9f2857a
RC488.5.E64,2,unified:dfc33620-db1a-5369-907e-1b93d9f2857a
RC488.5.E645,2,unified:dfc33620-db1a-5369-907e-1b93d9f2857a
RC488.5.E66,1,unified:dfc33620-db1a-5369-907e-1b93d9f2857a
RC488.5.E74,1,unified:dfc33620-db1a-5369-907e-1b93d9f2857a
RC488.5.E75,1,unified:dfc33620-db1a-5369-907e-1b93d9f2857a
RC488.5.E79,3,unified:dfc33620-db1a-5369-907e-1b93d9f2857a
RC488.5.E83,1,unified:dfc33620-db1a-5369-907e-1b93d9f2857a
RC488.5.E85,1,unified:dfc33620-db1a-5369-907e-1b93d9f2857a
RC488.5.E86,1,unified:dfc33620-db1a-5369-907e-1b93d9f2857a
RC488.5.E868,1,unified:dfc33620-db1a-5369-907e-1b93d9f2857a
RC488.5.E87,2,unified:dfc33620-db1a-5369-907e-1b93d9f2857a
RC488.5.E937,2,unified:dfc33620-db1a-5369-907e-1b93d9f2857a
RC488.5.E96,1,unified:dfc33620-db1a-5369-907e-1b93d9f2857a
RC488.5.E98,1,unified:dfc33620-db1a-5369-907e-1b93d9f2857a
RC488.5.F27,1,unified:dfc33620-db1a-5369-907e-1b93d9f2857a
RC488.5.F295,1,unified:dfc33620-db1a-5369-907e-1b93d9f2857a
RC488.5.F315,1,unified:dfc33620-db1a-5369-907e-1b93d9f2857a
RC488.5.F324,1,unified:dfc33620-db1a-5369-907e-1b93d9f2857a
RC488.5.F3242,1,unified:dfc33620-db1a-5369-907e-1b93d9f2857a
RC488.5.F3245,1,unified:dfc33620-db1a-5369-907e-1b93d9f2857a
RC488.5.F3254,1,unified:dfc33620-db1a-5369-907e-1b93d9f2857a
RC488.5.F326,2,unified:dfc33620-db1a-5369-907e-1b93d9f2857a
RC488.5.F327,1,unified:dfc33620-db1a-5369-907e-1b93d9f2857a
RC488.5.F3325,1,unified:dfc33620-db1a-5369-907e-1b93d9f2857a
RC488.5.F33354,1,unified:dfc33620-db1a-5369-907e-1b93d9f2857a
RC488.5.F3337,1,unified:dfc33620-db1a-5369-907e-1b93d9f2857a
RC488.5.F3338,2,unified:dfc33620-db1a-5369-907e-1b93d9f2857a
RC488.5.F33415,1,unified:dfc33620-db1a-5369-907e-1b93d9f2857a
RC488.5.F3342,1,unified:dfc33620-db1a-5369-907e-1b93d9f2857a
RC488.5.F33424,1,unified:dfc33620-db1a-5369-907e-1b93d9f2857a
RC488.5.F335,1,unified:dfc33620-db1a-5369-907e-1b93d9f2857a
RC488.5.F336,3,unified:dfc33620-db1a-5369-907e-1b93d9f2857a
RC488.5.F339,1,unified:dfc33620-db1a-5369-907e-1b93d9f2857a
RC488.5.F349,3,unified:dfc33620-db1a-5369-907e-1b93d9f2857a
RC488.5.F3492,2,unified:dfc33620-db1a-5369-907e-1b93d9f2857a
RC488.5.F35,1,unified:dfc33620-db1a-5369-907e-1b93d9f2857a
RC488.5.F353,1,unified:dfc33620-db1a-5369-907e-1b93d9f2857a
RC488.5.F356,1,unified:dfc33620-db1a-5369-907e-1b93d9f2857a
RC488.5.F383,1,unified:dfc33620-db1a-5369-907e-1b93d9f2857a
RC488.5.F43,2,unified:dfc33620-db1a-5369-907e-1b93d9f2857a
RC488.5.F44,1,unified:dfc33620-db1a-5369-907e-1b93d9f2857a
RC488.5.F4448,1,unified:dfc33620-db1a-5369-907e-1b93d9f2857a
RC488.5.F45,1,unified:dfc33620-db1a-5369-907e-1b93d9f2857a
RC488.5.F453,1,unified:dfc33620-db1a-5369-907e-1b93d9f2857a
RC488.5.F455,2,unified:dfc33620-db1a-5369-907e-1b93d9f2857a
RC488.5.F46,1,unified:dfc33620-db1a-5369-907e-1b93d9f2857a
RC488.5.F536,2,unified:dfc33620-db1a-5369-907e-1b93d9f2857a
RC488.5.F54,1,unified:dfc33620-db1a-5369-907e-1b93d9f2857a
RC488.5.F55,1,unified:dfc33620-db1a-5369-907e-1b93d9f2857a
RC488.5.F57,1,unified:dfc33620-db1a-5369-907e-1b93d9f2857a
RC488.5.F64,1,unified:dfc33620-db1a-5369-907e-1b93d9f2857a
RC488.5.F68,1,unified:dfc33620-db1a-5369-907e-1b93d9f2857a
RC488.5.F698,1,unified:dfc33620-db1a-5369-907e-1b93d9f2857a
RC488.5.F7,1,unified:dfc33620-db1a-5369-907e-1b93d9f2857a
RC488.5.F72,1,unified:dfc33620-db1a-5369-907e-1b93d9f2857a
RC488.5.F73,2,unified:dfc33620-db1a-5369-907e-1b93d9f2857a
RC488.5.F74,2,unified:dfc33620-db1a-5369-907e-1b93d9f2857a
RC488.5.F744,1,unified:dfc33620-db1a-5369-907e-1b93d9f2857a
RC488.5.F7445,1,unified:dfc33620-db1a-5369-907e-1b93d9f2857a
RC488.5.G35,1,unified:dfc33620-db1a-5369-907e-1b93d9f2857a
RC488.5.G4185,2,unified:dfc33620-db1a-5369-907e-1b93d9f2857a
RC488.5.G4187,1,unified:dfc33620-db1a-5369-907e-1b93d9f2857a
RC488.5.G42,1,unified:dfc33620-db1a-5369-907e-1b93d9f2857a
RC488.5.G424,1,unified:dfc33620-db1a-5369-907e-1b93d9f2857a
RC488.5.G47,3,unified:dfc33620-db1a-5369-907e-1b93d9f2857a
RC488.5.G525,3,unified:dfc33620-db1a-5369-907e-1b93d9f2857a
RC488.5.G527,1,unified:dfc33620-db1a-5369-907e-1b93d9f2857a
RC488.5.G53,1,unified:dfc33620-db1a-5369-907e-1b93d9f2857a
RC488.5.G535,5,unified:dfc33620-db1a-5369-907e-1b93d9f2857a
RC488.5.G54,1,unified:dfc33620-db1a-5369-907e-1b93d9f2857a
RC488.5.G565,3,unified:dfc33620-db1a-5369-907e-1b93d9f2857a
RC488.5.G635,2,unified:dfc33620-db1a-5369-907e-1b93d9f2857a
RC488.5.G64,1,unified:dfc33620-db1a-5369-907e-1b93d9f2857a
RC488.5.G67,2,unified:dfc33620-db1a-5369-907e-1b93d9f2857a
RC488.5.G678,1,unified:dfc33620-db1a-5369-907e-1b93d9f2857a
RC488.5.G6785,1,unified:dfc33620-db1a-5369-907e-1b93d9f2857a
RC488.5.G68,1,unified:dfc33620-db1a-5369-907e-1b93d9f2857a
RC488.5.G684,1,unified:dfc33620-db1a-5369-907e-1b93d9f2857a
RC488.5.G7,1,unified:dfc33620-db1a-5369-907e-1b93d9f2857a
RC488.5.G734,2,unified:dfc33620-db1a-5369-907e-1b93d9f2857a
RC488.5.G74,1,unified:dfc33620-db1a-5369-907e-1b93d9f2857a
RC488.5.G75,3,unified:dfc33620-db1a-5369-907e-1b93d9f2857a
RC488.5.G753,1,unified:dfc33620-db1a-5369-907e-1b93d9f2857a
RC488.5.G764,1,unified:dfc33620-db1a-5369-907e-1b93d9f2857a
RC488.5.G765,1,unified:dfc33620-db1a-5369-907e-1b93d9f2857a
RC488.5.G86,2,unified:dfc33620-db1a-5369-907e-1b93d9f2857a
RC488.5.H24,2,unified:dfc33620-db1a-5369-907e-1b93d9f2857a
RC488.5.H314,2,unified:dfc33620-db1a-5369-907e-1b93d9f2857a
RC488.5.H32,1,unified:dfc33620-db1a-5369-907e-1b93d9f2857a
RC488.5.H32122,1,unified:dfc33620-db1a-5369-907e-1b93d9f2857a
RC488.5.H3213,1,unified:dfc33620-db1a-5369-907e-1b93d9f2857a
RC488.5.H324,1,unified:dfc33620-db1a-5369-907e-1b93d9f2857a
RC488.5.H326,1,unified:dfc33620-db1a-5369-907e-1b93d9f2857a
RC488.5.H3262,2,unified:dfc33620-db1a-5369-907e-1b93d9f2857a
RC488.5.H32623,4,unified:dfc33620-db1a-5369-907e-1b93d9f2857a
RC488.5.H3263,2,unified:dfc33620-db1a-5369-907e-1b93d9f2857a
RC488.5.H328,1,unified:dfc33620-db1a-5369-907e-1b93d9f2857a
RC488.5.H33,1,unified:dfc33620-db1a-5369-907e-1b93d9f2857a
RC488.5.H333,3,unified:dfc33620-db1a-5369-907e-1b93d9f2857a
RC488.5.H334,1,unified:dfc33620-db1a-5369-907e-1b93d9f2857a
RC488.5.H3346,1,unified:dfc33620-db1a-5369-907e-1b93d9f2857a
RC488.5.H335,1,unified:dfc33620-db1a-5369-907e-1b93d9f2857a
RC488.5.H337,3,unified:dfc33620-db1a-5369-907e-1b93d9f2857a
RC488.5.H3372,5,unified:dfc33620-db1a-5369-907e-1b93d9f2857a
RC488.5.H3547,2,unified:dfc33620-db1a-5369-907e-1b93d9f2857a
RC488.5.H3549,1,unified:dfc33620-db1a-5369-907e-1b93d9f2857a
RC488.5.H355,1,unified:dfc33620-db1a-5369-907e-1b93d9f2857a
RC488.5.H36,1,unified:dfc33620-db1a-5369-907e-1b93d9f2857a
RC488.5.H375,1,unified:dfc33620-db1a-5369-907e-1b93d9f2857a
RC488.5.H378,2,unified:dfc33620-db1a-5369-907e-1b93d9f2857a
RC488.5.H386,1,unified:dfc33620-db1a-5369-907e-1b93d9f2857a
RC488.5.H415,1,unified:dfc33620-db1a-5369-907e-1b93d9f2857a
RC488.5.H42,1,unified:dfc33620-db1a-5369-907e-1b93d9f2857a
RC488.5.H43,1,unified:dfc33620-db1a-5369-907e-1b93d9f2857a
RC488.5.H433,2,unified:dfc33620-db1a-5369-907e-1b93d9f2857a
RC488.5.H434,1,unified:dfc33620-db1a-5369-907e-1b93d9f2857a
RC488.5.H44,1,unified:dfc33620-db1a-5369-907e-1b93d9f2857a
RC488.5.H465,1,unified:dfc33620-db1a-5369-907e-1b93d9f2857a
RC488.5.H47,3,unified:dfc33620-db1a-5369-907e-1b93d9f2857a
RC488.5.H477,2,unified:dfc33620-db1a-5369-907e-1b93d9f2857a
RC488.5.H478,2,unified:dfc33620-db1a-5369-907e-1b93d9f2857a
RC488.5.H56,1,unified:dfc33620-db1a-5369-907e-1b93d9f2857a
RC488.5.H599,1,unified:dfc33620-db1a-5369-907e-1b93d9f2857a
RC488.5.H61,3,unified:dfc33620-db1a-5369-907e-1b93d9f2857a
RC488.5.H613,1,unified:dfc33620-db1a-5369-907e-1b93d9f2857a
RC488.5.H634,1,unified:dfc33620-db1a-5369-907e-1b93d9f2857a
RC488.5.H79,1,unified:dfc33620-db1a-5369-907e-1b93d9f2857a
RC488.5.H8,4,unified:dfc33620-db1a-5369-907e-1b93d9f2857a
RC488.5.H824,1,unified:dfc33620-db1a-5369-907e-1b93d9f2857a
RC488.5.H826,2,unified:dfc33620-db1a-5369-907e-1b93d9f2857a
RC488.5.H827,1,unified:dfc33620-db1a-5369-907e-1b93d9f2857a
RC488.5.H8272,1,unified:dfc33620-db1a-5369-907e-1b93d9f2857a
RC488.5.H87,1,unified:dfc33620-db1a-5369-907e-1b93d9f2857a
RC488.5.I43,1,unified:dfc33620-db1a-5369-907e-1b93d9f2857a
RC488.5.I49,1,unified:dfc33620-db1a-5369-907e-1b93d9f2857a
RC488.5.I497,1,unified:dfc33620-db1a-5369-907e-1b93d9f2857a
RC488.5.I4975,2,unified:dfc33620-db1a-5369-907e-1b93d9f2857a
RC488.5.I5,1,unified:dfc33620-db1a-5369-907e-1b93d9f2857a
RC488.5.I514,2,unified:dfc33620-db1a-5369-907e-1b93d9f2857a
RC488.5.I5146,1,unified:dfc33620-db1a-5369-907e-1b93d9f2857a
RC488.5.I515,2,unified:dfc33620-db1a-5369-907e-1b93d9f2857a
RC488.5.I517,1,unified:dfc33620-db1a-5369-907e-1b93d9f2857a
RC488.5.I52,2,unified:dfc33620-db1a-5369-907e-1b93d9f2857a
RC488.5.I527,1,unified:dfc33620-db1a-5369-907e-1b93d9f2857a
RC488.5.I58,1,unified:dfc33620-db1a-5369-907e-1b93d9f2857a
RC488.5.I5845,2,unified:dfc33620-db1a-5369-907e-1b93d9f2857a
RC488.5.I585,1,unified:dfc33620-db1a-5369-907e-1b93d9f2857a
RC488.5.I5875,4,unified:dfc33620-db1a-5369-907e-1b93d9f2857a
RC488.5.I59,1,unified:dfc33620-db1a-5369-907e-1b93d9f2857a
RC488.5.I785,1,unified:dfc33620-db1a-5369-907e-1b93d9f2857a
RC488.5.J349,3,unified:dfc33620-db1a-5369-907e-1b93d9f2857a
RC488.5.J589,2,unified:dfc33620-db1a-5369-907e-1b93d9f2857a
RC488.5.J59,5,unified:dfc33620-db1a-5369-907e-1b93d9f2857a
RC488.5.J5918,1,unified:dfc33620-db1a-5369-907e-1b93d9f2857a
RC488.5.J63,1,unified:dfc33620-db1a-5369-907e-1b93d9f2857a
RC488.5.J64,1,unified:dfc33620-db1a-5369-907e-1b93d9f2857a
RC488.5.K33,1,unified:dfc33620-db1a-5369-907e-1b93d9f2857a
RC488.5.K36,1,unified:dfc33620-db1a-5369-907e-1b93d9f2857a
RC488.5.K43,1,unified:dfc33620-db1a-5369-907e-1b93d9f2857a
RC488.5.K443,1,unified:dfc33620-db1a-5369-907e-1b93d9f2857a
RC488.5.K4448,1,unified:dfc33620-db1a-5369-907e-1b93d9f2857a
RC488.5.K445,2,unified:dfc33620-db1a-5369-907e-1b93d9f2857a
RC488.5.K47,1,unified:dfc33620-db1a-5369-907e-1b93d9f2857a
RC488.5.K48,1,unified:dfc33620-db1a-5369-907e-1b93d9f2857a
RC488.5.K55,3,unified:dfc33620-db1a-5369-907e-1b93d9f2857a
RC488.5.K57,1,unified:dfc33620-db1a-5369-907e-1b93d9f2857a
RC488.5.K65,1,unified:dfc33620-db1a-5369-907e-1b93d9f2857a
RC488.5.K74,1,unified:dfc33620-db1a-5369-907e-1b93d9f2857a
RC488.5.L325,1,unified:dfc33620-db1a-5369-907e-1b93d9f2857a
RC488.5.L326,1,unified:dfc33620-db1a-5369-907e-1b93d9f2857a
RC488.5.L346,1,unified:dfc33620-db1a-5369-907e-1b93d9f2857a
RC488.5.L3473,2,unified:dfc33620-db1a-5369-907e-1b93d9f2857a
RC488.5.L3474,1,unified:dfc33620-db1a-5369-907e-1b93d9f2857a
RC488.5.L3475,1,unified:dfc33620-db1a-5369-907e-1b93d9f2857a
RC488.5.L348,4,unified:dfc33620-db1a-5369-907e-1b93d9f2857a
RC488.5.L3483,2,unified:dfc33620-db1a-5369-907e-1b93d9f2857a
RC488.5.L3487,1,unified:dfc33620-db1a-5369-907e-1b93d9f2857a
RC488.5.L3488,1,unified:dfc33620-db1a-5369-907e-1b93d9f2857a
RC488.5.L349,2,unified:dfc33620-db1a-5369-907e-1b93d9f2857a
RC488.5.L353,1,unified:dfc33620-db1a-5369-907e-1b93d9f2857a
RC488.5.L355,2,unified:dfc33620-db1a-5369-907e-1b93d9f2857a
RC488.5.L358,1,unified:dfc33620-db1a-5369-907e-1b93d9f2857a
RC488.5.L378,1,unified:dfc33620-db1a-5369-907e-1b93d9f2857a
RC488.5.L42,2,unified:dfc33620-db1a-5369-907e-1b93d9f2857a
RC488.5.L423,1,unified:dfc33620-db1a-5369-907e-1b93d9f2857a
RC488.5.L43,1,unified:dfc33620-db1a-5369-907e-1b93d9f2857a
RC488.5.L44,3,unified:dfc33620-db1a-5369-907e-1b93d9f2857a
RC488.5.L47,3,unified:dfc33620-db1a-5369-907e-1b93d9f2857a
RC488.5.L48,2,unified:dfc33620-db1a-5369-907e-1b93d9f2857a
RC488.5.L54,1,unified:dfc33620-db1a-5369-907e-1b93d9f2857a
RC488.5.L6613,1,unified:dfc33620-db1a-5369-907e-1b93d9f2857a
RC488.5.L6713,1,unified:dfc33620-db1a-5369-907e-1b93d9f2857a
RC488.5.L675,2,unified:dfc33620-db1a-5369-907e-1b93d9f2857a
RC488.5.L69,2,unified:dfc33620-db1a-5369-907e-1b93d9f2857a
RC488.5.L795,2,unified:dfc33620-db1a-5369-907e-1b93d9f2857a
RC488.5.L826,2,unified:dfc33620-db1a-5369-907e-1b93d9f2857a
RC488.5.M32,2,unified:dfc33620-db1a-5369-907e-1b93d9f2857a
RC488.5.M332,4,unified:dfc33620-db1a-5369-907e-1b93d9f2857a
RC488.5.M335,1,unified:dfc33620-db1a-5369-907e-1b93d9f2857a
RC488.5.M34,1,unified:dfc33620-db1a-5369-907e-1b93d9f2857a
RC488.5.M356,1,unified:dfc33620-db1a-5369-907e-1b93d9f2857a
RC488.5.M3583,1,unified:dfc33620-db1a-5369-907e-1b93d9f2857a
RC488.5.M365,1,unified:dfc33620-db1a-5369-907e-1b93d9f2857a
RC488.5.M369,1,unified:dfc33620-db1a-5369-907e-1b93d9f2857a
RC488.5.M37,1,unified:dfc33620-db1a-5369-907e-1b93d9f2857a
RC488.5.M383,2,unified:dfc33620-db1a-5369-907e-1b93d9f2857a
RC488.5.M3918,1,unified:dfc33620-db1a-5369-907e-1b93d9f2857a
RC488.5.M392,1,unified:dfc33620-db1a-5369-907e-1b93d9f2857a
RC488.5.M3928,1,unified:dfc33620-db1a-5369-907e-1b93d9f2857a
RC488.5.M3945,2,unified:dfc33620-db1a-5369-907e-1b93d9f2857a
RC488.5.M395,4,unified:dfc33620-db1a-5369-907e-1b93d9f2857a
RC488.5.M3973,1,unified:dfc33620-db1a-5369-907e-1b93d9f2857a
RC488.5.M398,2,unified:dfc33620-db1a-5369-907e-1b93d9f2857a
RC488.5.M446,1,unified:dfc33620-db1a-5369-907e-1b93d9f2857a
RC488.5.M5313,1,unified:dfc33620-db1a-5369-907e-1b93d9f2857a
RC488.5.M54,1,unified:dfc33620-db1a-5369-907e-1b93d9f2857a
RC488.5.M543,5,unified:dfc33620-db1a-5369-907e-1b93d9f2857a
RC488.5.M555,1,unified:dfc33620-db1a-5369-907e-1b93d9f2857a
RC488.5.M662,2,unified:dfc33620-db1a-5369-907e-1b93d9f2857a
RC488.5.M664,2,unified:dfc33620-db1a-5369-907e-1b93d9f2857a
RC488.5.M69,1,unified:dfc33620-db1a-5369-907e-1b93d9f2857a
RC488.5.M84,1,unified:dfc33620-db1a-5369-907e-1b93d9f2857a
RC488.5.M846,1,unified:dfc33620-db1a-5369-907e-1b93d9f2857a
RC488.5.M847,2,unified:dfc33620-db1a-5369-907e-1b93d9f2857a
RC488.5.M85,2,unified:dfc33620-db1a-5369-907e-1b93d9f2857a
RC488.5.M87,1,unified:dfc33620-db1a-5369-907e-1b93d9f2857a
RC488.5.N365,1,unified:dfc33620-db1a-5369-907e-1b93d9f2857a
RC488.5.N443,1,unified:dfc33620-db1a-5369-907e-1b93d9f2857a
RC488.5.N45,1,unified:dfc33620-db1a-5369-907e-1b93d9f2857a
RC488.5.N47,1,unified:dfc33620-db1a-5369-907e-1b93d9f2857a
RC488.5.N496,1,unified:dfc33620-db1a-5369-907e-1b93d9f2857a
RC488.5.N525,1,unified:dfc33620-db1a-5369-907e-1b93d9f2857a
RC488.5.N528,6,unified:dfc33620-db1a-5369-907e-1b93d9f2857a
RC488.5.N53,10,unified:dfc33620-db1a-5369-907e-1b93d9f2857a
RC488.5.N534,1,unified:dfc33620-db1a-5369-907e-1b93d9f2857a
RC488.5.N5345,2,unified:dfc33620-db1a-5369-907e-1b93d9f2857a
RC488.5.N5353,1,unified:dfc33620-db1a-5369-907e-1b93d9f2857a
RC488.5.N5358,4,unified:dfc33620-db1a-5369-907e-1b93d9f2857a
RC488.5.N538,3,unified:dfc33620-db1a-5369-907e-1b93d9f2857a
RC488.5.O34,1,unified:dfc33620-db1a-5369-907e-1b93d9f2857a
RC488.5.O388,1,unified:dfc33620-db1a-5369-907e-1b93d9f2857a
RC488.5.O393,2,unified:dfc33620-db1a-5369-907e-1b93d9f2857a
RC488.5.O395,4,unified:dfc33620-db1a-5369-907e-1b93d9f2857a
RC488.5.O527,2,unified:dfc33620-db1a-5369-907e-1b93d9f2857a
RC488.5.O54,1,unified:dfc33620-db1a-5369-907e-1b93d9f2857a
RC488.5.O544,1,unified:dfc33620-db1a-5369-907e-1b93d9f2857a
RC488.5.O895,1,unified:dfc33620-db1a-5369-907e-1b93d9f2857a
RC488.5.P36,1,unified:dfc33620-db1a-5369-907e-1b93d9f2857a
RC488.5.P474,1,unified:dfc33620-db1a-5369-907e-1b93d9f2857a
RC488.5.P48,1,unified:dfc33620-db1a-5369-907e-1b93d9f2857a
RC488.5.P52,2,unified:dfc33620-db1a-5369-907e-1b93d9f2857a
RC488.5.P54,3,unified:dfc33620-db1a-5369-907e-1b93d9f2857a
RC488.5.P55,1,unified:dfc33620-db1a-5369-907e-1b93d9f2857a
RC488.5.P555,1,unified:dfc33620-db1a-5369-907e-1b93d9f2857a
RC488.5.P56,2,unified:dfc33620-db1a-5369-907e-1b93d9f2857a
RC488.5.P58,1,unified:dfc33620-db1a-5369-907e-1b93d9f2857a
RC488.5.P59,1,unified:dfc33620-db1a-5369-907e-1b93d9f2857a
RC488.5.P595,1,unified:dfc33620-db1a-5369-907e-1b93d9f2857a
RC488.5.P64,2,unified:dfc33620-db1a-5369-907e-1b93d9f2857a
RC488.5.P655,1,unified:dfc33620-db1a-5369-907e-1b93d9f2857a
RC488.5.P67,1,unified:dfc33620-db1a-5369-907e-1b93d9f2857a
RC488.5.P68,1,unified:dfc33620-db1a-5369-907e-1b93d9f2857a
RC488.5.P723,2,unified:dfc33620-db1a-5369-907e-1b93d9f2857a
RC488.5.P725,1,unified:dfc33620-db1a-5369-907e-1b93d9f2857a
RC488.5.P74,3,unified:dfc33620-db1a-5369-907e-1b93d9f2857a
RC488.5.P75,3,unified:dfc33620-db1a-5369-907e-1b93d9f2857a
RC488.5.P783,2,unified:dfc33620-db1a-5369-907e-1b93d9f2857a
RC488.5.P785,1,unified:dfc33620-db1a-5369-907e-1b93d9f2857a
RC488.5.P786,1,unified:dfc33620-db1a-5369-907e-1b93d9f2857a
RC488.5.P79,1,unified:dfc33620-db1a-5369-907e-1b93d9f2857a
RC488.5.P793,1,unified:dfc33620-db1a-5369-907e-1b93d9f2857a
RC488.5.R33,2,unified:dfc33620-db1a-5369-907e-1b93d9f2857a
RC488.5.R355,1,unified:dfc33620-db1a-5369-907e-1b93d9f2857a
RC488.5.R36,1,unified:dfc33620-db1a-5369-907e-1b93d9f2857a
RC488.5.R37,1,unified:dfc33620-db1a-5369-907e-1b93d9f2857a
RC488.5.R39,1,unified:dfc33620-db1a-5369-907e-1b93d9f2857a
RC488.5.R42,2,unified:dfc33620-db1a-5369-907e-1b93d9f2857a
RC488.5.R43,1,unified:dfc33620-db1a-5369-907e-1b93d9f2857a
RC488.5.R434,1,unified:dfc33620-db1a-5369-907e-1b93d9f2857a
RC488.5.R436,1,unified:dfc33620-db1a-5369-907e-1b93d9f2857a
RC488.5.R44,1,unified:dfc33620-db1a-5369-907e-1b93d9f2857a
RC488.5.R454,2,unified:dfc33620-db1a-5369-907e-1b93d9f2857a
RC488.5.R47,2,unified:dfc33620-db1a-5369-907e-1b93d9f2857a
RC488.5.R476,1,unified:dfc33620-db1a-5369-907e-1b93d9f2857a
RC488.5.R497,1,unified:dfc33620-db1a-5369-907e-1b93d9f2857a
RC488.5.R513,1,unified:dfc33620-db1a-5369-907e-1b93d9f2857a
RC488.5.R57,1,unified:dfc33620-db1a-5369-907e-1b93d9f2857a
RC488.5.R58,1,unified:dfc33620-db1a-5369-907e-1b93d9f2857a
RC488.5.R585,1,unified:dfc33620-db1a-5369-907e-1b93d9f2857a
RC488.5.R586,1,unified:dfc33620-db1a-5369-907e-1b93d9f2857a
RC488.5.R587,1,unified:dfc33620-db1a-5369-907e-1b93d9f2857a
RC488.5.R64,1,unified:dfc33620-db1a-5369-907e-1b93d9f2857a
RC488.5.R678,2,unified:dfc33620-db1a-5369-907e-1b93d9f2857a
RC488.5.R68,1,unified:dfc33620-db1a-5369-907e-1b93d9f2857a
RC488.5.R84,1,unified:dfc33620-db1a-5369-907e-1b93d9f2857a
RC488.5.R843,2,unified:dfc33620-db1a-5369-907e-1b93d9f2857a
RC488.5.S17,1,unified:dfc33620-db1a-5369-907e-1b93d9f2857a
RC488.5.S195,1,unified:dfc33620-db1a-5369-907e-1b93d9f2857a
RC488.5.S233,1,unified:dfc33620-db1a-5369-907e-1b93d9f2857a
RC488.5.S364,1,unified:dfc33620-db1a-5369-907e-1b93d9f2857a
RC488.5.S365,1,unified:dfc33620-db1a-5369-907e-1b93d9f2857a
RC488.5.S3655,1,unified:dfc33620-db1a-5369-907e-1b93d9f2857a
RC488.5.S37,1,unified:dfc33620-db1a-5369-907e-1b93d9f2857a
RC488.5.S375,1,unified:dfc33620-db1a-5369-907e-1b93d9f2857a
RC488.5.S38,1,unified:dfc33620-db1a-5369-907e-1b93d9f2857a
RC488.5.S383,1,unified:dfc33620-db1a-5369-907e-1b93d9f2857a
RC488.5.S384,2,unified:dfc33620-db1a-5369-907e-1b93d9f2857a
RC488.5.S387,3,unified:dfc33620-db1a-5369-907e-1b93d9f2857a
RC488.5.S415,1,unified:dfc33620-db1a-5369-907e-1b93d9f2857a
RC488.5.S43813,1,unified:dfc33620-db1a-5369-907e-1b93d9f2857a
RC488.5.S444,1,unified:dfc33620-db1a-5369-907e-1b93d9f2857a
RC488.5.S45,1,unified:dfc33620-db1a-5369-907e-1b93d9f2857a
RC488.5.S488,1,unified:dfc33620-db1a-5369-907e-1b93d9f2857a
RC488.5.S489,1,unified:dfc33620-db1a-5369-907e-1b93d9f2857a
RC488.5.S49,2,unified:dfc33620-db1a-5369-907e-1b93d9f2857a
RC488.5.S494,2,unified:dfc33620-db1a-5369-907e-1b93d9f2857a
RC488.5.S497,1,unified:dfc33620-db1a-5369-907e-1b93d9f2857a
RC488.5.S5,1,unified:dfc33620-db1a-5369-907e-1b93d9f2857a
RC488.5.S537,2,unified:dfc33620-db1a-5369-907e-1b93d9f2857a
RC488.5.S5413,1,unified:dfc33620-db1a-5369-907e-1b93d9f2857a
RC488.5.S544,1,unified:dfc33620-db1a-5369-907e-1b93d9f2857a
RC488.5.S574,1,unified:dfc33620-db1a-5369-907e-1b93d9f2857a
RC488.5.S5813,1,unified:dfc33620-db1a-5369-907e-1b93d9f2857a
RC488.5.S627,3,unified:dfc33620-db1a-5369-907e-1b93d9f2857a
RC488.5.S65,1,unified:dfc33620-db1a-5369-907e-1b93d9f2857a
RC488.5.S68,2,unified:dfc33620-db1a-5369-907e-1b93d9f2857a
RC488.5.S69,3,unified:dfc33620-db1a-5369-907e-1b93d9f2857a
RC488.5.S72,1,unified:dfc33620-db1a-5369-907e-1b93d9f2857a
RC488.5.S725,1,unified:dfc33620-db1a-5369-907e-1b93d9f2857a
RC488.5.S73,1,unified:dfc33620-db1a-5369-907e-1b93d9f2857a
RC488.5.S733,1,unified:dfc33620-db1a-5369-907e-1b93d9f2857a
RC488.5.S737,2,unified:dfc33620-db1a-5369-907e-1b93d9f2857a
RC488.5.S773,2,unified:dfc33620-db1a-5369-907e-1b93d9f2857a
RC488.5.S79,1,unified:dfc33620-db1a-5369-907e-1b93d9f2857a
RC488.5.S87,1,unified:dfc33620-db1a-5369-907e-1b93d9f2857a
RC488.5.S958,1,unified:dfc33620-db1a-5369-907e-1b93d9f2857a
RC488.5.S96,1,unified:dfc33620-db1a-5369-907e-1b93d9f2857a
RC488.5.S98,1,unified:dfc33620-db1a-5369-907e-1b93d9f2857a
RC488.5.S982,1,unified:dfc33620-db1a-5369-907e-1b93d9f2857a
RC488.5.T327,4,unified:dfc33620-db1a-5369-907e-1b93d9f2857a
RC488.5.T33,5,unified:dfc33620-db1a-5369-907e-1b93d9f2857a
RC488.5.T343,1,unified:dfc33620-db1a-5369-907e-1b93d9f2857a
RC488.5.T428,2,unified:dfc33620-db1a-5369-907e-1b93d9f2857a
RC488.5.T44,2,unified:dfc33620-db1a-5369-907e-1b93d9f2857a
RC488.5.T4548,1,unified:dfc33620-db1a-5369-907e-1b93d9f2857a
RC488.5.T4767,1,unified:dfc33620-db1a-5369-907e-1b93d9f2857a
RC488.5.T477,1,unified:dfc33620-db1a-5369-907e-1b93d9f2857a
RC488.5.T495,1,unified:dfc33620-db1a-5369-907e-1b93d9f2857a
RC488.5.T6513,1,unified:dfc33620-db1a-5369-907e-1b93d9f2857a
RC488.5.T66,3,unified:dfc33620-db1a-5369-907e-1b93d9f2857a
RC488.5.T715,1,unified:dfc33620-db1a-5369-907e-1b93d9f2857a
RC488.5.T716,1,unified:dfc33620-db1a-5369-907e-1b93d9f2857a
RC488.5.T718,1,unified:dfc33620-db1a-5369-907e-1b93d9f2857a
RC488.5.T7184,1,unified:dfc33620-db1a-5369-907e-1b93d9f2857a
RC488.5.T719,1,unified:dfc33620-db1a-5369-907e-1b93d9f2857a
RC488.5.T7193,1,unified:dfc33620-db1a-5369-907e-1b93d9f2857a
RC488.5.T75,1,unified:dfc33620-db1a-5369-907e-1b93d9f2857a
RC488.5.T79,2,unified:dfc33620-db1a-5369-907e-1b93d9f2857a
RC488.5.U47,1,unified:dfc33620-db1a-5369-907e-1b93d9f2857a
RC488.5.U47313,1,unified:dfc33620-db1a-5369-907e-1b93d9f2857a
RC488.5.U82,1,unified:dfc33620-db1a-5369-907e-1b93d9f2857a
RC488.5.U85,1,unified:dfc33620-db1a-5369-907e-1b93d9f2857a
RC488.5.V55,1,unified:dfc33620-db1a-5369-907e-1b93d9f2857a
RC488.5.V56,2,unified:dfc33620-db1a-5369-907e-1b93d9f2857a
RC488.5.V564,1,unified:dfc33620-db1a-5369-907e-1b93d9f2857a
RC488.5.V65,1,unified:dfc33620-db1a-5369-907e-1b93d9f2857a
RC488.5.W36,1,unified:dfc33620-db1a-5369-907e-1b93d9f2857a
RC488.5.W37,1,unified:dfc33620-db1a-5369-907e-1b93d9f2857a
RC488.5.W39,1,unified:dfc33620-db1a-5369-907e-1b93d9f2857a
RC488.5.W44,3,unified:dfc33620-db1a-5369-907e-1b93d9f2857a
RC488.5.W443,1,unified:dfc33620-db1a-5369-907e-1b93d9f2857a
RC488.5.W4435,1,unified:dfc33620-db1a-5369-907e-1b93d9f2857a
RC488.5.W45,1,unified:dfc33620-db1a-5369-907e-1b93d9f2857a
RC488.5.W467,1,unified:dfc33620-db1a-5369-907e-1b93d9f2857a
RC488.5.W47,1,unified:dfc33620-db1a-5369-907e-1b93d9f2857a
RC488.5.W48,2,unified:dfc33620-db1a-5369-907e-1b93d9f2857a
RC488.5.W485,1,unified:dfc33620-db1a-5369-907e-1b93d9f2857a
RC488.5.W54,2,unified:dfc33620-db1a-5369-907e-1b93d9f2857a
RC488.5.W55,1,unified:dfc33620-db1a-5369-907e-1b93d9f2857a
RC488.5.W553,1,unified:dfc33620-db1a-5369-907e-1b93d9f2857a
RC488.5.W5543,1,unified:dfc33620-db1a-5369-907e-1b93d9f2857a
RC488.5.W55513,2,unified:dfc33620-db1a-5369-907e-1b93d9f2857a
RC488.5.W5613,1,unified:dfc33620-db1a-5369-907e-1b93d9f2857a
RC488.5.W5616,2,unified:dfc33620-db1a-5369-907e-1b93d9f2857a
RC488.5.W57,1,unified:dfc33620-db1a-5369-907e-1b93d9f2857a
RC488.5.W575,1,unified:dfc33620-db1a-5369-907e-1b93d9f2857a
RC488.5.W579,1,unified:dfc33620-db1a-5369-907e-1b93d9f2857a
RC488.5.W58,1,unified:dfc33620-db1a-5369-907e-1b93d9f2857a
RC488.5.W652,1,unified:dfc33620-db1a-5369-907e-1b93d9f2857a
RC488.5.W654,1,unified:dfc33620-db1a-5369-907e-1b93d9f2857a
RC488.5.W677,2,unified:dfc33620-db1a-5369-907e-1b93d9f2857a
RC488.5.Y37,2,unified:dfc33620-db1a-5369-907e-1b93d9f2857a
RC488.5.Y69,1,unified:dfc33620-db1a-5369-907e-1b93d9f2857a
RC488.5.Z37,2,unified:dfc33620-db1a-5369-907e-1b93d9f2857a
RC488.5.Z375,1,unified:dfc33620-db1a-5369-907e-1b93d9f2857a
RC488.5.Z45,1,unified:dfc33620-db1a-5369-907e-1b93d9f2857a
RC488.5.Z537,1,unified:dfc33620-db1a-5369-907e-1b93d9f2857a
RC488.5.Z54,1,unified:dfc33620-db1a-5369-907e-1b93d9f2857a
RC488.5.Z55,1,unified:dfc33620-db1a-5369-907e-1b93d9f2857a
RC488.5.Z558,1,unified:dfc33620-db1a-5369-907e-1b93d9f2857a
RC488.5.Z56,1,unified:dfc33620-db1a-5369-907e-1b93d9f2857a
RC488.53,56,unified:dfc33620-db1a-5369-907e-1b93d9f2857a
RC488.53.A25,1,unified:dfc33620-db1a-5369-907e-1b93d9f2857a
RC488.53.A875,8,unified:dfc33620-db1a-5369-907e-1b93d9f2857a
RC488.53.B58,1,unified:dfc33620-db1a-5369-907e-1b93d9f2857a
RC488.53.C57,2,unified:dfc33620-db1a-5369-907e-1b93d9f2857a
RC488.53.C65,2,unified:dfc33620-db1a-5369-907e-1b93d9f2857a
RC488.53.G37,2,unified:dfc33620-db1a-5369-907e-1b93d9f2857a
RC488.53.K37,1,unified:dfc33620-db1a-5369-907e-1b93d9f2857a
RC488.53.N87,1,unified:dfc33620-db1a-5369-907e-1b93d9f2857a
RC488.53.P54,1,unified:dfc33620-db1a-5369-907e-1b93d9f2857a
RC488.53.W56,2,unified:dfc33620-db1a-5369-907e-1b93d9f2857a
RC488.55,25,unified:dfc33620-db1a-5369-907e-1b93d9f2857a
RC488.55.B37,2,unified:dfc33620-db1a-5369-907e-1b93d9f2857a
RC488.55.B47,2,unified:dfc33620-db1a-5369-907e-1b93d9f2857a
RC488.55.B67,1,unified:dfc33620-db1a-5369-907e-1b93d9f2857a
RC488.55.G653,1,unified:dfc33620-db1a-5369-907e-1b93d9f2857a
RC488.55.H37,2,unified:dfc33620-db1a-5369-907e-1b93d9f2857a
RC488.55.H4813,1,unified:dfc33620-db1a-5369-907e-1b93d9f2857a
RC488.55.K75,2,unified:dfc33620-db1a-5369-907e-1b93d9f2857a
RC488.5A92,1,unified:dfc33620-db1a-5369-907e-1b93d9f2857a
RC488.5B324,1,unified:dfc33620-db1a-5369-907e-1b93d9f2857a
RC488.5C743,1,unified:dfc33620-db1a-5369-907e-1b93d9f2857a
RC488.5D334,2,unified:dfc33620-db1a-5369-907e-1b93d9f2857a
RC488.5E54,1,unified:dfc33620-db1a-5369-907e-1b93d9f2857a
RC488.5E65,1,unified:dfc33620-db1a-5369-907e-1b93d9f2857a
RC488.5E834,1,unified:dfc33620-db1a-5369-907e-1b93d9f2857a
RC488.5E87,1,unified:dfc33620-db1a-5369-907e-1b93d9f2857a
RC488.5F678,2,unified:dfc33620-db1a-5369-907e-1b93d9f2857a
RC488.5G54,1,unified:dfc33620-db1a-5369-907e-1b93d9f2857a
RC488.5J64,1,unified:dfc33620-db1a-5369-907e-1b93d9f2857a
RC488.5K35,1,unified:dfc33620-db1a-5369-907e-1b93d9f2857a
RC488.5L37,1,unified:dfc33620-db1a-5369-907e-1b93d9f2857a
RC488.5L422,2,unified:dfc33620-db1a-5369-907e-1b93d9f2857a
RC488.5M364,2,unified:dfc33620-db1a-5369-907e-1b93d9f2857a
RC488.5M55,1,unified:dfc33620-db1a-5369-907e-1b93d9f2857a
RC488.5P53,2,unified:dfc33620-db1a-5369-907e-1b93d9f2857a
RC488.5R353,2,unified:dfc33620-db1a-5369-907e-1b93d9f2857a
RC488.5W5617,2,unified:dfc33620-db1a-5369-907e-1b93d9f2857a
RC488.6,22,unified:dfc33620-db1a-5369-907e-1b93d9f2857a
RC488.6.B64,1,unified:dfc33620-db1a-5369-907e-1b93d9f2857a
RC488.6.D56,1,unified:dfc33620-db1a-5369-907e-1b93d9f2857a
RC488.6.D565,2,unified:dfc33620-db1a-5369-907e-1b93d9f2857a
RC488.6.D57,1,unified:dfc33620-db1a-5369-907e-1b93d9f2857a
RC488.6.D58,1,unified:dfc33620-db1a-5369-907e-1b93d9f2857a
RC488.6.E45,1,unified:dfc33620-db1a-5369-907e-1b93d9f2857a
RC488.6.I83,1,unified:dfc33620-db1a-5369-907e-1b93d9f2857a
RC488.6.M37,1,unified:dfc33620-db1a-5369-907e-1b93d9f2857a
RC488.6.R53,1,unified:dfc33620-db1a-5369-907e-1b93d9f2857a
RC488.8,8,unified:dfc33620-db1a-5369-907e-1b93d9f2857a
RC488.8.K45,1,unified:dfc33620-db1a-5369-907e-1b93d9f2857a
RC488.8.P65,2,unified:dfc33620-db1a-5369-907e-1b93d9f2857a
RC488.A1,18,unified:dfc33620-db1a-5369-907e-1b93d9f2857a
RC488.A2,7,unified:dfc33620-db1a-5369-907e-1b93d9f2857a
RC489.A32,66,unified:dfc33620-db1a-5369-907e-1b93d9f2857a
RC489.A32.C53,1,unified:dfc33620-db1a-5369-907e-1b93d9f2857a
RC489.A32A28,1,unified:dfc33620-db1a-5369-907e-1b93d9f2857a
RC489.A32A78,1,unified:dfc33620-db1a-5369-907e-1b93d9f2857a
RC489.A32B46,3,unified:dfc33620-db1a-5369-907e-1b93d9f2857a
RC489.A32D34,1,unified:dfc33620-db1a-5369-907e-1b93d9f2857a
RC489.A32H37,2,unified:dfc33620-db1a-5369-907e-1b93d9f2857a
RC489.A32H373,1,unified:dfc33620-db1a-5369-907e-1b93d9f2857a
RC489.A32H39,2,unified:dfc33620-db1a-5369-907e-1b93d9f2857a
RC489.A32H55,1,unified:dfc33620-db1a-5369-907e-1b93d9f2857a
RC489.A32J64,2,unified:dfc33620-db1a-5369-907e-1b93d9f2857a
RC489.A32K528,4,unified:dfc33620-db1a-5369-907e-1b93d9f2857a
RC489.A32K529,2,unified:dfc33620-db1a-5369-907e-1b93d9f2857a
RC489.A32K53,4,unified:dfc33620-db1a-5369-907e-1b93d9f2857a
RC489.A32L45,1,unified:dfc33620-db1a-5369-907e-1b93d9f2857a
RC489.A32L86,1,unified:dfc33620-db1a-5369-907e-1b93d9f2857a
RC489.A32M57,1,unified:dfc33620-db1a-5369-907e-1b93d9f2857a
RC489.A32M67,1,unified:dfc33620-db1a-5369-907e-1b93d9f2857a
RC489.A32S22,1,unified:dfc33620-db1a-5369-907e-1b93d9f2857a
RC489.A32S23,1,unified:dfc33620-db1a-5369-907e-1b93d9f2857a
RC489.A32S53,2,unified:dfc33620-db1a-5369-907e-1b93d9f2857a
RC489.A32S63,1,unified:dfc33620-db1a-5369-907e-1b93d9f2857a
RC489.A32S77,1,unified:dfc33620-db1a-5369-907e-1b93d9f2857a
RC489.A32S773,1,unified:dfc33620-db1a-5369-907e-1b93d9f2857a
RC489.A32T573,2,unified:dfc33620-db1a-5369-907e-1b93d9f2857a
RC489.A32T96,2,unified:dfc33620-db1a-5369-907e-1b93d9f2857a
RC489.A34,4,unified:dfc33620-db1a-5369-907e-1b93d9f2857a
RC489.A34E52,1,unified:dfc33620-db1a-5369-907e-1b93d9f2857a
RC489.A38,27,unified:dfc33620-db1a-5369-907e-1b93d9f2857a
RC489.A38D38,1,unified:dfc33620-db1a-5369-907e-1b93d9f2857a
RC489.A38D63,2,unified:dfc33620-db1a-5369-907e-1b93d9f2857a
RC489.A38F47,1,unified:dfc33620-db1a-5369-907e-1b93d9f2857a
RC489.A38G3,1,unified:dfc33620-db1a-5369-907e-1b93d9f2857a
RC489.A38G37,1,unified:dfc33620-db1a-5369-907e-1b93d9f2857a
RC489.A38G373,1,unified:dfc33620-db1a-5369-907e-1b93d9f2857a
RC489.A38G374,1,unified:dfc33620-db1a-5369-907e-1b93d9f2857a
RC489.A38O98,2,unified:dfc33620-db1a-5369-907e-1b93d9f2857a
RC489.A38W55,1,unified:dfc33620-db1a-5369-907e-1b93d9f2857a
RC489.A7,682,unified:dfc33620-db1a-5369-907e-1b93d9f2857a
RC489.A7.C65,1,unified:dfc33620-db1a-5369-907e-1b93d9f2857a
RC489.A7.D35,1,unified:dfc33620-db1a-5369-907e-1b93d9f2857a
RC489.A7.D836,1,unified:dfc33620-db1a-5369-907e-1b93d9f2857a
RC489.A7.F43,1,unified:dfc33620-db1a-5369-907e-1b93d9f2857a
RC489.A7.I43,1,unified:dfc33620-db1a-5369-907e-1b93d9f2857a
RC489.A7.M56,1,unified:dfc33620-db1a-5369-907e-1b93d9f2857a
RC489.A7.M58,2,unified:dfc33620-db1a-5369-907e-1b93d9f2857a
RC489.A7.P33,1,unified:dfc33620-db1a-5369-907e-1b93d9f2857a
RC489.A7.S56,1,unified:dfc33620-db1a-5369-907e-1b93d9f2857a
RC489.A7.U85,1,unified:dfc33620-db1a-5369-907e-1b93d9f2857a
RC489.A7.W35,1,unified:dfc33620-db1a-5369-907e-1b93d9f2857a
RC489.A72,128,unified:dfc33620-db1a-5369-907e-1b93d9f2857a
RC489.A72.A57,1,unified:dfc33620-db1a-5369-907e-1b93d9f2857a
RC489.A72.I584,1,unified:dfc33620-db1a-5369-907e-1b93d9f2857a
RC489.A72.R53,3,unified:dfc33620-db1a-5369-907e-1b93d9f2857a
RC489.A72A28,1,unified:dfc33620-db1a-5369-907e-1b93d9f2857a
RC489.A72A775,3,unified:dfc33620-db1a-5369-907e-1b93d9f2857a
RC489.A72A777,1,unified:dfc33620-db1a-5369-907e-1b93d9f2857a
RC489.A72A78,1,unified:dfc33620-db1a-5369-907e-1b93d9f2857a
RC489.A72A782,2,unified:dfc33620-db1a-5369-907e-1b93d9f2857a
RC489.A72B49,1,unified:dfc33620-db1a-5369-907e-1b93d9f2857a
RC489.A72B95,1,unified:dfc33620-db1a-5369-907e-1b93d9f2857a
RC489.A72C65,1,unified:dfc33620-db1a-5369-907e-1b93d9f2857a
RC489.A72C75,1,unified:dfc33620-db1a-5369-907e-1b93d9f2857a
RC489.A72C756,1,unified:dfc33620-db1a-5369-907e-1b93d9f2857a
RC489.A72E24,1,unified:dfc33620-db1a-5369-907e-1b93d9f2857a
RC489.A72E94,2,unified:dfc33620-db1a-5369-907e-1b93d9f2857a
RC489.A72E975,3,unified:dfc33620-db1a-5369-907e-1b93d9f2857a
RC489.A72F37,1,unified:dfc33620-db1a-5369-907e-1b93d9f2857a
RC489.A72F67,1,unified:dfc33620-db1a-5369-907e-1b93d9f2857a
RC489.A72F68,1,unified:dfc33620-db1a-5369-907e-1b93d9f2857a
RC489.A72F692,2,unified:dfc33620-db1a-5369-907e-1b93d9f2857a
RC489.A72G73,1,unified:dfc33620-db1a-5369-907e-1b93d9f2857a
RC489.A72H36,1,unified:dfc33620-db1a-5369-907e-1b93d9f2857a
RC489.A72H38,1,unified:dfc33620-db1a-5369-907e-1b93d9f2857a
RC489.A72I578,1,unified:dfc33620-db1a-5369-907e-1b93d9f2857a
RC489.A72I58,2,unified:dfc33620-db1a-5369-907e-1b93d9f2857a
RC489.A72J66,4,unified:dfc33620-db1a-5369-907e-1b93d9f2857a
RC489.A72K557,1,unified:dfc33620-db1a-5369-907e-1b93d9f2857a
RC489.A72K64,1,unified:dfc33620-db1a-5369-907e-1b93d9f2857a
RC489.A72L483,2,unified:dfc33620-db1a-5369-907e-1b93d9f2857a
RC489.A72L66,1,unified:dfc33620-db1a-5369-907e-1b93d9f2857a
RC489.A72M317,1,unified:dfc33620-db1a-5369-907e-1b93d9f2857a
RC489.A72M46,1,unified:dfc33620-db1a-5369-907e-1b93d9f2857a
RC489.A72N388,2,unified:dfc33620-db1a-5369-907e-1b93d9f2857a
RC489.A72P43,2,unified:dfc33620-db1a-5369-907e-1b93d9f2857a
RC489.A72P76,1,unified:dfc33620-db1a-5369-907e-1b93d9f2857a
RC489.A72S34,1,unified:dfc33620-db1a-5369-907e-1b93d9f2857a
RC489.A72W64,1,unified:dfc33620-db1a-5369-907e-1b93d9f2857a
RC489.A77,36,unified:dfc33620-db1a-5369-907e-1b93d9f2857a
RC489.A77A53,4,unified:dfc33620-db1a-5369-907e-1b93d9f2857a
RC489.A77P45,2,unified:dfc33620-db1a-5369-907e-1b93d9f2857a
RC489.A77R35,1,unified:dfc33620-db1a-5369-907e-1b93d9f2857a
RC489.A77R44,2,unified:dfc33620-db1a-5369-907e-1b93d9f2857a
RC489.A7A36,1,unified:dfc33620-db1a-5369-907e-1b93d9f2857a
RC489.A7A38,1,unified:dfc33620-db1a-5369-907e-1b93d9f2857a
RC489.A7A4,1,unified:dfc33620-db1a-5369-907e-1b93d9f2857a
RC489.A7A42,1,unified:dfc33620-db1a-5369-907e-1b93d9f2857a
RC489.A7A67,4,unified:dfc33620-db1a-5369-907e-1b93d9f2857a
RC489.A7A765,1,unified:dfc33620-db1a-5369-907e-1b93d9f2857a
RC489.A7A767,3,unified:dfc33620-db1a-5369-907e-1b93d9f2857a
RC489.A7A7676,1,unified:dfc33620-db1a-5369-907e-1b93d9f2857a
RC489.A7A768,2,unified:dfc33620-db1a-5369-907e-1b93d9f2857a
RC489.A7A7695,2,unified:dfc33620-db1a-5369-907e-1b93d9f2857a
RC489.A7A7696,2,unified:dfc33620-db1a-5369-907e-1b93d9f2857a
RC489.A7A77,1,unified:dfc33620-db1a-5369-907e-1b93d9f2857a
RC489.A7A7727,1,unified:dfc33620-db1a-5369-907e-1b93d9f2857a
RC489.A7A773,1,unified:dfc33620-db1a-5369-907e-1b93d9f2857a
RC489.A7A774,2,unified:dfc33620-db1a-5369-907e-1b93d9f2857a
RC489.A7A776,1,unified:dfc33620-db1a-5369-907e-1b93d9f2857a
RC489.A7A782,3,unified:dfc33620-db1a-5369-907e-1b93d9f2857a
RC489.A7A783,1,unified:dfc33620-db1a-5369-907e-1b93d9f2857a
RC489.A7A7837,1,unified:dfc33620-db1a-5369-907e-1b93d9f2857a
RC489.A7A7917,1,unified:dfc33620-db1a-5369-907e-1b93d9f2857a
RC489.A7A795,1,unified:dfc33620-db1a-5369-907e-1b93d9f2857a
RC489.A7A85,2,unified:dfc33620-db1a-5369-907e-1b93d9f2857a
RC489.A7A88,2,unified:dfc33620-db1a-5369-907e-1b93d9f2857a
RC489.A7A95,2,unified:dfc33620-db1a-5369-907e-1b93d9f2857a
RC489.A7B39,1,unified:dfc33620-db1a-5369-907e-1b93d9f2857a
RC489.A7B48,1,unified:dfc33620-db1a-5369-907e-1b93d9f2857a
RC489.A7B67,1,unified:dfc33620-db1a-5369-907e-1b93d9f2857a
RC489.A7B73,1,unified:dfc33620-db1a-5369-907e-1b93d9f2857a
RC489.A7B75,1,unified:dfc33620-db1a-5369-907e-1b93d9f2857a
RC489.A7B764,2,unified:dfc33620-db1a-5369-907e-1b93d9f2857a
RC489.A7B78,1,unified:dfc33620-db1a-5369-907e-1b93d9f2857a
RC489.A7B825,1,unified:dfc33620-db1a-5369-907e-1b93d9f2857a
RC489.A7C34,1,unified:dfc33620-db1a-5369-907e-1b93d9f2857a
RC489.A7C38,7,unified:dfc33620-db1a-5369-907e-1b93d9f2857a
RC489.A7C474,1,unified:dfc33620-db1a-5369-907e-1b93d9f2857a
RC489.A7C478,2,unified:dfc33620-db1a-5369-907e-1b93d9f2857a
RC489.A7C53,1,unified:dfc33620-db1a-5369-907e-1b93d9f2857a
RC489.A7C638,2,unified:dfc33620-db1a-5369-907e-1b93d9f2857a
RC489.A7C65,1,unified:dfc33620-db1a-5369-907e-1b93d9f2857a
RC489.A7C68,2,unified:dfc33620-db1a-5369-907e-1b93d9f2857a
RC489.A7C69,2,unified:dfc33620-db1a-5369-907e-1b93d9f2857a
RC489.A7C73,2,unified:dfc33620-db1a-5369-907e-1b93d9f2857a
RC489.A7C74,3,unified:dfc33620-db1a-5369-907e-1b93d9f2857a
RC489.A7D25,1,unified:dfc33620-db1a-5369-907e-1b93d9f2857a
RC489.A7D37,1,unified:dfc33620-db1a-5369-907e-1b93d9f2857a
RC489.A7D43,2,unified:dfc33620-db1a-5369-907e-1b93d9f2857a
RC489.A7D54,1,unified:dfc33620-db1a-5369-907e-1b93d9f2857a
RC489.A7D73,1,unified:dfc33620-db1a-5369-907e-1b93d9f2857a
RC489.A7D87,2,unified:dfc33620-db1a-5369-907e-1b93d9f2857a
RC489.A7D95,1,unified:dfc33620-db1a-5369-907e-1b93d9f2857a
RC489.A7E35,1,unified:dfc33620-db1a-5369-907e-1b93d9f2857a
RC489.A7E46,2,unified:dfc33620-db1a-5369-907e-1b93d9f2857a
RC489.A7E973,1,unified:dfc33620-db1a-5369-907e-1b93d9f2857a
RC489.A7E98,1,unified:dfc33620-db1a-5369-907e-1b93d9f2857a
RC489.A7F38,1,unified:dfc33620-db1a-5369-907e-1b93d9f2857a
RC489.A7F46,3,unified:dfc33620-db1a-5369-907e-1b93d9f2857a
RC489.A7F86,1,unified:dfc33620-db1a-5369-907e-1b93d9f2857a
RC489.A7G36,1,unified:dfc33620-db1a-5369-907e-1b93d9f2857a
RC489.A7G363,1,unified:dfc33620-db1a-5369-907e-1b93d9f2857a
RC489.A7G45,2,unified:dfc33620-db1a-5369-907e-1b93d9f2857a
RC489.A7G46,1,unified:dfc33620-db1a-5369-907e-1b93d9f2857a
RC489.A7G54,1,unified:dfc33620-db1a-5369-907e-1b93d9f2857a
RC489.A7G74,1,unified:dfc33620-db1a-5369-907e-1b93d9f2857a
RC489.A7G87,2,unified:dfc33620-db1a-5369-907e-1b93d9f2857a
RC489.A7H36,1,unified:dfc33620-db1a-5369-907e-1b93d9f2857a
RC489.A7H365,2,unified:dfc33620-db1a-5369-907e-1b93d9f2857a
RC489.A7H38,1,unified:dfc33620-db1a-5369-907e-1b93d9f2857a
RC489.A7H46,1,unified:dfc33620-db1a-5369-907e-1b93d9f2857a
RC489.A7H54,1,unified:dfc33620-db1a-5369-907e-1b93d9f2857a
RC489.A7H56,3,unified:dfc33620-db1a-5369-907e-1b93d9f2857a
RC489.A7H64,2,unified:dfc33620-db1a-5369-907e-1b93d9f2857a
RC489.A7H65,2,unified:dfc33620-db1a-5369-907e-1b93d9f2857a
RC489.A7H69,1,unified:dfc33620-db1a-5369-907e-1b93d9f2857a
RC489.A7I45,1,unified:dfc33620-db1a-5369-907e-1b93d9f2857a
RC489.A7I46,2,unified:dfc33620-db1a-5369-907e-1b93d9f2857a
RC489.A7I55,2,unified:dfc33620-db1a-5369-907e-1b93d9f2857a
RC489.A7J46,1,unified:dfc33620-db1a-5369-907e-1b93d9f2857a
RC489.A7J66,1,unified:dfc33620-db1a-5369-907e-1b93d9f2857a
RC489.A7K3,1,unified:dfc33620-db1a-5369-907e-1b93d9f2857a
RC489.A7K355,1,unified:dfc33620-db1a-5369-907e-1b93d9f2857a
RC489.A7K36,1,unified:dfc33620-db1a-5369-907e-1b93d9f2857a
RC489.A7K668,1,unified:dfc33620-db1a-5369-907e-1b93d9f2857a
RC489.A7K7156,1,unified:dfc33620-db1a-5369-907e-1b93d9f2857a
RC489.A7L482,1,unified:dfc33620-db1a-5369-907e-1b93d9f2857a
RC489.A7L54,5,unified:dfc33620-db1a-5369-907e-1b93d9f2857a
RC489.A7M3443,1,unified:dfc33620-db1a-5369-907e-1b93d9f2857a
RC489.A7M3448,1,unified:dfc33620-db1a-5369-907e-1b93d9f2857a
RC489.A7M345,2,unified:dfc33620-db1a-5369-907e-1b93d9f2857a
RC489.A7M3556,2,unified:dfc33620-db1a-5369-907e-1b93d9f2857a
RC489.A7M3563,1,unified:dfc33620-db1a-5369-907e-1b93d9f2857a
RC489.A7M425,2,unified:dfc33620-db1a-5369-907e-1b93d9f2857a
RC489.A7M659,1,unified:dfc33620-db1a-5369-907e-1b93d9f2857a
RC489.A7M663,1,unified:dfc33620-db1a-5369-907e-1b93d9f2857a
RC489.A7M669,1,unified:dfc33620-db1a-5369-907e-1b93d9f2857a
RC489.A7M675,2,unified:dfc33620-db1a-5369-907e-1b93d9f2857a
RC489.A7M87,2,unified:dfc33620-db1a-5369-907e-1b93d9f2857a
RC489.A7P4,2,unified:dfc33620-db1a-5369-907e-1b93d9f2857a
RC489.A7P47,1,unified:dfc33620-db1a-5369-907e-1b93d9f2857a
RC489.A7P53,1,unified:dfc33620-db1a-5369-907e-1b93d9f2857a
RC489.A7P55,2,unified:dfc33620-db1a-5369-907e-1b93d9f2857a
RC489.A7P74,1,unified:dfc33620-db1a-5369-907e-1b93d9f2857a
RC489.A7P7513,1,unified:dfc33620-db1a-5369-907e-1b93d9f2857a
RC489.A7R33,2,unified:dfc33620-db1a-5369-907e-1b93d9f2857a
RC489.A7R37,2,unified:dfc33620-db1a-5369-907e-1b93d9f2857a
RC489.A7R554,1,unified:dfc33620-db1a-5369-907e-1b93d9f2857a
RC489.A7R586,1,unified:dfc33620-db1a-5369-907e-1b93d9f2857a
RC489.A7R59,1,unified:dfc33620-db1a-5369-907e-1b93d9f2857a
RC489.A7R63,1,unified:dfc33620-db1a-5369-907e-1b93d9f2857a
RC489.A7R83,1,unified:dfc33620-db1a-5369-907e-1b93d9f2857a
RC489.A7R833,2,unified:dfc33620-db1a-5369-907e-1b93d9f2857a
RC489.A7R834,2,unified:dfc33620-db1a-5369-907e-1b93d9f2857a
RC489.A7S26,1,unified:dfc33620-db1a-5369-907e-1b93d9f2857a
RC489.A7S28,2,unified:dfc33620-db1a-5369-907e-1b93d9f2857a
RC489.A7S33,2,unified:dfc33620-db1a-5369-907e-1b93d9f2857a
RC489.A7S367,1,unified:dfc33620-db1a-5369-907e-1b93d9f2857a
RC489.A7S54,2,unified:dfc33620-db1a-5369-907e-1b93d9f2857a
RC489.A7S546,1,unified:dfc33620-db1a-5369-907e-1b93d9f2857a
RC489.A7S547,2,unified:dfc33620-db1a-5369-907e-1b93d9f2857a
RC489.A7S556,2,unified:dfc33620-db1a-5369-907e-1b93d9f2857a
RC489.A7S558,1,unified:dfc33620-db1a-5369-907e-1b93d9f2857a
RC489.A7S56,1,unified:dfc33620-db1a-5369-907e-1b93d9f2857a
RC489.A7S583,1,unified:dfc33620-db1a-5369-907e-1b93d9f2857a
RC489.A7S87,3,unified:dfc33620-db1a-5369-907e-1b93d9f2857a
RC489.A7S92,2,unified:dfc33620-db1a-5369-907e-1b93d9f2857a
RC489.A7T37,1,unified:dfc33620-db1a-5369-907e-1b93d9f2857a
RC489.A7T53,1,unified:dfc33620-db1a-5369-907e-1b93d9f2857a
RC489.A7T77,1,unified:dfc33620-db1a-5369-907e-1b93d9f2857a
RC489.A7V35,1,unified:dfc33620-db1a-5369-907e-1b93d9f2857a
RC489.A7V47,1,unified:dfc33620-db1a-5369-907e-1b93d9f2857a
RC489.A7V57,2,unified:dfc33620-db1a-5369-907e-1b93d9f2857a
RC489.A7W32,1,unified:dfc33620-db1a-5369-907e-1b93d9f2857a
RC489.A7W34,1,unified:dfc33620-db1a-5369-907e-1b93d9f2857a
RC489.A7W35,1,unified:dfc33620-db1a-5369-907e-1b93d9f2857a
RC489.A7W36,3,unified:dfc33620-db1a-5369-907e-1b93d9f2857a
RC489.A7W365,2,unified:dfc33620-db1a-5369-907e-1b93d9f2857a
RC489.A7W37,2,unified:dfc33620-db1a-5369-907e-1b93d9f2857a
RC489.A7W43,1,unified:dfc33620-db1a-5369-907e-1b93d9f2857a
RC489.A7W476,1,unified:dfc33620-db1a-5369-907e-1b93d9f2857a
RC489.B4,448,unified:dfc33620-db1a-5369-907e-1b93d9f2857a
RC489.B4.B3,1,unified:dfc33620-db1a-5369-907e-1b93d9f2857a
RC489.B4.B44,1,unified:dfc33620-db1a-5369-907e-1b93d9f2857a
RC489.B4.C37,1,unified:dfc33620-db1a-5369-907e-1b93d9f2857a
RC489.B4.E96,1,unified:dfc33620-db1a-5369-907e-1b93d9f2857a
RC489.B4.L69,1,unified:dfc33620-db1a-5369-907e-1b93d9f2857a
RC489.B4.R87,1,unified:dfc33620-db1a-5369-907e-1b93d9f2857a
RC489.B4.S478,1,unified:dfc33620-db1a-5369-907e-1b93d9f2857a
RC489.B45,4,unified:dfc33620-db1a-5369-907e-1b93d9f2857a
RC489.B45M55,1,unified:dfc33620-db1a-5369-907e-1b93d9f2857a
RC489.B48,68,unified:dfc33620-db1a-5369-907e-1b93d9f2857a
RC489.B48.P37,1,unified:dfc33620-db1a-5369-907e-1b93d9f2857a
RC489.B48H96,3,unified:dfc33620-db1a-5369-907e-1b93d9f2857a
RC489.B48I424,1,unified:dfc33620-db1a-5369-907e-1b93d9f2857a
RC489.B48M35,1,unified:dfc33620-db1a-5369-907e-1b93d9f2857a
RC489.B48P37,1,unified:dfc33620-db1a-5369-907e-1b93d9f2857a
RC489.B48S55,1,unified:dfc33620-db1a-5369-907e-1b93d9f2857a
RC489.B48S72,1,unified:dfc33620-db1a-5369-907e-1b93d9f2857a
RC489.B48T76,1,unified:dfc33620-db1a-5369-907e-1b93d9f2857a
RC489.B4A58,1,unified:dfc33620-db1a-5369-907e-1b93d9f2857a
RC489.B4B4256,1,unified:dfc33620-db1a-5369-907e-1b93d9f2857a
RC489.B4B43513,1,unified:dfc33620-db1a-5369-907e-1b93d9f2857a
RC489.B4B43514,1,unified:dfc33620-db1a-5369-907e-1b93d9f2857a
RC489.B4B435145,1,unified:dfc33620-db1a-5369-907e-1b93d9f2857a
RC489.B4B4374,1,unified:dfc33620-db1a-5369-907e-1b93d9f2857a
RC489.B4B47,1,unified:dfc33620-db1a-5369-907e-1b93d9f2857a
RC489.B4C38,1,unified:dfc33620-db1a-5369-907e-1b93d9f2857a
RC489.B4C43,1,unified:dfc33620-db1a-5369-907e-1b93d9f2857a
RC489.B4C434,2,unified:dfc33620-db1a-5369-907e-1b93d9f2857a
RC489.B4C578,1,unified:dfc33620-db1a-5369-907e-1b93d9f2857a
RC489.B4C584,3,unified:dfc33620-db1a-5369-907e-1b93d9f2857a
RC489.B4C64,1,unified:dfc33620-db1a-5369-907e-1b93d9f2857a
RC489.B4D515,2,unified:dfc33620-db1a-5369-907e-1b93d9f2857a
RC489.B4D52,2,unified:dfc33620-db1a-5369-907e-1b93d9f2857a
RC489.B4D54,1,unified:dfc33620-db1a-5369-907e-1b93d9f2857a
RC489.B4D79,2,unified:dfc33620-db1a-5369-907e-1b93d9f2857a
RC489.B4E485,1,unified:dfc33620-db1a-5369-907e-1b93d9f2857a
RC489.B4E89,2,unified:dfc33620-db1a-5369-907e-1b93d9f2857a
RC489.B4E95,1,unified:dfc33620-db1a-5369-907e-1b93d9f2857a
RC489.B4E958,1,unified:dfc33620-db1a-5369-907e-1b93d9f2857a
RC489.B4E96,1,unified:dfc33620-db1a-5369-907e-1b93d9f2857a
RC489.B4F56,3,unified:dfc33620-db1a-5369-907e-1b93d9f2857a
RC489.B4F636,1,unified:dfc33620-db1a-5369-907e-1b93d9f2857a
RC489.B4F76,1,unified:dfc33620-db1a-5369-907e-1b93d9f2857a
RC489.B4F86,2,unified:dfc33620-db1a-5369-907e-1b93d9f2857a
RC489.B4G58,1,unified:dfc33620-db1a-5369-907e-1b93d9f2857a
RC489.B4H3435,1,unified:dfc33620-db1a-5369-907e-1b93d9f2857a
RC489.B4H378,1,unified:dfc33620-db1a-5369-907e-1b93d9f2857a
RC489.B4H55,1,unified:dfc33620-db1a-5369-907e-1b93d9f2857a
RC489.B4H624,1,unified:dfc33620-db1a-5369-907e-1b93d9f2857a
RC489.B4J46,2,unified:dfc33620-db1a-5369-907e-1b93d9f2857a
RC489.B4L3,1,unified:dfc33620-db1a-5369-907e-1b93d9f2857a
RC489.B4L39,1,unified:dfc33620-db1a-5369-907e-1b93d9f2857a
RC489.B4L4,1,unified:dfc33620-db1a-5369-907e-1b93d9f2857a
RC489.B4L56,1,unified:dfc33620-db1a-5369-907e-1b93d9f2857a
RC489.B4L865,1,unified:dfc33620-db1a-5369-907e-1b93d9f2857a
RC489.B4M365,2,unified:dfc33620-db1a-5369-907e-1b93d9f2857a
RC489.B4M39,1,unified:dfc33620-db1a-5369-907e-1b93d9f2857a
RC489.B4M425,3,unified:dfc33620-db1a-5369-907e-1b93d9f2857a
RC489.B4M45,1,unified:dfc33620-db1a-5369-907e-1b93d9f2857a
RC489.B4P37,1,unified:dfc33620-db1a-5369-907e-1b93d9f2857a
RC489.B4P43,1,unified:dfc33620-db1a-5369-907e-1b93d9f2857a
RC489.B4P46,1,unified:dfc33620-db1a-5369-907e-1b93d9f2857a
RC489.B4P468,1,unified:dfc33620-db1a-5369-907e-1b93d9f2857a
RC489.B4P674,1,unified:dfc33620-db1a-5369-907e-1b93d9f2857a
RC489.B4P675,1,unified:dfc33620-db1a-5369-907e-1b93d9f2857a
RC489.B4R36,1,unified:dfc33620-db1a-5369-907e-1b93d9f2857a
RC489.B4R58,1,unified:dfc33620-db1a-5369-907e-1b93d9f2857a
RC489.B4S39,1,unified:dfc33620-db1a-5369-907e-1b93d9f2857a
RC489.B4S68,1,unified:dfc33620-db1a-5369-907e-1b93d9f2857a
RC489.B4S94,2,unified:dfc33620-db1a-5369-907e-1b93d9f2857a
RC489.B4T52,1,unified:dfc33620-db1a-5369-907e-1b93d9f2857a
RC489.B4T525,1,unified:dfc33620-db1a-5369-907e-1b93d9f2857a
RC489.B4T545,1,unified:dfc33620-db1a-5369-907e-1b93d9f2857a
RC489.B4T55,1,unified:dfc33620-db1a-5369-907e-1b93d9f2857a
RC489.B4T58,1,unified:dfc33620-db1a-5369-907e-1b93d9f2857a
RC489.B4U53,1,unified:dfc33620-db1a-5369-907e-1b93d9f2857a
RC489.B4U55,1,unified:dfc33620-db1a-5369-907e-1b93d9f2857a
RC489.B4V36,2,unified:dfc33620-db1a-5369-907e-1b93d9f2857a
RC489.B4W32,1,unified:dfc33620-db1a-5369-907e-1b93d9f2857a
RC489.B4W34,1,unified:dfc33620-db1a-5369-907e-1b93d9f2857a
RC489.B4W6,1,unified:dfc33620-db1a-5369-907e-1b93d9f2857a
RC489.B5,29,unified:dfc33620-db1a-5369-907e-1b93d9f2857a
RC489.B53,64,unified:dfc33620-db1a-5369-907e-1b93d9f2857a
RC489.B53.C43,1,unified:dfc33620-db1a-5369-907e-1b93d9f2857a
RC489.B53B56,2,unified:dfc33620-db1a-5369-907e-1b93d9f2857a
RC489.B53C43,2,unified:dfc33620-db1a-5369-907e-1b93d9f2857a
RC489.B53D45,2,unified:dfc33620-db1a-5369-907e-1b93d9f2857a
RC489.B53F57,1,unified:dfc33620-db1a-5369-907e-1b93d9f2857a
RC489.B53H36,1,unified:dfc33620-db1a-5369-907e-1b93d9f2857a
RC489.B53I55,1,unified:dfc33620-db1a-5369-907e-1b93d9f2857a
RC489.B53K44,1,unified:dfc33620-db1a-5369-907e-1b93d9f2857a
RC489.B53L37,1,unified:dfc33620-db1a-5369-907e-1b93d9f2857a
RC489.B53L46,1,unified:dfc33620-db1a-5369-907e-1b93d9f2857a
RC489.B53N49,1,unified:dfc33620-db1a-5369-907e-1b93d9f2857a
RC489.B53R63,1,unified:dfc33620-db1a-5369-907e-1b93d9f2857a
RC489.B53S39,5,unified:dfc33620-db1a-5369-907e-1b93d9f2857a
RC489.B53S95,1,unified:dfc33620-db1a-5369-907e-1b93d9f2857a
RC489.B53T47,1,unified:dfc33620-db1a-5369-907e-1b93d9f2857a
RC489.B53W48,1,unified:dfc33620-db1a-5369-907e-1b93d9f2857a
RC489.B57,1,unified:dfc33620-db1a-5369-907e-1b93d9f2857a
RC489.B57H66,1,unified:dfc33620-db1a-5369-907e-1b93d9f2857a
RC489.B5E545,1,unified:dfc33620-db1a-5369-907e-1b93d9f2857a
RC489.B5G345,1,unified:dfc33620-db1a-5369-907e-1b93d9f2857a
RC489.B5G35,1,unified:dfc33620-db1a-5369-907e-1b93d9f2857a
RC489.B5G353,1,unified:dfc33620-db1a-5369-907e-1b93d9f2857a
RC489.B5H68,1,unified:dfc33620-db1a-5369-907e-1b93d9f2857a
RC489.B5L68,1,unified:dfc33620-db1a-5369-907e-1b93d9f2857a
RC489.B5L685,1,unified:dfc33620-db1a-5369-907e-1b93d9f2857a
RC489.B5P54,1,unified:dfc33620-db1a-5369-907e-1b93d9f2857a
RC489.B5Z95,1,unified:dfc33620-db1a-5369-907e-1b93d9f2857a
RC489.C37,7,unified:dfc33620-db1a-5369-907e-1b93d9f2857a
RC489.C6,11,unified:dfc33620-db1a-5369-907e-1b93d9f2857a
RC489.C62,17,unified:dfc33620-db1a-5369-907e-1b93d9f2857a
RC489.C62.E67,1,unified:dfc33620-db1a-5369-907e-1b93d9f2857a
RC489.C62.W47,1,unified:dfc33620-db1a-5369-907e-1b93d9f2857a
RC489.C62B37,1,unified:dfc33620-db1a-5369-907e-1b93d9f2857a
RC489.C62C53,1,unified:dfc33620-db1a-5369-907e-1b93d9f2857a
RC489.C62E67,1,unified:dfc33620-db1a-5369-907e-1b93d9f2857a
RC489.C62H39,3,unified:dfc33620-db1a-5369-907e-1b93d9f2857a
RC489.C62H395,1,unified:dfc33620-db1a-5369-907e-1b93d9f2857a
RC489.C62R64,3,unified:dfc33620-db1a-5369-907e-1b93d9f2857a
RC489.C62W45,1,unified:dfc33620-db1a-5369-907e-1b93d9f2857a
RC489.C62W47,1,unified:dfc33620-db1a-5369-907e-1b93d9f2857a
RC489.C63,735,unified:dfc33620-db1a-5369-907e-1b93d9f2857a
RC489.C63.A14,1,unified:dfc33620-db1a-5369-907e-1b93d9f2857a
RC489.C63.B67,1,unified:dfc33620-db1a-5369-907e-1b93d9f2857a
RC489.C63.B74,1,unified:dfc33620-db1a-5369-907e-1b93d9f2857a
RC489.C63.C33,3,unified:dfc33620-db1a-5369-907e-1b93d9f2857a
RC489.C63.C43,1,unified:dfc33620-db1a-5369-907e-1b93d9f2857a
RC489.C63.C627,1,unified:dfc33620-db1a-5369-907e-1b93d9f2857a
RC489.C63.E46,2,unified:dfc33620-db1a-5369-907e-1b93d9f2857a
RC489.C63.O946,1,unified:dfc33620-db1a-5369-907e-1b93d9f2857a
RC489.C63.R86,1,unified:dfc33620-db1a-5369-907e-1b93d9f2857a
RC489.C63A37,1,unified:dfc33620-db1a-5369-907e-1b93d9f2857a
RC489.C63A384,1,unified:dfc33620-db1a-5369-907e-1b93d9f2857a
RC489.C63A425,1,unified:dfc33620-db1a-5369-907e-1b93d9f2857a
RC489.C63A43,3,unified:dfc33620-db1a-5369-907e-1b93d9f2857a
RC489.C63A44,1,unified:dfc33620-db1a-5369-907e-1b93d9f2857a
RC489.C63A45,1,unified:dfc33620-db1a-5369-907e-1b93d9f2857a
RC489.C63A5887,1,unified:dfc33620-db1a-5369-907e-1b93d9f2857a
RC489.C63A73,2,unified:dfc33620-db1a-5369-907e-1b93d9f2857a
RC489.C63B35,1,unified:dfc33620-db1a-5369-907e-1b93d9f2857a
RC489.C63B37,1,unified:dfc33620-db1a-5369-907e-1b93d9f2857a
RC489.C63B43,3,unified:dfc33620-db1a-5369-907e-1b93d9f2857a
RC489.C63B433,2,unified:dfc33620-db1a-5369-907e-1b93d9f2857a
RC489.C63B54,2,unified:dfc33620-db1a-5369-907e-1b93d9f2857a
RC489.C63B56,1,unified:dfc33620-db1a-5369-907e-1b93d9f2857a
RC489.C63B67,2,unified:dfc33620-db1a-5369-907e-1b93d9f2857a
RC489.C63B68,1,unified:dfc33620-db1a-5369-907e-1b93d9f2857a
RC489.C63B73,3,unified:dfc33620-db1a-5369-907e-1b93d9f2857a
RC489.C63B76,1,unified:dfc33620-db1a-5369-907e-1b93d9f2857a
RC489.C63B87,4,unified:dfc33620-db1a-5369-907e-1b93d9f2857a
RC489.C63C33,1,unified:dfc33620-db1a-5369-907e-1b93d9f2857a
RC489.C63C35,2,unified:dfc33620-db1a-5369-907e-1b93d9f2857a
RC489.C63C369,1,unified:dfc33620-db1a-5369-907e-1b93d9f2857a
RC489.C63C376,1,unified:dfc33620-db1a-5369-907e-1b93d9f2857a
RC489.C63C38,1,unified:dfc33620-db1a-5369-907e-1b93d9f2857a
RC489.C63C532,3,unified:dfc33620-db1a-5369-907e-1b93d9f2857a
RC489.C63C57,3,unified:dfc33620-db1a-5369-907e-1b93d9f2857a
RC489.C63C575,2,unified:dfc33620-db1a-5369-907e-1b93d9f2857a
RC489.C63C6,5,unified:dfc33620-db1a-5369-907e-1b93d9f2857a
RC489.C63C6227,1,unified:dfc33620-db1a-5369-907e-1b93d9f2857a
RC489.C63C6228,1,unified:dfc33620-db1a-5369-907e-1b93d9f2857a
RC489.C63C6234,2,unified:dfc33620-db1a-5369-907e-1b93d9f2857a
RC489.C63C625,1,unified:dfc33620-db1a-5369-907e-1b93d9f2857a
RC489.C63C626,1,unified:dfc33620-db1a-5369-907e-1b93d9f2857a
RC489.C63C6276,1,unified:dfc33620-db1a-5369-907e-1b93d9f2857a
RC489.C63C6277,1,unified:dfc33620-db1a-5369-907e-1b93d9f2857a
RC489.C63C62775,3,unified:dfc33620-db1a-5369-907e-1b93d9f2857a
RC489.C63C62785,2,unified:dfc33620-db1a-5369-907e-1b93d9f2857a
RC489.C63C628,2,unified:dfc33620-db1a-5369-907e-1b93d9f2857a
RC489.C63C635,1,unified:dfc33620-db1a-5369-907e-1b93d9f2857a
RC489.C63C6416,1,unified:dfc33620-db1a-5369-907e-1b93d9f2857a
RC489.C63C6417,1,unified:dfc33620-db1a-5369-907e-1b93d9f2857a
RC489.C63C6426,2,unified:dfc33620-db1a-5369-907e-1b93d9f2857a
RC489.C63C6428,3,unified:dfc33620-db1a-5369-907e-1b93d9f2857a
RC489.C63C643,1,unified:dfc33620-db1a-5369-907e-1b93d9f2857a
RC489.C63C6434,1,unified:dfc33620-db1a-5369-907e-1b93d9f2857a
RC489.C63C645,1,unified:dfc33620-db1a-5369-907e-1b93d9f2857a
RC489.C63C6463,1,unified:dfc33620-db1a-5369-907e-1b93d9f2857a
RC489.C63C6475,1,unified:dfc33620-db1a-5369-907e-1b93d9f2857a
RC489.C63C6478,2,unified:dfc33620-db1a-5369-907e-1b93d9f2857a
RC489.C63C649,2,unified:dfc33620-db1a-5369-907e-1b93d9f2857a
RC489.C63C655,1,unified:dfc33620-db1a-5369-907e-1b93d9f2857a
RC489.C63C665,3,unified:dfc33620-db1a-5369-907e-1b93d9f2857a
RC489.C63C73,2,unified:dfc33620-db1a-5369-907e-1b93d9f2857a
RC489.C63C8,2,unified:dfc33620-db1a-5369-907e-1b93d9f2857a
RC489.C63C85,2,unified:dfc33620-db1a-5369-907e-1b93d9f2857a
RC489.C63C87,2,unified:dfc33620-db1a-5369-907e-1b93d9f2857a
RC489.C63D38,1,unified:dfc33620-db1a-5369-907e-1b93d9f2857a
RC489.C63D63,1,unified:dfc33620-db1a-5369-907e-1b93d9f2857a
RC489.C63D64,1,unified:dfc33620-db1a-5369-907e-1b93d9f2857a
RC489.C63D783,1,unified:dfc33620-db1a-5369-907e-1b93d9f2857a
RC489.C63D787,2,unified:dfc33620-db1a-5369-907e-1b93d9f2857a
RC489.C63D79,2,unified:dfc33620-db1a-5369-907e-1b93d9f2857a
RC489.C63D795,1,unified:dfc33620-db1a-5369-907e-1b93d9f2857a
RC489.C63D796,2,unified:dfc33620-db1a-5369-907e-1b93d9f2857a
RC489.C63D84,5,unified:dfc33620-db1a-5369-907e-1b93d9f2857a
RC489.C63E34,1,unified:dfc33620-db1a-5369-907e-1b93d9f2857a
RC489.C63E4,1,unified:dfc33620-db1a-5369-907e-1b93d9f2857a
RC489.C63E96,2,unified:dfc33620-db1a-5369-907e-1b93d9f2857a
RC489.C63E97,1,unified:dfc33620-db1a-5369-907e-1b93d9f2857a
RC489.C63F37,2,unified:dfc33620-db1a-5369-907e-1b93d9f2857a
RC489.C63F72,1,unified:dfc33620-db1a-5369-907e-1b93d9f2857a
RC489.C63F725,4,unified:dfc33620-db1a-5369-907e-1b93d9f2857a
RC489.C63F75,2,unified:dfc33620-db1a-5369-907e-1b93d9f2857a
RC489.C63F76,2,unified:dfc33620-db1a-5369-907e-1b93d9f2857a
RC489.C63G65,1,unified:dfc33620-db1a-5369-907e-1b93d9f2857a
RC489.C63G74,1,unified:dfc33620-db1a-5369-907e-1b93d9f2857a
RC489.C63G7418,1,unified:dfc33620-db1a-5369-907e-1b93d9f2857a
RC489.C63G743,1,unified:dfc33620-db1a-5369-907e-1b93d9f2857a
RC489.C63G83,1,unified:dfc33620-db1a-5369-907e-1b93d9f2857a
RC489.C63G85,1,unified:dfc33620-db1a-5369-907e-1b93d9f2857a
RC489.C63H356,2,unified:dfc33620-db1a-5369-907e-1b93d9f2857a
RC489.C63H357,3,unified:dfc33620-db1a-5369-907e-1b93d9f2857a
RC489.C63H358,2,unified:dfc33620-db1a-5369-907e-1b93d9f2857a
RC489.C63H36,4,unified:dfc33620-db1a-5369-907e-1b93d9f2857a
RC489.C63H455,1,unified:dfc33620-db1a-5369-907e-1b93d9f2857a
RC489.C63H54,1,unified:dfc33620-db1a-5369-907e-1b93d9f2857a
RC489.C63H64,1,unified:dfc33620-db1a-5369-907e-1b93d9f2857a
RC489.C63H69,2,unified:dfc33620-db1a-5369-907e-1b93d9f2857a
RC489.C63I55,2,unified:dfc33620-db1a-5369-907e-1b93d9f2857a
RC489.C63I56,1,unified:dfc33620-db1a-5369-907e-1b93d9f2857a
RC489.C63I58,2,unified:dfc33620-db1a-5369-907e-1b93d9f2857a
RC489.C63J36,1,unified:dfc33620-db1a-5369-907e-1b93d9f2857a
RC489.C63J65,1,unified:dfc33620-db1a-5369-907e-1b93d9f2857a
RC489.C63J67,1,unified:dfc33620-db1a-5369-907e-1b93d9f2857a
RC489.C63K44,2,unified:dfc33620-db1a-5369-907e-1b93d9f2857a
RC489.C63K46,2,unified:dfc33620-db1a-5369-907e-1b93d9f2857a
RC489.C63K89,3,unified:dfc33620-db1a-5369-907e-1b93d9f2857a
RC489.C63L28,3,unified:dfc33620-db1a-5369-907e-1b93d9f2857a
RC489.C63L38,1,unified:dfc33620-db1a-5369-907e-1b93d9f2857a
RC489.C63L382,2,unified:dfc33620-db1a-5369-907e-1b93d9f2857a
RC489.C63L383,1,unified:dfc33620-db1a-5369-907e-1b93d9f2857a
RC489.C63L384,2,unified:dfc33620-db1a-5369-907e-1b93d9f2857a
RC489.C63L43,1,unified:dfc33620-db1a-5369-907e-1b93d9f2857a
RC489.C63L433,1,unified:dfc33620-db1a-5369-907e-1b93d9f2857a
RC489.C63L44,3,unified:dfc33620-db1a-5369-907e-1b93d9f2857a
RC489.C63L6,3,unified:dfc33620-db1a-5369-907e-1b93d9f2857a
RC489.C63L67,2,unified:dfc33620-db1a-5369-907e-1b93d9f2857a
RC489.C63L78,1,unified:dfc33620-db1a-5369-907e-1b93d9f2857a
RC489.C63M33,1,unified:dfc33620-db1a-5369-907e-1b93d9f2857a
RC489.C63M34,4,unified:dfc33620-db1a-5369-907e-1b93d9f2857a
RC489.C63M345,3,unified:dfc33620-db1a-5369-907e-1b93d9f2857a
RC489.C63M36,2,unified:dfc33620-db1a-5369-907e-1b93d9f2857a
RC489.C63M365,1,unified:dfc33620-db1a-5369-907e-1b93d9f2857a
RC489.C63M54,2,unified:dfc33620-db1a-5369-907e-1b93d9f2857a
RC489.C63M55,2,unified:dfc33620-db1a-5369-907e-1b93d9f2857a
RC489.C63N3,1,unified:dfc33620-db1a-5369-907e-1b93d9f2857a
RC489.C63N34,1,unified:dfc33620-db1a-5369-907e-1b93d9f2857a
RC489.C63N44,2,unified:dfc33620-db1a-5369-907e-1b93d9f2857a
RC489.C63N445,1,unified:dfc33620-db1a-5369-907e-1b93d9f2857a
RC489.C63N447,1,unified:dfc33620-db1a-5369-907e-1b93d9f2857a
RC489.C63N45,7,unified:dfc33620-db1a-5369-907e-1b93d9f2857a
RC489.C63N48,1,unified:dfc33620-db1a-5369-907e-1b93d9f2857a
RC489.C63N49,1,unified:dfc33620-db1a-5369-907e-1b93d9f2857a
RC489.C63N494,1,unified:dfc33620-db1a-5369-907e-1b93d9f2857a
RC489.C63N497,2,unified:dfc33620-db1a-5369-907e-1b93d9f2857a
RC489.C63O35,2,unified:dfc33620-db1a-5369-907e-1b93d9f2857a
RC489.C63O96,1,unified:dfc33620-db1a-5369-907e-1b93d9f2857a
RC489.C63P465,2,unified:dfc33620-db1a-5369-907e-1b93d9f2857a
RC489.C63P468,1,unified:dfc33620-db1a-5369-907e-1b93d9f2857a
RC489.C63P47,1,unified:dfc33620-db1a-5369-907e-1b93d9f2857a
RC489.C63P476,1,unified:dfc33620-db1a-5369-907e-1b93d9f2857a
RC489.C63P73,1,unified:dfc33620-db1a-5369-907e-1b93d9f2857a
RC489.C63P87,1,unified:dfc33620-db1a-5369-907e-1b93d9f2857a
RC489.C63Q2,1,unified:dfc33620-db1a-5369-907e-1b93d9f2857a
RC489.C63R375,1,unified:dfc33620-db1a-5369-907e-1b93d9f2857a
RC489.C63R635,1,unified:dfc33620-db1a-5369-907e-1b93d9f2857a
RC489.C63R6353,2,unified:dfc33620-db1a-5369-907e-1b93d9f2857a
RC489.C63R67,1,unified:dfc33620-db1a-5369-907e-1b93d9f2857a
RC489.C63R86,1,unified:dfc33620-db1a-5369-907e-1b93d9f2857a
RC489.C63R955,2,unified:dfc33620-db1a-5369-907e-1b93d9f2857a
RC489.C63S24,1,unified:dfc33620-db1a-5369-907e-1b93d9f2857a
RC489.C63S245,1,unified:dfc33620-db1a-5369-907e-1b93d9f2857a
RC489.C63S34,2,unified:dfc33620-db1a-5369-907e-1b93d9f2857a
RC489.C63S345,1,unified:dfc33620-db1a-5369-907e-1b93d9f2857a
RC489.C63S355,1,unified:dfc33620-db1a-5369-907e-1b93d9f2857a
RC489.C63S36,2,unified:dfc33620-db1a-5369-907e-1b93d9f2857a
RC489.C63S365,1,unified:dfc33620-db1a-5369-907e-1b93d9f2857a
RC489.C63S366,1,unified:dfc33620-db1a-5369-907e-1b93d9f2857a
RC489.C63S45,1,unified:dfc33620-db1a-5369-907e-1b93d9f2857a
RC489.C63S5,2,unified:dfc33620-db1a-5369-907e-1b93d9f2857a
RC489.C63S53,1,unified:dfc33620-db1a-5369-907e-1b93d9f2857a
RC489.C63S533,2,unified:dfc33620-db1a-5369-907e-1b93d9f2857a
RC489.C63S54,1,unified:dfc33620-db1a-5369-907e-1b93d9f2857a
RC489.C63S549,2,unified:dfc33620-db1a-5369-907e-1b93d9f2857a
RC489.C63S56,2,unified:dfc33620-db1a-5369-907e-1b93d9f2857a
RC489.C63S565,2,unified:dfc33620-db1a-5369-907e-1b93d9f2857a
RC489.C63S567,1,unified:dfc33620-db1a-5369-907e-1b93d9f2857a
RC489.C63S63,2,unified:dfc33620-db1a-5369-907e-1b93d9f2857a
RC489.C63S65,1,unified:dfc33620-db1a-5369-907e-1b93d9f2857a
RC489.C63S6575,2,unified:dfc33620-db1a-5369-907e-1b93d9f2857a
RC489.C63S67,1,unified:dfc33620-db1a-5369-907e-1b93d9f2857a
RC489.C63S68,3,unified:dfc33620-db1a-5369-907e-1b93d9f2857a
RC489.C63S83,1,unified:dfc33620-db1a-5369-907e-1b93d9f2857a
RC489.C63T43,1,unified:dfc33620-db1a-5369-907e-1b93d9f2857a
RC489.C63T6,1,unified:dfc33620-db1a-5369-907e-1b93d9f2857a
RC489.C63T65,3,unified:dfc33620-db1a-5369-907e-1b93d9f2857a
RC489.C63T72,2,unified:dfc33620-db1a-5369-907e-1b93d9f2857a
RC489.C63T727,2,unified:dfc33620-db1a-5369-907e-1b93d9f2857a
RC489.C63T73,2,unified:dfc33620-db1a-5369-907e-1b93d9f2857a
RC489.C63T74,1,unified:dfc33620-db1a-5369-907e-1b93d9f2857a
RC489.C63U85,1,unified:dfc33620-db1a-5369-907e-1b93d9f2857a
RC489.C63V65,2,unified:dfc33620-db1a-5369-907e-1b93d9f2857a
RC489.C63W45,2,unified:dfc33620-db1a-5369-907e-1b93d9f2857a
RC489.C63W46,2,unified:dfc33620-db1a-5369-907e-1b93d9f2857a
RC489.C63W462,2,unified:dfc33620-db1a-5369-907e-1b93d9f2857a
RC489.C63W464,1,unified:dfc33620-db1a-5369-907e-1b93d9f2857a
RC489.C63W475,1,unified:dfc33620-db1a-5369-907e-1b93d9f2857a
RC489.C63W52,2,unified:dfc33620-db1a-5369-907e-1b93d9f2857a
RC489.C63W534,1,unified:dfc33620-db1a-5369-907e-1b93d9f2857a
RC489.C63W54,3,unified:dfc33620-db1a-5369-907e-1b93d9f2857a
RC489.C63W55,1,unified:dfc33620-db1a-5369-907e-1b93d9f2857a
RC489.C63W56,1,unified:dfc33620-db1a-5369-907e-1b93d9f2857a
RC489.C63Z37,3,unified:dfc33620-db1a-5369-907e-1b93d9f2857a
RC489.C65,9,unified:dfc33620-db1a-5369-907e-1b93d9f2857a
RC489.C68,73,unified:dfc33620-db1a-5369-907e-1b93d9f2857a
RC489.C68.C37,1,unified:dfc33620-db1a-5369-907e-1b93d9f2857a
RC489.C68.T36,1,unified:dfc33620-db1a-5369-907e-1b93d9f2857a
RC489.C68B48,1,unified:dfc33620-db1a-5369-907e-1b93d9f2857a
RC489.C68C37,1,unified:dfc33620-db1a-5369-907e-1b93d9f2857a
RC489.C68C66,1,unified:dfc33620-db1a-5369-907e-1b93d9f2857a
RC489.C68C68,1,unified:dfc33620-db1a-5369-907e-1b93d9f2857a
RC489.C68C685,1,unified:dfc33620-db1a-5369-907e-1b93d9f2857a
RC489.C68D37,1,unified:dfc33620-db1a-5369-907e-1b93d9f2857a
RC489.C68E77,1,unified:dfc33620-db1a-5369-907e-1b93d9f2857a
RC489.C68F67,2,unified:dfc33620-db1a-5369-907e-1b93d9f2857a
RC489.C68G45,2,unified:dfc33620-db1a-5369-907e-1b93d9f2857a
RC489.C68G56,1,unified:dfc33620-db1a-5369-907e-1b93d9f2857a
RC489.C68G67,1,unified:dfc33620-db1a-5369-907e-1b93d9f2857a
RC489.C68H43,1,unified:dfc33620-db1a-5369-907e-1b93d9f2857a
RC489.C68H57,1,unified:dfc33620-db1a-5369-907e-1b93d9f2857a
RC489.C68I58,3,unified:dfc33620-db1a-5369-907e-1b93d9f2857a
RC489.C68K66,1,unified:dfc33620-db1a-5369-907e-1b93d9f2857a
RC489.C68M37,3,unified:dfc33620-db1a-5369-907e-1b93d9f2857a
RC489.C68R63,1,unified:dfc33620-db1a-5369-907e-1b93d9f2857a
RC489.C68R64,2,unified:dfc33620-db1a-5369-907e-1b93d9f2857a
RC489.C68S33,1,unified:dfc33620-db1a-5369-907e-1b93d9f2857a
RC489.C68S36,1,unified:dfc33620-db1a-5369-907e-1b93d9f2857a
RC489.C68S43,5,unified:dfc33620-db1a-5369-907e-1b93d9f2857a
RC489.C68S57,1,unified:dfc33620-db1a-5369-907e-1b93d9f2857a
RC489.C68S74,2,unified:dfc33620-db1a-5369-907e-1b93d9f2857a
RC489.C68W37,1,unified:dfc33620-db1a-5369-907e-1b93d9f2857a
RC489.C68W574,1,unified:dfc33620-db1a-5369-907e-1b93d9f2857a
RC489.C68W65,1,unified:dfc33620-db1a-5369-907e-1b93d9f2857a
RC489.C69,1,unified:dfc33620-db1a-5369-907e-1b93d9f2857a
RC489.C6C63,2,unified:dfc33620-db1a-5369-907e-1b93d9f2857a
RC489.C6C64,1,unified:dfc33620-db1a-5369-907e-1b93d9f2857a
RC489.C6C73,1,unified:dfc33620-db1a-5369-907e-1b93d9f2857a
RC489.C6D48,1,unified:dfc33620-db1a-5369-907e-1b93d9f2857a
RC489.C6R95,1,unified:dfc33620-db1a-5369-907e-1b93d9f2857a
RC489.C6S64,2,unified:dfc33620-db1a-5369-907e-1b93d9f2857a
RC489.D3,111,unified:dfc33620-db1a-5369-907e-1b93d9f2857a
RC489.D3.C53,1,unified:dfc33620-db1a-5369-907e-1b93d9f2857a
RC489.D3.H55,1,unified:dfc33620-db1a-5369-907e-1b93d9f2857a
RC489.D3.S55,1,unified:dfc33620-db1a-5369-907e-1b93d9f2857a
RC489.D35,7,unified:dfc33620-db1a-5369-907e-1b93d9f2857a
RC489.D35M37,3,unified:dfc33620-db1a-5369-907e-1b93d9f2857a
RC489.D35S76,2,unified:dfc33620-db1a-5369-907e-1b93d9f2857a
RC489.D35W34,2,unified:dfc33620-db1a-5369-907e-1b93d9f2857a
RC489.D3C43,1,unified:dfc33620-db1a-5369-907e-1b93d9f2857a
RC489.D3C53,1,unified:dfc33620-db1a-5369-907e-1b93d9f2857a
RC489.D3C73,1,unified:dfc33620-db1a-5369-907e-1b93d9f2857a
RC489.D3D33,2,unified:dfc33620-db1a-5369-907e-1b93d9f2857a
RC489.D3D34,2,unified:dfc33620-db1a-5369-907e-1b93d9f2857a
RC489.D3D36,4,unified:dfc33620-db1a-5369-907e-1b93d9f2857a
RC489.D3D365,1,unified:dfc33620-db1a-5369-907e-1b93d9f2857a
RC489.D3E33,1,unified:dfc33620-db1a-5369-907e-1b93d9f2857a
RC489.D3E87,2,unified:dfc33620-db1a-5369-907e-1b93d9f2857a
RC489.D3F753,1,unified:dfc33620-db1a-5369-907e-1b93d9f2857a
RC489.D3G6,1,unified:dfc33620-db1a-5369-907e-1b93d9f2857a
RC489.D3M37,1,unified:dfc33620-db1a-5369-907e-1b93d9f2857a
RC489.D3M442,1,unified:dfc33620-db1a-5369-907e-1b93d9f2857a
RC489.D3S87,3,unified:dfc33620-db1a-5369-907e-1b93d9f2857a
RC489.D3V5313,5,unified:dfc33620-db1a-5369-907e-1b93d9f2857a
RC489.D3W48,1,unified:dfc33620-db1a-5369-907e-1b93d9f2857a
RC489.D45,8,unified:dfc33620-db1a-5369-907e-1b93d9f2857a
RC489.D46,13,unified:dfc33620-db1a-5369-907e-1b93d9f2857a
RC489.D46D484,1,unified:dfc33620-db1a-5369-907e-1b93d9f2857a
RC489.D46K36,1,unified:dfc33620-db1a-5369-907e-1b93d9f2857a
RC489.D46K7,1,unified:dfc33620-db1a-5369-907e-1b93d9f2857a
RC489.D48,7,unified:dfc33620-db1a-5369-907e-1b93d9f2857a
RC489.D48C43,1,unified:dfc33620-db1a-5369-907e-1b93d9f2857a
RC489.D48E86,2,unified:dfc33620-db1a-5369-907e-1b93d9f2857a
RC489.D48R585,1,unified:dfc33620-db1a-5369-907e-1b93d9f2857a
RC489.D48S53,1,unified:dfc33620-db1a-5369-907e-1b93d9f2857a
RC489.D5,29,unified:dfc33620-db1a-5369-907e-1b93d9f2857a
RC489.D5.W455,1,unified:dfc33620-db1a-5369-907e-1b93d9f2857a
RC489.D5A44,2,unified:dfc33620-db1a-5369-907e-1b93d9f2857a
RC489.D5B37,2,unified:dfc33620-db1a-5369-907e-1b93d9f2857a
RC489.D5C45,1,unified:dfc33620-db1a-5369-907e-1b93d9f2857a
RC489.D5J66,1,unified:dfc33620-db1a-5369-907e-1b93d9f2857a
RC489.D5N49,1,unified:dfc33620-db1a-5369-907e-1b93d9f2857a
RC489.D5R32,1,unified:dfc33620-db1a-5369-907e-1b93d9f2857a
RC489.D5R53,1,unified:dfc33620-db1a-5369-907e-1b93d9f2857a
RC489.D5S66,1,unified:dfc33620-db1a-5369-907e-1b93d9f2857a
RC489.D5T73,2,unified:dfc33620-db1a-5369-907e-1b93d9f2857a
RC489.D74,51,unified:dfc33620-db1a-5369-907e-1b93d9f2857a
RC489.D74.W67,1,unified:dfc33620-db1a-5369-907e-1b93d9f2857a
RC489.D74B64,1,unified:dfc33620-db1a-5369-907e-1b93d9f2857a
RC489.D74B87,1,unified:dfc33620-db1a-5369-907e-1b93d9f2857a
RC489.D74C37,1,unified:dfc33620-db1a-5369-907e-1b93d9f2857a
RC489.D74C663,2,unified:dfc33620-db1a-5369-907e-1b93d9f2857a
RC489.D74D55,1,unified:dfc33620-db1a-5369-907e-1b93d9f2857a
RC489.D74D723,1,unified:dfc33620-db1a-5369-907e-1b93d9f2857a
RC489.D74H36,2,unified:dfc33620-db1a-5369-907e-1b93d9f2857a
RC489.D74H3713,2,unified:dfc33620-db1a-5369-907e-1b93d9f2857a
RC489.D74H55,1,unified:dfc33620-db1a-5369-907e-1b93d9f2857a
RC489.D74L36,1,unified:dfc33620-db1a-5369-907e-1b93d9f2857a
RC489.D74M34,1,unified:dfc33620-db1a-5369-907e-1b93d9f2857a
RC489.D74M46,1,unified:dfc33620-db1a-5369-907e-1b93d9f2857a
RC489.D74M47,2,unified:dfc33620-db1a-5369-907e-1b93d9f2857a
RC489.D74Q56,2,unified:dfc33620-db1a-5369-907e-1b93d9f2857a
RC489.D74R53,1,unified:dfc33620-db1a-5369-907e-1b93d9f2857a
RC489.D74T53,2,unified:dfc33620-db1a-5369-907e-1b93d9f2857a
RC489.D74T73,1,unified:dfc33620-db1a-5369-907e-1b93d9f2857a
RC489.D74W45,1,unified:dfc33620-db1a-5369-907e-1b93d9f2857a
RC489.E24,65,unified:dfc33620-db1a-5369-907e-1b93d9f2857a
RC489.E24.E768,1,unified:dfc33620-db1a-5369-907e-1b93d9f2857a
RC489.E24.I525,1,unified:dfc33620-db1a-5369-907e-1b93d9f2857a
RC489.E24B57,2,unified:dfc33620-db1a-5369-907e-1b93d9f2857a
RC489.E24C33,1,unified:dfc33620-db1a-5369-907e-1b93d9f2857a
RC489.E24D86,1,unified:dfc33620-db1a-5369-907e-1b93d9f2857a
RC489.E24E768,2,unified:dfc33620-db1a-5369-907e-1b93d9f2857a
RC489.E24E77,1,unified:dfc33620-db1a-5369-907e-1b93d9f2857a
RC489.E24F56,1,unified:dfc33620-db1a-5369-907e-1b93d9f2857a
RC489.E24F57,1,unified:dfc33620-db1a-5369-907e-1b93d9f2857a
RC489.E24G37,1,unified:dfc33620-db1a-5369-907e-1b93d9f2857a
RC489.E24G43,1,unified:dfc33620-db1a-5369-907e-1b93d9f2857a
RC489.E24H36,4,unified:dfc33620-db1a-5369-907e-1b93d9f2857a
RC489.E24H693,1,unified:dfc33620-db1a-5369-907e-1b93d9f2857a
RC489.E24I53,1,unified:dfc33620-db1a-5369-907e-1b93d9f2857a
RC489.E24N49,1,unified:dfc33620-db1a-5369-907e-1b93d9f2857a
RC489.E24O27,2,unified:dfc33620-db1a-5369-907e-1b93d9f2857a
RC489.E24S28,1,unified:dfc33620-db1a-5369-907e-1b93d9f2857a
RC489.E24S36,1,unified:dfc33620-db1a-5369-907e-1b93d9f2857a
RC489.E26,2,unified:dfc33620-db1a-5369-907e-1b93d9f2857a
RC489.E26P47,3,unified:dfc33620-db1a-5369-907e-1b93d9f2857a
RC489.E35,4,unified:dfc33620-db1a-5369-907e-1b93d9f2857a
RC489.E35B87,1,unified:dfc33620-db1a-5369-907e-1b93d9f2857a
RC489.E45,48,unified:dfc33620-db1a-5369-907e-1b93d9f2857a
RC489.E45.J87,1,unified:dfc33620-db1a-5369-907e-1b93d9f2857a
RC489.E45.P34,1,unified:dfc33620-db1a-5369-907e-1b93d9f2857a
RC489.E45E37,1,unified:dfc33620-db1a-5369-907e-1b93d9f2857a
RC489.E45E46,1,unified:dfc33620-db1a-5369-907e-1b93d9f2857a
RC489.E45F66,1,unified:dfc33620-db1a-5369-907e-1b93d9f2857a
RC489.E45F74,1,unified:dfc33620-db1a-5369-907e-1b93d9f2857a
RC489.E45F75,1,unified:dfc33620-db1a-5369-907e-1b93d9f2857a
RC489.E45G73,1,unified:dfc33620-db1a-5369-907e-1b93d9f2857a
RC489.E45G74,2,unified:dfc33620-db1a-5369-907e-1b93d9f2857a
RC489.E45H43,1,unified:dfc33620-db1a-5369-907e-1b93d9f2857a
RC489.E45L43,1,unified:dfc33620-db1a-5369-907e-1b93d9f2857a
RC489.E45O76,1,unified:dfc33620-db1a-5369-907e-1b93d9f2857a
RC489.E45O7818,2,unified:dfc33620-db1a-5369-907e-1b93d9f2857a
RC489.E45O782,1,unified:dfc33620-db1a-5369-907e-1b93d9f2857a
RC489.E45O783,1,unified:dfc33620-db1a-5369-907e-1b93d9f2857a
RC489.E45P58,1,unified:dfc33620-db1a-5369-907e-1b93d9f2857a
RC489.E45R67,1,unified:dfc33620-db1a-5369-907e-1b93d9f2857a
RC489.E45S727,1,unified:dfc33620-db1a-5369-907e-1b93d9f2857a
RC489.E45S728,1,unified:dfc33620-db1a-5369-907e-1b93d9f2857a
RC489.E45W47,1,unified:dfc33620-db1a-5369-907e-1b93d9f2857a
RC489.E45Z56,1,unified:dfc33620-db1a-5369-907e-1b93d9f2857a
RC489.E46,14,unified:dfc33620-db1a-5369-907e-1b93d9f2857a
RC489.E46B46,1,unified:dfc33620-db1a-5369-907e-1b93d9f2857a
RC489.E46B47,1,unified:dfc33620-db1a-5369-907e-1b93d9f2857a
RC489.E46B55344,1,unified:dfc33620-db1a-5369-907e-1b93d9f2857a
RC489.E46B57,1,unified:dfc33620-db1a-5369-907e-1b93d9f2857a
RC489.E46B74,1,unified:dfc33620-db1a-5369-907e-1b93d9f2857a
RC489.E46D56,1,unified:dfc33620-db1a-5369-907e-1b93d9f2857a
RC489.E46E48,1,unified:dfc33620-db1a-5369-907e-1b93d9f2857a
RC489.E46M37,1,unified:dfc33620-db1a-5369-907e-1b93d9f2857a
RC489.E46S73,1,unified:dfc33620-db1a-5369-907e-1b93d9f2857a
RC489.E53,34,unified:dfc33620-db1a-5369-907e-1b93d9f2857a
RC489.E53B76,2,unified:dfc33620-db1a-5369-907e-1b93d9f2857a
RC489.E53C48,1,unified:dfc33620-db1a-5369-907e-1b93d9f2857a
RC489.E53F456,1,unified:dfc33620-db1a-5369-907e-1b93d9f2857a
RC489.E53F458,1,unified:dfc33620-db1a-5369-907e-1b93d9f2857a
RC489.E53G355,1,unified:dfc33620-db1a-5369-907e-1b93d9f2857a
RC489.E53G3553,1,unified:dfc33620-db1a-5369-907e-1b93d9f2857a
RC489.E53M39,1,unified:dfc33620-db1a-5369-907e-1b93d9f2857a
RC489.E7,17,unified:dfc33620-db1a-5369-907e-1b93d9f2857a
RC489.E75,11,unified:dfc33620-db1a-5369-907e-1b93d9f2857a
RC489.E75C58,1,unified:dfc33620-db1a-5369-907e-1b93d9f2857a
RC489.E75E76,1,unified:dfc33620-db1a-5369-907e-1b93d9f2857a
RC489.E75G46,2,unified:dfc33620-db1a-5369-907e-1b93d9f2857a
RC489.E75H55,1,unified:dfc33620-db1a-5369-907e-1b93d9f2857a
RC489.E75M66,1,unified:dfc33620-db1a-5369-907e-1b93d9f2857a
RC489.E75R67,1,unified:dfc33620-db1a-5369-907e-1b93d9f2857a
RC489.E75V47,1,unified:dfc33620-db1a-5369-907e-1b93d9f2857a
RC489.E7P74,1,unified:dfc33620-db1a-5369-907e-1b93d9f2857a
RC489.E83,5,unified:dfc33620-db1a-5369-907e-1b93d9f2857a
RC489.E83A53,1,unified:dfc33620-db1a-5369-907e-1b93d9f2857a
RC489.E83D64,1,unified:dfc33620-db1a-5369-907e-1b93d9f2857a
RC489.E83N53,1,unified:dfc33620-db1a-5369-907e-1b93d9f2857a
RC489.E9,14,unified:dfc33620-db1a-5369-907e-1b93d9f2857a
RC489.E93,120,unified:dfc33620-db1a-5369-907e-1b93d9f2857a
RC489.E93A76,2,unified:dfc33620-db1a-5369-907e-1b93d9f2857a
RC489.E93B47,1,unified:dfc33620-db1a-5369-907e-1b93d9f2857a
RC489.E93B74,2,unified:dfc33620-db1a-5369-907e-1b93d9f2857a
RC489.E93B84,1,unified:dfc33620-db1a-5369-907e-1b93d9f2857a
RC489.E93C3,1,unified:dfc33620-db1a-5369-907e-1b93d9f2857a
RC489.E93C37,1,unified:dfc33620-db1a-5369-907e-1b93d9f2857a
RC489.E93C667,1,unified:dfc33620-db1a-5369-907e-1b93d9f2857a
RC489.E93E95,2,unified:dfc33620-db1a-5369-907e-1b93d9f2857a
RC489.E93E98,1,unified:dfc33620-db1a-5369-907e-1b93d9f2857a
RC489.E93I23,2,unified:dfc33620-db1a-5369-907e-1b93d9f2857a
RC489.E93K78,1,unified:dfc33620-db1a-5369-907e-1b93d9f2857a
RC489.E93L35,2,unified:dfc33620-db1a-5369-907e-1b93d9f2857a
RC489.E93L68,2,unified:dfc33620-db1a-5369-907e-1b93d9f2857a
RC489.E93L69,3,unified:dfc33620-db1a-5369-907e-1b93d9f2857a
RC489.E93M68,1,unified:dfc33620-db1a-5369-907e-1b93d9f2857a
RC489.E93S67,1,unified:dfc33620-db1a-5369-907e-1b93d9f2857a
RC489.E93S77,1,unified:dfc33620-db1a-5369-907e-1b93d9f2857a
RC489.E93V359,3,unified:dfc33620-db1a-5369-907e-1b93d9f2857a
RC489.E93V36,3,unified:dfc33620-db1a-5369-907e-1b93d9f2857a
RC489.E93V363,2,unified:dfc33620-db1a-5369-907e-1b93d9f2857a
RC489.E93V364,3,unified:dfc33620-db1a-5369-907e-1b93d9f2857a
RC489.E93W44,1,unified:dfc33620-db1a-5369-907e-1b93d9f2857a
RC489.E93W45,1,unified:dfc33620-db1a-5369-907e-1b93d9f2857a
RC489.E93W48,2,unified:dfc33620-db1a-5369-907e-1b93d9f2857a
RC489.E93W55,1,unified:dfc33620-db1a-5369-907e-1b93d9f2857a
RC489.E93Y34,1,unified:dfc33620-db1a-5369-907e-1b93d9f2857a
RC489.E93Y345,5,unified:dfc33620-db1a-5369-907e-1b93d9f2857a
RC489.E96,9,unified:dfc33620-db1a-5369-907e-1b93d9f2857a
RC489.E96F45,1,unified:dfc33620-db1a-5369-907e-1b93d9f2857a
RC489.E96H36,1,unified:dfc33620-db1a-5369-907e-1b93d9f2857a
RC489.E96J33,1,unified:dfc33620-db1a-5369-907e-1b93d9f2857a
RC489.E96M34,1,unified:dfc33620-db1a-5369-907e-1b93d9f2857a
RC489.E96M35,1,unified:dfc33620-db1a-5369-907e-1b93d9f2857a
RC489.E96Q85,1,unified:dfc33620-db1a-5369-907e-1b93d9f2857a
RC489.E98,76,unified:dfc33620-db1a-5369-907e-1b93d9f2857a
RC489.E98.R69,2,unified:dfc33620-db1a-5369-907e-1b93d9f2857a
RC489.E98B35,1,unified:dfc33620-db1a-5369-907e-1b93d9f2857a
RC489.E98D44,1,unified:dfc33620-db1a-5369-907e-1b93d9f2857a
RC489.E98D94,1,unified:dfc33620-db1a-5369-907e-1b93d9f2857a
RC489.E98E465,1,unified:dfc33620-db1a-5369-907e-1b93d9f2857a
RC489.E98E467,1,unified:dfc33620-db1a-5369-907e-1b93d9f2857a
RC489.E98E468,1,unified:dfc33620-db1a-5369-907e-1b93d9f2857a
RC489.E98E94,2,unified:dfc33620-db1a-5369-907e-1b93d9f2857a
RC489.E98E945,2,unified:dfc33620-db1a-5369-907e-1b93d9f2857a
RC489.E98E98,1,unified:dfc33620-db1a-5369-907e-1b93d9f2857a
RC489.E98G72,1,unified:dfc33620-db1a-5369-907e-1b93d9f2857a
RC489.E98G77,2,unified:dfc33620-db1a-5369-907e-1b93d9f2857a
RC489.E98H36,2,unified:dfc33620-db1a-5369-907e-1b93d9f2857a
RC489.E98H46,2,unified:dfc33620-db1a-5369-907e-1b93d9f2857a
RC489.E98L44,1,unified:dfc33620-db1a-5369-907e-1b93d9f2857a
RC489.E98L56,2,unified:dfc33620-db1a-5369-907e-1b93d9f2857a
RC489.E98M35,1,unified:dfc33620-db1a-5369-907e-1b93d9f2857a
RC489.E98M37,2,unified:dfc33620-db1a-5369-907e-1b93d9f2857a
RC489.E98M55,1,unified:dfc33620-db1a-5369-907e-1b93d9f2857a
RC489.E98N53,1,unified:dfc33620-db1a-5369-907e-1b93d9f2857a
RC489.E98O46,1,unified:dfc33620-db1a-5369-907e-1b93d9f2857a
RC489.E98O465,2,unified:dfc33620-db1a-5369-907e-1b93d9f2857a
RC489.E98P35,1,unified:dfc33620-db1a-5369-907e-1b93d9f2857a
RC489.E98P36,1,unified:dfc33620-db1a-5369-907e-1b93d9f2857a
RC489.E98P37,2,unified:dfc33620-db1a-5369-907e-1b93d9f2857a
RC489.E98S534,2,unified:dfc33620-db1a-5369-907e-1b93d9f2857a
RC489.E98S535,1,unified:dfc33620-db1a-5369-907e-1b93d9f2857a
RC489.E98S554,1,unified:dfc33620-db1a-5369-907e-1b93d9f2857a
RC489.E9E95,1,unified:dfc33620-db1a-5369-907e-1b93d9f2857a
RC489.E9H39,1,unified:dfc33620-db1a-5369-907e-1b93d9f2857a
RC489.E9P48,2,unified:dfc33620-db1a-5369-907e-1b93d9f2857a
RC489.E9P853,1,unified:dfc33620-db1a-5369-907e-1b93d9f2857a
RC489.F27,8,unified:dfc33620-db1a-5369-907e-1b93d9f2857a
RC489.F27K67,1,unified:dfc33620-db1a-5369-907e-1b93d9f2857a
RC489.F27S34,1,unified:dfc33620-db1a-5369-907e-1b93d9f2857a
RC489.F3,11,unified:dfc33620-db1a-5369-907e-1b93d9f2857a
RC489.F33,63,unified:dfc33620-db1a-5369-907e-1b93d9f2857a
RC489.F33.F36,1,unified:dfc33620-db1a-5369-907e-1b93d9f2857a
RC489.F33.H36,1,unified:dfc33620-db1a-5369-907e-1b93d9f2857a
RC489.F33.S358,1,unified:dfc33620-db1a-5369-907e-1b93d9f2857a
RC489.F33.S43,1,unified:dfc33620-db1a-5369-907e-1b93d9f2857a
RC489.F33A5213,1,unified:dfc33620-db1a-5369-907e-1b93d9f2857a
RC489.F33F35,1,unified:dfc33620-db1a-5369-907e-1b93d9f2857a
RC489.F33I56,2,unified:dfc33620-db1a-5369-907e-1b93d9f2857a
RC489.F33I58,2,unified:dfc33620-db1a-5369-907e-1b93d9f2857a
RC489.F33I585,2,unified:dfc33620-db1a-5369-907e-1b93d9f2857a
RC489.F33J6313,1,unified:dfc33620-db1a-5369-907e-1b93d9f2857a
RC489.F33M66,2,unified:dfc33620-db1a-5369-907e-1b93d9f2857a
RC489.F33S24,2,unified:dfc33620-db1a-5369-907e-1b93d9f2857a
RC489.F33S36,2,unified:dfc33620-db1a-5369-907e-1b93d9f2857a
RC489.F33S43,1,unified:dfc33620-db1a-5369-907e-1b93d9f2857a
RC489.F33S56,1,unified:dfc33620-db1a-5369-907e-1b93d9f2857a
RC489.F33W33,1,unified:dfc33620-db1a-5369-907e-1b93d9f2857a
RC489.F33W34,4,unified:dfc33620-db1a-5369-907e-1b93d9f2857a
RC489.F34,3,unified:dfc33620-db1a-5369-907e-1b93d9f2857a
RC489.F34Z39,1,unified:dfc33620-db1a-5369-907e-1b93d9f2857a
RC489.F35,98,unified:dfc33620-db1a-5369-907e-1b93d9f2857a
RC489.F35.H656,1,unified:dfc33620-db1a-5369-907e-1b93d9f2857a
RC489.F35.W55,1,unified:dfc33620-db1a-5369-907e-1b93d9f2857a
RC489.F35D38,1,unified:dfc33620-db1a-5369-907e-1b93d9f2857a
RC489.F35E635,1,unified:dfc33620-db1a-5369-907e-1b93d9f2857a
RC489.F35F49,1,unified:dfc33620-db1a-5369-907e-1b93d9f2857a
RC489.F35G85,1,unified:dfc33620-db1a-5369-907e-1b93d9f2857a
RC489.F35H36,2,unified:dfc33620-db1a-5369-907e-1b93d9f2857a
RC489.F35I47,1,unified:dfc33620-db1a-5369-907e-1b93d9f2857a
RC489.F35K793,1,unified:dfc33620-db1a-5369-907e-1b93d9f2857a
RC489.F35L385,1,unified:dfc33620-db1a-5369-907e-1b93d9f2857a
RC489.F35L39,1,unified:dfc33620-db1a-5369-907e-1b93d9f2857a
RC489.F35M45,1,unified:dfc33620-db1a-5369-907e-1b93d9f2857a
RC489.F35M5313,1,unified:dfc33620-db1a-5369-907e-1b93d9f2857a
RC489.F35P56,2,unified:dfc33620-db1a-5369-907e-1b93d9f2857a
RC489.F35R66,1,unified:dfc33620-db1a-5369-907e-1b93d9f2857a
RC489.F35R67,1,unified:dfc33620-db1a-5369-907e-1b93d9f2857a
RC489.F35S26,2,unified:dfc33620-db1a-5369-907e-1b93d9f2857a
RC489.F35S27,1,unified:dfc33620-db1a-5369-907e-1b93d9f2857a
RC489.F35S364,2,unified:dfc33620-db1a-5369-907e-1b93d9f2857a
RC489.F35S576,1,unified:dfc33620-db1a-5369-907e-1b93d9f2857a
RC489.F35T73,1,unified:dfc33620-db1a-5369-907e-1b93d9f2857a
RC489.F35W56,2,unified:dfc33620-db1a-5369-907e-1b93d9f2857a
RC489.F3B78,1,unified:dfc33620-db1a-5369-907e-1b93d9f2857a
RC489.F3F7313,1,unified:dfc33620-db1a-5369-907e-1b93d9f2857a
RC489.F42,5,unified:dfc33620-db1a-5369-907e-1b93d9f2857a
RC489.F42A97,2,unified:dfc33620-db1a-5369-907e-1b93d9f2857a
RC489.F42F67,1,unified:dfc33620-db1a-5369-907e-1b93d9f2857a
RC489.F42M58,1,unified:dfc33620-db1a-5369-907e-1b93d9f2857a
RC489.F45,125,unified:dfc33620-db1a-5369-907e-1b93d9f2857a
RC489.F45.C85,1,unified:dfc33620-db1a-5369-907e-1b93d9f2857a
RC489.F45.C87,1,unified:dfc33620-db1a-5369-907e-1b93d9f2857a
RC489.F45.E94,1,unified:dfc33620-db1a-5369-907e-1b93d9f2857a
RC489.F45.F46,1,unified:dfc33620-db1a-5369-907e-1b93d9f2857a
RC489.F45.M54,1,unified:dfc33620-db1a-5369-907e-1b93d9f2857a
RC489.F45.S53,1,unified:dfc33620-db1a-5369-907e-1b93d9f2857a
RC489.F45.W66,1,unified:dfc33620-db1a-5369-907e-1b93d9f2857a
RC489.F45A4,2,unified:dfc33620-db1a-5369-907e-1b93d9f2857a
RC489.F45A85,2,unified:dfc33620-db1a-5369-907e-1b93d9f2857a
RC489.F45B49,1,unified:dfc33620-db1a-5369-907e-1b93d9f2857a
RC489.F45B758,1,unified:dfc33620-db1a-5369-907e-1b93d9f2857a
RC489.F45B77,1,unified:dfc33620-db1a-5369-907e-1b93d9f2857a
RC489.F45C55,2,unified:dfc33620-db1a-5369-907e-1b93d9f2857a
RC489.F45C66,3,unified:dfc33620-db1a-5369-907e-1b93d9f2857a
RC489.F45C85,1,unified:dfc33620-db1a-5369-907e-1b93d9f2857a
RC489.F45D58,2,unified:dfc33620-db1a-5369-907e-1b93d9f2857a
RC489.F45D96,1,unified:dfc33620-db1a-5369-907e-1b93d9f2857a
RC489.F45E56,3,unified:dfc33620-db1a-5369-907e-1b93d9f2857a
RC489.F45E94,1,unified:dfc33620-db1a-5369-907e-1b93d9f2857a
RC489.F45F4,1,unified:dfc33620-db1a-5369-907e-1b93d9f2857a
RC489.F45F44,1,unified:dfc33620-db1a-5369-907e-1b93d9f2857a
RC489.F45F445,1,unified:dfc33620-db1a-5369-907e-1b93d9f2857a
RC489.F45F45,1,unified:dfc33620-db1a-5369-907e-1b93d9f2857a
RC489.F45F456,2,unified:dfc33620-db1a-5369-907e-1b93d9f2857a
RC489.F45F48,2,unified:dfc33620-db1a-5369-907e-1b93d9f2857a
RC489.F45F67,2,unified:dfc33620-db1a-5369-907e-1b93d9f2857a
RC489.F45F68,2,unified:dfc33620-db1a-5369-907e-1b93d9f2857a
RC489.F45F76,2,unified:dfc33620-db1a-5369-907e-1b93d9f2857a
RC489.F45G85,1,unified:dfc33620-db1a-5369-907e-1b93d9f2857a
RC489.F45H36,1,unified:dfc33620-db1a-5369-907e-1b93d9f2857a
RC489.F45H46,1,unified:dfc33620-db1a-5369-907e-1b93d9f2857a
RC489.F45K27,1,unified:dfc33620-db1a-5369-907e-1b93d9f2857a
RC489.F45L35,1,unified:dfc33620-db1a-5369-907e-1b93d9f2857a
RC489.F45L43,2,unified:dfc33620-db1a-5369-907e-1b93d9f2857a
RC489.F45M37,1,unified:dfc33620-db1a-5369-907e-1b93d9f2857a
RC489.F45M54,2,unified:dfc33620-db1a-5369-907e-1b93d9f2857a
RC489.F45M85,1,unified:dfc33620-db1a-5369-907e-1b93d9f2857a
RC489.F45N495,1,unified:dfc33620-db1a-5369-907e-1b93d9f2857a
RC489.F45P34,1,unified:dfc33620-db1a-5369-907e-1b93d9f2857a
RC489.F45P78,1,unified:dfc33620-db1a-5369-907e-1b93d9f2857a
RC489.F45R44,1,unified:dfc33620-db1a-5369-907e-1b93d9f2857a
RC489.F45R48,1,unified:dfc33620-db1a-5369-907e-1b93d9f2857a
RC489.F45S53,1,unified:dfc33620-db1a-5369-907e-1b93d9f2857a
RC489.F45T7,1,unified:dfc33620-db1a-5369-907e-1b93d9f2857a
RC489.F45V65,2,unified:dfc33620-db1a-5369-907e-1b93d9f2857a
RC489.F45W66,1,unified:dfc33620-db1a-5369-907e-1b93d9f2857a
RC489.F45W664,1,unified:dfc33620-db1a-5369-907e-1b93d9f2857a
RC489.F45W67,1,unified:dfc33620-db1a-5369-907e-1b93d9f2857a
RC489.F45W68,1,unified:dfc33620-db1a-5369-907e-1b93d9f2857a
RC489.F45W69,3,unified:dfc33620-db1a-5369-907e-1b93d9f2857a
RC489.F62,51,unified:dfc33620-db1a-5369-907e-1b93d9f2857a
RC489.F62.E35,4,unified:dfc33620-db1a-5369-907e-1b93d9f2857a
RC489.F62.E447,1,unified:dfc33620-db1a-5369-907e-1b93d9f2857a
RC489.F62.S73,1,unified:dfc33620-db1a-5369-907e-1b93d9f2857a
RC489.F62A54,1,unified:dfc33620-db1a-5369-907e-1b93d9f2857a
RC489.F62B78,1,unified:dfc33620-db1a-5369-907e-1b93d9f2857a
RC489.F62B783,2,unified:dfc33620-db1a-5369-907e-1b93d9f2857a
RC489.F62C48,1,unified:dfc33620-db1a-5369-907e-1b93d9f2857a
RC489.F62C55,1,unified:dfc33620-db1a-5369-907e-1b93d9f2857a
RC489.F62C65,4,unified:dfc33620-db1a-5369-907e-1b93d9f2857a
RC489.F62C67,1,unified:dfc33620-db1a-5369-907e-1b93d9f2857a
RC489.F62E97,2,unified:dfc33620-db1a-5369-907e-1b93d9f2857a
RC489.F62G46,2,unified:dfc33620-db1a-5369-907e-1b93d9f2857a
RC489.F62G55,1,unified:dfc33620-db1a-5369-907e-1b93d9f2857a
RC489.F62G65,1,unified:dfc33620-db1a-5369-907e-1b93d9f2857a
RC489.F62G736,1,unified:dfc33620-db1a-5369-907e-1b93d9f2857a
RC489.F62G737,1,unified:dfc33620-db1a-5369-907e-1b93d9f2857a
RC489.F62G739,2,unified:dfc33620-db1a-5369-907e-1b93d9f2857a
RC489.F62H37,1,unified:dfc33620-db1a-5369-907e-1b93d9f2857a
RC489.F62K83,2,unified:dfc33620-db1a-5369-907e-1b93d9f2857a
RC489.F62L34,1,unified:dfc33620-db1a-5369-907e-1b93d9f2857a
RC489.F62L43,1,unified:dfc33620-db1a-5369-907e-1b93d9f2857a
RC489.F62N48,1,unified:dfc33620-db1a-5369-907e-1b93d9f2857a
RC489.F62N49,1,unified:dfc33620-db1a-5369-907e-1b93d9f2857a
RC489.F62P35,1,unified:dfc33620-db1a-5369-907e-1b93d9f2857a
RC489.F62P48,2,unified:dfc33620-db1a-5369-907e-1b93d9f2857a
RC489.F62P69,2,unified:dfc33620-db1a-5369-907e-1b93d9f2857a
RC489.F62T56,1,unified:dfc33620-db1a-5369-907e-1b93d9f2857a
RC489.F62V39,1,unified:dfc33620-db1a-5369-907e-1b93d9f2857a
RC489.F62V392,2,unified:dfc33620-db1a-5369-907e-1b93d9f2857a
RC489.F64,10,unified:dfc33620-db1a-5369-907e-1b93d9f2857a
RC489.F64M43,1,unified:dfc33620-db1a-5369-907e-1b93d9f2857a
RC489.F67,8,unified:dfc33620-db1a-5369-907e-1b93d9f2857a
RC489.F67.E57,1,unified:dfc33620-db1a-5369-907e-1b93d9f2857a
RC489.F67D87,1,unified:dfc33620-db1a-5369-907e-1b93d9f2857a
RC489.F67E57,1,unified:dfc33620-db1a-5369-907e-1b93d9f2857a
RC489.F67S74,2,unified:dfc33620-db1a-5369-907e-1b93d9f2857a
RC489.G4,205,unified:dfc33620-db1a-5369-907e-1b93d9f2857a
RC489.G4.K476,1,unified:dfc33620-db1a-5369-907e-1b93d9f2857a
RC489.G4.W44,1,unified:dfc33620-db1a-5369-907e-1b93d9f2857a
RC489.G4B76,1,unified:dfc33620-db1a-5369-907e-1b93d9f2857a
RC489.G4C539,1,unified:dfc33620-db1a-5369-907e-1b93d9f2857a
RC489.G4C54,2,unified:dfc33620-db1a-5369-907e-1b93d9f2857a
RC489.G4C65,2,unified:dfc33620-db1a-5369-907e-1b93d9f2857a
RC489.G4G4837,1,unified:dfc33620-db1a-5369-907e-1b93d9f2857a
RC489.G4G4845,1,unified:dfc33620-db1a-5369-907e-1b93d9f2857a
RC489.G4G485,1,unified:dfc33620-db1a-5369-907e-1b93d9f2857a
RC489.G4G48525,1,unified:dfc33620-db1a-5369-907e-1b93d9f2857a
RC489.G4G486,1,unified:dfc33620-db1a-5369-907e-1b93d9f2857a
RC489.G4G88,1,unified:dfc33620-db1a-5369-907e-1b93d9f2857a
RC489.G4H38,1,unified:dfc33620-db1a-5369-907e-1b93d9f2857a
RC489.G4H687,1,unified:dfc33620-db1a-5369-907e-1b93d9f2857a
RC489.G4J69,1,unified:dfc33620-db1a-5369-907e-1b93d9f2857a
RC489.G4K47,4,unified:dfc33620-db1a-5369-907e-1b93d9f2857a
RC489.G4K56,2,unified:dfc33620-db1a-5369-907e-1b93d9f2857a
RC489.G4K67,1,unified:dfc33620-db1a-5369-907e-1b93d9f2857a
RC489.G4L87,1,unified:dfc33620-db1a-5369-907e-1b93d9f2857a
RC489.G4M33,1,unified:dfc33620-db1a-5369-907e-1b93d9f2857a
RC489.G4M355,3,unified:dfc33620-db1a-5369-907e-1b93d9f2857a
RC489.G4N37,1,unified:dfc33620-db1a-5369-907e-1b93d9f2857a
RC489.G4N48,1,unified:dfc33620-db1a-5369-907e-1b93d9f2857a
RC489.G4P63,2,unified:dfc33620-db1a-5369-907e-1b93d9f2857a
RC489.G4P7913,2,unified:dfc33620-db1a-5369-907e-1b93d9f2857a
RC489.G4R45,2,unified:dfc33620-db1a-5369-907e-1b93d9f2857a
RC489.G4S76,1,unified:dfc33620-db1a-5369-907e-1b93d9f2857a
RC489.G4W44,2,unified:dfc33620-db1a-5369-907e-1b93d9f2857a
RC489.G4Z56,1,unified:dfc33620-db1a-5369-907e-1b93d9f2857a
RC489.H64,6,unified:dfc33620-db1a-5369-907e-1b93d9f2857a
RC489.H64.S56,1,unified:dfc33620-db1a-5369-907e-1b93d9f2857a
RC489.H64S56,3,unified:dfc33620-db1a-5369-907e-1b93d9f2857a
RC489.H85,24,unified:dfc33620-db1a-5369-907e-1b93d9f2857a
RC489.H85.M67,1,unified:dfc33620-db1a-5369-907e-1b93d9f2857a
RC489.H85K84,1,unified:dfc33620-db1a-5369-907e-1b93d9f2857a
RC489.H85R38,2,unified:dfc33620-db1a-5369-907e-1b93d9f2857a
RC489.H85S77,1,unified:dfc33620-db1a-5369-907e-1b93d9f2857a
RC489.H85W37,3,unified:dfc33620-db1a-5369-907e-1b93d9f2857a
RC489.I45,20,unified:dfc33620-db1a-5369-907e-1b93d9f2857a
RC489.I45D86,1,unified:dfc33620-db1a-5369-907e-1b93d9f2857a
RC489.I45E45,1,unified:dfc33620-db1a-5369-907e-1b93d9f2857a
RC489.I45H36,1,unified:dfc33620-db1a-5369-907e-1b93d9f2857a
RC489.I45L45,3,unified:dfc33620-db1a-5369-907e-1b93d9f2857a
RC489.I45O47,1,unified:dfc33620-db1a-5369-907e-1b93d9f2857a
RC489.I45S25,1,unified:dfc33620-db1a-5369-907e-1b93d9f2857a
RC489.I45S77,1,unified:dfc33620-db1a-5369-907e-1b93d9f2857a
RC489.I45W44,1,unified:dfc33620-db1a-5369-907e-1b93d9f2857a
RC489.I54,26,unified:dfc33620-db1a-5369-907e-1b93d9f2857a
RC489.I54D47,1,unified:dfc33620-db1a-5369-907e-1b93d9f2857a
RC489.I54D54,1,unified:dfc33620-db1a-5369-907e-1b93d9f2857a
RC489.I54F56,1,unified:dfc33620-db1a-5369-907e-1b93d9f2857a
RC489.I54M67,2,unified:dfc33620-db1a-5369-907e-1b93d9f2857a
RC489.I54P82,1,unified:dfc33620-db1a-5369-907e-1b93d9f2857a
RC489.I54S73,1,unified:dfc33620-db1a-5369-907e-1b93d9f2857a
RC489.I54T44,2,unified:dfc33620-db1a-5369-907e-1b93d9f2857a
RC489.I55,29,unified:dfc33620-db1a-5369-907e-1b93d9f2857a
RC489.I55.D496,1,unified:dfc33620-db1a-5369-907e-1b93d9f2857a
RC489.I55A23,1,unified:dfc33620-db1a-5369-907e-1b93d9f2857a
RC489.I55C37,1,unified:dfc33620-db1a-5369-907e-1b93d9f2857a
RC489.I55C555,3,unified:dfc33620-db1a-5369-907e-1b93d9f2857a
RC489.I55D495,3,unified:dfc33620-db1a-5369-907e-1b93d9f2857a
RC489.I55D498,1,unified:dfc33620-db1a-5369-907e-1b93d9f2857a
RC489.I55F73,1,unified:dfc33620-db1a-5369-907e-1b93d9f2857a
RC489.I55H65,2,unified:dfc33620-db1a-5369-907e-1b93d9f2857a
RC489.I55I58,1,unified:dfc33620-db1a-5369-907e-1b93d9f2857a
RC489.I55M34,1,unified:dfc33620-db1a-5369-907e-1b93d9f2857a
RC489.I55M347,1,unified:dfc33620-db1a-5369-907e-1b93d9f2857a
RC489.I55M35,1,unified:dfc33620-db1a-5369-907e-1b93d9f2857a
RC489.I55P56,1,unified:dfc33620-db1a-5369-907e-1b93d9f2857a
RC489.I55R45,2,unified:dfc33620-db1a-5369-907e-1b93d9f2857a
RC489.I55S785,1,unified:dfc33620-db1a-5369-907e-1b93d9f2857a
RC489.I55S88,1,unified:dfc33620-db1a-5369-907e-1b93d9f2857a
RC489.I55W33,2,unified:dfc33620-db1a-5369-907e-1b93d9f2857a
RC489.I57,10,unified:dfc33620-db1a-5369-907e-1b93d9f2857a
RC489.I57L48,1,unified:dfc33620-db1a-5369-907e-1b93d9f2857a
RC489.I57R83,1,unified:dfc33620-db1a-5369-907e-1b93d9f2857a
RC489.I57U84,1,unified:dfc33620-db1a-5369-907e-1b93d9f2857a
RC489.L6,121,unified:dfc33620-db1a-5369-907e-1b93d9f2857a
RC489.L6B54,1,unified:dfc33620-db1a-5369-907e-1b93d9f2857a
RC489.L6B85,1,unified:dfc33620-db1a-5369-907e-1b93d9f2857a
RC489.L6E95,1,unified:dfc33620-db1a-5369-907e-1b93d9f2857a
RC489.L6F56,1,unified:dfc33620-db1a-5369-907e-1b93d9f2857a
RC489.L6F6913,2,unified:dfc33620-db1a-5369-907e-1b93d9f2857a
RC489.L6F695,1,unified:dfc33620-db1a-5369-907e-1b93d9f2857a
RC489.L6F698,1,unified:dfc33620-db1a-5369-907e-1b93d9f2857a
RC489.L6G88,1,unified:dfc33620-db1a-5369-907e-1b93d9f2857a
RC489.L6L8313,3,unified:dfc33620-db1a-5369-907e-1b93d9f2857a
RC489.L6P38,3,unified:dfc33620-db1a-5369-907e-1b93d9f2857a
RC489.L6S64,1,unified:dfc33620-db1a-5369-907e-1b93d9f2857a
RC489.L6T46,1,unified:dfc33620-db1a-5369-907e-1b93d9f2857a
RC489.M42,4,unified:dfc33620-db1a-5369-907e-1b93d9f2857a
RC489.M42Z33,1,unified:dfc33620-db1a-5369-907e-1b93d9f2857a
RC489.M43,106,unified:dfc33620-db1a-5369-907e-1b93d9f2857a
RC489.M43.F437,1,unified:dfc33620-db1a-5369-907e-1b93d9f2857a
RC489.M43.S86,1,unified:dfc33620-db1a-5369-907e-1b93d9f2857a
RC489.M43A12,1,unified:dfc33620-db1a-5369-907e-1b93d9f2857a
RC489.M43A43,1,unified:dfc33620-db1a-5369-907e-1b93d9f2857a
RC489.M43A44,1,unified:dfc33620-db1a-5369-907e-1b93d9f2857a
RC489.M43B4613,1,unified:dfc33620-db1a-5369-907e-1b93d9f2857a
RC489.M43E24,1,unified:dfc33620-db1a-5369-907e-1b93d9f2857a
RC489.M43E48,1,unified:dfc33620-db1a-5369-907e-1b93d9f2857a
RC489.M43E75,1,unified:dfc33620-db1a-5369-907e-1b93d9f2857a
RC489.M43F67,2,unified:dfc33620-db1a-5369-907e-1b93d9f2857a
RC489.M43G39,1,unified:dfc33620-db1a-5369-907e-1b93d9f2857a
RC489.M43G78,1,unified:dfc33620-db1a-5369-907e-1b93d9f2857a
RC489.M43H35,1,unified:dfc33620-db1a-5369-907e-1b93d9f2857a
RC489.M43H37,2,unified:dfc33620-db1a-5369-907e-1b93d9f2857a
RC489.M43H43,1,unified:dfc33620-db1a-5369-907e-1b93d9f2857a
RC489.M43H53,3,unified:dfc33620-db1a-5369-907e-1b93d9f2857a
RC489.M43H57,1,unified:dfc33620-db1a-5369-907e-1b93d9f2857a
RC489.M43K743,1,unified:dfc33620-db1a-5369-907e-1b93d9f2857a
RC489.M43L38,2,unified:dfc33620-db1a-5369-907e-1b93d9f2857a
RC489.M43L6713,1,unified:dfc33620-db1a-5369-907e-1b93d9f2857a
RC489.M43M33,1,unified:dfc33620-db1a-5369-907e-1b93d9f2857a
RC489.M43M4,1,unified:dfc33620-db1a-5369-907e-1b93d9f2857a
RC489.M43M43,2,unified:dfc33620-db1a-5369-907e-1b93d9f2857a
RC489.M43M56,2,unified:dfc33620-db1a-5369-907e-1b93d9f2857a
RC489.M43M785,2,unified:dfc33620-db1a-5369-907e-1b93d9f2857a
RC489.M43O33,1,unified:dfc33620-db1a-5369-907e-1b93d9f2857a
RC489.M43O93,1,unified:dfc33620-db1a-5369-907e-1b93d9f2857a
RC489.M43P49,1,unified:dfc33620-db1a-5369-907e-1b93d9f2857a
RC489.M43P74,1,unified:dfc33620-db1a-5369-907e-1b93d9f2857a
RC489.M43R334,1,unified:dfc33620-db1a-5369-907e-1b93d9f2857a
RC489.M43R66,1,unified:dfc33620-db1a-5369-907e-1b93d9f2857a
RC489.M43R67,2,unified:dfc33620-db1a-5369-907e-1b93d9f2857a
RC489.M43S528,1,unified:dfc33620-db1a-5369-907e-1b93d9f2857a
RC489.M43S557,1,unified:dfc33620-db1a-5369-907e-1b93d9f2857a
RC489.M43S56,1,unified:dfc33620-db1a-5369-907e-1b93d9f2857a
RC489.M43W447,1,unified:dfc33620-db1a-5369-907e-1b93d9f2857a
RC489.M43W45,1,unified:dfc33620-db1a-5369-907e-1b93d9f2857a
RC489.M43W495,1,unified:dfc33620-db1a-5369-907e-1b93d9f2857a
RC489.M43W557,1,unified:dfc33620-db1a-5369-907e-1b93d9f2857a
RC489.M46,8,unified:dfc33620-db1a-5369-907e-1b93d9f2857a
RC489.M46F57,2,unified:dfc33620-db1a-5369-907e-1b93d9f2857a
RC489.M46P3713,1,unified:dfc33620-db1a-5369-907e-1b93d9f2857a
RC489.M46W45,3,unified:dfc33620-db1a-5369-907e-1b93d9f2857a
RC489.M47,25,unified:dfc33620-db1a-5369-907e-1b93d9f2857a
RC489.M47.B368,1,unified:dfc33620-db1a-5369-907e-1b93d9f2857a
RC489.M47.B37,1,unified:dfc33620-db1a-5369-907e-1b93d9f2857a
RC489.M47.K67,1,unified:dfc33620-db1a-5369-907e-1b93d9f2857a
RC489.M47.L36,1,unified:dfc33620-db1a-5369-907e-1b93d9f2857a
RC489.M47.M354,1,unified:dfc33620-db1a-5369-907e-1b93d9f2857a
RC489.M47B368,1,unified:dfc33620-db1a-5369-907e-1b93d9f2857a
RC489.M47C58,1,unified:dfc33620-db1a-5369-907e-1b93d9f2857a
RC489.M47C66,1,unified:dfc33620-db1a-5369-907e-1b93d9f2857a
RC489.M47K67,1,unified:dfc33620-db1a-5369-907e-1b93d9f2857a
RC489.M47L36,1,unified:dfc33620-db1a-5369-907e-1b93d9f2857a
RC489.M47L68,2,unified:dfc33620-db1a-5369-907e-1b93d9f2857a
RC489.M47P43,1,unified:dfc33620-db1a-5369-907e-1b93d9f2857a
RC489.M47S54,1,unified:dfc33620-db1a-5369-907e-1b93d9f2857a
RC489.M5,28,unified:dfc33620-db1a-5369-907e-1b93d9f2857a
RC489.M5.T76,1,unified:dfc33620-db1a-5369-907e-1b93d9f2857a
RC489.M53,208,unified:dfc33620-db1a-5369-907e-1b93d9f2857a
RC489.M53A255,2,unified:dfc33620-db1a-5369-907e-1b93d9f2857a
RC489.M53A53,1,unified:dfc33620-db1a-5369-907e-1b93d9f2857a
RC489.M53A56,1,unified:dfc33620-db1a-5369-907e-1b93d9f2857a
RC489.M53A667,1,unified:dfc33620-db1a-5369-907e-1b93d9f2857a
RC489.M53B33,2,unified:dfc33620-db1a-5369-907e-1b93d9f2857a
RC489.M53B63,1,unified:dfc33620-db1a-5369-907e-1b93d9f2857a
RC489.M53B636,1,unified:dfc33620-db1a-5369-907e-1b93d9f2857a
RC489.M53B64,1,unified:dfc33620-db1a-5369-907e-1b93d9f2857a
RC489.M53B6513,1,unified:dfc33620-db1a-5369-907e-1b93d9f2857a
RC489.M53B66,1,unified:dfc33620-db1a-5369-907e-1b93d9f2857a
RC489.M53B67,3,unified:dfc33620-db1a-5369-907e-1b93d9f2857a
RC489.M53B6913,1,unified:dfc33620-db1a-5369-907e-1b93d9f2857a
RC489.M53B755,1,unified:dfc33620-db1a-5369-907e-1b93d9f2857a
RC489.M53B756,1,unified:dfc33620-db1a-5369-907e-1b93d9f2857a
RC489.M53B76,1,unified:dfc33620-db1a-5369-907e-1b93d9f2857a
RC489.M53C34,1,unified:dfc33620-db1a-5369-907e-1b93d9f2857a
RC489.M53C35,1,unified:dfc33620-db1a-5369-907e-1b93d9f2857a
RC489.M53C66,1,unified:dfc33620-db1a-5369-907e-1b93d9f2857a
RC489.M53C665,1,unified:dfc33620-db1a-5369-907e-1b93d9f2857a
RC489.M53C68,2,unified:dfc33620-db1a-5369-907e-1b93d9f2857a
RC489.M53C85,1,unified:dfc33620-db1a-5369-907e-1b93d9f2857a
RC489.M53D525,1,unified:dfc33620-db1a-5369-907e-1b93d9f2857a
RC489.M53E93,1,unified:dfc33620-db1a-5369-907e-1b93d9f2857a
RC489.M53E95,2,unified:dfc33620-db1a-5369-907e-1b93d9f2857a
RC489.M53E97,1,unified:dfc33620-db1a-5369-907e-1b93d9f2857a
RC489.M53F47,1,unified:dfc33620-db1a-5369-907e-1b93d9f2857a
RC489.M53G47,1,unified:dfc33620-db1a-5369-907e-1b93d9f2857a
RC489.M53G76,1,unified:dfc33620-db1a-5369-907e-1b93d9f2857a
RC489.M53H353,1,unified:dfc33620-db1a-5369-907e-1b93d9f2857a
RC489.M53H4513,1,unified:dfc33620-db1a-5369-907e-1b93d9f2857a
RC489.M53H679,1,unified:dfc33620-db1a-5369-907e-1b93d9f2857a
RC489.M53H68,1,unified:dfc33620-db1a-5369-907e-1b93d9f2857a
RC489.M53H96,1,unified:dfc33620-db1a-5369-907e-1b93d9f2857a
RC489.M53K37012,1,unified:dfc33620-db1a-5369-907e-1b93d9f2857a
RC489.M53K63,1,unified:dfc33620-db1a-5369-907e-1b93d9f2857a
RC489.M53K675,1,unified:dfc33620-db1a-5369-907e-1b93d9f2857a
RC489.M53K67613,2,unified:dfc33620-db1a-5369-907e-1b93d9f2857a
RC489.M53K88,2,unified:dfc33620-db1a-5369-907e-1b93d9f2857a
RC489.M53L33,1,unified:dfc33620-db1a-5369-907e-1b93d9f2857a
RC489.M53M36,1,unified:dfc33620-db1a-5369-907e-1b93d9f2857a
RC489.M53M37,1,unified:dfc33620-db1a-5369-907e-1b93d9f2857a
RC489.M53M3748,1,unified:dfc33620-db1a-5369-907e-1b93d9f2857a
RC489.M53M55,1,unified:dfc33620-db1a-5369-907e-1b93d9f2857a
RC489.M53M56,1,unified:dfc33620-db1a-5369-907e-1b93d9f2857a
RC489.M53N49,1,unified:dfc33620-db1a-5369-907e-1b93d9f2857a
RC489.M53N86,4,unified:dfc33620-db1a-5369-907e-1b93d9f2857a
RC489.M53O3413,1,unified:dfc33620-db1a-5369-907e-1b93d9f2857a
RC489.M53O35,1,unified:dfc33620-db1a-5369-907e-1b93d9f2857a
RC489.M53O353,1,unified:dfc33620-db1a-5369-907e-1b93d9f2857a
RC489.M53O83,1,unified:dfc33620-db1a-5369-907e-1b93d9f2857a
RC489.M53P43,1,unified:dfc33620-db1a-5369-907e-1b93d9f2857a
RC489.M53P435,1,unified:dfc33620-db1a-5369-907e-1b93d9f2857a
RC489.M53P475,1,unified:dfc33620-db1a-5369-907e-1b93d9f2857a
RC489.M53P48,1,unified:dfc33620-db1a-5369-907e-1b93d9f2857a
RC489.M53R33,1,unified:dfc33620-db1a-5369-907e-1b93d9f2857a
RC489.M53R68,3,unified:dfc33620-db1a-5369-907e-1b93d9f2857a
RC489.M53R682,1,unified:dfc33620-db1a-5369-907e-1b93d9f2857a
RC489.M53R683,2,unified:dfc33620-db1a-5369-907e-1b93d9f2857a
RC489.M53R98,1,unified:dfc33620-db1a-5369-907e-1b93d9f2857a
RC489.M53S36813,2,unified:dfc33620-db1a-5369-907e-1b93d9f2857a
RC489.M53S45,2,unified:dfc33620-db1a-5369-907e-1b93d9f2857a
RC489.M53S535,1,unified:dfc33620-db1a-5369-907e-1b93d9f2857a
RC489.M53S54,1,unified:dfc33620-db1a-5369-907e-1b93d9f2857a
RC489.M53S57,1,unified:dfc33620-db1a-5369-907e-1b93d9f2857a
RC489.M53T39,1,unified:dfc33620-db1a-5369-907e-1b93d9f2857a
RC489.M53T45,1,unified:dfc33620-db1a-5369-907e-1b93d9f2857a
RC489.M53T63,1,unified:dfc33620-db1a-5369-907e-1b93d9f2857a
RC489.M53T68,2,unified:dfc33620-db1a-5369-907e-1b93d9f2857a
RC489.M53T78,1,unified:dfc33620-db1a-5369-907e-1b93d9f2857a
RC489.M53W44,1,unified:dfc33620-db1a-5369-907e-1b93d9f2857a
RC489.M55,97,unified:dfc33620-db1a-5369-907e-1b93d9f2857a
RC489.M55.C65,1,unified:dfc33620-db1a-5369-907e-1b93d9f2857a
RC489.M55.M378,1,unified:dfc33620-db1a-5369-907e-1b93d9f2857a
RC489.M55A33,1,unified:dfc33620-db1a-5369-907e-1b93d9f2857a
RC489.M55A45,1,unified:dfc33620-db1a-5369-907e-1b93d9f2857a
RC489.M55A47,1,unified:dfc33620-db1a-5369-907e-1b93d9f2857a
RC489.M55A87,1,unified:dfc33620-db1a-5369-907e-1b93d9f2857a
RC489.M55B87,1,unified:dfc33620-db1a-5369-907e-1b93d9f2857a
RC489.M55C38,1,unified:dfc33620-db1a-5369-907e-1b93d9f2857a
RC489.M55C6,1,unified:dfc33620-db1a-5369-907e-1b93d9f2857a
RC489.M55C67,2,unified:dfc33620-db1a-5369-907e-1b93d9f2857a
RC489.M55C73,4,unified:dfc33620-db1a-5369-907e-1b93d9f2857a
RC489.M55D38,1,unified:dfc33620-db1a-5369-907e-1b93d9f2857a
RC489.M55D86,4,unified:dfc33620-db1a-5369-907e-1b93d9f2857a
RC489.M55G45,2,unified:dfc33620-db1a-5369-907e-1b93d9f2857a
RC489.M55H56,1,unified:dfc33620-db1a-5369-907e-1b93d9f2857a
RC489.M55K69,2,unified:dfc33620-db1a-5369-907e-1b93d9f2857a
RC489.M55L33,1,unified:dfc33620-db1a-5369-907e-1b93d9f2857a
RC489.M55L43,2,unified:dfc33620-db1a-5369-907e-1b93d9f2857a
RC489.M55M35,1,unified:dfc33620-db1a-5369-907e-1b93d9f2857a
RC489.M55M56,1,unified:dfc33620-db1a-5369-907e-1b93d9f2857a
RC489.M55R639,1,unified:dfc33620-db1a-5369-907e-1b93d9f2857a
RC489.M55R64,2,unified:dfc33620-db1a-5369-907e-1b93d9f2857a
RC489.M55R93,1,unified:dfc33620-db1a-5369-907e-1b93d9f2857a
RC489.M55S42,2,unified:dfc33620-db1a-5369-907e-1b93d9f2857a
RC489.M55S54,1,unified:dfc33620-db1a-5369-907e-1b93d9f2857a
RC489.M55S636,1,unified:dfc33620-db1a-5369-907e-1b93d9f2857a
RC489.M55S6363,1,unified:dfc33620-db1a-5369-907e-1b93d9f2857a
RC489.M55W47,1,unified:dfc33620-db1a-5369-907e-1b93d9f2857a
RC489.M55W5,2,unified:dfc33620-db1a-5369-907e-1b93d9f2857a
RC489.M55W55,1,unified:dfc33620-db1a-5369-907e-1b93d9f2857a
RC489.M55W57,2,unified:dfc33620-db1a-5369-907e-1b93d9f2857a
RC489.M55W58,1,unified:dfc33620-db1a-5369-907e-1b93d9f2857a
RC489.M55Y37,2,unified:dfc33620-db1a-5369-907e-1b93d9f2857a
RC489.M5A45,1,unified:dfc33620-db1a-5369-907e-1b93d9f2857a
RC489.M5P74,1,unified:dfc33620-db1a-5369-907e-1b93d9f2857a
RC489.M5S68,1,unified:dfc33620-db1a-5369-907e-1b93d9f2857a
RC489.M6,1,unified:dfc33620-db1a-5369-907e-1b93d9f2857a
RC489.M65,30,unified:dfc33620-db1a-5369-907e-1b93d9f2857a
RC489.M654,14,unified:dfc33620-db1a-5369-907e-1b93d9f2857a
RC489.M654H47,3,unified:dfc33620-db1a-5369-907e-1b93d9f2857a
RC489.M655,10,unified:dfc33620-db1a-5369-907e-1b93d9f2857a
RC489.M655.L53,1,unified:dfc33620-db1a-5369-907e-1b93d9f2857a
RC489.M655H36,2,unified:dfc33620-db1a-5369-907e-1b93d9f2857a
RC489.M655L53,1,unified:dfc33620-db1a-5369-907e-1b93d9f2857a
RC489.M655L533,1,unified:dfc33620-db1a-5369-907e-1b93d9f2857a
RC489.M65K6613,1,unified:dfc33620-db1a-5369-907e-1b93d9f2857a
RC489.M65L48,2,unified:dfc33620-db1a-5369-907e-1b93d9f2857a
RC489.M65M642713,1,unified:dfc33620-db1a-5369-907e-1b93d9f2857a
RC489.M65R438,3,unified:dfc33620-db1a-5369-907e-1b93d9f2857a
RC489.M65R45,2,unified:dfc33620-db1a-5369-907e-1b93d9f2857a
RC489.M65R46,2,unified:dfc33620-db1a-5369-907e-1b93d9f2857a
RC489.M65R47,1,unified:dfc33620-db1a-5369-907e-1b93d9f2857a
RC489.M65R48,1,unified:dfc33620-db1a-5369-907e-1b93d9f2857a
RC489.M65R5,1,unified:dfc33620-db1a-5369-907e-1b93d9f2857a
RC489.M65R52,1,unified:dfc33620-db1a-5369-907e-1b93d9f2857a
RC489.M65R53,1,unified:dfc33620-db1a-5369-907e-1b93d9f2857a
RC489.M65R533,1,unified:dfc33620-db1a-5369-907e-1b93d9f2857a
RC489.M66,26,unified:dfc33620-db1a-5369-907e-1b93d9f2857a
RC489.M66G56,1,unified:dfc33620-db1a-5369-907e-1b93d9f2857a
RC489.M66H37,2,unified:dfc33620-db1a-5369-907e-1b93d9f2857a
RC489.M66H63,2,unified:dfc33620-db1a-5369-907e-1b93d9f2857a
RC489.M84,3,unified:dfc33620-db1a-5369-907e-1b93d9f2857a
RC489.M84L387,2,unified:dfc33620-db1a-5369-907e-1b93d9f2857a
RC489.M84L39,1,unified:dfc33620-db1a-5369-907e-1b93d9f2857a
RC489.M85,5,unified:dfc33620-db1a-5369-907e-1b93d9f2857a
RC489.M85C68,1,unified:dfc33620-db1a-5369-907e-1b93d9f2857a
RC489.M85R65,1,unified:dfc33620-db1a-5369-907e-1b93d9f2857a
RC489.M96,6,unified:dfc33620-db1a-5369-907e-1b93d9f2857a
RC489.M96.P43,1,unified:dfc33620-db1a-5369-907e-1b93d9f2857a
RC489.M96G47,2,unified:dfc33620-db1a-5369-907e-1b93d9f2857a
RC489.M96M39,1,unified:dfc33620-db1a-5369-907e-1b93d9f2857a
RC489.N47,41,unified:dfc33620-db1a-5369-907e-1b93d9f2857a
RC489.N47B656,1,unified:dfc33620-db1a-5369-907e-1b93d9f2857a
RC489.N47C55,2,unified:dfc33620-db1a-5369-907e-1b93d9f2857a
RC489.N47G65,1,unified:dfc33620-db1a-5369-907e-1b93d9f2857a
RC489.N47O75,1,unified:dfc33620-db1a-5369-907e-1b93d9f2857a
RC489.N47R43,1,unified:dfc33620-db1a-5369-907e-1b93d9f2857a
RC489.N47W35,3,unified:dfc33620-db1a-5369-907e-1b93d9f2857a
RC489.N65,6,unified:dfc33620-db1a-5369-907e-1b93d9f2857a
RC489.N65N66,2,unified:dfc33620-db1a-5369-907e-1b93d9f2857a
RC489.N65W47,1,unified:dfc33620-db1a-5369-907e-1b93d9f2857a
RC489.N83,1,unified:dfc33620-db1a-5369-907e-1b93d9f2857a
RC489.O24,1,unified:dfc33620-db1a-5369-907e-1b93d9f2857a
RC489.O24S45,1,unified:dfc33620-db1a-5369-907e-1b93d9f2857a
RC489.O25,34,unified:dfc33620-db1a-5369-907e-1b93d9f2857a
RC489.O25.S86,1,unified:dfc33620-db1a-5369-907e-1b93d9f2857a
RC489.O25F73,1,unified:dfc33620-db1a-5369-907e-1b93d9f2857a
RC489.O25F76,1,unified:dfc33620-db1a-5369-907e-1b93d9f2857a
RC489.O25G58,2,unified:dfc33620-db1a-5369-907e-1b93d9f2857a
RC489.O25H36,1,unified:dfc33620-db1a-5369-907e-1b93d9f2857a
RC489.O25H43,1,unified:dfc33620-db1a-5369-907e-1b93d9f2857a
RC489.O25H67,1,unified:dfc33620-db1a-5369-907e-1b93d9f2857a
RC489.O25H674,1,unified:dfc33620-db1a-5369-907e-1b93d9f2857a
RC489.O25R54,2,unified:dfc33620-db1a-5369-907e-1b93d9f2857a
RC489.O25S338,1,unified:dfc33620-db1a-5369-907e-1b93d9f2857a
RC489.O25S34,1,unified:dfc33620-db1a-5369-907e-1b93d9f2857a
RC489.O25S45,1,unified:dfc33620-db1a-5369-907e-1b93d9f2857a
RC489.O25S86,1,unified:dfc33620-db1a-5369-907e-1b93d9f2857a
RC489.P37,4,unified:dfc33620-db1a-5369-907e-1b93d9f2857a
RC489.P37P76,1,unified:dfc33620-db1a-5369-907e-1b93d9f2857a
RC489.P46,35,unified:dfc33620-db1a-5369-907e-1b93d9f2857a
RC489.P46A38,1,unified:dfc33620-db1a-5369-907e-1b93d9f2857a
RC489.P46B38,1,unified:dfc33620-db1a-5369-907e-1b93d9f2857a
RC489.P46C55,2,unified:dfc33620-db1a-5369-907e-1b93d9f2857a
RC489.P46C66,1,unified:dfc33620-db1a-5369-907e-1b93d9f2857a
RC489.P46G547,1,unified:dfc33620-db1a-5369-907e-1b93d9f2857a
RC489.P46N37,1,unified:dfc33620-db1a-5369-907e-1b93d9f2857a
RC489.P46N45,2,unified:dfc33620-db1a-5369-907e-1b93d9f2857a
RC489.P46O44,1,unified:dfc33620-db1a-5369-907e-1b93d9f2857a
RC489.P46P37,1,unified:dfc33620-db1a-5369-907e-1b93d9f2857a
RC489.P46P47,1,unified:dfc33620-db1a-5369-907e-1b93d9f2857a
RC489.P46S7856,1,unified:dfc33620-db1a-5369-907e-1b93d9f2857a
RC489.P46V563,1,unified:dfc33620-db1a-5369-907e-1b93d9f2857a
RC489.P46W56,2,unified:dfc33620-db1a-5369-907e-1b93d9f2857a
RC489.P47,23,unified:dfc33620-db1a-5369-907e-1b93d9f2857a
RC489.P47A55,2,unified:dfc33620-db1a-5369-907e-1b93d9f2857a
RC489.P47C48,7,unified:dfc33620-db1a-5369-907e-1b93d9f2857a
RC489.P47C87,1,unified:dfc33620-db1a-5369-907e-1b93d9f2857a
RC489.P47F56,1,unified:dfc33620-db1a-5369-907e-1b93d9f2857a
RC489.P47H69,1,unified:dfc33620-db1a-5369-907e-1b93d9f2857a
RC489.P47L56,1,unified:dfc33620-db1a-5369-907e-1b93d9f2857a
RC489.P54,2,unified:dfc33620-db1a-5369-907e-1b93d9f2857a
RC489.P56,23,unified:dfc33620-db1a-5369-907e-1b93d9f2857a
RC489.P56B47,1,unified:dfc33620-db1a-5369-907e-1b93d9f2857a
RC489.P56C73,1,unified:dfc33620-db1a-5369-907e-1b93d9f2857a
RC489.P56F779,1,unified:dfc33620-db1a-5369-907e-1b93d9f2857a
RC489.P56J33,1,unified:dfc33620-db1a-5369-907e-1b93d9f2857a
RC489.P56P47,1,unified:dfc33620-db1a-5369-907e-1b93d9f2857a
RC489.P56W45,1,unified:dfc33620-db1a-5369-907e-1b93d9f2857a
RC489.P6,44,unified:dfc33620-db1a-5369-907e-1b93d9f2857a
RC489.P67,26,unified:dfc33620-db1a-5369-907e-1b93d9f2857a
RC489.P67A44,1,unified:dfc33620-db1a-5369-907e-1b93d9f2857a
RC489.P67J356,1,unified:dfc33620-db1a-5369-907e-1b93d9f2857a
RC489.P67S7413,1,unified:dfc33620-db1a-5369-907e-1b93d9f2857a
RC489.P68,17,unified:dfc33620-db1a-5369-907e-1b93d9f2857a
RC489.P68B43,1,unified:dfc33620-db1a-5369-907e-1b93d9f2857a
RC489.P68C47,1,unified:dfc33620-db1a-5369-907e-1b93d9f2857a
RC489.P68D98,3,unified:dfc33620-db1a-5369-907e-1b93d9f2857a
RC489.P68N49,3,unified:dfc33620-db1a-5369-907e-1b93d9f2857a
RC489.P68O33,2,unified:dfc33620-db1a-5369-907e-1b93d9f2857a
RC489.P6C453,1,unified:dfc33620-db1a-5369-907e-1b93d9f2857a
RC489.P6G37,2,unified:dfc33620-db1a-5369-907e-1b93d9f2857a
RC489.P6K65,1,unified:dfc33620-db1a-5369-907e-1b93d9f2857a
RC489.P6M39,2,unified:dfc33620-db1a-5369-907e-1b93d9f2857a
RC489.P6M393,5,unified:dfc33620-db1a-5369-907e-1b93d9f2857a
RC489.P6S34,1,unified:dfc33620-db1a-5369-907e-1b93d9f2857a
RC489.P7,314,unified:dfc33620-db1a-5369-907e-1b93d9f2857a
RC489.P7.B55,1,unified:dfc33620-db1a-5369-907e-1b93d9f2857a
RC489.P7.D729,1,unified:dfc33620-db1a-5369-907e-1b93d9f2857a
RC489.P7.D7292,1,unified:dfc33620-db1a-5369-907e-1b93d9f2857a
RC489.P7.D736,1,unified:dfc33620-db1a-5369-907e-1b93d9f2857a
RC489.P7.E476,1,unified:dfc33620-db1a-5369-907e-1b93d9f2857a
RC489.P7.E48,1,unified:dfc33620-db1a-5369-907e-1b93d9f2857a
RC489.P7.H65,1,unified:dfc33620-db1a-5369-907e-1b93d9f2857a
RC489.P7.H833,1,unified:dfc33620-db1a-5369-907e-1b93d9f2857a
RC489.P7.S36,2,unified:dfc33620-db1a-5369-907e-1b93d9f2857a
RC489.P7.S873,1,unified:dfc33620-db1a-5369-907e-1b93d9f2857a
RC489.P7.V84,1,unified:dfc33620-db1a-5369-907e-1b93d9f2857a
RC489.P7.bK87,1,unified:dfc33620-db1a-5369-907e-1b93d9f2857a
RC489.P72,257,unified:dfc33620-db1a-5369-907e-1b93d9f2857a
RC489.P72.B87,1,unified:dfc33620-db1a-5369-907e-1b93d9f2857a
RC489.P72.C48,1,unified:dfc33620-db1a-5369-907e-1b93d9f2857a
RC489.P72.F74,1,unified:dfc33620-db1a-5369-907e-1b93d9f2857a
RC489.P72.H34,1,unified:dfc33620-db1a-5369-907e-1b93d9f2857a
RC489.P72.H65,1,unified:dfc33620-db1a-5369-907e-1b93d9f2857a
RC489.P72.L43,2,unified:dfc33620-db1a-5369-907e-1b93d9f2857a
RC489.P72.L437,1,unified:dfc33620-db1a-5369-907e-1b93d9f2857a
RC489.P72.U84,1,unified:dfc33620-db1a-5369-907e-1b93d9f2857a
RC489.P72A28,1,unified:dfc33620-db1a-5369-907e-1b93d9f2857a
RC489.P72A36,1,unified:dfc33620-db1a-5369-907e-1b93d9f2857a
RC489.P72B3,2,unified:dfc33620-db1a-5369-907e-1b93d9f2857a
RC489.P72B37,2,unified:dfc33620-db1a-5369-907e-1b93d9f2857a
RC489.P72B47,7,unified:dfc33620-db1a-5369-907e-1b93d9f2857a
RC489.P72B52,1,unified:dfc33620-db1a-5369-907e-1b93d9f2857a
RC489.P72B53,1,unified:dfc33620-db1a-5369-907e-1b93d9f2857a
RC489.P72B54,3,unified:dfc33620-db1a-5369-907e-1b93d9f2857a
RC489.P72B67,1,unified:dfc33620-db1a-5369-907e-1b93d9f2857a
RC489.P72B73,3,unified:dfc33620-db1a-5369-907e-1b93d9f2857a
RC489.P72B76,1,unified:dfc33620-db1a-5369-907e-1b93d9f2857a
RC489.P72B87,1,unified:dfc33620-db1a-5369-907e-1b93d9f2857a
RC489.P72C35,2,unified:dfc33620-db1a-5369-907e-1b93d9f2857a
RC489.P72C354,1,unified:dfc33620-db1a-5369-907e-1b93d9f2857a
RC489.P72C48,1,unified:dfc33620-db1a-5369-907e-1b93d9f2857a
RC489.P72C64,1,unified:dfc33620-db1a-5369-907e-1b93d9f2857a
RC489.P72C66,1,unified:dfc33620-db1a-5369-907e-1b93d9f2857a
RC489.P72C87,1,unified:dfc33620-db1a-5369-907e-1b93d9f2857a
RC489.P72D38,1,unified:dfc33620-db1a-5369-907e-1b93d9f2857a
RC489.P72D45,2,unified:dfc33620-db1a-5369-907e-1b93d9f2857a
RC489.P72D49,1,unified:dfc33620-db1a-5369-907e-1b93d9f2857a
RC489.P72D83,2,unified:dfc33620-db1a-5369-907e-1b93d9f2857a
RC489.P72F68,1,unified:dfc33620-db1a-5369-907e-1b93d9f2857a
RC489.P72F74,1,unified:dfc33620-db1a-5369-907e-1b93d9f2857a
RC489.P72G315,2,unified:dfc33620-db1a-5369-907e-1b93d9f2857a
RC489.P72G33,3,unified:dfc33620-db1a-5369-907e-1b93d9f2857a
RC489.P72G39,2,unified:dfc33620-db1a-5369-907e-1b93d9f2857a
RC489.P72G48,1,unified:dfc33620-db1a-5369-907e-1b93d9f2857a
RC489.P72G73,1,unified:dfc33620-db1a-5369-907e-1b93d9f2857a
RC489.P72H34,1,unified:dfc33620-db1a-5369-907e-1b93d9f2857a
RC489.P72H53,1,unified:dfc33620-db1a-5369-907e-1b93d9f2857a
RC489.P72H54,1,unified:dfc33620-db1a-5369-907e-1b93d9f2857a
RC489.P72H64,2,unified:dfc33620-db1a-5369-907e-1b93d9f2857a
RC489.P72H65,2,unified:dfc33620-db1a-5369-907e-1b93d9f2857a
RC489.P72H84,1,unified:dfc33620-db1a-5369-907e-1b93d9f2857a
RC489.P72H87,2,unified:dfc33620-db1a-5369-907e-1b93d9f2857a
RC489.P72I58,1,unified:dfc33620-db1a-5369-907e-1b93d9f2857a
RC489.P72J34,2,unified:dfc33620-db1a-5369-907e-1b93d9f2857a
RC489.P72J343,1,unified:dfc33620-db1a-5369-907e-1b93d9f2857a
RC489.P72J66,1,unified:dfc33620-db1a-5369-907e-1b93d9f2857a
RC489.P72K36,1,unified:dfc33620-db1a-5369-907e-1b93d9f2857a
RC489.P72K68,2,unified:dfc33620-db1a-5369-907e-1b93d9f2857a
RC489.P72L23,1,unified:dfc33620-db1a-5369-907e-1b93d9f2857a
RC489.P72L45,1,unified:dfc33620-db1a-5369-907e-1b93d9f2857a
RC489.P72L48,3,unified:dfc33620-db1a-5369-907e-1b93d9f2857a
RC489.P72L84,1,unified:dfc33620-db1a-5369-907e-1b93d9f2857a
RC489.P72M3325,1,unified:dfc33620-db1a-5369-907e-1b93d9f2857a
RC489.P72M336,2,unified:dfc33620-db1a-5369-907e-1b93d9f2857a
RC489.P72M35,1,unified:dfc33620-db1a-5369-907e-1b93d9f2857a
RC489.P72M46,2,unified:dfc33620-db1a-5369-907e-1b93d9f2857a
RC489.P72N47,1,unified:dfc33620-db1a-5369-907e-1b93d9f2857a
RC489.P72O88,1,unified:dfc33620-db1a-5369-907e-1b93d9f2857a
RC489.P72P56,2,unified:dfc33620-db1a-5369-907e-1b93d9f2857a
RC489.P72P73,2,unified:dfc33620-db1a-5369-907e-1b93d9f2857a
RC489.P72P75,1,unified:dfc33620-db1a-5369-907e-1b93d9f2857a
RC489.P72P78,1,unified:dfc33620-db1a-5369-907e-1b93d9f2857a
RC489.P72P83,1,unified:dfc33620-db1a-5369-907e-1b93d9f2857a
RC489.P72Q83,2,unified:dfc33620-db1a-5369-907e-1b93d9f2857a
RC489.P72R43,1,unified:dfc33620-db1a-5369-907e-1b93d9f2857a
RC489.P72R6,1,unified:dfc33620-db1a-5369-907e-1b93d9f2857a
RC489.P72R83,1,unified:dfc33620-db1a-5369-907e-1b93d9f2857a
RC489.P72S33,2,unified:dfc33620-db1a-5369-907e-1b93d9f2857a
RC489.P72S53,1,unified:dfc33620-db1a-5369-907e-1b93d9f2857a
RC489.P72S66,1,unified:dfc33620-db1a-5369-907e-1b93d9f2857a
RC489.P72S67,2,unified:dfc33620-db1a-5369-907e-1b93d9f2857a
RC489.P72S86,2,unified:dfc33620-db1a-5369-907e-1b93d9f2857a
RC489.P72T48,1,unified:dfc33620-db1a-5369-907e-1b93d9f2857a
RC489.P72T485,1,unified:dfc33620-db1a-5369-907e-1b93d9f2857a
RC489.P72U53,1,unified:dfc33620-db1a-5369-907e-1b93d9f2857a
RC489.P72U77,4,unified:dfc33620-db1a-5369-907e-1b93d9f2857a
RC489.P72U84,2,unified:dfc33620-db1a-5369-907e-1b93d9f2857a
RC489.P72V38,2,unified:dfc33620-db1a-5369-907e-1b93d9f2857a
RC489.P72W35,1,unified:dfc33620-db1a-5369-907e-1b93d9f2857a
RC489.P72W57,1,unified:dfc33620-db1a-5369-907e-1b93d9f2857a
RC489.P73,18,unified:dfc33620-db1a-5369-907e-1b93d9f2857a
RC489.P73F47,1,unified:dfc33620-db1a-5369-907e-1b93d9f2857a
RC489.P73H36,1,unified:dfc33620-db1a-5369-907e-1b93d9f2857a
RC489.P73M34,2,unified:dfc33620-db1a-5369-907e-1b93d9f2857a
RC489.P73R36,1,unified:dfc33620-db1a-5369-907e-1b93d9f2857a
RC489.P74,1,unified:dfc33620-db1a-5369-907e-1b93d9f2857a
RC489.P74P77,1,unified:dfc33620-db1a-5369-907e-1b93d9f2857a
RC489.P76,44,unified:dfc33620-db1a-5369-907e-1b93d9f2857a
RC489.P76.K73,1,unified:dfc33620-db1a-5369-907e-1b93d9f2857a
RC489.P76B763,1,unified:dfc33620-db1a-5369-907e-1b93d9f2857a
RC489.P76F57,1,unified:dfc33620-db1a-5369-907e-1b93d9f2857a
RC489.P76K73,1,unified:dfc33620-db1a-5369-907e-1b93d9f2857a
RC489.P76S73,1,unified:dfc33620-db1a-5369-907e-1b93d9f2857a
RC489.P76W48,3,unified:dfc33620-db1a-5369-907e-1b93d9f2857a
RC489.P7A28,1,unified:dfc33620-db1a-5369-907e-1b93d9f2857a
RC489.P7A472,2,unified:dfc33620-db1a-5369-907e-1b93d9f2857a
RC489.P7A55,1,unified:dfc33620-db1a-5369-907e-1b93d9f2857a
RC489.P7B46,1,unified:dfc33620-db1a-5369-907e-1b93d9f2857a
RC489.P7B47,3,unified:dfc33620-db1a-5369-907e-1b93d9f2857a
RC489.P7B475,2,unified:dfc33620-db1a-5369-907e-1b93d9f2857a
RC489.P7C37,2,unified:dfc33620-db1a-5369-907e-1b93d9f2857a
RC489.P7C38,1,unified:dfc33620-db1a-5369-907e-1b93d9f2857a
RC489.P7C49,1,unified:dfc33620-db1a-5369-907e-1b93d9f2857a
RC489.P7D57,1,unified:dfc33620-db1a-5369-907e-1b93d9f2857a
RC489.P7D65,2,unified:dfc33620-db1a-5369-907e-1b93d9f2857a
RC489.P7D724,2,unified:dfc33620-db1a-5369-907e-1b93d9f2857a
RC489.P7D726,1,unified:dfc33620-db1a-5369-907e-1b93d9f2857a
RC489.P7D728,2,unified:dfc33620-db1a-5369-907e-1b93d9f2857a
RC489.P7D7292,2,unified:dfc33620-db1a-5369-907e-1b93d9f2857a
RC489.P7D75,1,unified:dfc33620-db1a-5369-907e-1b93d9f2857a
RC489.P7D85,1,unified:dfc33620-db1a-5369-907e-1b93d9f2857a
RC489.P7D8713,1,unified:dfc33620-db1a-5369-907e-1b93d9f2857a
RC489.P7E48,1,unified:dfc33620-db1a-5369-907e-1b93d9f2857a
RC489.P7E84,1,unified:dfc33620-db1a-5369-907e-1b93d9f2857a
RC489.P7F657,3,unified:dfc33620-db1a-5369-907e-1b93d9f2857a
RC489.P7G65,1,unified:dfc33620-db1a-5369-907e-1b93d9f2857a
RC489.P7G69,1,unified:dfc33620-db1a-5369-907e-1b93d9f2857a
RC489.P7G693,1,unified:dfc33620-db1a-5369-907e-1b93d9f2857a
RC489.P7H35,1,unified:dfc33620-db1a-5369-907e-1b93d9f2857a
RC489.P7H355,2,unified:dfc33620-db1a-5369-907e-1b93d9f2857a
RC489.P7H43,1,unified:dfc33620-db1a-5369-907e-1b93d9f2857a
RC489.P7H65,1,unified:dfc33620-db1a-5369-907e-1b93d9f2857a
RC489.P7H833,1,unified:dfc33620-db1a-5369-907e-1b93d9f2857a
RC489.P7J445,3,unified:dfc33620-db1a-5369-907e-1b93d9f2857a
RC489.P7J448,1,unified:dfc33620-db1a-5369-907e-1b93d9f2857a
RC489.P7J453,1,unified:dfc33620-db1a-5369-907e-1b93d9f2857a
RC489.P7J66,4,unified:dfc33620-db1a-5369-907e-1b93d9f2857a
RC489.P7K46,2,unified:dfc33620-db1a-5369-907e-1b93d9f2857a
RC489.P7K69,2,unified:dfc33620-db1a-5369-907e-1b93d9f2857a
RC489.P7L327,1,unified:dfc33620-db1a-5369-907e-1b93d9f2857a
RC489.P7L33,1,unified:dfc33620-db1a-5369-907e-1b93d9f2857a
RC489.P7L35,1,unified:dfc33620-db1a-5369-907e-1b93d9f2857a
RC489.P7L36,1,unified:dfc33620-db1a-5369-907e-1b93d9f2857a
RC489.P7L48,2,unified:dfc33620-db1a-5369-907e-1b93d9f2857a
RC489.P7L49,1,unified:dfc33620-db1a-5369-907e-1b93d9f2857a
RC489.P7M395,2,unified:dfc33620-db1a-5369-907e-1b93d9f2857a
RC489.P7M575,2,unified:dfc33620-db1a-5369-907e-1b93d9f2857a
RC489.P7M65,1,unified:dfc33620-db1a-5369-907e-1b93d9f2857a
RC489.P7M67,1,unified:dfc33620-db1a-5369-907e-1b93d9f2857a
RC489.P7N65,2,unified:dfc33620-db1a-5369-907e-1b93d9f2857a
RC489.P7P587,2,unified:dfc33620-db1a-5369-907e-1b93d9f2857a
RC489.P7P745,1,unified:dfc33620-db1a-5369-907e-1b93d9f2857a
RC489.P7P757,2,unified:dfc33620-db1a-5369-907e-1b93d9f2857a
RC489.P7P7594,1,unified:dfc33620-db1a-5369-907e-1b93d9f2857a
RC489.P7P76,1,unified:dfc33620-db1a-5369-907e-1b93d9f2857a
RC489.P7P768,2,unified:dfc33620-db1a-5369-907e-1b93d9f2857a
RC489.P7R5813,1,unified:dfc33620-db1a-5369-907e-1b93d9f2857a
RC489.P7R6,1,unified:dfc33620-db1a-5369-907e-1b93d9f2857a
RC489.P7R68,2,unified:dfc33620-db1a-5369-907e-1b93d9f2857a
RC489.P7S26,2,unified:dfc33620-db1a-5369-907e-1b93d9f2857a
RC489.P7S286,2,unified:dfc33620-db1a-5369-907e-1b93d9f2857a
RC489.P7S63,2,unified:dfc33620-db1a-5369-907e-1b93d9f2857a
RC489.P7S66,2,unified:dfc33620-db1a-5369-907e-1b93d9f2857a
RC489.P7S87,1,unified:dfc33620-db1a-5369-907e-1b93d9f2857a
RC489.P7S873,1,unified:dfc33620-db1a-5369-907e-1b93d9f2857a
RC489.P7T524,1,unified:dfc33620-db1a-5369-907e-1b93d9f2857a
RC489.P7T724,2,unified:dfc33620-db1a-5369-907e-1b93d9f2857a
RC489.P7T73,1,unified:dfc33620-db1a-5369-907e-1b93d9f2857a
RC489.P7W52,1,unified:dfc33620-db1a-5369-907e-1b93d9f2857a
RC489.P7W53,1,unified:dfc33620-db1a-5369-907e-1b93d9f2857a
RC489.P7W54,1,unified:dfc33620-db1a-5369-907e-1b93d9f2857a
RC489.P7W66,2,unified:dfc33620-db1a-5369-907e-1b93d9f2857a
RC489.P7W75,1,unified:dfc33620-db1a-5369-907e-1b93d9f2857a
RC489.P86,4,unified:dfc33620-db1a-5369-907e-1b93d9f2857a
RC489.P86A87,1,unified:dfc33620-db1a-5369-907e-1b93d9f2857a
RC489.Q55M33,1,unified:dfc33620-db1a-5369-907e-1b93d9f2857a
RC489.R24,2,unified:dfc33620-db1a-5369-907e-1b93d9f2857a
RC489.R3,215,unified:dfc33620-db1a-5369-907e-1b93d9f2857a
RC489.R3.E427,1,unified:dfc33620-db1a-5369-907e-1b93d9f2857a
RC489.R3.H36,1,unified:dfc33620-db1a-5369-907e-1b93d9f2857a
RC489.R3.W34,1,unified:dfc33620-db1a-5369-907e-1b93d9f2857a
RC489.R37,27,unified:dfc33620-db1a-5369-907e-1b93d9f2857a
RC489.R37C66,1,unified:dfc33620-db1a-5369-907e-1b93d9f2857a
RC489.R37G547,2,unified:dfc33620-db1a-5369-907e-1b93d9f2857a
RC489.R37M53,1,unified:dfc33620-db1a-5369-907e-1b93d9f2857a
RC489.R37W826,2,unified:dfc33620-db1a-5369-907e-1b93d9f2857a
RC489.R37W8264,1,unified:dfc33620-db1a-5369-907e-1b93d9f2857a
RC489.R37W827,1,unified:dfc33620-db1a-5369-907e-1b93d9f2857a
RC489.R37W828,1,unified:dfc33620-db1a-5369-907e-1b93d9f2857a
RC489.R37W83,1,unified:dfc33620-db1a-5369-907e-1b93d9f2857a
RC489.R39,4,unified:dfc33620-db1a-5369-907e-1b93d9f2857a
RC489.R39A23,1,unified:dfc33620-db1a-5369-907e-1b93d9f2857a
RC489.R3A4,1,unified:dfc33620-db1a-5369-907e-1b93d9f2857a
RC489.R3C64,1,unified:dfc33620-db1a-5369-907e-1b93d9f2857a
RC489.R3D75,1,unified:dfc33620-db1a-5369-907e-1b93d9f2857a
RC489.R3D7524,1,unified:dfc33620-db1a-5369-907e-1b93d9f2857a
RC489.R3D7768,1,unified:dfc33620-db1a-5369-907e-1b93d9f2857a
RC489.R3D777,1,unified:dfc33620-db1a-5369-907e-1b93d9f2857a
RC489.R3D78,2,unified:dfc33620-db1a-5369-907e-1b93d9f2857a
RC489.R3D7863,2,unified:dfc33620-db1a-5369-907e-1b93d9f2857a
RC489.R3D78632,2,unified:dfc33620-db1a-5369-907e-1b93d9f2857a
RC489.R3D7864,1,unified:dfc33620-db1a-5369-907e-1b93d9f2857a
RC489.R3D7866,2,unified:dfc33620-db1a-5369-907e-1b93d9f2857a
RC489.R3D7867,1,unified:dfc33620-db1a-5369-907e-1b93d9f2857a
RC489.R3D7868,4,unified:dfc33620-db1a-5369-907e-1b93d9f2857a
RC489.R3D787,1,unified:dfc33620-db1a-5369-907e-1b93d9f2857a
RC489.R3D7875,1,unified:dfc33620-db1a-5369-907e-1b93d9f2857a
RC489.R3D7879,1,unified:dfc33620-db1a-5369-907e-1b93d9f2857a
RC489.R3D7886,4,unified:dfc33620-db1a-5369-907e-1b93d9f2857a
RC489.R3D7887,1,unified:dfc33620-db1a-5369-907e-1b93d9f2857a
RC489.R3D7888,6,unified:dfc33620-db1a-5369-907e-1b93d9f2857a
RC489.R3D789,3,unified:dfc33620-db1a-5369-907e-1b93d9f2857a
RC489.R3D7895,2,unified:dfc33620-db1a-5369-907e-1b93d9f2857a
RC489.R3D79,1,unified:dfc33620-db1a-5369-907e-1b93d9f2857a
RC489.R3D793,4,unified:dfc33620-db1a-5369-907e-1b93d9f2857a
RC489.R3D82,1,unified:dfc33620-db1a-5369-907e-1b93d9f2857a
RC489.R3D825,2,unified:dfc33620-db1a-5369-907e-1b93d9f2857a
RC489.R3D827,2,unified:dfc33620-db1a-5369-907e-1b93d9f2857a
RC489.R3E425,1,unified:dfc33620-db1a-5369-907e-1b93d9f2857a
RC489.R3E427,1,unified:dfc33620-db1a-5369-907e-1b93d9f2857a
RC489.R3E43,1,unified:dfc33620-db1a-5369-907e-1b93d9f2857a
RC489.R3E437,1,unified:dfc33620-db1a-5369-907e-1b93d9f2857a
RC489.R3E443,1,unified:dfc33620-db1a-5369-907e-1b93d9f2857a
RC489.R3E4438,1,unified:dfc33620-db1a-5369-907e-1b93d9f2857a
RC489.R3E455,1,unified:dfc33620-db1a-5369-907e-1b93d9f2857a
RC489.R3E457,2,unified:dfc33620-db1a-5369-907e-1b93d9f2857a
RC489.R3E46,1,unified:dfc33620-db1a-5369-907e-1b93d9f2857a
RC489.R3E464,1,unified:dfc33620-db1a-5369-907e-1b93d9f2857a
RC489.R3E4647,2,unified:dfc33620-db1a-5369-907e-1b93d9f2857a
RC489.R3E4648,1,unified:dfc33620-db1a-5369-907e-1b93d9f2857a
RC489.R3E465,2,unified:dfc33620-db1a-5369-907e-1b93d9f2857a
RC489.R3E467,1,unified:dfc33620-db1a-5369-907e-1b93d9f2857a
RC489.R3E468,1,unified:dfc33620-db1a-5369-907e-1b93d9f2857a
RC489.R3G68,2,unified:dfc33620-db1a-5369-907e-1b93d9f2857a
RC489.R3G73,2,unified:dfc33620-db1a-5369-907e-1b93d9f2857a
RC489.R3I55,1,unified:dfc33620-db1a-5369-907e-1b93d9f2857a
RC489.R3I57,1,unified:dfc33620-db1a-5369-907e-1b93d9f2857a
RC489.R3J6,2,unified:dfc33620-db1a-5369-907e-1b93d9f2857a
RC489.R3M36,1,unified:dfc33620-db1a-5369-907e-1b93d9f2857a
RC489.R3N45,1,unified:dfc33620-db1a-5369-907e-1b93d9f2857a
RC489.R3N49,2,unified:dfc33620-db1a-5369-907e-1b93d9f2857a
RC489.R3N54,3,unified:dfc33620-db1a-5369-907e-1b93d9f2857a
RC489.R3P46,1,unified:dfc33620-db1a-5369-907e-1b93d9f2857a
RC489.R3P47,1,unified:dfc33620-db1a-5369-907e-1b93d9f2857a
RC489.R3R383,2,unified:dfc33620-db1a-5369-907e-1b93d9f2857a
RC489.R3S64,1,unified:dfc33620-db1a-5369-907e-1b93d9f2857a
RC489.R3U87,1,unified:dfc33620-db1a-5369-907e-1b93d9f2857a
RC489.R3W34,1,unified:dfc33620-db1a-5369-907e-1b93d9f2857a
RC489.R3Y35,1,unified:dfc33620-db1a-5369-907e-1b93d9f2857a
RC489.R3Y36,1,unified:dfc33620-db1a-5369-907e-1b93d9f2857a
RC489.R3Y61974,1,unified:dfc33620-db1a-5369-907e-1b93d9f2857a
RC489.R4,25,unified:dfc33620-db1a-5369-907e-1b93d9f2857a
RC489.R42,14,unified:dfc33620-db1a-5369-907e-1b93d9f2857a
RC489.R42F54,2,unified:dfc33620-db1a-5369-907e-1b93d9f2857a
RC489.R42P56,1,unified:dfc33620-db1a-5369-907e-1b93d9f2857a
RC489.R42R59,2,unified:dfc33620-db1a-5369-907e-1b93d9f2857a
RC489.R42V36,1,unified:dfc33620-db1a-5369-907e-1b93d9f2857a
RC489.R43,78,unified:dfc33620-db1a-5369-907e-1b93d9f2857a
RC489.R43B33,1,unified:dfc33620-db1a-5369-907e-1b93d9f2857a
RC489.R43B35,1,unified:dfc33620-db1a-5369-907e-1b93d9f2857a
RC489.R43B76,1,unified:dfc33620-db1a-5369-907e-1b93d9f2857a
RC489.R43C36,1,unified:dfc33620-db1a-5369-907e-1b93d9f2857a
RC489.R43C64,1,unified:dfc33620-db1a-5369-907e-1b93d9f2857a
RC489.R43F56,1,unified:dfc33620-db1a-5369-907e-1b93d9f2857a
RC489.R43F74,1,unified:dfc33620-db1a-5369-907e-1b93d9f2857a
RC489.R43G643,1,unified:dfc33620-db1a-5369-907e-1b93d9f2857a
RC489.R43H36,2,unified:dfc33620-db1a-5369-907e-1b93d9f2857a
RC489.R43H385,1,unified:dfc33620-db1a-5369-907e-1b93d9f2857a
RC489.R43M63,1,unified:dfc33620-db1a-5369-907e-1b93d9f2857a
RC489.R43W446,1,unified:dfc33620-db1a-5369-907e-1b93d9f2857a
RC489.R43W447,1,unified:dfc33620-db1a-5369-907e-1b93d9f2857a
RC489.R43W66,1,unified:dfc33620-db1a-5369-907e-1b93d9f2857a
RC489.R44,3,unified:dfc33620-db1a-5369-907e-1b93d9f2857a
RC489.R44P75,1,unified:dfc33620-db1a-5369-907e-1b93d9f2857a
RC489.R44T49,1,unified:dfc33620-db1a-5369-907e-1b93d9f2857a
RC489.R45,13,unified:dfc33620-db1a-5369-907e-1b93d9f2857a
RC489.R45L54,1,unified:dfc33620-db1a-5369-907e-1b93d9f2857a
RC489.R48,5,unified:dfc33620-db1a-5369-907e-1b93d9f2857a
RC489.R48A44,2,unified:dfc33620-db1a-5369-907e-1b93d9f2857a
RC489.R48C56,1,unified:dfc33620-db1a-5369-907e-1b93d9f2857a
RC489.R49,33,unified:dfc33620-db1a-5369-907e-1b93d9f2857a
RC489.R49.H67,1,unified:dfc33620-db1a-5369-907e-1b93d9f2857a
RC489.R49.S73,1,unified:dfc33620-db1a-5369-907e-1b93d9f2857a
RC489.R49B76,1,unified:dfc33620-db1a-5369-907e-1b93d9f2857a
RC489.R49E43,3,unified:dfc33620-db1a-5369-907e-1b93d9f2857a
RC489.R49H67,1,unified:dfc33620-db1a-5369-907e-1b93d9f2857a
RC489.R49K66,1,unified:dfc33620-db1a-5369-907e-1b93d9f2857a
RC489.R49O37,1,unified:dfc33620-db1a-5369-907e-1b93d9f2857a
RC489.R49S729,1,unified:dfc33620-db1a-5369-907e-1b93d9f2857a
RC489.R49S73,2,unified:dfc33620-db1a-5369-907e-1b93d9f2857a
RC489.R49S77,2,unified:dfc33620-db1a-5369-907e-1b93d9f2857a
RC489.R49W37,1,unified:dfc33620-db1a-5369-907e-1b93d9f2857a
RC489.R4P56,2,unified:dfc33620-db1a-5369-907e-1b93d9f2857a
RC489.R4W47,2,unified:dfc33620-db1a-5369-907e-1b93d9f2857a
RC489.S25,52,unified:dfc33620-db1a-5369-907e-1b93d9f2857a
RC489.S25A4413,1,unified:dfc33620-db1a-5369-907e-1b93d9f2857a
RC489.S25B65,1,unified:dfc33620-db1a-5369-907e-1b93d9f2857a
RC489.S25B725,3,unified:dfc33620-db1a-5369-907e-1b93d9f2857a
RC489.S25B73,3,unified:dfc33620-db1a-5369-907e-1b93d9f2857a
RC489.S25C37,1,unified:dfc33620-db1a-5369-907e-1b93d9f2857a
RC489.S25H65,2,unified:dfc33620-db1a-5369-907e-1b93d9f2857a
RC489.S25H6613,1,unified:dfc33620-db1a-5369-907e-1b93d9f2857a
RC489.S25I58,2,unified:dfc33620-db1a-5369-907e-1b93d9f2857a
RC489.S25K35,2,unified:dfc33620-db1a-5369-907e-1b93d9f2857a
RC489.S25M374,1,unified:dfc33620-db1a-5369-907e-1b93d9f2857a
RC489.S25M58,2,unified:dfc33620-db1a-5369-907e-1b93d9f2857a
RC489.S25M583,2,unified:dfc33620-db1a-5369-907e-1b93d9f2857a
RC489.S25P38,2,unified:dfc33620-db1a-5369-907e-1b93d9f2857a
RC489.S25P385,2,unified:dfc33620-db1a-5369-907e-1b93d9f2857a
RC489.S25R93,1,unified:dfc33620-db1a-5369-907e-1b93d9f2857a
RC489.S25S74,1,unified:dfc33620-db1a-5369-907e-1b93d9f2857a
RC489.S25S75,1,unified:dfc33620-db1a-5369-907e-1b93d9f2857a
RC489.S25S87,3,unified:dfc33620-db1a-5369-907e-1b93d9f2857a
RC489.S25T43,1,unified:dfc33620-db1a-5369-907e-1b93d9f2857a
RC489.S25T87,2,unified:dfc33620-db1a-5369-907e-1b93d9f2857a
RC489.S25W44,1,unified:dfc33620-db1a-5369-907e-1b93d9f2857a
RC489.S34,11,unified:dfc33620-db1a-5369-907e-1b93d9f2857a
RC489.S34R64,1,unified:dfc33620-db1a-5369-907e-1b93d9f2857a
RC489.S34S74,1,unified:dfc33620-db1a-5369-907e-1b93d9f2857a
RC489.S43,137,unified:dfc33620-db1a-5369-907e-1b93d9f2857a
RC489.S43.K35,1,unified:dfc33620-db1a-5369-907e-1b93d9f2857a
RC489.S43.K57,1,unified:dfc33620-db1a-5369-907e-1b93d9f2857a
RC489.S43.K78,1,unified:dfc33620-db1a-5369-907e-1b93d9f2857a
RC489.S43.N49,1,unified:dfc33620-db1a-5369-907e-1b93d9f2857a
RC489.S43.S85,1,unified:dfc33620-db1a-5369-907e-1b93d9f2857a
RC489.S435,9,unified:dfc33620-db1a-5369-907e-1b93d9f2857a
RC489.S435.G43,1,unified:dfc33620-db1a-5369-907e-1b93d9f2857a
RC489.S435G43,1,unified:dfc33620-db1a-5369-907e-1b93d9f2857a
RC489.S435W43,1,unified:dfc33620-db1a-5369-907e-1b93d9f2857a
RC489.S43B43,2,unified:dfc33620-db1a-5369-907e-1b93d9f2857a
RC489.S43B46,1,unified:dfc33620-db1a-5369-907e-1b93d9f2857a
RC489.S43B56,3,unified:dfc33620-db1a-5369-907e-1b93d9f2857a
RC489.S43B65,1,unified:dfc33620-db1a-5369-907e-1b93d9f2857a
RC489.S43B73,2,unified:dfc33620-db1a-5369-907e-1b93d9f2857a
RC489.S43B75,1,unified:dfc33620-db1a-5369-907e-1b93d9f2857a
RC489.S43B77,2,unified:dfc33620-db1a-5369-907e-1b93d9f2857a
RC489.S43C66,2,unified:dfc33620-db1a-5369-907e-1b93d9f2857a
RC489.S43D35,1,unified:dfc33620-db1a-5369-907e-1b93d9f2857a
RC489.S43D53,3,unified:dfc33620-db1a-5369-907e-1b93d9f2857a
RC489.S43D79,1,unified:dfc33620-db1a-5369-907e-1b93d9f2857a
RC489.S43E55,1,unified:dfc33620-db1a-5369-907e-1b93d9f2857a
RC489.S43F46,4,unified:dfc33620-db1a-5369-907e-1b93d9f2857a
RC489.S43G37,1,unified:dfc33620-db1a-5369-907e-1b93d9f2857a
RC489.S43G55,1,unified:dfc33620-db1a-5369-907e-1b93d9f2857a
RC489.S43H35,2,unified:dfc33620-db1a-5369-907e-1b93d9f2857a
RC489.S43H38,1,unified:dfc33620-db1a-5369-907e-1b93d9f2857a
RC489.S43H86,1,unified:dfc33620-db1a-5369-907e-1b93d9f2857a
RC489.S43K35,1,unified:dfc33620-db1a-5369-907e-1b93d9f2857a
RC489.S43K57,1,unified:dfc33620-db1a-5369-907e-1b93d9f2857a
RC489.S43K78,2,unified:dfc33620-db1a-5369-907e-1b93d9f2857a
RC489.S43L33,2,unified:dfc33620-db1a-5369-907e-1b93d9f2857a
RC489.S43L43,1,unified:dfc33620-db1a-5369-907e-1b93d9f2857a
RC489.S43L47,2,unified:dfc33620-db1a-5369-907e-1b93d9f2857a
RC489.S43M33,1,unified:dfc33620-db1a-5369-907e-1b93d9f2857a
RC489.S43M34,1,unified:dfc33620-db1a-5369-907e-1b93d9f2857a
RC489.S43M36,1,unified:dfc33620-db1a-5369-907e-1b93d9f2857a
RC489.S43M45,2,unified:dfc33620-db1a-5369-907e-1b93d9f2857a
RC489.S43M87,1,unified:dfc33620-db1a-5369-907e-1b93d9f2857a
RC489.S43P645,1,unified:dfc33620-db1a-5369-907e-1b93d9f2857a
RC489.S43P79,1,unified:dfc33620-db1a-5369-907e-1b93d9f2857a
RC489.S43R5713,1,unified:dfc33620-db1a-5369-907e-1b93d9f2857a
RC489.S43R68,1,unified:dfc33620-db1a-5369-907e-1b93d9f2857a
RC489.S43S436,1,unified:dfc33620-db1a-5369-907e-1b93d9f2857a
RC489.S43S44,1,unified:dfc33620-db1a-5369-907e-1b93d9f2857a
RC489.S43S445,2,unified:dfc33620-db1a-5369-907e-1b93d9f2857a
RC489.S43S46,1,unified:dfc33620-db1a-5369-907e-1b93d9f2857a
RC489.S43S47,1,unified:dfc33620-db1a-5369-907e-1b93d9f2857a
RC489.S43S52,1,unified:dfc33620-db1a-5369-907e-1b93d9f2857a
RC489.S43S85,1,unified:dfc33620-db1a-5369-907e-1b93d9f2857a
RC489.S43T34,1,unified:dfc33620-db1a-5369-907e-1b93d9f2857a
RC489.S43T64,2,unified:dfc33620-db1a-5369-907e-1b93d9f2857a
RC489.S43U85,1,unified:dfc33620-db1a-5369-907e-1b93d9f2857a
RC489.S43U87,4,unified:dfc33620-db1a-5369-907e-1b93d9f2857a
RC489.S43W355,1,unified:dfc33620-db1a-5369-907e-1b93d9f2857a
RC489.S43W47,1,unified:dfc33620-db1a-5369-907e-1b93d9f2857a
RC489.S43W65,1,unified:dfc33620-db1a-5369-907e-1b93d9f2857a
RC489.S44,12,unified:dfc33620-db1a-5369-907e-1b93d9f2857a
RC489.S44L54,1,unified:dfc33620-db1a-5369-907e-1b93d9f2857a
RC489.S44L544,1,unified:dfc33620-db1a-5369-907e-1b93d9f2857a
RC489.S44P47,1,unified:dfc33620-db1a-5369-907e-1b93d9f2857a
RC489.S45,21,unified:dfc33620-db1a-5369-907e-1b93d9f2857a
RC489.S45.C64,1,unified:dfc33620-db1a-5369-907e-1b93d9f2857a
RC489.S45B49,1,unified:dfc33620-db1a-5369-907e-1b93d9f2857a
RC489.S45C64,1,unified:dfc33620-db1a-5369-907e-1b93d9f2857a
RC489.S45E38,1,unified:dfc33620-db1a-5369-907e-1b93d9f2857a
RC489.S45F57,2,unified:dfc33620-db1a-5369-907e-1b93d9f2857a
RC489.S45Q5513,1,unified:dfc33620-db1a-5369-907e-1b93d9f2857a
RC489.S45S43,1,unified:dfc33620-db1a-5369-907e-1b93d9f2857a
RC489.S45S48,1,unified:dfc33620-db1a-5369-907e-1b93d9f2857a
RC489.S45U84,2,unified:dfc33620-db1a-5369-907e-1b93d9f2857a
RC489.S47,13,unified:dfc33620-db1a-5369-907e-1b93d9f2857a
RC489.S47I76,1,unified:dfc33620-db1a-5369-907e-1b93d9f2857a
RC489.S47J44,1,unified:dfc33620-db1a-5369-907e-1b93d9f2857a
RC489.S47M36,1,unified:dfc33620-db1a-5369-907e-1b93d9f2857a
RC489.S47P67,1,unified:dfc33620-db1a-5369-907e-1b93d9f2857a
RC489.S47S63,2,unified:dfc33620-db1a-5369-907e-1b93d9f2857a
RC489.S56,1,unified:dfc33620-db1a-5369-907e-1b93d9f2857a
RC489.S56G73,1,unified:dfc33620-db1a-5369-907e-1b93d9f2857a
RC489.S62,9,unified:dfc33620-db1a-5369-907e-1b93d9f2857a
RC489.S62B38,1,unified:dfc33620-db1a-5369-907e-1b93d9f2857a
RC489.S63,18,unified:dfc33620-db1a-5369-907e-1b93d9f2857a
RC489.S63.L38,1,unified:dfc33620-db1a-5369-907e-1b93d9f2857a
RC489.S63.R33,1,unified:dfc33620-db1a-5369-907e-1b93d9f2857a
RC489.S63H35,1,unified:dfc33620-db1a-5369-907e-1b93d9f2857a
RC489.S65,93,unified:dfc33620-db1a-5369-907e-1b93d9f2857a
RC489.S65.E38,1,unified:dfc33620-db1a-5369-907e-1b93d9f2857a
RC489.S65.H362,1,unified:dfc33620-db1a-5369-907e-1b93d9f2857a
RC489.S65.W35,1,unified:dfc33620-db1a-5369-907e-1b93d9f2857a
RC489.S65A78,1,unified:dfc33620-db1a-5369-907e-1b93d9f2857a
RC489.S65B47,1,unified:dfc33620-db1a-5369-907e-1b93d9f2857a
RC489.S65B473,2,unified:dfc33620-db1a-5369-907e-1b93d9f2857a
RC489.S65B87,1,unified:dfc33620-db1a-5369-907e-1b93d9f2857a
RC489.S65B876,2,unified:dfc33620-db1a-5369-907e-1b93d9f2857a
RC489.S65C48,1,unified:dfc33620-db1a-5369-907e-1b93d9f2857a
RC489.S65D38,4,unified:dfc33620-db1a-5369-907e-1b93d9f2857a
RC489.S65D4,1,unified:dfc33620-db1a-5369-907e-1b93d9f2857a
RC489.S65D64,1,unified:dfc33620-db1a-5369-907e-1b93d9f2857a
RC489.S65E36,1,unified:dfc33620-db1a-5369-907e-1b93d9f2857a
RC489.S65F87,2,unified:dfc33620-db1a-5369-907e-1b93d9f2857a
RC489.S65G88,1,unified:dfc33620-db1a-5369-907e-1b93d9f2857a
RC489.S65H36,2,unified:dfc33620-db1a-5369-907e-1b93d9f2857a
RC489.S65L565,2,unified:dfc33620-db1a-5369-907e-1b93d9f2857a
RC489.S65M37,2,unified:dfc33620-db1a-5369-907e-1b93d9f2857a
RC489.S65M38,1,unified:dfc33620-db1a-5369-907e-1b93d9f2857a
RC489.S65O26,1,unified:dfc33620-db1a-5369-907e-1b93d9f2857a
RC489.S65O3,4,unified:dfc33620-db1a-5369-907e-1b93d9f2857a
RC489.S65O38,1,unified:dfc33620-db1a-5369-907e-1b93d9f2857a
RC489.S65P53,2,unified:dfc33620-db1a-5369-907e-1b93d9f2857a
RC489.S65Q53,3,unified:dfc33620-db1a-5369-907e-1b93d9f2857a
RC489.S65S528,2,unified:dfc33620-db1a-5369-907e-1b93d9f2857a
RC489.S65S53,1,unified:dfc33620-db1a-5369-907e-1b93d9f2857a
RC489.S65S64,2,unified:dfc33620-db1a-5369-907e-1b93d9f2857a
RC489.S65S65,1,unified:dfc33620-db1a-5369-907e-1b93d9f2857a
RC489.S65S667,1,unified:dfc33620-db1a-5369-907e-1b93d9f2857a
RC489.S65S68,2,unified:dfc33620-db1a-5369-907e-1b93d9f2857a
RC489.S65W55,2,unified:dfc33620-db1a-5369-907e-1b93d9f2857a
RC489.S65W56,1,unified:dfc33620-db1a-5369-907e-1b93d9f2857a
RC489.S67,1,unified:dfc33620-db1a-5369-907e-1b93d9f2857a
RC489.S676,95,unified:dfc33620-db1a-5369-907e-1b93d9f2857a
RC489.S676.B76,1,unified:dfc33620-db1a-5369-907e-1b93d9f2857a
RC489.S676.K345,1,unified:dfc33620-db1a-5369-907e-1b93d9f2857a
RC489.S676B43,1,unified:dfc33620-db1a-5369-907e-1b93d9f2857a
RC489.S676C37,1,unified:dfc33620-db1a-5369-907e-1b93d9f2857a
RC489.S676C66,1,unified:dfc33620-db1a-5369-907e-1b93d9f2857a
RC489.S676G34,1,unified:dfc33620-db1a-5369-907e-1b93d9f2857a
RC489.S676G83,2,unified:dfc33620-db1a-5369-907e-1b93d9f2857a
RC489.S676H37,1,unified:dfc33620-db1a-5369-907e-1b93d9f2857a
RC489.S676J66,1,unified:dfc33620-db1a-5369-907e-1b93d9f2857a
RC489.S676K34,2,unified:dfc33620-db1a-5369-907e-1b93d9f2857a
RC489.S676K44,1,unified:dfc33620-db1a-5369-907e-1b93d9f2857a
RC489.S676K64,1,unified:dfc33620-db1a-5369-907e-1b93d9f2857a
RC489.S676L36,2,unified:dfc33620-db1a-5369-907e-1b93d9f2857a
RC489.S676L44,2,unified:dfc33620-db1a-5369-907e-1b93d9f2857a
RC489.S676L56,1,unified:dfc33620-db1a-5369-907e-1b93d9f2857a
RC489.S676M3,1,unified:dfc33620-db1a-5369-907e-1b93d9f2857a
RC489.S676M46,1,unified:dfc33620-db1a-5369-907e-1b93d9f2857a
RC489.S676M48,1,unified:dfc33620-db1a-5369-907e-1b93d9f2857a
RC489.S676O64,2,unified:dfc33620-db1a-5369-907e-1b93d9f2857a
RC489.S676P37,4,unified:dfc33620-db1a-5369-907e-1b93d9f2857a
RC489.S676P373,1,unified:dfc33620-db1a-5369-907e-1b93d9f2857a
RC489.S676P79,2,unified:dfc33620-db1a-5369-907e-1b93d9f2857a
RC489.S676R37,1,unified:dfc33620-db1a-5369-907e-1b93d9f2857a
RC489.S676R53,1,unified:dfc33620-db1a-5369-907e-1b93d9f2857a
RC489.S676S26,1,unified:dfc33620-db1a-5369-907e-1b93d9f2857a
RC489.S676S37,1,unified:dfc33620-db1a-5369-907e-1b93d9f2857a
RC489.S676S56,1,unified:dfc33620-db1a-5369-907e-1b93d9f2857a
RC489.S676S63,2,unified:dfc33620-db1a-5369-907e-1b93d9f2857a
RC489.S676S64,2,unified:dfc33620-db1a-5369-907e-1b93d9f2857a
RC489.S676S643,1,unified:dfc33620-db1a-5369-907e-1b93d9f2857a
RC489.S676S65,1,unified:dfc33620-db1a-5369-907e-1b93d9f2857a
RC489.S676S66,1,unified:dfc33620-db1a-5369-907e-1b93d9f2857a
RC489.S676S67,2,unified:dfc33620-db1a-5369-907e-1b93d9f2857a
RC489.S676S674,1,unified:dfc33620-db1a-5369-907e-1b93d9f2857a
RC489.S676S676,1,unified:dfc33620-db1a-5369-907e-1b93d9f2857a
RC489.S676S73,1,unified:dfc33620-db1a-5369-907e-1b93d9f2857a
RC489.S676T439,1,unified:dfc33620-db1a-5369-907e-1b93d9f2857a
RC489.S676V36,2,unified:dfc33620-db1a-5369-907e-1b93d9f2857a
RC489.S676W35,1,unified:dfc33620-db1a-5369-907e-1b93d9f2857a
RC489.S676W38,1,unified:dfc33620-db1a-5369-907e-1b93d9f2857a
RC489.S676W67,1,unified:dfc33620-db1a-5369-907e-1b93d9f2857a
RC489.S74,104,unified:dfc33620-db1a-5369-907e-1b93d9f2857a
RC489.S74.H36,1,unified:dfc33620-db1a-5369-907e-1b93d9f2857a
RC489.S74.N37,1,unified:dfc33620-db1a-5369-907e-1b93d9f2857a
RC489.S74.R46,1,unified:dfc33620-db1a-5369-907e-1b93d9f2857a
RC489.S74B47,2,unified:dfc33620-db1a-5369-907e-1b93d9f2857a
RC489.S74C73,1,unified:dfc33620-db1a-5369-907e-1b93d9f2857a
RC489.S74C75,1,unified:dfc33620-db1a-5369-907e-1b93d9f2857a
RC489.S74D46,1,unified:dfc33620-db1a-5369-907e-1b93d9f2857a
RC489.S74D88,1,unified:dfc33620-db1a-5369-907e-1b93d9f2857a
RC489.S74F74,1,unified:dfc33620-db1a-5369-907e-1b93d9f2857a
RC489.S74G37,1,unified:dfc33620-db1a-5369-907e-1b93d9f2857a
RC489.S74G47,1,unified:dfc33620-db1a-5369-907e-1b93d9f2857a
RC489.S74H35,1,unified:dfc33620-db1a-5369-907e-1b93d9f2857a
RC489.S74H35313,2,unified:dfc33620-db1a-5369-907e-1b93d9f2857a
RC489.S74H36,1,unified:dfc33620-db1a-5369-907e-1b93d9f2857a
RC489.S74H37,1,unified:dfc33620-db1a-5369-907e-1b93d9f2857a
RC489.S74H418,1,unified:dfc33620-db1a-5369-907e-1b93d9f2857a
RC489.S74H42,1,unified:dfc33620-db1a-5369-907e-1b93d9f2857a
RC489.S74J66,2,unified:dfc33620-db1a-5369-907e-1b93d9f2857a
RC489.S74L34,2,unified:dfc33620-db1a-5369-907e-1b93d9f2857a
RC489.S74L345,2,unified:dfc33620-db1a-5369-907e-1b93d9f2857a
RC489.S74L39,1,unified:dfc33620-db1a-5369-907e-1b93d9f2857a
RC489.S74M33,3,unified:dfc33620-db1a-5369-907e-1b93d9f2857a
RC489.S74M37,2,unified:dfc33620-db1a-5369-907e-1b93d9f2857a
RC489.S74M44,1,unified:dfc33620-db1a-5369-907e-1b93d9f2857a
RC489.S74M443,1,unified:dfc33620-db1a-5369-907e-1b93d9f2857a
RC489.S74M45,1,unified:dfc33620-db1a-5369-907e-1b93d9f2857a
RC489.S74N36,1,unified:dfc33620-db1a-5369-907e-1b93d9f2857a
RC489.S74N3627,1,unified:dfc33620-db1a-5369-907e-1b93d9f2857a
RC489.S74N363,1,unified:dfc33620-db1a-5369-907e-1b93d9f2857a
RC489.S74N37,1,unified:dfc33620-db1a-5369-907e-1b93d9f2857a
RC489.S74N42,1,unified:dfc33620-db1a-5369-907e-1b93d9f2857a
RC489.S74N43,1,unified:dfc33620-db1a-5369-907e-1b93d9f2857a
RC489.S74P368,2,unified:dfc33620-db1a-5369-907e-1b93d9f2857a
RC489.S74P37,1,unified:dfc33620-db1a-5369-907e-1b93d9f2857a
RC489.S74P39,2,unified:dfc33620-db1a-5369-907e-1b93d9f2857a
RC489.S74R45,2,unified:dfc33620-db1a-5369-907e-1b93d9f2857a
RC489.S74R46,2,unified:dfc33620-db1a-5369-907e-1b93d9f2857a
RC489.S74R683,3,unified:dfc33620-db1a-5369-907e-1b93d9f2857a
RC489.S74S36,1,unified:dfc33620-db1a-5369-907e-1b93d9f2857a
RC489.S74T47,2,unified:dfc33620-db1a-5369-907e-1b93d9f2857a
RC489.S74W35,1,unified:dfc33620-db1a-5369-907e-1b93d9f2857a
RC489.S74W46,1,unified:dfc33620-db1a-5369-907e-1b93d9f2857a
RC489.S74Z55,1,unified:dfc33620-db1a-5369-907e-1b93d9f2857a
RC489.S74Z56,1,unified:dfc33620-db1a-5369-907e-1b93d9f2857a
RC489.S76,13,unified:dfc33620-db1a-5369-907e-1b93d9f2857a
RC489.S76C85,1,unified:dfc33620-db1a-5369-907e-1b93d9f2857a
RC489.S76H35,2,unified:dfc33620-db1a-5369-907e-1b93d9f2857a
RC489.S76N3713,1,unified:dfc33620-db1a-5369-907e-1b93d9f2857a
RC489.S76N373,1,unified:dfc33620-db1a-5369-907e-1b93d9f2857a
RC489.S827,1,unified:dfc33620-db1a-5369-907e-1b93d9f2857a
RC489.S827S33,3,unified:dfc33620-db1a-5369-907e-1b93d9f2857a
RC489.S83,3,unified:dfc33620-db1a-5369-907e-1b93d9f2857a
RC489.S83K46,2,unified:dfc33620-db1a-5369-907e-1b93d9f2857a
RC489.S83N38,1,unified:dfc33620-db1a-5369-907e-1b93d9f2857a
RC489.S86,14,unified:dfc33620-db1a-5369-907e-1b93d9f2857a
RC489.S86P56,1,unified:dfc33620-db1a-5369-907e-1b93d9f2857a
RC489.S86W47,1,unified:dfc33620-db1a-5369-907e-1b93d9f2857a
RC489.S86W55,2,unified:dfc33620-db1a-5369-907e-1b93d9f2857a
RC489.S86W56,1,unified:dfc33620-db1a-5369-907e-1b93d9f2857a
RC489.T42,1,unified:dfc33620-db1a-5369-907e-1b93d9f2857a
RC489.T42U84,1,unified:dfc33620-db1a-5369-907e-1b93d9f2857a
RC489.T45,39,unified:dfc33620-db1a-5369-907e-1b93d9f2857a
RC489.T45.S35,1,unified:dfc33620-db1a-5369-907e-1b93d9f2857a
RC489.T45C55,1,unified:dfc33620-db1a-5369-907e-1b93d9f2857a
RC489.T45D38,1,unified:dfc33620-db1a-5369-907e-1b93d9f2857a
RC489.T45K36,2,unified:dfc33620-db1a-5369-907e-1b93d9f2857a
RC489.T45K64,2,unified:dfc33620-db1a-5369-907e-1b93d9f2857a
RC489.T45K87,1,unified:dfc33620-db1a-5369-907e-1b93d9f2857a
RC489.T45M87,3,unified:dfc33620-db1a-5369-907e-1b93d9f2857a
RC489.T45M873,1,unified:dfc33620-db1a-5369-907e-1b93d9f2857a
RC489.T45N69,2,unified:dfc33620-db1a-5369-907e-1b93d9f2857a
RC489.T45S34,1,unified:dfc33620-db1a-5369-907e-1b93d9f2857a
RC489.T45T45,1,unified:dfc33620-db1a-5369-907e-1b93d9f2857a
RC489.T45T47,1,unified:dfc33620-db1a-5369-907e-1b93d9f2857a
RC489.T45W355,2,unified:dfc33620-db1a-5369-907e-1b93d9f2857a
RC489.T66,14,unified:dfc33620-db1a-5369-907e-1b93d9f2857a
RC489.T66H37,1,unified:dfc33620-db1a-5369-907e-1b93d9f2857a
RC489.T66M87,1,unified:dfc33620-db1a-5369-907e-1b93d9f2857a
RC489.T66S34,1,unified:dfc33620-db1a-5369-907e-1b93d9f2857a
RC489.T66T47,1,unified:dfc33620-db1a-5369-907e-1b93d9f2857a
RC489.T66W65,1,unified:dfc33620-db1a-5369-907e-1b93d9f2857a
RC489.T67,64,unified:dfc33620-db1a-5369-907e-1b93d9f2857a
RC489.T67.M36,1,unified:dfc33620-db1a-5369-907e-1b93d9f2857a
RC489.T67A93,2,unified:dfc33620-db1a-5369-907e-1b93d9f2857a
RC489.T67B49,1,unified:dfc33620-db1a-5369-907e-1b93d9f2857a
RC489.T67D42,2,unified:dfc33620-db1a-5369-907e-1b93d9f2857a
RC489.T67G63,1,unified:dfc33620-db1a-5369-907e-1b93d9f2857a
RC489.T67H565,1,unified:dfc33620-db1a-5369-907e-1b93d9f2857a
RC489.T67K45,1,unified:dfc33620-db1a-5369-907e-1b93d9f2857a
RC489.T67M36,2,unified:dfc33620-db1a-5369-907e-1b93d9f2857a
RC489.T67O54,1,unified:dfc33620-db1a-5369-907e-1b93d9f2857a
RC489.T67S63,2,unified:dfc33620-db1a-5369-907e-1b93d9f2857a
RC489.T67S74,2,unified:dfc33620-db1a-5369-907e-1b93d9f2857a
RC489.T67T465,1,unified:dfc33620-db1a-5369-907e-1b93d9f2857a
RC489.T67T47,1,unified:dfc33620-db1a-5369-907e-1b93d9f2857a
RC489.T67T486,1,unified:dfc33620-db1a-5369-907e-1b93d9f2857a
RC489.T68,2,unified:dfc33620-db1a-5369-907e-1b93d9f2857a
RC489.T69,17,unified:dfc33620-db1a-5369-907e-1b93d9f2857a
RC489.T69F67,1,unified:dfc33620-db1a-5369-907e-1b93d9f2857a
RC489.T69H86,1,unified:dfc33620-db1a-5369-907e-1b93d9f2857a
RC489.T69J645,1,unified:dfc33620-db1a-5369-907e-1b93d9f2857a
RC489.T69S36,1,unified:dfc33620-db1a-5369-907e-1b93d9f2857a
RC489.T69T68,1,unified:dfc33620-db1a-5369-907e-1b93d9f2857a
RC489.T7,162,unified:dfc33620-db1a-5369-907e-1b93d9f2857a
RC489.T7.B47,1,unified:dfc33620-db1a-5369-907e-1b93d9f2857a
RC489.T7.G74,1,unified:dfc33620-db1a-5369-907e-1b93d9f2857a
RC489.T7.H355,1,unified:dfc33620-db1a-5369-907e-1b93d9f2857a
RC489.T73,98,unified:dfc33620-db1a-5369-907e-1b93d9f2857a
RC489.T73.O5,1,unified:dfc33620-db1a-5369-907e-1b93d9f2857a
RC489.T73.S336,1,unified:dfc33620-db1a-5369-907e-1b93d9f2857a
RC489.T73.T7273,1,unified:dfc33620-db1a-5369-907e-1b93d9f2857a
RC489.T73A35,1,unified:dfc33620-db1a-5369-907e-1b93d9f2857a
RC489.T73B49,1,unified:dfc33620-db1a-5369-907e-1b93d9f2857a
RC489.T73C66,1,unified:dfc33620-db1a-5369-907e-1b93d9f2857a
RC489.T73E77,1,unified:dfc33620-db1a-5369-907e-1b93d9f2857a
RC489.T73F47,1,unified:dfc33620-db1a-5369-907e-1b93d9f2857a
RC489.T73G33,1,unified:dfc33620-db1a-5369-907e-1b93d9f2857a
RC489.T73G65,1,unified:dfc33620-db1a-5369-907e-1b93d9f2857a
RC489.T73G73,1,unified:dfc33620-db1a-5369-907e-1b93d9f2857a
RC489.T73H355,1,unified:dfc33620-db1a-5369-907e-1b93d9f2857a
RC489.T73H43,1,unified:dfc33620-db1a-5369-907e-1b93d9f2857a
RC489.T73L54,1,unified:dfc33620-db1a-5369-907e-1b93d9f2857a
RC489.T73L83,1,unified:dfc33620-db1a-5369-907e-1b93d9f2857a
RC489.T73M37,1,unified:dfc33620-db1a-5369-907e-1b93d9f2857a
RC489.T73O5,3,unified:dfc33620-db1a-5369-907e-1b93d9f2857a
RC489.T73R44,1,unified:dfc33620-db1a-5369-907e-1b93d9f2857a
RC489.T73R53,1,unified:dfc33620-db1a-5369-907e-1b93d9f2857a
RC489.T73R63,1,unified:dfc33620-db1a-5369-907e-1b93d9f2857a
RC489.T73S336,1,unified:dfc33620-db1a-5369-907e-1b93d9f2857a
RC489.T73S744,1,unified:dfc33620-db1a-5369-907e-1b93d9f2857a
RC489.T73T727,1,unified:dfc33620-db1a-5369-907e-1b93d9f2857a
RC489.T73T7273,2,unified:dfc33620-db1a-5369-907e-1b93d9f2857a
RC489.T73W65,1,unified:dfc33620-db1a-5369-907e-1b93d9f2857a
RC489.T75,30,unified:dfc33620-db1a-5369-907e-1b93d9f2857a
RC489.T75B66,1,unified:dfc33620-db1a-5369-907e-1b93d9f2857a
RC489.T75C67,1,unified:dfc33620-db1a-5369-907e-1b93d9f2857a
RC489.T75E44,1,unified:dfc33620-db1a-5369-907e-1b93d9f2857a
RC489.T75G76,2,unified:dfc33620-db1a-5369-907e-1b93d9f2857a
RC489.T75M37,3,unified:dfc33620-db1a-5369-907e-1b93d9f2857a
RC489.T75M5,1,unified:dfc33620-db1a-5369-907e-1b93d9f2857a
RC489.T75N45,3,unified:dfc33620-db1a-5369-907e-1b93d9f2857a
RC489.T75R68,2,unified:dfc33620-db1a-5369-907e-1b93d9f2857a
RC489.T75T75,2,unified:dfc33620-db1a-5369-907e-1b93d9f2857a
RC489.T7B46,1,unified:dfc33620-db1a-5369-907e-1b93d9f2857a
RC489.T7C58,1,unified:dfc33620-db1a-5369-907e-1b93d9f2857a
RC489.T7C66,2,unified:dfc33620-db1a-5369-907e-1b93d9f2857a
RC489.T7H355,1,unified:dfc33620-db1a-5369-907e-1b93d9f2857a
RC489.T7H36,1,unified:dfc33620-db1a-5369-907e-1b93d9f2857a
RC489.T7H373,1,unified:dfc33620-db1a-5369-907e-1b93d9f2857a
RC489.T7J35,1,unified:dfc33620-db1a-5369-907e-1b93d9f2857a
RC489.T7J355,1,unified:dfc33620-db1a-5369-907e-1b93d9f2857a
RC489.T7L48,1,unified:dfc33620-db1a-5369-907e-1b93d9f2857a
RC489.T7L57,1,unified:dfc33620-db1a-5369-907e-1b93d9f2857a
RC489.T7M564,2,unified:dfc33620-db1a-5369-907e-1b93d9f2857a
RC489.T7M58,1,unified:dfc33620-db1a-5369-907e-1b93d9f2857a
RC489.T7N6813,1,unified:dfc33620-db1a-5369-907e-1b93d9f2857a
RC489.T7S26,2,unified:dfc33620-db1a-5369-907e-1b93d9f2857a
RC489.T7S43,2,unified:dfc33620-db1a-5369-907e-1b93d9f2857a
RC489.T7S73,3,unified:dfc33620-db1a-5369-907e-1b93d9f2857a
RC489.T7S736,1,unified:dfc33620-db1a-5369-907e-1b93d9f2857a
RC489.T7S75,3,unified:dfc33620-db1a-5369-907e-1b93d9f2857a
RC489.T7T365,2,unified:dfc33620-db1a-5369-907e-1b93d9f2857a
RC489.T7T55,1,unified:dfc33620-db1a-5369-907e-1b93d9f2857a
RC489.T7T695,2,unified:dfc33620-db1a-5369-907e-1b93d9f2857a
RC489.T7T83,1,unified:dfc33620-db1a-5369-907e-1b93d9f2857a
RC489.T7W53,4,unified:dfc33620-db1a-5369-907e-1b93d9f2857a
RC489.T82,2,unified:dfc33620-db1a-5369-907e-1b93d9f2857a
RC489.T82W67,1,unified:dfc33620-db1a-5369-907e-1b93d9f2857a
RC489.T95,11,unified:dfc33620-db1a-5369-907e-1b93d9f2857a
RC489.T95J67,1,unified:dfc33620-db1a-5369-907e-1b93d9f2857a
RC489.T95M38,2,unified:dfc33620-db1a-5369-907e-1b93d9f2857a
RC489.V47,1,unified:dfc33620-db1a-5369-907e-1b93d9f2857a
RC489.V57,9,unified:dfc33620-db1a-5369-907e-1b93d9f2857a
RC489.V57V57,1,unified:dfc33620-db1a-5369-907e-1b93d9f2857a
RC489.W75,87,unified:dfc33620-db1a-5369-907e-1b93d9f2857a
RC489.W75.B652,1,unified:dfc33620-db1a-5369-907e-1b93d9f2857a
RC489.W75A24,1,unified:dfc33620-db1a-5369-907e-1b93d9f2857a
RC489.W75B57,1,unified:dfc33620-db1a-5369-907e-1b93d9f2857a
RC489.W75B65,1,unified:dfc33620-db1a-5369-907e-1b93d9f2857a
RC489.W75B652,1,unified:dfc33620-db1a-5369-907e-1b93d9f2857a
RC489.W75B66,1,unified:dfc33620-db1a-5369-907e-1b93d9f2857a
RC489.W75C47,1,unified:dfc33620-db1a-5369-907e-1b93d9f2857a
RC489.W75C53,1,unified:dfc33620-db1a-5369-907e-1b93d9f2857a
RC489.W75C744,1,unified:dfc33620-db1a-5369-907e-1b93d9f2857a
RC489.W75C76,1,unified:dfc33620-db1a-5369-907e-1b93d9f2857a
RC489.W75D4,1,unified:dfc33620-db1a-5369-907e-1b93d9f2857a
RC489.W75D57,1,unified:dfc33620-db1a-5369-907e-1b93d9f2857a
RC489.W75F43,1,unified:dfc33620-db1a-5369-907e-1b93d9f2857a
RC489.W75F69,2,unified:dfc33620-db1a-5369-907e-1b93d9f2857a
RC489.W75G83,1,unified:dfc33620-db1a-5369-907e-1b93d9f2857a
RC489.W75H37,3,unified:dfc33620-db1a-5369-907e-1b93d9f2857a
RC489.W75H85,1,unified:dfc33620-db1a-5369-907e-1b93d9f2857a
RC489.W75H86,1,unified:dfc33620-db1a-5369-907e-1b93d9f2857a
RC489.W75M33,2,unified:dfc33620-db1a-5369-907e-1b93d9f2857a
RC489.W75M383,1,unified:dfc33620-db1a-5369-907e-1b93d9f2857a
RC489.W75M39,1,unified:dfc33620-db1a-5369-907e-1b93d9f2857a
RC489.W75P48,1,unified:dfc33620-db1a-5369-907e-1b93d9f2857a
RC489.W75P75,1,unified:dfc33620-db1a-5369-907e-1b93d9f2857a
RC489.W75S45,1,unified:dfc33620-db1a-5369-907e-1b93d9f2857a
RC489.W75S74,2,unified:dfc33620-db1a-5369-907e-1b93d9f2857a
RC489.W75W47,1,unified:dfc33620-db1a-5369-907e-1b93d9f2857a
RC489.W75W756,1,unified:dfc33620-db1a-5369-907e-1b93d9f2857a
RC489.W75Z56,1,unified:dfc33620-db1a-5369-907e-1b93d9f2857a
RC489A7K86,1,unified:dfc33620-db1a-5369-907e-1b93d9f2857a
RC489B4,2,unified:dfc33620-db1a-5369-907e-1b93d9f2857a
RC489B4A914,1,unified:dfc33620-db1a-5369-907e-1b93d9f2857a
RC489B5,1,unified:dfc33620-db1a-5369-907e-1b93d9f2857a
RC489B5L68,1,unified:dfc33620-db1a-5369-907e-1b93d9f2857a
RC489C63,2,unified:dfc33620-db1a-5369-907e-1b93d9f2857a
RC489C63M65,1,unified:dfc33620-db1a-5369-907e-1b93d9f2857a
RC489C6C679,1,unified:dfc33620-db1a-5369-907e-1b93d9f2857a
RC489D3,1,unified:dfc33620-db1a-5369-907e-1b93d9f2857a
RC489F35,1,unified:dfc33620-db1a-5369-907e-1b93d9f2857a
RC489F45L35,1,unified:dfc33620-db1a-5369-907e-1b93d9f2857a
RC489G4,3,unified:dfc33620-db1a-5369-907e-1b93d9f2857a
RC489G4Z5614,1,unified:dfc33620-db1a-5369-907e-1b93d9f2857a
RC489M43,1,unified:dfc33620-db1a-5369-907e-1b93d9f2857a
RC489P47,2,unified:dfc33620-db1a-5369-907e-1b93d9f2857a
RC489P7,1,unified:dfc33620-db1a-5369-907e-1b93d9f2857a
RC489P76,1,unified:dfc33620-db1a-5369-907e-1b93d9f2857a
RC489P7G37,1,unified:dfc33620-db1a-5369-907e-1b93d9f2857a
RC489P7W532003,1,unified:dfc33620-db1a-5369-907e-1b93d9f2857a
RC489R3,3,unified:dfc33620-db1a-5369-907e-1b93d9f2857a
RC489R37G5214,1,unified:dfc33620-db1a-5369-907e-1b93d9f2857a
RC489R43,1,unified:dfc33620-db1a-5369-907e-1b93d9f2857a
RC489R45,1,unified:dfc33620-db1a-5369-907e-1b93d9f2857a
RC489T7,2,unified:dfc33620-db1a-5369-907e-1b93d9f2857a
