system,concept_id,label,parents,code,exact_master_headings,other_owners,lexical_review_candidate
lcc_range,3319,History,,C..CT,,,False
lcc_range,3319,History,,D..DX,,,False
lcc_range,3319,History,,D1..D2027,History,,True
lcc_range,3319,History,,D1..DX301,,,False
lcc_range,3319,History,,E..F,,,False
lcc_range,3320,African,By Region,DT1..DT3415,Africa,,True
lcc_range,3320,African,By Region,DT15..DT16.5,Ethnography,,True
lcc_range,3320,African,By Region,DT17..DT38.9,Africa,,True
lcc_range,3320,African,By Region,DT19..DT19.7,Historiography,,True
lcc_range,3321,Algerian,North,DT271..DT299,Algeria | Maghrib. Barbary States,,True
lcc_range,3321,Algerian,North,DT299.A..DT299.Z,Cities & Towns,,True
lcc_range,3322,Angolan,Central | Southern,DT1251..DT1465,Angola,,True
lcc_range,3322,Angolan,Central | Southern,DT1304..DT1308,Ethnography,,True
lcc_range,3322,Angolan,Central | Southern,DT1314..DT1436,Angola,,True
lcc_range,3322,Angolan,Central | Southern,DT1316..DT1318,Historiography,,True
lcc_range,3322,Angolan,Central | Southern,DT1405..DT1406,Military history,,True
lcc_range,3322,Angolan,Central | Southern,DT1408..DT1410,Foreign participation,,True
lcc_range,3322,Angolan,Central | Southern,DT1455..DT1465,Cities & Towns,,True
lcc_range,3322,Angolan,Central | Southern,DT1465.A..DT1465.Z,Cities & Towns,,True
lcc_range,3323,Benin. Dahomey,West,DT541.42..DT541.45,Benin. Dahomey | Ethnography,,False
lcc_range,3323,Benin. Dahomey,West,DT541.5..DT541.845,Benin. Dahomey,,False
lcc_range,3324,Botswana. Bechuanaland,Southern,DT2421..DT2525,Botswana. Bechuanaland,,False
lcc_range,3324,Botswana. Bechuanaland,Southern,DT2454..DT2458,Ethnography,,True
lcc_range,3324,Botswana. Bechuanaland,Southern,DT2464..DT2502,Botswana. Bechuanaland,,False
lcc_range,3324,Botswana. Bechuanaland,Southern,DT2466..DT2468,Historiography,,True
lcc_range,3324,Botswana. Bechuanaland,Southern,DT2520.A..DT2520.Z,Regions & Administrative Divisions,,True
lcc_range,3324,Botswana. Bechuanaland,Southern,DT2523..DT2525,Cities & Towns,,True
lcc_range,3324,Botswana. Bechuanaland,Southern,DT2525.A..DT2525.Z,Cities & Towns,,True
lcc_range,3325,British West Africa,West,DT491..DT516.9,British West Africa | West Africa,,False
lcc_range,3326,Burkina Faso. Upper Volta,West,DT555..DT555.9,Burkina Faso. Upper Volta,,False
lcc_range,3326,Burkina Faso. Upper Volta,West,DT555.25..DT555.26,"Historic monuments, landmarks, scenery, etc. (General)",,True
lcc_range,3326,Burkina Faso. Upper Volta,West,DT555.42..DT555.45,Ethnography,,True
lcc_range,3326,Burkina Faso. Upper Volta,West,DT555.517..DT555.837,Burkina Faso. Upper Volta,,False
lcc_range,3327,Burundian,East,DT450.5..DT450.95,Burundi | East Africa,,True
lcc_range,3327,Burundian,East,DT450.57..DT450.58,"Historic monuments, landmarks, scenery, etc. (General)",,True
lcc_range,3327,Burundian,East,DT450.64..DT450.65,Burundi | Ethnography,,True
lcc_range,3327,Burundian,East,DT450.66..DT450.855,Burundi,,True
lcc_range,3328,"Cameroon Cameroun, Kamerun",Central,DT561..DT581,"Cameroon (Cameroun, Kamerun)",,False
lcc_range,3328,"Cameroon Cameroun, Kamerun",Central,DT570..DT571,Ethnography,,True
lcc_range,3328,"Cameroon Cameroun, Kamerun",Central,DT572..DT578.4,"Cameroon (Cameroun, Kamerun)",,False
lcc_range,3328,"Cameroon Cameroun, Kamerun",Central,DT576..DT577,1960-1982. Ahidjo administration,,True
lcc_range,3328,"Cameroon Cameroun, Kamerun",Central,DT578..DT578.4,1982-,,True
lcc_range,3329,Central,African,DT348..DT363.3,Central Africa,,False
lcc_range,3329,Central,African,DT349.72..DT349.74,Communication of information,,True
lcc_range,3329,Central,African,DT352.42..DT352.43,Ethnography,,True
lcc_range,3331,Côte d’Ivoire,West,DT545.42..DT545.45,Côte d'Ivoire. Ivory Coast | Ethnography,,False
lcc_range,3331,Côte d’Ivoire,West,DT545.52..DT545.83,Côte d'Ivoire. Ivory Coast,,False
lcc_range,3332,East,African,DT365.42..DT365.45,Ethnography,,True
lcc_range,3332,East,African,DT365.62..DT365.63,Foreign and general relations,,True
lcc_range,3333,Eswatini. Swaziland,Southern,DT2701..DT2825,Eswatini. Swaziland,,False
lcc_range,3333,Eswatini. Swaziland,Southern,DT2744..DT2746,Ethnography,,True
lcc_range,3333,Eswatini. Swaziland,Southern,DT2754..DT2806,Eswatini. Swaziland,,False
lcc_range,3333,Eswatini. Swaziland,Southern,DT2756..DT2758,Historiography,,True
lcc_range,3333,Eswatini. Swaziland,Southern,DT2773..DT2775,Foreign and general relations,,True
lcc_range,3333,Eswatini. Swaziland,Southern,DT2777..DT2786,To 1889,,True
lcc_range,3333,Eswatini. Swaziland,Southern,DT2797..DT2806,1968- . Independent,,True
lcc_range,3333,Eswatini. Swaziland,Southern,DT2820..DT2825,Local history and description,,True
lcc_range,3333,Eswatini. Swaziland,Southern,DT2820.A..DT2820.Z,Regions & Administrative Divisions,,True
lcc_range,3333,Eswatini. Swaziland,Southern,DT2823..DT2825,Cities & Towns,,True
lcc_range,3333,Eswatini. Swaziland,Southern,DT2825.A..DT2825.Z,Cities & Towns,,True
lcc_range,3334,Ethiopian,East,DT371..DT398,Ethiopia,,True
lcc_range,3334,Ethiopian,East,DT380..DT380.4,Ethiopia | Ethnography,,True
lcc_range,3334,Ethiopian,East,DT380.5..DT380.62,Historiography,,True
lcc_range,3334,Ethiopian,East,DT380.5..DT388.44,Ethiopia,,True
lcc_range,3334,Ethiopian,East,DT387.95..DT387.954,1974-1991,,True
lcc_range,3334,Ethiopian,East,DT388..DT388.34,1991-,,True
lcc_range,3335,French West Africa & Sahara,West,DT541..DT541.9,Benin. Dahomey | French West Africa. French Sahara. West Sahara.,,False
lcc_range,3335,French West Africa & Sahara,West,DT543..DT543.9,French West Africa. French Sahara. West Sahara. | Guinea,,False
lcc_range,3335,French West Africa & Sahara,West,DT545..DT545.9,Côte d'Ivoire. Ivory Coast | French West Africa. French Sahara. West Sahara.,,False
lcc_range,3336,Francophone Equatorial Africa,Central,DT546.1..DT546.49,French-speaking Equatorial Africa,,False
lcc_range,3337,Central African Republic,Francophone Equatorial Africa,DT546.3..DT546.39,Central African Republic. Central African Empire.,,False
lcc_range,3337,Central African Republic,Francophone Equatorial Africa,DT546.342..DT546.345,Central African Republic. Central African Empire. | Ethnography,,False
lcc_range,3337,Central African Republic,Francophone Equatorial Africa,DT546.348..DT546.384,Central African Republic. Central African Empire.,,False
lcc_range,3337,Central African Republic,Francophone Equatorial Africa,DT546.348..DT546.385,,,False
lcc_range,3337,Central African Republic,Francophone Equatorial Africa,DT546.38..DT546.383,1960-1979,,True
lcc_range,3337,Central African Republic,Francophone Equatorial Africa,DT546.384..DT546.385,,,False
lcc_range,3337,Central African Republic,Francophone Equatorial Africa,DT546.384..DT546.3852,1979-2003,,True
lcc_range,3337,Central African Republic,Francophone Equatorial Africa,DT546.3858..DT546.3863,2003-,,True
lcc_range,3338,Chad Tchad,Francophone Equatorial Africa,DT546.4..DT546.49,Chad (Tchad),,False
lcc_range,3338,Chad Tchad,Francophone Equatorial Africa,DT546.442..DT546.445,Chad (Tchad) | Ethnography,,False
lcc_range,3338,Chad Tchad,Francophone Equatorial Africa,DT546.449..DT546.483,Chad (Tchad),,False
lcc_range,3338,Chad Tchad,Francophone Equatorial Africa,DT546.452..DT546.454,Historiography,,True
lcc_range,3338,Chad Tchad,Francophone Equatorial Africa,DT546.484..DT546.486,1990- . Déby administrations,,True
lcc_range,3339,Congo Brazzaville. Middle Congo,Francophone Equatorial Africa,DT546.2..DT546.29,Congo (Brazzaville). Middle Congo,,False
lcc_range,3339,Congo Brazzaville. Middle Congo,Francophone Equatorial Africa,DT546.242..DT546.245,Congo (Brazzaville). Middle Congo | Ethnography,,False
lcc_range,3339,Congo Brazzaville. Middle Congo,Francophone Equatorial Africa,DT546.25..DT546.283,Congo (Brazzaville). Middle Congo,,False
lcc_range,3339,Congo Brazzaville. Middle Congo,Francophone Equatorial Africa,DT546.262..DT546.263,Foreign and general relations,,True
lcc_range,3339,Congo Brazzaville. Middle Congo,Francophone Equatorial Africa,DT546.265..DT546.267,Early to 1910,,True
lcc_range,3339,Congo Brazzaville. Middle Congo,Francophone Equatorial Africa,DT546.28..DT546.283,1960- . Independence,,True
lcc_range,3339,Congo Brazzaville. Middle Congo,Francophone Equatorial Africa,DT546.284..DT546.286,1997- . Sassou-Nguesso administrations,,True
lcc_range,3340,"Gabon Gaboon, Gabun",Francophone Equatorial Africa,DT546.1..DT546.19,"Gabon (Gaboon, Gabun)",,False
lcc_range,3340,"Gabon Gaboon, Gabun",Francophone Equatorial Africa,DT546.127..DT546.128,Description and travel,,True
lcc_range,3340,"Gabon Gaboon, Gabun",Francophone Equatorial Africa,DT546.142..DT546.143,Ethnography,,True
lcc_range,3340,"Gabon Gaboon, Gabun",Francophone Equatorial Africa,DT546.142..DT546.145,"Gabon (Gaboon, Gabun)",,False
lcc_range,3340,"Gabon Gaboon, Gabun",Francophone Equatorial Africa,DT546.15..DT546.163,"Gabon (Gaboon, Gabun)",,False
lcc_range,3340,"Gabon Gaboon, Gabun",Francophone Equatorial Africa,DT546.15..DT546.183,"Gabon (Gaboon, Gabun)",,False
lcc_range,3341,Gambian,West,DT509..DT509.9,Gambia,,True
lcc_range,3341,Gambian,West,DT509.42..DT509.45,Ethnography | Gambia,,True
lcc_range,3341,Gambian,West,DT509.5..DT509.83,Gambia,,True
lcc_range,3342,Ghana Gold Coast,West,DT509.97..DT512.9,Ghana (Gold Coast),,False
lcc_range,3342,Ghana Gold Coast,West,DT510.42..DT510.43,Ethnography | Ghana (Gold Coast),,False
lcc_range,3342,Ghana Gold Coast,West,DT510.5..DT512.34,Ghana (Gold Coast),,False
lcc_range,3342,Ghana Gold Coast,West,DT510.62..DT510.63,Political and diplomatic history. Foreign and general relations. Nationalism,,True
lcc_range,3342,Ghana Gold Coast,West,DT511..DT511.3,Early to 1957,,True
lcc_range,3342,Ghana Gold Coast,West,DT512..DT512.3,1957-1979,,True
lcc_range,3342,Ghana Gold Coast,West,DT512..DT512.34,"Republic, 1957-",,True
lcc_range,3342,Ghana Gold Coast,West,DT512.32..DT512.34,1979-2001,,True
lcc_range,3342,Ghana Gold Coast,West,DT512.42..DT512.44,2001-,,True
lcc_range,3343,Guinean,West,DT543.42..DT543.45,Ethnography | Guinea,,True
lcc_range,3343,Guinean,West,DT543.5..DT543.827,Guinea,,True
lcc_range,3344,Islands,African,DT669..DT671,Islands,,False
lcc_range,3345,Kenyan,East,DT433.542..DT433.545,Ethnography | Kenya,,True
lcc_range,3345,Kenyan,East,DT433.552..DT433.584,Kenya,,True
lcc_range,3346,Lesotho. Basutoland,Southern,DT2541..DT2686,Lesotho. Basutoland,,False
lcc_range,3346,Lesotho. Basutoland,Southern,DT2592..DT2596,Ethnography,,True
lcc_range,3346,Lesotho. Basutoland,Southern,DT2604..DT2660,Lesotho. Basutoland,,False
lcc_range,3346,Lesotho. Basutoland,Southern,DT2606..DT2609,Historiography,,True
lcc_range,3346,Lesotho. Basutoland,Southern,DT2680..DT2686,Local history and description,,True
lcc_range,3346,Lesotho. Basutoland,Southern,DT63..DT63.5,Ancient Egypt. Egyptology | Pyramids,,True
lcc_range,3346,Lesotho. Basutoland,Southern,DT68..DT68.8,Ancient Egypt. Egyptology | Religious antiquities,,True
lcc_range,3346,Lesotho. Basutoland,Southern,DT68.2..DT68.3,Cultus,,True
lcc_range,3347,Liberian,West,DT621..DT637,Liberia,,True
lcc_range,3347,Liberian,West,DT630..DT630.5,Ethnography,,True
lcc_range,3347,Liberian,West,DT630.8..DT636.53,Liberia,,True
lcc_range,3347,Liberian,West,DT633..DT636.4,,,False
lcc_range,3347,Liberian,West,DT634..DT634.3,1847-1944. Republic of Liberia,,True
lcc_range,3347,Liberian,West,DT635..DT636,1944-1971,,True
lcc_range,3348,Libyan,North,DT223..DT223.2,Ethnography | Libya,,True
lcc_range,3348,Libyan,North,DT223.3..DT236,Libya,,True
lcc_range,3348,Libyan,North,DT223.6..DT223.8,Historiography,,True
lcc_range,3348,Libyan,North,DT233..DT234,1801-1912,,True
lcc_range,3349,Maghrib. Barbary States,North,DT188..DT190.2,Description and travel,,True
lcc_range,3349,Maghrib. Barbary States,North,DT193.95..DT204,Maghrib. Barbary States,,False
lcc_range,3350,Malawi. Nyasaland,Southern,DT3161..DT3257,Malawi. Nyasaland,,False
lcc_range,3350,Malawi. Nyasaland,Southern,DT3189..DT3192,Ethnography,,True
lcc_range,3350,Malawi. Nyasaland,Southern,DT3194..DT3237,Malawi. Nyasaland,,False
lcc_range,3350,Malawi. Nyasaland,Southern,DT3196..DT3199,Historiography,,True
lcc_range,3350,Malawi. Nyasaland,Southern,DT3236..DT3237,1964-1994. Banda administration,,True
lcc_range,3350,Malawi. Nyasaland,Southern,DT3237.3..DT3237.8,1994-,,True
lcc_range,3350,Malawi. Nyasaland,Southern,DT3252.A..DT3252.Z,Regions & Administrative Divisions,,True
lcc_range,3350,Malawi. Nyasaland,Southern,DT3254..DT3257,Cities & Towns,,True
lcc_range,3350,Malawi. Nyasaland,Southern,DT3257.A..DT3257.Z,Cities & Towns,,True
lcc_range,3351,Mali,West,DT551..DT551.9,Mali. Mali Federation. Sudanese Republic.,,False
lcc_range,3351,Mali,West,DT551.42..DT551.45,Ethnography,,True
lcc_range,3351,Mali,West,DT551.5..DT551.82,Mali. Mali Federation. Sudanese Republic.,,False
lcc_range,3352,Mauritania,West,DT554..DT554.9,Mauritania,,False
lcc_range,3352,Mauritania,West,DT554.25..DT554.26,"Historic monuments, landmarks, scenery, etc. (General)",,True
lcc_range,3352,Mauritania,West,DT554.42..DT554.45,Ethnography,,True
lcc_range,3352,Mauritania,West,DT554.52..DT554.83,Mauritania,,False
lcc_range,3353,Mozambican,Southern,DT3291..DT3415,Mozambique,,True
lcc_range,3353,Mozambican,Southern,DT3324..DT3328,Ethnography,,True
lcc_range,3353,Mozambican,Southern,DT3330..DT3398,Mozambique,,True
lcc_range,3353,Mozambican,Southern,DT3332..DT3335,Historiography,,True
lcc_range,3353,Mozambican,Southern,DT3412..DT3412.95,Maputo. Lourenço Marques,,True
lcc_range,3353,Mozambican,Southern,DT3412..DT3415,Cities & Towns,,True
lcc_range,3353,Mozambican,Southern,DT3415.A..DT3415.Z,Cities & Towns,,True
lcc_range,3354,Namibia. South-West Africa,Southern,DT1501..DT1685,Namibia. South-West Africa,,False
lcc_range,3354,Namibia. South-West Africa,Southern,DT1554..DT1558,Ethnography,,True
lcc_range,3354,Namibia. South-West Africa,Southern,DT1564..DT1651,Namibia. South-West Africa,,False
lcc_range,3354,Namibia. South-West Africa,Southern,DT1566..DT1568,Historiography,,True
lcc_range,3354,Namibia. South-West Africa,Southern,DT1670.A..DT1670.Z,Regions & Administrative Divisions,,True
lcc_range,3354,Namibia. South-West Africa,Southern,DT1680..DT1685,Cities & Towns,,True
lcc_range,3354,Namibia. South-West Africa,Southern,DT1685.A..DT1685.Z,Cities & Towns,,True
lcc_range,3355,Nigerien,West,DT547..DT547.9,Niger,,True
lcc_range,3355,Nigerien,West,DT547.42..DT547.45,Ethnography,,True
lcc_range,3355,Nigerien,West,DT547.5..DT547.83,Niger,,True
lcc_range,3356,Nigerian,West,DT515..DT515.9,Nigeria,,True
lcc_range,3356,Nigerian,West,DT515.25..DT515.26,"Historic monuments, landmarks, scenery, etc. (General)",,True
lcc_range,3356,Nigerian,West,DT515.42..DT515.45,Ethnography | Nigeria,,True
lcc_range,3356,Nigerian,West,DT515.53..DT515.842,Nigeria,,True
lcc_range,3356,Nigerian,West,DT515.834..DT515.836,1966-1975. Gowon administration,,True
lcc_range,3358,Northwest Africa,North,DT179.2..DT179.9,Northwest Africa,,False
lcc_range,3359,Lusophone West Africa,West,DT591..DT615.9,Portuguese-speaking West Africa,,False
lcc_range,3359,Lusophone West Africa,West,DT612.2..DT615.9,Local History & Places,,True
lcc_range,3360,Guinea-Bissau,Lusophone West Africa,DT613..DT613.9,Guinea-Bissau. Portuguese Guinea,,False
lcc_range,3360,Guinea-Bissau,Lusophone West Africa,DT613.42..DT613.45,Ethnography | Guinea-Bissau. Portuguese Guinea,,False
lcc_range,3360,Guinea-Bissau,Lusophone West Africa,DT613.5..DT613.83,Guinea-Bissau. Portuguese Guinea,,False
lcc_range,3360,Guinea-Bissau,Lusophone West Africa,DT613.62..DT613.63,Foreign and general relations,,True
lcc_range,3360,Guinea-Bissau,Lusophone West Africa,DT613.75..DT613.76,1879-1974. Portuguese colony and territory,,True
lcc_range,3360,Guinea-Bissau,Lusophone West Africa,DT613.8..DT613.83,1974- . Independent,,True
lcc_range,3361,Sao Tome and Principe,Lusophone West Africa,DT615..DT615.9,Sao Tome and Principe,,False
lcc_range,3361,Sao Tome and Principe,Lusophone West Africa,DT615.42..DT615.45,Ethnography | Sao Tome and Principe,,False
lcc_range,3361,Sao Tome and Principe,Lusophone West Africa,DT615.5..DT615.8,Sao Tome and Principe,,False
lcc_range,3361,Sao Tome and Principe,Lusophone West Africa,DT615.62..DT615.63,Foreign and general relations,,True
lcc_range,3361,Sao Tome and Principe,Lusophone West Africa,DT615.8..DT615.83,1975- . Independent,,True
lcc_range,3362,Rwanda. Ruanda-Urundi,East,DT450..DT450.49,East Africa | Rwanda. Ruanda-Urundi,,False
lcc_range,3362,Rwanda. Ruanda-Urundi,East,DT450.17..DT450.18,"Historic monuments, landmarks, scenery, etc. (General)",,True
lcc_range,3362,Rwanda. Ruanda-Urundi,East,DT450.24..DT450.25,Ethnography | Rwanda. Ruanda-Urundi,,False
lcc_range,3362,Rwanda. Ruanda-Urundi,East,DT450.26..DT450.437,Rwanda. Ruanda-Urundi,,False
lcc_range,3363,Senegalese,West,DT549..DT549.9,Senegal,,True
lcc_range,3363,Senegalese,West,DT549.42..DT549.45,Ethnography,,True
lcc_range,3363,Senegalese,West,DT549.47..DT549.83,Senegal,,True
lcc_range,3363,Senegalese,West,DT549.815..DT549.83,1960-2000,,True
lcc_range,3363,Senegalese,West,DT549.84..DT549.86,2000-,,True
lcc_range,3364,Sierra Leonean,West,DT516..DT516.9,Sierra Leone,,False
lcc_range,3364,Sierra Leonean,West,DT516.42..DT516.45,Ethnography | Sierra Leone,,False
lcc_range,3364,Sierra Leonean,West,DT516.5..DT516.82,Sierra Leone,,False
lcc_range,3364,Sierra Leonean,West,DT516.815..DT516.82,"1961-1991. Administrations of Milton Margai, Albert Margai, Shaka Stevens, and Gen. Joseph Momoh",,True
lcc_range,3364,Sierra Leonean,West,DT516.826..DT516.828,1991- . Civil War,,True
lcc_range,3365,Somali & Somaliland,East,DT401..DT409,East Africa | Somalia. Somaliland and adjacent territory,,False
lcc_range,3365,Somali & Somaliland,East,DT402.3..DT402.45,Ethnography | Somalia. Somaliland and adjacent territory,,False
lcc_range,3365,Somali & Somaliland,East,DT402.49..DT407.4,Somalia. Somaliland and adjacent territory,,False
lcc_range,3365,Somali & Somaliland,East,DT407.4..DT407.43,1991-,,True
lcc_range,3366,Southern,African,DT1001..DT1190,Southern Africa,,False
lcc_range,3366,Southern,African,DT1025..DT1026,"Historic monuments, landmarks, scenery, etc.",,True
lcc_range,3366,Southern,African,DT1054..DT1058,Ethnography,,True
lcc_range,3366,Southern,African,DT1066..DT1068,Historiography,,True
lcc_range,3366,Southern,African,DT2831..DT2864,British Central Africa. Federation of Rhodesia,,True
lcc_range,3367,South African,Southern,DT1701..DT2405,South Africa,,False
lcc_range,3367,South African,Southern,DT2405.A..DT2405.Z,Cities & Towns,,True
lcc_range,3367,South African,Southern,DT2405.C36..DT2405.C3695,Cape Town,,True
lcc_range,3367,South African,Southern,DT2405.D88..DT2405.D8895,Durban,,True
lcc_range,3367,South African,Southern,DT2405.J65..DT2405.J6595,Johannesburg,,True
lcc_range,3368,Sudan. Anglo-Egyptian Sudan,East | North,DT154.1..DT159.9,Sudan. Anglo-Egyptian Sudan,,False
lcc_range,3368,Sudan. Anglo-Egyptian Sudan,East | North,DT155.58..DT155.6,,,False
lcc_range,3369,Tanzania & German E. Africa Hist.,East,DT436..DT449,East Africa | Tanzania. Tanganyika. German East Africa,,False
lcc_range,3369,Tanzania & German E. Africa Hist.,East,DT443..DT443.3,Ethnography | Tanzania. Tanganyika. German East Africa,,False
lcc_range,3369,Tanzania & German E. Africa Hist.,East,DT443.4..DT448.25,Tanzania. Tanganyika. German East Africa,,False
lcc_range,3370,Togo. Togoland,West,DT582..DT582.9,Togo. Togoland,,False
lcc_range,3370,Togo. Togoland,West,DT582.42..DT582.45,Ethnography,,True
lcc_range,3370,Togo. Togoland,West,DT582.5..DT582.82,Togo. Togoland,,False
lcc_range,3370,Togo. Togoland,West,DT582.8..DT582.82,1960-2005,,True
lcc_range,3370,Togo. Togoland,West,DT582.84..DT582.852,2005-,,True
lcc_range,3371,Tunisia Tunis,Maghrib. Barbary States,DT193..DT193.95,Ethnography,,True
lcc_range,3371,Tunisia Tunis,Maghrib. Barbary States,DT241..DT269,Maghrib. Barbary States | Tunisia (Tunis),,False
lcc_range,3371,Tunisia Tunis,Maghrib. Barbary States,DT253..DT253.2,Ethnography,,True
lcc_range,3371,Tunisia Tunis,Maghrib. Barbary States,DT253.4..DT264.49,Tunisia (Tunis),,False
lcc_range,3371,Tunisia Tunis,Maghrib. Barbary States,DT268..DT269,Local History & Places | Tunisia (Tunis),,False
lcc_range,3372,Ugandan,East,DT433.2..DT433.29,East Africa | Uganda,,True
lcc_range,3372,Ugandan,East,DT433.225..DT433.226,"Historic monuments, landmarks, scenery, etc. (General)",,True
lcc_range,3372,Ugandan,East,DT433.242..DT433.245,Ethnography | Uganda,,True
lcc_range,3372,Ugandan,East,DT433.252..DT433.287,Uganda,,True
lcc_range,3373,West,African,DT470..DT671,West Africa,,False
lcc_range,3373,West,African,DT474.5..DT474.6,Ethnography,,True
lcc_range,3373,West,African,DT521..DT555.9,French West Africa. French Sahara. West Sahara. Sahel | West Africa,,False
lcc_range,3373,West,African,DT619..DT620.9,West Africa,,False
lcc_range,3375,DR Congo,Central,DT641..DT665,Congo (Democratic Republic). Zaire. Belgian Congo | Zaire. Congo (Democratic Republic). Belgian Congo,,False
lcc_range,3375,DR Congo,Central,DT649.5..DT650,Ethnography,,True
lcc_range,3375,DR Congo,Central,DT650.2..DT650.4,Historiography,,True
lcc_range,3375,DR Congo,Central,DT650.2..DT663,Zaire. Congo (Democratic Republic). Belgian Congo,,False
lcc_range,3376,Zambia. Northern Rhodesia,Southern,DT3031..DT3145,Zambia. Northern Rhodesia,,False
lcc_range,3376,Zambia. Northern Rhodesia,Southern,DT3054..DT3058,Ethnography,,True
lcc_range,3376,Zambia. Northern Rhodesia,Southern,DT3064..DT3119,Zambia. Northern Rhodesia,,False
lcc_range,3376,Zambia. Northern Rhodesia,Southern,DT3066..DT3069,Historiography,,True
lcc_range,3376,Zambia. Northern Rhodesia,Southern,DT3140.A..DT3140.Z,Regions & Administrative Divisions,,True
lcc_range,3376,Zambia. Northern Rhodesia,Southern,DT3142..DT3145,Cities & Towns,,True
lcc_range,3376,Zambia. Northern Rhodesia,Southern,DT3145.A..DT3145.Z,Cities & Towns,,True
lcc_range,3377,Zimbabwe. Southern Rhodesia,Southern,DT2871..DT3025,Zimbabwe. Southern Rhodesia,,False
lcc_range,3377,Zimbabwe. Southern Rhodesia,Southern,DT2895..DT2897,"Historic monuments, landmarks, scenery, etc. (General)",,True
lcc_range,3377,Zimbabwe. Southern Rhodesia,Southern,DT2910..DT2913,Ethnography,,True
lcc_range,3377,Zimbabwe. Southern Rhodesia,Southern,DT2914..DT3000,Zimbabwe. Southern Rhodesia,,False
lcc_range,3377,Zimbabwe. Southern Rhodesia,Southern,DT2916..DT2918,Historiography,,True
lcc_range,3377,Zimbabwe. Southern Rhodesia,Southern,DT2968..DT2970,"First Chimurenga, 1896-1897. Ndebele Revolt, 1896",,True
lcc_range,3377,Zimbabwe. Southern Rhodesia,Southern,DT2988..DT2992,1966-1980. War of National Liberation. Second Chimurenga,,True
lcc_range,3377,Zimbabwe. Southern Rhodesia,Southern,DT3020.A..DT3020.Z,Regions & Administrative Divisions,,True
lcc_range,3377,Zimbabwe. Southern Rhodesia,Southern,DT3022..DT3025,Cities & Towns,,True
lcc_range,3377,Zimbabwe. Southern Rhodesia,Southern,DT3025.A..DT3025.Z,Cities & Towns,,True
lcc_range,3378,African American & Black,U.S.,E184.4..E185.1999,,,False
lcc_range,3379,The Americas,By Region,E11..E143,Americas,,False
lcc_range,3379,The Americas,By Region,E11..E29,Americas,,False
lcc_range,3379,The Americas,By Region,E16..E18.85,,,False
lcc_range,3380,Cuban,Latin American,F1751..F1849.Z,,,False
lcc_range,3380,Cuban,Latin American,F1850..F1855.9.Z,,,False
lcc_range,3381,Dominican Republic,Latin American,F1931..F1941.Z,,,False
lcc_range,3382,Haitian,Latin American,F1912..F1930.Z,,,False
lcc_range,3383,Jamaican,Latin American,F1861..F1896,Greater Antilles | Jamaica,,True
lcc_range,3385,Latin American,By Region,F1401..F1419,Latin America (General),,False
lcc_range,3385,Latin American,By Region,F1421..F1440,Central America,,True
lcc_range,3385,Latin American,By Region,F1601..F1640,,,False
lcc_range,3385,Latin American,By Region,F1900..F1911,,,False
lcc_range,3385,Latin American,By Region,F2201..F2239,South America,,True
lcc_range,3385,Latin American,By Region,F2351..F2354,,,False
lcc_range,3385,Latin American,By Region,F3032..F3032.5,South Georgia and South Sandwich Islands,,True
lcc_range,3386,Bahamas,Latin American,F1650..F1660,Bahamas | Bahamas. Bahama Islands. Lucayos,,False
lcc_range,3386,Bahamas,Latin American,F1660.A1..F1660.Z,Elements in the population,,True
lcc_range,3387,Belizean,Latin American,F1441..F1457,Belize,,True
lcc_range,3387,Belizean,Latin American,F1445..F1445.3,Antiquities. Indians (Ancient and modern),,True
lcc_range,3387,Belizean,Latin American,F1445.5..F1448,Belize,,True
lcc_range,3387,Belizean,Latin American,F1445.6..F1445.7,Historiography,,True
lcc_range,3388,Costa Rican,Latin American,F1541..F1557,Costa Rica,,False
lcc_range,3388,Costa Rican,Latin American,F1545..F1545.3,Antiquities. Indians (Ancient and modern),,True
lcc_range,3388,Costa Rican,Latin American,F1545.5..F1548.23,Costa Rica,,False
lcc_range,3388,Costa Rican,Latin American,F1545.6..F1545.7,Historiography,,True
lcc_range,3389,Guatemalan,Latin American,F1461..F1477,Guatemala,,True
lcc_range,3389,Guatemalan,Latin American,F1465..F1465.3,Antiquities. Indians (Ancient and modern),,True
lcc_range,3389,Guatemalan,Latin American,F1465.5..F1466.7,Guatemala,,True
lcc_range,3389,Guatemalan,Latin American,F1465.6..F1465.7,Historiography,,True
lcc_range,3390,Honduran,Latin American,F1501..F1517,Honduras,,True
lcc_range,3390,Honduran,Latin American,F1504.5..F1505.3,Antiquities. Indians (Ancient and modern),,True
lcc_range,3390,Honduran,Latin American,F1505.5..F1508.33,Honduras,,True
lcc_range,3390,Honduran,Latin American,F1505.6..F1505.7,Historiography,,True
lcc_range,3391,Mexican,Latin American | North American,F1201..F1392,Mexico,,True
lcc_range,3391,Mexican,Latin American | North American,F1223..F1236.6,Mexico,,True
lcc_range,3391,Mexican,Latin American | North American,F1224..F1225,Historiography,,True
lcc_range,3391,Mexican,Latin American | North American,F1246..F1246.3,Baja California,,True
lcc_range,3392,Nicaraguan,Latin American,F1521..F1537,Nicaragua,,True
lcc_range,3392,Nicaraguan,Latin American,F1525..F1525.3,Antiquities. Indians (Ancient and modern),,True
lcc_range,3392,Nicaraguan,Latin American,F1525.5..F1528.22,Nicaragua,,True
lcc_range,3392,Nicaraguan,Latin American,F1525.6..F1525.7,Historiography,,True
lcc_range,3393,Panamanian,Latin American,F1561..F1577,Panama,,True
lcc_range,3393,Panamanian,Latin American,F1565..F1565.3,Antiquities. Indians (Ancient and modern),,True
lcc_range,3393,Panamanian,Latin American,F1565.5..F1567,Panama,,True
lcc_range,3393,Panamanian,Latin American,F1565.6..F1565.7,Historiography,,True
lcc_range,3394,Salvadoran,Latin American,F1481..F1497,Salvador (El Salvador),,True
lcc_range,3394,Salvadoran,Latin American,F1485..F1485.3,Antiquities. Indians (Ancient and modern),,True
lcc_range,3394,Salvadoran,Latin American,F1485.5..F1488.42,Salvador (El Salvador),,True
lcc_range,3394,Salvadoran,Latin American,F1485.6..F1485.7,Historiography,,True
lcc_range,3395,North American,By Region,E31..E49.2,North America,,False
lcc_range,3396,Accounts of the Americas to 1810,The Americas,E141..E143,Descriptive accounts of America. Earliest to 1810,,False
lcc_range,3397,Exploration of the Americas,The Americas,E101..E139,Discovery of America and early explorations,,True
lcc_range,3398,Indians of North America,The Americas,E75..E77.79,,,False
lcc_range,3398,Indians of North America,The Americas,E77.95..E80.99,,,False
lcc_range,3398,Indians of North America,The Americas,E83.896..E84.99,,,False
lcc_range,3398,Indians of North America,The Americas,E87.1..E90.99,,,False
lcc_range,3398,Indians of North America,The Americas,E95.1..E95.99,,,False
lcc_range,3398,Indians of North America,The Americas,E97.66..E98.99,,,False
lcc_range,3399,Pre-Columbian America,The Americas,E51..E73,Pre-Columbian America. The Indians,,False
lcc_range,3399,Pre-Columbian America,The Americas,E51..E74,Pre-Columbian America. The Indians,,False
lcc_range,3399,Pre-Columbian America,The Americas,E53..E54,Collections (nonserial). Collected works,,True
lcc_range,3399,Pre-Columbian America,The Americas,E71..E74,North America (north of Mexico),,False
lcc_range,3400,Canadian,North American,F1001..F1140,Canada,,True
lcc_range,3400,Canadian,North American,F1021..F1021.5,Social life and customs. Civilization. Intellectual life,,True
lcc_range,3400,Canadian,North American,F1024..F1024.6,Historiography,,True
lcc_range,3400,Canadian,North American,F1031..F1034.3,1763-,,True
lcc_range,3400,Canadian,North American,F5000..F5999,,,False
lcc_range,3400,Canadian,North American,FC1..FC4350,,,False
lcc_range,3402,U.S.,North American,E178..E179,,,False
lcc_range,3402,U.S.,North American,E310..E337,1789-1809. Constitutional period | Historical Eras,,True
lcc_range,3403,"Constitutional Era, 1789–1809","By Period | Early Republic, 1775/1783–1861",E310..E310.999,,,False
lcc_range,3403,"Constitutional Era, 1789–1809","By Period | Early Republic, 1775/1783–1861",E337.5..E337.999,,,False
lcc_range,3411,"Early 19th C., 1801/1809–1845","By Period | Early Republic, 1775/1783–1861",E338..E340.999,,,False
lcc_range,3411,"Early 19th C., 1801/1809–1845","By Period | Early Republic, 1775/1783–1861",E365..E369.999,,,False
lcc_range,3411,"Early 19th C., 1801/1809–1845","By Period | Early Republic, 1775/1783–1861",E384..E384.999,,,False
lcc_range,3414,"Mexican War, 1846-1848","By Period | Early Republic, 1775/1783–1861 | U.S.",E401..E415.2,"Historical Eras | Mexican War, 1846-1848",,False
lcc_range,3415,"Mid-19th C., 1845/1848–1861","By Period | Early Republic, 1775/1783–1861",E415.3..E415.999,,,False
lcc_range,3415,"Mid-19th C., 1845/1848–1861","By Period | Early Republic, 1775/1783–1861",E440.5..E440.999,,,False
lcc_range,3416,Political & Foreign Relations,U.S.,E183..E183.3,Political history,,False
lcc_range,3416,Political & Foreign Relations,U.S.,E183.7..E183.8,Diplomatic history. Foreign and general relations,,False
lcc_range,3420,Midwest,Local,F516..F520.5,,,False
lcc_range,3420,Midwest,Local,F558..F558.2,Elements in the population,,True
lcc_range,3421,New England,Local,F1..F15,New England,,False
lcc_range,3422,South,Local,F206..F209.6,,,False
lcc_range,3422,South,Local,F217.A..F217.Z,Regions & Administrative Divisions,,True
lcc_range,3426,Bolivian,Latin American,F3301..F3359,Bolivia | South America,,True
lcc_range,3426,Bolivian,Latin American,F3319..F3320.2,Antiquities. Indians,,True
lcc_range,3426,Bolivian,Latin American,F3320.4..F3320.6,Historiography,,True
lcc_range,3427,Brazilian,Latin American,F2501..F2659,Brazil | South America,,True
lcc_range,3428,Chilean,Latin American,F3051..F3285,Chile | South America,,True
lcc_range,3428,Chilean,Latin American,F3069..F3072,Antiquities. Indians,,True
lcc_range,3428,Chilean,Latin American,F3074..F3076,Historiography,,True
lcc_range,3429,Peruvian,Latin American,F3401..F3619,Peru | South America,,True
lcc_range,3429,Peruvian,Latin American,F3429..F3430.1,Antiquities. Indians,,True
lcc_range,3429,Peruvian,Latin American,F3430.4..F3430.6,Historiography,,True
lcc_range,3430,Venezuelan,Latin American,F2301..F2349,South America | Venezuela,,True
lcc_range,3430,Venezuelan,Latin American,F2318..F2319.3,Antiquities. Indians,,True
lcc_range,3430,Venezuelan,Latin American,F2320..F2320.6,Historiography,,True
lcc_range,3431,Alabama,South,F321..F329.999,,,False
lcc_range,3431,Alabama,South,F335.A1..F335.Z,Elements in the population,,True
lcc_range,3432,Alaska,West,F901..F906.999,,,False
lcc_range,3432,Alaska,West,F907..F910.799,,,False
lcc_range,3432,Alaska,West,F915.A1..F915.Z,Elements in the population,,True
lcc_range,3433,Arizona,West,F806..F820,Arizona,,False
lcc_range,3433,Arizona,West,F817.A..F817.Z,Regions & Administrative Divisions,,True
lcc_range,3433,Arizona,West,F819.A..F819.Z,Cities & Towns,,True
lcc_range,3433,Arizona,West,F819.T9..F819.T99,Tucson,,True
lcc_range,3433,Arizona,West,F820.A1..F820.Z,Elements in the population,,True
lcc_range,3433,Arizona,West,F820.A2..F820.Z,Individual elements,,True
lcc_range,3434,Arkansas,South,F406..F420,Arkansas,,False
lcc_range,3434,Arkansas,South,F415..F415.3,1951-,,True
lcc_range,3434,Arkansas,South,F417.A..F417.Z,Regions & Administrative Divisions,,True
lcc_range,3434,Arkansas,South,F419.A..F419.Z,Cities & Towns,,True
lcc_range,3434,Arkansas,South,F420.A1..F420.Z,Elements in the population,,True
lcc_range,3434,Arkansas,South,F420.A2..F420.Z,Individual elements,,True
lcc_range,3435,California,West,F856..F870,California,,False
lcc_range,3435,California,West,F870.A1..F870.Z,Elements in the population,,True
lcc_range,3435,California,West,F870.A2..F870.Z,Individual elements,,True
lcc_range,3436,Colorado,West,F771..F779.999,,,False
lcc_range,3436,Colorado,West,F780..F781.999,,,False
lcc_range,3436,Colorado,West,F785.A1..F785.Z,Elements in the population,,True
lcc_range,3437,Connecticut,New England,F101..F101.3,1951-,,True
lcc_range,3437,Connecticut,New England,F102.A..F102.Z,Regions & Administrative Divisions,,True
lcc_range,3437,Connecticut,New England,F104.A..F104.Z,Cities & Towns,,True
lcc_range,3437,Connecticut,New England,F104.N6..F104.N69,New Haven,,True
lcc_range,3437,Connecticut,New England,F105.A1..F105.Z,Elements in the population,,True
lcc_range,3437,Connecticut,New England,F105.A2..F105.Z,Individual elements,,True
lcc_range,3437,Connecticut,New England,F91..F105,Connecticut,,False
lcc_range,3438,Delaware,South,F161..F175,Delaware,,False
lcc_range,3438,Delaware,South,F170..F170.4,1951-,,True
lcc_range,3438,Delaware,South,F172.A..F172.Z,Regions & Administrative Divisions,,True
lcc_range,3438,Delaware,South,F174.A..F174.Z,Cities & Towns,,True
lcc_range,3438,Delaware,South,F174.W7..F174.W79,Wilmington,,True
lcc_range,3438,Delaware,South,F175.A1..F175.Z,Elements in the population,,True
lcc_range,3438,Delaware,South,F175.A2..F175.Z,Individual elements,,True
lcc_range,3439,Florida,South,F306..F320,Florida,,False
lcc_range,3439,Florida,South,F317.A..F317.Z,Regions & Administrative Divisions,,True
lcc_range,3439,Florida,South,F320.A1..F320.Z,Elements in the population,,True
lcc_range,3439,Florida,South,F320.A2..F320.Z,Individual elements,,True
lcc_range,3440,Georgia,South,F281..F288.999,,,False
lcc_range,3440,Georgia,South,F289..F291.399,,,False
lcc_range,3440,Georgia,South,F295.A1..F295.Z,Elements in the population,,True
lcc_range,3441,Idaho,West,F741..F755,Idaho,,False
lcc_range,3441,Idaho,West,F750..F750.22,1951-,,True
lcc_range,3441,Idaho,West,F752.A..F752.Z,Regions & Administrative Divisions,,True
lcc_range,3441,Idaho,West,F754.A..F754.Z,Cities & Towns,,True
lcc_range,3441,Idaho,West,F755.A1..F755.Z,Elements in the population,,True
lcc_range,3441,Idaho,West,F755.A2..F755.Z,Individual elements,,True
lcc_range,3442,Illinois,Midwest,F536..F550,Illinois,,False
lcc_range,3442,Illinois,Midwest,F546.2..F546.4,1951-,,True
lcc_range,3442,Illinois,Midwest,F547.A..F547.Z,Regions & Administrative Divisions,,True
lcc_range,3442,Illinois,Midwest,F550.A1..F550.Z,Elements in the population,,True
lcc_range,3442,Illinois,Midwest,F550.A2..F550.Z,Individual elements,,True
lcc_range,3443,Indiana,Midwest,F521..F535,Indiana,,False
lcc_range,3443,Indiana,Midwest,F530..F530.22,1951-,,True
lcc_range,3443,Indiana,Midwest,F532.A..F532.Z,Regions & Administrative Divisions,,True
lcc_range,3443,Indiana,Midwest,F534.A..F534.Z,Cities & Towns,,True
lcc_range,3443,Indiana,Midwest,F534.I3..F534.I39,Indianapolis,,True
lcc_range,3443,Indiana,Midwest,F535.A1..F535.Z,Elements in the population,,True
lcc_range,3443,Indiana,Midwest,F535.A2..F535.Z,Individual elements,,True
lcc_range,3444,Iowa,Midwest,F616..F630,Iowa,,False
lcc_range,3444,Iowa,Midwest,F625..F625.42,1951-,,True
lcc_range,3444,Iowa,Midwest,F627.A..F627.Z,Regions & Administrative Divisions,,True
lcc_range,3444,Iowa,Midwest,F629.A..F629.Z,Cities & Towns,,True
lcc_range,3444,Iowa,Midwest,F630.A1..F630.Z,Elements in the population,,True
lcc_range,3444,Iowa,Midwest,F630.A2..F630.Z,Individual elements,,True
lcc_range,3445,Kansas,Midwest,F676..F690,Kansas,,False
lcc_range,3445,Kansas,Midwest,F686.2..F686.4,1951-,,True
lcc_range,3445,Kansas,Midwest,F687.A..F687.Z,Regions & Administrative Divisions,,True
lcc_range,3445,Kansas,Midwest,F689.A..F689.Z,Cities & Towns,,True
lcc_range,3445,Kansas,Midwest,F690.A1..F690.Z,Elements in the population,,True
lcc_range,3445,Kansas,Midwest,F690.A2..F690.Z,Individual elements,,True
lcc_range,3446,Kentucky,South,F446..F460,Kentucky,,False
lcc_range,3446,Kentucky,South,F456.2..F456.26,1951-,,True
lcc_range,3446,Kentucky,South,F457.A..F457.Z,Regions & Administrative Divisions,,True
lcc_range,3446,Kentucky,South,F459.A..F459.Z,Cities & Towns,,True
lcc_range,3446,Kentucky,South,F459.L8..F459.L89,Louisville,,True
lcc_range,3446,Kentucky,South,F460.A1..F460.Z,Elements in the population,,True
lcc_range,3446,Kentucky,South,F460.A2..F460.Z,Individual elements,,True
lcc_range,3447,Louisiana,South,F366..F380,Louisiana,,False
lcc_range,3447,Louisiana,South,F376..F376.3,1951-,,True
lcc_range,3447,Louisiana,South,F377.A..F377.Z,Regions & Administrative Divisions,,True
lcc_range,3447,Louisiana,South,F380.A1..F380.Z,Elements in the population,,True
lcc_range,3447,Louisiana,South,F380.A2..F380.Z,Individual elements,,True
lcc_range,3448,Maine,New England,F16..F30,Maine,,False
lcc_range,3448,Maine,New England,F26..F26.32,1951-,,True
lcc_range,3448,Maine,New England,F27.A..F27.Z,Regions & Administrative Divisions,,True
lcc_range,3448,Maine,New England,F29.A..F29.Z,Cities & Towns,,True
lcc_range,3448,Maine,New England,F30.A1..F30.Z,Elements in the population,,True
lcc_range,3448,Maine,New England,F30.A2..F30.Z,Individual elements,,True
lcc_range,3449,Maryland,South,F176..F183.999,,,False
lcc_range,3449,Maryland,South,F184..F186.399,,,False
lcc_range,3449,Maryland,South,F190.A1..F190.Z,Elements in the population,,True
lcc_range,3450,Massachusetts,New England,F61..F75,Massachusetts,,False
lcc_range,3450,Massachusetts,New England,F75.A1..F75.Z,Elements in the population,,True
lcc_range,3450,Massachusetts,New England,F75.A2..F75.Z,Individual elements,,True
lcc_range,3451,Michigan,Midwest,F561..F569.999,,,False
lcc_range,3451,Michigan,Midwest,F570..F570.299,,,False
lcc_range,3451,Michigan,Midwest,F575.A1..F575.Z,Elements in the population,,True
lcc_range,3452,Minnesota,Midwest,F601..F615,Minnesota,,False
lcc_range,3452,Minnesota,Midwest,F610..F610.3,1951-,,True
lcc_range,3452,Minnesota,Midwest,F612.A..F612.Z,Regions & Administrative Divisions,,True
lcc_range,3452,Minnesota,Midwest,F614.A..F614.Z,Cities & Towns,,True
lcc_range,3452,Minnesota,Midwest,F614.M5..F614.M59,Minneapolis,,True
lcc_range,3452,Minnesota,Midwest,F615.A1..F615.Z,Elements in the population,,True
lcc_range,3453,Mississippi,South,F336..F350,Mississippi,,False
lcc_range,3453,Mississippi,South,F345..F345.3,1951-,,True
lcc_range,3453,Mississippi,South,F347.A..F347.Z,Regions & Administrative Divisions,,True
lcc_range,3453,Mississippi,South,F349.A..F349.Z,Cities & Towns,,True
lcc_range,3453,Mississippi,South,F350.A1..F350.Z,Elements in the population,,True
lcc_range,3453,Mississippi,South,F350.A2..F350.Z,Individual elements,,True
lcc_range,3454,Missouri,Midwest,F461..F475,Missouri,,False
lcc_range,3454,Missouri,Midwest,F472.A..F472.Z,Regions & Administrative Divisions,,True
lcc_range,3454,Missouri,Midwest,F474.A..F474.Z,Cities & Towns,,True
lcc_range,3454,Missouri,Midwest,F474.K2..F474.K29,Kansas City,,True
lcc_range,3454,Missouri,Midwest,F474.S2..F474.S29,Saint Louis,,True
lcc_range,3454,Missouri,Midwest,F475.A1..F475.Z,Elements in the population,,True
lcc_range,3454,Missouri,Midwest,F475.A2..F475.Z,Individual elements,,True
lcc_range,3455,Montana,West,F726..F740,Montana,,False
lcc_range,3455,Montana,West,F737.A..F737.Z,Regions & Administrative Divisions,,True
lcc_range,3455,Montana,West,F739.A..F739.Z,Cities & Towns,,True
lcc_range,3455,Montana,West,F740.A1..F740.Z,Elements in the population,,True
lcc_range,3455,Montana,West,F740.A2..F740.Z,Individual elements,,True
lcc_range,3456,Nebraska,Midwest,F661..F675,Nebraska,,False
lcc_range,3456,Nebraska,Midwest,F670..F670.4,1951-,,True
lcc_range,3456,Nebraska,Midwest,F672.A..F672.Z,Regions & Administrative Divisions,,True
lcc_range,3456,Nebraska,Midwest,F674.A..F674.Z,Cities & Towns,,True
lcc_range,3456,Nebraska,Midwest,F674.O5..F674.O59,Omaha,,True
lcc_range,3456,Nebraska,Midwest,F675.A1..F675.Z,Elements in the population,,True
lcc_range,3456,Nebraska,Midwest,F675.A2..F675.Z,Individual elements,,True
lcc_range,3457,Nevada,West,F836..F850,Nevada,,False
lcc_range,3457,Nevada,West,F845..F845.25,1951-,,True
lcc_range,3457,Nevada,West,F847.A..F847.Z,Regions & Administrative Divisions,,True
lcc_range,3457,Nevada,West,F849.A..F849.Z,Cities & Towns,,True
lcc_range,3457,Nevada,West,F850.A1..F850.Z,Elements in the population,,True
lcc_range,3457,Nevada,West,F850.A2..F850.Z,Individual elements,,True
lcc_range,3458,New Hampshire,New England,F31..F45,New Hampshire,,False
lcc_range,3458,New Hampshire,New England,F41.6.A..F41.6.Z,Regions & Administrative Divisions,,True
lcc_range,3458,New Hampshire,New England,F42.A..F42.Z,Regions & Administrative Divisions,,True
lcc_range,3458,New Hampshire,New England,F44.A..F44.Z,Cities & Towns,,True
lcc_range,3458,New Hampshire,New England,F45.A1..F45.Z,Elements in the population,,True
lcc_range,3458,New Hampshire,New England,F45.A2..F45.Z,Individual elements,,True
lcc_range,3459,New Jersey,Middle Atlantic,F131..F136.999,,,False
lcc_range,3459,New Jersey,Middle Atlantic,F137..F140.299,,,False
lcc_range,3459,New Jersey,Middle Atlantic,F145.A1..F145.Z,Elements in the population,,True
lcc_range,3460,New Mexico,West,F791..F805,New Mexico,,False
lcc_range,3460,New Mexico,West,F801.2..F801.4,1951-,,True
lcc_range,3460,New Mexico,West,F802.A..F802.Z,Regions & Administrative Divisions,,True
lcc_range,3460,New Mexico,West,F804.A..F804.Z,Cities & Towns,,True
lcc_range,3460,New Mexico,West,F804.S2..F804.S29,Santa Fe,,True
lcc_range,3460,New Mexico,West,F805.A1..F805.Z,Elements in the population,,True
lcc_range,3460,New Mexico,West,F805.A2..F805.Z,Individual elements,,True
lcc_range,3461,New York,Middle Atlantic,F116..F130,New York,,False
lcc_range,3461,New York,Middle Atlantic,F122..F122.1,Early to 1775,,True
lcc_range,3461,New York,Middle Atlantic,F125..F125.3,1951-,,True
lcc_range,3461,New York,Middle Atlantic,F129.A3..F129.A39,Albany,,True
lcc_range,3461,New York,Middle Atlantic,F129.B8..F129.B89,Buffalo,,True
lcc_range,3461,New York,Middle Atlantic,F129.R7..F129.R79,Rochester,,True
lcc_range,3461,New York,Middle Atlantic,F130.A1..F130.Z,Elements in the population,,True
lcc_range,3461,New York,Middle Atlantic,F130.A2..F130.Z,Individual elements,,True
lcc_range,3462,North Carolina,South,F251..F256.999,,,False
lcc_range,3462,North Carolina,South,F257..F261.999,,,False
lcc_range,3462,North Carolina,South,F265.A1..F265.Z,Elements in the population,,True
lcc_range,3463,North Dakota,Midwest,F631..F645,North Dakota,,False
lcc_range,3463,North Dakota,Midwest,F642.A..F642.Z,Regions & Administrative Divisions,,True
lcc_range,3463,North Dakota,Midwest,F644.A..F644.Z,Cities & Towns,,True
lcc_range,3463,North Dakota,Midwest,F645.A1..F645.Z,Elements in the population,,True
lcc_range,3463,North Dakota,Midwest,F645.A2..F645.Z,Individual elements,,True
lcc_range,3464,Ohio,Midwest,F486..F494.999,,,False
lcc_range,3464,Ohio,Midwest,F495..F496.499,,,False
lcc_range,3464,Ohio,Midwest,F500.A1..F500.Z,Elements in the population,,True
lcc_range,3465,Oklahoma,South,F691..F705,Oklahoma,,False
lcc_range,3465,Oklahoma,South,F698..F699,1890-1907,,True
lcc_range,3465,Oklahoma,South,F702.A..F702.Z,Regions & Administrative Divisions,,True
lcc_range,3465,Oklahoma,South,F704.A..F704.Z,Cities & Towns,,True
lcc_range,3465,Oklahoma,South,F705.A1..F705.Z,Elements in the population,,True
lcc_range,3465,Oklahoma,South,F705.A2..F705.Z,Individual elements,,True
lcc_range,3466,Oregon,West,F871..F885,Oregon,,False
lcc_range,3466,Oregon,West,F881.2..F881.35,1951-,,True
lcc_range,3466,Oregon,West,F882.A..F882.Z,Regions & Administrative Divisions,,True
lcc_range,3466,Oregon,West,F884.A..F884.Z,Cities & Towns,,True
lcc_range,3466,Oregon,West,F884.P8..F884.P89,Portland,,True
lcc_range,3466,Oregon,West,F885.A1..F885.Z,Elements in the population,,True
lcc_range,3466,Oregon,West,F885.A2..F885.Z,Individual elements,,True
lcc_range,3467,Pennsylvania,Middle Atlantic,F146..F160,Pennsylvania,,False
lcc_range,3467,Pennsylvania,Middle Atlantic,F155..F155.3,1951-,,True
lcc_range,3467,Pennsylvania,Middle Atlantic,F160.A1..F160.Z,Elements in the population,,True
lcc_range,3467,Pennsylvania,Middle Atlantic,F160.A2..F160.Z,Individual elements,,True
lcc_range,3468,Rhode Island,New England,F76..F90,Rhode Island,,False
lcc_range,3468,Rhode Island,New England,F87.A..F87.Z,Regions & Administrative Divisions,,True
lcc_range,3468,Rhode Island,New England,F89.A..F89.Z,Cities & Towns,,True
lcc_range,3468,Rhode Island,New England,F89.P9..F89.P99,Providence,,True
lcc_range,3468,Rhode Island,New England,F90.A1..F90.Z,Elements in the population,,True
lcc_range,3468,Rhode Island,New England,F90.A2..F90.Z,Individual elements,,True
lcc_range,3469,Carolina,South,F266..F271.999,,,False
lcc_range,3469,Carolina,South,F272..F275.499,,,False
lcc_range,3469,Carolina,South,F280.A1..F280.Z,Elements in the population,,True
lcc_range,3470,South Dakota,Midwest,F646..F660,South Dakota,,False
lcc_range,3470,South Dakota,Midwest,F656.2..F656.4,1951-,,True
lcc_range,3470,South Dakota,Midwest,F657.A..F657.Z,Regions & Administrative Divisions,,True
lcc_range,3470,South Dakota,Midwest,F659.A..F659.Z,Cities & Towns,,True
lcc_range,3470,South Dakota,Midwest,F660.A1..F660.Z,Elements in the population,,True
lcc_range,3470,South Dakota,Midwest,F660.A2..F660.Z,Individual elements,,True
lcc_range,3471,Tennessee,South,F431..F439.999,,,False
lcc_range,3471,Tennessee,South,F440..F440.299,,,False
lcc_range,3471,Tennessee,South,F445.A1..F445.Z,Elements in the population,,True
lcc_range,3472,Texas,South,F381..F395,Texas,,False
lcc_range,3472,Texas,South,F395.A1..F395.Z,Elements in the population,,True
lcc_range,3472,Texas,South,F395.A2..F395.Z,Individual elements,,True
lcc_range,3473,Utah,West,F821..F825,Utah,,False
lcc_range,3473,Utah,West,F821..F835,Utah,,False
lcc_range,3473,Utah,West,F832.A..F832.Z,Regions & Administrative Divisions,,True
lcc_range,3473,Utah,West,F834.A..F834.Z,Cities & Towns,,True
lcc_range,3473,Utah,West,F834.S2..F834.S29,Salt Lake City,,True
lcc_range,3473,Utah,West,F835.A1..F835.Z,Elements in the population,,True
lcc_range,3473,Utah,West,F835.A2..F835.Z,Individual elements,,True
lcc_range,3474,Vermont,New England,F46..F60,Vermont,,False
lcc_range,3474,Vermont,New England,F55..F55.22,1951-,,True
lcc_range,3474,Vermont,New England,F57.A..F57.Z,Regions & Administrative Divisions,,True
lcc_range,3474,Vermont,New England,F59.A..F59.Z,Cities & Towns,,True
lcc_range,3474,Vermont,New England,F60.A1..F60.Z,Elements in the population,,True
lcc_range,3474,Vermont,New England,F60.A2..F60.Z,Individual elements,,True
lcc_range,3475,Virginia,South,F221..F228.999,,,False
lcc_range,3475,Virginia,South,F235.A1..F235.Z,Elements in the population,,True
lcc_range,3476,Washington,West,F886..F900,Washington,,False
lcc_range,3476,Washington,West,F895..F895.22,1951-,,True
lcc_range,3476,Washington,West,F897.A..F897.Z,Regions & Administrative Divisions,,True
lcc_range,3476,Washington,West,F899.A..F899.Z,Cities & Towns,,True
lcc_range,3476,Washington,West,F900.A1..F900.Z,Elements in the population,,True
lcc_range,3476,Washington,West,F900.A2..F900.Z,Individual elements,,True
lcc_range,3477,West Virginia,South,F236..F250,West Virginia,,False
lcc_range,3477,West Virginia,South,F245..F245.42,1951-,,True
lcc_range,3477,West Virginia,South,F247.A..F247.Z,Regions & Administrative Divisions,,True
lcc_range,3477,West Virginia,South,F249.A..F249.Z,Cities & Towns,,True
lcc_range,3477,West Virginia,South,F250.A1..F250.Z,Elements in the population,,True
lcc_range,3477,West Virginia,South,F250.A2..F250.Z,Individual elements,,True
lcc_range,3478,Wisconsin,Midwest,F576..F590,Wisconsin,,False
lcc_range,3478,Wisconsin,Midwest,F586.2..F586.42,1951-,,True
lcc_range,3478,Wisconsin,Midwest,F587.A..F587.Z,Regions & Administrative Divisions,,True
lcc_range,3478,Wisconsin,Midwest,F589.A..F589.Z,Cities & Towns,,True
lcc_range,3478,Wisconsin,Midwest,F589.M1..F589.M19,Madison,,True
lcc_range,3478,Wisconsin,Midwest,F589.M6..F589.M69,Milwaukee,,True
lcc_range,3478,Wisconsin,Midwest,F590.A1..F590.Z,Elements in the population,,True
lcc_range,3478,Wisconsin,Midwest,F590.A2..F590.Z,Individual elements,,True
lcc_range,3478,Wisconsin,Midwest,F591..F591.999,,,False
lcc_range,3479,Wyoming,West,F756..F770,Wyoming,,False
lcc_range,3479,Wyoming,West,F765..F765.22,1951-,,True
lcc_range,3479,Wyoming,West,F767.A..F767.Z,Regions & Administrative Divisions,,True
lcc_range,3479,Wyoming,West,F769.A..F769.Z,Cities & Towns,,True
lcc_range,3479,Wyoming,West,F770.A1..F770.Z,Elements in the population,,True
lcc_range,3479,Wyoming,West,F770.A2..F770.Z,Individual elements,,True
lcc_range,3481,Ancient Egypt,Ancient | By Period,DT57..DT65,Ancient Egypt. Egyptology,,False
lcc_range,3481,Ancient Egypt,Ancient | By Period,DT83..DT93,Ancient and early to 638 A.D.,,False
lcc_range,3484,Archaeology,Auxiliary Sciences,CC1..CC960,Archaeology,,False
lcc_range,3485,Asian,By Region,DS1..DS937,Asia,,True
lcc_range,3485,Asian,By Region,DS31..DS35.2,Asia,,True
lcc_range,3485,Asian,By Region,DS32.5..DS32.7,Historiography,,True
lcc_range,3486,Afghan,Asian | South,DS350..DS375,Afghanistan,,True
lcc_range,3486,Afghan,Asian | South,DS354.5..DS354.6,Afghanistan | Ethnography,,True
lcc_range,3486,Afghan,Asian | South,DS354.9..DS371.3,Afghanistan,,True
lcc_range,3486,Afghan,Asian | South,DS355.2..DS355.4,Historiography,,True
lcc_range,3487,Arab countries,Middle Eastern,DS36..DS39.2,Arab countries,,False
lcc_range,3487,Arab countries,Middle Eastern,DS36.59..DS36.65,Description and travel,,True
lcc_range,3487,Arab countries,Middle Eastern,DS36.77..DS36.88,Social life and customs. Civilization. Intellectual life,,True
lcc_range,3487,Arab countries,Middle Eastern,DS36.8..DS36.88,Civilization and culture. Intellectual life,,True
lcc_range,3487,Arab countries,Middle Eastern,DS36.85..DS36.88,622-1517. Medieval Islamic civilization (General),,True
lcc_range,3487,Arab countries,Middle Eastern,DS37..DS39.2,Arab countries,,False
lcc_range,3487,Arab countries,Middle Eastern,DS37.4..DS37.5,Historiography,,True
lcc_range,3488,Armenian,Middle Eastern,DS173..DS195.5,Armenia,,True
lcc_range,3488,Armenian,Middle Eastern,DS174.7..DS174.9,Historiography,,True
lcc_range,3489,Asia Minor,Asian,DS155..DS156,Asia Minor,,False
lcc_range,3490,Bangladesh. East Pakistan,South,DS393..DS396.9,Bangladesh. East Pakistan,,False
lcc_range,3490,Bangladesh. East Pakistan,South,DS393.8..DS393.812,Social life and customs. Civilization. Intellectual life,,True
lcc_range,3490,Bangladesh. East Pakistan,South,DS393.82..DS393.83,Bangladesh. East Pakistan | Ethnography,,False
lcc_range,3490,Bangladesh. East Pakistan,South,DS394.2..DS394.24,Historiography,,True
lcc_range,3490,Bangladesh. East Pakistan,South,DS394.2..DS395.7,Bangladesh. East Pakistan,,False
lcc_range,3491,Bhutanese,South,DS491..DS492.9,Bhutan,,True
lcc_range,3492,Bruneian,Southeast,DS650..DS650.99,Brunei,,True
lcc_range,3492,Bruneian,Southeast,DS650.42..DS650.43,Ethnography,,True
lcc_range,3492,Bruneian,Southeast,DS650.44..DS650.83,Brunei,,True
lcc_range,3492,Bruneian,Southeast,DS650.64..DS650.66,1906-1959,,True
lcc_range,3492,Bruneian,Southeast,DS650.7..DS650.73,1959-1984,,True
lcc_range,3493,Chinese,East,DS701..DS713.99,,,False
lcc_range,3493,Chinese,East,DS733..DS779.32,China,,True
lcc_range,3493,Chinese,East,DS734.7..DS734.97,Historiography,,True
lcc_range,3493,Chinese,East,DS735.A2..DS735.Z,,,False
lcc_range,3493,Chinese,East,DS735.A3..DS735.Z,,,False
lcc_range,3493,Chinese,East,DS740.4..DS740.5,Diplomatic history. Foreign and general relations,,True
lcc_range,3493,Chinese,East,DS740.6..DS740.65,China and the Far Eastern question,,True
lcc_range,3494,East,Asian,DS501..DS518.9,East Asia,,False
lcc_range,3495,French Indochina,Southeast,DS531..DS553.7,,,False
lcc_range,3496,Indian,South,DS401..DS486.8,India (Bharat),,True
lcc_range,3496,Indian,South,DS436.A3..DS436.Z,,,False
lcc_range,3497,Indonesian,Southeast,DS611..DS649,Indonesia (Dutch East Indies),,True
lcc_range,3497,Indonesian,Southeast,DS615.4..DS615.5,"Historic monuments, landmarks, scenery, etc. (General)",,True
lcc_range,3497,Indonesian,Southeast,DS617..DS620.2,Description and travel,,True
lcc_range,3497,Indonesian,Southeast,DS633..DS644.62,Indonesia (Dutch East Indies),,True
lcc_range,3497,Indonesian,Southeast,DS633.5..DS633.7,Historiography,,True
lcc_range,3497,Indonesian,Southeast,DS641.5..DS641.62,1478-1602. Muslim rule,,True
lcc_range,3497,Indonesian,Southeast,DS646.1..DS646.15,Indonesia (Dutch East Indies) | Sumatra,,True
lcc_range,3497,Indonesian,Southeast,DS646.17..DS646.29,Indonesia (Dutch East Indies) | Java,,True
lcc_range,3497,Indonesian,Southeast,DS646.4..DS646.49,Celebes. Sulawesi | Indonesia (Dutch East Indies),,True
lcc_range,3497,Indonesian,Southeast,DS646.5..DS646.59,Indonesia (Dutch East Indies) | Timor,,True
lcc_range,3497,Indonesian,Southeast,DS646.65..DS646.66,Ethnography,,True
lcc_range,3498,Japanese,East,DS801..DS897,Japan,,True
lcc_range,3498,Japanese,East,DS833..DS891.5,Japan,,True
lcc_range,3499,Jordan. Transjordan,Middle Eastern,DS153..DS154.9,Jordan. Transjordan,,False
lcc_range,3499,Jordan. Transjordan,Middle Eastern,DS153.5..DS153.55,Ethnography | Jordan. Transjordan,,False
lcc_range,3499,Jordan. Transjordan,Middle Eastern,DS153.7..DS154.55,Jordan. Transjordan,,False
lcc_range,3500,Korean,East,DS901..DS937,Korea,,True
lcc_range,3500,Korean,East,DS902.15..DS902.16,"Historic monuments, landmarks, scenery, etc. (General)",,True
lcc_range,3500,Korean,East,DS904.79..DS922.4642,Korea,,True
lcc_range,3500,Korean,East,DS907.14..DS907.18,,,False
lcc_range,3501,Lebanon Phenicia,Middle Eastern,DS80..DS90,Lebanon (Phenicia),,False
lcc_range,3501,Lebanon Phenicia,Middle Eastern,DS80.5..DS80.55,Ethnography | Lebanon (Phenicia),,False
lcc_range,3501,Lebanon Phenicia,Middle Eastern,DS80.7..DS87.53,Lebanon (Phenicia),,False
lcc_range,3501,Lebanon Phenicia,Middle Eastern,DS80.8..DS80.825,Historiography,,True
lcc_range,3502,Malay Archipelago,Southeast,DS600..DS605,Malay Archipelago,,False
lcc_range,3503,Malaysian & Straits,Southeast,DS591..DS599,Malaysia. Malay Peninsula. Straits Settlements,,False
lcc_range,3503,Malaysian & Straits,Southeast,DS592.4..DS592.6,Description and travel,,True
lcc_range,3503,Malaysian & Straits,Southeast,DS595..DS595.2,Ethnography | Malaysia. Malay Peninsula. Straits Settlements,,False
lcc_range,3503,Malaysian & Straits,Southeast,DS595.8..DS595.9,Malaysia. Malay Peninsula. Straits Settlements,,False
lcc_range,3503,Malaysian & Straits,Southeast,DS597.22..DS597.39,East Malaysia (General),,True
lcc_range,3503,Malaysian & Straits,Southeast,DS597.33..DS597.34,Local History & Places | Sabah. British North Borneo,,True
lcc_range,3503,Malaysian & Straits,Southeast,DS597.334..DS597.335,Ethnography,,True
lcc_range,3503,Malaysian & Straits,Southeast,DS597.36..DS597.39,Local History & Places | Sarawak,,True
lcc_range,3503,Malaysian & Straits,Southeast,DS597.366..DS597.367,Ethnography,,True
lcc_range,3504,Nepalese,South,DS493..DS495.8,Nepal,,True
lcc_range,3505,Pakistani,South,DS376..DS392.2,Pakistan,,True
lcc_range,3505,Pakistani,South,DS381..DS389.22,Pakistan,,True
lcc_range,3506,Philippine,Southeast,DS651..DS689,Philippines,,True
lcc_range,3506,Philippine,Southeast,DS657.2..DS660,Description and travel,,True
lcc_range,3506,Philippine,Southeast,DS663..DS664,Social life and customs,,True
lcc_range,3506,Philippine,Southeast,DS667.2..DS667.26,Historiography,,True
lcc_range,3506,Philippine,Southeast,DS668.A2..DS668.Z,,,False
lcc_range,3506,Philippine,Southeast,DS668.A3..DS668.Z,,,False
lcc_range,3507,Singaporean,Southeast,DS608..DS610.9,Singapore,,True
lcc_range,3507,Singaporean,Southeast,DS609.5..DS609.7,Description and travel,,True
lcc_range,3507,Singaporean,Southeast,DS610.3..DS610.73,Singapore,,True
lcc_range,3508,South,Asian,DS331..DS349.9,South Asia,,False
lcc_range,3508,South,Asian,DS339.2..DS339.4,Ethnography,,True
lcc_range,3509,Southeast,Asian,DS520..DS526.7,,,False
lcc_range,3510,Sri Lankan,South,DS488..DS490,Sri Lanka,,False
lcc_range,3510,Sri Lankan,South,DS489.2..DS489.25,Sri Lanka,,False
lcc_range,3510,Sri Lankan,South,DS489.5..DS489.86,Sri Lanka,,False
lcc_range,3511,Thai,Southeast,DS561..DS589,Thailand (Siam),,True
lcc_range,3511,Thai,Southeast,DS564..DS566.2,Description and travel,,True
lcc_range,3511,Thai,Southeast,DS569..DS570,Ethnography | Thailand (Siam),,True
lcc_range,3511,Thai,Southeast,DS570.95..DS570.97,Historiography,,True
lcc_range,3511,Thai,Southeast,DS570.95..DS586,Thailand (Siam),,True
lcc_range,3512,The Islamic World,Asian,DS35.3..DS35.77,The Islamic World,,False
lcc_range,3512,The Islamic World,Asian,DS35.626..DS35.68,The Islamic World,,False
lcc_range,3512,The Islamic World,Asian,DS35.65..DS35.67,Historiography,,True
lcc_range,3513,Vietnamese,Southeast,DS556..DS559.93,French Indochina,,True
lcc_range,3513,Vietnamese,Southeast,DS557..DS559.9,Vietnam. Annam,,True
lcc_range,3514,Auxiliary Sciences,History,C1..C51,Auxiliary Sciences of History,,False
lcc_range,3517,European,By Region,D2010..D2010.5,Foreign and general relations,,True
lcc_range,3517,European,By Region,D900..D2027,Europe,,True
lcc_range,3520,Benelux Countries,West,DH141..DH207,Benelux Countries,,False
lcc_range,3520,Benelux Countries,West,DH171..DH184,1384-1555,,True
lcc_range,3520,Benelux Countries,West,DH91..DH92,Ethnography,,True
lcc_range,3520,Benelux Countries,West,DH95..DH207,Benelux Countries,,False
lcc_range,3520,Benelux Countries,West,DH95..DH97,Historiography,,True
lcc_range,3521,British Isles,West,DA1..DA3,Historiography,,True
lcc_range,3521,British Isles,West,DA1..DA995,British Isles,,False
lcc_range,3523,French,West,DC1..DC919,,,False
lcc_range,3523,French,West,DC37..DC38,,,False
lcc_range,3524,German,Central,DD801.A..DD801.Z,Regions & Administrative Divisions,,True
lcc_range,3524,German,Central,DD84..DD120,,,False
lcc_range,3524,German,Central,DD87..DD89,,,False
lcc_range,3530,Scottish,British Isles,DA750..DA890,Scotland,,True
lcc_range,3530,Scottish,British Isles,DA757.9..DA826,Scotland,,True
lcc_range,3530,Scottish,British Isles,DA759..DA759.7,Historiography,,True
lcc_range,3532,"Tudor & Elizabethan Era, 1485–1603",By Period,DA350..DA360,"Tudors, 1485-1603",,True
lcc_range,3534,Welsh,British Isles,DA700..DA745,Wales,,True
lcc_range,3534,Welsh,British Isles,DA713.5..DA722.1,Wales,,True
lcc_range,3535,Greek,South,DF10..DF951,Greece,,True
lcc_range,3537,Austrian,Central,DB37..DB38,,,False
lcc_range,3537,Austrian,Central,DB60..DB64,,,False
lcc_range,3538,Czechoslovak,Central,DB2043.92..DB2079.Z,,,False
lcc_range,3538,Czechoslovak,Central,DB2061..DB2063,,,False
lcc_range,3538,Czechoslovak,Central,DB2650.A..DB2650.Z,Cities & Towns,,True
lcc_range,3539,Hungarian,Central,DB901..DB999,Hungary,,True
lcc_range,3539,Hungarian,Central,DB906.6..DB906.7,"Historic monuments, landmarks, scenery, etc. (General)",,True
lcc_range,3539,Hungarian,Central,DB921..DB958.6,Hungary,,True
lcc_range,3539,Hungarian,Central,DB923..DB923.7,Historiography,,True
lcc_range,3539,Hungarian,Central,DB924..DB925,,,False
lcc_range,3539,Hungarian,Central,DB927..DB958.6,Hungary,,True
lcc_range,3539,Hungarian,Central,DB932.95..DB933.3,1792-1918. 19th century,,True
lcc_range,3539,Hungarian,Central,DB940..DB945,1792-1918. 19th century | 1849-1918,,True
lcc_range,3539,Hungarian,Central,DB946..DB958.6,20th century,,True
lcc_range,3539,Hungarian,Central,DB974.9..DB975,"Counties, regions, etc. | Local history and description",,True
lcc_range,3539,Hungarian,Central,DB998.9..DB999,Cities & Towns,,True
lcc_range,3540,Slovak,Central,DB2743.9..DB2784.Z,,,False
lcc_range,3540,Slovak,Central,DB2761..DB2763,,,False
lcc_range,3544,Albanian,Balkan Peninsula,DR926.92..DR953.Z,,,False
lcc_range,3544,Albanian,Balkan Peninsula,DR939.5..DR941,,,False
lcc_range,3545,Bulgarian,Balkan Peninsula,DR65..DR73.Z,,,False
lcc_range,3545,Bulgarian,Balkan Peninsula,DR73.7..DR74.25,,,False
lcc_range,3546,Croatian,Balkan Peninsula,DR1502..DR1645,Croatia | Local History & Places,,True
lcc_range,3548,Romanian,Balkan Peninsula,DR215..DR237.Z,,,False
lcc_range,3549,Serbian,Balkan Peninsula,DR1932..DR2125,Local History & Places | Serbia,,True
lcc_range,3550,Thrace,Balkan Peninsula,DR50..DR50.84,Thrace,,False
lcc_range,3551,Turkish,Balkan Peninsula,DR436..DR480.Z,,,False
lcc_range,3551,Turkish,Balkan Peninsula,DR439..DR440,,,False
lcc_range,3552,Central,European,DAW1001..DAW1051,Central Europe,,False
lcc_range,3552,Central,European,DAW1026..DAW1028,Ethnography,,True
lcc_range,3552,Central,European,DAW1030.2..DAW1051,Central Europe,,False
lcc_range,3552,Central,European,DAW1032..DAW1034,Historiography,,True
lcc_range,3552,Central,European,DAW1044..DAW1045,Foreign and general relations,,True
lcc_range,3552,Central,European,DB101..DB785,Local history and description | Regions & Administrative Divisions,,True
lcc_range,3552,Central,European,DB881..DB898,Liechtenstein,,True
lcc_range,3552,Central,European,DB891..DB894,Liechtenstein,,True
lcc_range,3553,16th Century,By Period,DC111..DC120,"1515-1589. 16th century | Modern, 1515-",,True
lcc_range,3554,Andorran,Iberia,DC921..DC930,Andorra,,True
lcc_range,3556,"Reformation, 1519–1648","Early Modern, 1519–1815",DD176..DD189,"1519-1648. Reformation and Counter-reformation | Modern, 1519-",,False
lcc_range,3556,"Reformation, 1519–1648","Early Modern, 1519–1815",DD181..DD183,1519-1648. Reformation and Counter-reformation,,False
lcc_range,3556,"Reformation, 1519–1648","Early Modern, 1519–1815",DD184..DD184.7,1519-1648. Reformation and Counter-reformation,,False
lcc_range,3561,"Empire, 1871–1918",By Period,DD217..DD231,"Modern, 1519- | New Empire, 1871-1918",,False
lcc_range,3562,Prussia,German,DD301..DD454.2,Prussia,,False
lcc_range,3563,"Weimar Republic, 1918–1933",By Period,DD232..DD252.Z,,,False
lcc_range,3564,"Federal Republic, 1949–1990",By Period,DD258..DD279,,,False
lcc_range,3565,British Empire & Commonwealth,British Isles,DA10..DA18.2,British Empire. Commonwealth of Nations. The,,False
lcc_range,3565,British Empire & Commonwealth,British Isles,DA18..DA18.2,Political history. Imperial federation,,True
lcc_range,3566,English,British Isles,DA20..DA592,,,False
lcc_range,3566,English,British Isles,DA32.A1..DA32.Z,,,False
lcc_range,3569,"Late Medieval, 1268–1492","Medieval Era, 476–1492",DG532..DG537.8,1268-1492 | Renaissance. 14th-16th centuries,,True
lcc_range,3570,"Early Medieval, 476–1268","Medieval Era, 476–1492",DG503..DG529,"476-1268 | Medieval Italy, 476–1492",,False
lcc_range,3571,"Ancient Era, to 476",By Period,DG203..DG204,,,False
lcc_range,3571,"Ancient Era, to 476",By Period,DG205..DG206,Historiography,,True
lcc_range,3571,"Ancient Era, to 476",By Period,DG207..DG209,,,False
lcc_range,3571,"Ancient Era, to 476",By Period,DG214..DG215,Foreign and general relations,,True
lcc_range,3572,Roman Empire,"Ancient Era, to 476",DG269.5..DG365,"Empire, 27 B.C. - 476 A.D.",,False
lcc_range,3572,Roman Empire,"Ancient Era, to 476",DG275..DG309.3,"Constitutional empire, 27 B.C.-284 A.D. | Empire, 27 B.C. - 476 A.D.",,False
lcc_range,3572,Roman Empire,"Ancient Era, to 476",DG310..DG365,"284-476. Decline and fall | Empire, 27 B.C. - 476 A.D.",,False
lcc_range,3572,Roman Empire,"Ancient Era, to 476",DG316..DG317.7,337-364,,True
lcc_range,3573,Kingdom & Republic,"Ancient Era, to 476",DG231..DG240,"Kings and Republic, 753-27 B.C.",,False
lcc_range,3573,Kingdom & Republic,"Ancient Era, to 476",DG239..DG240,290-265,,True
lcc_range,3574,Maltese,South,DG987..DG999,Malta. Maltese Islands,,False
lcc_range,3574,Maltese,South,DG989.3..DG989.35,"Historic monuments, landmarks, scenery, etc. (General)",,True
lcc_range,3574,Maltese,South,DG989.74..DG994.75,Ethnography,,True
lcc_range,3574,Maltese,South,DG989.79..DG994.8,Malta. Maltese Islands,,False
lcc_range,3574,Maltese,South,DG990.3..DG990.35,Ethnography. Race and ethnic relations,,True
lcc_range,3574,Maltese,South,DG992..DG992.13,"Early to 870. Phoenician, Greek, Roman and Byzantine domination",,True
lcc_range,3574,Maltese,South,DG992.7..DG993.5,1798-1964. British colonial rule,,True
lcc_range,3577,Belgian,Benelux Countries,DH503..DH569.Z,,,False
lcc_range,3577,Belgian,Benelux Countries,DH517..DH521,,,False
lcc_range,3579,Dutch,Benelux Countries,DJ107..DJ109,,,False
lcc_range,3580,Danish,North,DL143..DL159.5,,,False
lcc_range,3580,Danish,North,DL147..DL148,,,False
lcc_range,3581,Finnish,North,DL1023.2..DL1048.Z,,,False
lcc_range,3582,Icelandic,North,DL335..DL350.Z,,,False
lcc_range,3582,Icelandic,North,DL336..DL338,,,False
lcc_range,3583,Norwegian,North,DL443..DL459.Z,,,False
lcc_range,3583,Norwegian,North,DL446..DL448,,,False
lcc_range,3584,Swedish,North,DL643..DL651,Northern Europe,,True
lcc_range,3584,Swedish,North,DL646..DL648,,,False
lcc_range,3586,Azerbaijani,Asian,DK695.2..DK695.4,,,False
lcc_range,3587,Belarusian,East,DK507..DK507.95,Belarus. Byelorussian S.S.R. White Russia | Local history and description,,True
lcc_range,3587,Belarusian,East,DK507.52..DK507.54,,,False
lcc_range,3588,Tallinn,Baltic States,DK503.92..DK503.939,Estonia | Tallinn,,False
lcc_range,3589,Georgian,Asian,DK675.2..DK675.4,,,False
lcc_range,3590,Kazakh,Asian,DK901..DK908.849,,,False
lcc_range,3591,Kyrgyz,Asian,DK911..DK918.839,,,False
lcc_range,3592,Riga,Baltic States,DK504.92..DK504.939,Latvia | Riga,,False
lcc_range,3593,Vilnius,Baltic States,DK505.92..DK505.939,Lithuania | Vilnius,,False
lcc_range,3594,Moldovan,East,DK509..DK509.95,,,False
lcc_range,3594,Moldovan,East,DK509.52..DK509.54,,,False
lcc_range,3595,Russian,East,DK39..DK40,,,False
lcc_range,3595,Russian,East,DK510..DK540.9,,,False
lcc_range,3595,Russian,East,DK579.1..DK587.9,,,False
lcc_range,3595,Russian,East,DK609.1..DK651,,,False
lcc_range,3596,Tajik,Asian,DK921..DK928.849,,,False
lcc_range,3597,Turkmen,Asian,DK931..DK938.849,,,False
lcc_range,3598,Uzbek,Asian,DK941..DK948.849,,,False
lcc_range,3598,Uzbek,Asian,DK948.6..DK948.62,,,False
lcc_range,3599,"Bourbon Restoration, 1814–1868","Modern, 1516–Present",DP212..DP220,"1808-1886. 19th century | Bourbon restoration, 1814-1868",,False
lcc_range,3602,Swiss,Central,DQ1..DQ851,Switzerland,,True
lcc_range,3602,Swiss,Central,DQ124..DQ191,19th century,,True
lcc_range,3602,Swiss,Central,DQ201..DQ210,20th century,,True
lcc_range,3602,Swiss,Central,DQ30..DQ35.2,Antiquities,,True
lcc_range,3602,Swiss,Central,DQ301..DQ800.35,Cantons (and cantonal capitals) | Local history and description,,True
lcc_range,3602,Swiss,Central,DQ51..DQ210,Switzerland,,True
lcc_range,3602,Swiss,Central,DQ52.8..DQ52.9,Historiography,,True
lcc_range,3602,Swiss,Central,DQ53..DQ54,,,False
lcc_range,3602,Swiss,Central,DQ78..DQ82,Early and medieval to 1516,,True
lcc_range,3602,Swiss,Central,DQ79..DQ82,Earliest to 406. Celts and Romans,,True
lcc_range,3602,Swiss,Central,DQ83..DQ84,"Teutonic tribes, 406-687",,True
lcc_range,3602,Swiss,Central,DQ85..DQ86,"Carolingian and German rule, 687-1291",,True
lcc_range,3603,Ukrainian,East,DK508.49..DK508.51,,,False
lcc_range,3603,Ukrainian,East,DK5111..DK5185.Z,,,False
lcc_range,3604,Greco-Roman,South,DE1..DE100,History of the Greco-Roman world,,False
lcc_range,3604,Greco-Roman,South,DE45.2..DE61,"Antiquities, Civilization, Culture & Ethnography",,True
lcc_range,3604,Greco-Roman,South,DE57..DE58,Works through 1800,,True
lcc_range,3604,Greco-Roman,South,DE59..DE61,"Works, 1801-",,True
lcc_range,3604,Greco-Roman,South,DE73..DE73.2,Ethnography,,True
lcc_range,3604,Greco-Roman,South,DE8..DE9,Historiography,,True
lcc_range,3604,Greco-Roman,South,DE80..DE100,History of the Greco-Roman world,,False
lcc_range,3605,Geography,Greco-Roman,DE22.2..DE31,Geography,,False
lcc_range,3605,Geography,Greco-Roman,DE27..DE29,Comprehensive works. Orbis antiquus,,True
lcc_range,3605,Geography,Greco-Roman,DE28..DE29,Modern authors,,True
lcc_range,3606,Irish,British Isles,DA900..DA995,Ireland,,True
lcc_range,3606,Irish,British Isles,DA908..DA908.7,Historiography,,True
lcc_range,3606,Irish,British Isles,DA909..DA966.2,Ireland,,True
lcc_range,3606,Irish,British Isles,DA938..DA966.2,"Ireland | Modern, 1603-",,True
lcc_range,3608,Medieval,Eras | World,D111..D203,Medieval History,,False
lcc_range,3608,Medieval,Eras | World,D116..D116.7,Historiography,,True
lcc_range,3610,Polish,East,DK4010..DK4800,Poland,,True
lcc_range,3610,Polish,East,DK4044..DK4044.5,"Historic monuments, landmarks, scenery, etc. (General)",,True
lcc_range,3610,Polish,East,DK4088..DK4092.2,Antiquities,,True
lcc_range,3610,Polish,East,DK4120..DK4122,Ethnography,,True
lcc_range,3610,Polish,East,DK4139..DK4139.25,Historiography,,True
lcc_range,3610,Polish,East,DK4139.92..DK4149,,,False
lcc_range,3611,Portuguese,Iberia,DP537..DP538,,,False
lcc_range,3613,Spanish,Iberia,DP64..DP66,,,False
lcc_range,3617,Developing countries,World,D880..D888,Developing countries,,False
lcc_range,3619,"Interwar Period, 1919–1939",20th Century,D720..D728,Period between World Wars (1919-1939),,True
lcc_range,3619,"Interwar Period, 1919–1939",20th Century,D726.7..D726.72,Ethnography of Europe,,True
lcc_range,3620,Political & Diplomatic,History | World,D31..D34,Political and diplomatic history,,False
lcc_range,3621,Post-war 1945-,20th Century,D839..D860,Post-war history (1945- ),,False
lcc_range,3622,Civilization,History,CB3..CB481,,,False
lcc_range,3623,Race,Civilization,CB195..CB281,Civilization and race,,False
lcc_range,3624,Forecasts of future progress,Civilization,CB158..CB161,Forecasts of future progress,,False
lcc_range,3625,Topics,Civilization,CB439.2..CB481,Relation to special topics,,False
lcc_range,3627,Romanies,Groups of people,DX101..DX301,History of Romanies,,False
lcc_range,3628,Inscriptions & Epigraphy,Auxiliary Sciences,CN1..CN1355,Inscriptions & Epigraphy,,False
lcc_range,3633,Middle Eastern,By Region,DS41..DS66,Middle East,,False
lcc_range,3633,Middle Eastern,By Region,DS61..DS66,Middle East,,False
lcc_range,3634,Arabian Peninsula & Saudi Arabia,Middle Eastern,DS201..DS248,Arabian Peninsula & Saudi Arabia,,False
lcc_range,3634,Arabian Peninsula & Saudi Arabia,Middle Eastern,DS204.5..DS208,Description and travel,,True
lcc_range,3634,Arabian Peninsula & Saudi Arabia,Middle Eastern,DS218..DS219,Arabian Peninsula & Saudi Arabia | Ethnography,,False
lcc_range,3634,Arabian Peninsula & Saudi Arabia,Middle Eastern,DS221..DS244.63,Arabian Peninsula & Saudi Arabia,,False
lcc_range,3634,Arabian Peninsula & Saudi Arabia,Middle Eastern,DS222.7..DS222.9,Historiography,,True
lcc_range,3634,Arabian Peninsula & Saudi Arabia,Middle Eastern,DS247.2..DS247.7,Cities & Towns,,True
lcc_range,3636,Iranian,Middle Eastern,DS251..DS326,Iran,,True
lcc_range,3636,Iranian,Middle Eastern,DS255..DS259.2,Description and travel,,True
lcc_range,3636,Iranian,Middle Eastern,DS266..DS267,Social life and customs. Civilization. Intellectual life,,True
lcc_range,3636,Iranian,Middle Eastern,DS270..DS318.85,Iran,,True
lcc_range,3636,Iranian,Middle Eastern,DS271.5..DS271.7,Historiography,,True
lcc_range,3637,Iraqi,Middle Eastern,DS67..DS79.9,Iraq,,True
lcc_range,3637,Iraqi,Middle Eastern,DS69..DS70.5,Antiquities | Iraq,,True
lcc_range,3637,Iraqi,Middle Eastern,DS69.9..DS70,History of excavations,,True
lcc_range,3637,Iraqi,Middle Eastern,DS70.82..DS79.744,Iraq,,True
lcc_range,3637,Iraqi,Middle Eastern,DS70.87..DS70.88,Historiography,,True
lcc_range,3638,Israel & Palestine,Middle Eastern,DS101..DS151,Israel & Palestine,,False
lcc_range,3638,Israel & Palestine,Middle Eastern,DS103..DS107.5,Description and travel,,True
lcc_range,3638,Israel & Palestine,Middle Eastern,DS112..DS113,Social life and customs. Civilization. Intellectual life,,True
lcc_range,3638,Israel & Palestine,Middle Eastern,DS114..DS128.2,Israel & Palestine,,False
lcc_range,3638,Israel & Palestine,Middle Eastern,DS115.5..DS115.9,Historiography,,True
lcc_range,3638,Israel & Palestine,Middle Eastern,DS116..DS117,,,False
lcc_range,3638,Israel & Palestine,Middle Eastern,DS119.7..DS119.76,Jewish-Arab relations. Palestine problem. Arab-Israeli conflict,,False
lcc_range,3638,Israel & Palestine,Middle Eastern,DS119.76..DS119.765,1993-,,True
lcc_range,3639,Syrian,Middle Eastern,DS92..DS99,Syria,,True
lcc_range,3639,Syrian,Middle Eastern,DS94.7..DS94.8,Ethnography | Syria,,True
lcc_range,3639,Syrian,Middle Eastern,DS94.9..DS98.3,Syria,,True
lcc_range,3639,Syrian,Middle Eastern,DS94.95..DS94.97,Historiography,,True
lcc_range,3666,Modern,Eras | World,D203.2..D475,,,False
lcc_range,3667,Early Modern,Modern,D219..D241.Z,,,False
lcc_range,3668,17th Century,Modern,D242..D283.5,Modern History,,True
lcc_range,3669,18th Century,Modern,D284..D297,Modern History,,True
lcc_range,3670,19th Century,Modern,D299..D400.Z,,,False
lcc_range,3671,20th Century,Modern,D410..D475.2,,,False
lcc_range,3675,Numismatics,Auxiliary Sciences,CJ1..CJ6661,Numismatics,,False
lcc_range,3681,New Zealand,Australia & New Zealand,DU400..DU430,New Zealand,,False
lcc_range,3681,New Zealand,Australia & New Zealand,DU409..DU413,Description and travel,,True
lcc_range,3681,New Zealand,Australia & New Zealand,DU419..DU419.3,Historiography,,True
lcc_range,3681,New Zealand,Australia & New Zealand,DU419..DU422,New Zealand,,False
lcc_range,3681,New Zealand,Australia & New Zealand,DU422.5..DU424.5,Ethnography | New Zealand,,False
lcc_range,3685,Technical Chronology & Calendars,Auxiliary Sciences,CE1..CE97,Technical Chronology & Calendars,,False
lcc_range,3685,Technical Chronology & Calendars,Auxiliary Sciences,CE21..CE46,Ancient,,True
lcc_range,3685,Technical Chronology & Calendars,Auxiliary Sciences,CE31..CE39.5,Asian,,True
lcc_range,3685,Technical Chronology & Calendars,Auxiliary Sciences,CE51..CE55,Christian era,,True
lcc_range,3685,Technical Chronology & Calendars,Auxiliary Sciences,CE51..CE85,Medieval and modern,,True
lcc_range,3685,Technical Chronology & Calendars,Auxiliary Sciences,CE75..CE77,Special systems,,True
lcc_range,3685,Technical Chronology & Calendars,Auxiliary Sciences,CE81..CE83,"Church chronology, feast days, etc.",,False
lcc_range,3685,Technical Chronology & Calendars,Auxiliary Sciences,CE91..CE92,"Perpetual calendars. Century calendars, etc.",,False
lcc_range,3693,War of 1812,U.S.,E351..E364.9,War of 1812,,False
lcc_range,3694,World War I,20th Century | World Wars,D501..D680,World War I,,False
lcc_range,3694,World War I,20th Century | World Wars,D622..D629,Special topics,,True
lcc_range,3695,World War II,20th Century | World Wars,D731..D838,World War II,,False
lcc_range,5542,Colombian,Latin American,F2251..F2299,Colombia | South America,,True
lcc_range,5542,Colombian,Latin American,F2269..F2270.2,Antiquities. Indians,,True
lcc_range,5542,Colombian,Latin American,F2270.4..F2270.6,Historiography,,True
lcc_range,5543,Ecuadorian,Latin American,F3701..F3799,Ecuador | South America,,True
lcc_range,5543,Ecuadorian,Latin American,F3721..F3722.1,Antiquities. Indians,,True
lcc_range,5543,Ecuadorian,Latin American,F3724..F3726,Historiography,,True
lcc_range,5544,Paraguayan,Latin American,F2661..F2699,Paraguay | South America,,True
lcc_range,5544,Paraguayan,Latin American,F2678..F2679.3,Antiquities. Indians,,True
lcc_range,5544,Paraguayan,Latin American,F2679.4..F2679.6,Historiography,,True
lcc_range,5545,Uruguayan,Latin American,F2701..F2799,South America | Uruguay,,True
lcc_range,5545,Uruguayan,Latin American,F2719..F2719.3,Antiquities. Indians,,True
lcc_range,5545,Uruguayan,Latin American,F2720.3..F2720.6,Historiography,,True
lcc_range,5546,Hawaii,West,DU620..DU629,Hawaii | Hawaiian Islands. Hawaii,,False
lcc_range,5546,Hawaii,West,DU624.6..DU624.7.W45,Ethnography,,True
lcc_range,5546,Hawaii,West,DU625..DU627.83,Hawaii,,False
lcc_range,5546,Hawaii,West,DU627..DU627.4,1778-1900,,True
lcc_range,6307,"Restoration–Risorgimento, 1816–1860","Modern Era, 1492–Present",DG550.5..DG554.5.Z,,,False
lcc_range,6349,Peace,World War I,D642..D651,Peace,,False
lcc_range,6483,Political,Southern,DT1098..DT1099,Political history,,False
lcc_range,6686,Diplomatic,Southern,DT1101..DT1105,Foreign and general relations,,True
lcc_range,6820,WWI Casualty Registers,World War I,D609.A..D609.Z,"Registers, lists of dead and wounded, etc.",,False
lcc_range,6876,Causes & Aims,World War I,D511..D520,Causes. Origins. Aims,,False
lcc_range,6991,Post-Columbian period. El Dorado,Exploration of the Americas,E121..E135,Discovery of America and early explorations | Post-Columbian period. El Dorado,,False
lcc_range,7212,Biographies,World War I,D507..D507.2,Biography,,True
lcc_range,7224,Arabs in foreign countries,Arab countries,DS36.95..DS36.96,Arabs in foreign countries (General),,False
lcc_range,7277,Futurist Works by Author & Title,Forecasts of future progress,CB160..CB161,Special forecasts. By author or title,,False
lcc_range,7388,WWI Commemoration,World War I,D663..D680,Celebrations. Memorials. Monuments,,True
lcc_range,7495,Aerial operations,World War I,D600..D607,Aerial operations,,False
lcc_range,7654,1945-1965,Post-war 1945-,D842.422..D847.2,1945-1965,,True
lcc_range,7974,WWI Social,World War I,D524.6..D524.7,Social aspects,,False
lcc_range,8129,"Liberal Era & WWI, 1901–1918","Modern Era, 1492–Present",DG566..DG570.Z,,,False
lcc_range,8162,Submarine operations,World War I,D590..D595,Submarine operations,,False
lcc_range,8199,Special civilizations,Race,CB201..CB281,Special civilizations,,False
lcc_range,8213,"Renaissance–Reformation, 1501–1600","Modern Era, 1492–Present",DG539..DG541.8.Z,,,False
lcc_range,8253,"Ancien Régime, 1715–1789",By Period,DC131..DC138,"1715-1789. 18th century | Modern, 1515-",,True
lcc_range,8279,"Contemporary Era, 1975–Present","Modern Era, 1492–Present",DG581..DG590,,,False
lcc_range,8296,Indian wars,Indians of North America,E81..E83.895,Indian wars,,False
lcc_range,8426,WWI Medals & Honors,World War I,D608.5..D608.6,"Medals, badges, decorations of honor",,False
lcc_range,8430,"Fascism & WWII, 1919–1944","Modern Era, 1492–Present",DG571..DG575.Z,,,False
lcc_range,8441,Naval operations,World War I,D580..D589,Naval operations,,False
lcc_range,8502,Modern,Civilization,CB357..CB430,Modern,,True
lcc_range,8608,Post-WWI Reconstruction,World War I,D652..D659,Reconstruction. Post-war period,,False
lcc_range,8689,Medieval,Civilization,CB351..CB355,Medieval,,False
lcc_range,8726,WWI Illustrated Works,World War I,D527..D527.5,Pictorial works,,False
lcc_range,8793,Pacific Politics & Colonies,Oceanian,DU29..DU68.Z,,,False
lcc_range,8976,Postwar Western Ethnography,Post-war 1945-,D842.4..D842.42,Ethnography of Western countries,,False
lcc_range,9000,Biography & memoirs,Romanies,DX125..DX127,Biography and memoirs,,False
lcc_range,9046,1965-1989,Post-war 1945-,D847.52..D850,1965-1989,,True
lcc_range,9093,Interwar European Society,"Interwar Period, 1919–1939",D726..D726.5,European social life and customs. Civilization,,False
lcc_range,9133,"Postwar Republic, 1945–1974","Modern Era, 1492–Present",DG576..DG579.Z,,,False
lcc_range,9150,Diplomatic,World War I,D610..D621,Diplomatic history,,False
lcc_range,9182,Developing-World Diplomatic,Developing countries,D887..D888,Foreign and general relations,,True
lcc_range,9209,WWI Personal Accounts,World War I,D640.A2..D640.Z,Personal narratives and other accounts,,False
lcc_range,9215,"Kingdom, 1861–1900","Modern Era, 1492–Present",DG555..DG565.Z,,,False
lcc_range,9261,Romani Historical Studies,Romanies,DX131..DX145.2,History,,True
lcc_range,9267,Islamic Diplomatic,The Islamic World,DS35.73..DS35.74,Foreign and general relations,,True
lcc_range,9283,"Napoleonic Era, 1796–1815","Modern Era, 1492–Present",DG546..DG549,"Modern Italy, 1492–Present",,True
lcc_range,9308,Military operations,World War I,D529..D578,Military operations,,False
lcc_range,9340,"Early Modern Era, 1601–1795","Modern Era, 1492–Present",DG542..DG545.8.Z,,,False
lcc_range,9624,Post-1945 Biographies,Post-war 1945-,D839.5..D839.7,Biography,,True
lcc_range,9627,Regional Romani,Romanies,DX201..DX301,By region or country,,True
lcc_range,9724,"Bourbon Era, 1589–1715",By Period,DC120.8..DC130,"1589-1715 | Modern, 1515-",,True
lcc_range,9798,Ancient,Civilization,CB311..CB311.22,Ancient,,False
lcc_range,9803,Pre-Columbian period,Exploration of the Americas,E103..E109,Pre-Columbian period,,False
lcc_range,9861,1989-,Post-war 1945-,D856..D860,1989-,,True
lcc_range,10091,1975-,Southern,DT1155..DT1182,1975-,,True
lcc_range,10094,"Napoleonic Period, 1808–1814","Modern, 1516–Present",DP204..DP208,1808-1814. Napoleonic period | 1808-1886. 19th century,,False
lcc_range,10095,"Habsburg Rule, 1526–1918",By Period,DB2135..DB2182,,,False
lcc_range,10101,"Bourbon Era, 1700–1808","Modern, 1516–Present",DP192..DP200.8,"Bourbons, 1700-1808. 18th century | Modern Spain, 1479/1516- | Modern, 1479/1516-",,True
lcc_range,10102,"Hellenistic Era, 323–146 BC",Ancient Era,DF235..DF238.9.Z,,,False
lcc_range,10103,"Roman Rule, 218 BC–414 AD",Ancient,DP94..DP95,"Roman period, 218 B.C.-414 A.D.",,False
lcc_range,10104,18th century,By Period,DA809..DA814.5,18th century,,True
lcc_range,10104,18th century,By Period,DA813..DA814.5,1707-1745. Jacobite movements | 18th century,,True
lcc_range,10105,"Late Byzantine, 1057–1453","Byzantine Era, 323–1453",DF599.8..DF649,1057-1453,,True
lcc_range,10106,"Balkan Peninsula, 20th Century",Balkan Peninsula,DR45..DR48.9,20th century (General),,True
lcc_range,10108,"Contemporary Era, 2000–Present",By Period,DQ212..DQ215,21st century,,True
lcc_range,10109,"Peloponnesian War, 431–404 BC",Ancient Era,DF229..DF230.Z,,,False
lcc_range,10112,Aboriginal Australians,"Social Life, Customs & Ethnography",DU123.2..DU125,Aboriginal Australians,,False
lcc_range,10113,Political & Diplomatic,Asian,DS33.3..DS33.4,Political and Diplomatic History,,False
lcc_range,10113,Political & Diplomatic,Asian,DS560.68..DS560.69,Political and Diplomatic History,,False
lcc_range,10116,"Hohenstaufen period, 1125-1273","Early & Medieval, 481–1519",DD145..DD155,"Hohenstaufen period, 1125-1273 | Medieval Empire, 481-1273",,False
lcc_range,10117,"Iberian Union, 1580–1640",By Period,DP620..DP629.Z,,,False
lcc_range,10119,Early to 1890,Southern,DT1107..DT1123,Early to 1890,,True
lcc_range,10121,"Early Germanic, to 481",By Period,DD121..DD124,Earliest to 481,,True
lcc_range,10122,"Alexander the Great, 336–323 BC",Ancient Era,DF234..DF234.9,"Alexander the Great, 336-323 B.C.",,False
lcc_range,10123,17th century,By Period,DA940..DA946,17th century,,True
lcc_range,10126,Navarre,"Medieval, 711–1516",DP153..DP160.8,"Moorish domination and the Reconquest, 711-1516. Arab period | Navarre",,False
lcc_range,10126,Navarre,"Medieval, 711–1516",DP156..DP157.5,Dynasty of García,,True
lcc_range,10126,Navarre,"Medieval, 711–1516",DP157..DP157.5,1104-1134,,True
lcc_range,10126,Navarre,"Medieval, 711–1516",DP157.6..DP159.9,Dynasty of Champagne,,True
lcc_range,10126,Navarre,"Medieval, 711–1516",DP158..DP158.8,Dynasty of Capetians,,True
lcc_range,10126,Navarre,"Medieval, 711–1516",DP159..DP159.9,Dynasty of Evreux,,True
lcc_range,10126,Navarre,"Medieval, 711–1516",DP160..DP160.4,Dynasty of Aragon,,True
lcc_range,10126,Navarre,"Medieval, 711–1516",DP160.5..DP160.8,1479-1516,,True
lcc_range,10126,Navarre,"Medieval, 711–1516",DP160.7..DP160.8,Dynasty of Albret,,True
lcc_range,10127,"Old Confederacy, 1291–1516",By Period,DQ88..DQ110,"Early and medieval to 1516 | Federation and Independence, 1291-1516",,True
lcc_range,10128,English Exploration of the Americas,Post-Columbian period. El Dorado,E127..E129,English,,False
lcc_range,10130,"Early Modern Era, 1603–1707",By Period,DA800..DA807,1603-1707/1745,,True
lcc_range,10130,"Early Modern Era, 1603–1707",By Period,DA803..DA804.7,1603-1692,,True
lcc_range,10130,"Early Modern Era, 1603–1707",By Period,DA803.15..DA803.2,1603-1625,,True
lcc_range,10130,"Early Modern Era, 1603–1707",By Period,DA803.3..DA803.8,1625-1660,,True
lcc_range,10130,"Early Modern Era, 1603–1707",By Period,DA803.6..DA803.73,1637-1649,,True
lcc_range,10130,"Early Modern Era, 1603–1707",By Period,DA804..DA804.7,1660-1692/1715,,True
lcc_range,10130,"Early Modern Era, 1603–1707",By Period,DA805..DA807,1692-1707,,True
lcc_range,10132,"Imperial Era, 1654–1718",By Period,DL721..DL743,"Zweibrücken dynasty, 1654-1718",,True
lcc_range,10133,"Habsburg & Luxemburg, 1273–1519","Early & Medieval, 481–1519",DD156..DD174.6,"Early and medieval to 1519 | Houses of Habsburg and Luxemburg, 1273-1519",,False
lcc_range,10135,"French & Dutch Rule, 1794–1830",By Period,DH620..DH644.Z,,,False
lcc_range,10136,"Spartan–Theban Supremacy, 404–362 BC",Ancient Era,DF230.9..DF232,"Spartan and Theban supremacies, 404-362 B.C.",,False
lcc_range,10137,"First Republic, 1873–1875","Modern, 1516–Present",DP230..DP231.5,"1868-1886 | First Republic, 1873-1875",,False
lcc_range,10138,1814–1907,By Period,DL807..DL859,1814-1907. 19th century,,True
lcc_range,10141,"Post-Westphalian Era, 1648–1740","Early Modern, 1519–1815",DD190..DD190.8,1648-1740,,True
lcc_range,10143,"Macedonian Ascendancy, 359–336 BC",Ancient Era,DF232.5..DF233.8,"Macedonian epoch. Age of Philip, 359-336 B.C.",,False
lcc_range,10144,Partition & Colonial,African,DT31..DT38.9,Political and diplomatic history. Partition. Colonies and possessions,,False
lcc_range,10146,"Absolutist Monarchy, 1648–1740","Habsburg Monarchy, 1521–1792",DB66..DB69.5,1521- | 1648-1740,,True
lcc_range,10150,"Revolution, 1848–1849",By Period,DB934.5..DB939.5,1792-1918. 19th century | Revolution of 1848-1849,,False
lcc_range,10151,Maori,"Social Life, Customs & Ethnography",DU422.8..DU424,"Maori | Social Life, Customs & Ethnography",,False
lcc_range,10152,"Revolution & Napoleon, 1789–1815","Early Modern, 1519–1815",DD197..DD199,1789-1815. French Revolutionary and Napoleonic period,,True
lcc_range,10153,Diplomatic & Foreign Relations,Maghrib. Barbary States,DT197..DT197.5,Political and diplomatic history. Foreign and general relations,,False
lcc_range,10153,Diplomatic & Foreign Relations,Maghrib. Barbary States,DT257..DT257.5,Political and diplomatic history. Foreign and general relations,,False
lcc_range,10154,"Medieval & Tudor Era, 1172–1603",By Period,DA933..DA937.5,1172-1603,,True
lcc_range,10154,"Medieval & Tudor Era, 1172–1603",By Period,DA934..DA934.5,1189-1485,,True
lcc_range,10154,"Medieval & Tudor Era, 1172–1603",By Period,DA935..DA937.5,1485-1603. Tudors,,True
lcc_range,10154,"Medieval & Tudor Era, 1172–1603",By Period,DA937..DA937.5,1558-1603. Elizabeth,,True
lcc_range,10158,British West African Local,British West Africa,DT507..DT516.9,Local,,False
lcc_range,10159,Carthaginian period,North,DT168..DT169.5,Carthaginian period,,False
lcc_range,10160,"War of Independence, 1821–1829","Greece, 1821–1913",DF804..DF815,"1821-1913. 19th century | War of Independence, 1821-1829",,False
lcc_range,10161,"Early & Medieval Era, to 1603",By Period,DA774.8..DA790,Early and medieval to 1603,,False
lcc_range,10161,"Early & Medieval Era, to 1603",By Period,DA777..DA778.9,Early to 1057,,True
lcc_range,10161,"Early & Medieval Era, to 1603",By Period,DA777.5..DA777.7,Roman period,,True
lcc_range,10161,"Early & Medieval Era, to 1603",By Period,DA777.92..DA778.9,844-1057,,True
lcc_range,10161,"Early & Medieval Era, to 1603",By Period,DA779..DA790,1057-1603,,True
lcc_range,10161,"Early & Medieval Era, to 1603",By Period,DA780..DA782.9,1057-1278,,True
lcc_range,10161,"Early & Medieval Era, to 1603",By Period,DA783..DA783.45,1278-1488,,True
lcc_range,10161,"Early & Medieval Era, to 1603",By Period,DA783.2..DA783.45,"War of Independence, 1285-1371",,True
lcc_range,10161,"Early & Medieval Era, to 1603",By Period,DA783.38..DA783.45,1306-1371. 14th century,,True
lcc_range,10161,"Early & Medieval Era, to 1603",By Period,DA783.5..DA783.9,1371-1488. Early Stuarts,,True
lcc_range,10161,"Early & Medieval Era, to 1603",By Period,DA784..DA790,1488-1603,,True
lcc_range,10161,"Early & Medieval Era, to 1603",By Period,DA785..DA790,1542-1603,,True
lcc_range,10161,"Early & Medieval Era, to 1603",By Period,DA788..DA790,1567-1603. James VI,,True
lcc_range,10162,20th century,By Period,DA959..DA965,20th century,,True
lcc_range,10164,Era to 476,Greco-Roman,DE86..DE92,Ancient to 476. Greco-Roman era,,True
lcc_range,10165,"Age of Pericles, 479–431 BC",Ancient Era,DF227..DF228,Athenian supremacy. Age of Pericles. 479-431 B.C.,,False
lcc_range,10168,French Exploration of the Americas,Post-Columbian period. El Dorado,E131..E133,French,,False
lcc_range,10171,Yugoslavia & Successor States,Balkan Peninsula,DR1202..DR1216,,,False
lcc_range,10171,Yugoslavia & Successor States,Balkan Peninsula,DR1217..DR1217.5,"Historic monuments, landmarks, scenery, etc. (General)",,True
lcc_range,10171,Yugoslavia & Successor States,Balkan Peninsula,DR1229..DR1231,Ethnography,,True
lcc_range,10171,Yugoslavia & Successor States,Balkan Peninsula,DR1231.2..DR1313.8,Yugoslavia & Successor States,,False
lcc_range,10171,Yugoslavia & Successor States,Balkan Peninsula,DR1239..DR1241,Historiography,,True
lcc_range,10171,Yugoslavia & Successor States,Balkan Peninsula,DR1250..DR1251,Military history,,True
lcc_range,10171,Yugoslavia & Successor States,Balkan Peninsula,DR1252..DR1253,Naval history,,True
lcc_range,10171,Yugoslavia & Successor States,Balkan Peninsula,DR1254..DR1255,Political history,,True
lcc_range,10171,Yugoslavia & Successor States,Balkan Peninsula,DR1256..DR1258,Foreign and general relations,,True
lcc_range,10171,Yugoslavia & Successor States,Balkan Peninsula,DR1350.A..DR1350.Z,Regions & Administrative Divisions,,True
lcc_range,10171,Yugoslavia & Successor States,Balkan Peninsula,DR1802..DR1928,Local History & Places | Montenegro,,True
lcc_range,10171,Yugoslavia & Successor States,Balkan Peninsula,DR1823..DR1825,Ethnography,,True
lcc_range,10171,Yugoslavia & Successor States,Balkan Peninsula,DR1832..DR1833.5,Historiography,,True
lcc_range,10171,Yugoslavia & Successor States,Balkan Peninsula,DR1927..DR1928,Cities & Towns,,True
lcc_range,10172,21st century,By Period,DA966..DA966.2,21st century,,True
lcc_range,10173,"Theresian–Josephine Era, 1740–1792","Habsburg Monarchy, 1521–1792",DB69.7..DB74.8,1740-1792,,True
lcc_range,10174,18th century,By Period,DA947..DA949.5,18th century,,True
lcc_range,10175,"Árpád Dynasty, 896–1301",By Period,DB929..DB929.8,"Árpád dynasty, 896-1301",,False
lcc_range,10179,"Reformation & War, 1521–1648","Habsburg Monarchy, 1521–1792",DB65.2..DB65.9,1521- | 1521-1648,,True
lcc_range,10180,"Early Federal State, 1848–1900",By Period,DQ171..DQ191,1848-1900 | 19th century,,True
lcc_range,10181,"Enlightenment Era, 1740–1789","Early Modern, 1519–1815",DD191..DD196,1740-1789. 18th century,,True
lcc_range,10183,"Habsburg Era, 1516–1700","Modern, 1516–Present",DP170..DP189,"Habsburgs, 1516-1700 | Modern Spain, 1479/1516- | Modern, 1479/1516-",,True
lcc_range,10184,Pre-Columbian America Topics,Pre-Columbian period,E105..E109,Special,,True
lcc_range,10186,"Elective Kings, 1301–1526",By Period,DB929.95..DB931.9,"Elective kings, 1301-1526",,False
lcc_range,10188,"Roman Rule, 146 BC–323 AD",Ancient Era,DF239..DF241,"Roman epoch, 140 B.C.-323/476 A.D.",,False
lcc_range,10189,"Civil War, 1936–1939","Modern, 1516–Present",DP269..DP269.9,"Civil War, 1936-1939 | Second Republic, 1931-1939",,False
lcc_range,10190,"Revolution, 1830","Independence Era, 1830–1909",DH650..DH652,1830- | Revolution of 1830,,False
lcc_range,10191,"House of Burgundy, 1095–1383","Medieval Era, 1095–1580",DP568..DP578,"Early and medieval to 1580 | House of Burgundy, 1095-1383",,False
lcc_range,10193,"Third Republic, 1989–Present",By Period,DK4445..DK4452,1989- | Poland,,True
lcc_range,10194,"House of Aviz, 1385–1580","Medieval Era, 1095–1580",DP582..DP618,"Early and medieval to 1580 | House of Aviz, 1385-1580",,False
lcc_range,10195,Early & medieval to 1500,Balkan Peninsula,DR39..DR40.Z,,,False
lcc_range,10196,1890-1975,Southern,DT1125..DT1147,1890-1975,,True
lcc_range,10197,Castile & León,"Medieval, 711–1516",DP134..DP143.8,"Castile and Leon | Moorish domination and the Reconquest, 711-1516. Arab period",,False
lcc_range,10198,Individual wars,Indian wars,E83.63..E83.895,Individual wars,,False
lcc_range,10200,"Democratic Republic, 1945–1975",French Indochina,DS560..DS560.72,"Democratic Republic (North Vietnam), 1945-1975 | French Indochina",,False
lcc_range,10200,"Democratic Republic, 1945–1975",French Indochina,DS560.54..DS560.56,Ethnography,,True
lcc_range,10201,Djibouti,Eastern Africa,DT411..DT411.9,Djibouti. French Territory of the Afars and Issas. French Somaliland | East Africa | Eastern Africa,,False
lcc_range,10202,"Age of Absolutism, 1711–1792",By Period,DB932.49..DB932.9,1711-1792. Age of absolutism,,False
lcc_range,10205,"Democratic Era, 1975–Present","Modern, 1516–Present",DP272..DP272.4,1886- | 1975-,,True
lcc_range,10206,"Vasa Era, 1523–1654",By Period,DL701..DL719.9,,,False
lcc_range,10209,"Republic, 1989–Present",By Period,DB957.9..DB958.6,1989- | 20th century,,True
lcc_range,10211,"House of Saxony, 919-1024","Early & Medieval, 481–1519",DD136..DD140.7,"House of Saxony, 919-1024",,False
lcc_range,10215,"House of Franconia, 1024-1125","Early & Medieval, 481–1519",DD141..DD144,"House of Franconia, 1024-1125",,False
lcc_range,10216,Spanish & Portuguese,Post-Columbian period. El Dorado,E123..E125,Spanish and Portuguese,,False
lcc_range,10220,"Franco Era, 1939–1975","Modern, 1516–Present",DP269.97..DP271,1886- | 1939-1975,,True
lcc_range,10221,"Persian Wars, 499–479 BC",Ancient Era,DF225..DF226,"Persian Wars, 499-479 B.C.",,False
lcc_range,10222,"Unification, 1815–1871",By Period,DD201..DD216,19th century,,True
lcc_range,10223,"Ottoman Rule, 1453–1821",By Period,DF801..DF801.9,"Turkish rule, 1453-1821",,False
lcc_range,10224,"Medieval Era, to 1501",By Period,DR954..DR960.5,To 1501,,True
lcc_range,10225,British Central Africa & Federation,Central,DT2857.2..DT2864,British Central Africa. Federation of Rhodesia and Nyasaland,,False
lcc_range,10226,19th century,By Period,DA949.7..DA958,19th century. Irish question,,True
lcc_range,10227,"Eastern Empire, 323/476-1057","Byzantine Era, 323–1453",DF553..DF599.5,"Eastern Empire, 323/476-1057",,False
lcc_range,10227,"Eastern Empire, 323/476-1057","Byzantine Era, 323–1453",DF570.2..DF599.5,527-1057,,True
lcc_range,10230,Aragon,"Medieval, 711–1516",DP124..DP133.7,"Aragon (Catalonia) | Moorish domination and the Reconquest, 711-1516. Arab period",,False
lcc_range,10230,Aragon,"Medieval, 711–1516",DP127..DP127.9,Dynasty of Navarre,,True
lcc_range,10230,Aragon,"Medieval, 711–1516",DP128..DP131.6,Dynasty of Barcelona,,True
lcc_range,10230,Aragon,"Medieval, 711–1516",DP132..DP133.7,Dynasty of Castile,,True
lcc_range,10230,Aragon,"Medieval, 711–1516",DP133.4..DP133.5,Juan II,,True
lcc_range,10232,"Revolution & Napoleon, 1792–1815",By Period,DB74.92..DB77.2,1792-1815. Period of the French Revolution,,False
lcc_range,10233,Renaissance & Reformation,Eras | Modern,CB361..CB369,Renaissance,,False
lcc_range,10244,Central Asian Question,Eastern Question,D378..D378.5,Central Asian Question,,False
lcc_range,10245,"Austrian Succession War, 1740–1748",18th Century,D291..D294,"18th Century | War of the Austrian Succession, 1740–1748",,False
lcc_range,10245,"Austrian Succession War, 1740–1748",18th Century,D293.2..D293.3,"Rhine and Danube Campaigns, 1741–1744",,True
lcc_range,10245,"Austrian Succession War, 1740–1748",18th Century,D293.4..D293.55,"Italian Campaigns, 1741–1748",,True
lcc_range,10245,"Austrian Succession War, 1740–1748",18th Century,D293.6..D293.7,"Netherlands Campaigns, 1743–1748",,True
lcc_range,10245,"Austrian Succession War, 1740–1748",18th Century,D293.8..D293.9,"Colonial and Naval Operations, 1739–1748",,True
lcc_range,10252,Political & Diplomatic,1965-1989,D849..D850,Political & Diplomatic History,,False
lcc_range,10253,19th Century,Modern,CB415..CB417,19th Century,,True
lcc_range,10258,Eastern Question,19th Century,D371..D379,Eastern Question,,False
lcc_range,10261,1848–1859,19th Century,D388..D389,1848–1859,,True
lcc_range,10263,Political & Diplomatic,1945-1965,D843..D847.2,Political & Diplomatic History,,False
lcc_range,10265,Eastern Civilizations,Special civilizations,CB253..CB256,Eastern Civilizations,,False
lcc_range,10270,Race in Civilization,Race,CB201..CB241.21,Race and Civilization in Historical Thought,,False
lcc_range,10271,Later 19th Century,19th Century,D394..D400,Later 19th Century,,False
lcc_range,10272,Panslavism,Eastern Question,D377.3..D377.5,Panslavism,,False
lcc_range,10273,1830–1848,19th Century,D385..D387,1830–1848,,True
lcc_range,10275,19th century,By Period,DA815..DA838,19th century,,True
lcc_range,10276,Vikings,North,DL65..DL66,Northmen. Vikings,,False
lcc_range,10279,"Brabant Revolution, 1789–1790","Austrian Rule, 1714–1794",DH617..DH618.5,"Revolution, 1788-1790",,False
lcc_range,10281,South Sudanese,African,DT159.915..DT159.978,South Sudan,,False
lcc_range,10281,South Sudanese,African,DT159.9234..DT159.9235,"Historic monuments, landmarks, etc.",,True
lcc_range,10281,South Sudanese,African,DT159.926..DT159.9275,Ethnography,,True
lcc_range,10281,South Sudanese,African,DT159.926..DT159.928,,,False
lcc_range,10281,South Sudanese,African,DT159.94..DT159.947,,,False
lcc_range,10281,South Sudanese,African,DT159.978.A..DT159.978.Z,Cities & Towns,,True
lcc_range,10284,"Early Ottoman Rule, 1526–1606","Ottoman & Habsburg Rule, 1526–1711",DB932..DB932.25,1526-1606,,True
lcc_range,10287,Philosophy of,World,D16.7..D16.9,Philosophy of history,,False
lcc_range,10288,"Balkan Peninsula, 19th Century",Balkan Peninsula,DR41..DR44.Z,,,False
lcc_range,10289,Colonial,By Period,DS798.7..DS798.72,Colonial,,False
lcc_range,10290,19th century,By Period,DS675..DS675.8,19th century,,True
lcc_range,10291,1975-2002,By Period,DS649.6..DS649.63,1975-2002,,True
lcc_range,10293,"Medieval Low Countries, 843–1384",Benelux by Era,DH141..DH162,Early and medieval to 1384,,False
lcc_range,10294,East Afric. British East Africa,East,DT421..DT435,East Africa. British East Africa,,False
lcc_range,10294,East Afric. British East Africa,East,DT429..DT429.5,Ethnography,,True
lcc_range,10294,East Afric. British East Africa,East,DT430.5..DT430.7,Historiography,,True
lcc_range,10294,East Afric. British East Africa,East,DT432.3..DT432.4,Foreign and general relations,,True
lcc_range,10295,"Scandinavian Empire, to 1397",North,DL61..DL65,Earliest to 1397. Scandinavian Empire,,False
lcc_range,10296,"Egypt, 1798–1879",By Period,DT100..DT106,1798-1879. 19th century,,True
lcc_range,10299,1947-1988,By Period,DS384..DS388.2,1947-1988,,True
lcc_range,10299,1947-1988,By Period,DS385.9.A2..DS385.9.Z,"Conflict with India, 1947-1949",,True
lcc_range,10299,1947-1988,By Period,DS388..DS388.2,"Conflict with India, 1971-",,True
lcc_range,10300,Military,World,D25..D25.9,Military history,,False
lcc_range,10301,"Roman Era, 146 BC–439 AD",North,DT170..DT170.999,,,False
lcc_range,10302,"Independent, 1977–",Eastern Africa,DT411.8..DT411.9,1977- . Independent,,False
lcc_range,10303,Landmarks,Central,DT351.6..DT351.7,"Historic monuments, landmarks, etc. (General)",,False
lcc_range,10304,WWII Medical Services,World War II,D806..D807,Medical and sanitary services. Hospitals. Red Cross,,False
lcc_range,10305,Russo-German Austrian,Eastern,D551..D552.A-Z,Russo-German (Austrian),,False
lcc_range,10306,Causes & Aims,World War II,D741..D742,Causes. Origins. Aims,,False
lcc_range,10307,"World Wars Era, 1900–1945",By Period,DQ205..DQ207,1900-1945,,True
lcc_range,10310,Southern Italy,Italian,DG819..DG831,Southern Italy,,False
lcc_range,10311,"Early Partition Era, 1795–1864","Partitions Era, 1795–1918",DK4349.6..DK4379.5,1795-1864,,True
lcc_range,10311,"Early Partition Era, 1795–1864","Partitions Era, 1795–1918",DK4349.9..DK4355,1795-1830,,True
lcc_range,10311,"Early Partition Era, 1795–1864","Partitions Era, 1795–1918",DK4356..DK4379.5,1830-1864,,True
lcc_range,10311,"Early Partition Era, 1795–1864","Partitions Era, 1795–1918",DK4359..DK4363,Revolution of 1830-1832,,True
lcc_range,10311,"Early Partition Era, 1795–1864","Partitions Era, 1795–1918",DK4362..DK4362.2,Military operations,,True
lcc_range,10311,"Early Partition Era, 1795–1864","Partitions Era, 1795–1918",DK4365..DK4365.5,Revolution of 1848,,True
lcc_range,10312,Milan. Lombardy,Italian,DG651..DG664.5,Milan. Lombardy | Northern Italy,,False
lcc_range,10313,"Early Era, to 1572","Pre-Partition Era, to 1795",DK4189..DK4289,To 1572,,True
lcc_range,10313,"Early Era, to 1572","Pre-Partition Era, to 1795",DK4211..DK4249.5,960-1386. Piast period,,True
lcc_range,10313,"Early Era, to 1572","Pre-Partition Era, to 1795",DK4213..DK4226,960-1138. First monarchy,,True
lcc_range,10313,"Early Era, to 1572","Pre-Partition Era, to 1795",DK4227..DK4246.5,1138-1305. Feudal duchies,,True
lcc_range,10313,"Early Era, to 1572","Pre-Partition Era, to 1795",DK4246.6..DK4249.5,1305-1386. Reunification,,True
lcc_range,10313,"Early Era, to 1572","Pre-Partition Era, to 1795",DK4249.7..DK4289,1386-1572. Jagiellons,,True
lcc_range,10314,Peace,World War II,D814..D821,Peace,,False
lcc_range,10314,Peace,World War II,D814.4..D814.47,Council of Foreign Ministers (General),,True
lcc_range,10315,Indemnity & reparation,Peace,D818..D819,Indemnity and reparation,,False
lcc_range,10317,"Late Medieval, 11th–15th C.",Medieval,D200..D203,Later medieval. 11th-15th centuries | Medieval History,,False
lcc_range,10324,"Elective Monarchy, 1572–1763","Pre-Partition Era, to 1795",DK4289.5..DK4328,1572-1763. Elective monarchy,,False
lcc_range,10324,"Elective Monarchy, 1572–1763","Pre-Partition Era, to 1795",DK4315..DK4319,"Augustus II (Friedrich August I, Elector of Saxony), 1697-1733",,True
lcc_range,10324,"Elective Monarchy, 1572–1763","Pre-Partition Era, to 1795",DK4325..DK4328,"Augustus III (Friedrich August II, Elector of Saxony), 1733-1763",,True
lcc_range,10324,"Elective Monarchy, 1572–1763","Pre-Partition Era, to 1795",DK4326.5..DK4327,"War of Polish Succession, 1733-1738",,True
lcc_range,10328,"Early Era, to 1095",By Period,DP558..DP567.Z,,,False
lcc_range,10329,1945-,By Period,F1034.2..F1034.3,1945-,,True
lcc_range,10330,Piedmont. Savoy,Italian,DG610..DG618.78.Z,,,False
lcc_range,10332,Earliest,Ancient,D65..D90,Earliest history. Dawn of history,,False
lcc_range,10333,Italian WWI Campaigns,Eastern,D569.A..D569.Z,Italian,,False
lcc_range,10334,Early to 935,By Period,DS911..DS911.86,,,False
lcc_range,10341,French WWI Military Operations,Western,D548..D549.5,French,,False
lcc_range,10342,German WWII Submarine Warfare,Submarine operations,D781..D782,Germany,,True
lcc_range,10343,21st century,North,DT176.2..DT176.999,,,False
lcc_range,10344,Age of Tyrants,Ancient Era,DF222..DF224,775-500 B.C. Age of Tyrants. Archaic period,,False
lcc_range,10345,1998-,By Period,DS644.5..DS644.62,1998-,,True
lcc_range,10347,Crusades,Medieval,D151..D173,Crusades | Medieval History,,False
lcc_range,10348,Early to 622 AD,Middle Eastern,DS62.2..DS62.25,Early to 622 A.D.,,True
lcc_range,10350,NE African Diplomatic,Northeast Africa,DT367.62..DT367.63,Foreign and general relations,,True
lcc_range,10351,"Koryŏ period, 935-1392",By Period,DS912..DS912.43,"Koryŏ period, 935-1392",,False
lcc_range,10352,"Reformation–Consolidation, 1516–1648","Early Modern Confederacy, 1516–1798",DQ113..DQ188.2,1516-1648,,True
lcc_range,10354,Anglo-German,Naval operations,D581..D582,Anglo-German,,False
lcc_range,10355,WWII Social,World War II,D744.6..D744.7,Social aspects,,False
lcc_range,10357,"National Awakening, 1800–1918",By Period,DB2795..DB2801,1800-1918,,True
lcc_range,10359,1900-1970,Modern,CB425..CB427,1900-1970,,True
lcc_range,10360,"Revolution, 1956","People’s Republic, 1949–1989",DB956.7..DB957.5,Revolution of 1956,,False
lcc_range,10361,"Post-Cold War Europe, 1989–Present",By Era,D2001..D2009,1989-,,True
lcc_range,10363,Occupied territory,World War II,D802.A..D802.Z,Occupied territory,,False
lcc_range,10364,Canadian Indigenous,Education,E96.2..E96.65,Canada,,True
lcc_range,10366,Guyanese,Latin American | British America,F2361..F2391,Guyana. British Guiana | South America,,True
lcc_range,10366,Guyanese,Latin American | British America,F2379..F2380.2,Antiquities. Indians,,True
lcc_range,10366,Guyanese,Latin American | British America,F2380.4..F2380.6,Historiography,,True
lcc_range,10367,Salonica & Macedonian Campaign,Eastern,D569.2..D569.3,Greece. Salonica (Thessalonike). Macedonian campaign,,False
lcc_range,10369,Tuscany. Florence,Italian,DG731..DG759.3,Central Italy | Tuscany. Florence,,False
lcc_range,10372,"Přemyslid Dynasty, c. 900–1310","Early & Medieval, to 1526",DB2085..DB2091,"Přemyslid Dynasty, 9th/10th century-ca. 1310",,False
lcc_range,10373,British WWI Operations,Western,D546..D547.8,English,,True
lcc_range,10374,1511-1946,By Period,DS596.6..DS596.63,1511-1946,,True
lcc_range,10376,Wartime Relief & Refugees,World War II,D808..D809,Relief work. Charities. Protection. Refugees. Displaced persons,,False
lcc_range,10379,"Burgundian Rule, 1384–1477",Benelux by Era,DH175..DH177,1384-1477. House of Burgundy,,True
lcc_range,10380,"Tokugawa Era, 1600–1868",By Period,DS870..DS881.84,"Tokugawa period, 1600-1868. Edo period",,False
lcc_range,10380,"Tokugawa Era, 1600–1868",By Period,DS871.77..DS873,1600-1709,,True
lcc_range,10380,"Tokugawa Era, 1600–1868",By Period,DS874..DS881,1709-1853,,True
lcc_range,10380,"Tokugawa Era, 1600–1868",By Period,DS881.83..DS881.84,"Civil War, 1868-1869. Boshin War",,True
lcc_range,10381,"Late Ottoman Period, 1606–1699","Ottoman & Habsburg Rule, 1526–1711",DB932.3..DB932.48,1606-1699/1711,,True
lcc_range,10382,Earliest to 1975,By Period,DS649.528..DS649.73,,,False
lcc_range,10382,Earliest to 1975,By Period,DS649.5282..DS649.73,Earliest to 1975,,False
lcc_range,10384,WWII Commemoration,World War II,D830..D838,Celebrations. Memorials. Monuments,,True
lcc_range,10385,12th century,11th-12th centuries,D201.7..D201.8,12th century,,True
lcc_range,10387,638-1809,By Period,DS577..DS577.9,638-1809,,True
lcc_range,10388,"Marzouki Era, 2011–",Maghrib. Barbary States,DT266.93..DT266.99,2011- . Marzouki administration,,False
lcc_range,10391,1918–1939,"Union & Republic, 1918–1993",DB2195..DB2202,1918-1939,,True
lcc_range,10392,1914-,Arab countries,DS39..DS39.2,1914-,,True
lcc_range,10394,"Bourguiba Era, 1956–1987",Maghrib. Barbary States,DT264.35..DT265,1956-1987. Independence. Bourguiba administration,,False
lcc_range,10396,1945-1966,By Period,DS644..DS644.46,1945-1966,,True
lcc_range,10397,Special arms,Military operations,D529.3..D529.9,Special arms,,False
lcc_range,10398,Peace conferences,Treaties with Axis powers,D814.56..D814.565,Peace conferences (General),,False
lcc_range,10399,16th-18th centuries,North,DT174..DT175.999,,,False
lcc_range,10400,Government relations,Indians of North America,E91..E95,Government relations,,False
lcc_range,10401,"Postwar Era, 1945–2000",By Period,DQ208..DQ210,1945-2000,,True
lcc_range,10402,Anglo-German,Naval operations,D771..D772,Anglo-German,,False
lcc_range,10404,1971-,By Period,DS395.5..DS395.7,1971-,,True
lcc_range,10405,1603-1763. New France,French America | By Period,F1030..F1030.9,,,False
lcc_range,10407,13th-15th centuries,"Late Medieval, 11th–15th C.",D202..D203,13th-15th centuries,,True
lcc_range,10408,"Contemporary Europe, 2001–Present",By Era,D2015..D2027,2001-,,True
lcc_range,10408,"Contemporary Europe, 2001–Present",By Era,D2025..D2025.5,Foreign and general relations,,True
lcc_range,10409,"First Empire, 1804–1815",By Period,DC197..DC219,"Empire (First). Napoleon I, 1804-1815",,False
lcc_range,10410,"WWII Occupation, 1939–1945","Second Republic & WWII, 1918–1945",DK4410..DK4415.2,1939-1945. Period of World War II,,True
lcc_range,10415,"Egypt, 638–1250",By Period,DT95..DT95.88,,,False
lcc_range,10416,Venice,Italian,DG670..DG684.72,Northern Italy | Venice,,False
lcc_range,10417,20th-21st centuries,East,DJK48.5..DJK51,20th-21st centuries,,True
lcc_range,10418,"Helvetic Republic, 1798–1803","Revolution & Napoleon, 1789–1815",DQ141..DQ145,1798-1803. Helvetic Republic,,False
lcc_range,10419,"Kingdom of Jerusalem, 1099–1291",Medieval,D175..D195,Latin Kingdom of Jerusalem. Latin Orient. 1099-1291 | Medieval History,,False
lcc_range,10420,Atrocities. War crimes.,World War II,D803..D804.7,Atrocities. War crimes.,,False
lcc_range,10423,"Union Era, 1918–1939",By Period,DB2805..DB2814.Z,,,False
lcc_range,10424,Migrations,Medieval,D135..D149,Medieval History | Migrations,,False
lcc_range,10426,U.S. WWII Submarine Operations,Submarine operations,D783..D783.5,United States,,True
lcc_range,10428,1968–1992,By Period,DB2835..DB2842,1968-1992,,True
lcc_range,10429,"Margraviate & Duchy, 976–1246","Early & Medieval Era, to 1521",DB53..DB54,976-1246,,True
lcc_range,10430,Kenyan,East Afric. British East Africa,DT433.5..DT434,East Africa | Kenya,,True
lcc_range,10430,Kenyan,East Afric. British East Africa,DT433.525..DT433.526,"Historic monuments, landmarks, scenery, etc. (General)",,True
lcc_range,10431,"Stalinist Era, 1945–1956","People’s Republic, 1945–1989",DK4438..DK4439,1945-1956,,True
lcc_range,10433,Reconstruction,World War II,D824..D829,Reconstruction,,False
lcc_range,10435,1963-,By Period,DS597.2..DS597.215,1963-,,True
lcc_range,10436,"Postwar Union, 1945–1968",By Period,DB2825..DB2831,1945-1968,,True
lcc_range,10438,1975-1988,By Period,DS799.83..DS799.834,1975-1988,,True
lcc_range,10439,Historical atlases,World,D11.52..D12,Historical atlases,,False
lcc_range,10442,U.S. Indigenous,Education,E97..E97.65,United States,,True
lcc_range,10445,"Partition Era, 1763–1795","Pre-Partition Era, to 1795",DK4328.9..DK4348,1763-1795. Partition period,,False
lcc_range,10446,Early to 221 BC,By Period,DS741..DS747.23,Early to 221 B.C.,,True
lcc_range,10446,Early to 221 BC,By Period,DS742..DS742.2,Legendary period,,True
lcc_range,10446,Early to 221 BC,By Period,DS744..DS744.3,"Shang (Yin) Dynasty, 1766-1122 B.C.",,True
lcc_range,10446,Early to 221 BC,By Period,DS747..DS747.23,"Zhou (Chou) dynasty, 1122-221 B.C.",,True
lcc_range,10449,Prewar Diplomatic Relations,World War II,D748..D754,Diplomatic history. General relations (towards war),,False
lcc_range,10451,Methods,World,D16..D16.18,Methodology. Relation to other sciences,,True
lcc_range,10452,WWII Medals & Honors,World War II,D796..D796.5,"Medals, badges, decorations of honor",,False
lcc_range,10453,Aerial operations,U.S. WWI Military Operations,D570.6..D570.7,Aerial operations,,False
lcc_range,10455,1984-,By Period,DS650.8..DS650.83,1984-,,True
lcc_range,10458,1894-1901,By Period,DS676..DS684.3,1894-1901,,True
lcc_range,10458,1894-1901,By Period,DS681..DS681.7,Political and diplomatic history,,True
lcc_range,10458,1894-1901,By Period,DS682..DS683,Military history,,True
lcc_range,10458,1894-1901,By Period,DS682.A5..DS682.Z,"Special events, battles, etc.",,True
lcc_range,10458,1894-1901,By Period,DS683.3..DS683.5,Naval history,,True
lcc_range,10459,U.S. WWII Naval Operations,Naval operations,D773..D774,United States,,True
lcc_range,10460,1989–1993,"Union & Republic, 1918–1993",DB2235..DB2241,1989-1993,,True
lcc_range,10462,20th century,By Period,DA821..DA826,20th century,,True
lcc_range,10463,Early Malacca to 1511,By Period,DS596.5..DS596.53,Early to 1511. Malacca Kingdom,,False
lcc_range,10464,Sicily,Italian,DG861..DG875,Sicily | Southern Italy,,False
lcc_range,10466,"Communist Era, 1944–1990",By Period,DR976..DR977.25,1944-1990,,True
lcc_range,10467,Montenegrin,Balkan Peninsula,DR101..DR196,Montenegro,,True
lcc_range,10468,Tasmania Van Diemen's Land,Oceanian,DU450..DU480,Tasmania (Van Diemen's Land),,False
lcc_range,10469,Military Operations,World War II,D754.2..D769.9,Military operations. The war effort,,False
lcc_range,10469,Military Operations,World War II,D755..D755.3,September 1939-December 1941,,True
lcc_range,10472,General,World,D17..D24.5,World histories,,True
lcc_range,10475,Captivities,Indians of North America,E85..E87,Captivities,,False
lcc_range,10476,Early to 1895,By Period,DS799.64..DS799.66,Early to 1895,,True
lcc_range,10477,"Joseon Yi Era, 1392–1910",By Period,DS913..DS915.53,"Chosŏn (Yi) dynasty, 1392-1910",,True
lcc_range,10477,"Joseon Yi Era, 1392–1910",By Period,DS914..DS914.5,1637-1864,,True
lcc_range,10477,"Joseon Yi Era, 1392–1910",By Period,DS915..DS915.53,19th century. 1864-1910,,True
lcc_range,10479,East Central Lake region,Central,DT361..DT363.3,East Central (Lake region),,False
lcc_range,10480,"Military Rule, 1967–1974",Greece since 1913,DF853..DF853.5,"Period of military rule, 1967-1974",,False
lcc_range,10483,Earliest to 1600,By Period,DS849.7..DS869.6,Earliest to 1600,,False
lcc_range,10483,Earliest to 1600,By Period,DS851..DS856.72,Earliest to 1185,,False
lcc_range,10483,Earliest to 1600,By Period,DS855..DS855.73,To 794,,True
lcc_range,10483,Earliest to 1600,By Period,DS855.68..DS855.73,"Nara period, 710-794",,True
lcc_range,10483,Earliest to 1600,By Period,DS855.87..DS856.72,"Heian period, 794-1185",,True
lcc_range,10484,20th century,By Period,DS915.56..DS922.464,,,False
lcc_range,10484,20th century,By Period,DS915.56..DS922.4642,20th century,,True
lcc_range,10484,20th century,By Period,DS916.6..DS922.464,,,False
lcc_range,10484,20th century,By Period,DS916.6..DS922.4642,1945-,,True
lcc_range,10484,20th century,By Period,DS917.5..DS917.55,"Allied occupation, 1945-1948",,True
lcc_range,10484,20th century,By Period,DS917.6..DS921.92,1948-1960,,True
lcc_range,10484,20th century,By Period,DS918.8..DS919.7,Foreign participation,,True
lcc_range,10484,20th century,By Period,DS918.A1..DS921.92,"War and intervention, 1950-1953",,True
lcc_range,10484,20th century,By Period,DS920.2.A2..DS920.2.Z,Aerial operations,,True
lcc_range,10484,20th century,By Period,DS920.44..DS920.45,"Medals, badges, decorations of honor",,True
lcc_range,10484,20th century,By Period,DS920.8..DS920.9,Atrocities,,True
lcc_range,10484,20th century,By Period,DS920.A2..DS920.Z,Naval operations,,True
lcc_range,10484,20th century,By Period,DS920.A3..DS920.Z,"Individual engagements, ships, etc.",,True
lcc_range,10484,20th century,By Period,DS921..DS921.2,Prisoners and prisons,,True
lcc_range,10484,20th century,By Period,DS921.9..DS921.92,Celebrations. Memorials. Monuments,,True
lcc_range,10484,20th century,By Period,DS922..DS922.445,1960-1988,,True
lcc_range,10484,20th century,By Period,DS922.46..DS922.464,,,False
lcc_range,10484,20th century,By Period,DS922.46..DS922.4642,1988-2002,,True
lcc_range,10485,19th-20th centuries,By Period,DS361..DS371,1826-1973,,True
lcc_range,10485,19th-20th centuries,By Period,DS361..DS371.3,19th-20th centuries,,True
lcc_range,10488,Libyan,Maghrib. Barbary States,DT211..DT239,Libya | Maghrib. Barbary States,,True
lcc_range,10488,Libyan,Maghrib. Barbary States,DT238.A..DT238.Z,Regions & Administrative Divisions,,True
lcc_range,10488,Libyan,Maghrib. Barbary States,DT239.A..DT239.Z,Cities & Towns,,True
lcc_range,10490,"Durani Rule, 1747–1826",By Period,DS359..DS359.8,1747-1826. Durani dynasty,,False
lcc_range,10491,13th century,13th-15th centuries,D202.3..D202.4,13th century,,True
lcc_range,10492,Politics & Institutions,Medieval,D131..D134,Political history and institutions,,False
lcc_range,10493,Naval operations,World War II,D770..D779,Naval operations,,False
lcc_range,10495,WWI Operations in Africa,Colonial,D575..D576,African,,True
lcc_range,10498,Naples & Two Sicilies,Italian,DG840..DG857.52,Naples. Kingdom of the Two Sicilies,,False
lcc_range,10499,Argentine,Latin American,F2801..F3031.52,Argentina & La Plata Region,,True
lcc_range,10500,1945-1975,By Period,DS799.77..DS799.823,1945-1975,,True
lcc_range,10501,Amphibious operations,World War II,D784.5..D784.52,Amphibious operations,,False
lcc_range,10502,"Luxembourg Dynasty, 1311–1437","Early & Medieval, to 1526",DB2095..DB2111,"Luxemburg Dynasty, 1311-1437",,False
lcc_range,10503,1886-1960,By Era,DT365.7..DT365.75,1886-1960,,True
lcc_range,10505,Anglo-Italian,Naval operations,D775..D775.5,Anglo-Italian,,False
lcc_range,10507,Austrian. Austro-Hungarian,Western,D539..D539.7,Austrian. Austro-Hungarian,,False
lcc_range,10508,Japanese WWI Campaigns,Military operations,D571..D572,Japanese,,False
lcc_range,10514,Genoa,Italian,DG631..DG645,Genoa | Northern Italy,,False
lcc_range,10515,Modern Romani,Romani Historical Studies,DX145..DX145.2,Modern,,True
lcc_range,10516,1901-,By Period,DS685..DS686.62,1901-,,True
lcc_range,10516,1901-,By Period,DS686.5..DS686.6,1946-1986,,True
lcc_range,10516,1901-,By Period,DS686.614..DS686.62,1986-,,True
lcc_range,10517,1990,By Period,DS798.84..DS798.86,1990,,True
lcc_range,10518,Timorese,Southeast,DS649.2..DS649.9,Timor-Leste. East Timor. Timor Timur. Portuguese Timor,,True
lcc_range,10518,Timorese,Southeast,DS649.44..DS649.45,Ethnography,,True
lcc_range,10519,Balkan,Eastern,D560..D565,Balkan,,False
lcc_range,10519,Balkan,Eastern,D561..D562,Serbian,,True
lcc_range,10519,Balkan,Eastern,D563.A..D563.Z,Bulgarian,,True
lcc_range,10519,Balkan,Eastern,D564.A..D564.Z,Montenegrin,,True
lcc_range,10521,"Egypt, 1879–1952",By Period,DT107..DT107.82,1879-1952,,True
lcc_range,10522,1945,Military Operations,D755.7..D755.8,1945,,True
lcc_range,10524,"Early Second Republic, 1918–1926","Second Republic & WWII, 1918–1945",DK4403.5..DK4409.4,1918-1926,,True
lcc_range,10524,"Early Second Republic, 1918–1926","Second Republic & WWII, 1918–1945",DK4404..DK4409.3,Wars of 1918-1921,,True
lcc_range,10524,"Early Second Republic, 1918–1926","Second Republic & WWII, 1918–1945",DK4406..DK4406.3,Military operations,,True
lcc_range,10525,Treaties with Axis powers,Peace,D814.55..D814.9,Treaties with Axis powers,,False
lcc_range,10528,Archaeology,Indians of North America,E77.8..E77.94,Archaeology,,False
lcc_range,10530,Righteous Gentiles,Rescue efforts,D804.65..D804.66,Righteous Gentiles,,False
lcc_range,10533,1895-1945,By Period,DS799.69..DS799.72,1895-1945,,True
lcc_range,10535,Mongolian,Asian,DS798.42..DS798.422,Ethnography,,True
lcc_range,10535,Mongolian,Asian,DS798.43..DS798.45,Historiography,,True
lcc_range,10536,1965-,By Period,DS610.7..DS610.73,1965-,,True
lcc_range,10537,Rome Modern city,Italian,DG803..DG817.32,Rome (Modern city),,False
lcc_range,10538,Satire & Caricature,World War II,D745..D745.7,"Satire, caricature, etc.",,False
lcc_range,10539,U.S. WWI Military Operations,Military operations,D570..D570.9,United States,,True
lcc_range,10539,U.S. WWI Military Operations,Military operations,D570.19..D570.372,Military operations,,False
lcc_range,10539,U.S. WWI Military Operations,Military operations,D570.36..D570.372,Training camps,,True
lcc_range,10539,U.S. WWI Military Operations,Military operations,D570.4..D570.5,Naval operations,,False
lcc_range,10541,Alien enemies,World War II,D801.A..D801.Z,Alien enemies,,False
lcc_range,10544,"Qing Dynasty, 1644–1912",By Period,DS753.82..DS773.6,"Qing (Ch'ing) dynasty, 1644-1912",,False
lcc_range,10544,"Qing Dynasty, 1644–1912",By Period,DS754.2..DS754.84,1644-1795. 18th century,,True
lcc_range,10544,"Qing Dynasty, 1644–1912",By Period,DS755..DS760,1796-1861. 19th century,,True
lcc_range,10544,"Qing Dynasty, 1644–1912",By Period,DS761..DS773.6,1861-1912,,True
lcc_range,10548,19th-20th centuries,North,DT176..DT176.199,,,False
lcc_range,10549,Arab Islamic Empire,Medieval,D198..D199.7,Arab (Islamic) Empire,,False
lcc_range,10553,"Press, Censorship, Publicity & Radio",World War II,D798..D799,Press. Censorship. Publicity. Radio,,False
lcc_range,10558,Treaties,Diplomatic,D614.A..D614.Z,Treaties,,False
lcc_range,10561,Education,Indians of North America,E96..E97.65,Education,,False
lcc_range,10562,"Papal States, Holy See & Vatican",Italian,DG795.6..DG796.7,,,False
lcc_range,10564,Early & medieval to 1500,East,DJK46..DJK46.7,Early and medieval to 1500,,False
lcc_range,10567,Franco-Austrian. French,Naval operations,D583..D584,Franco-Austrian. French,,False
lcc_range,10570,Indian schools,Canadian Indigenous,E96.5..E96.65,Indian schools,,False
lcc_range,10571,Political & Foreign Relations,Korean,DS909.95..DS910,Political history,,False
lcc_range,10571,Political & Foreign Relations,Korean,DS910.16..DS910.2,Foreign and general relations,,False
lcc_range,10574,"Piracy, 1516–1830",Maghrib. Barbary States,DT201..DT202,1516-1830. Period of piracy,,False
lcc_range,10575,1945-1965,By Period,DS610.6..DS610.63,1945-1965,,True
lcc_range,10576,U.S. WWI Memorials,WWI Commemoration,D670..D675,United States,,True
lcc_range,10577,Northeast Africa,East,DT367..DT367.82,Northeast Africa,,False
lcc_range,10577,Northeast Africa,East,DT367.42..DT367.45,Ethnography,,True
lcc_range,10578,"Colonial Era, 1798–1942",By Period,DS643..DS643.22,1798-1942. Colonial period,,False
lcc_range,10579,Hungarian WWI Campaigns,Western,D540..D540.5,Hungarian,,False
lcc_range,10583,Public opinion,Holocaust,D804.44..D804.45,Public opinion,,False
lcc_range,10585,1900-1974,Northeast Africa,DT367.75..DT367.77,1900-1974,,True
lcc_range,10588,"Hohenzollern Dynasty, 1415–1640",Prussia,DD380..DD387,1415-1640. Hohenzollern dynasty,,False
lcc_range,10589,Surinamese,Latin American | Dutch America,F2401..F2431,South America | Suriname. Netherlands or Dutch Guiana,,True
lcc_range,10589,Surinamese,Latin American | Dutch America,F2419..F2420.2,Antiquities. Indians,,True
lcc_range,10589,Surinamese,Latin American | Dutch America,F2420.4..F2420.6,Historiography,,True
lcc_range,10593,British WWI Submarine Operations,Submarine operations,D593..D594,English,,True
lcc_range,10594,Prisoners & prisons,World War II,D805..D805.6,,,False
lcc_range,10594,Prisoners & prisons,World War II,D805.5..D805.6.Z,,,False
lcc_range,10594,Prisoners & prisons,World War II,D805.A..D805.Z,Prisoners and prisons,,False
lcc_range,10597,1989-2001,By Period,DS371.3..DS371.33,1989-2001,,True
lcc_range,10603,"Late Medieval, 1437–1526","Early & Medieval, to 1526",DB2115..DB2133,1437-1526,,True
lcc_range,10604,"Postwar Europe, 1945–Present",By Era,D1050..D2009,1945-,,True
lcc_range,10604,"Postwar Europe, 1945–Present",By Era,D1056..D1056.2,Ethnography,,True
lcc_range,10604,"Postwar Europe, 1945–Present",By Era,D1058..D1065,Political and diplomatic history,,True
lcc_range,10606,Sahara,Maghrib. Barbary States,DT331..DT346,Maghrib. Barbary States | Sahara,,False
lcc_range,10607,Early to 1945,By Period,DS610.5..DS610.53,Early to 1945,,True
lcc_range,10608,1945-1960,By Era,DT30..DT30.2,1945-1960,,True
lcc_range,10611,Ethical & religious aspects,World War II,D744.4..D744.5,Ethical and religious aspects,,False
lcc_range,10615,"Wartime State, 1939–1945",By Period,DB2815..DB2822,"Period of World War II. Slovak Independence, 1939-1945",,True
lcc_range,10617,Huns. Attila,Migrations,D141..D143,Huns. Attila,,False
lcc_range,10618,German WWI Submarine Warfare,Submarine operations,D591..D592,German,,False
lcc_range,10619,Indian schools,U.S. Indigenous,E97.5..E97.65,Indian schools,,False
lcc_range,10620,Western,Military operations,D530..D549.5,Western,,False
lcc_range,10621,Pre-Roman Italy,"Ancient Era, to 476",DG221..DG225,Pre-Roman Italy,,False
lcc_range,10623,1602-1798. Dutch East India Company,By Period,DS642..DS642.22,1602-1798. Dutch East India Company,,False
lcc_range,10624,"German Occupation, 1939–1945","Union & Republic, 1918–1993",DB2205..DB2211,"Period of World War II. German occupation, 1939-1945",,False
lcc_range,10625,11th century,11th-12th centuries,D201.3..D201.4,11th century,,True
lcc_range,10633,"French West Africa, Sahara & Sahel",West,DT529.5..DT529.511,Social life and customs. Civilization. Intellectual life,,True
lcc_range,10633,"French West Africa, Sahara & Sahel",West,DT530..DT530.5,Ethnography,,True
lcc_range,10633,"French West Africa, Sahara & Sahel",West,DT532.39..DT532.395,Foreign and general relations,,True
lcc_range,10635,Early,By Period,DS798.65..DS798.66,Early,,True
lcc_range,10636,Russo-Austrian,Eastern,D556..D557,Russo-Austrian,,False
lcc_range,10637,Political & Diplomatic,Central,DT353..DT353.5,Political and diplomatic history,,False
lcc_range,10638,Aerial operations,World War II,D785..D792,Aerial operations,,False
lcc_range,10639,1830–1881,Maghrib. Barbary States,DT263..DT263.76,1830-1881. 19th century,,True
lcc_range,10641,Granada,"Medieval, 711–1516",DP115..DP123,Kingdom of Granada,,False
lcc_range,10644,"Kalmar Union, 1397–1523",By Period,DL696..DL700.9,1397-1523,,True
lcc_range,10648,"Medieval–Early Modern, 1185–1603",By Period,DS856.75..DS869.7,1185-1603. Medieval to early modern,,False
lcc_range,10648,"Medieval–Early Modern, 1185–1603",By Period,DS858..DS861,"Kamakura period, 1185-1333",,True
lcc_range,10648,"Medieval–Early Modern, 1185–1603",By Period,DS863.75..DS869.7,"Muromachi period, 1336-1573. Ashikaga Shogunate",,True
lcc_range,10648,"Medieval–Early Modern, 1185–1603",By Period,DS865.4..DS865.5,"Period of northern and southern courts, 1336-1392",,True
lcc_range,10648,"Medieval–Early Modern, 1185–1603",By Period,DS868..DS869.7,"Period of civil wars, 1480-1603. Sengoku period",,True
lcc_range,10648,"Medieval–Early Modern, 1185–1603",By Period,DS869.4..DS869.6,"Azuchi-Momoyama period, 1568-1603",,True
lcc_range,10649,WWI: Belgium & Belgian Forces,Western,D541..D542,Belgian and operations in Belgium,,False
lcc_range,10652,Eastern,Military operations,D550..D569.5,Eastern,,False
lcc_range,10653,1966-1998,By Period,DS644.4..DS644.46,1966-1998,,True
lcc_range,10654,Romanian,Eastern,D565.A..D565.Z,Romanian,,False
lcc_range,10655,South Pacific Voyages,Oceanian,DU19..DU23.5,South Sea description and travel. Voyages,,False
lcc_range,10657,Eritrean,East,DT391..DT398,East Africa | Eritrea,,True
lcc_range,10657,Eritrean,East,DT393.5..DT393.55,Ethnography,,True
lcc_range,10660,U.S. WWII Air Operations,Aerial operations,D790..D790.473,United States,,True
lcc_range,10661,Moroccan,Maghrib. Barbary States,DT301..DT330,Maghrib. Barbary States | Morocco,,True
lcc_range,10661,Moroccan,Maghrib. Barbary States,DT313..DT313.6,Ethnography | North Africa,,True
lcc_range,10661,Moroccan,Maghrib. Barbary States,DT313.2..DT313.3,Berbers,,True
lcc_range,10661,Moroccan,Maghrib. Barbary States,DT313.2..DT313.6,Individual elements in the population,,True
lcc_range,10661,Moroccan,Maghrib. Barbary States,DT313.4..DT313.5,Arabs,,True
lcc_range,10661,Moroccan,Maghrib. Barbary States,DT313.8..DT313.83,Historiography,,True
lcc_range,10661,Moroccan,Maghrib. Barbary States,DT321..DT323.5,1516-1830. Period of piracy,,True
lcc_range,10661,Moroccan,Maghrib. Barbary States,DT324..DT324.92,1830-1955,,True
lcc_range,10661,Moroccan,Maghrib. Barbary States,DT325..DT326,1955-,,True
lcc_range,10661,Moroccan,Maghrib. Barbary States,DT328..DT329,Local History & Places | North Africa,,True
lcc_range,10661,Moroccan,Maghrib. Barbary States,DT328.A..DT328.Z,Regions & Administrative Divisions,,True
lcc_range,10661,Moroccan,Maghrib. Barbary States,DT329.A..DT329.Z,Cities & Towns,,True
lcc_range,10662,Diplomatic & Foreign Relations,Middle Eastern,DS63.17..DS63.9,Political and diplomatic history. Foreign and general relations,,False
lcc_range,10664,1971-,Modern,CB428..CB430,1971-,,True
lcc_range,10665,"Late Medieval, 1234–1397",By Period,DL681..DL695.Z,,,False
lcc_range,10666,Japanese WWII Naval Operations,Naval operations,D777..D777.5,Japan,,True
lcc_range,10667,Arab conquest to c. 1516 or 1524,North,DT173..DT173.999,,,False
lcc_range,10668,21st century,By Period,DA828..DA833,21st century,,True
lcc_range,10669,21st century,World,D861..D863.7,21st century,,True
lcc_range,10673,21st century,By Period,DS922.5..DS923.284,21st century,,True
lcc_range,10673,21st century,By Period,DS923..DS923.284,2002-,,True
lcc_range,10675,Navy,U.S. WWII Air Operations,D790.3..D790.378,Navy,,False
lcc_range,10677,Anglo-French. Allies,Western,D544..D545,Anglo-French. Allies,,False
lcc_range,10678,"Egypt, 1250–1517",By Period,DT96..DT96.7,1250-1517. Mamelukes. مماليك,,True
lcc_range,10679,Columbus Cristoforo Colombo,Exploration of the Americas,E111..E120,Columbus (Cristoforo Colombo) | Discovery of America and early explorations,,False
lcc_range,10681,Crusader Kingdom Local,"Kingdom of Jerusalem, 1099–1291",D190..D195,Local,,False
lcc_range,10682,Early to 10th century,Medieval,D121..D123,Early to 10th century,,True
lcc_range,10686,Military & Naval,Korean,DS909..DS909.2,Military history,,False
lcc_range,10686,Military & Naval,Korean,DS909.5..DS909.7,Naval history,,False
lcc_range,10688,2001-,By Period,DS371.4..DS371.43,2001-,,True
lcc_range,10692,German WWI Military Operations,Western,D531..D538.5,German,,False
lcc_range,10692,German WWI Military Operations,Western,D532..D532.9,Prussian,,True
lcc_range,10692,German WWI Military Operations,Western,D533..D533.9,Baden,,True
lcc_range,10692,German WWI Military Operations,Western,D534..D534.9,Bavaria,,True
lcc_range,10692,German WWI Military Operations,Western,D535..D535.9,Hessian,,True
lcc_range,10692,German WWI Military Operations,Western,D536..D536.9,Saxon,,True
lcc_range,10692,German WWI Military Operations,Western,D537..D537.9,Württemberg,,True
lcc_range,10694,14th century,13th-15th centuries,D202.7..D202.8,14th century,,True
lcc_range,10696,"World Wars Era, 1900–1945",North,DL83..DL85,1900-1945,,True
lcc_range,10698,Submarine operations,World War II,D780..D784,Submarine operations,,False
lcc_range,10699,Taiwanese,Asian,DS798.92..DS799.9,China | Taiwan,,True
lcc_range,10699,Taiwanese,Asian,DS799.42..DS799.43,Ethnology,,True
lcc_range,10699,Taiwanese,Asian,DS799.45..DS799.47,Historiography,,True
lcc_range,10701,Modern Era,By Period,DA720..DA722.1,Modern,,True
lcc_range,10701,Modern Era,By Period,DA722..DA722.1,19th-20th centuries,,True
lcc_range,10702,221 BC-960 AD,By Period,DS747.28..DS749.76,221 B.C.-960 A.D.,,True
lcc_range,10702,221 BC-960 AD,By Period,DS747.5..DS747.9,"Qin (Ch'in) dynasty, 221-207 B.C.",,True
lcc_range,10702,221 BC-960 AD,By Period,DS748..DS748.164,"Han Dynasty, 202 B.C.-220 A.D.",,True
lcc_range,10702,221 BC-960 AD,By Period,DS748..DS748.165,,,False
lcc_range,10702,221 BC-960 AD,By Period,DS748.162..DS748.165,"Xin (Hsin) dynasty, 9-23",,True
lcc_range,10702,221 BC-960 AD,By Period,DS748.17..DS748.76,220-589,,True
lcc_range,10702,221 BC-960 AD,By Period,DS748.4..DS748.44,"Jin (Chin) dynasty, 265-419",,True
lcc_range,10702,221 BC-960 AD,By Period,DS749.2..DS749.29,"Sui Dynasty, 581-618",,True
lcc_range,10702,221 BC-960 AD,By Period,DS749.3..DS749.47,"Tang (T'ang) dynasty, 618-907",,True
lcc_range,10702,221 BC-960 AD,By Period,DS749.5..DS749.76,"Five Dynasties, and the Ten Kingdoms, 907-979",,True
lcc_range,10703,19th-20th centuries,By Period,DS578..DS586,19th-20th centuries,,True
lcc_range,10704,"Sonderbund War, 1847","Regeneration, 1830–1848",DQ160..DQ161,"War of the Sonderbund, 1847",,False
lcc_range,10705,Armistice,World War II,D812..D813,Armistice,,False
lcc_range,10712,Peace efforts during the war,Diplomatic,D613..D614,Peace efforts during the war,,False
lcc_range,10713,960-1644,By Period,DS750.52..DS753.7,960-1644,,True
lcc_range,10713,960-1644,By Period,DS751..DS751.6,"Song (Sung) dynasty, 960-1279",,True
lcc_range,10713,960-1644,By Period,DS751.72..DS751.78,"Liao Dynasty, 947-1125. Khitan Mongols",,True
lcc_range,10713,960-1644,By Period,DS751.82..DS751.88,"Xi Xia (Hsi Hsia) dynasty, 1038-1227. Tangut",,True
lcc_range,10713,960-1644,By Period,DS751.92..DS751.98,"Jin (Chin) dynasty, 1115-1234. (Juchen or Ruzhen dynasty)",,True
lcc_range,10713,960-1644,By Period,DS752..DS752.6,"Yuan dynasty, 1260-1368",,True
lcc_range,10713,960-1644,By Period,DS753..DS753.7,"Ming Dynasty, 1368-1644",,True
lcc_range,10714,1988-,By Period,DS799.84..DS799.849,1988-,,True
lcc_range,10715,"National Awakening, 1840–1912","Ottoman Rule, 1501–1912",DR965.9..DR969,1840-1912. National renaissance. Independence movement,,False
lcc_range,10716,Nationalism,Diplomatic & Foreign Relations,DS63.5..DS63.6,Nationalism,,False
lcc_range,10717,Armenian,Asian,DK680..DK689.5,Armenia (Republic). Armenian S.S.R. | Local history and description,,False
lcc_range,10717,Armenian,Asian,DK685.3..DK685.4,,,False
lcc_range,10717,Armenian,Asian,DS161..DS199,Armenia,,True
lcc_range,10718,2002-,By Period,DS649.7..DS649.73,2002-,,True
lcc_range,10720,Ancient,World,D51..D95,Ancient history,,False
lcc_range,10722,11th-12th centuries,"Late Medieval, 11th–15th C.",D201..D201.8,11th-12th centuries,,True
lcc_range,10723,Equatorial Guinean,West,DT620..DT620.9.Z,,,False
lcc_range,10725,"Sino-Vietnamese Conflict, 1979","Reunification Era, 1975–",DS559.915..DS559.916,"Sino-Vietnamese Conflict, 1979",,False
lcc_range,10726,Turkey & the Near East,Eastern,D566..D568.9,Turkey and the Near East,,False
lcc_range,10728,Engineering operations,World War II,D795.A..D795.Z,Engineering operations,,False
lcc_range,10730,"Normalization, 1968–1989","Union & Republic, 1918–1993",DB2225..DB2233,1968-1989,,True
lcc_range,10735,"Colonial Era, 1884–1960",West,DT476.2..DT476.23,1884-1960. Colonial period,,False
lcc_range,10738,Independent,By Period,DS798.8..DS798.82,Independent,,False
lcc_range,10742,Islands of the Indian Ocean,South,DS349.8..DS349.9,Islands of the Indian Ocean | South Asia,,False
lcc_range,10743,Colonial,Military operations,D573..D578,Colonial,,False
lcc_range,10743,Colonial,Military operations,D574..D578,German,,True
lcc_range,10744,"Habsburg Rule, 1477–1555",Benelux by Era,DH179..DH184,1477-1555,,True
lcc_range,10746,1946-1963 Federation,By Period,DS597..DS597.15,1946-1963 (Federation),,False
lcc_range,10747,"Early Era, to 1172",By Period,DA930..DA932.6,To 1172,,True
lcc_range,10749,Bronze Age,Ancient Era,DF220..DF220.5,Bronze Age. Aegean civilization,,False
lcc_range,10750,Japanese WWII Submarine Warfare,Submarine operations,D783.6..D783.7,Japan,,True
lcc_range,10752,20th century,By Period,DS798.75..DS798.76,20th century,,True
lcc_range,10754,20th century,Asian,DS35..DS35.2,20th century,,True
lcc_range,10755,Historical Commemoration,Asian,DS559.82..DS559.832,Celebrations. Memorials. Monuments,,True
lcc_range,10756,Elements in the population,North American,E184..E185.98,Ethnic & Population Groups,,False
lcc_range,10756,Elements in the population,North American,E49..E49.2,Elements in the population,,False
lcc_range,10759,Diplomatic & Foreign Relations,South,DS341..DS341.3,Political and diplomatic history. Foreign and general relations,,False
lcc_range,10763,"Independent, 1960–",West,DT476.5..DT476.523,1960- . Independent,,False
lcc_range,10766,Historiography & Methods,Ancient,D56..D56.52,Historiography. Methodology,,False
lcc_range,10767,"Egypt, 2011–Present",By Period,DT107.88..DT107.999,,,False
lcc_range,10769,"Late Partition Era, 1864–1918","Partitions Era, 1795–1918",DK4366..DK4378,Revolution of 1863-1864,,True
lcc_range,10769,"Late Partition Era, 1864–1918","Partitions Era, 1795–1918",DK4373..DK4373.5,Military operations,,True
lcc_range,10769,"Late Partition Era, 1864–1918","Partitions Era, 1795–1918",DK4379.9..DK4395,1864-1918,,True
lcc_range,10769,"Late Partition Era, 1864–1918","Partitions Era, 1795–1918",DK4383..DK4389,Revolution of 1905,,True
lcc_range,10769,"Late Partition Era, 1864–1918","Partitions Era, 1795–1918",DK4390..DK4392,1914-1918. Period of World War I,,True
lcc_range,10771,Islands East African coast,East,DT468..DT469,East Africa | Islands (East African coast),,False
lcc_range,10771,Islands East African coast,East,DT468.42..DT468.45,Ethnography,,True
lcc_range,10771,Islands East African coast,East,DT469.M37..DT469.M38,Local History & Places,,True
lcc_range,10771,Islands East African coast,East,DT469.M38A..DT469.M38Z,Cities & Towns,,True
lcc_range,10771,Islands East African coast,East,DT469.M491..DT469.M493,Major islands and dependencies,,False
lcc_range,10771,Islands East African coast,East,DT469.M491..DT469.M495,Local History & Places,,True
lcc_range,11216,Estonian,East,DK503.52..DK503.54,,,False
lcc_range,11217,Latvian,East,DK504.52..DK504.54,,,False
lcc_range,11220,"Ottoman Thrace, 1362–1913",Thrace,DR50.7..DR50.785,1362-1913. Turkish rule,,True
lcc_range,11221,Lithuanian,East,DK505.52..DK505.54,,,False
lcc_range,11225,"Communist Rule, 1959–",By Period,F1788..F1788.22,1959- . Communist regime | Cuba,,False
lcc_range,11231,1975-,By Period,F2425.2..F2425.23,1975-,,True
lcc_range,11232,1982-,By Period,F1508.3..F1508.33,1982-,,True
lcc_range,11233,1979-,By Period,F1528..F1528.22,1979-,,True
lcc_range,11238,1973-,By Period,F2729..F2729.52,1973-,,True
lcc_range,11240,1954-1964,By Period,F2538.2..F2538.22,1954-1964,,True
lcc_range,11243,1974-,By Period,F2279..F2279.22,1974-,,True
lcc_range,11244,1974-1999,By Period,F2328..F2328.52,1974-1999,,True
lcc_range,11246,1999-,By Period,F2329..F2329.22,1999-,,True
lcc_range,11248,1981-,By Period,F1567.4..F1567.6,1981-,,True
lcc_range,11251,1979-1992,By Period,F1488.3..F1488.42,1979-1992,,True
lcc_range,11257,1549-1762,By Period,F2528..F2532,,,False
lcc_range,11259,1985-,By Period,F2538.3..F2538.5,1985-,,True
lcc_range,11260,1992-,By Period,F1488.5..F1488.53,1992-,,True
lcc_range,11266,1810-,By Period,F3093..F3101.4,1810-,,True
lcc_range,11266,1810-,By Period,F3100..F3101,1970-1988,,True
lcc_range,11266,1810-,By Period,F3101.3..F3101.4,1988-,,True
lcc_range,11273,1933-1982,By Period,F1508..F1508.22,1933-1982,,True
lcc_range,11285,1946-1970,By Period,F1235..F1235.5,1946-1970,,True
lcc_range,11288,1984-,By Period,F3738.2..F3738.4,1984-,,True
lcc_range,11290,1964-1985,By Period,F2538.25..F2538.27,1964-1985,,True
lcc_range,11294,1970-2000,By Period,F1236..F1236.6,1970-2000,,True
lcc_range,11302,1989-,By Period,F2689.2..F2689.23,1989-,,True
lcc_range,11303,1986-,By Period,F1548.2..F1548.23,1986-,,True
lcc_range,11307,2000-,By Period,F1236.7..F1236.9,2000-,,True
lcc_range,11319,1829-,By Period,F3446.5..F3448.7,1829-,,True
lcc_range,11319,1829-,By Period,F3448.2..F3448.4,1968-1980,,True
lcc_range,11319,1829-,By Period,F3448.5..F3448.7,1980-,,True
lcc_range,11322,1958-1974,By Period,F2327..F2327.52,1958-1974,,True
lcc_range,11326,1945-,By Period,DU420.32..DU420.34,1945-,,True
lcc_range,11327,1918-1945,By Period,DU420.26..DU420.28,1918-1945,,True
lcc_range,11328,1876-1918,By Period,DU420.22..DU420.24,1876-1918,,True
lcc_range,11329,Through 1840,By Period,DU420.12..DU420.14,Through 1840,,False
lcc_range,11330,1840-1876,By Period,DU420.16..DU420.18,1840-1876,,True
lcc_range,11331,1788-1900,By Period,DU114..DU115.2,1788-1900,,True
lcc_range,11332,1900-1945,By Period,DU116..DU116.2,1900-1945,,True
lcc_range,11333,1945-,By Period,DU116.9..DU117.2,1945-,,True
lcc_range,11336,"Soviet Occupation, 1940–1991",By Period,DK504.77..DK504.79,1940-1991,,True
lcc_range,11337,"Restored Independence, 1991–Present",By Period,DK504.8..DK504.85,1991-,,True
lcc_range,11338,1850-1917,By Period,DK908.86..DK908.8614,1850-1917,,True
lcc_range,11339,"First Independence, 1918–1940",By Period,DK504.74..DK504.765,1918-1940,,True
lcc_range,11341,"Independence Era, 1991–Present",By Period,DK509.772..DK509.774,1991-,,True
lcc_range,11343,1801-1921,By Period,DK677.4..DK677.6,1801-1921,,True
lcc_range,11344,"Commonwealth, 1569–1795",By Period,DK505.72..DK505.726,1569-1795,,True
lcc_range,11346,20th century,By Period,DK507.729..DK507.73,,,False
lcc_range,11346,20th century,By Period,DK507.7295..DK507.7296,20th century,,True
lcc_range,11346,20th century,By Period,DK507.73..DK507.75,1917-1945,,True
lcc_range,11346,20th century,By Period,DK507.76..DK507.78,1945-1991,,True
lcc_range,11347,"Restored Independence, 1991–Present",By Period,DK503.8..DK503.85,1991-,,True
lcc_range,11348,330-1220,By Period,DK677.2..DK677.28,330-1220,,True
lcc_range,11350,"National Awakening, 1800–1918",By Period,DK504.73..DK504.737,1800-1918,,True
lcc_range,11351,"First Independence, 1918–1940",By Period,DK505.74..DK505.76,1918-1940,,True
lcc_range,11352,1220-1801,By Period,DK677.3..DK677.35,1220-1801,,True
lcc_range,11354,"Russian Imperial Rule, 1795–1918",By Period,DK505.73..DK505.738,1795-1918,,True
lcc_range,11355,"Independence Era, 1991–Present",By Period,DK507.8..DK507.822,1991-,,True
lcc_range,11357,"Russian Rule, 1812–1918",By Period,DK509.7..DK509.706,1812-1918,,True
lcc_range,11358,"Commonwealth, 1569–1795",By Period,DK507.72..DK507.726,1569-1795,,True
lcc_range,11359,"Union with Romania, 1918–1940",By Period,DK509.71..DK509.73,1918-1940,,True
lcc_range,11360,1945-1991,By Period,DK918.871..DK918.873,1945-1991,,True
lcc_range,11361,"Cossack Hetmanate, 1648–1775",By Period,DK508.73..DK508.761,1648-1775,,True
lcc_range,11361,"Cossack Hetmanate, 1648–1775",By Period,DK5259..DK5273.Z,,,False
lcc_range,11363,1945-1991,By Period,DK928.86..DK928.863,1945-1991,,True
lcc_range,11364,1921-1991,By Period,DK677.7..DK677.92,1921-1991,,True
lcc_range,11365,1991-,By Period,DK938.865..DK938.867,1991-,,True
lcc_range,11366,"Late Soviet Era, 1945–1991",By Period,DK510.73..DK510.75,1945-1991,,True
lcc_range,11367,Early to 330,By Period,DK677.1..DK677.15,Early to 330,,True
lcc_range,11368,"Soviet Era, 1940–1991",By Period,DK509.74..DK509.76,1940-1991,,True
lcc_range,11369,1991-,By Period,DK918.875..DK918.877,1991-,,True
lcc_range,11370,1920-1991,By Period,DK686.9..DK687.3,1920-1991,,True
lcc_range,11371,"Soviet Occupation, 1940–1991",By Period,DK505.77..DK505.79,1940-1991,,True
lcc_range,11372,1991-,By Period,DK928.865..DK928.867,1991-,,True
lcc_range,11373,1917-1945,By Period,DK928.85..DK928.853,1917-1945,,True
lcc_range,11374,"Soviet Occupation, 1940–1991",By Period,DK503.75..DK503.77,1940-1991,,True
lcc_range,11375,1991-,By Period,DK948.865..DK948.867,1991-,,True
lcc_range,11376,1917-1991,By Period,DK697.3..DK697.5,1917-1991,,True
lcc_range,11377,Early to 1569,By Period,DK505.695..DK505.716,Early to 1569,,True
lcc_range,11377,Early to 1569,By Period,DK505.7..DK505.706,Early to 1350,,True
lcc_range,11377,Early to 1569,By Period,DK505.71..DK505.716,1350-1569,,True
lcc_range,11378,1991-,By Period,DK687.5..DK687.62,1991-,,True
lcc_range,11379,1700-1850,By Period,DK908.85..DK908.856,1700-1850,,True
lcc_range,11380,1917-1945,By Period,DK918.85..DK918.87,1917-1945,,True
lcc_range,11382,"Restored Independence, 1991–Present",By Period,DK505.8..DK505.85,1991-,,True
lcc_range,11383,1917-1945,By Period,DK908.8618..DK908.863,1917-1945,,True
lcc_range,11384,1917-1945,By Period,DK948.85..DK948.853,1917-1945,,True
lcc_range,11385,"Revolution & Soviet Era, 1917–1945",By Period,DK510.7..DK510.72,1917-1945,,True
lcc_range,11386,"National Awakening, 1800–1918",By Period,DK503.73..DK503.736,1800-1918,,True
lcc_range,11387,1700-1917,By Period,DK918.84..DK918.848,1700-1917,,True
lcc_range,11388,"Imperial Russian Rule, 1775–1917",By Period,DK508.77..DK508.782,1775-1917,,True
lcc_range,11388,"Imperial Russian Rule, 1775–1917",By Period,DK5277..DK5303.Z,,,False
lcc_range,11389,1991-,By Period,DK678..DK678.3,1991-,,True
lcc_range,11390,"Russian Imperial Rule, 1795–1917",By Period,DK507.727..DK507.729,1795-1917,,True
lcc_range,11391,1945-1991,By Period,DK948.86..DK948.863,1945-1991,,True
lcc_range,11392,1991-,By Period,DK908.867..DK908.868,,,False
lcc_range,11393,Early to 1340,By Period,DK5205..DK5219.Z,,,False
lcc_range,11394,"First Independence, 1918–1940",By Period,DK503.74..DK503.748,1918-1940,,True
lcc_range,11395,"Polish Rule, 1569–1648",By Period,DK508.68..DK508.695,1569-1648. Period of Polish rule,,False
lcc_range,11395,"Polish Rule, 1569–1648",By Period,DK5241..DK5255.Z,,,False
lcc_range,11396,"Polish–Lithuanian Rule, 1340–1569",By Period,DK508.67..DK508.675,1340-1569. Period of Polish-Lithuanian domination,,False
lcc_range,11396,"Polish–Lithuanian Rule, 1340–1569",By Period,DK5223..DK5237.Z,,,False
lcc_range,11397,1991-,By Period,DK697.6..DK697.8,1991-,,True
lcc_range,11398,1945-1991,By Period,DK908.864..DK908.866,1945-1991,,True
lcc_range,11399,"Early Ottoman, 1281/1453–1566",By Period,DR485..DR510.Z,,,False
lcc_range,11402,1946-1971,By Period,DS98.2..DS98.3,1946-1971,,True
lcc_range,11403,"Turkish period, 1517-1918",By Period,DS97.5..DS97.6,"Turkish period, 1517-1918",,False
lcc_range,11404,"Medieval period, 638-1517",By Period,DS76..DS76.4,"Medieval period, 638-1517",,False
lcc_range,11405,"Republic, 1958-",By Period,DS79.65..DS79.769,,,False
lcc_range,11406,"428-1522. Sassanids, etc.",By Period,DS186..DS188,"428-1522. Sassanids, etc.",,False
lcc_range,11407,1901-,By Period,DS195..DS195.5,1901-,,True
lcc_range,11408,1522-1800. Turkish rule,By Period,DS191..DS193,1522-1800. Turkish rule,,False
lcc_range,11410,1914-1932,By Period,DS244..DS244.5,1914-1932,,True
lcc_range,11413,"Early Dynasties, to 428",By Period,DS181..DS184,Earliest to 428. Armenian dynasties,,False
lcc_range,11414,Ancient Era,By Period,DS71..DS74,Ancient,,False
lcc_range,11414,Ancient Era,By Period,DS73.2..DS73.87,2400-607 B.C. First dynasty to fall of Assyrian monarchy,,True
lcc_range,11414,Ancient Era,By Period,DS73.3..DS73.35,2100-1700. Second dynasty,,True
lcc_range,11414,Ancient Era,By Period,DS73.4..DS73.45,1731-1154. Third dynasty,,True
lcc_range,11414,Ancient Era,By Period,DS73.5..DS73.58,1160-1081. Fourth dynasty,,True
lcc_range,11414,Ancient Era,By Period,DS73.7..DS73.87,910-607. Eighth dynasty. Fall of Assyrian monarchy,,True
lcc_range,11414,Ancient Era,By Period,DS73.9..DS73.94,625-539 B.C. New Babylonian or Chaldean Empire,,True
lcc_range,11415,Ancient Era,By Period,DS154.2..DS154.22,Ancient,,False
lcc_range,11416,1919-1958,By Period,DS79..DS79.6,1919-1958,,True
lcc_range,11417,634-1516,By Period,DS97..DS97.4,634-1516,,True
lcc_range,11419,2000-,By Period,DS98.6..DS98.72,2000-,,True
lcc_range,11420,1919-,By Period,DS154.5..DS154.55,1919-,,True
lcc_range,11422,661-1517,By Period,DS234..DS238.7,661-1517,,True
lcc_range,11423,70 AD-,By Period,DS123..DS128.2,70 A.D.-,,True
lcc_range,11423,70 AD-,By Period,DS125..DS128.2,19th-20th centuries,,True
lcc_range,11423,70 AD-,By Period,DS126..DS126.4,1919-1948. Period of British control,,True
lcc_range,11423,70 AD-,By Period,DS126.5..DS126.994,"Republic, 1948-",,True
lcc_range,11423,70 AD-,By Period,DS126.92..DS126.93,Diplomatic history,,True
lcc_range,11423,70 AD-,By Period,DS126.995..DS128.19,1967-1993,,True
lcc_range,11423,70 AD-,By Period,DS127..DS127.9,"Arab War, 1967",,True
lcc_range,11423,70 AD-,By Period,DS127.2..DS127.3,Diplomatic history,,True
lcc_range,11423,70 AD-,By Period,DS128.1..DS128.19,"Arab War, 1973",,True
lcc_range,11423,70 AD-,By Period,DS128.12..DS128.13,Diplomatic history,,True
lcc_range,11424,1932-,By Period,DS244.512..DS244.63,1932-,,True
lcc_range,11425,"Turkish period, 1517-1918",By Period,DS84..DS85,"Turkish period, 1517-1918",,False
lcc_range,11426,Earliest to 70 AD,By Period,DS121..DS121.8,Earliest to 70 A.D.,,False
lcc_range,11426,Earliest to 70 AD,By Period,DS121.7..DS121.8,Maccabees. Hasmonean period (168-63 B.C.),,True
lcc_range,11428,Ancient to 226 AD,By Period,DS275..DS285,Ancient to 226 A.D.,,False
lcc_range,11428,Ancient to 226 AD,By Period,DS278..DS279.7,"Median Empire, 640-558 B.C.",,True
lcc_range,11428,Ancient to 226 AD,By Period,DS281..DS284.9,"Persian Empire, 558-330 B.C. Achaemenidae",,True
lcc_range,11429,333 BC-638 AD,By Period,DS75..DS75.2,333 B.C.-638 A.D.,,True
lcc_range,11430,63 BC-70 AD Roman period,By Period,DS122..DS122.9,63 B.C.-70 A.D. Roman period,,False
lcc_range,11431,"Republic, 1941-",By Period,DS87..DS87.6,"Republic, 1941-",,False
lcc_range,11431,"Republic, 1941-",By Period,DS87.5..DS87.53,"Civil War, 1975-1990",,True
lcc_range,11431,"Republic, 1941-",By Period,DS87.54..DS87.6,1990-,,True
lcc_range,11433,1971-2000,By Period,DS98.4..DS98.5,1971-2000,,True
lcc_range,11434,1801-1900,By Period,DS194..DS194.5,1801-1900,,True
lcc_range,11447,Bavaria,Local,DD801.B31..DD801.B43,,,False
lcc_range,11448,Berlin,Local,DD851..DD900,Berlin | Local History & Places,,False
lcc_range,11450,Saxony,Local,DD801.S31..DD801.S46,Saxony,,False
lcc_range,11451,Württemberg,Local,DD801.W6..DD801.W82,Württemberg,,False
lcc_range,11452,Hanseatic League,Local,DD801.H17..DD801.H25,Hansa towns. Hanseatic League,,False
lcc_range,11453,"Frankish Era, 481–918","Early & Medieval, 481–1519",DD127..DD135,"481-918 | Medieval Empire, 481-1273",,True
lcc_range,11454,Gaul & Celts,Early & Medieval,DC62..DC63,Gauls. Celts,,False
lcc_range,11456,"Late Medieval, 1328–1515",Early & Medieval,DC101.9..DC109,1328-1515 | 15th century,,True
lcc_range,11456,"Late Medieval, 1328–1515",Early & Medieval,DC95..DC109,1328-1515 | Early and medieval to 1515,,False
lcc_range,11456,"Late Medieval, 1328–1515",Early & Medieval,DC96..DC101.7,1328-1515,,True
lcc_range,11456,"Late Medieval, 1328–1515",Early & Medieval,DC97.5..DC101.7,14th century,,True
lcc_range,11457,"Hundred Years’ War, 1337–1453",Early & Medieval,DC96..DC97,"Hundred Years' War, 1339-1453",,False
lcc_range,11458,"Bourbon Restoration, 1815–1830",By Period,DC256..DC260,"Restoration, 1815-1830",,False
lcc_range,11459,"July Monarchy, 1830–1848",By Period,DC265..DC269,"July monarchy, 1830-1848",,False
lcc_range,11460,"Second Republic, 1848–1851",By Period,DC271.5..DC273.6,"Second Republic, 1848-1851",,False
lcc_range,11461,"Second Empire, 1852–1870",By Period,DC275..DC280.5,"Second Empire, 1852-1870",,False
lcc_range,11462,"Third Republic, 1871–1940",By Period,DC334..DC354.9,"Third Republic, 1871-1940",,False
lcc_range,11464,"Fourth Republic, 1946–1958",By Period,DC398..DC409,"20th century | Fourth Republic, 1947-1958. Post-war period",,False
lcc_range,11499,"Principality & Kingdom, 1878–1944",By Period,DR84.9..DR89.8,1878-1944,,True
lcc_range,11500,"Communist Era, 1944–1990",By Period,DR89.9..DR93.34,1944-1990,,True
lcc_range,11501,"Republic, 1990–Present",By Period,DR93.4..DR93.47,1990-,,True
lcc_range,11502,"Early First Empire, 681–893",By Period,DR74.5..DR75.8,,,False
lcc_range,11503,"Late First Empire, 893–1018",By Period,DR77..DR77.8,893-1018,,True
lcc_range,11505,"Second Empire, 1185–1396",By Period,DR80..DR80.8,"Early to 1396 | Second Bulgarian Empire, 1185-1396. Asen dynasty",,False
lcc_range,11506,"Turkish rule, 1396-1878",By Period,DR81..DR84,"Turkish rule, 1396-1878",,False
lcc_range,11507,"High Medieval Era, 1042–1241",By Period,DL167..DL173.8,1042-1241,,True
lcc_range,11508,"Late Medieval Era, 1241–1387",By Period,DL174..DL176.8,1241-1387,,True
lcc_range,11509,"Kalmar Union, 1387–1523",By Period,DL177..DL181.Z,,,False
lcc_range,11510,"Early Modern Era, 1523–1670",By Period,DL184..DL192.8,,,False
lcc_range,11511,"Absolute Monarchy, 1670–1808",By Period,DL193..DL199.8,"1670-1808 | Modern, 1523-",,True
lcc_range,11512,"Modern Era, 1808–1906",By Period,DL201..DL249,"1808-1906. 19th century | Modern, 1523-",,True
lcc_range,11514,"Early & Viking Era, to 1042",By Period,DL159.92..DL166.8,,,False
lcc_range,11515,"Oldenburg dynasty, 1448-1523",By Period,DL182..DL183.9,"Oldenburg dynasty, 1448-1523",,False
lcc_range,11516,"Swedish Rule, 1617–1721",By Period,DL1060..DL1060.5,1617-1721,,True
lcc_range,11517,"Swedish Rule, 1721–1809",By Period,DL1063..DL1063.9,1721-1809,,True
lcc_range,11519,"Russian Rule, 1809–1917",By Period,DL1065..DL1065.8,"Russian administration, 1809-1917",,False
lcc_range,11520,"Danish Rule, 1540–1800",By Period,DL357..DL360,1540-1800,,True
lcc_range,11521,"National Awakening, 1801–1918",By Period,DL365..DL373,1801-1918,,True
lcc_range,11522,"Modern Era, 1918–Present",By Period,DL375..DL380,1918-,,True
lcc_range,11523,"Commonwealth, 874–1262",By Period,DL352..DL353,874-1262,,True
lcc_range,11524,"Early & Medieval Era, to 1540",By Period,DL354..DL356.Z,,,False
lcc_range,11525,"Grand Duchy, 1815–Present",By Period,DH916..DH918.5,1815- (Grand duchy),,False
lcc_range,11526,"Knights Hospitaller, 1530–1798",By Period,DG992.5..DG992.65,1530-1798. Rule of the Knights of Malta,,False
lcc_range,11528,"Independence Era, 1964–Present",By Period,DG994..DG994.8,1964- . Independent,,True
lcc_range,11529,"Medieval Era, 870–1530",By Period,DG992.2..DG992.3,"870-1530. Arabic, Norman, Angevin and Aragonese domination",,True
lcc_range,11530,"Republic, 1555–1795",By Period,DJ154..DJ210,1555-1795. United Provinces | 1555-1795. United provinces,,True
lcc_range,11533,Early & medieval to 1555,By Period,DJ95..DJ152,,,False
lcc_range,11534,"Medieval Era, 1035–1319",By Period,DL469..DL479.Z,,,False
lcc_range,11535,"Danish Rule, 1387–1814",By Period,DL480..DL499.Z,,,False
lcc_range,11536,"Union Era, 1814–1905",By Period,DL503..DL526,1814-1905. 19th century,,True
lcc_range,11537,"Union with Sweden, 1814",By Period,DL500..DL502,1387-1814 | 1814. Union with Sweden,,False
lcc_range,11539,"Transylvania, 1526–1918",By Period,DR280.4..DR280.44,1526-1918,,True
lcc_range,11540,"Principalities, 1822–1866",By Period,DR242..DR244.7,,,False
lcc_range,11542,"Kingdom, 1866/1881–1944",By Period,DR250..DR263.Z,,,False
lcc_range,11543,"Independence Era, 1876–1881",By Period,DR248..DR249,1876-1881,,True
lcc_range,11544,"Transylvania, 1918–Present",By Period,DR280.7..DR280.74,1918-,,True
lcc_range,11545,"Territorial Expansion, 1918–1944",By Period,DR264..DR266.5,1918-1944,,True
lcc_range,11546,"Communist Era, 1944–1989",By Period,DR267..DR267.5,1944-1989,,True
lcc_range,11547,"Post-Communism, 1989–Present",By Period,DR268..DR269.6,1989-,,True
lcc_range,11548,Earliest & Roman period,By Period,DR238..DR239.22,Early and medieval to 1601,,True
lcc_range,11549,"Early Transylvania, to 1526",By Period,DR280.2..DR280.26,Earliest to 1526,,True
lcc_range,11551,Medieval Era,By Period,DR240..DR240.5,Medieval period,,False
lcc_range,11552,"Phanariote regime, 1601-1822",By Period,DR241..DR241.5,"Phanariote regime, 1601-1822",,False
lcc_range,11553,"Late Yugoslavia, 1980–1992",Yugoslavia & Successor States,DR1313..DR1313.8,"1980- | Yugoslav War, 1991-1995",,True
lcc_range,11553,"Late Yugoslavia, 1980–1992",Yugoslavia & Successor States,DR1313.2..DR1313.62,Military operations,,True
lcc_range,11554,"Successor States, 1992–Present",Yugoslavia & Successor States,DR1315..DR1321,1992-,,True
lcc_range,11555,"High Middle Ages, 1134–1234",By Period,DL672..DL679,1134-1234,,True
lcc_range,11556,"Liberty & Gustavian Era, 1718–1818",By Period,DL747..DL805,1718-1818,,True
lcc_range,11557,20th Century,By Period,DL860..DL879,20th century,,True
lcc_range,11558,19th Century,By Period,DB77.3..DB82.Z,,,False
lcc_range,11558,19th Century,By Period,DB84..DB90.Z,,,False
lcc_range,11559,"Independence Era, 1912–1944",By Period,DR969.8..DR975,,,False
lcc_range,11561,"Tanzimat Era, 1839–1876",By Period,DR565..DR567,Tanzimat (Reorganization) 1839-1876,,False
lcc_range,11562,"Late Ottoman Era, 1861–1909",By Period,DR568..DR575,1861-1909,,True
lcc_range,11563,"Ottoman Decline, 1566–1640",By Period,DR511..DR529,1281/1453-1918 | 1566-1640. Period of decline,,False
lcc_range,11564,"Ottoman Reforms, 1789–1861",By Period,DR556..DR564,1789-1861. 19th century,,True
lcc_range,11565,"Ottoman Era, 1640–1789",By Period,DR531..DR555.7,1281/1453-1918 | 1640-1789,,True
lcc_range,11566,"Early DDR, 1949–1961","Democratic Republic, 1949–1990",DD286..DD286.7,1949-1961,,True
lcc_range,11567,"Meiji, 1868–1912",By Period,DS881.98..DS884.Z,,,False
lcc_range,11568,"Taisho, 1912–1926",By Period,DS885.8..DS888,,,False
lcc_range,11569,"Early Showa, 1926–1945",By Period,DS888.15..DS888.5,,,False
lcc_range,11570,"Postwar Showa, 1945–1989",By Period,DS888.84..DS890.3,,,False
lcc_range,11571,"Heisei, 1989–Present",By Period,DS891..DS891.5,,,False
lcc_range,11572,General & Soviet Era,Russian,DK1..DK18.9,,,False
lcc_range,11572,General & Soviet Era,Russian,DK36..DK49,,,False
lcc_range,11572,General & Soviet Era,Russian,DK60..DK64,,,False
lcc_range,11573,Central,Asian,DK845..DK860,Local history and description | Soviet Central Asia. West Turkestan,,False
lcc_range,11573,Central,Asian,DK855.4..DK855.5,Ethnography,,True
lcc_range,11573,Central,Asian,DK855.8..DK855.83,Historiography,,True
lcc_range,11573,Central,Asian,DK857.7..DK857.75,Foreign and general relations,,True
lcc_range,11573,Central,Asian,DK859.5..DK859.57,1991-,,True
lcc_range,11573,Central,Asian,DS327..DS329.4,Asia,,True
lcc_range,11573,Central,Asian,DS328.3..DS328.4,Ethnography,,True
lcc_range,11573,Central,Asian,DS329.6..DS329.8,Historiography,,True
lcc_range,11577,Siberia,Local,DK751..DK781,Local history and description | Siberia,,False
lcc_range,11578,"House of Braganza, 1640–1816",By Period,DP632..DP644.9,1580-,,True
lcc_range,11579,"Monarchy, 1816–1908",By Period,DP645..DP669,1580-,,True
lcc_range,11581,Moscow,Local,DK588..DK609,Moscow | Russia (Federation). Russian S.F.S.R.,,False
lcc_range,11582,Saint Petersburg,Local,DK541..DK579,Russia (Federation). Russian S.F.S.R. | Saint Petersburg. Leningrad. Petrograd,,False
lcc_range,12340,Former Soviet Regions,East,DK501.62..DK501.63,Political history. Foreign and general relations,,True
lcc_range,12340,Former Soviet Regions,East,DK501.65..DK501.66,Early,,True
lcc_range,12340,Former Soviet Regions,East,DK501.7..DK501.72,Colonial,,True
lcc_range,12340,Former Soviet Regions,East,DK501.75..DK501.76,20th century,,True
lcc_range,12340,Former Soviet Regions,East,DK501.8..DK501.82,Independent,,True
lcc_range,12340,Former Soviet Regions,East,DK501.A2..DK502.82,Northern Soviet Union,,False
lcc_range,12626,Society & Culture,General & Soviet Era,DK32..DK32.7,Social life and customs. Civilization,,True
lcc_range,12627,Peoples & Ethnography,General & Soviet Era,DK33..DK35.5,Ethnography,,False
lcc_range,12628,Military & Naval,General & Soviet Era,DK50..DK59,,,False
lcc_range,12630,"Early Era, through 1613",General & Soviet Era,DK70..DK112.42,Russia & the Former Soviet Union,,True
lcc_range,12631,"Romanov Era, 1613–1917",General & Soviet Era,DK112.8..DK264.8,Russia & the Former Soviet Union,,True
lcc_range,12632,"Revolution & Civil War, 1917–1921",General & Soviet Era,DK265..DK265.95,"Revolution, 1917-1921 | Russia & the Former Soviet Union",,False
lcc_range,12633,"Soviet Era, 1918–1991",General & Soviet Era,DK266..DK292,"Russia & the Former Soviet Union | Soviet regime, 1918-1991",,False
lcc_range,12721,997–1761,By Period,DS452..DS461.8,,,False
lcc_range,12722,"British Rule, 1761–1947",By Period,DS463..DS480.83,,,False
lcc_range,12723,1947–,By Period,DS480.832..DS480.859,,,False
lcc_range,12724,Political & Foreign Relations,Indian,DS444..DS450,,,False
lcc_range,12724,Political & Foreign Relations,Indian,DS450.A..DS450.Z,,,False
lcc_range,12745,Paris,Local,DC701..DC790,Local history and description | Paris,,False
lcc_range,12746,Provence,Local,DC611.P951..DC611.P979,Provence,,False
lcc_range,12747,Brittany,Local,DC611.B841..DC611.B9173,Brittany (Bretagne),,False
lcc_range,12748,Corsica,Local,DC611.C8..DC611.C8365,,,False
lcc_range,12749,Catalonia,Local,DP302.C57..DP302.C69,Catalonia,,False
lcc_range,12750,Basque Provinces,Local,DP302.B41..DP302.B55,"Basque Provinces (General, and Spain)",,False
lcc_range,12751,Andalusia,Local,DP302.A41..DP302.A55,Andalusia,,False
lcc_range,12752,Galicia,Local,DP302.G11..DP302.G2,Galicia,,False
lcc_range,12753,Balearic Islands,Local,DP302.B16..DP302.B3,Balearic Islands,,False
lcc_range,12754,Canary Islands,Local,DP302.C36..DP302.C51,Canary Islands,,False
lcc_range,12755,Barcelona,Local,DP402.B2..DP402.B3,Barcelona,,False
lcc_range,12756,Madrid,Local,DP350..DP374,Local history and description | Madrid,,False
lcc_range,12757,Valencia province,Local,DP302.V11..DP302.V25,Valencia,,False
lcc_range,12945,Reference,Archaeology,CC1..CC71.9,,,False
lcc_range,12946,Theory & Method,Archaeology,CC72..CC99.9,,,False
lcc_range,12947,Archaeology,Archaeology,CC100..CC134.9,,,False
lcc_range,12948,Archaeological Conservation,Archaeology,CC135..CC199.9,,,False
lcc_range,12949,Archaeological Objects,Archaeology,CC200..CC599.9,,,False
lcc_range,12950,"Monuments, Sites & Material Remains",Archaeology,CC600..CC960,,,False
lcc_range,13268,Coins—General,Numismatics,CJ1..CJ200.9,,,False
lcc_range,13269,Ancient Coins,Numismatics,CJ201..CJ1399.9,,,False
lcc_range,13270,Medieval & Modern Coins,Numismatics,CJ1400..CJ4625,,,False
lcc_range,13271,Tokens,Numismatics,CJ4801..CJ5450,Tokens,,False
lcc_range,13272,Medals & Medallions,Numismatics,CJ5501..CJ6661,Medals and medallions,,False
lcc_range,13277,Epigraphy Theory & Methods,Inscriptions & Epigraphy,CN1..CN119.9,,,False
lcc_range,13278,Ancient Inscriptions,Inscriptions & Epigraphy,CN120..CN749.9,,,False
lcc_range,13279,Early Christian Inscriptions,Inscriptions & Epigraphy,CN750..CN760,,,False
lcc_range,13280,Inscriptions by Language,Inscriptions & Epigraphy,CN760.1..CN869.9,,,False
lcc_range,13281,Regional Epigraphy,Inscriptions & Epigraphy,CN870..CN1355,By region or country,,True
lcc_range,13622,Roman Reference,"Ancient Era, to 476",DG12.2..DG12.3,,,False
lcc_range,13622,Roman Reference,"Ancient Era, to 476",DG14..DG15,,,False
lcc_range,13623,Geography & Description,"Ancient Era, to 476",DG26.2..DG41,Geography. Description and travel,,False
lcc_range,13624,Local,"Ancient Era, to 476",DG51..DG70.Z,,,False
lcc_range,13625,"Antiquities, Civilization & Culture","Ancient Era, to 476",DG74.2..DG142.24,Antiquities. Civilization. Culture,,False
lcc_range,13658,Counties & Regions,Local,DA670.A..DA670.Z,,,False
lcc_range,13665,Myanmar / Burma,Southeast,DS527..DS530.9,Southeast Asia,,True
lcc_range,13666,Cambodian,Southeast,DS554..DS554.98,French Indochina,,True
lcc_range,13667,Laotian,Southeast,DS555..DS555.98,French Indochina,,True
lcc_range,13686,General Reference,World,D1..D11.5,,,False
lcc_range,13687,Historiography,World,D13..D15,Historiography,,False
lcc_range,13688,Study & Teaching,World,D16.2..D16.5,,,False
lcc_range,13689,Collected Historical Lives,World,D34.2..D34.22,,,False
lcc_range,13690,Medieval & Modern,World,D100.2..D110.5,,,False
lcc_range,13691,Eastern Hemisphere—General,World,D890..D893,Eastern Hemisphere,,False
lcc_range,13698,General Reference,U.S.,E151..E157.999,,,False
lcc_range,13699,Historical Reference,U.S.,E171..E174.999,,,False
lcc_range,13699,Historical Reference,U.S.,E178..E179.499,,,False
lcc_range,13701,Jewish Americans,U.S.,E184.3..E184.37,Jews,,True
lcc_range,13703,Antiquities,German,DD51..DD55.2,Antiquities,,False
lcc_range,13704,Social & Cultural,German,DD60..DD68,,,False
lcc_range,13705,Ethnography,German,DD73..DD78.Z,,,False
lcc_range,13742,Athens,Local,DF915..DF936,Athens | Local history and description,,False
lcc_range,13744,"Early Era, to 1035",By Period,DL460..DL468.5,,,False
lcc_range,13745,Counties & Regions,Local,DL576.A..DL576.Z,,,False
lcc_range,13752,Brussels,Local,DH802..DH809.811,Brussels,,False
lcc_range,13754,Population Groups,Cuban,F1789.A1..F1789.Z,Elements in the population,,False
lcc_range,13755,Cities & Towns,Tunisia Tunis,DT269.A..DT269.Z,Cities & Towns,,False
lcc_range,13765,Collective Biography,"Modern Era, 1492–Present",DG463..DG463.8.Z,,,False
lcc_range,13766,Historiography,"Modern Era, 1492–Present",DG465..DG465.7.Z,,,False
lcc_range,13768,Beninese,"French West Africa, Sahara & Sahel",DT541..DT541.9.Z,,,False
lcc_range,13769,Côte d’Ivoire,"French West Africa, Sahara & Sahel",DT545..DT545.9.Z,,,False
lcc_range,13830,Puerto Rican,Latin American,F1951..F1983.Z,,,False
lcc_range,13831,Lesser Antilles & Caribbean,Latin American,F2001..F2191.Z,,,False
lcc_range,13834,Historic Places & Monuments,English,DA660..DA669,,,False
lcc_range,13835,London,Local,DA675..DA689,Local history and description | London,,False
lcc_range,13846,Reference,Spanish,DP1..DP86,,,False
lcc_range,13848,Medieval & Modern Culture,By Period,DG401..DG421,"Medieval & Modern Italy, 476–Present (General)",,False
lcc_range,13848,Medieval & Modern Culture,By Period,DG431..DG499,,,False
lcc_range,13849,Northern Italy,Italian,DG600..DG609,Northern Italy,,False
lcc_range,13850,Central Italy,Italian,DG691..DG694,Central Italy,,False
lcc_range,13859,"General, Reference & Historiography",Australian,DU80..DU113.5,,,False
lcc_range,13860,Society,Australian,DU118..DU145,,,False
lcc_range,13861,New South Wales,Local,DU150..DU180,Australia | New South Wales,,False
lcc_range,13862,Tasmania,Local,DU182..DU198,Australia | Tasmania. Van Diemen's Land,,False
lcc_range,13863,Victoria,Local,DU200..DU230,Australia | Victoria,,False
lcc_range,13864,Queensland,Local,DU250..DU280,Australia | Queensland,,False
lcc_range,13865,South Australia,Local,DU300..DU330,Australia | South Australia,,False
lcc_range,13866,Western Australia,Local,DU350..DU380,Australia | Western Australia,,False
lcc_range,13867,Central Australia & Northern Terr.,Local,DU390..DU398,,,False
lcc_range,13868,Reference,Oceanian,DU1..DU18.5,,,False
lcc_range,13868,Reference,Oceanian,DU28.1..DU28.34,,,False
lcc_range,13869,Smaller Pacific Island Groups,Oceanian,DU520..DU950.Z,,,False
lcc_range,13870,Reference,Dutch,DJ1..DJ92,,,False
lcc_range,13872,Reference,Austrian,DB1..DB49,,,False
lcc_range,13873,Alps,Local,DB101..DB110.15,Alps,,False
lcc_range,13874,Carinthia,Local,DB281..DB300,Carinthia,,False
lcc_range,13875,Danube River Region,Local,DB441..DB450.7,Danube River,,False
lcc_range,13876,Salzburg,Local,DB601..DB620,Salzburg,,False
lcc_range,13877,Salzkammergut,Local,DB621..DB640,Salzkammergut,,False
lcc_range,13878,Styria,Local,DB681..DB700,Styria,,False
lcc_range,13879,Tyrol & Vorarlberg,Local,DB761..DB780,Tyrol and Vorarlberg,,False
lcc_range,13880,Vienna,Local,DB841..DB860,Local history and description | Vienna,,False
lcc_range,13881,Other Austrian Regions,Local,DB110.16..DB280.Z,,,False
lcc_range,13881,Other Austrian Regions,Local,DB301..DB440.Z,,,False
lcc_range,13881,Other Austrian Regions,Local,DB451..DB600.Z,,,False
lcc_range,13881,Other Austrian Regions,Local,DB641..DB680.Z,,,False
lcc_range,13881,Other Austrian Regions,Local,DB701..DB760.Z,,,False
lcc_range,13881,Other Austrian Regions,Local,DB781..DB785,,,False
lcc_range,13882,Reference,Czechoslovak,DB2000..DB2043.9,,,False
lcc_range,13884,"Independent Republic, 1993–Present",By Period,DB2242..DB2247,1993- . Independent Czech Republic,,False
lcc_range,13885,Moravia,Local,DB2300..DB2421,Local history and description of Czech lands | Moravia,,False
lcc_range,13886,Other Czech Lands,Local,DB2422..DB2599.Z,,,False
lcc_range,13887,Prague,Local,DB2600..DB2649,Local history and description of Czech lands | Prague (Praha),,False
lcc_range,13888,Reference,Portuguese,DP501..DP520.5,,,False
lcc_range,13889,Culture,Portuguese,DP528..DP557,,,False
lcc_range,13890,Lisbon,Local,DP752..DP776,Lisbon | Local history and description,,False
lcc_range,13892,Colonies,Portuguese,DP900..DP900.22,,,False
lcc_range,13894,Reference,Romanian,DR201..DR206.9,,,False
lcc_range,13894,Reference,Romanian,DR211..DR214.2,Romania,,True
lcc_range,13896,General Transylvania,Local,DR279..DR280.19,,,False
lcc_range,13896,General Transylvania,Local,DR280.27..DR280.39,,,False
lcc_range,13896,General Transylvania,Local,DR280.45..DR280.69,,,False
lcc_range,13899,Reference,German,DD1..DD15.5,,,False
lcc_range,13899,Reference,German,DD17..DD21.3,,,False
lcc_range,13901,"Allied Occupation, 1945–1949",By Period,DD257..DD257.42,,,False
lcc_range,13902,Broad Regions,Local,DD701..DD789,Larger geographic divisions,,True
lcc_range,13903,Bonn,Local,DD900.2..DD900.76,Bonn | Local History & Places,,False
lcc_range,13905,Reference,Turkish,DR401..DR420.Z,,,False
lcc_range,13906,"Antiquities, Culture & Ethnography",Turkish,DR431..DR435.Z,,,False
lcc_range,13908,Istanbul,Local,DR716..DR739,Istanbul (Constantinople) | Local history and description (European Turkey),,False
lcc_range,13909,Other European Turkey,Local,DR701..DR715.Z,,,False
lcc_range,13909,Other European Turkey,Local,DR740..DR741.Z,,,False
lcc_range,13911,Balkan Reference,Balkan Peninsula,DR1..DR10,,,False
lcc_range,13911,Balkan Reference,Balkan Peninsula,DR17..DR23.Z,,,False
lcc_range,13912,Ethnography,Balkan Peninsula,DR24..DR27.Z,,,False
lcc_range,13913,Balkan Historical Studies,Balkan Peninsula,DR32..DR38.3.Z,,,False
lcc_range,13914,Lower Danube River Valley,Balkan Peninsula,DR49..DR49.26,Lower Danube River Valley,,False
lcc_range,13916,Reference,Bulgarian,DR51..DR56.7,Bulgaria,,True
lcc_range,13916,Reference,Bulgarian,DR61..DR64.2.Z,,,False
lcc_range,13918,"Greek Rule, 1018–1185",By Period,DR79..DR79.25,"Early to 1396 | Greek rule, 1018-1185",,False
lcc_range,13920,Reference,Belgian,DH401..DH430.5,,,False
lcc_range,13921,"Antiquities, Culture & Ethnography",Belgian,DH451..DH492.Z,,,False
lcc_range,13923,"Early & Medieval Era, to 1555",By Period,DH571..DH584,Early and medieval to 1555,,False
lcc_range,13924,"Spanish Rule, 1555–1714",By Period,DH585..DH610.Z,,,False
lcc_range,13927,Reference,Danish,DL101..DL114.5,Denmark,,True
lcc_range,13928,Culture & Ethnography,Danish,DL121..DL142.Z,,,False
lcc_range,13930,Reference,Norwegian,DL401..DL414.Z,,,False
lcc_range,13931,Culture & Ethnography,Norwegian,DL420..DL442.Z,,,False
lcc_range,13933,Reference,Swedish,DL601..DL614.5,Sweden,,True
lcc_range,13934,Culture & Ethnography,Swedish,DL621..DL641.Z,,,False
lcc_range,13935,Political & Foreign Relations,Swedish,DL658..DL659,Political and diplomatic history. Foreign and general relations,,False
lcc_range,13936,"Early & Viking Era, to 1134",By Period,DL660..DL671.Z,,,False
lcc_range,13937,Reference,Finnish,DL1002..DL1014.7,,,False
lcc_range,13938,Culture & Ethnography,Finnish,DL1016..DL1022,Finland,,True
lcc_range,13940,"Early Era, to 1523",By Period,DL1050..DL1052.9,Early to 1523,,True
lcc_range,13941,"Swedish Rule, 1523–1617",By Period,DL1055..DL1058.5,,,False
lcc_range,13943,Helsinki,Local,DL1175..DL1175.95,Helsinki (Helsingfors) | Local history and description,,False
lcc_range,13945,Baltic & Culture,Baltic States,DK502.3..DK502.75,Local history and description,,True
lcc_range,13946,Culture,Estonian,DK503..DK503.21.Z,,,False
lcc_range,13946,Culture,Estonian,DK503.23..DK503.28.Z,,,False
lcc_range,13946,Culture,Estonian,DK503.3..DK503.69.Z,,,False
lcc_range,13947,"Early Era, to 1800",By Period,DK503.7..DK503.72,,,False
lcc_range,13950,Culture,Latvian,DK504..DK504.21.Z,,,False
lcc_range,13950,Culture,Latvian,DK504.23..DK504.28.Z,,,False
lcc_range,13950,Culture,Latvian,DK504.3..DK504.69.Z,,,False
lcc_range,13951,"Early Era, to 1800",By Period,DK504.7..DK504.72,,,False
lcc_range,13954,Culture,Lithuanian,DK505..DK505.21.Z,,,False
lcc_range,13954,Culture,Lithuanian,DK505.23..DK505.28.Z,,,False
lcc_range,13954,Culture,Lithuanian,DK505.3..DK505.69.Z,,,False
lcc_range,13960,Culture,Ukrainian,DK508..DK508.65.Z,,,False
lcc_range,13962,"Post-Maidan Era, 2014–Present",By Period,DK508.852..DK508.852.Z,,,False
lcc_range,13962,"Post-Maidan Era, 2014–Present",By Period,DK5409..DK5529.Z,,,False
lcc_range,13964,Kyiv,Ukrainian,DK508.92..DK508.939.Z,,,False
lcc_range,13964,Kyiv,Ukrainian,DK5860..DK5878.5.Z,,,False
lcc_range,13965,Kharkiv,Ukrainian,DK5880..DK5898.5.Z,,,False
lcc_range,13966,Lviv,Ukrainian,DK5900..DK5918.5.Z,,,False
lcc_range,13967,Odesa,Ukrainian,DK5920..DK5938.5.Z,,,False
lcc_range,13969,Reference,Ukrainian,DK5001..DK5019,,,False
lcc_range,13970,"Antiquities, Culture & Ethnography",Ukrainian,DK5071..DK5099,,,False
lcc_range,13980,1917–1945,By Period,DK938.85..DK938.853,1917-1945,,True
lcc_range,13981,1945–1991,By Period,DK938.86..DK938.863,1945-1991,,True
lcc_range,13985,Reference,Georgian,DK670..DK677.09,,,False
lcc_range,13985,Reference,Georgian,DK678.31..DK678.99,,,False
lcc_range,13987,Reference,Azerbaijani,DK690..DK697.09,,,False
lcc_range,13987,Reference,Azerbaijani,DK697.81..DK698.99,,,False
lcc_range,13989,Reference,East,DJK1..DJK12,,,False
lcc_range,13990,Culture & Ethnography,East,DJK23..DJK28.Z,,,False
lcc_range,13991,Historical Studies,East,DJK29.2..DJK45.Z,,,False
lcc_range,13992,Black Sea Region,East,DJK61..DJK62.Z,,,False
lcc_range,13992,Black Sea Region,East,DJK64..DJK66,,,False
lcc_range,13993,Carpathian Mountain Region,East,DJK71..DJK72.Z,,,False
lcc_range,13993,Carpathian Mountain Region,East,DJK74..DJK76.1,,,False
lcc_range,13994,Danube River Valley,East,DJK76.2..DJK76.3.Z,,,False
lcc_range,13994,Danube River Valley,East,DJK76.5..DJK76.8,,,False
lcc_range,13998,Reference,Slovak,DB2700..DB2717,,,False
lcc_range,13999,Culture & Ethnography,Slovak,DB2730..DB2743,,,False
lcc_range,14001,"Early & Medieval Era, to 1800",By Period,DB2785..DB2791,Early and medieval to 1800,,False
lcc_range,14002,"Independence Era, 1993–Present",By Period,DB2845..DB2850.Z,,,False
lcc_range,14005,Reference,Albanian,DR901..DR908.9,,,False
lcc_range,14005,Reference,Albanian,DR910..DR914.5,,,False
lcc_range,14006,Culture & Ethnography,Albanian,DR921..DR926,Albania,,True
lcc_range,14012,Reference,North,DL1..DL6.8,Northern Europe,,True
lcc_range,14013,Antiquities,North,DL20..DL23,Antiquities,,False
lcc_range,14014,Culture & Ethnography,North,DL41..DL42.Z,,,False
lcc_range,14015,Historical Studies,North,DL43..DL56.Z,,,False
lcc_range,14015,Historical Studies,North,DL58..DL60.Z,,,False
lcc_range,14017,Social & Cultural,Icelandic,DL326..DL328,Social life and customs. Civilization,,False
lcc_range,50818,Colonial Florida to 1821,Colonial Period | Florida | British America | French America,F314..F314.999,,,False
lcc_range,50822,French Guiana,Latin American | French America,F2441..F2471,French Guiana | South America,,False
lcc_range,50825,Reference,Modern,D203.2..D218.Z,,,False
lcc_range,50831,Reference & Collected Works,Civilization,CB3..CB13,,,False
lcc_range,50832,Historiography,Civilization,CB15..CB18,Historiography,,False
lcc_range,50833,General Works on,Civilization,CB23..CB113.Z,,,False
lcc_range,50834,Antiquities,Chinese,DS714..DS719,Antiquities,,False
lcc_range,50835,Civilization & Social Life,Chinese,DS721..DS727,Social life and customs. Civilization. Intellectual life,,False
lcc_range,50836,Ethnography,Chinese,DS730..DS731,China | Ethnography,,False
lcc_range,50837,Manchurian,Local,DS781..DS784.2,Local History & Places | Manchuria,,True
lcc_range,50838,Tibetan,Local,DS785..DS786,Local History & Places | Tibet,,True
lcc_range,50840,Jewish Diaspora,Israel & Palestine,DS133..DS151,Israel & Palestine,,True
lcc_range,50841,Mexico: Archaeology & Native Hist.,Mexican,F1218.5..F1221,Antiquities. Indians | Mexico,,False
lcc_range,50841,Mexico: Archaeology & Native Hist.,Mexican,F1219.5..F1219.56,Codices,,True
lcc_range,50841,Mexico: Archaeology & Native Hist.,Mexican,F1219.7..F1219.8,Pre-Columbian peoples,,True
lcc_range,50841,Mexico: Archaeology & Native Hist.,Mexican,F1219.73..F1219.76,Aztecs,,True
lcc_range,50841,Mexico: Archaeology & Native Hist.,Mexican,F1220..F1221,Modern Indian peoples,,True
lcc_range,50844,North,Korean,DS930..DS937,"Democratic People's Republic, 1948- | Korea",,True
lcc_range,50844,North,Korean,DS932.3..DS932.35,"Historic monuments, landmarks, surveys, etc. (General)",,True
lcc_range,50844,North,Korean,DS933..DS933.5,Ethnography,,True
lcc_range,50844,North,Korean,DS933.6..DS935.7773,"Democratic People's Republic, 1948-",,True
lcc_range,50844,North,Korean,DS935.4..DS935.55,Political history,,True
lcc_range,50844,North,Korean,DS935.6..DS935.7,Foreign and general relations,,True
lcc_range,50844,North,Korean,DS935.75..DS935.7553,1948-1994,,True
lcc_range,50844,North,Korean,DS935.773..DS935.7773,1994-2011,,True
lcc_range,50844,North,Korean,DS935.7775..DS935.7782,2011-,,True
lcc_range,50844,North,Korean,DS936..DS937,Local History & Places,,True
lcc_range,50846,Ethnography & Communities,Indian,DS430..DS432,India (Bharat),,True
lcc_range,50849,Tribal Nations & Cultures,Indians of North America,E99.A..E99.Z,,,False
lcc_range,50851,Afro-American Biography & Genealogy,African American & Black,E185.96..E185.98,African American History,,False
lcc_range,50852,Falkland Islands,Latin American,F3031..F3031.5,Falkland Islands. Islas Malvinas | South America,,False
lcc_range,50853,Antiquities,Asian,DS11..DS11,Antiquities,,False
lcc_range,50854,Ethnography,Asian,DS13..DS28,Ethnography,,False
lcc_range,50854,Ethnography,Asian,DS15..DS15.3,Indo-Europeans,,True
lcc_range,50854,Ethnography,Asian,DS19..DS23.1,Mongols,,True
lcc_range,50854,Ethnography,Asian,DS26..DS27.552,Turkic peoples,,True
lcc_range,50854,Ethnography,Asian,DS27..DS27.22,Seljuks,,True
lcc_range,50855,Jerusalem,Israel & Palestine,DS109..DS109.8,Description. Antiquities and exploration,,True
lcc_range,50855,Jerusalem,Israel & Palestine,DS109..DS109.94,Israel & Palestine | Jerusalem,,False
lcc_range,50855,Jerusalem,Israel & Palestine,DS109.28..DS109.32,Temple Mount,,True
lcc_range,50855,Jerusalem,Israel & Palestine,DS109.93..DS109.94,1917-,,True
lcc_range,50856,Israelite & Palestinian Antiquities,Israel & Palestine,DS111..DS111.9,Antiquities | Israel & Palestine,,False
lcc_range,50857,Ethnography & Tribes of Israel,Israel & Palestine,DS113.2..DS113.8,Ethnography. Tribes of Israel | Israel & Palestine,,False
lcc_range,50857,Ethnography & Tribes of Israel,Israel & Palestine,DS113.6..DS113.72,Arabs. Palestinian Arabs,,True
lcc_range,50857,Ethnography & Tribes of Israel,Israel & Palestine,DS113.7..DS113.72,Arabs in Israel,,False
lcc_range,50858,Antiquities,Iranian,DS260.7..DS262,Antiquities | Iran,,False
lcc_range,50859,Ethnography,Iranian,DS268..DS269,Ethnography | Iran,,False
lcc_range,50861,Archaeology & Social Hist.,English,DA90..DA125,,,False
lcc_range,50862,Military & Naval,English,DA40..DA89.6,,,False
lcc_range,50862,Military & Naval,English,DA49..DA69.3,,,False
lcc_range,50862,Military & Naval,English,DA70..DA89.1,,,False
lcc_range,50863,Civilization & Social Life,Japanese,DS820.8..DS827,Social life and customs. Civilization. Intellectual life,,False
lcc_range,50864,Ethnography,Japanese,DS830..DS832,Ethnography,,False
lcc_range,50865,Historiography,Japanese,DS834.7..DS834.9,Historiography,,False
lcc_range,50866,Ethnography,Korean,DS904.5..DS904.7,Ethnography,,False
lcc_range,50867,Historiography,Korean,DS905.7..DS905.82,Historiography,,False
lcc_range,50868,Local,Middle Eastern,DS50.2..DS54.95,Local History & Places,,False
lcc_range,50868,Local,Middle Eastern,DS54.4..DS54.44,Ethnography,,True
lcc_range,50868,Local,Middle Eastern,DS54.8..DS54.86,1878-1960. British period,,True
lcc_range,50868,Local,Middle Eastern,DS54.9..DS54.93,"Republic, 1960-",,True
lcc_range,50869,Ethnography,Middle Eastern,DS58..DS59,Ethnography | Middle East,,False
lcc_range,50870,Historiography,Middle Eastern,DS61.6..DS61.7,Historiography,,False
lcc_range,50871,Brazil: Archaeology & Native Hist.,Brazilian,F2518.5..F2520.1,Antiquities. Indians,,True
lcc_range,50872,Historiography,Brazilian,F2520.4..F2520.6,Historiography,,False
lcc_range,50904,Mississippi Valley & Middle West,Midwest,F350.3..F358.2,Mississippi River and Valley. Middle West,,False
lcc_range,50904,Mississippi Valley & Middle West,Midwest,F358..F358.2,Elements in the population,,True
lcc_range,50905,Old Northwest,Midwest,F476..F485,Old Northwest. Northwest Territory,,False
lcc_range,50906,Great Lakes,Midwest,F550.5..F556,The Lake region. Great Lakes,,False
lcc_range,50909,New Southwest,West,F785.15..F790,The New Southwest. Southwestern States,,False
lcc_range,50910,Pacific States & Pacific Northwest,West,F850.5..F855.2,The Pacific States,,False
lcc_range,50910,Pacific States & Pacific Northwest,West,F851.72..F854.2,The Pacific Northwest,,False
lcc_range,50910,Pacific States & Pacific Northwest,West,F855..F855.2,Elements in the population,,True
lcc_range,50911,"Washington, D.C.",South,F191..F196.999,,,False
lcc_range,50911,"Washington, D.C.",South,F205.A1..F205.Z,Elements in the population,,True
lcc_range,50912,Regional,Great Plains,F590.2..F591.999,,,False
lcc_range,50913,Early to 1848,Great Plains,F592..F592.999,,,False
lcc_range,50914,1848–1860,Great Plains,F593..F593.999,,,False
lcc_range,50915,1860–1880,Great Plains,F594..F594.999,,,False
lcc_range,50916,1880–1950,Great Plains,F595..F595.199999,,,False
lcc_range,50917,1951–1980,Great Plains,F595.2..F595.299999,,,False
lcc_range,50918,1981–,Great Plains,F595.3..F595.999,,,False
lcc_range,50919,"Frontier, Pioneer & Ranch Life",Great Plains,F596..F596.199999,,,False
lcc_range,50920,Population Groups,Great Plains,F596.2..F596.3,Elements in the population,,False
lcc_range,50921,City,New York,F128..F128.999,,,False
lcc_range,50922,Los Angeles,Cities & Towns,F869.L8..F869.L89,Los Angeles,,False
lcc_range,50923,San Francisco,Cities & Towns,F869.S3..F869.S39,San Francisco,,False
lcc_range,50924,Austin,Cities & Towns,F394.A9..F394.A99,Austin,,False
lcc_range,50925,Dallas,Cities & Towns,F394.D21..F394.D219,Dallas,,False
lcc_range,50926,Houston,Cities & Towns,F394.H8..F394.H89,Houston,,False
lcc_range,50927,San Antonio,Cities & Towns,F394.S211..F394.S2119,San Antonio,,False
lcc_range,50928,Boston,Massachusetts,F73..F73.999,,,False
lcc_range,50929,Philadelphia,Pennsylvania,F158..F158.999,,,False
lcc_range,50930,Pittsburgh,Cities & Towns,F159.P6..F159.P69,Pittsburgh,,False
lcc_range,50931,Chicago,Illinois,F548..F548.999,,,False
lcc_range,50932,Early & Spanish-Mexican,California,F860..F864.999,,,False
lcc_range,50933,1848–1856,California,F865..F865.999,,,False
lcc_range,50934,1856–1950,California,F866..F866.199999,,,False
lcc_range,50935,1951–,California,F866.2..F866.999,,,False
lcc_range,50936,Early Texas to 1846,Texas,F385..F390.999,,,False
lcc_range,50937,1846–1950,Texas,F391..F391.199999,,,False
lcc_range,50938,1951–,Texas,F391.2..F391.499999,,,False
lcc_range,50939,1775–1865,City,F128.44..F128.469999,,,False
lcc_range,50940,1865–1900,City,F128.47..F128.499999,,,False
lcc_range,50941,1901–1950,City,F128.5..F128.519999,,,False
lcc_range,50942,1951–1980,City,F128.52..F128.549999,,,False
lcc_range,50943,1981–,City,F128.55..F128.579999,,,False
lcc_range,50944,1775–1865,Boston,F73.44..F73.499999,,,False
lcc_range,50945,1865–1950,Boston,F73.5..F73.519999,,,False
lcc_range,50946,1951–,Boston,F73.52..F73.549999,,,False
lcc_range,50947,1775–1865,Philadelphia,F158.44..F158.499999,,,False
lcc_range,50948,1865–1950,Philadelphia,F158.5..F158.519999,,,False
lcc_range,50949,1951–,Philadelphia,F158.52..F158.549999,,,False
lcc_range,50950,Southern,California,F867..F867.499999,,,False
lcc_range,50951,Northern,California,F867.5..F867.999,,,False
lcc_range,50952,Regions & Counties,California,F868.A..F868.Z,Regions & Administrative Divisions,,False
lcc_range,50953,Cities & Towns,California,F869.A..F869.Z,Cities & Towns,,False
lcc_range,50954,San Diego,Cities & Towns,F869.S22..F869.S22,San Diego,,False
lcc_range,50955,Sacramento,Cities & Towns,F869.S12..F869.S12,Sacramento,,False
lcc_range,50956,Regions & Counties,New York,F127.A..F127.Z,Regions & Administrative Divisions,,False
lcc_range,50957,Cities & Towns,New York,F129.A..F129.Z,Cities & Towns,,False
lcc_range,50958,Brooklyn,Cities & Towns,F129.B7..F129.B7,Brooklyn,,False
lcc_range,50959,Regions & Counties,Massachusetts,F72.A..F72.Z,Regions & Administrative Divisions,,False
lcc_range,50960,Cape Cod,Regions & Counties,F72.C3..F72.C3,Cape Cod. Barnstable County,,False
lcc_range,50961,Cities & Towns,Massachusetts,F74.A..F74.Z,Cities & Towns,,False
lcc_range,50962,Cities & Towns,Florida,F319.A..F319.Z,Cities & Towns,,False
lcc_range,50963,Miami,Cities & Towns,F319.M6..F319.M6,Miami,,False
lcc_range,50964,Orlando,Cities & Towns,F319.O7..F319.O7,,,False
lcc_range,50965,St. Augustine,Cities & Towns,F319.S2..F319.S2,Saint Augustine,,False
lcc_range,50966,Tampa,Cities & Towns,F319.T2..F319.T2,Tampa,,False
lcc_range,50967,Key West,Cities & Towns,F319.K4..F319.K4,Key West,,False
lcc_range,50968,Cities & Towns,Louisiana,F379.A..F379.Z,Cities & Towns,,False
lcc_range,50969,New Orleans,Cities & Towns,F379.N5..F379.N59,New Orleans,,False
lcc_range,50970,Regions & Counties,Pennsylvania,F157.A..F157.Z,Regions & Administrative Divisions,,False
lcc_range,50971,Cities & Towns,Pennsylvania,F159.A..F159.Z,Cities & Towns,,False
lcc_range,50972,Regions & Counties,Texas,F392.A..F392.Z,Regions & Administrative Divisions,,False
lcc_range,50973,Cities & Towns,Texas,F394.A..F394.Z,Cities & Towns,,False
lcc_range,50974,Fort Worth,Cities & Towns,F394.F7..F394.F7,Fort Worth,,False
lcc_range,50975,Cities & Towns,Illinois,F549.A..F549.Z,Cities & Towns,,False
lcc_range,50976,1821–1865,Florida,F315..F315.999,,,False
lcc_range,50977,1865–1950,Florida,F316..F316.199999,,,False
lcc_range,50978,1951–,Florida,F316.2..F316.999,,,False
lcc_range,50979,Early Massachusetts to 1775,Massachusetts,F67..F68.999,,,False
lcc_range,50980,1775–1865,Massachusetts,F69..F69.999,,,False
lcc_range,50981,1865–1950,Massachusetts,F70..F70.999,,,False
lcc_range,50982,1951–,Massachusetts,F71..F71.999,,,False
lcc_range,50983,Colonial Pennsylvania to 1775,Pennsylvania,F152..F152.999,,,False
lcc_range,50984,1775–1865,Pennsylvania,F153..F153.999,,,False
lcc_range,50985,1865–,Pennsylvania,F154..F154.999,,,False
lcc_range,50986,Early Virginia to 1775,Virginia,F229..F229.999,,,False
lcc_range,50987,1775–1865,Virginia,F230..F230.999,,,False
lcc_range,50988,1865–1950,Virginia,F231..F231.199,,,False
lcc_range,50989,1951–,Virginia,F231.2..F231.299,,,False
lcc_range,50990,1961–1969,"Late 20th Century, 1961–2000",E838..E851.999,,,False
lcc_range,50991,1969–1981,"Late 20th Century, 1961–2000",E852..E875.999,,,False
lcc_range,50992,1981–2000,"Late 20th Century, 1961–2000",E876..E889.999,,,False
lcc_range,51005,1961–2000,By Period,E839.5..E839.8,Political history,,True
lcc_range,51006,1961–2000,By Period,E840.4..E840.4,"Military, naval and air force history",,True
lcc_range,51007,1961–2000,By Period,E840.6..E840.8,,,False
lcc_range,51008,1901–1913,20th Century,E751..E765.999,,,False
lcc_range,51012,"Woodrow Wilson, 1913–1921",20th Century,E766..E783,"20th Century | Wilson's administrations, 1913-1921",,False
lcc_range,51013,"The Twenties, 1919–1933",20th Century,E784..E805,20th Century,,True
lcc_range,51017,"F. D. Roosevelt, 1933–1945",20th Century,E806..E812,"20th Century | F.D. Roosevelt's administrations, 1933-April 12, 1945",,False
lcc_range,51018,"Harry Truman, 1945–1953",20th Century,E813..E816,"20th Century | Truman's administrations, April 12, 1945-1953",,False
lcc_range,51019,"Eisenhower, 1953–1961",20th Century,E835..E837.7,"20th Century | Eisenhower's administrations, 1953-1961",,False
lcc_range,51024,Political & Foreign Relations,Chinese,DS740..DS740.5,Political and diplomatic history,,False
lcc_range,51029,Political & Foreign Relations,German,DD110..DD120,,,False
lcc_range,51031,Political & Foreign Relations,French,DC59.8.A..DC59.8.Z,,,False
lcc_range,51032,Political & Foreign Relations,Russian,DK60..DK62.9,,,False
lcc_range,51032,Political & Foreign Relations,Russian,DK65..DK69.7,,,False
lcc_range,51078,Political & Foreign Relations,Egyptian,DT82..DT82.5,Political and diplomatic history. Foreign and general relations,,False
lcc_range,51082,"George W. Bush, 2001–2009",21st Century,E902..E904.999,,,False
lcc_range,51083,"Barack Obama, 2009–2017",21st Century,E907..E909.999,,,False
lcc_range,51084,"Donald Trump, 2017–2021",21st Century,E912..E914.999,,,False
lcc_range,51085,"Joe Biden, 2021–2025",21st Century,E916..E918.999,,,False
lcc_range,51086,Civil War Biography,Civil War Period | By Period,E464..E467.999,,,False
lcc_range,51088,Civil War Diplomatic,Civil War Period,E469..E469.999,,,False
lcc_range,51089,Civil War Military Operations,Civil War Period | By Period,E470..E478.999,,,False
lcc_range,51090,Civil War Finance & Commerce,Civil War Period,E480..E480.999,,,False
lcc_range,51091,Confederate States of America,Civil War Period,E482..E489.999,,,False
lcc_range,51092,Civil War Armies & Troops,Civil War Period | By Period,E491..E590.999,,,False
lcc_range,51093,Civil War Naval,Civil War Period | By Period,E591..E600.999,,,False
lcc_range,51094,Civil War Personal Narratives,Civil War Period,E601..E610.999,,,False
lcc_range,51095,Civil War Prisoners & Prisons,Civil War Period,E611..E620.999,,,False
lcc_range,51096,Civil War Medicine & Hospitals,Civil War Period,E621..E628.999,,,False
lcc_range,51097,Civil War Relief & Charities,Civil War Period,E629..E634.999,,,False
lcc_range,51098,Civil War Memorials,Civil War Period,E641..E646.499,,,False
lcc_range,51099,Civil War Visual Material,Civil War Period,E647..E655.999,,,False
lcc_range,51100,"Confederation, 1775–1789","Early Republic, 1775/1783–1861",E302.5..E309.999,,,False
lcc_range,51119,Revolutionary Era Biography,"The Revolution, 1775-1783 | By Period",E206..E207.999,,,False
lcc_range,51120,American Revolution Politics,"The Revolution, 1775-1783 | By Period",E210..E216.999,,,False
lcc_range,51121,Declaration of Independence,"The Revolution, 1775-1783",E221..E221.999,,,False
lcc_range,51122,Revolutionary War Operations,"The Revolution, 1775-1783 | By Period",E230..E241.999,,,False
lcc_range,51123,American Revolution Diplomacy,"The Revolution, 1775-1783",E249..E250.999,,,False
lcc_range,51124,Revolutionary Armies & Troops,"The Revolution, 1775-1783 | By Period",E251..E270.999,,,False
lcc_range,51125,Revolutionary Naval,"The Revolution, 1775-1783 | By Period",E271..E274.999,,,False
lcc_range,51126,Revolutionary War Life Writing,"The Revolution, 1775-1783",E275..E275.999,,,False
lcc_range,51127,American Revolution: Women,"The Revolution, 1775-1783",E276..E276.999,,,False
lcc_range,51128,Loyalists,"The Revolution, 1775-1783",E277..E278.999,,,False
lcc_range,51129,Revolutionary War Espionage,"The Revolution, 1775-1783",E279..E280.999,,,False
lcc_range,51130,Revolutionary War Prisoners,"The Revolution, 1775-1783",E281..E282.999,,,False
lcc_range,51131,Revolutionary War Medicine,"The Revolution, 1775-1783",E283..E284.999,,,False
lcc_range,51132,U.S. Revolution: Memory & Culture,"The Revolution, 1775-1783",E285..E298.999,,,False
lcc_range,51133,U.S. Historiography,Historical Reference,E175..E175.799,,,False
lcc_range,51134,Teaching U.S.,Historical Reference,E175.8..E175.899,,,False
lcc_range,51135,Philosophy of U.S.,Historical Reference,E175.9..E175.999,,,False
lcc_range,51136,U.S. Collective Biography,Historical Reference | Biography,E176..E176.999,,,False
lcc_range,51138,U.S. Historical Geography,Historical Reference,E179.5..E179.52,,,False
lcc_range,51139,U.S. Historic Places,General Reference,E159..E159.999,,,False
lcc_range,51140,U.S. National & State Parks,General Reference,E160..E160.999,,,False
lcc_range,51141,U.S. Social Life & Customs,General Reference,E161..E161.299,,,False
lcc_range,51142,U.S. Geography,General Reference,E161.3..E161.499,,,False
lcc_range,51143,U.S. Culture & Intellectual Life,General Reference,E169.1..E169.13,,,False
lcc_range,51144,"U.S. Biography, 1865–1900","Late 19th Century, 1865–1900 | By Period",E663..E664.999,,,False
lcc_range,51145,"Andrew Johnson, 1865–1869","Late 19th Century, 1865–1900",E666..E669.999,,,False
lcc_range,51146,"Ulysses S. Grant, 1869–1877","Late 19th Century, 1865–1900",E671..E674.999,,,False
lcc_range,51146,"Ulysses S. Grant, 1869–1877","Late 19th Century, 1865–1900",E676..E679.999,,,False
lcc_range,51147,"Rutherford B. Hayes, 1877–1881","Late 19th Century, 1865–1900",E681..E684.999,,,False
lcc_range,51148,"Garfield Administration, 1881","Late 19th Century, 1865–1900",E686..E687.999,,,False
lcc_range,51149,"Chester A. Arthur, 1881–1885","Late 19th Century, 1865–1900",E691..E694.999,,,False
lcc_range,51150,"Grover Cleveland, 1885–1889","Late 19th Century, 1865–1900",E696..E699.999,,,False
lcc_range,51151,"Benjamin Harrison, 1889–1893","Late 19th Century, 1865–1900",E701..E704.999,,,False
lcc_range,51152,"Grover Cleveland, 1893–1897","Late 19th Century, 1865–1900",E706..E709.999,,,False
lcc_range,51153,"William McKinley, 1897–1901","Late 19th Century, 1865–1900",E711..E713.999,,,False
lcc_range,51154,Spanish–American War,"Late 19th Century, 1865–1900 | By Period",E714..E735.999,,,False
lcc_range,51167,"Afro-American Hist., 1863–1877",African American & Black,E185.2..E185.499,,,False
lcc_range,51168,"Afro-American Hist., 1877–1964",African American & Black,E185.5..E185.6149,,,False
lcc_range,51169,Afro-American Hist. Since 1964,African American & Black,E185.615..E185.6199,,,False
lcc_range,51170,Afro-American Race Relations,African American & Black,E185.62..E185.6249,,,False
lcc_range,51171,African American Identity,African American & Black,E185.625..E185.6299,,,False
lcc_range,51172,Afro-American Military,African American & Black | Military & Naval,E185.63..E185.6999,,,False
lcc_range,51173,African American Religion,African American & Black,E185.7..E185.7999,,,False
lcc_range,51174,Afro-American Econ. Conditions,African American & Black,E185.8..E185.8599,,,False
lcc_range,51175,Afro-American Social Life,African American & Black,E185.86..E185.8899,,,False
lcc_range,51176,Other African American Topics,African American & Black,E185.89..E185.8999,,,False
lcc_range,51182,"Southern, 1865–1950",South,F215..F216.199,,,False
lcc_range,51183,Southern Since 1951,South,F216.2..F216.299,,,False
lcc_range,51185,Afro-American Regional,African American & Black,E185.9..E185.9599,,,False
lcc_range,51186,"U.S. Political Hist., 20th C.",20th Century | By Period,E743..E743.999,,,False
lcc_range,51187,"U.S. Foreign Relations, 20th C.",20th Century | Political & Foreign Relations,E744..E744.999,,,False
lcc_range,51188,"U.S. Military Hist., 20th C.",20th Century | By Period,E745..E745.999,,,False
lcc_range,51189,"U.S. Naval, 20th C.",20th Century | By Period,E746..E746.999,,,False
lcc_range,51190,"U.S. Biography, 20th Century",20th Century | By Period,E747..E748.999,,,False
lcc_range,51195,Regions & Counties,Maryland,F187.A..F187.Z,Regions & Administrative Divisions,,False
lcc_range,51196,Cities & Towns,Maryland,F189.A..F189.Z,Cities & Towns,,False
lcc_range,51198,Baltimore,Cities & Towns,F189.B1..F189.B19,Baltimore,,False
lcc_range,51200,Regions & Counties,Virginia,F232.A..F232.Z,Regions & Administrative Divisions,,False
lcc_range,51201,Cities & Towns,Virginia,F234.A..F234.Z,Cities & Towns,,False
lcc_range,51202,Richmond,Cities & Towns,F234.R5..F234.R59,Richmond,,False
lcc_range,51209,Regions & Counties,North Carolina,F262.A..F262.Z,Regions & Administrative Divisions,,False
lcc_range,51210,Cities & Towns,North Carolina,F264.A..F264.Z,Cities & Towns,,False
lcc_range,51216,Regions & Counties,Georgia,F292.A..F292.Z,Regions & Administrative Divisions,,False
lcc_range,51217,Cities & Towns,Georgia,F294.A..F294.Z,Cities & Towns,,False
lcc_range,51218,Atlanta,Cities & Towns,F294.A8..F294.A89,Atlanta,,False
lcc_range,51223,Regions & Counties,Ohio,F497.A..F497.Z,Regions & Administrative Divisions,,False
lcc_range,51224,Cities & Towns,Ohio,F499.A..F499.Z,Cities & Towns,,False
lcc_range,51225,Cincinnati,Cities & Towns,F499.C5..F499.C59,Cincinnati,,False
lcc_range,51226,Cleveland,Cities & Towns,F499.C6..F499.C69,Cleveland,,False
lcc_range,51231,Regions & Counties,Michigan,F572.A..F572.Z,Regions & Administrative Divisions,,False
lcc_range,51232,Cities & Towns,Michigan,F574.A..F574.Z,Cities & Towns,,False
lcc_range,51233,Detroit,Cities & Towns,F574.D4..F574.D49,Detroit,,False
lcc_range,51283,To 1815,"Washington, D.C.",F197..F197.999,,,False
lcc_range,51284,1815–1878,"Washington, D.C.",F198..F198.999,,,False
lcc_range,51285,1878–1950,"Washington, D.C.",F199..F199.999,,,False
lcc_range,51286,1951–1980,"Washington, D.C.",F200..F200.399,,,False
lcc_range,51287,1981–,"Washington, D.C.",F201..F201.399,,,False
lcc_range,51288,Neighborhoods,"Washington, D.C.",F202.A..F202.Z,Regions & Administrative Divisions,,True
lcc_range,51289,D.C. Places & Monuments,"Washington, D.C.",F203..F203.999,,,False
lcc_range,51290,Buildings,"Washington, D.C.",F204.A..F204.Z,Buildings,,False
lcc_range,51296,Regions & Counties,Carolina,F277.A..F277.Z,Regions & Administrative Divisions,,False
lcc_range,51297,Cities & Towns,Carolina,F279.A..F279.Z,Cities & Towns,,False
lcc_range,51298,Charleston,Cities & Towns,F279.C4..F279.C49,Charleston,,False
lcc_range,51300,Since 1951,Alabama,F330..F330.399,,,False
lcc_range,51301,Regions & Counties,Alabama,F332.A..F332.Z,Regions & Administrative Divisions,,False
lcc_range,51302,Cities & Towns,Alabama,F334.A..F334.Z,Cities & Towns,,False
lcc_range,51303,Birmingham,Cities & Towns,F334.B6..F334.B69,Birmingham,,False
lcc_range,51304,Mobile,Cities & Towns,F334.M7..F334.M79,Montgomery,,True
lcc_range,51307,Regions & Counties,Tennessee,F443.A..F443.Z,Regions & Administrative Divisions,,False
lcc_range,51308,Cities & Towns,Tennessee,F444.A..F444.Z,Cities & Towns,,False
lcc_range,51310,Memphis,Cities & Towns,F444.M5..F444.M59,Memphis,,False
lcc_range,51311,Nashville,Cities & Towns,F444.N2..F444.N29,Nashville,,False
lcc_range,51315,Regions & Counties,Colorado,F782.A..F782.Z,Regions & Administrative Divisions,,False
lcc_range,51316,Cities & Towns,Colorado,F784.A..F784.Z,Cities & Towns,,False
lcc_range,51317,Denver,Cities & Towns,F784.D4..F784.D49,Denver,,False
lcc_range,51324,Regions & Boroughs,Alaska,F912.A..F912.Z,Regions & Administrative Divisions,,False
lcc_range,51325,Cities & Towns,Alaska,F914.A..F914.Z,Cities & Towns,,False
lcc_range,51331,Regions & Counties,New Jersey,F142.A..F142.Z,Regions & Administrative Divisions,,False
lcc_range,51332,Cities & Towns,New Jersey,F144.A..F144.Z,Cities & Towns,,False
lcc_range,51337,"Colonial America, 1607–1689",Colonial Period,E191..E194.999,,,False
lcc_range,51338,"Colonial America, 1689–1775",Colonial Period,E195..E199.2,,,False
lcc_range,51363,Colorado River & Canyon,Colorado | New Southwest,F788..F788.999,,,False
lcc_range,51364,Las Vegas,Nevada,F849.L35..F849.L359,,,False
lcc_range,51365,Yellowstone National Park,Rocky Mountains,F722..F722.999,,,False
lcc_range,51366,Yosemite National Park,Regions & Counties,F868.Y6..F868.Y69,,,False
lcc_range,51367,Hudson River Valley,Regions & Counties,F127.H8..F127.H89,,,False
lcc_range,51368,Adirondack Mountains,Regions & Counties,F127.A2..F127.A29,,,False
lcc_range,51369,Statue of Liberty,City,F128.64.L6..F128.64.L69,,,False
lcc_range,51370,Savannah,Cities & Towns,F294.S2..F294.S29,,,False
lcc_range,51371,Southern Appalachians,South,F217.A65..F217.A659,,,False
lcc_range,51372,Chesapeake Bay Region,Regions & Counties,F187.C5..F187.C59,,,False
lcc_range,51381,Lewis and Clark Expedition,U.S.,F592.7..F592.799,,,False
lcc_range,51382,San Francisco Bay Region,Regions & Counties,F868.S156..F868.S1569,,,False
lcc_range,51383,White House,Buildings,F204.W5..F204.W59,,,False
lcc_range,51384,Pacific Northwest,West,F597..F597.999,,,False
lcc_range,51385,Seattle,Washington,F899.S4..F899.S49,Seattle,,False
lcc_range,51386,Williamsburg,Cities & Towns,F234.W7..F234.W79,,,False
lcc_range,51387,Long Island,Regions & Counties,F127.L8..F127.L89,,,False
lcc_range,51388,Jamestown,Cities & Towns,F234.J3..F234.J39,,,False
lcc_range,51389,Sierra Nevada,Regions & Counties,F868.S5..F868.S59,,,False
lcc_range,51390,Great Smoky Mountains,Regions & Counties,F443.G7..F443.G79,,,False
lcc_range,51391,Death Valley,Regions & Counties,F868.D2..F868.D29,,,False
lcc_range,51395,Stockholm,Local,DL976..DL976.399,,,False
lcc_range,51396,Swedish Lapland,Local,DL971.L2..DL971.L29,,,False
lcc_range,51397,Sámi & Culture,Norwegian | Culture & Ethnography,DL641.L35..DL641.L359,,,False
lcc_range,51398,Scania,Local,DL971.S3..DL971.S39,,,False
lcc_range,51399,Gotland,Local,DL971.G7..DL971.G79,,,False
lcc_range,51400,Gothenburg,Local,DL991.G6..DL991.G695,Göteborg,,True
lcc_range,51401,Uppsala,Local,DL991.U7..DL991.U79,,,False
lcc_range,51402,Malmö,Local,DL991.M2..DL991.M29,,,False
lcc_range,51403,Winston Churchill,20th century | European Biographies,DA566.9.C5..DA566.9.C59,,,False
lcc_range,51404,Margaret Thatcher,20th century | European Biographies,DA591.T47..DA591.T479,,,False
lcc_range,51405,Yorkshire,Counties & Regions,DA670.Y6..DA670.Y69,,,False
lcc_range,51406,Lake District,Counties & Regions,DA670.L1..DA670.L19,,,False
lcc_range,51407,Cornwall,Counties & Regions,DA670.C8..DA670.C89,,,False
lcc_range,51408,Devon,Counties & Regions,DA670.D5..DA670.D59,,,False
lcc_range,51409,Kent,Counties & Regions,DA670.K3..DA670.K39,,,False
lcc_range,51410,Norfolk,Counties & Regions,DA670.N6..DA670.N69,,,False
lcc_range,51411,Essex,Counties & Regions,DA670.E7..DA670.E79,,,False
lcc_range,51412,Thames River,Counties & Regions,DA670.T2..DA670.T29,,,False
lcc_range,51413,Sussex,Counties & Regions,DA670.S98..DA670.S989,,,False
lcc_range,51414,Cotswold Hills,Counties & Regions,DA670.C83..DA670.C839,,,False
lcc_range,51415,Dorset,Counties & Regions,DA670.D7..DA670.D79,,,False
lcc_range,51416,Lancashire,Counties & Regions,DA670.L2..DA670.L29,,,False
lcc_range,51417,Bristol,Local,DA690.B8..DA690.B89,,,False
lcc_range,51418,Liverpool,Local,DA690.L8..DA690.L89,,,False
lcc_range,51419,Manchester,Local,DA690.M4..DA690.M49,,,False
lcc_range,51420,Oxford,Local,DA690.O98..DA690.O989,,,False
lcc_range,51421,York,Local,DA690.Y6..DA690.Y69,,,False
lcc_range,51422,Birmingham,Local,DA690.B6..DA690.B69,,,False
lcc_range,51423,Bath,Local,DA690.B3..DA690.B39,,,False
lcc_range,51424,Horatio Nelson,European Biographies | Military & Naval,DA87.1.N4..DA87.1.N49,,,False
lcc_range,51426,South Asians in England,Archaeology & Social Hist.,DA125.S57..DA125.S579,,,False
lcc_range,51427,East End of,London,DA685.E1..DA685.E19,,,False
lcc_range,51428,Gloucestershire,Counties & Regions,DA670.G5..DA670.G59,,,False
lcc_range,51429,Muslims in England,Archaeology & Social Hist.,DA125.M87..DA125.M879,,,False
lcc_range,51430,Thomas More,"Tudor era, 1485-1603 | European Biographies",DA334.M8..DA334.M89,,,False
lcc_range,51431,Benjamin Disraeli,19th century | European Biographies,DA564.B3..DA564.B39,,,False
lcc_range,51432,Roman Britain,"Early Era, to 1066",DA145..DA147.999,,,False
lcc_range,51433,"Saxon England, 445–1066","Early Era, to 1066",DA150..DA162.999,,,False
lcc_range,51434,"Norman England, 1066–1154","Medieval Era, 1066–1485",DA190..DA199.999,,,False
lcc_range,51435,"Plantagenet England, 1154–1399","Medieval Era, 1066–1485",DA200..DA209.999,,,False
lcc_range,51435,"Plantagenet England, 1154–1399","Medieval Era, 1066–1485",DA220..DA237.999,,,False
lcc_range,51436,"Lancastrian & Yorkist, 1399–1485","Medieval Era, 1066–1485",DA240..DA260.999,,,False
lcc_range,51437,"Henry VII, 1485–1509","Tudor era, 1485-1603",DA330..DA330.999,,,False
lcc_range,51438,"Henry VIII, 1509–1547","Tudor era, 1485-1603",DA331..DA339.999,,,False
lcc_range,51439,"Edward VI & Mary I, 1547–1558","Tudor era, 1485-1603",DA340..DA347.999,,,False
lcc_range,51440,"Elizabeth I, 1558–1603","Tudor era, 1485-1603",DA350..DA360.999,,,False
lcc_range,51441,"Early Stuarts, 1603–1642",17th century,DA385..DA398.999,,,False
lcc_range,51442,"Civil War & Commonwealth, 1642–1660",17th century,DA400..DA429.999,,,False
lcc_range,51443,"Later Stuarts, 1660–1702",17th century,DA430..DA463.999,,,False
lcc_range,51444,"Anne to George II, 1702–1760",18th century,DA480..DA503.999,,,False
lcc_range,51445,"George III, 1760–1820",18th century,DA505..DA522.999,,,False
lcc_range,51446,"Regency & Early 19th C., 1801–1837",19th century,DA535..DA542.999,,,False
lcc_range,51447,"Victorian England, 1837–1901",19th century,DA550..DA565.999,,,False
lcc_range,51448,"Edward VII, 1901–1910",20th century,DA567..DA570.999,,,False
lcc_range,51449,"George V, 1910–1936",20th century,DA573..DA578.999,,,False
lcc_range,51450,"George VI, 1937–1952",20th century,DA584..DA588.399,,,False
lcc_range,51451,"Elizabeth II, 1952–2022",20th century,DA590..DA592.999,,,False
lcc_range,51452,British Diplomacy by Country,Political & Foreign Relations,DA47..DA47.999,,,False
lcc_range,51453,"British Diplomatic Hist., 20th C.",20th century | Political & Foreign Relations,DA566.7..DA566.799,,,False
lcc_range,51453,"British Diplomatic Hist., 20th C.",20th century | Political & Foreign Relations,DA589.8..DA589.899,,,False
lcc_range,51454,English Monarchs,English | European Biographies,DA28.1..DA28.349,,,False
lcc_range,51455,Russia in the 19th Century,"Romanov Era, 1613–1917",DK188..DK243.999,,,False
lcc_range,51456,"Nicholas II, 1894–1917","Romanov Era, 1613–1917",DK251..DK264.899,,,False
lcc_range,51457,"Early Soviet Period, 1918–1924","Soviet Era, 1918–1991",DK266..DK266.919,,,False
lcc_range,51458,"Stalin Period, 1925–1953","Soviet Era, 1918–1991",DK266.92..DK273.999,,,False
lcc_range,51459,"Soviet Union, 1953–1985","Soviet Era, 1918–1991",DK274..DK282.999,,,False
lcc_range,51460,"Perestroika & Breakup, 1985–1991","Soviet Era, 1918–1991",DK285..DK292.999,,,False
lcc_range,51461,Post-Soviet Political,"Federation, 1991–Present",DK510.763..DK510.763999,,,False
lcc_range,51462,Post-Soviet Foreign Relations,"Federation, 1991–Present | Political & Foreign Relations",DK510.764..DK510.764999,,,False
lcc_range,51463,Joseph Stalin,"European Biographies | Stalin Period, 1925–1953",DK268.S8..DK268.S89,,,False
lcc_range,51464,Chechnya,Northern Caucasus,DK511.C37..DK511.C379,,,False
lcc_range,51465,Tatarstan,Tatarstan & Kazan Region,DK511.T17..DK511.T179,,,False
lcc_range,51466,Volga River & Valley,Volga Region,DK511.V65..DK511.V659,,,False
lcc_range,51467,Bashkortostan,Local,DK511.B33..DK511.B339,,,False
lcc_range,51468,Ural Mountains,Local,DK511.U7..DK511.U79,,,False
lcc_range,51469,Karelia,Local,DK511.K18..DK511.K189,,,False
lcc_range,51470,Dagestan,Northern Caucasus,DK511.D2..DK511.D29,,,False
lcc_range,51471,Leon Trotsky,"Revolution & Civil War, 1917–1921 | European Biographies",DK254.T6..DK254.T69,,,False
lcc_range,51472,Vladimir Putin,"Federation, 1991–Present | European Biographies",DK510.766.P87..DK510.766.P879,,,False
lcc_range,51473,Russian Far East,Siberia,DK771.D3..DK771.D39,,,False
lcc_range,51474,North Ossetia,Northern Caucasus,DK511.S44..DK511.S449,,,False
lcc_range,51477,Adolf Hitler,"Nazi Era, 1933–1945 | European Biographies",DD247.H5..DD247.H59,,,False
lcc_range,51478,Resistance to Nazism,"Nazi Era, 1933–1945",DD256.3..DD256.399,,,False
lcc_range,51479,Post-Reunification Politics,"Reunification Era, 1990–",DD290.29..DD290.2999,,,False
lcc_range,51480,Post-Reunification Diplomacy,"Reunification Era, 1990– | Political & Foreign Relations",DD290.3..DD290.399,,,False
lcc_range,51481,Turkish Germans,Ethnography,DD78.T87..DD78.T879,,,False
lcc_range,51482,Ludwig II of Bavaria,Bavaria | European Biographies,DD801.B387..DD801.B3879,,,False
lcc_range,51483,"Berlin, 1945–1990",Berlin,DD881..DD881.999,,,False
lcc_range,51484,Social & Cultural,Berlin,DD866..DD866.999,,,False
lcc_range,51485,Mainz,Local,DD901.M21..DD901.M219,,,False
lcc_range,51486,Münster,Local,DD901.M696..DD901.M6969,,,False
lcc_range,51487,Potsdam,Local,DD901.P8..DD901.P89,,,False
lcc_range,51488,Regensburg,Local,DD901.R4..DD901.R49,,,False
lcc_range,51489,Weimar,Local,DD901.W4..DD901.W49,,,False
lcc_range,51494,Trentino-Alto Adige,Local,DG975.T792..DG975.T7929,,,False
lcc_range,51495,Apulia,Local,DG975.A65..DG975.A659,,,False
lcc_range,51496,Veneto,Local,DG975.V38..DG975.V389,,,False
lcc_range,51497,Umbria,Local,DG975.U5..DG975.U59,,,False
lcc_range,51498,Trieste,Local,DG975.T825..DG975.T8259,,,False
lcc_range,51499,Sardinian,Local,DG975.S31..DG975.S319,,,False
lcc_range,51500,Siena,Local,DG975.S5..DG975.S59,,,False
lcc_range,51501,Asturias,Local,DP302.O8..DP302.O89,,,False
lcc_range,51502,Majorca,Balearic Islands,DP302.B27..DP302.B279,,,False
lcc_range,51504,Granada,Local,DP402.G6..DP402.G69,,,False
lcc_range,51505,Murcia,Local,DP302.M8..DP302.M89,,,False
lcc_range,51506,Córdoba,Local,DP402.C7..DP402.C79,,,False
lcc_range,51507,Extremadura,Local,DP302.E83..DP302.E839,,,False
lcc_range,51508,Castilla y León,Local,DP302.C556..DP302.C5569,,,False
lcc_range,51510,Málaga,Local,DP402.M2..DP402.M29,,,False
lcc_range,51530,"Charles de Gaulle, 1958–1969","Fifth Republic, 1958–Present | European Biographies",DC420..DC420.999,,,False
lcc_range,51531,"Georges Pompidou, 1969–1974","Fifth Republic, 1958–Present | European Biographies",DC421..DC421.999,,,False
lcc_range,51532,"Valéry Giscard d’Estaing, 1974–1981","Fifth Republic, 1958–Present | European Biographies",DC422..DC422.999,,,False
lcc_range,51533,"François Mitterrand, 1981–1995","Fifth Republic, 1958–Present | European Biographies",DC423..DC423.999,,,False
lcc_range,51534,"Jacques Chirac, 1995–2007","Fifth Republic, 1958–Present | European Biographies",DC424..DC424.999,,,False
lcc_range,51535,5th Republic Politics & Diplomacy,"Fifth Republic, 1958–Present | Political & Foreign Relations",DC417..DC417.999,,,False
lcc_range,51536,Social & Cultural,Paris,DC715..DC715.999,,,False
lcc_range,51537,Social & Cultural,Polish,DK4110..DK4119.999,,,False
lcc_range,51538,National Identity,Polish,DK4121..DK4121.499,,,False
lcc_range,51539,Diaspora,Polish,DK4122..DK4122.999,,,False
lcc_range,51540,Germans in Poland,Polish,DK4121.5.G4..DK4121.5.G49,,,False
lcc_range,51541,Ukrainians in Poland,Polish,DK4121.5.U4..DK4121.5.U49,,,False
lcc_range,51542,Political & Foreign Relations,Polish,DK4178.5..DK4179.22,,,False
lcc_range,51542,Political & Foreign Relations,Polish,DK4179.5..DK4187,,,False
lcc_range,51542,Political & Foreign Relations,Polish,DK4185.A..DK4185.Z,,,False
lcc_range,51548,"Greek Civil War, 1944–1949",Greece since 1913,DF849.5..DF849.58,,,False
lcc_range,51549,"Democracy Restored, 1974–Present",Greece since 1913,DF853.501..DF854.32,,,False
lcc_range,51569,"Mehmed V, 1909–1918",20th century,DR583..DR588,,,False
lcc_range,51570,"Mehmed VI, 1918–1922",20th century,DR589..DR589.Z,,,False
lcc_range,51571,"1st Republic & Kemalism, 1923–1960",20th century,DR590..DR592.Z,,,False
lcc_range,51573,"Second Turkish Republic, 1960–1980",20th century,DR593..DR601.Z,,,False
lcc_range,51574,"Third Republic, 1980–Present",20th century,DR603..DR605.Z,,,False
lcc_range,51581,Northern Irish,Local,DA990.U45..DA990.U46,,,False
lcc_range,51582,Dublin,Local,DA995.D75..DA995.D9,Dublin,,False
lcc_range,51590,"Ukrainian Independence, 1917–1921",20th century,DK508.832..DK508.832.Z,,,False
lcc_range,51591,"Soviet Ukraine, 1921–1944",20th century,DK508.833..DK508.8378.Z,,,False
lcc_range,51593,"Soviet Ukraine, 1945–1991",20th century,DK508.84..DK508.843.Z,,,False
lcc_range,51596,20th-Century,By Period,DB91..DB98.9,,,False
lcc_range,51597,"Franz Joseph I, 1848–1916",By Period,DB85..DB90.Z,,,False
lcc_range,51601,Austrian Republic since 1918,By Period,DB96..DB98.9,,,False
lcc_range,51608,Scottish Highlands & Clans,Local,DA880.H6..DA880.H76,,,False
lcc_range,51610,Orkney Islands,Local,DA880.O5..DA880.O6,,,False
lcc_range,51612,Edinburgh,Local,DA890.E2..DA890.E4,Edinburgh,,False
lcc_range,51613,Glasgow,Local,DA890.G49..DA890.G5,Glasgow,,False
lcc_range,51616,"Hungary, 1918–1945",20th-Century,DB954..DB955.8,"1918-1945. Revolution. Counterrevolution, and the Regency",,True
lcc_range,51618,Political & Foreign Relations,Hungarian,DB926..DB926.3,Political and diplomatic history. Foreign and general relations,,False
lcc_range,51619,"Early Hungary, to 896",By Period,DB927..DB928,Early to 896,,True
lcc_range,51620,Budapest,Local,DB981..DB997,Budapest | Local history and description,,False
lcc_range,51622,Ethnography,Romanian,DR213..DR214.Z,,,False
lcc_range,51624,Political & Foreign Relations,Romanian,DR226..DR229,Political and diplomatic history. Foreign and general relations,,False
lcc_range,51624,Political & Foreign Relations,Romanian,DR226..DR229.Z,,,False
lcc_range,51625,Biographies,Romanian,DR216..DR216.6,,,False
lcc_range,51626,Bucharest,Local,DR286..DR286.8.Z,,,False
lcc_range,51631,Dutch in the 19th Century,19th-20th centuries,DJ215..DJ263.Z,,,False
lcc_range,51632,"Wilhelmina, 1890–1948",19th-20th centuries,DJ281..DJ287.Z,,,False
lcc_range,51633,"Juliana, 1948–1980",19th-20th centuries,DJ288..DJ289.Z,,,False
lcc_range,51634,"Beatrix, 1980–2013",19th-20th centuries,DJ290..DJ292.Z,,,False
lcc_range,51635,"Willem-Alexander, 2013–Present",19th-20th centuries,DJ293..DJ295.Z,,,False
lcc_range,51638,Ethnography,Dutch,DJ91..DJ92.Z,,,False
lcc_range,51640,Amsterdam,Local,DJ411.A5..DJ411.A59,Amsterdam,,False
lcc_range,51643,Aargau,Local,DQ301..DQ320.35,Aargau (Argovie),,False
lcc_range,51644,Appenzell,Local,DQ321..DQ340.35,Appenzell,,False
lcc_range,51645,Jura,Local,DQ341..DQ360.35,Jura,,False
lcc_range,51646,Basel-Landschaft,Local,DQ361..DQ380.35,Basel-Land (Bâle-Campagne),,False
lcc_range,51647,Basel-Stadt,Local,DQ381..DQ400.35,Basel-Stadt (Bâle-Ville),,False
lcc_range,51648,Bern,Local,DQ401..DQ420.35,Bern (Berne),,False
lcc_range,51649,Fribourg,Local,DQ421..DQ440.35,Fribourg (Freiburg),,False
lcc_range,51650,Geneva,Local,DQ441..DQ460.35,"Geneva (Geneve, Genf)",,False
lcc_range,51651,Glarus,Local,DQ461..DQ480.35,Glarus (Glaris),,False
lcc_range,51652,Graubünden,Local,DQ481..DQ500.35,"Grisons (Graubünden, Grigioni, Grischun)",,False
lcc_range,51653,Lucerne,Local,DQ501..DQ520.35,Lucerne (Luzern),,False
lcc_range,51654,Neuchâtel,Local,DQ521..DQ540.35,Neuchatel (Neuenburg),,True
lcc_range,51655,St. Gallen,Local,DQ541..DQ560.35,"Saint Gall (Saint Gallen, Sankt Gallen)",,False
lcc_range,51656,Schaffhausen,Local,DQ561..DQ580.35,Schaffhausen (Schaffhouse),,False
lcc_range,51657,Schwyz,Local,DQ581..DQ600.35,Schwyz (Schwiz),,False
lcc_range,51658,Solothurn,Local,DQ601..DQ620.35,Solothurn (Soleure),,False
lcc_range,51659,Thurgau,Local,DQ621..DQ640.35,Thurgau (Thurgovie),,False
lcc_range,51660,Ticino,Local,DQ641..DQ660.35,Ticino (Tessin),,False
lcc_range,51661,Unterwalden,Local,DQ661..DQ680.35,Unterwalden,,False
lcc_range,51662,Uri,Local,DQ681..DQ700.35,Uri,,False
lcc_range,51663,Valais,Local,DQ701..DQ720.35,Valais (Wallis),,False
lcc_range,51664,Vaud,Local,DQ721..DQ740.35,Vaud (Waadt),,False
lcc_range,51665,Zug,Local,DQ741..DQ760.35,Zug (Zoug),,False
lcc_range,51666,Zürich,Local,DQ781..DQ800.35,Zurich (Zurich),,True
lcc_range,51667,Swiss Alps,Local,DQ820..DQ829,Alps | Local history and description,,False
lcc_range,51669,Ethnography,Swiss,DQ48..DQ49.5,Ethnography,,False
lcc_range,51670,Political & Foreign Relations,Swiss,DQ68..DQ76,Political and diplomatic history. Foreign and general relations,,False
lcc_range,51672,Ethnography,Serbian,DR1953..DR1954.Z,,,False
lcc_range,51673,Biographies,Serbian,DR1956..DR1958.Z,,,False
lcc_range,51674,Historiography,Serbian,DR1961..DR1962.5.Z,,,False
lcc_range,51675,Political & Foreign Relations,Serbian,DR1975..DR1976,Foreign and general relations,,False
lcc_range,51675,Political & Foreign Relations,Serbian,DR1975..DR1976.Z,,,False
lcc_range,51677,"Early Serbian, to 1459",By Period,DR1977..DR1999.5.Z,,,False
lcc_range,51678,"Ottoman Serbia, 1459–1804",By Period,DR2000..DR2005.Z,,,False
lcc_range,51679,"Autonomy & Independence, 1804–1918",By Period,DR2006..DR2032.5,,,False
lcc_range,51680,"Serbia within Yugoslavia, 1918–1992",By Period,DR2033..DR2047.Z,,,False
lcc_range,51681,"Serbia and Montenegro, 1992–2006",By Period,DR2048..DR2053.Z,,,False
lcc_range,51682,Serbia since 2006,By Period,DR2054..DR2067.Z,,,False
lcc_range,51684,Vojvodina,Local,DR2090..DR2101.5.Z,,,False
lcc_range,51685,Belgrade,Local,DR2106..DR2124.5.Z,,,False
lcc_range,51686,Social & Cultural Hist.,Portuguese,DP532..DP532.7,Social life and customs. Civilization,,False
lcc_range,51687,Ethnography,Portuguese,DP533..DP534.5.Z,,,False
lcc_range,51689,Political & Foreign Relations,Portuguese,DP555..DP557,Political and diplomatic history. Foreign and general relations,,False
lcc_range,51689,Political & Foreign Relations,Portuguese,DP556..DP556.8.Z,,,False
lcc_range,51690,"Portuguese Republic, 1910–Present","Portugal, 20th Century",DP675..DP682.5,,,False
lcc_range,51720,Biographies,Czechoslovak,DB2045..DB2051.Z,,,False
lcc_range,51721,Historiography,Czechoslovak,DB2055..DB2057.Z,,,False
lcc_range,51722,Political & Foreign Relations,Czechoslovak,DB2074..DB2075,Political history,,False
lcc_range,51722,Political & Foreign Relations,Czechoslovak,DB2074..DB2075.Z,,,False
lcc_range,51722,Political & Foreign Relations,Czechoslovak,DB2076..DB2078,Foreign and general relations,,False
lcc_range,51722,Political & Foreign Relations,Czechoslovak,DB2076..DB2078.Z,,,False
lcc_range,51724,Bratislava,Local,DB3100..DB3149.Z,,,False
lcc_range,51729,Ethnography,Bulgarian,DR64..DR64.2.Z,,,False
lcc_range,51731,Biographies,Bulgarian,DR66..DR66.6.Z,,,False
lcc_range,51732,Historiography,Bulgarian,DR66.7..DR66.9.Z,,,False
lcc_range,51733,Political & Foreign Relations,Bulgarian,DR72..DR73,Political and diplomatic history. Foreign and general relations,,False
lcc_range,51733,Political & Foreign Relations,Bulgarian,DR72..DR73.Z,,,False
lcc_range,51734,Sofia,Local,DR97..DR97.9.Z,,,False
lcc_range,51739,Ethnography,Croatian,DR1523..DR1524.Z,,,False
lcc_range,51741,Biographies,Croatian,DR1526..DR1528.Z,,,False
lcc_range,51742,Historiography,Croatian,DR1531..DR1532.5.Z,,,False
lcc_range,51743,Political & Foreign Relations,Croatian,DR1545..DR1546,Foreign and general relations,,False
lcc_range,51743,Political & Foreign Relations,Croatian,DR1545..DR1546.Z,,,False
lcc_range,51745,"Early Croatian Kingdom, to 1102",By Period,DR1547..DR1557.Z,,,False
lcc_range,51746,"Arpad & Angevin Rule, 1102–1527",By Period,DR1559..DR1566.Z,,,False
lcc_range,51747,"Habsburg Croatia, 1527–1918",By Period,DR1567..DR1582.Z,,,False
lcc_range,51748,"Within Yugoslavia, 1918–1945",By Period,DR1583..DR1591.Z,,,False
lcc_range,51749,"Socialist Croatia, 1945–1990",By Period,DR1592..DR1598.Z,,,False
lcc_range,51752,Dalmatian,Local,DR1620..DR1630.5.Z,,,False
lcc_range,51753,Slavonian,Local,DR1633..DR1636.5.Z,,,False
lcc_range,51754,Zagreb,Local,DR1638..DR1644.9.Z,,,False
lcc_range,51758,Ethnography,Danish,DL141..DL142.Z,,,False
lcc_range,51759,Biographies,Danish,DL144..DL144.7.Z,,,False
lcc_range,51760,Historiography,Danish,DL146..DL146.7.Z,,,False
lcc_range,51761,Political & Foreign Relations,Danish,DL159..DL159.5,,,False
lcc_range,51761,Political & Foreign Relations,Danish,DL159..DL159.5.Z,,,False
lcc_range,51763,"Christian X, 1912–1947",20th century,DL255..DL257.Z,,,False
lcc_range,51764,"Frederik IX, 1947–1972",20th century,DL258..DL260.Z,,,False
lcc_range,51765,"Margrethe II, 1972–2024",20th century,DL261..DL263.3.Z,,,False
lcc_range,51766,Copenhagen,Local,DL276..DL290.9.Z,,,False
lcc_range,51773,Ethnography,Norwegian,DL441..DL442.Z,,,False
lcc_range,51774,Biographies,Norwegian,DL444..DL444.7.Z,,,False
lcc_range,51775,Historiography,Norwegian,DL445..DL445.7.Z,,,False
lcc_range,51776,Political & Foreign Relations,Norwegian,DL458..DL459,Political and diplomatic history. Foreign and general relations,,False
lcc_range,51776,Political & Foreign Relations,Norwegian,DL458..DL459.Z,,,False
lcc_range,51777,"Haakon VII, 1905–1957",20th century,DL530..DL533.Z,,,False
lcc_range,51778,"Olav V, 1957–1991",20th century,DL534..DL535.Z,,,False
lcc_range,51779,"Harald V, 1991–Present",20th century,DL536..DL537.Z,,,False
lcc_range,51780,Oslo,Local,DL581..DL595.9.Z,,,False
lcc_range,51787,Ethnography,Belgian,DH491..DH492.Z,,,False
lcc_range,51789,Biographies,Belgian,DH511..DH519.Z,,,False
lcc_range,51790,Political & Foreign Relations,Belgian,DH566..DH569,,,False
lcc_range,51790,Political & Foreign Relations,Belgian,DH566..DH569.Z,,,False
lcc_range,51791,"Albert I, 1909–1934",Belgium in the 20th Century,DH681..DH685.Z,,,False
lcc_range,51792,"Leopold III, 1934–1951",Belgium in the 20th Century,DH687..DH689.Z,,,False
lcc_range,51793,"Baudouin, 1951–1993",Belgium in the 20th Century,DH690..DH692.Z,,,False
lcc_range,51794,"Albert II, 1993–2013",Belgium in the 20th Century,DH693..DH694.Z,,,False
lcc_range,51795,"Philippe, 2013–Present",Belgium in the 21st Century,DH696..DH697.Z,,,False
lcc_range,51796,Flanders,Local,DH801.F4..DH801.F49.Z,,,False
lcc_range,51797,Wallonia,Local,DH801.W25..DH801.W25.Z,,,False
lcc_range,51802,Ethnography,Finnish,DL1018..DL1022.Z,,,False
lcc_range,51804,Historiography,Finnish,DL1025..DL1026.5.Z,,,False
lcc_range,51805,Political & Foreign Relations,Finnish,DL1043..DL1044,Political history,,False
lcc_range,51805,Political & Foreign Relations,Finnish,DL1043..DL1044.Z,,,False
lcc_range,51805,Political & Foreign Relations,Finnish,DL1045..DL1048,Foreign and general relations,,False
lcc_range,51805,Political & Foreign Relations,Finnish,DL1045..DL1048.Z,,,False
lcc_range,51807,"Finnish Revolution, 1917–1918",20th century,DL1070..DL1075.Z,,,False
lcc_range,51808,"Interwar Finland, 1918–1939",20th century,DL1082..DL1088.5.Z,,,False
lcc_range,51809,"Finland in World War II, 1939–1945",20th century,DL1090..DL1105.Z,,,False
lcc_range,51810,"Postwar Finland, 1945–1981",20th century,DL1122..DL1135.5.Z,,,False
lcc_range,51811,Finland since 1981,20th century,DL1140..DL1141.6.Z,,,False
lcc_range,51825,Ethnography,Albanian,DR923..DR925.Z,,,False
lcc_range,51827,Biographies,Albanian,DR928..DR934.Z,,,False
lcc_range,51828,Historiography,Albanian,DR935..DR937.Z,,,False
lcc_range,51829,Political & Foreign Relations,Albanian,DR949..DR950,Political history,,False
lcc_range,51829,Political & Foreign Relations,Albanian,DR949..DR950.Z,,,False
lcc_range,51829,Political & Foreign Relations,Albanian,DR951..DR953,Foreign and general relations,,False
lcc_range,51829,Political & Foreign Relations,Albanian,DR951..DR953.Z,,,False
lcc_range,51838,Ethnography,Estonian,DK503.33..DK503.36.Z,,,False
lcc_range,51840,Biographies,Estonian,DK503.38..DK503.45.Z,,,False
lcc_range,51841,Historiography,Estonian,DK503.46..DK503.48.Z,,,False
lcc_range,51842,Political & Foreign Relations,Estonian,DK503.65..DK503.66,Political history,,False
lcc_range,51842,Political & Foreign Relations,Estonian,DK503.65..DK503.66.Z,,,False
lcc_range,51842,Political & Foreign Relations,Estonian,DK503.67..DK503.69,Foreign and general relations,,False
lcc_range,51842,Political & Foreign Relations,Estonian,DK503.67..DK503.69.Z,,,False
lcc_range,51847,Ethnography,Latvian,DK504.33..DK504.36.Z,,,False
lcc_range,51849,Biographies,Latvian,DK504.38..DK504.45.Z,,,False
lcc_range,51850,Historiography,Latvian,DK504.46..DK504.48.Z,,,False
lcc_range,51851,Political & Foreign Relations,Latvian,DK504.65..DK504.66,Political history,,False
lcc_range,51851,Political & Foreign Relations,Latvian,DK504.65..DK504.66.Z,,,False
lcc_range,51851,Political & Foreign Relations,Latvian,DK504.67..DK504.69,Foreign and general relations,,False
lcc_range,51851,Political & Foreign Relations,Latvian,DK504.67..DK504.69.Z,,,False
lcc_range,51856,Ethnography,Lithuanian,DK505.33..DK505.36.Z,,,False
lcc_range,51858,Biographies,Lithuanian,DK505.38..DK505.45.Z,,,False
lcc_range,51859,Historiography,Lithuanian,DK505.46..DK505.48.Z,,,False
lcc_range,51860,Political & Foreign Relations,Lithuanian,DK505.65..DK505.66,Political history,,False
lcc_range,51860,Political & Foreign Relations,Lithuanian,DK505.65..DK505.66.Z,,,False
lcc_range,51860,Political & Foreign Relations,Lithuanian,DK505.67..DK505.69,Foreign and general relations,,False
lcc_range,51860,Political & Foreign Relations,Lithuanian,DK505.67..DK505.69.Z,,,False
lcc_range,51889,Ethnography,Icelandic,DL331..DL334.5,Ethnography,,False
lcc_range,51890,Reykjavík,Local,DL398.R5..DL398.R59,,,False
lcc_range,51893,Ethnography,Belarusian,DK507.33..DK507.36,Ethnography,,False
lcc_range,51894,Historical Biographies,Belarusian,DK507.38..DK507.45,,,False
lcc_range,51895,Historiography,Belarusian,DK507.46..DK507.48,Historiography,,False
lcc_range,51896,Military & Naval,Belarusian,DK507.6..DK507.62,Military history,,False
lcc_range,51897,Political & Foreign Relations,Belarusian,DK507.65..DK507.66,Political history,,False
lcc_range,51897,Political & Foreign Relations,Belarusian,DK507.67..DK507.69,Foreign and general relations,,False
lcc_range,51899,Minsk,Local,DK507.92..DK507.939,Belarus. Byelorussian S.S.R. White Russia | Minsk,,False
lcc_range,51902,Ethnography,Maltese,DG989.74..DG989.75.Z,,,False
lcc_range,51907,Political & Foreign Relations,Maltese,DG991.5..DG991.6,Foreign and general relations,,False
lcc_range,51907,Political & Foreign Relations,Maltese,DG991.5..DG991.6.Z,,,False
lcc_range,51909,Gozo,Local,DG999.G59..DG999.G599,,,False
lcc_range,51910,Valletta,Local,DG999.V3..DG999.V399,,,False
lcc_range,51913,Ethnography,Moldovan,DK509.33..DK509.36,Ethnography,,False
lcc_range,51914,Historical Biographies,Moldovan,DK509.38..DK509.45,,,False
lcc_range,51915,Historiography,Moldovan,DK509.46..DK509.48,Historiography,,False
lcc_range,51916,Military & Naval,Moldovan,DK509.6..DK509.62,Military history,,False
lcc_range,51917,Political & Foreign Relations,Moldovan,DK509.65..DK509.66,Political history,,False
lcc_range,51917,Political & Foreign Relations,Moldovan,DK509.67..DK509.69,Foreign and general relations,,False
lcc_range,51919,Chișinău,Local,DK509.92..DK509.939,Chisinau. Kishinev | Moldova. Moldovian S.S.R. Bessarabia,,True
lcc_range,51921,Historical Reference,Luxembourg,DH901..DH905.5,,,False
lcc_range,51925,Political & Foreign Relations,Luxembourg,DH908.5..DH908.6,Political and diplomatic history,,False
lcc_range,51925,Political & Foreign Relations,Luxembourg,DH908.5..DH908.6.Z,,,False
lcc_range,51927,"Duchy of Luxembourg, 1354–1815",By Period,DH910..DH915,1354-1815 (Duchy),,False
lcc_range,51928,Luxembourg City,Local,DH925.L8..DH925.L899,,,False
lcc_range,51931,Historical Reference,Cypriot,DS54.A2..DS54.A35,,,False
lcc_range,51935,Political & Foreign Relations,Cypriot,DS54.55..DS54.56,Political and diplomatic history. Foreign and general relations,,False
lcc_range,51935,Political & Foreign Relations,Cypriot,DS54.55..DS54.56.Z,,,False
lcc_range,51936,Cyprus to 1571,By Period,DS54.6..DS54.66,,,False
lcc_range,51939,"Republic of Cyprus, 1960–Present",By Period,DS54.9..DS54.93.Z,,,False
lcc_range,51940,Northern Cyprus,Local,DS54.95.N67..DS54.95.N679,,,False
lcc_range,51941,Nicosia,Local,DS54.95.N53..DS54.95.N539,,,False
lcc_range,51942,Larnaca,Local,DS54.95.L37..DS54.95.L379,,,False
lcc_range,51943,Paphos,Local,DS54.95.N47..DS54.95.N479,,,False
lcc_range,51943,Paphos,Local,DS54.95.O43..DS54.95.O439,,,False
lcc_range,51945,Slovenian,Balkan Peninsula,DR1375.5..DR1378.5,,,False
lcc_range,51945,Slovenian,Balkan Peninsula,DR1381..DR1394.999,,,False
lcc_range,51946,Historical Reference,Slovenian,DR1352..DR1370.999,,,False
lcc_range,51949,Ethnography,Slovenian,DR1373..DR1375,,,False
lcc_range,51951,Slovenia to 1456,By Period,DR1395..DR1404.999,,,False
lcc_range,51952,"Habsburg Slovenia, 1456–1918",By Period,DR1405..DR1434.999,,,False
lcc_range,51953,"Yugoslav Slovenia, 1918–1990",By Period,DR1435..DR1450,,,False
lcc_range,51954,"Independent Slovenia, 1990–Present",By Period,DR1452..DR1457.2,1990-,,True
lcc_range,51957,Bosnia and Herzegovina,Balkan Peninsula,DR1675.5..DR1677,,,False
lcc_range,51957,Bosnia and Herzegovina,Balkan Peninsula,DR1681..DR1694.999,,,False
lcc_range,51958,Bosnian Historical Reference,Bosnia and Herzegovina,DR1652..DR1670.999,,,False
lcc_range,51961,Bosnian Ethnography,Bosnia and Herzegovina,DR1673..DR1674.999,,,False
lcc_range,51963,Bosnia to 1463,By Period,DR1695..DR1710,,,False
lcc_range,51964,"Ottoman Bosnia, 1463–1878",By Period,DR1711..DR1721,1463-1878. Turkish rule,,True
lcc_range,51965,"Austrian Bosnia, 1878–1918",By Period,DR1722..DR1732,1878-1918. Austrian administration,,False
lcc_range,51966,"Yugoslav Bosnia, 1918–1992",By Period,DR1733..DR1748,,,False
lcc_range,51967,"Independence, 1992–Present",By Period,DR1749..DR1756,1992- . Independent State,,True
lcc_range,51970,North Macedonian,Balkan Peninsula,DR2175.5..DR2176,,,False
lcc_range,51970,North Macedonian,Balkan Peninsula,DR2181..DR2194.999,,,False
lcc_range,51971,Guides,North Macedonian,DR2152..DR2170.999,,,False
lcc_range,51974,Ethnography,North Macedonian,DR2173..DR2175,,,False
lcc_range,51976,Political & Foreign Relations,North Macedonian,DR2195..DR2196,Foreign and general relations,,False
lcc_range,51976,Political & Foreign Relations,North Macedonian,DR2195..DR2196.Z,,,False
lcc_range,51977,Macedonia to 1389,By Period,DR2197..DR2202.5,Early to 1389,,True
lcc_range,51978,"Ottoman Macedonia, 1389–1912",By Period,DR2205..DR2227,1389-1912. Turkish rule,,True
lcc_range,51979,"Macedonia, 1912–1945",By Period,DR2229..DR2242,1912-1945,,True
lcc_range,51980,"Socialist Macedonia, 1945–1992",By Period,DR2243..DR2249,1945-1992. Federal People's Republic. Socialist Republic,,False
lcc_range,51981,"Independence, 1992–Present",By Period,DR2250..DR2256,1992- . Independent state,,True
lcc_range,51984,Historical Reference,Kosovo,DR2075..DR2077,,,False
lcc_range,51987,Ethnography,Kosovo,DR2080..DR2080.5.Z,,,False
lcc_range,51990,"Ottoman Kosovo, 1389–1913",By Period,DR2084..DR2084.5.Z,,,False
lcc_range,51991,"Kosovo, 1913–1945",By Period,DR2085..DR2085.5.Z,,,False
lcc_range,51992,1945–Present,By Period,DR2086..DR2087.7,1945- . Autonomous region,,True
lcc_range,51993,"Independent Kosovo, 2008–Present",By Period,DR2088..DR2088.2.Z,,,False
lcc_range,52000,Liechtenstein,Central,DB891..DB892.999,,,False
lcc_range,52001,Historical Reference,Liechtenstein,DB881..DB887,,,False
lcc_range,52004,Political & Foreign Relations,Liechtenstein,DB893..DB894,Foreign and general relations,,False
lcc_range,52004,Political & Foreign Relations,Liechtenstein,DB893..DB894.Z,,,False
lcc_range,52007,Monaco,South,DC941..DC947,Monaco,,False
lcc_range,52023,Papal States & Vatican Historical Reference,"Papal States, Holy See & Vatican",DG791..DG792.5,,,False
lcc_range,52025,Papal States General,"Papal States, Holy See & Vatican",DG796..DG796.3,,,False
lcc_range,52027,Papal States to 1499,"Papal States, Holy See & Vatican",DG797..DG797.6,Early and medieval,,True
lcc_range,52028,"Papal States, 1499–1700","Papal States, Holy See & Vatican",DG797.7..DG797.93,,,False
lcc_range,52029,"Papal States, 1700–1870","Papal States, Holy See & Vatican",DG798..DG798.7,,,False
lcc_range,52032,Hamburg,Local,DD901.H2..DD901.H29,Hamburg,,False
lcc_range,52033,Munich,Local,DD901.M71..DD901.M95,Munich,,False
lcc_range,52034,Frankfurt am Main,Local,DD901.F7..DD901.F79,Frankfurt am Main,,False
lcc_range,52035,Cologne,Local,DD901.C7..DD901.C79,Cologne (Köln),,False
lcc_range,52036,Nuremberg,Local,DD901.N91..DD901.N92,Nuremberg,,False
lcc_range,52037,Turin,Local,DG975.T93..DG975.T97,,,False
lcc_range,52038,Friuli–Venezia Giulia,Local,DG975.F85..DG975.F855,,,False
lcc_range,52039,Palermo,Local,DG975.P19..DG975.P21,,,False
lcc_range,52040,Calabria,Local,DG975.C13..DG975.C16,,,False
lcc_range,52041,Messina,Local,DG975.M53..DG975.M534,,,False
lcc_range,52047,Lucca,Local,DG975.L8..DG975.L82,,,False
lcc_range,52051,Padua,Local,DG975.P12..DG975.P13,,,False
lcc_range,52055,Tarragona,Local,DP302.T11..DP302.T15,Tarragona,,False
lcc_range,52056,Seville,Local,DP302.S56..DP302.S6,Seville,,False
lcc_range,52056,Seville,Local,DP402.S36..DP402.S48,Seville,,False
lcc_range,52058,Girona,Local,DP302.G21..DP302.G3,Gerona,,True
lcc_range,52062,Zaragoza,Local,DP302.S41..DP302.S465,Saragossa,,True
lcc_range,52062,Zaragoza,Local,DP402.S3..DP402.S32,Saragossa,,True
lcc_range,52070,Salamanca,Local,DP302.S11..DP302.S25,Salamanca,,False
lcc_range,52072,Alicante,Local,DP302.A11..DP302.A25,Alicante,,False
lcc_range,52073,Valencia,Local,DP402.V15..DP402.V25,Valencia,,False
lcc_range,52074,Gibraltar,Local,DP302.G31..DP302.G41,Gibraltar,,False
lcc_range,52075,Beijing,Local,DS795..DS795.95,Beijing (Peking. Peiping),,False
lcc_range,52076,Shanghai,Local,DS796.S2..DS796.S295,Shanghai,,False
lcc_range,52077,Hong Kong,Local,DS796.H7..DS796.H795,Hong Kong (Hongkong),,False
lcc_range,52079,Macau,Local,DS796.M2..DS796.M295,Macau (Macao),,False
lcc_range,52081,Tianjin,Local,DS796.T5..DS796.T595,Tianjin (Tientsin),,False
lcc_range,52082,Chongqing,Local,DS796.C592..DS796.C59295,Chongqing. (Ch'ung-ch-ing shih. Chungking),,False
lcc_range,52083,Zhejiang,Local,DS797.88.A..DS797.88.Z,,,False
lcc_range,52084,Jiangsu,Local,DS797.56.A..DS797.56.Z,,,False
lcc_range,52085,Yunnan,Local,DS797.86.A..DS797.86.Z,,,False
lcc_range,52086,Henan,Local,DS797.44.A..DS797.44.Z,,,False
lcc_range,52087,Sichuan,Local,DS797.77.A..DS797.77.Z,,,False
lcc_range,52088,Gansu,Local,DS797.28.A..DS797.28.Z,,,False
lcc_range,52089,Shandong,Local,DS797.72.A..DS797.72.Z,,,False
lcc_range,52090,Anhui,Local,DS797.22.A..DS797.22.Z,,,False
lcc_range,52091,Guangdong,Local,DS797.32.A..DS797.32.Z,,,False
lcc_range,52092,Shanxi,Local,DS797.75.A..DS797.75.Z,,,False
lcc_range,52093,Shaanxi,Local,DS797.68.A..DS797.68.Z,,,False
lcc_range,52094,Fujian,Local,DS797.26.A..DS797.26.Z,,,False
lcc_range,52095,Hebei,Local,DS797.39.A..DS797.39.Z,,,False
lcc_range,52096,Hubei,Local,DS797.48.A..DS797.48.Z,,,False
lcc_range,52097,Xinjiang,Local,DS797.84.A..DS797.84.Z,,,False
lcc_range,52102,"Chinese Biographies, 1949–1976","China, 1949–1976",DS778.A1..DS778.Z,,,False
lcc_range,52107,"Chinese Biographies, 1976–2002","China, 1976–2002",DS779.28..DS779.29.Z,,,False
lcc_range,52161,"China, 1912–1928","Republican China, 1912–1949",DS776.4..DS777.462,,,False
lcc_range,52162,"China, 1928–1937","Republican China, 1912–1949",DS777.47..DS777.514,1928-1937,,True
lcc_range,52163,"China, 1937–1945","Republican China, 1912–1949",DS777.518..DS777.534,1937-1945,,True
lcc_range,52164,"China, 1945–1949","Republican China, 1912–1949",DS777.535..DS777.544,1945-1949,,True
lcc_range,52290,"Revolution & Napoleon, 1789–1815",By Period,DC139..DC249,"Modern, 1515- | Revolutionary and Napoleonic Period, 1789–1815",,True
lcc_range,52291,19th-Century French,By Period,DC251..DC354.9,"19th century | Modern, 1515-",,True
lcc_range,52292,20th-Century French,By Period,DC356..DC424.9,,,False
lcc_range,52293,21st-Century French,By Period,DC425..DC435.9,,,False
lcc_range,52295,Historical Reference,Egyptian,DT43..DT44.999,,,False
lcc_range,52295,Historical Reference,Egyptian,DT46..DT49.97,,,False
lcc_range,52295,Historical Reference,Egyptian,DT74..DT80.999,,,False
lcc_range,52296,Antiquities,Egyptian,DT56.8..DT56.999,,,False
lcc_range,52296,Antiquities,Egyptian,DT66..DT69.5,,,False
lcc_range,52297,Civilization & Ethnography,Egyptian,DT70..DT73.999,,,False
lcc_range,52298,Military & Naval,Egyptian,DT81..DT81.999,,,False
lcc_range,52299,"Egypt, 1517–1798",By Period,DT97..DT98.5,,,False
lcc_range,52300,Nile,Local,DT115..DT117,Nile River (General),,False
lcc_range,52301,Cairo,Local,DT139..DT153.5,Cairo | Local history and description,,False
lcc_range,52303,Regional,North,DT160..DT161.899,,,False
lcc_range,52303,Regional,North,DT162..DT162.999,,,False
lcc_range,52303,Regional,North,DT165.21..DT167.999,,,False
lcc_range,52303,Regional,North,DT177..DT177.999,,,False
lcc_range,52305,"Vandal & Byzantine North Africa, 439–c. 640",North,DT171..DT172.999,,,False
lcc_range,52314,Social & Cultural,Modern,DF745..DF747,Ethnography,,True
lcc_range,52315,Aegean Islands,Local,DF895..DF900.999,,,False
lcc_range,52317,Military & Naval,Modern,DF765..DF787,,,False
lcc_range,52319,Historical Reference & Biography,Modern,DF750..DF755.82,,,False
lcc_range,52321,"Greece, 1830–1913","Greece, 1821–1913",DF816..DF832,,,False
lcc_range,52322,"Greece, 1913–1967",Greece since 1913,DF833.001..DF849.499,,,False
lcc_range,52322,"Greece, 1913–1967",Greece since 1913,DF849.581..DF852.999,,,False
lcc_range,53417,Jewish Communities by Region,Jewish Diaspora,DS135..DS142.9,,,False
lcc_range,53418,Jewish Identity,Jewish Diaspora,DS143..DS144.9,,,False
lcc_range,53419,Antisemitism,Jewish Diaspora,DS145..DS148.9,,,False
lcc_range,53420,Zionism,Jewish Diaspora,DS149..DS151,,,False
lcc_range,53427,General Studies,World War II,D743..D744.3,,,False
lcc_range,53428,Special Topics,World War II,D810..D810.Z,,,False
lcc_range,53429,Personal Narratives,World War II,D811..D811.5,,,False
lcc_range,54059,Other,Local,DL971..DL991,Local History & Places | Sweden,,True
lcc_range,54059,Other,Local,DL971.A..DL971.Z,Regions & Administrative Divisions,,True
lcc_range,54059,Other,Local,DL976..DL991,Cities & Towns,,True
lcc_range,54062,Political & Foreign Relations,Central African Republic,DT546.362..DT546.363,Foreign and general relations,,False
lcc_range,54065,1910-1960. French colony,By Period,DT546.37..DT546.373,1910-1960. French colony,,False
lcc_range,54066,1960- . Independent,By Period,DT546.375..DT546.384,1960- . Independent,,False
lcc_range,54068,Other,Local,DT546.39.A..DT546.39.Z,,,False
lcc_range,54069,Political & Foreign Relations,Chad Tchad,DT546.462..DT546.463,Foreign and general relations,,False
lcc_range,54071,Early to 1910,By Period,DT546.47..DT546.473,Early to 1910,,True
lcc_range,54072,1910-1960,By Period,DT546.475..DT546.477,1910-1960,,True
lcc_range,54073,1960- . Independent,By Period,DT546.48..DT546.483,1960- . Independent,,False
lcc_range,54075,Other,Local,DT546.49.A..DT546.49.Z,,,False
lcc_range,54076,Political & Foreign Relations,"Gabon Gaboon, Gabun",DT546.162..DT546.163,Foreign and general relations,,False
lcc_range,54080,1960- . Independent,By Period,DT546.18..DT546.183,1960- . Independent,,False
lcc_range,54082,Other,Local,DT546.19.A..DT546.19.Z,,,False
lcc_range,54083,Political & Foreign Relations,Burkina Faso. Upper Volta,DT555.62..DT555.63,Foreign and general relations,,False
lcc_range,54085,Early to 1897,By Period,DT555.65..DT555.67,Early to 1897,,True
lcc_range,54086,1897-1960. French Protectorate and Colony,By Period,DT555.75..DT555.77,1897-1960. French Protectorate and Colony,,False
lcc_range,54087,1960-1987,By Period,DT555.8..DT555.83,1960-1987,,True
lcc_range,54088,1987- . Third Republic,By Period,DT555.835..DT555.837,1987- . Third Republic,,False
lcc_range,54090,Other,Local,DT555.9.A..DT555.9.Z,,,False
lcc_range,54091,Political & Foreign Relations,Gambian,DT509.62..DT509.63,Foreign and general relations,,False
lcc_range,54095,1965- . Independent,By Period,DT509.8..DT509.83,1965- . Independent,,False
lcc_range,54097,Other,Local,DT509.9.A..DT509.9.Z,,,False
lcc_range,54098,Political & Foreign Relations,Guinean,DT543.62..DT543.63,Foreign and general relations,,False
lcc_range,54101,1895-1958. French territory and colony,By Period,DT543.75..DT543.77,1895-1958. French territory and colony,,False
lcc_range,54102,1958- . Independent,By Period,DT543.8..DT543.827,1958- . Independent,,False
lcc_range,54104,Other,Local,DT543.9.A..DT543.9.Z,,,False
lcc_range,54105,Political & Foreign Relations,Mali,DT551.62..DT551.63,Foreign and general relations,,False
lcc_range,54108,1898-1959. French colony and territory,By Period,DT551.7..DT551.72,1898-1959. French colony and territory,,False
lcc_range,54109,1959-1991,By Period,DT551.8..DT551.82,1959-1991,,True
lcc_range,54110,1991-,By Period,DT551.84..DT551.846,1991-,,True
lcc_range,54112,Other,Local,DT551.9.A..DT551.9.Z,,,False
lcc_range,54114,Political & Foreign Relations,Mauritania,DT554.62..DT554.63,Foreign and general relations,,False
lcc_range,54116,Early to 1920,By Period,DT554.65..DT554.67,Early to 1920,,True
lcc_range,54117,1920-1960. French colony,By Period,DT554.75..DT554.77,1920-1960. French colony,,False
lcc_range,54118,1960- . Independent,By Period,DT554.8..DT554.83,1960- . Independent,,False
lcc_range,54120,Other,Local,DT554.9.A..DT554.9.Z,,,False
lcc_range,54121,Political & Foreign Relations,Nigerien,DT547.62..DT547.63,Foreign and general relations,,False
lcc_range,54125,1960-1993. Independent,By Period,DT547.8..DT547.83,1960-1993. Independent,,False
lcc_range,54126,1993- . Democracy,By Period,DT547.85..DT547.853,1993- . Democracy,,False
lcc_range,54128,Other,Local,DT547.9.A..DT547.9.Z,,,False
lcc_range,54130,Political & Foreign Relations,Nigerian,DT515.62..DT515.63,Foreign and general relations,,False
lcc_range,54132,Early to 1861,By Period,DT515.65..DT515.67,Early to 1861,,True
lcc_range,54133,1861-1914. Period of colonization,By Period,DT515.7..DT515.73,1861-1914. Period of colonization,,False
lcc_range,54134,1914-1960. Colony and Protectorate of Nigeria,By Period,DT515.75..DT515.77,1914-1960. Colony and Protectorate of Nigeria,,False
lcc_range,54135,1960- . Independence,By Period,DT515.8..DT515.842,1960- . Independence,,False
lcc_range,54137,Other,Local,DT515.9.A..DT515.9.Z,,,False
lcc_range,54139,Political & Foreign Relations,Senegalese,DT549.62..DT549.63,Foreign and general relations,,False
lcc_range,54141,Early to 1895,By Period,DT549.7..DT549.73,Early to 1895,,True
lcc_range,54142,1895-1960,By Period,DT549.75..DT549.77,1895-1960,,True
lcc_range,54143,1960- . Independent,By Period,DT549.8..DT549.86,1960- . Independent,,False
lcc_range,54145,Other,Local,DT549.9.A..DT549.9.Z,,,False
lcc_range,54146,Political & Foreign Relations,Sierra Leonean,DT516.62..DT516.63,Foreign and general relations,,False
lcc_range,54149,1787-1961. British colony and protectorate,By Period,DT516.7..DT516.72,1787-1961. British colony and protectorate,,False
lcc_range,54150,1961- . Independence,By Period,DT516.8..DT516.828,1961- . Independence,,False
lcc_range,54152,Other,Local,DT516.9.A..DT516.9.Z,,,False
lcc_range,54154,Political & Foreign Relations,Dominican Republic,F1938.2..F1938.25,,,False
lcc_range,54159,1961-,By Period,F1938.55..F1938.58,1961-,,True
lcc_range,54161,Other,Local,F1939.A..F1939.Z,Regions & Administrative Divisions,,True
lcc_range,54163,Political & Foreign Relations,Haitian,F1922..F1922.5,,,False
lcc_range,54170,1986-,By Period,F1928.2..F1928.23,1986-,,True
lcc_range,54172,Other,Local,F1929.A..F1929.Z,,,False
lcc_range,54173,Political & Foreign Relations,Beninese,DT541.62..DT541.63,Foreign and general relations,,False
lcc_range,54175,Early to 1894,By Period,DT541.65..DT541.67,Early to 1894,,True
lcc_range,54176,1894-1960. French territory and colony,By Period,DT541.75..DT541.77,1894-1960. French territory and colony,,False
lcc_range,54177,1960- . Independent,By Period,DT541.8..DT541.845,1960- . Independent,,False
lcc_range,54179,Other,Local,DT541.9.A..DT541.9.Z,,,False
lcc_range,54180,Political & Foreign Relations,Kenyan,DT433.562..DT433.563,Foreign and general relations,,False
lcc_range,54182,Early to 1886,By Period,DT433.565..DT433.567,Early to 1886,,True
lcc_range,54183,1886-1920. East African Protectorate (1895-1920),By Period,DT433.57..DT433.573,1886-1920. East African Protectorate (1895-1920),,False
lcc_range,54184,1920-1963. Kenya Colony and Protectorate,By Period,DT433.575..DT433.576,1920-1963. Kenya Colony and Protectorate,,False
lcc_range,54185,1963-,By Period,DT433.58..DT433.586,1963-,,True
lcc_range,54187,Other,Local,DT434.A..DT434.Z,,,False
lcc_range,54188,Political & Foreign Relations,Ugandan,DT433.262..DT433.263,Foreign and general relations,,False
lcc_range,54190,Early to 1890,By Period,DT433.265..DT433.267,Early to 1890,,True
lcc_range,54191,1890-1962,By Period,DT433.27..DT433.273,1890-1962,,True
lcc_range,54192,1962-1979. Independent,By Period,DT433.275..DT433.283,1962-1979. Independent,,False
lcc_range,54193,1979-,By Period,DT433.285..DT433.29,1979-,,True
lcc_range,54195,Other,Local,DT433.29.A..DT433.29.Z,,,False
lcc_range,54197,Political & Foreign Relations,Cuban,F1776.2..F1776.3,,,False
lcc_range,54200,Other,Local,F1790.2..F1854.9,,,False
lcc_range,54201,Political & Foreign Relations,Jamaican,F1882.2..F1882.3,,,False
lcc_range,54207,Other,Local,F1891.A..F1891.Z,,,False
lcc_range,54207,Other,Local,F1895.A..F1895.Z,Cities & Towns,,True
lcc_range,54211,Other,Local,DR1313.42.A..DR1313.42.Z,,,False
lcc_range,54211,Other,Local,DR1620..DR1645,Local History & Places,,True
lcc_range,54215,Other,Local,DR2075..DR2125,Local History & Places,,True
lcc_range,54216,Political & Foreign Relations,Guyanese,F2382.3..F2382.4,,,False
lcc_range,54219,Other,Local,F2387.A..F2387.Z,,,False
lcc_range,54219,Other,Local,F2389.A..F2389.Z,Cities & Towns,,True
lcc_range,54221,Political & Foreign Relations,Montenegrin,DR1845..DR1846,Foreign and general relations,,False
lcc_range,54223,Early to 1516,By Period,DR1847..DR1852.5,Early to 1516,,True
lcc_range,54224,1516-1782. Vladike,By Period,DR1855..DR1866,1516-1782. Vladike,,False
lcc_range,54225,1782-1918. Expansion and secularization,By Period,DR1867..DR1883,1782-1918. Expansion and secularization,,False
lcc_range,54226,1918-1945. Montenegro as part of Yugoslavia,By Period,DR1884..DR1893,1918-1945. Montenegro as part of Yugoslavia,,False
lcc_range,54227,1945-1992. Federal People's Republic. Socialist Republic,By Period,DR1894..DR1900,1945-1992. Federal People's Republic. Socialist Republic,,False
lcc_range,54228,1992-,By Period,DR1901..DR1907,1992-,,True
lcc_range,54230,Other,Local,DR1925..DR1928,Local History & Places,,True
lcc_range,54233,Other,Local,F2427.A..F2427.Z,,,False
lcc_range,54233,Other,Local,F2429.A..F2429.Z,Cities & Towns,,True
lcc_range,54234,Political & Foreign Relations,Equatorial Guinean,DT620.62..DT620.63,Foreign and general relations,,False
lcc_range,54236,Early to 1778,By Period,DT620.65..DT620.67,Early to 1778,,True
lcc_range,54237,1778-1968,By Period,DT620.7..DT620.73,1778-1968,,True
lcc_range,54238,1968-,By Period,DT620.74..DT620.83,1968-,,True
lcc_range,54240,Other,Local,DT620.9.A..DT620.9.Z,,,False
lcc_range,54244,1952-1998,By Period,F1976..F1976.3,1952-1998,,True
lcc_range,54246,Other,Local,F1981.A..F1981.Z,,,False
lcc_range,54252,Other,Local,F2467.A..F2467.Z,,,False
lcc_range,54252,Other,Local,F2469.A..F2469.Z,Cities & Towns,,True
lcc_range,54254,Other,Local,DS54.95.A..DS54.95.Z,,,False
lcc_range,54256,Political & Foreign Relations,Slovenian,DR1395..DR1396,Foreign and general relations,,False
lcc_range,54258,Other,Local,DR1313.62.A..DR1313.62.Z,,,False
lcc_range,54258,Other,Local,DR1475..DR1485,Local History & Places,,True
lcc_range,54260,Political & Foreign Relations,Bosnia and Herzegovina,DR1695..DR1696,Foreign and general relations,,False
lcc_range,54262,Other,Local,DR1313.32.A..DR1313.32.Z,,,False
lcc_range,54262,Other,Local,DR1775..DR1785,Local History & Places,,True
lcc_range,54265,Other,Local,DR2275..DR2285,Local History & Places,,True
lcc_range,54266,Political & Foreign Relations,Algerian,DT287..DT287.5,Political and diplomatic history. Foreign and general relations,,False
lcc_range,54270,1516-1830. Period of piracy,By Period,DT291..DT292,1516-1830. Period of piracy,,False
lcc_range,54272,1901-1945,By Period,DT294.5..DT294.7,1901-1945,,True
lcc_range,54273,1945-1962,By Period,DT295..DT295.3,1945-1962,,True
lcc_range,54274,1962-1990,By Period,DT295.5..DT295.55,1962-1990,,True
lcc_range,54275,1990-,By Period,DT295.6..DT295.652,1990-,,True
lcc_range,54277,Other,Local,DT298..DT299,Algeria | Local History & Places,,True
lcc_range,54278,Political & Foreign Relations,Burundian,DT450.72..DT450.73,Foreign and general relations,,False
lcc_range,54280,Early to 1890. Burundi (Kingdom),By Period,DT450.74..DT450.76,Early to 1890. Burundi (Kingdom),,False
lcc_range,54281,1890-1916. German domination,By Period,DT450.77..DT450.79,1890-1916. German domination,,False
lcc_range,54282,1916-1945. Belgian domination. League of Nations mandate,By Period,DT450.8..DT450.83,1916-1945. Belgian domination. League of Nations mandate,,False
lcc_range,54283,1945-1962. United Nations mandate. Belgian administration,By Period,DT450.84..DT450.843,1945-1962. United Nations mandate. Belgian administration,,False
lcc_range,54284,1962-1993,By Period,DT450.85..DT450.855,1962-1993,,True
lcc_range,54285,1993-,By Period,DT450.86..DT450.863,1993-,,True
lcc_range,54287,Other,Local,DT450.95.A..DT450.95.Z,,,False
lcc_range,54288,Political & Foreign Relations,"Cameroon Cameroun, Kamerun",DT572.85..DT572.92,Political history,,False
lcc_range,54288,Political & Foreign Relations,"Cameroon Cameroun, Kamerun",DT573..DT573.5,Foreign and general relations,,False
lcc_range,54290,Early to 1960,By Period,DT574..DT575,Early to 1960,,True
lcc_range,54291,1960- . Republic,By Period,DT575.5..DT577,1960- . Republic,,False
lcc_range,54293,Other,Local,DT581.A..DT581.Z,,,False
lcc_range,54294,Political & Foreign Relations,Ethiopian,DT382.3..DT382.5,Political and diplomatic history. Foreign and general relations,,False
lcc_range,54298,19th-20th centuries,By Period,DT386..DT386.73,19th-20th centuries,,True
lcc_range,54299,Political & Foreign Relations,Liberian,DT632..DT632.5,Foreign and general relations,,False
lcc_range,54301,Early to 1847,By Period,DT633..DT636.3,Early to 1847,,True
lcc_range,54302,1971-1980,By Period,DT636.2..DT636.4,1971-1980,,True
lcc_range,54303,1980-,By Period,DT636.5..DT636.53,1980-,,True
lcc_range,54305,Other,Local,DT637.A..DT637.Z,,,False
lcc_range,54306,Political & Foreign Relations,Libyan,DT227..DT227.5,Political and diplomatic history. Foreign and general relations,,False
lcc_range,54310,1551-1912,By Period,DT231..DT231.2,1551-1912,,True
lcc_range,54315,Other,Local,DT238..DT239,Libya | Local History & Places,,True
lcc_range,54316,Political & Foreign Relations,Rwanda. Ruanda-Urundi,DT450.32..DT450.33,Foreign and general relations,,False
lcc_range,54318,Early to 1890. Rwanda (Kingdom),By Period,DT450.34..DT450.36,Early to 1890. Rwanda (Kingdom),,False
lcc_range,54319,1890-1916. German domination,By Period,DT450.37..DT450.39,1890-1916. German domination,,False
lcc_range,54320,1916-1945. Belgian domination. League of Nations mandate,By Period,DT450.4..DT450.422,1916-1945. Belgian domination. League of Nations mandate,,False
lcc_range,54321,1945-1962. United Nations mandate. Belgian administration,By Period,DT450.425..DT450.432,1945-1962. United Nations mandate. Belgian administration,,False
lcc_range,54322,1962-1994,By Period,DT450.435..DT450.437,1962-1994,,True
lcc_range,54323,1994-,By Period,DT450.44..DT450.443,1994-,,True
lcc_range,54325,Other,Local,DT450.49.A..DT450.49.Z,,,False
lcc_range,54326,Political & Foreign Relations,Somali & Somaliland,DT403.3..DT403.4,Foreign and general relations,,False
lcc_range,54328,Early to 1889,By Period,DT403.5..DT403.7,Early to 1889,,True
lcc_range,54329,1885-1941. British Somaliland. British Protectorate,By Period,DT404..DT404.3,1885-1941. British Somaliland. British Protectorate,,False
lcc_range,54330,1889-1941. Italian Somaliland,By Period,DT405..DT405.3,1889-1941. Italian Somaliland,,False
lcc_range,54331,1941-1960. British military administration. United Nations trusteeship,By Period,DT406..DT406.3,1941-1960. British military administration. United Nations trusteeship,,False
lcc_range,54332,1960-,By Period,DT407..DT407.43,1960-,,True
lcc_range,54334,Other,Local,DT409.A..DT409.Z,,,False
lcc_range,54335,Political & Foreign Relations,Tanzania & German E. Africa Hist.,DT445.3..DT445.5,Foreign and general relations,,False
lcc_range,54337,Early and colonial,By Period,DT447..DT447.2,Early and colonial,,False
lcc_range,54339,"1964- , United Republic of Tanzania",By Period,DT448.2..DT448.25,,,False
lcc_range,54341,Other,Local,DT449.A..DT449.Z,,,False
lcc_range,54342,Political & Foreign Relations,Togo. Togoland,DT582.62..DT582.63,Foreign and general relations,,False
lcc_range,54346,1922-1960. Partition,By Period,DT582.75..DT582.752,1922-1960. Partition,,False
lcc_range,54347,1960- . Independence,By Period,DT582.77..DT582.852,1960- . Independence,,False
lcc_range,54349,Other,Local,DT582.9.A..DT582.9.Z,,,False
lcc_range,54350,Political & Foreign Relations,DR Congo,DT653.3..DT653.5,Foreign and general relations,,False
lcc_range,54352,Early. Congo Kingdom. Portuguese claims. Association Internationale du Congo,By Period,DT654..DT654.3,Early. Congo Kingdom. Portuguese claims. Association Internationale du Congo,,False
lcc_range,54353,"Congo Free State, 1885-1908",By Period,DT655..DT655.2,"Congo Free State, 1885-1908",,False
lcc_range,54354,"Belgian Congo, 1908-1960",By Period,DT657..DT657.2,"Belgian Congo, 1908-1960",,False
lcc_range,54355,1960-,By Period,DT658..DT658.26,1960-,,True
lcc_range,54357,Other,Local,DT665.A..DT665.Z,,,False
lcc_range,54361,Other,Local,F1659.A..F1659.Z,,,False
lcc_range,54362,Political & Foreign Relations,Belizean,F1446.4..F1446.5,,,False
lcc_range,54365,Other,Local,F1449.A..F1449.Z,,,False
lcc_range,54365,Other,Local,F1456.A..F1456.Z,Cities & Towns,,True
lcc_range,54367,Political & Foreign Relations,Costa Rican,F1546.3..F1546.4,,,False
lcc_range,54370,Other,Local,F1549.A..F1549.Z,Regions & Administrative Divisions,,True
lcc_range,54370,Other,Local,F1556.A..F1556.Z,Cities & Towns,,True
lcc_range,54372,Political & Foreign Relations,Guatemalan,F1466.2..F1466.3,,,False
lcc_range,54375,Other,Local,F1469.A..F1469.Z,,,False
lcc_range,54375,Other,Local,F1476.A..F1476.Z,Cities & Towns,,True
lcc_range,54377,Political & Foreign Relations,Honduran,F1506.3..F1506.4,,,False
lcc_range,54380,Other,Local,F1509.A..F1509.Z,,,False
lcc_range,54380,Other,Local,F1516.A..F1516.Z,Cities & Towns,,True
lcc_range,54382,Political & Foreign Relations,Nicaraguan,F1526.2..F1526.22,,,False
lcc_range,54385,Other,Local,F1529.A..F1529.Z,,,False
lcc_range,54385,Other,Local,F1536.A..F1536.Z,Cities & Towns,,True
lcc_range,54387,Political & Foreign Relations,Panamanian,F1566.3..F1566.4,,,False
lcc_range,54390,Other,Local,F1569.A..F1569.Z,Regions & Administrative Divisions,,True
lcc_range,54390,Other,Local,F1576.A..F1576.Z,Cities & Towns,,True
lcc_range,54392,Political & Foreign Relations,Salvadoran,F1486.2..F1486.3,,,False
lcc_range,54395,Other,Local,F1489.A..F1489.Z,,,False
lcc_range,54395,Other,Local,F1496.A..F1496.Z,Cities & Towns,,True
lcc_range,54397,Political & Foreign Relations,Bolivian,F3321.2..F3321.3,,,False
lcc_range,54400,Other,Local,F3341.A..F3341.Z,,,False
lcc_range,54400,Other,Local,F3351.A..F3351.Z,Cities & Towns,,True
lcc_range,54402,Political & Foreign Relations,Brazilian,F2523..F2523.9,,,False
lcc_range,54404,Other,Local,F2539..F2641,,,False
lcc_range,54404,Other,Local,F2646..F2651,Cities & Towns,,True
lcc_range,54406,Political & Foreign Relations,Chilean,F3083..F3083.5,,,False
lcc_range,54409,Other,Local,F3105..F3251,Regions & Administrative Divisions,,True
lcc_range,54409,Other,Local,F3271..F3281,Cities & Towns,,True
lcc_range,54411,Political & Foreign Relations,Peruvian,F3433..F3434,,,False
lcc_range,54414,Other,Local,F3451.A..F3451.Z,,,False
lcc_range,54414,Other,Local,F3601..F3611,Cities & Towns,,True
lcc_range,54416,Political & Foreign Relations,Venezuelan,F2321.2..F2321.3,,,False
lcc_range,54419,Other,Local,F2331.A..F2331.Z,,,False
lcc_range,54419,Other,Local,F2341.A..F2341.Z,Cities & Towns,,True
lcc_range,54420,Political & Foreign Relations,Bruneian,DS650.54..DS650.55,Political history. Foreign and general relations,,False
lcc_range,54423,Other,Local,DS650.98..DS650.99,Local History & Places,,True
lcc_range,54425,Political & Foreign Relations,Indonesian,DS638..DS640,Political and diplomatic history. Foreign and general relations,,False
lcc_range,54428,Other,Local,DS646.1..DS649,Islands,,True
lcc_range,54429,Political & Foreign Relations,Malaysian & Straits,DS596.3..DS596.4,Political and diplomatic history. Foreign and general relations,,False
lcc_range,54432,Other,Local,DS597.22..DS599,Local History & Places | Malaysia. Malay Peninsula. Straits Settlements,,True
lcc_range,54433,Military & Naval,Philippine,DS672..DS672.5,Naval history,,False
lcc_range,54434,Political & Foreign Relations,Philippine,DS672.8..DS673,Political and diplomatic history. Foreign and general relations,,False
lcc_range,54437,Other,Local,DS688..DS689,Local History & Places | Philippines,,True
lcc_range,54438,Political & Foreign Relations,Singaporean,DS610.45..DS610.47,Foreign and general relations,,False
lcc_range,54441,Other,Local,DS610.9.A..DS610.9.Z,,,False
lcc_range,54443,Political & Foreign Relations,Thai,DS575..DS575.5,Political and diplomatic history,,False
lcc_range,54446,Other,Local,DS588..DS589,Local History & Places | Thailand (Siam),,True
lcc_range,54447,Military & Naval,Azerbaijani,DK696..DK696.2,Military history,,False
lcc_range,54448,Political & Foreign Relations,Azerbaijani,DK696.5..DK696.6,Political history,,False
lcc_range,54448,Political & Foreign Relations,Azerbaijani,DK696.7..DK696.9,Foreign and general relations,,False
lcc_range,54450,Other,Local,DK699..DK699.5,Local History & Places,,True
lcc_range,54453,Other,Local,DK507.9..DK507.95,Local History & Places,,True
lcc_range,54454,Military & Naval,Georgian,DK676..DK676.2,Military history,,False
lcc_range,54455,Political & Foreign Relations,Georgian,DK676.5..DK676.6,Political history,,False
lcc_range,54455,Political & Foreign Relations,Georgian,DK676.7..DK676.9,Foreign and general relations,,False
lcc_range,54457,Other,Local,DK679..DK679.5,Local History & Places,,True
lcc_range,54458,Military & Naval,Kazakh,DK908.65..DK908.66,Military history,,False
lcc_range,54459,Political & Foreign Relations,Kazakh,DK908.67..DK908.68.2,Political history,,False
lcc_range,54459,Political & Foreign Relations,Kazakh,DK908.69..DK908.75,Foreign and general relations,,False
lcc_range,54461,Other,Local,DK909..DK909.5,Local History & Places,,True
lcc_range,54462,Political & Foreign Relations,Kyrgyz,DK918.79..DK918.795,Foreign and general relations,,False
lcc_range,54464,Other,Local,DK919..DK919.5,Local History & Places,,True
lcc_range,54467,Other,Local,DK509.9..DK509.95,Local History & Places,,True
lcc_range,54469,Other,Local,DK929..DK929.5,Local History & Places,,True
lcc_range,54471,Other,Local,DK939..DK939.5,Local History & Places,,True
lcc_range,54472,Military & Naval,Uzbek,DK948.7..DK948.72,Military history,,False
lcc_range,54473,Political & Foreign Relations,Uzbek,DK948.76..DK948.79,Foreign and general relations,,False
lcc_range,54475,Other,Local,DK949..DK949.5,Local History & Places,,True
lcc_range,54476,Political & Foreign Relations,Ukrainian,DK508.56..DK508.57,Foreign and general relations,,False
lcc_range,54478,Other,Local,DK508.9..DK508.95,Local History & Places,,True
lcc_range,54478,Other,Local,DK508.9.A..DK508.9.Z,Regions & Administrative Divisions,,True
lcc_range,54478,Other,Local,DK508.95.A1..DK508.95.Z,Cities & Towns,,True
lcc_range,54478,Other,Local,DK5850.A..DK5850.Z,,,False
lcc_range,54478,Other,Local,DK5990..DK5995,,,False
lcc_range,54480,Political & Foreign Relations,Colombian,F2271.5..F2271.52,,,False
lcc_range,54483,Other,Local,F2281.A..F2281.Z,,,False
lcc_range,54483,Other,Local,F2291.A..F2291.Z,Cities & Towns,,True
lcc_range,54485,Political & Foreign Relations,Ecuadorian,F3732..F3732.Z,,,False
lcc_range,54485,Political & Foreign Relations,Ecuadorian,F3732.5.A..F3732.5.Z,,,False
lcc_range,54488,Other,Local,F3741.A..F3741.Z,Regions & Administrative Divisions,,True
lcc_range,54488,Other,Local,F3781..F3791,Cities & Towns,,True
lcc_range,54490,Political & Foreign Relations,Paraguayan,F2682..F2682.9,,,False
lcc_range,54493,Other,Local,F2691.A..F2691.Z,,,False
lcc_range,54493,Other,Local,F2695.A..F2695.Z,Cities & Towns,,True
lcc_range,54495,Political & Foreign Relations,Uruguayan,F2722..F2722.5,,,False
lcc_range,54498,Other,Local,F2731.A..F2731.Z,,,False
lcc_range,54498,Other,Local,F2781..F2791,Cities & Towns,,True
lcc_range,54500,Political & Foreign Relations,Argentine,F2833..F2833.5,,,False
lcc_range,54505,Other,Local,F2850..F2991,Regions & Administrative Divisions,,True
lcc_range,54505,Other,Local,F3001..F3011,Cities & Towns,,True
lcc_range,54508,Other,Local,DS649.9.A..DS649.9.Z,,,False
lcc_range,54517,Other,Local,DT398.A..DT398.Z,,,False
lcc_range,54520,Other,Local,DK689..DK689.5,Local History & Places,,True
lcc_range,54521,Military & Naval,Estonian,DK503.6..DK503.62,Military history,,False
lcc_range,54521,Military & Naval,Estonian,DK503.63..DK503.64,Naval history,,False
lcc_range,54523,Other,Local,DK503.9..DK503.95,Local History & Places,,True
lcc_range,54523,Other,Local,DK503.9.A..DK503.9.Z,Regions & Administrative Divisions,,True
lcc_range,54523,Other,Local,DK503.95.A..DK503.95.Z,Cities & Towns,,True
lcc_range,54524,Military & Naval,Latvian,DK504.6..DK504.62,Military history,,False
lcc_range,54524,Military & Naval,Latvian,DK504.63..DK504.64,Naval history,,False
lcc_range,54526,Other,Local,DK504.9..DK504.95,Local History & Places,,True
lcc_range,54526,Other,Local,DK504.9.A..DK504.9.Z,Regions & Administrative Divisions,,True
lcc_range,54526,Other,Local,DK504.95.A..DK504.95.Z,Cities & Towns,,True
lcc_range,54527,Military & Naval,Lithuanian,DK505.6..DK505.62,Military history,,False
lcc_range,54527,Military & Naval,Lithuanian,DK505.63..DK505.64,Naval history,,False
lcc_range,54529,Other,Local,DK505.9..DK505.95,Local History & Places,,True
lcc_range,54529,Other,Local,DK505.9.A..DK505.9.Z,Regions & Administrative Divisions,,True
lcc_range,54529,Other,Local,DK505.95.A..DK505.95.Z,Cities & Towns,,True
lcc_range,54530,Political & Foreign Relations,Angolan,DT1353..DT1355,Foreign and general relations,,False
lcc_range,54532,Early to 1648,By Period,DT1357..DT1369,Early to 1648,,True
lcc_range,54533,1648-1885. Portuguese expansion,By Period,DT1373..DT1382,1648-1885. Portuguese expansion,,False
lcc_range,54534,1885-1961. Portuguese consolidation,By Period,DT1385..DT1396,1885-1961. Portuguese consolidation,,False
lcc_range,54535,1961-1975. Revolution,By Period,DT1398..DT1417,1961-1975. Revolution,,False
lcc_range,54536,1975- . Independent,By Period,DT1420..DT1436,1975- . Independent,,False
lcc_range,54538,Other,Local,DT1450..DT1465,Local history and description,,True
lcc_range,54541,Early to 1885,By Period,DT2483..DT2488,Early to 1885,,True
lcc_range,54542,1885-1966. Bechuanaland Protectorate. British Bechuanaland,By Period,DT2490..DT2493,1885-1966. Bechuanaland Protectorate. British Bechuanaland,,False
lcc_range,54543,1966- . Independent,By Period,DT2496..DT2502,1966- . Independent,,False
lcc_range,54545,Other,Local,DT2520..DT2525,Local History & Places,,True
lcc_range,54546,Political & Foreign Relations,Lesotho. Basutoland,DT2623..DT2625,Foreign and general relations,,False
lcc_range,54548,Early to 1868,By Period,DT2630..DT2636,Early to 1868,,True
lcc_range,54549,1868-1966. Basutoland. British Protectorate,By Period,DT2638..DT2648,1868-1966. Basutoland. British Protectorate,,False
lcc_range,54551,Other,Local,DT2680.A..DT2680.Z,,,False
lcc_range,54552,Political & Foreign Relations,Malawi. Nyasaland,DT3206..DT3208,Foreign and general relations,,False
lcc_range,54554,To 1891,By Period,DT3211..DT3214,To 1891,,True
lcc_range,54555,1891-1953,By Period,DT3216..DT3225,1891-1953,,True
lcc_range,54556,1953-1964,By Period,DT3227..DT3230,1953-1964,,True
lcc_range,54557,1964- . Independent,By Period,DT3232..DT3237.8,1964- . Independent,,False
lcc_range,54559,Other,Local,DT3252..DT3257,Local history and description,,True
lcc_range,54560,Political & Foreign Relations,Mozambican,DT3341..DT3343,Foreign and general relations,,False
lcc_range,54562,Early to 1505,By Period,DT3345..DT3348,Early to 1505,,True
lcc_range,54563,1505-1698,By Period,DT3350..DT3359,1505-1698,,True
lcc_range,54564,1698-1891,By Period,DT3361..DT3374,1698-1891,,True
lcc_range,54565,1891-1975,By Period,DT3376..DT3387,1891-1975,,True
lcc_range,54566,1975- . Independent,By Period,DT3389..DT3400,1975- . Independent,,False
lcc_range,54568,Other,Local,DT3410..DT3415,Local history and description,,True
lcc_range,54569,Political & Foreign Relations,Namibia. South-West Africa,DT1583..DT1585,Foreign and general relations,,False
lcc_range,54571,Early to 1884,By Period,DT1587..DT1601,Early to 1884,,True
lcc_range,54572,1884-1915. German South-West Africa,By Period,DT1603..DT1622,1884-1915. German South-West Africa,,False
lcc_range,54573,1915-1946. South African Mandate under authority of the League of Nations,By Period,DT1625..DT1636,1915-1946. South African Mandate under authority of the League of Nations,,False
lcc_range,54574,1946-1990. United Nations Trusteeship. South African administration,By Period,DT1638..DT1648,1946-1990. United Nations Trusteeship. South African administration,,False
lcc_range,54577,Other,Local,DT1670..DT1685,Local history and description,,True
lcc_range,54579,Political & Foreign Relations,South African,DT1803..DT1805,Foreign and general relations,,False
lcc_range,54581,Early to 1652,By Period,DT1807..DT1810,Early to 1652,,True
lcc_range,54582,1652-1795. Dutch East India Company administration,By Period,DT1813..DT1825,1652-1795. Dutch East India Company administration,,False
lcc_range,54583,1795-1836. British possession,By Period,DT1828..DT1845,1795-1836. British possession,,False
lcc_range,54584,1836-1910. British consolidation,By Period,DT1848..DT1920,1836-1910. British consolidation,,False
lcc_range,54585,1910-1961. Union of South Africa,By Period,DT1924..DT1941,1910-1961. Union of South Africa,,False
lcc_range,54586,1961-1994. Republic of South Africa. Apartheid regime,By Period,DT1945..DT1970,1961-1994. Republic of South Africa. Apartheid regime,,False
lcc_range,54587,1994- . Republic of South Africa. Government of National Unity,By Period,DT1971..DT1975,1994- . Republic of South Africa. Government of National Unity,,False
lcc_range,54589,Other,Local,DT1991..DT2405,Local History & Places,,True
lcc_range,54591,Political & Foreign Relations,Sudan. Anglo-Egyptian Sudan,DT155.78..DT155.9,Foreign and general relations,,False
lcc_range,54594,641-1821,By Period,DT156.3..DT156.35,641-1821,,True
lcc_range,54595,1821-,By Period,DT156.4..DT157.67,1821-,,True
lcc_range,54597,Other,Local,DT159.6..DT159.9,Sudan. Anglo-Egyptian Sudan,,True
lcc_range,54598,Political & Foreign Relations,Zambia. Northern Rhodesia,DT3075..DT3077,Foreign and general relations,,False
lcc_range,54600,Early to 1890,By Period,DT3079..DT3089,Early to 1890,,True
lcc_range,54601,1890-1924. British South Africa Company administration,By Period,DT3091..DT3101,1890-1924. British South Africa Company administration,,False
lcc_range,54602,1924-1953. British Protectorate,By Period,DT3103..DT3106,1924-1953. British Protectorate,,False
lcc_range,54603,1953-1964,By Period,DT3108..DT3111,1953-1964,,True
lcc_range,54604,1964- . Independent,By Period,DT3113..DT3119.5,1964- . Independent,,False
lcc_range,54606,Other,Local,DT3140..DT3145,Local history and description,,True
lcc_range,54607,Political & Foreign Relations,Zimbabwe. Southern Rhodesia,DT2933..DT2935,Foreign and general relations,,False
lcc_range,54609,Early to 1890,By Period,DT2937..DT2957,Early to 1890,,True
lcc_range,54610,1890-1923. British South Africa Company administration,By Period,DT2959..DT2970,1890-1923. British South Africa Company administration,,False
lcc_range,54611,1923-1953. British Crown colony,By Period,DT2972..DT2975,1923-1953. British Crown colony,,False
lcc_range,54612,1953-1965,By Period,DT2976..DT2979,1953-1965,,True
lcc_range,54613,1965-1980,By Period,DT2981..DT2994,1965-1980,,True
lcc_range,54614,1980- . Independent,By Period,DT2996..DT3000,1980- . Independent,,False
lcc_range,54616,Other,Local,DT3020..DT3025,Local history and description,,True
lcc_range,54618,Political & Foreign Relations,Mexican,F1228..F1228.5,,,False
lcc_range,54621,Other,Local,F1240..F1381,Regions & Administrative Divisions,,True
lcc_range,54621,Other,Local,F1386..F1391,Cities & Towns,,True
lcc_range,54623,Political & Foreign Relations,Canadian,F1029..F1029.5,Diplomatic history. Foreign and general relations,,False
lcc_range,54625,Other,Local,F1035.8..F1145.2,Regions & Administrative Divisions,,True
lcc_range,54625,Other,Local,F1036..F1040,Canada | Nova Scotia. Acadia,,True
lcc_range,54625,Other,Local,F1041..F1045,Canada | New Brunswick,,True
lcc_range,54625,Other,Local,F1046..F1049.7,Canada | Prince Edward Island,,True
lcc_range,54625,Other,Local,F1051..F1055,Canada | Québec,,True
lcc_range,54625,Other,Local,F1053.2..F1053.25,1960-,,True
lcc_range,54625,Other,Local,F1056..F1059.7,Canada | Ontario,,True
lcc_range,54625,Other,Local,F1060..F1060.97,Canada | Canadian Northwest. Northwest Territories,,True
lcc_range,54625,Other,Local,F1060.92..F1060.935,1945-,,True
lcc_range,54625,Other,Local,F1060.96..F1060.97,Elements in the population,,True
lcc_range,54625,Other,Local,F1061..F1065,Canada | Manitoba,,True
lcc_range,54625,Other,Local,F1070..F1074.7,Canada | Saskatchewan,,True
lcc_range,54625,Other,Local,F1075..F1080,Alberta | Canada,,True
lcc_range,54625,Other,Local,F1078.2..F1078.25,1971-,,True
lcc_range,54625,Other,Local,F1086..F1089.7,British Columbia | Canada,,True
lcc_range,54625,Other,Local,F1091..F1095.5,Canada | Yukon,,True
lcc_range,54625,Other,Local,F1096..F1100.5,Canada | Mackenzie,,True
lcc_range,54625,Other,Local,F1101..F1105.5,Franklin,,True
lcc_range,54625,Other,Local,F1106..F1110.5,Canada | Keewatin,,True
lcc_range,54625,Other,Local,F1121..F1139,Canada | Newfoundland,,True
lcc_range,54625,Other,Local,F1135..F1139,Labrador | Newfoundland,,True
lcc_range,54625,Other,Local,F1141..F1145.2,Canada | Nunavut,,True
lcc_range,54625,Other,Local,F1145..F1145.2,Elements in the population,,True
lcc_range,54627,Political & Foreign Relations,Afghan,DS357.5..DS357.6,Political and diplomatic history. Foreign and general relations,,False
lcc_range,54630,Other,Local,DS374..DS375,Afghanistan | Local History & Places,,True
lcc_range,54631,Political & Foreign Relations,Armenian,DS175.3..DS175.4,Political and diplomatic history. Foreign and general relations,,False
lcc_range,54633,Political & Foreign Relations,Bangladesh. East Pakistan,DS394.7..DS394.73,Political and diplomatic history. Foreign and general relations,,False
lcc_range,54636,Other,Local,DS396.8..DS396.9,Bangladesh. East Pakistan | Local History & Places,,True
lcc_range,54639,Other,Local,DS781..DS796,China | Local History & Places,,True
lcc_range,54639,Other,Local,DS795..DS796,National municipalities and special administrative regions,,True
lcc_range,54639,Other,Local,DS795..DS797.88,Cities & Towns,,True
lcc_range,54640,Military & Naval,Indian,DS442.A3..DS442.Z,,,False
lcc_range,54642,Other,Local,DS483..DS486.8,India (Bharat),,True
lcc_range,54643,Military & Naval,Japanese,DS838..DS838.7,Military history,,False
lcc_range,54643,Military & Naval,Japanese,DS839..DS839.7,Naval history,,False
lcc_range,54644,Political & Foreign Relations,Japanese,DS840..DS844,Political and diplomatic history,,False
lcc_range,54644,Political & Foreign Relations,Japanese,DS845..DS849,Diplomatic history. Foreign and general relations,,False
lcc_range,54646,Other,Local,DS894.2..DS894.285,Hokkaidō,,True
lcc_range,54646,Other,Local,DS894.2..DS895.4,Local History & Places,,True
lcc_range,54646,Other,Local,DS894.215..DS897,Japan,,True
lcc_range,54646,Other,Local,DS894.3..DS894.385,Tōhoku region,,True
lcc_range,54646,Other,Local,DS894.4..DS894.485,Kantō region,,True
lcc_range,54646,Other,Local,DS894.5..DS894.585,Chubu region,,True
lcc_range,54646,Other,Local,DS894.6..DS894.685,Kinki region,,True
lcc_range,54646,Other,Local,DS894.7..DS894.785,Chūgoku region,,True
lcc_range,54646,Other,Local,DS894.8..DS894.885,Shikoku region,,True
lcc_range,54646,Other,Local,DS894.9..DS894.985,Kyushu region,,True
lcc_range,54646,Other,Local,DS896..DS896.95,Tokyo,,True
lcc_range,54646,Other,Local,DS896.6..DS896.66,History (General),,True
lcc_range,54646,Other,Local,DS896.75..DS896.76,"Parks, squares, circles",,True
lcc_range,54646,Other,Local,DS896.77..DS896.8,Streets. Bridges,,True
lcc_range,54648,Political & Foreign Relations,Jordan. Transjordan,DS154.15..DS154.16,Foreign and general relations,,False
lcc_range,54651,Other,Local,DS154.9.A..DS154.9.Z,,,False
lcc_range,54653,Other,Local,DS924..DS925,Korea | Local History & Places,,True
lcc_range,54655,Political & Foreign Relations,Lebanon Phenicia,DS80.95..DS80.96,Political and diplomatic history. Foreign and general relations,,False
lcc_range,54658,Other,Local,DS89.A1..DS89.Z,"Regions, cities, etc.",,True
lcc_range,54660,Political & Foreign Relations,Pakistani,DS383.5.A2..DS383.5.Z,Political and diplomatic history. Foreign and general relations,,False
lcc_range,54663,Other,Local,DS392..DS392.2,Local History & Places | Pakistan,,True
lcc_range,54667,Other,Local,DA880.A..DA880.Z,,,False
lcc_range,54667,Other,Local,DA890.A..DA890.Z,Cities & Towns,,True
lcc_range,54670,Other,Local,DA740..DA745,Local History & Places | Wales,,True
lcc_range,54671,Military & Naval,Slovak,DB2769..DB2773,Military history,,False
lcc_range,54672,Political & Foreign Relations,Slovak,DB2774..DB2775,Political history,,False
lcc_range,54672,Political & Foreign Relations,Slovak,DB2776..DB2778,Foreign and general relations,,False
lcc_range,54674,Other,Local,DB3000..DB3150,Local History & Places,,True
lcc_range,54677,Other,Local,DR996..DR998,Albania | Local History & Places,,True
lcc_range,54677,Other,Local,DR996.A..DR996.Z,Regions & Administrative Divisions,,True
lcc_range,54677,Other,Local,DR998.A..DR998.Z,,,False
lcc_range,54680,Other,Local,DR95..DR98,Bulgaria | Local History & Places,,True
lcc_range,54680,Other,Local,DR95.A..DR95.Z,Regions & Administrative Divisions,,True
lcc_range,54680,Other,Local,DR97..DR98,Cities & Towns,,True
lcc_range,54683,Other,Local,DR279..DR296,Local History & Places | Romania,,True
lcc_range,54683,Other,Local,DR281..DR295,,,False
lcc_range,54683,Other,Local,DR296.A..DR296.Z,Cities & Towns,,True
lcc_range,54685,Political & Foreign Relations,Turkish,DR470..DR479,Political and diplomatic history,,False
lcc_range,54688,Other,Local,DR701..DR741,Local history and description (European Turkey) | Turkey,,True
lcc_range,54690,Other,Local,DC932.A..DC932.Z,,,False
lcc_range,54691,Political & Foreign Relations,English,DA40..DA44,,,False
lcc_range,54691,Political & Foreign Relations,English,DA45..DA47.9,,,False
lcc_range,54693,Other,Local,DA670..DA690,England | Local History & Places,,True
lcc_range,54693,Other,Local,DA690..DA690,Local history and description,,True
lcc_range,54693,Other,Local,DA690.A..DA690.Z,Cities & Towns,,True
lcc_range,54694,Political & Foreign Relations,Modern,DF785..DF787,Political and diplomatic history,,False
lcc_range,54696,Other,Local,DF895..DF951,Local History & Places | Modern Greece,,True
lcc_range,54696,Other,Local,DF901.A..DF901.Z,Regions & Administrative Divisions,,True
lcc_range,54696,Other,Local,DF951.A..DF951.Z,Cities & Towns,,True
lcc_range,54697,Military & Naval,Danish,DL156..DL156.73,,,False
lcc_range,54699,Other,Local,DL269..DL269,Islands of Denmark (General),,True
lcc_range,54699,Other,Local,DL269..DL291,Denmark | Local History & Places,,True
lcc_range,54699,Other,Local,DL271.A..DL271.Z,,,False
lcc_range,54699,Other,Local,DL276..DL291,Cities & Towns,,True
lcc_range,54700,Military & Naval,Finnish,DL1036..DL1037,Military history,,False
lcc_range,54700,Military & Naval,Finnish,DL1040..DL1042,Naval history,,False
lcc_range,54702,Other,Local,DL1170..DL1180.2,Local History & Places,,True
lcc_range,54702,Other,Local,DL1170.A..DL1170.Z,Regions & Administrative Divisions,,True
lcc_range,54702,Other,Local,DL1171..DL1171,Islands of Finland (General),,True
lcc_range,54702,Other,Local,DL1180.A..DL1180.Z,Cities & Towns,,True
lcc_range,54704,Other,Local,DL396..DL398,Iceland | Local History & Places,,True
lcc_range,54704,Other,Local,DL396.A..DL396.Z,,,False
lcc_range,54704,Other,Local,DL398.A..DL398.Z,Cities & Towns,,True
lcc_range,54707,Other,Local,DL576..DL596,Local History & Places | Norway,,True
lcc_range,54707,Other,Local,DL581..DL596,Cities & Towns,,True
lcc_range,54708,Military & Naval,Irish,DA914..DA915,,,False
lcc_range,54711,Other,Local,DA990.A..DA990.Z,,,False
lcc_range,54711,Other,Local,DA995.A..DA995.Z,Cities & Towns,,True
lcc_range,54712,Political & Foreign Relations,Arabian Peninsula & Saudi Arabia,DS227..DS228,Political and diplomatic history. Foreign and general relations,,False
lcc_range,54715,Other,Local,DS247..DS248,Arabian Peninsula & Saudi Arabia | Local History & Places,,True
lcc_range,54717,Other,Local,DT115..DT154,Local History & Places | North Africa,,True
lcc_range,54717,Other,Local,DT118..DT138.999,,,False
lcc_range,54717,Other,Local,DT153.6..DT154,,,False
lcc_range,54717,Other,Local,DT73.A..DT73.Z,,,False
lcc_range,54719,Political & Foreign Relations,Iranian,DS274..DS274.2,Political and diplomatic history. Foreign and general relations,,False
lcc_range,54721,Other,Local,DS324..DS326,Iran | Local History & Places,,True
lcc_range,54723,Political & Foreign Relations,Iraqi,DS70.96.A..DS70.96.Z,,,False
lcc_range,54726,Other,Local,DS79.89.A..DS79.89.Z,Regions & Administrative Divisions,,True
lcc_range,54726,Other,Local,DS79.9.A..DS79.9.Z,Cities & Towns,,True
lcc_range,54728,Political & Foreign Relations,Israel & Palestine,DS119.6..DS119.8,Political and diplomatic history. Foreign and general relations,,False
lcc_range,54731,Other,Local,DS110.A..DS110.Z,,,False
lcc_range,54732,Political & Foreign Relations,Syrian,DS95.5..DS95.6,Political and diplomatic history. Foreign and general relations,,False
lcc_range,54735,Other,Local,DS99.A..DS99.Z,Regions & Administrative Divisions,,True
lcc_range,54738,Political & Foreign Relations,Australian,DU113..DU113.5,Diplomatic history. Foreign and general relations,,False
lcc_range,54741,Other,Local,DU145..DU398,,,False
lcc_range,54743,Political & Foreign Relations,New Zealand,DU421..DU421.5,Political and diplomatic history. Foreign and general relations,,False
lcc_range,54746,Other,Local,DU428..DU430,Local History & Places | New Zealand,,True
lcc_range,54748,Political & Foreign Relations,South Sudanese,DT159.9296..DT159.9298,Foreign and general relations,,False
lcc_range,54750,2011-,By Period,DT159.9399..DT159.947,2011-,,True
lcc_range,54752,Other,Local,DT159.977..DT159.978,Local History & Places,,True
lcc_range,54753,Political & Foreign Relations,Mongolian,DS798.62..DS798.63,Political history. Foreign and general relations,,False
lcc_range,54756,Other,Local,DS798.9.A..DS798.9.Z,,,False
lcc_range,54758,Political & Foreign Relations,Taiwanese,DS799.625..DS799.63,Foreign and general relations,,False
lcc_range,54761,Other,Local,DS799.9.A..DS799.9.Z,,,False
lcc_range,54762,Other,Local,E180..E180.5,"History of states and counties, collectively",,True
lcc_range,54763,Political & Foreign Relations,Bhutanese,DS492.5.A..DS492.5.Z,,,False
lcc_range,54765,Through 1907,By Period,DS492.6..DS492.63.Z,,,False
lcc_range,54766,1907–Present,By Period,DS492.7..DS492.73.Z,,,False
lcc_range,54768,Other,Local,DS492.9.A..DS492.9.Z,,,False
lcc_range,54770,Political & Foreign Relations,Nepalese,DS494.8.A..DS494.8.Z,,,False
lcc_range,54772,Earliest to 1768,By Period,DS495..DS495.22.Z,,,False
lcc_range,54773,1768–1951,By Period,DS495.3..DS495.33.Z,,,False
lcc_range,54774,1951–1990,By Period,DS495.5..DS495.592.Z,,,False
lcc_range,54775,1990–Present,By Period,DS495.6..DS495.652.Z,,,False
lcc_range,54777,Other,Local,DS495.8.A..DS495.8.Z,,,False
lcc_range,54780,Early to 1505,By Period,DS489.6..DS489.63.Z,,,False
lcc_range,54781,1505–1948,By Period,DS489.7..DS489.73.Z,,,False
lcc_range,54782,1948–1978,By Period,DS489.8..DS489.83.Z,,,False
lcc_range,54783,1978–Present,By Period,DS489.84..DS489.86.Z,,,False
lcc_range,54785,Other,Local,DS490.A..DS490.Z,,,False
lcc_range,54787,Political & Foreign Relations,Vietnamese,DS556.58.A..DS556.58.Z,,,False
lcc_range,54789,Earliest to 1225,By Period,DS556.6..DS556.63.Z,,,False
lcc_range,54790,1225–1802,By Period,DS556.7..DS556.73.Z,,,False
lcc_range,54791,1802–1954,By Period,DS556.8..DS556.83.Z,,,False
lcc_range,54792,1954–1975,By Period,DS556.9..DS559.9,,,False
lcc_range,54793,1975- . Reunification. Socialist Republic of Vietnam,By Period,DS559.912..DS559.916,1975- . Reunification. Socialist Republic of Vietnam,,False
lcc_range,54795,Other,Local,DS559.92..DS559.93,Local History & Places,,True
lcc_range,54796,Military & Naval,French,DC44..DC47,,,False
lcc_range,54796,Military & Naval,French,DC49..DC53,,,False
lcc_range,54798,Other,Local,DC600..DC801,Local history and description,,True
lcc_range,54799,Military & Naval,German,DD99..DD104,,,False
lcc_range,54801,Other,Local,DD701..DD905.22,Local History & Places,,True
lcc_range,54801,Other,Local,DD901..DD905.22,,,False
lcc_range,54803,Military & Naval,Austrian,DB42..DB44,Military history,,False
lcc_range,54804,Political & Foreign Relations,Austrian,DB46..DB49,Political and diplomatic history. Foreign and general relations,,False
lcc_range,54806,Other,Local,DB101..DB879,Austria | Local History & Places,,True
lcc_range,54806,Other,Local,DB879.A..DB879.Z,Cities & Towns,,True
lcc_range,54807,Military & Naval,Czechoslovak,DB2069..DB2073,Military history,,False
lcc_range,54810,Other,Local,DB2300..DB2650,Czechoslovakia | Local history and description of the Czech lands,,True
lcc_range,54814,Other,Local,DB974.9..DB999,Hungary | Local History & Places,,True
lcc_range,54817,Other,Local,DG999.A..DG999.Z,,,False
lcc_range,54818,Military & Naval,Belgian,DH540..DH545,,,False
lcc_range,54820,Other,Local,DH801..DH811,Belgium | Local History & Places,,True
lcc_range,54820,Other,Local,DH801.A..DH801.Z,Regions & Administrative Divisions,,True
lcc_range,54820,Other,Local,DH811.A..DH811.Z,Cities & Towns,,True
lcc_range,54823,Other,Local,DH925.A..DH925.Z,,,False
lcc_range,54824,Military & Naval,Dutch,DJ130..DJ138,,,False
lcc_range,54825,Political & Foreign Relations,Dutch,DJ140..DJ149,,,False
lcc_range,54827,Other,Local,DJ401..DJ500.22,Local History & Places,,True
lcc_range,54828,Military & Naval,Russian,DK50..DK54,,,False
lcc_range,54828,Military & Naval,Russian,DK55..DK59,,,False
lcc_range,54831,Other,Local,DK500.A..DK500.Z,,,False
lcc_range,54831,Other,Local,DK501..DK949.5,Local history and description,,True
lcc_range,54835,Other,Local,DQ301..DQ851,Local history and description,,True
lcc_range,54838,Other,Local,DG972..DG975,,,False
lcc_range,54838,Other,Local,DG975.A..DG975.Z,,,False
lcc_range,54838,Other,Local,DG980..DG980.22,,,False
lcc_range,54839,Military & Naval,Polish,DK4170..DK4174,,,False
lcc_range,54839,Military & Naval,Polish,DK4177..DK4178,,,False
lcc_range,54841,Other,Local,DK4600..DK4800,Local history and description,,True
lcc_range,54841,Other,Local,DK4610..DK4645,Local history and description | Warsaw (Warszawa),,True
lcc_range,54841,Other,Local,DK4628..DK4629,Ethnography,,True
lcc_range,54841,Other,Local,DK4636..DK4637,Regions & Administrative Divisions,,True
lcc_range,54841,Other,Local,DK4638..DK4639,"Monuments. Statues, etc.",,True
lcc_range,54841,Other,Local,DK4642..DK4643,"Streets. Bridges, etc.",,True
lcc_range,54841,Other,Local,DK4644..DK4645,"Buildings. Palaces, etc.",,True
lcc_range,54841,Other,Local,DK4650..DK4685,Gdansk (Danzig) | Local history and description,,True
lcc_range,54841,Other,Local,DK4668..DK4669,Ethnography,,True
lcc_range,54841,Other,Local,DK4676..DK4677,Regions & Administrative Divisions,,True
lcc_range,54841,Other,Local,DK4678..DK4679,"Monuments. Statues, etc.",,True
lcc_range,54841,Other,Local,DK4682..DK4683,"Streets. Bridges, etc.",,True
lcc_range,54841,Other,Local,DK4684..DK4685,"Buildings. Palaces, etc.",,True
lcc_range,54841,Other,Local,DK4700..DK4735,Krakow (Cracow) | Local history and description,,True
lcc_range,54841,Other,Local,DK4718..DK4719,Ethnography,,True
lcc_range,54841,Other,Local,DK4722..DK4725,1795-1918,,True
lcc_range,54841,Other,Local,DK4726..DK4727,Regions & Administrative Divisions,,True
lcc_range,54841,Other,Local,DK4728..DK4729,"Monuments. Statues, etc.",,True
lcc_range,54841,Other,Local,DK4732..DK4733,"Streets. Bridges, etc.",,True
lcc_range,54841,Other,Local,DK4734..DK4735,"Buildings. Palaces, etc.",,True
lcc_range,54842,Military & Naval,Portuguese,DP550..DP551,Naval history,,False
lcc_range,54844,Other,Local,DP702..DP751,,,False
lcc_range,54844,Other,Local,DP702..DP802,Local history and description,,True
lcc_range,54844,Other,Local,DP777..DP802,,,False
lcc_range,54845,Military & Naval,Spanish,DP76..DP78.5,,,False
lcc_range,54845,Military & Naval,Spanish,DP80..DP81.7,,,False
lcc_range,54846,Political & Foreign Relations,Spanish,DP83..DP86,,,False
lcc_range,54848,Other,Local,DP280..DP302.A40,,,False
lcc_range,54848,Other,Local,DP285..DP402,Local history and description,,True
lcc_range,54848,Other,Local,DP302.A56..DP302.B15,,,False
lcc_range,54848,Other,Local,DP302.B152..DP302.B152,Baix Ebre Region,,True
lcc_range,54848,Other,Local,DP302.B155..DP302.B155,Baix Llobregat Region,,True
lcc_range,54848,Other,Local,DP302.B157..DP302.B157,Baix Penedès Region,,True
lcc_range,54848,Other,Local,DP302.B1574..DP302.B1574,Baixa Limia Region,,True
lcc_range,54848,Other,Local,DP302.B158..DP302.B158,Bajo Segura Region,,True
lcc_range,54848,Other,Local,DP302.B31..DP302.B40,,,False
lcc_range,54848,Other,Local,DP302.B56..DP302.C35,,,False
lcc_range,54848,Other,Local,DP302.C52..DP302.C56,,,False
lcc_range,54848,Other,Local,DP302.C70..DP302.G10,,,False
lcc_range,54848,Other,Local,DP302.G205..DP302.G205,Garraf Region,,True
lcc_range,54848,Other,Local,DP302.G206..DP302.G206,Garrigues Region,,True
lcc_range,54848,Other,Local,DP302.G208..DP302.G208,,,False
lcc_range,54848,Other,Local,DP302.G21..DP302.V10,,,False
lcc_range,54848,Other,Local,DP302.V105..DP302.V105,Valcueva Valley,,True
lcc_range,54848,Other,Local,DP302.V107..DP302.V107,Valdejalón Region,,True
lcc_range,54848,Other,Local,DP302.V109..DP302.V109,Valdeorras Region,,True
lcc_range,54848,Other,Local,DP302.V26..DP349,,,False
lcc_range,54848,Other,Local,DP375..DP402.B19,,,False
lcc_range,54848,Other,Local,DP402.B31..DP402.Z,,,False
lcc_range,54850,Political & Foreign Relations,Myanmar / Burma,DS528.8.A..DS528.8.Z,,,False
lcc_range,54853,1287–1824,By Period,DS529.3..DS529.42.Z,,,False
lcc_range,54855,1885–1945,By Period,DS530..DS530.32.Z,,,False
lcc_range,54856,1945–Present,By Period,DS530.4..DS530.68.Z,,,False
lcc_range,54858,Other,Local,DS530.8..DS530.9,,,False
lcc_range,54859,Political & Foreign Relations,Cambodian,DS554.58.A..DS554.58.Z,,,False
lcc_range,54861,Earliest to 1863,By Period,DS554.6..DS554.64.Z,,,False
lcc_range,54862,1863–1954,By Period,DS554.7..DS554.73.Z,,,False
lcc_range,54863,1954–Present,By Period,DS554.8..DS554.842,,,False
lcc_range,54865,Other,Local,DS554.98.A..DS554.98.Z,,,False
lcc_range,54866,Political & Foreign Relations,Laotian,DS555.58.A..DS555.58.Z,,,False
lcc_range,54868,Earliest to 1893,By Period,DS555.6..DS555.63.Z,,,False
lcc_range,54869,1893–1954,By Period,DS555.7..DS555.73.Z,,,False
lcc_range,54870,1954–1975,By Period,DS555.8..DS555.83.Z,,,False
lcc_range,54871,1975–Present,By Period,DS555.84..DS555.86.Z,,,False
lcc_range,54873,Other,Local,DS555.98.A..DS555.98.Z,,,False
lcc_range,54874,Other,Local,DB898.A..DB898.Z,,,False
lcc,3622,Civilization,History,CB,Civilization,,False
lcc,3622,Civilization,History,CB151,,,False
lcc,3626,Ancient Astronaut Evidence,Civilization,CB156,,,False
lcc,6268,Futurology Methods,Forecasts of future progress,CB158,,,False
lcc,10709,Published through 1950,Futurist Works by Author & Title,CB160,,,False
lcc,10504,1951-,Futurist Works by Author & Title,CB161,,,False
lcc,10465,Theory,Civilization,CB19,,,False
lcc,3622,Civilization,History,CB20,,,False
lcc,10241,Western Civilizations,Special civilizations,CB245,,,False
lcc,10242,East–West Interactions,Special civilizations,CB251,,,False
lcc,10236,Buddhist Civilization,Special civilizations,CB255,,,False
lcc,8199,Special civilizations,Race,CB256,,,False
lcc,3622,Civilization,History,CB304.2,,,False
lcc,8008,Protohistory,Civilization,CB305,,,False
lcc,3622,Civilization,History,CB331,,,False
lcc,10237,10th Century,Medieval,CB354,,,False
lcc,10266,12th Century,Medieval,CB354.6,,,False
lcc,10251,13th Century,Medieval,CB355,,,False
lcc,10233,Renaissance & Reformation,Eras | Modern,CB359,,,False
lcc,10267,13th–14th Centuries,Renaissance & Reformation,CB365,,,False
lcc,10269,1401–1550,Renaissance & Reformation,CB367,,,False
lcc,10238,1551–1600,Renaissance & Reformation,CB369,,,False
lcc,10257,16th–17th Centuries,Modern,CB401,,,False
lcc,10243,18th Century,Modern,CB411,,,False
lcc,10268,1971–Present,Modern,CB428,,,False
lcc,6480,Astronautics & civilization,Topics,CB440,,,False
lcc,9329,Civilization & Economic Conditions,Topics,CB448,,,False
lcc,8101,Geography & civilization,Topics,CB450,,,False
lcc,6728,Imperialism & civilization,Topics,CB451,,,False
lcc,8357,Nature & civilization,Topics,CB460,,,False
lcc,6646,Ocean & civilization,Topics,CB465,,,False
lcc,7736,Symbolism & civilization,Topics,CB475,,,False
lcc,6520,"Technology, Science & Civilization",Topics,CB478,,,False
lcc,9310,War & civilization,Topics,CB481,,,False
lcc,8125,Water & Civilization,Topics,CB482,,,False
lcc,12945,Reference,Archaeology,CC,Archaeology,,True
lcc,12947,Archaeology,Archaeology,CC107,,,False
lcc,12948,Archaeological Conservation,Archaeology,CC135,,,False
lcc,12948,Archaeological Conservation,Archaeology,CC136,,,False
lcc,12948,Archaeological Conservation,Archaeology,CC138,,,False
lcc,12948,Archaeological Conservation,Archaeology,CC140,,,False
lcc,12948,Archaeological Conservation,Archaeology,CC176,,,False
lcc,12949,Archaeological Objects,Archaeology,CC207,,,False
lcc,12949,Archaeological Objects,Archaeology,CC253,,,False
lcc,12949,Archaeological Objects,Archaeology,CC260,,,False
lcc,12950,"Monuments, Sites & Material Remains",Archaeology,CC600,,,False
lcc,12950,"Monuments, Sites & Material Remains",Archaeology,CC700,,,False
lcc,12950,"Monuments, Sites & Material Remains",Archaeology,CC710,,,False
lcc,12946,Theory & Method,Archaeology,CC72,,,False
lcc,12946,Theory & Method,Archaeology,CC72.4,,,False
lcc,12946,Theory & Method,Archaeology,CC72.7,,,False
lcc,12946,Theory & Method,Archaeology,CC76.4,,,False
lcc,12946,Theory & Method,Archaeology,CC77.5,,,False
lcc,12946,Theory & Method,Archaeology,CC78.3,,,False
lcc,12946,Theory & Method,Archaeology,CC78.6,,,False
lcc,12946,Theory & Method,Archaeology,CC78.7,,,False
lcc,12946,Theory & Method,Archaeology,CC78.8,,,False
lcc,12946,Theory & Method,Archaeology,CC79.3,,,False
lcc,12946,Theory & Method,Archaeology,CC80.4,,,False
lcc,12946,Theory & Method,Archaeology,CC80.6,,,False
lcc,12946,Theory & Method,Archaeology,CC81,,,False
lcc,12946,Theory & Method,Archaeology,CC81.5,,,False
lcc,12946,Theory & Method,Archaeology,CC82.3,,,False
lcc,12946,Theory & Method,Archaeology,CC82.6,,,False
lcc,12946,Theory & Method,Archaeology,CC82.8,,,False
lcc,12946,Theory & Method,Archaeology,CC83,,,False
lcc,12950,"Monuments, Sites & Material Remains",Archaeology,CC960,,,False
lcc,3685,Technical Chronology & Calendars,Auxiliary Sciences,CE,Technical Chronology & Calendars,,False
lcc,3675,Numismatics,Auxiliary Sciences,CJ,Numismatics,,False
lcc,3675,Numismatics,Auxiliary Sciences,CJ101,,,False
lcc,3675,Numismatics,Auxiliary Sciences,CJ113,,,False
lcc,3675,Numismatics,Auxiliary Sciences,CJ115,,,False
lcc,3675,Numismatics,Auxiliary Sciences,CJ117,,,False
lcc,3675,Numismatics,Auxiliary Sciences,CJ1247,,,False
lcc,3675,Numismatics,Auxiliary Sciences,CJ1249,,,False
lcc,3675,Numismatics,Auxiliary Sciences,CJ1251,,,False
lcc,3675,Numismatics,Auxiliary Sciences,CJ1259,,,False
lcc,3675,Numismatics,Auxiliary Sciences,CJ1271,,,False
lcc,3675,Numismatics,Auxiliary Sciences,CJ1281,,,False
lcc,3675,Numismatics,Auxiliary Sciences,CJ1283,,,False
lcc,3675,Numismatics,Auxiliary Sciences,CJ129,,,False
lcc,3675,Numismatics,Auxiliary Sciences,CJ1323,,,False
lcc,3675,Numismatics,Auxiliary Sciences,CJ1325,,,False
lcc,3675,Numismatics,Auxiliary Sciences,CJ1327,,,False
lcc,3675,Numismatics,Auxiliary Sciences,CJ1335,,,False
lcc,3675,Numismatics,Auxiliary Sciences,CJ1339,,,False
lcc,3675,Numismatics,Auxiliary Sciences,CJ151,,,False
lcc,3675,Numismatics,Auxiliary Sciences,CJ1545,,,False
lcc,3675,Numismatics,Auxiliary Sciences,CJ1546,,,False
lcc,3675,Numismatics,Auxiliary Sciences,CJ1547,,,False
lcc,3675,Numismatics,Auxiliary Sciences,CJ1559,,,False
lcc,3675,Numismatics,Auxiliary Sciences,CJ1575,,,False
lcc,3675,Numismatics,Auxiliary Sciences,CJ1619,,,False
lcc,3675,Numismatics,Auxiliary Sciences,CJ1620,,,False
lcc,3675,Numismatics,Auxiliary Sciences,CJ1621,,,False
lcc,3675,Numismatics,Auxiliary Sciences,CJ1627,,,False
lcc,3675,Numismatics,Auxiliary Sciences,CJ1637,,,False
lcc,3675,Numismatics,Auxiliary Sciences,CJ1661,,,False
lcc,3675,Numismatics,Auxiliary Sciences,CJ1663,,,False
lcc,3675,Numismatics,Auxiliary Sciences,CJ1664,,,False
lcc,3675,Numismatics,Auxiliary Sciences,CJ1665,,,False
lcc,3675,Numismatics,Auxiliary Sciences,CJ1667,,,False
lcc,3675,Numismatics,Auxiliary Sciences,CJ1669,,,False
lcc,3675,Numismatics,Auxiliary Sciences,CJ1671,,,False
lcc,3675,Numismatics,Auxiliary Sciences,CJ1673,,,False
lcc,3675,Numismatics,Auxiliary Sciences,CJ1693,,,False
lcc,3675,Numismatics,Auxiliary Sciences,CJ1695,,,False
lcc,3675,Numismatics,Auxiliary Sciences,CJ1697,,,False
lcc,3675,Numismatics,Auxiliary Sciences,CJ1739,,,False
lcc,3675,Numismatics,Auxiliary Sciences,CJ1741,,,False
lcc,3675,Numismatics,Auxiliary Sciences,CJ1743,,,False
lcc,3675,Numismatics,Auxiliary Sciences,CJ1749,,,False
lcc,3675,Numismatics,Auxiliary Sciences,CJ1751,,,False
lcc,3675,Numismatics,Auxiliary Sciences,CJ1753,,,False
lcc,3675,Numismatics,Auxiliary Sciences,CJ1755,,,False
lcc,3675,Numismatics,Auxiliary Sciences,CJ1756,,,False
lcc,3675,Numismatics,Auxiliary Sciences,CJ223,,,False
lcc,3675,Numismatics,Auxiliary Sciences,CJ255,,,False
lcc,3675,Numismatics,Auxiliary Sciences,CJ265,,,False
lcc,3675,Numismatics,Auxiliary Sciences,CJ27,,,False
lcc,3675,Numismatics,Auxiliary Sciences,CJ323,,,False
lcc,3675,Numismatics,Auxiliary Sciences,CJ357,,,False
lcc,3675,Numismatics,Auxiliary Sciences,CJ359,,,False
lcc,3675,Numismatics,Auxiliary Sciences,CJ361,,,False
lcc,3675,Numismatics,Auxiliary Sciences,CJ373,,,False
lcc,3675,Numismatics,Auxiliary Sciences,CJ385,,,False
lcc,3675,Numismatics,Auxiliary Sciences,CJ413,,,False
lcc,3675,Numismatics,Auxiliary Sciences,CJ4801,,,False
lcc,3675,Numismatics,Auxiliary Sciences,CJ4809,,,False
lcc,3675,Numismatics,Auxiliary Sciences,CJ4813,,,False
lcc,3675,Numismatics,Auxiliary Sciences,CJ4815,,,False
lcc,3675,Numismatics,Auxiliary Sciences,CJ4819,,,False
lcc,3675,Numismatics,Auxiliary Sciences,CJ4863,,,False
lcc,3675,Numismatics,Auxiliary Sciences,CJ4865,,,False
lcc,3675,Numismatics,Auxiliary Sciences,CJ4873,,,False
lcc,3675,Numismatics,Auxiliary Sciences,CJ4877,,,False
lcc,3675,Numismatics,Auxiliary Sciences,CJ4883,,,False
lcc,3675,Numismatics,Auxiliary Sciences,CJ4885,,,False
lcc,3675,Numismatics,Auxiliary Sciences,CJ4887,,,False
lcc,3675,Numismatics,Auxiliary Sciences,CJ4889,,,False
lcc,3675,Numismatics,Auxiliary Sciences,CJ53,,,False
lcc,3675,Numismatics,Auxiliary Sciences,CJ5350,,,False
lcc,3675,Numismatics,Auxiliary Sciences,CJ5450,,,False
lcc,3675,Numismatics,Auxiliary Sciences,CJ55,,,False
lcc,3675,Numismatics,Auxiliary Sciences,CJ5501,,,False
lcc,3675,Numismatics,Auxiliary Sciences,CJ5502,,,False
lcc,3675,Numismatics,Auxiliary Sciences,CJ5519,,,False
lcc,3675,Numismatics,Auxiliary Sciences,CJ5521,,,False
lcc,3675,Numismatics,Auxiliary Sciences,CJ5525,,,False
lcc,3675,Numismatics,Auxiliary Sciences,CJ5535,,,False
lcc,3675,Numismatics,Auxiliary Sciences,CJ5543,,,False
lcc,3675,Numismatics,Auxiliary Sciences,CJ5549,,,False
lcc,3675,Numismatics,Auxiliary Sciences,CJ5557,,,False
lcc,3675,Numismatics,Auxiliary Sciences,CJ5569,,,False
lcc,3675,Numismatics,Auxiliary Sciences,CJ5615,,,False
lcc,3675,Numismatics,Auxiliary Sciences,CJ5625,,,False
lcc,3675,Numismatics,Auxiliary Sciences,CJ5675,,,False
lcc,3675,Numismatics,Auxiliary Sciences,CJ5737,,,False
lcc,3675,Numismatics,Auxiliary Sciences,CJ5751,,,False
lcc,3675,Numismatics,Auxiliary Sciences,CJ5769,,,False
lcc,3675,Numismatics,Auxiliary Sciences,CJ5770,,,False
lcc,3675,Numismatics,Auxiliary Sciences,CJ5771,,,False
lcc,3675,Numismatics,Auxiliary Sciences,CJ5777,,,False
lcc,3675,Numismatics,Auxiliary Sciences,CJ5778,,,False
lcc,3675,Numismatics,Auxiliary Sciences,CJ5779,,,False
lcc,3675,Numismatics,Auxiliary Sciences,CJ5780,,,False
lcc,3675,Numismatics,Auxiliary Sciences,CJ63,,,False
lcc,3675,Numismatics,Auxiliary Sciences,CJ81,,,False
lcc,3675,Numismatics,Auxiliary Sciences,CJ823,,,False
lcc,3675,Numismatics,Auxiliary Sciences,CJ849,,,False
lcc,3675,Numismatics,Auxiliary Sciences,CJ851,,,False
lcc,3675,Numismatics,Auxiliary Sciences,CJ855,,,False
lcc,3675,Numismatics,Auxiliary Sciences,CJ856,,,False
lcc,3675,Numismatics,Auxiliary Sciences,CJ857,,,False
lcc,3675,Numismatics,Auxiliary Sciences,CJ865,,,False
lcc,3675,Numismatics,Auxiliary Sciences,CJ885,,,False
lcc,3675,Numismatics,Auxiliary Sciences,CJ89,,,False
lcc,3675,Numismatics,Auxiliary Sciences,CJ925,,,False
lcc,3675,Numismatics,Auxiliary Sciences,CJ937,,,False
lcc,3675,Numismatics,Auxiliary Sciences,CJ943,,,False
lcc,3675,Numismatics,Auxiliary Sciences,CJ985,,,False
lcc,3675,Numismatics,Auxiliary Sciences,CJ987,,,False
lcc,3628,Inscriptions & Epigraphy,Auxiliary Sciences,CN,Inscriptions & Epigraphy,,False
lcc,3628,Inscriptions & Epigraphy,Auxiliary Sciences,CN120,,,False
lcc,3628,Inscriptions & Epigraphy,Auxiliary Sciences,CN120-CN741.22,,,False
lcc,3628,Inscriptions & Epigraphy,Auxiliary Sciences,CN130-CN135.26,,,False
lcc,3628,Inscriptions & Epigraphy,Auxiliary Sciences,CN339.2-CN740,,,False
lcc,3628,Inscriptions & Epigraphy,Auxiliary Sciences,CN350-CN455,,,False
lcc,3628,Inscriptions & Epigraphy,Auxiliary Sciences,CN362,,,False
lcc,3628,Inscriptions & Epigraphy,Auxiliary Sciences,CN365-CN367,,,False
lcc,3628,Inscriptions & Epigraphy,Auxiliary Sciences,CN365-CN375,,,False
lcc,3628,Inscriptions & Epigraphy,Auxiliary Sciences,CN368,,,False
lcc,3628,Inscriptions & Epigraphy,Auxiliary Sciences,CN370,,,False
lcc,3628,Inscriptions & Epigraphy,Auxiliary Sciences,CN373,,,False
lcc,3628,Inscriptions & Epigraphy,Auxiliary Sciences,CN40-CN42,,,False
lcc,3628,Inscriptions & Epigraphy,Auxiliary Sciences,CN41,,,False
lcc,3628,Inscriptions & Epigraphy,Auxiliary Sciences,CN42,,,False
lcc,3628,Inscriptions & Epigraphy,Auxiliary Sciences,CN44-CN46,,,False
lcc,3628,Inscriptions & Epigraphy,Auxiliary Sciences,CN46,,,False
lcc,3628,Inscriptions & Epigraphy,Auxiliary Sciences,CN460-CN499,,,False
lcc,3628,Inscriptions & Epigraphy,Auxiliary Sciences,CN470-CN473,,,False
lcc,3628,Inscriptions & Epigraphy,Auxiliary Sciences,CN472-CN473,,,False
lcc,3628,Inscriptions & Epigraphy,Auxiliary Sciences,CN473,,,False
lcc,3628,Inscriptions & Epigraphy,Auxiliary Sciences,CN475,,,False
lcc,3628,Inscriptions & Epigraphy,Auxiliary Sciences,CN477,,,False
lcc,3628,Inscriptions & Epigraphy,Auxiliary Sciences,CN479,,,False
lcc,3628,Inscriptions & Epigraphy,Auxiliary Sciences,CN480-CN499,,,False
lcc,3628,Inscriptions & Epigraphy,Auxiliary Sciences,CN483-CN486.2,,,False
lcc,3628,Inscriptions & Epigraphy,Auxiliary Sciences,CN484,,,False
lcc,3628,Inscriptions & Epigraphy,Auxiliary Sciences,CN485-CN486.2,,,False
lcc,3628,Inscriptions & Epigraphy,Auxiliary Sciences,CN487-CN494,,,False
lcc,3628,Inscriptions & Epigraphy,Auxiliary Sciences,CN488,,,False
lcc,3628,Inscriptions & Epigraphy,Auxiliary Sciences,CN489,,,False
lcc,3628,Inscriptions & Epigraphy,Auxiliary Sciences,CN490,,,False
lcc,3628,Inscriptions & Epigraphy,Auxiliary Sciences,CN491,,,False
lcc,3628,Inscriptions & Epigraphy,Auxiliary Sciences,CN492,,,False
lcc,3628,Inscriptions & Epigraphy,Auxiliary Sciences,CN493,,,False
lcc,3628,Inscriptions & Epigraphy,Auxiliary Sciences,CN494,,,False
lcc,3628,Inscriptions & Epigraphy,Auxiliary Sciences,CN495,,,False
lcc,3628,Inscriptions & Epigraphy,Auxiliary Sciences,CN496,,,False
lcc,3628,Inscriptions & Epigraphy,Auxiliary Sciences,CN496.5,,,False
lcc,3628,Inscriptions & Epigraphy,Auxiliary Sciences,CN498,,,False
lcc,3628,Inscriptions & Epigraphy,Auxiliary Sciences,CN498.5,,,False
lcc,3628,Inscriptions & Epigraphy,Auxiliary Sciences,CN499,,,False
lcc,3628,Inscriptions & Epigraphy,Auxiliary Sciences,CN510-CN740,,,False
lcc,3628,Inscriptions & Epigraphy,Auxiliary Sciences,CN521,,,False
lcc,3628,Inscriptions & Epigraphy,Auxiliary Sciences,CN523,,,False
lcc,3628,Inscriptions & Epigraphy,Auxiliary Sciences,CN523-CN528,,,False
lcc,3628,Inscriptions & Epigraphy,Auxiliary Sciences,CN525,,,False
lcc,3628,Inscriptions & Epigraphy,Auxiliary Sciences,CN527,,,False
lcc,3628,Inscriptions & Epigraphy,Auxiliary Sciences,CN55,,,False
lcc,3628,Inscriptions & Epigraphy,Auxiliary Sciences,CN731.2,,,False
lcc,3628,Inscriptions & Epigraphy,Auxiliary Sciences,CN740,,,False
lcc,3628,Inscriptions & Epigraphy,Auxiliary Sciences,CN745,,,False
lcc,3628,Inscriptions & Epigraphy,Auxiliary Sciences,CN750,,,False
lcc,3628,Inscriptions & Epigraphy,Auxiliary Sciences,CN750-CN753,,,False
lcc,3628,Inscriptions & Epigraphy,Auxiliary Sciences,CN755,,,False
lcc,3628,Inscriptions & Epigraphy,Auxiliary Sciences,CN760,,,False
lcc,3628,Inscriptions & Epigraphy,Auxiliary Sciences,CN804.2-CN865,,,False
lcc,3628,Inscriptions & Epigraphy,Auxiliary Sciences,CN805,,,False
lcc,3628,Inscriptions & Epigraphy,Auxiliary Sciences,CN805-CN865,,,False
lcc,3628,Inscriptions & Epigraphy,Auxiliary Sciences,CN810,,,False
lcc,3628,Inscriptions & Epigraphy,Auxiliary Sciences,CN815-CN835,,,False
lcc,3628,Inscriptions & Epigraphy,Auxiliary Sciences,CN820,,,False
lcc,3628,Inscriptions & Epigraphy,Auxiliary Sciences,CN825,,,False
lcc,3628,Inscriptions & Epigraphy,Auxiliary Sciences,CN830,,,False
lcc,3628,Inscriptions & Epigraphy,Auxiliary Sciences,CN833,,,False
lcc,3628,Inscriptions & Epigraphy,Auxiliary Sciences,CN835,,,False
lcc,3628,Inscriptions & Epigraphy,Auxiliary Sciences,CN845-CN865,,,False
lcc,3628,Inscriptions & Epigraphy,Auxiliary Sciences,CN850,,,False
lcc,3628,Inscriptions & Epigraphy,Auxiliary Sciences,CN855,,,False
lcc,3628,Inscriptions & Epigraphy,Auxiliary Sciences,CN860,,,False
lcc,3628,Inscriptions & Epigraphy,Auxiliary Sciences,CN865,,,False
lcc,3628,Inscriptions & Epigraphy,Auxiliary Sciences,CN99,,,False
lcc,10609,European Integration,"Postwar Europe, 1945–Present",D1060,,,False
lcc,10437,9th-10th centuries,Early to 10th century,D123,,,False
lcc,10486,Social life & customs,Medieval,D127,,,False
lcc,10751,Military & naval,Medieval,D128,,,False
lcc,10339,The medieval city,Politics & Institutions,D134,,,False
lcc,10740,Goths. Visigoths,Migrations,D137,,,False
lcc,10680,Vandals,Migrations,D139,,,False
lcc,10707,Lombards,Migrations,D145,,,False
lcc,10356,Slavs,Migrations,D147,,,False
lcc,10745,Normans,Migrations,D148,,,False
lcc,10390,Profession,World,D16.19,,,False
lcc,10757,"Chronicles & Writings, Pre-1525",General,D17,,,False
lcc,10643,In the west,Crusades,D173,,,False
lcc,10285,"Chronicles, 1525–1800",General,D18,,,False
lcc,10361,"Post-Cold War Europe, 1989–Present",By Era,D2010,,,False
lcc,10361,"Post-Cold War Europe, 1989–Present",By Era,D2010.5.A78,,,False
lcc,10361,"Post-Cold War Europe, 1989–Present",By Era,D2010.5.U6,,,False
lcc,10346,15th century,13th-15th centuries,D203,,,False
lcc,3666,Modern,Eras | World,D203.2-D475,,,False
lcc,10634,Multinational,General,D22,,,False
lcc,10520,Comic & satirical works,General,D23.5,,,False
lcc,10630,World Events,General,D24,,,False
lcc,10300,Military,World,D27,,,False
lcc,10248,"Seven Years’ War, 1756–1763",18th Century,D297,,,False
lcc,10246,"Europe, 1801–1914",19th Century,D359,,,False
lcc,10250,Military,19th Century,D361,,,False
lcc,10250,Military,19th Century,D362,,,False
lcc,10234,Political & Diplomatic,19th Century,D363,,,False
lcc,10264,19th Century,Eastern Question,D374,,,False
lcc,10264,19th Century,Eastern Question,D375,,,False
lcc,10255,"Conference of Berlin, 1878",19th Century,D375.3,,,False
lcc,10259,"Vienna Settlement, 1815–1830",19th Century,D383,,,False
lcc,10240,Revolutions of 1848,1830–1848,D387,,,False
lcc,10235,Military,Later 19th Century,D396,,,False
lcc,10239,Political & Diplomatic,Later 19th Century,D397,,,False
lcc,8517,Museums & Exhibitions,World War I,D503,,,False
lcc,6331,Congresses & Conferences,World War I,D504,,,False
lcc,7285,WWI Sources,World War I,D505,,,False
lcc,10550,Austrian WWI Origins,Causes & Aims,D512,,,False
lcc,10474,German WWI Origins,Causes & Aims,D515,,,False
lcc,10628,French WWI Origins,Causes & Aims,D516,,,False
lcc,10733,British WWI Origins,Causes & Aims,D517,,,False
lcc,8726,WWI Illustrated Works,World War I,D522,,,False
lcc,6793,Motion pictures about the war,World War I,D522.23,,,False
lcc,7929,Posters,World War I,D522.25,,,False
lcc,7971,Collectibles,World War I,D522.27,,,False
lcc,7013,"WWI Ethics, Religion & Prophecy",World War I,D524,,,False
lcc,9886,WWI Psychological Effects,World War I,D524.5,,,False
lcc,8040,WWI Pamphlets & Speeches,World War I,D525,,,False
lcc,10748,British WWI,World War I,D526.2,,,False
lcc,10547,French WWI,World War I,D526.3,,,False
lcc,10010,Guides to the battlefields,World War I,D528,,,False
lcc,8504,WWI Mobilization,World War I,D528.5,,,False
lcc,10337,Siberia,Eastern,D558,,,False
lcc,10509,Egyptian WWI,Turkey & the Near East,D568.2,,,False
lcc,10278,Dardanelles. Gallipoli,Turkey & the Near East,D568.3,,,False
lcc,10566,Arabia,Turkey & the Near East,D568.4,,,False
lcc,10331,"WWI: Mesopotamia, Kut & Assyria",Turkey & the Near East,D568.5,,,False
lcc,10414,Palestinian WWI,Turkey & the Near East,D568.7,,,False
lcc,10526,Persia. Iran,Turkey & the Near East,D568.8,,,False
lcc,10427,Works by classical historians,Ancient,D58,,,False
lcc,10510,Russian WWI Naval Operations,Naval operations,D585,,,False
lcc,10395,Italian WWI Naval Operations,Naval operations,D588,,,False
lcc,10573,British WWI Air Operations,Aerial operations,D602,,,False
lcc,10365,French WWI Air Operations,Aerial operations,D603,,,False
lcc,10727,German WWI Air Operations,Aerial operations,D604,,,False
lcc,10338,Russian WWI Air Operations,Aerial operations,D605,,,False
lcc,10335,U.S. WWI Air Operations,Aerial operations,D606,,,False
lcc,9122,Engineering operations,World War I,D607.3,,,False
lcc,7491,Tank operations,World War I,D608,,,False
lcc,8265,"Armistice of Compiègne, 1918",World War I,D641,,,False
lcc,10370,Celtic Antiquities,Earliest,D70,,,False
lcc,6665,Essays,"Interwar Period, 1919–1939",D725,,,False
lcc,7674,Fascism,European Bibliography | Interwar European Society,D726.5,,,False
lcc,9093,Interwar European Society,"Interwar Period, 1919–1939",D726.6.A2,,,False
lcc,9104,Political & Diplomatic,"Interwar Period, 1919–1939",D727,,,False
lcc,10444,Motion pictures about the war,World War II,D743.23,,,False
lcc,10292,Collectibles,World War II,D743.27,,,False
lcc,10645,WWII Psychological Effects,World War II,D744.55,,,False
lcc,10531,English-Language WWII Satire,Satire & Caricature,D745.2,,,False
lcc,10482,Guides to the battlefields,World War II,D747,,,False
lcc,10454,September 1939–May 1940,Military Operations,D755.1,,,False
lcc,10471,1940,Military Operations,D755.2,,,False
lcc,10599,1941,Military Operations,D755.3,,,False
lcc,10708,1942,Military Operations,D755.4,,,False
lcc,10768,1944,Military Operations,D755.6,,,False
lcc,10327,VE Day to VJ Day,1945,D755.8,,,False
lcc,10737,Russo-German,Naval operations,D772.3,,,False
lcc,10545,British WWII Air Operations,Aerial operations,D786,,,False
lcc,10672,German WWII Air Operations,Aerial operations,D787,,,False
lcc,10323,French WWII Air Operations,Aerial operations,D788,,,False
lcc,10610,Tank operations,World War II,D793,,,False
lcc,10297,Commando operations,World War II,D794.5,,,False
lcc,10671,WWII Economics & Finance,World War II,D800,,,False
lcc,3695,World War II,20th Century | World Wars,D804.13,,,False
lcc,10731,Holocaust,World War II,D804.177,,,False
lcc,10731,Holocaust,World War II,D804.348,,,False
lcc,10631,Denial literature,Holocaust,D804.35,,,False
lcc,10555,Denial & Criticism,Holocaust,D804.355,,,False
lcc,10685,Women,Special groups of Jewish victims,D804.47,,,False
lcc,10739,Children,Special groups of Jewish victims,D804.48,,,False
lcc,10371,Special groups of Jewish victims,Holocaust,D804.49,,,False
lcc,10697,Japanese WWII,Treaties with Axis powers,D814.8,,,False
lcc,8015,Congresses & Conferences,Post-war 1945-,D839.2,,,False
lcc,9698,Post-1945 Historical Sources,Post-war 1945-,D839.3,,,False
lcc,7591,Post-1945 Military,Post-war 1945-,D842.2,,,False
lcc,7591,Post-1945 Military,Post-war 1945-,D842.3,,,False
lcc,10262,NATO,Political & Diplomatic,D845,,,False
lcc,10262,NATO,Political & Diplomatic,D845.2,,,False
lcc,10260,Soviet Bloc,Political & Diplomatic,D847,,,False
lcc,10254,Warsaw Pact,Soviet Bloc,D847.2,,,False
lcc,10274,Soviet Bloc,Political & Diplomatic,D850,,,False
lcc,10249,Social & Intellectual,1989-,D857,,,False
lcc,10256,Military,1989-,D858,,,False
lcc,10247,Political & Diplomatic,1989-,D860,,,False
lcc,10613,21st-Century Military,21st century,D862.5,,,False
lcc,10613,21st-Century Military,21st century,D862.7,,,False
lcc,10687,21st-Century Political,21st century,D863,,,False
lcc,10375,21st-Century Diplomatic,21st century,D863.3,,,False
lcc,3521,British Isles,West,DA,British Isles,,False
lcc,3566,English,British Isles,DA30,,,False
lcc,3566,English,British Isles,DA35,,,False
lcc,10099,17th century,By Period,DA385-DA398,,,False
lcc,10099,17th century,By Period,DA400-DA429,,,False
lcc,10099,17th century,By Period,DA430-DA463,,,False
lcc,13658,Counties & Regions,Local,DA670,,,False
lcc,51414,Cotswold Hills,Counties & Regions,DA670.C83,,,False
lcc,51815,Biographies,Welsh,DA710,,,False
lcc,51816,Antiquities,Welsh,DA711,,,False
lcc,51817,Social & Cultural,Welsh,DA711.5,,,False
lcc,51818,Ethnography,Welsh,DA712,,,False
lcc,3534,Welsh,British Isles,DA714,,,False
lcc,10601,Early & medieval Wales,By Period,DA715,,,False
lcc,10601,Early & medieval Wales,By Period,DA716.A1,,,False
lcc,10601,Early & medieval Wales,By Period,DA716.G5,,,False
lcc,51819,Glamorgan,Local,DA740.G5,,,False
lcc,51820,Pembrokeshire,Local,DA740.P3,,,False
lcc,51821,Snowdonia,Local,DA740.S6,,,False
lcc,51822,Cardiff,Local,DA745.C2,,,False
lcc,3530,Scottish,British Isles,DA760,,,False
lcc,3530,Scottish,British Isles,DA763,,,False
lcc,51602,Political & Foreign Relations,Scottish,DA765,,,False
lcc,54664,Military & Naval,Scottish,DA767,,,False
lcc,51603,Antiquities,Scottish,DA770,,,False
lcc,51604,Social & Cultural,Scottish,DA772,,,False
lcc,51605,Ethnography,Scottish,DA774,,,False
lcc,51606,Scots Abroad,Scottish,DA774.5,,,False
lcc,51609,Hebrides,Local,DA880.H4,,,False
lcc,51611,Shetland Islands,Local,DA880.S5,,,False
lcc,51614,Aberdeen,Local,DA890.A2,,,False
lcc,3606,Irish,British Isles,DA910,,,False
lcc,3606,Irish,British Isles,DA912,,,False
lcc,3606,Irish,British Isles,DA913,,,False
lcc,51587,Antiquities,Irish,DA920,,,False
lcc,51588,Social & Cultural,Irish,DA925,,,False
lcc,51589,Ethnography,Irish,DA927,,,False
lcc,51583,Belfast,Local,DA995.B5,,,False
lcc,51584,Cork,Local,DA995.C7,,,False
lcc,51585,Limerick,Local,DA995.L7,,,False
lcc,51586,Derry,Local,DA995.L75,,,False
lcc,3552,Central,European,DAW,Central Europe,,False
lcc,10378,Early & medieval to 1500,By Era,DAW1046,,,False
lcc,10568,"Early Modern Era, 1500–1815",By Era,DAW1047,,,False
lcc,10470,"Long 19th Century, 1815–1918",By Era,DAW1048,,,False
lcc,10540,"Interwar & WWII, 1918–1945",By Era,DAW1049,,,False
lcc,10719,"Cold War Era, 1945–1989",By Era,DAW1050,,,False
lcc,10529,"Post-Communism, 1989–Present",By Era,DAW1051,,,False
lcc,3552,Central,European,DB,Central Europe,,False
lcc,3552,Central,European,DB1091,,,False
lcc,3538,Czechoslovak,Central,DB2061,,,False
lcc,3538,Czechoslovak,Central,DB2062,,,False
lcc,3538,Czechoslovak,Central,DB2063,,,False
lcc,10736,"Munich Crisis, 1938","Union & Republic, 1918–1993",DB2202,,,False
lcc,10353,"Velvet Revolution, 1989","Union & Republic, 1918–1993",DB2233,,,False
lcc,3552,Central,European,DB2700,,,False
lcc,3552,Central,European,DB2701,,,False
lcc,3552,Central,European,DB2702,,,False
lcc,3552,Central,European,DB2702.A,,,False
lcc,3552,Central,European,DB2702.Z,,,False
lcc,3552,Central,European,DB2703,,,False
lcc,3552,Central,European,DB2704,,,False
lcc,3552,Central,European,DB2705,,,False
lcc,3552,Central,European,DB2706,,,False
lcc,3552,Central,European,DB2709,,,False
lcc,3552,Central,European,DB2711,,,False
lcc,3552,Central,European,DB2712,,,False
lcc,3552,Central,European,DB2713,,,False
lcc,3552,Central,European,DB2718,,,False
lcc,3552,Central,European,DB2719,,,False
lcc,3552,Central,European,DB2720,,,False
lcc,3552,Central,European,DB2721,,,False
lcc,3552,Central,European,DB2722,,,False
lcc,3540,Slovak,Central,DB2761,,,False
lcc,3540,Slovak,Central,DB2762,,,False
lcc,3540,Slovak,Central,DB2763,,,False
lcc,10551,"Democratic Transition, 1989–1992",By Period,DB2844,,,False
lcc,3552,Central,European,DB2850,,,False
lcc,3552,Central,European,DB2850.A,,,False
lcc,3552,Central,European,DB2850.Z,,,False
lcc,51726,Tatra Mountains,Local,DB3000.T37,,,False
lcc,51725,Košice,Local,DB3150.K67,,,False
lcc,3537,Austrian,Central,DB37,,,False
lcc,3537,Austrian,Central,DB38,,,False
lcc,3537,Austrian,Central,DB39,,,False
lcc,3537,Austrian,Central,DB40,,,False
lcc,54803,Military & Naval,Austrian,DB45,,,False
lcc,11558,19th Century,By Period,DB82.5,,,False
lcc,10107,Revolution of 1848,By Period,DB83,,,False
lcc,3552,Central,European,DB879,,,False
lcc,51598,Empress Elisabeth of Austria,By Period,DB88,,,False
lcc,52002,Antiquities,Liechtenstein,DB889,,,False
lcc,51599,Archduke Franz Ferdinand,By Period,DB89.F7,,,False
lcc,51600,Crown Prince Rudolf,By Period,DB89.R8,,,False
lcc,52000,Liechtenstein,Central,DB891,,,False
lcc,3539,Hungarian,Central,DB924,,,False
lcc,3539,Hungarian,Central,DB925,,,False
lcc,3539,Hungarian,Central,DB925.1,,,False
lcc,3539,Hungarian,Central,DB925.3,,,False
lcc,54811,Military & Naval,Hungarian,DB925.5,,,False
lcc,10284,"Early Ottoman Rule, 1526–1606","Ottoman & Habsburg Rule, 1526–1711",DB932.28,,,False
lcc,10600,"Early National Period, 1792–1825",By Period,DB933.5,,,False
lcc,10693,"Reform Era, 1825–1848",By Period,DB934,,,False
lcc,3539,Hungarian,Central,DB938-DB939,,,False
lcc,10706,"Neo-Absolutism, 1849–1867",By Period,DB943,,,False
lcc,10765,"Dual Monarchy, 1867–1918",By Period,DB945,,,False
lcc,51617,"Hungarian Society & Culture, 20th C.",20th-Century,DB949.2,,,False
lcc,10765,"Dual Monarchy, 1867–1918",By Period,DB953,,,False
lcc,10684,"Revolutions, 1918–1920",By Period,DB955.7,,,False
lcc,10512,"World War II, 1939–1945",By Period,DB955.8,,,False
lcc,3539,Hungarian,Central,DB984-DB984.4,,,False
lcc,3539,Hungarian,Central,DB988.3-DB988.5,,,False
lcc,10147,"Anschluss, 1938–1945",By Period,DB99,,,False
lcc,10210,"Allied Occupation, 1945–1955",By Period,DB99.1,,,False
lcc,10212,"Second Republic, 1955–Present",By Period,DB99.2,,,False
lcc,3539,Hungarian,Central,DB993-DB993.2,,,False
lcc,3539,Hungarian,Central,DB993.5-DB993.7,,,False
lcc,3539,Hungarian,Central,DB994-DB994.2,,,False
lcc,3539,Hungarian,Central,DB995-DB995.2,,,False
lcc,3539,Hungarian,Central,DB996-DB997,,,False
lcc,3552,Central,European,DB9992,,,False
lcc,3523,French,West,DC,France,,True
lcc,3523,French,West,DC37,,,False
lcc,3523,French,West,DC38,,,False
lcc,3523,French,West,DC39,,,False
lcc,11463,"Occupation & Liberation, 1940–1946",By Period,DC397,,,False
lcc,3523,French,West,DC40,,,False
lcc,11465,"Fifth Republic, 1958–Present",By Period,DC424,,,False
lcc,51031,Political & Foreign Relations,French,DC55,,,False
lcc,51031,Political & Foreign Relations,French,DC56,,,False
lcc,51031,Political & Foreign Relations,French,DC57,,,False
lcc,51031,Political & Foreign Relations,French,DC58,,,False
lcc,51031,Political & Foreign Relations,French,DC59,,,False
lcc,11455,Frankish Period,Early & Medieval,DC64,,,False
lcc,51995,Early Andorra,Andorran,DC926,,,False
lcc,51996,Medieval & Early Modern Andorra,By Period,DC927,,,False
lcc,51997,Modern Andorra,Andorran,DC928,,,False
lcc,3554,Andorran,Iberia,DC932.C35,,,False
lcc,3554,Andorran,Iberia,DC932.S35,,,False
lcc,3524,German,Central,DD,Germany,,True
lcc,54799,Military & Naval,German,DD106,,,False
lcc,10218,"Thirty Years’ War, 1618–1648","Early Modern, 1519–1815",DD189,,,False
lcc,11560,"Late DDR, 1971–1990","Democratic Republic, 1949–1990",DD289,,,False
lcc,11449,Rhineland,Local,DD801.R682,,,False
lcc,3524,German,Central,DD87,,,False
lcc,3524,German,Central,DD88,,,False
lcc,3524,German,Central,DD89,,,False
lcc,3524,German,Central,DD90,,,False
lcc,3604,Greco-Roman,South,DE,History of the Greco-Roman world,,False
lcc,10100,1945-,Greco-Roman,DE100,,,False
lcc,10690,Political & Diplomatic,Era to 476,DE89,,,False
lcc,10167,476-1517,Greco-Roman,DE94,,,False
lcc,10139,1517-1789,Greco-Roman,DE96,,,False
lcc,10231,1815-1914,Greco-Roman,DE97,,,False
lcc,3535,Greek,South,DF,Greece,,True
lcc,3535,Greek,South,DF645,,,False
lcc,3535,Greek,South,DF645-DF647,,,False
lcc,3535,Greek,South,DF645-DF649,,,False
lcc,3535,Greek,South,DF649,,,False
lcc,52316,Greek Historical Geography & Monuments,Modern,DF715,,,False
lcc,52316,Greek Historical Geography & Monuments,Modern,DF719,,,False
lcc,52316,Greek Historical Geography & Monuments,Modern,DF720,,,False
lcc,52314,Social & Cultural,Modern,DF741,,,False
lcc,52318,Greek Diaspora,Modern,DF748,,,False
lcc,3568,Modern,Greek,DF757,,,False
lcc,3568,Modern,Greek,DF758,,,False
lcc,3568,Modern,Greek,DF759,,,False
lcc,3568,Modern,Greek,DF760,,,False
lcc,52317,Military & Naval,Modern,DF765,,,False
lcc,52317,Military & Naval,Modern,DF775,,,False
lcc,3568,Modern,Greek,DF802,,,False
lcc,51546,"Greece, 1821–1913",By Period,DF803,,,False
lcc,52317,Military & Naval,Modern,DF807,,,False
lcc,52317,Military & Naval,Modern,DF809,,,False
lcc,51547,Greece since 1913,By Period,DF833,,,False
lcc,10156,"Second Republic, 1924–1935",By Period,DF848,,,False
lcc,52315,Aegean Islands,Local,DF895,,,False
lcc,3607,Italian,South,DG,Italy,,True
lcc,13622,Roman Reference,"Ancient Era, to 476",DG11,,,False
lcc,13622,Roman Reference,"Ancient Era, to 476",DG12,,,False
lcc,13622,Roman Reference,"Ancient Era, to 476",DG12.5,,,False
lcc,13622,Roman Reference,"Ancient Era, to 476",DG13,,,False
lcc,13622,Roman Reference,"Ancient Era, to 476",DG16,,,False
lcc,13626,Ethnography,"Ancient Era, to 476",DG190,,,False
lcc,13622,Roman Reference,"Ancient Era, to 476",DG202,,,False
lcc,3607,Italian,South,DG538,,,False
lcc,3607,Italian,South,DG6,,,False
lcc,52024,Papal States Antiquities,"Papal States, Holy See & Vatican",DG795,,,False
lcc,52026,Papal States Military & Naval,"Papal States, Holy See & Vatican",DG796.5,,,False
lcc,52030,Holy See since 1870,"Papal States, Holy See & Vatican",DG799,,,False
lcc,52031,Vatican City since 1929,"Papal States, Holy See & Vatican",DG800,,,False
lcc,52048,Aosta Valley,Local,DG975.A6,,,False
lcc,52054,Arezzo,Local,DG975.A7,,,False
lcc,52052,Bari,Local,DG975.B25,,,False
lcc,52053,Basilicata,Local,DG975.B3,,,False
lcc,52046,Capri,Local,DG975.C2,,,False
lcc,52050,Emilia-Romagna,Local,DG975.E53,,,False
lcc,52049,Lazio,Local,DG975.L245,,,False
lcc,52045,Liguria,Local,DG975.L68,,,False
lcc,52042,Parma,Local,DG975.P25,,,False
lcc,52044,Perugia,Local,DG975.P4,,,False
lcc,52043,Ravenna,Local,DG975.R25,,,False
lcc,51900,Antiquities,Maltese,DG989.5,,,False
lcc,51901,Social & Cultural,Maltese,DG989.7,,,False
lcc,51903,Historical Biographies,Maltese,DG989.83,,,False
lcc,51904,Historiography,Maltese,DG989.85,,,False
lcc,3574,Maltese,South,DG990,,,False
lcc,51905,Military & Naval,Maltese,DG990.5,,,False
lcc,51905,Military & Naval,Maltese,DG990.7,,,False
lcc,51907,Political & Foreign Relations,Maltese,DG991,,,False
lcc,11527,"British Rule, 1802–1947",By Period,DG993,,,False
lcc,3520,Benelux Countries,West,DH,Benelux Countries,,False
lcc,3520,Benelux Countries,West,DH1,,,False
lcc,3520,Benelux Countries,West,DH14,,,False
lcc,10724,Roman Low Countries,Benelux by Era,DH146,,,False
lcc,3520,Benelux Countries,West,DH16,,,False
lcc,3520,Benelux Countries,West,DH18,,,False
lcc,3520,Benelux Countries,West,DH19,,,False
lcc,3520,Benelux Countries,West,DH2,,,False
lcc,3520,Benelux Countries,West,DH2.5,,,False
lcc,3520,Benelux Countries,West,DH2.5.A,,,False
lcc,3520,Benelux Countries,West,DH2.5.Z,,,False
lcc,3520,Benelux Countries,West,DH23,,,False
lcc,3520,Benelux Countries,West,DH3,,,False
lcc,3520,Benelux Countries,West,DH4,,,False
lcc,51785,Antiquities,Belgian,DH451,,,False
lcc,51786,Social & Cultural,Belgian,DH471,,,False
lcc,51788,Walloons,Ethnography,DH492.W3,,,False
lcc,3520,Benelux Countries,West,DH5,,,False
lcc,3520,Benelux Countries,West,DH51,,,False
lcc,3577,Belgian,Benelux Countries,DH517,,,False
lcc,3577,Belgian,Benelux Countries,DH521,,,False
lcc,3577,Belgian,Benelux Countries,DH523,,,False
lcc,3577,Belgian,Benelux Countries,DH527,,,False
lcc,54818,Military & Naval,Belgian,DH551,,,False
lcc,3578,Luxembourg,Benelux Countries,DH71,,,False
lcc,3520,Benelux Countries,West,DH801,,,False
lcc,3520,Benelux Countries,West,DH809.9,,,False
lcc,3520,Benelux Countries,West,DH809.9.A,,,False
lcc,3520,Benelux Countries,West,DH809.9.Z,,,False
lcc,13752,Brussels,Local,DH809.95,,,False
lcc,3520,Benelux Countries,West,DH811,,,False
lcc,51798,Antwerp,Local,DH811.A58,,,False
lcc,51799,Bruges,Local,DH811.B78,,,False
lcc,51922,Antiquities,Luxembourg,DH907.3,,,False
lcc,51923,Social/Cultural Hist.,Luxembourg,DH907.7,,,False
lcc,51924,Ethnography,Luxembourg,DH907.9,,,False
lcc,3578,Luxembourg,Benelux Countries,DH908,,,False
lcc,51926,"Early Luxembourg, to 1354",By Period,DH909,,,False
lcc,3579,Dutch,Benelux Countries,DJ,History of Netherlands (Holland),,True
lcc,3579,Dutch,Benelux Countries,DJ107,,,False
lcc,3579,Dutch,Benelux Countries,DJ109,,,False
lcc,3579,Dutch,Benelux Countries,DJ111,,,False
lcc,3579,Dutch,Benelux Countries,DJ116,,,False
lcc,54824,Military & Naval,Dutch,DJ124,,,False
lcc,11532,"Batavian Republic, 1795-1806",By Period,DJ211,,,False
lcc,51641,Rotterdam,Local,DJ411.R8,,,False
lcc,51642,Utrecht,Local,DJ411.U9,,,False
lcc,51636,Antiquities,Dutch,DJ51,,,False
lcc,51637,Social & Cultural,Dutch,DJ71,,,False
lcc,51639,Culture Abroad,Dutch,DJ81,,,False
lcc,3522,East,European,DJK,Eastern Europe,,True
lcc,10282,Avars,Early & medieval to 1500,DJK46.3,,,False
lcc,10506,Bulgars,Early & medieval to 1500,DJK46.4,,,False
lcc,10411,"Early Modern Era, 1500–1815",East,DJK47,,,False
lcc,10622,"Long 19th Century, 1815–1918",East,DJK48,,,False
lcc,10674,"Interwar & WWII, 1918–1945",20th-21st centuries,DJK49,,,False
lcc,10497,"Cold War Era, 1945–1989",20th-21st centuries,DJK50,,,False
lcc,10586,"Post-Communism, 1989–Present",20th-21st centuries,DJK51,,,False
lcc,13995,Pannonia,East,DJK77,,,False
lcc,3522,East,European,DK,Europe,,True
lcc,11572,General & Soviet Era,Russian,DK15,,,False
lcc,11572,General & Soviet Era,Russian,DK18.7,,,False
lcc,11572,General & Soviet Era,Russian,DK18.8,,,False
lcc,11572,General & Soviet Era,Russian,DK293,,,False
lcc,11572,General & Soviet Era,Russian,DK295,,,False
lcc,11572,General & Soviet Era,Russian,DK30,,,False
lcc,3595,Russian,East,DK39,,,False
lcc,3595,Russian,East,DK40,,,False
lcc,3610,Polish,East,DK4110-DK4115.2,,,False
lcc,3610,Polish,East,DK4140,,,False
lcc,3610,Polish,East,DK4150,,,False
lcc,10605,"Sanation Era, 1926–1939","Second Republic & WWII, 1918–1945",DK4409.5,,,False
lcc,10457,"Post-Stalinist Era, 1956–1980","People’s Republic, 1945–1989",DK4440,,,False
lcc,10496,"Solidarity & Communism, 1980–1989","People’s Republic, 1945–1989",DK4442,,,False
lcc,12340,Former Soviet Regions,East,DK500,,,False
lcc,51836,Antiquities,Estonian,DK503.3,,,False
lcc,51837,Social & Cultural,Estonian,DK503.32,,,False
lcc,51839,Estonians Abroad,Ethnography,DK503.36,,,False
lcc,11216,Estonian,East,DK503.52,,,False
lcc,11216,Estonian,East,DK503.53,,,False
lcc,11216,Estonian,East,DK503.54,,,False
lcc,51844,Tartu,Local,DK503.95.T38,,,False
lcc,51845,Antiquities,Latvian,DK504.3,,,False
lcc,51846,Social & Cultural,Latvian,DK504.32,,,False
lcc,51848,Latvians Abroad,Ethnography,DK504.36,,,False
lcc,11217,Latvian,East,DK504.52,,,False
lcc,11217,Latvian,East,DK504.53,,,False
lcc,11217,Latvian,East,DK504.54,,,False
lcc,13950,Culture,Latvian,DK504.738,,,False
lcc,11336,"Soviet Occupation, 1940–1991",By Period,DK504.765,,,False
lcc,51853,Liepāja,Local,DK504.95.L48,,,False
lcc,13954,Culture,Lithuanian,DK505.285,,,False
lcc,51854,Antiquities,Lithuanian,DK505.3,,,False
lcc,51855,Social/Cultural Hist.,Lithuanian,DK505.32,,,False
lcc,51857,Lithuanians Abroad,Ethnography,DK505.36,,,False
lcc,11221,Lithuanian,East,DK505.52,,,False
lcc,11221,Lithuanian,East,DK505.53,,,False
lcc,11221,Lithuanian,East,DK505.54,,,False
lcc,11351,"First Independence, 1918–1940",By Period,DK505.765,,,False
lcc,11371,"Soviet Occupation, 1940–1991",By Period,DK505.793,,,False
lcc,11371,"Soviet Occupation, 1940–1991",By Period,DK505.795,,,False
lcc,11371,"Soviet Occupation, 1940–1991",By Period,DK505.797,,,False
lcc,51862,Kaunas,Local,DK505.95.K125,,,False
lcc,51863,Klaipėda,Local,DK505.95.K57,,,False
lcc,51891,Antiquities,Belarusian,DK507.3,,,False
lcc,51892,Social/Cultural Hist.,Belarusian,DK507.32,,,False
lcc,3587,Belarusian,East,DK507.52,,,False
lcc,3587,Belarusian,East,DK507.53,,,False
lcc,3587,Belarusian,East,DK507.54,,,False
lcc,11334,Early to 1237,By Period,DK507.7,,,False
lcc,11349,"Grand Duchy of Lithuania, 1237–1569",By Period,DK507.71,,,False
lcc,11390,"Russian Imperial Rule, 1795–1917",By Period,DK507.729,,,False
lcc,11390,"Russian Imperial Rule, 1795–1917",By Period,DK507.73,,,False
lcc,11393,Early to 1340,By Period,DK508.66,,,False
lcc,51594,Post-Soviet Ukrainian Politics,"Independence Era, 1991–2014",DK508.848,,,False
lcc,51595,Post-Soviet Ukrainian Diplomacy,"Independence Era, 1991–2014",DK508.849,,,False
lcc,12340,Former Soviet Regions,East,DK509,,,False
lcc,51911,Antiquities,Moldovan,DK509.3,,,False
lcc,51912,Social & Cultural,Moldovan,DK509.32,,,False
lcc,3594,Moldovan,East,DK509.52,,,False
lcc,3594,Moldovan,East,DK509.53,,,False
lcc,3594,Moldovan,East,DK509.54,,,False
lcc,11572,General & Soviet Era,Russian,DK5095.M65,,,False
lcc,11574,Northern Caucasus,Local,DK511.C2,,,False
lcc,11575,Tatarstan & Kazan Region,Local,DK511.T17,,,False
lcc,11576,Volga Region,Local,DK511.V65,,,False
lcc,13962,"Post-Maidan Era, 2014–Present",By Period,DK5531,,,False
lcc,3589,Georgian,Asian,DK675.2,,,False
lcc,3589,Georgian,Asian,DK675.3,,,False
lcc,3589,Georgian,Asian,DK675.4,,,False
lcc,10717,Armenian,Asian,DK685.3,,,False
lcc,10717,Armenian,Asian,DK685.4,,,False
lcc,3586,Azerbaijani,Asian,DK695.2,,,False
lcc,3586,Azerbaijani,Asian,DK695.3,,,False
lcc,3586,Azerbaijani,Asian,DK695.4,,,False
lcc,11335,Early to 1813,By Period,DK697.1,,,False
lcc,11356,1813-1917,By Period,DK697.2,,,False
lcc,11577,Siberia,Local,DK750,,,False
lcc,3590,Kazakh,Asian,DK908.6,,,False
lcc,54459,Political & Foreign Relations,Kazakh,DK908.682,,,False
lcc,11353,1400-1700,By Period,DK908.84,,,False
lcc,11338,1850-1917,By Period,DK908.8617,,,False
lcc,3591,Kyrgyz,Asian,DK918.6,,,False
lcc,3596,Tajik,Asian,DK928.6,,,False
lcc,3597,Turkmen,Asian,DK938.6,,,False
lcc,11340,1981-,By Period,DK948.62,,,False
lcc,54473,Political & Foreign Relations,Uzbek,DK948.73,,,False
lcc,54473,Political & Foreign Relations,Uzbek,DK948.75,,,False
lcc,11362,500-1800,By Period,DK948.83,,,False
lcc,11345,1800-1917,By Period,DK948.84,,,False
lcc,3609,North,European,DL,Northern Europe,,True
lcc,51800,Antiquities,Finnish,DL1016,,,False
lcc,51801,Social & Cultural,Finnish,DL1017,,,False
lcc,51803,Swedes in Finland,Ethnography,DL1020.S93,,,False
lcc,3581,Finnish,North,DL1032,,,False
lcc,51812,Åland,Local,DL1170.A4,,,False
lcc,51813,Finnish Lapland,Local,DL1170.L36,,,False
lcc,51814,Turku,Local,DL1180.T87,,,False
lcc,51756,Antiquities,Danish,DL121,,,False
lcc,51757,Social & Cultural,Danish,DL131,,,False
lcc,51758,Ethnography,Danish,DL142.5,,,False
lcc,3580,Danish,North,DL147,,,False
lcc,3580,Danish,North,DL148,,,False
lcc,3580,Danish,North,DL149,,,False
lcc,3580,Danish,North,DL151,,,False
lcc,54697,Military & Naval,Danish,DL154,,,False
lcc,51761,Political & Foreign Relations,Danish,DL158,,,False
lcc,51768,Faroe Islands,Local,DL271.F2,,,False
lcc,51769,Jutland,Local,DL271.J8,,,False
lcc,51770,South Jutland,Local,DL271.S6,,,False
lcc,51767,Odense,Local,DL291.O3,,,False
lcc,14014,Culture & Ethnography,North,DL30,,,False
lcc,14014,Culture & Ethnography,North,DL31,,,False
lcc,51888,Antiquities,Icelandic,DL321,,,False
lcc,14014,Culture & Ethnography,North,DL33.D8,,,False
lcc,14014,Culture & Ethnography,North,DL33.T48,,,False
lcc,3582,Icelandic,North,DL336,,,False
lcc,3582,Icelandic,North,DL338,,,False
lcc,3582,Icelandic,North,DL339,,,False
lcc,11524,"Early & Medieval Era, to 1540",By Period,DL351,,,False
lcc,51890,Reykjavík,Local,DL398.R5,,,False
lcc,14014,Culture & Ethnography,North,DL42.5,,,False
lcc,51771,Antiquities,Norwegian,DL421,,,False
lcc,51772,Social & Cultural,Norwegian,DL431,,,False
lcc,51773,Ethnography,Norwegian,DL442.5,,,False
lcc,51397,Sámi & Culture,Norwegian | Culture & Ethnography,DL442.L3,,,False
lcc,51397,Sámi & Culture,Norwegian | Culture & Ethnography,DL442.S16,,,False
lcc,3583,Norwegian,North,DL446,,,False
lcc,3583,Norwegian,North,DL448,,,False
lcc,3583,Norwegian,North,DL449,,,False
lcc,3583,Norwegian,North,DL451,,,False
lcc,54705,Military & Naval,Norwegian,DL454,,,False
lcc,54705,Military & Naval,Norwegian,DL456,,,False
lcc,10389,Scandinavianism,North,DL57,,,False
lcc,51783,Finnmark,Local,DL576.F5,,,False
lcc,51784,Rogaland,Local,DL576.R65,,,False
lcc,51781,Bergen,Local,DL596.B4,,,False
lcc,51782,Stavanger,Local,DL596.S8,,,False
lcc,13934,Culture & Ethnography,Swedish,DL642,,,False
lcc,3584,Swedish,North,DL646,,,False
lcc,3584,Swedish,North,DL648,,,False
lcc,3584,Swedish,North,DL649,,,False
lcc,3584,Swedish,North,DL651,,,False
lcc,54058,Military & Naval,Swedish,DL654,,,False
lcc,54058,Military & Naval,Swedish,DL656,,,False
lcc,10511,"Kalmar Union, 1397–1524",North,DL75,,,False
lcc,10770,"Early Modern Scandinavia, 1523–1814",North,DL78,,,False
lcc,10565,"Scandinavia in the 1800s, 1814–1900",North,DL81,,,False
lcc,10659,"Postwar Scandinavia, 1945–Present",North,DL87,,,False
lcc,3614,Iberia,South,DP,Europe,,True
lcc,52064,Álava,Local,DP302.A02,,,False
lcc,52071,Almería,Local,DP302.A33,,,False
lcc,52063,Cantabrian Mountains,Local,DP302.C54,,,False
lcc,52066,Castilla-La Mancha,Local,DP302.C553,,,False
lcc,52065,Huelva,Local,DP302.H7,,,False
lcc,52067,La Rioja,Local,DP302.L18,,,False
lcc,52059,Lleida,Local,DP302.L46,,,False
lcc,52060,Madrid Region,Local,DP302.M1,,,False
lcc,52068,Pyrenees,Local,DP302.P8,,,False
lcc,52057,Valladolid,Local,DP302.V31,,,False
lcc,52072,Alicante,Local,DP402.A42,,,False
lcc,52069,Bilbao,Local,DP402.B5,,,False
lcc,52058,Girona,Local,DP402.G4,,,False
lcc,52059,Lleida,Local,DP402.L33,,,False
lcc,52070,Salamanca,Local,DP402.S1,,,False
lcc,52061,Santiago de Compostela,Local,DP402.S23,,,False
lcc,52055,Tarragona,Local,DP402.T3,,,False
lcc,52057,Valladolid,Local,DP402.V3,,,False
lcc,3613,Spanish,Iberia,DP492,,,False
lcc,51688,Portuguese Abroad,Ethnography,DP534.5,,,False
lcc,3611,Portuguese,Iberia,DP537,,,False
lcc,3611,Portuguese,Iberia,DP538,,,False
lcc,3611,Portuguese,Iberia,DP539,,,False
lcc,3611,Portuguese,Iberia,DP542,,,False
lcc,54842,Military & Naval,Portuguese,DP547,,,False
lcc,3613,Spanish,Iberia,DP64,,,False
lcc,3613,Spanish,Iberia,DP65,,,False
lcc,3613,Spanish,Iberia,DP66,,,False
lcc,3613,Spanish,Iberia,DP68,,,False
lcc,3613,Spanish,Iberia,DP72,,,False
lcc,51694,Porto,Local,DP802.O6,,,False
lcc,10111,Pre-Roman Spain,Ancient,DP92,,,False
lcc,10134,"Visigothic Rule, 414–711",Ancient,DP96,,,False
lcc,3602,Swiss,Central,DQ,Switzerland,,True
lcc,10097,"Early Modern Confederacy, 1516–1798",By Period,DQ121-DQ121.8,,,False
lcc,3602,Swiss,Central,DQ131-DQ151,,,False
lcc,3602,Swiss,Central,DQ154,,,False
lcc,51668,Social & Cultural,Swiss,DQ36,,,False
lcc,3602,Swiss,Central,DQ53,,,False
lcc,3602,Swiss,Central,DQ54,,,False
lcc,3602,Swiss,Central,DQ55,,,False
lcc,3602,Swiss,Central,DQ56,,,False
lcc,54832,Military & Naval,Swiss,DQ59,,,False
lcc,3541,Balkan Peninsula,European,DR,History of Balkan Peninsula,,False
lcc,13911,Balkan Reference,Balkan Peninsula,DR10.5,,,False
lcc,13911,Balkan Reference,Balkan Peninsula,DR11,,,False
lcc,10171,Yugoslavia & Successor States,Balkan Peninsula,DR1210,,,False
lcc,10171,Yugoslavia & Successor States,Balkan Peninsula,DR1218,,,False
lcc,10171,Yugoslavia & Successor States,Balkan Peninsula,DR1227,,,False
lcc,10171,Yugoslavia & Successor States,Balkan Peninsula,DR1228,,,False
lcc,51947,Antiquities,Slovenian,DR1371,,,False
lcc,51948,Social & Cultural,Slovenian,DR1372,,,False
lcc,51945,Slovenian,Balkan Peninsula,DR1385,,,False
lcc,54255,Military & Naval,Slovenian,DR1390,,,False
lcc,54255,Military & Naval,Slovenian,DR1391,,,False
lcc,54256,Political & Foreign Relations,Slovenian,DR1392,,,False
lcc,51737,Antiquities,Croatian,DR1521,,,False
lcc,51738,Social & Cultural,Croatian,DR1522,,,False
lcc,51740,Serbs in Croatia,Ethnography,DR1524.S47,,,False
lcc,3546,Croatian,Balkan Peninsula,DR1535,,,False
lcc,54208,Military & Naval,Croatian,DR1540,,,False
lcc,54208,Military & Naval,Croatian,DR1541,,,False
lcc,51743,Political & Foreign Relations,Croatian,DR1542,,,False
lcc,51751,Political since 1990,Croatia since 1990,DR1603,,,False
lcc,51755,Dubrovnik,Local,DR1645.D8,,,False
lcc,51959,Bosnian Antiquities,Bosnia and Herzegovina,DR1671,,,False
lcc,51960,Bosnian Social & Cultural,Bosnia and Herzegovina,DR1672,,,False
lcc,51957,Bosnia and Herzegovina,Balkan Peninsula,DR1685,,,False
lcc,54259,Military & Naval,Bosnia and Herzegovina,DR1690,,,False
lcc,54260,Political & Foreign Relations,Bosnia and Herzegovina,DR1692,,,False
lcc,10467,Montenegrin,Balkan Peninsula,DR1835,,,False
lcc,54220,Military & Naval,Montenegrin,DR1840,,,False
lcc,54220,Military & Naval,Montenegrin,DR1841,,,False
lcc,54221,Political & Foreign Relations,Montenegrin,DR1842,,,False
lcc,51671,Social & Cultural,Serbian,DR1952,,,False
lcc,3549,Serbian,Balkan Peninsula,DR1965,,,False
lcc,54212,Military & Naval,Serbian,DR1970,,,False
lcc,51675,Political & Foreign Relations,Serbian,DR1972,,,False
lcc,51985,Antiquities,Kosovo,DR2078,,,False
lcc,51986,Social & Cultural,Kosovo,DR2079,,,False
lcc,51988,Historical Biographies,Kosovo,DR2081,,,False
lcc,51683,Kosovo,Balkan Peninsula,DR2082,,,False
lcc,51989,Kosovo to 1389,By Period,DR2083,,,False
lcc,51623,Antiquities,Romanian,DR211,,,False
lcc,51621,Social & Cultural,Romanian,DR212,,,False
lcc,3548,Romanian,Balkan Peninsula,DR217,,,False
lcc,51972,Antiquities,North Macedonian,DR2171,,,False
lcc,51973,Social/Cultural Hist.,North Macedonian,DR2172,,,False
lcc,3548,Romanian,Balkan Peninsula,DR218,,,False
lcc,51970,North Macedonian,Balkan Peninsula,DR2185,,,False
lcc,54681,Military & Naval,Romanian,DR219,,,False
lcc,54263,Military & Naval,North Macedonian,DR2190,,,False
lcc,51976,Political & Foreign Relations,North Macedonian,DR2192,,,False
lcc,54681,Military & Naval,Romanian,DR225,,,False
lcc,11541,"United Principalities, 1866–1876",By Period,DR246,,,False
lcc,11546,"Communist Era, 1944–1989",By Period,DR267.6,,,False
lcc,51627,Banat,Local,DR281.B25,,,False
lcc,51628,Dobruja,Local,DR281.D5,,,False
lcc,51629,Cluj-Napoca,Local,DR296.C55,,,False
lcc,51630,Timișoara,Local,DR296.T5,,,False
lcc,10450,Illyrians,Early & medieval to 1500,DR39.5,,,False
lcc,3551,Turkish,Balkan Peninsula,DR439,,,False
lcc,3551,Turkish,Balkan Peninsula,DR440,,,False
lcc,3551,Turkish,Balkan Peninsula,DR441,,,False
lcc,3551,Turkish,Balkan Peninsula,DR442,,,False
lcc,54684,Military & Naval,Turkish,DR448,,,False
lcc,54684,Military & Naval,Turkish,DR451,,,False
lcc,11400,Earliest to 1281/1453,By Period,DR481,,,False
lcc,3541,Balkan Peninsula,European,DR49.7,,,False
lcc,11219,Early to 1362,Thrace,DR50.6,,,False
lcc,51727,Antiquities,Bulgarian,DR62,,,False
lcc,51728,Social & Cultural,Bulgarian,DR63,,,False
lcc,51730,Turks in Bulgaria,Ethnography,DR64.2.T87,,,False
lcc,51729,Ethnography,Bulgarian,DR64.5,,,False
lcc,3545,Bulgarian,Balkan Peninsula,DR67,,,False
lcc,54678,Military & Naval,Bulgarian,DR70,,,False
lcc,11504,Early to 681,By Period,DR74.3,,,False
lcc,51823,Antiquities,Albanian,DR921,,,False
lcc,51824,Social & Cultural,Albanian,DR922,,,False
lcc,51826,Albanians Abroad,Ethnography,DR926,,,False
lcc,3544,Albanian,Balkan Peninsula,DR939.5,,,False
lcc,3544,Albanian,Balkan Peninsula,DR940,,,False
lcc,3544,Albanian,Balkan Peninsula,DR941,,,False
lcc,3544,Albanian,Balkan Peninsula,DR944,,,False
lcc,54675,Military & Naval,Albanian,DR947,,,False
lcc,54675,Military & Naval,Albanian,DR948,,,False
lcc,51831,Post-Communist Political,"Post-Communism, 1990–Present",DR978.3,,,False
lcc,51735,Plovdiv,Local,DR98.P55,,,False
lcc,51736,Veliko Tarnovo,Local,DR98.T5,,,False
lcc,51835,Northern Epirus,Local,DR996.E64,,,False
lcc,14009,Tirana,Local,DR997,,,False
lcc,51832,Butrint,Local,DR998.B88,,,False
lcc,51833,Shkodër,Local,DR998.S48,,,False
lcc,51834,Vlorë,Local,DR998.V44,,,False
lcc,3485,Asian,By Region,DS,Asia,,True
lcc,11412,1993-,By Period,DS109.95,,,False
lcc,3638,Israel & Palestine,Middle Eastern,DS116,,,False
lcc,3638,Israel & Palestine,Middle Eastern,DS117,,,False
lcc,54727,Military & Naval,Israel & Palestine,DS119.2,,,False
lcc,3638,Israel & Palestine,Middle Eastern,DS120,,,False
lcc,3499,Jordan. Transjordan,Middle Eastern,DS154,,,False
lcc,54647,Military & Naval,Jordan. Transjordan,DS154.13,,,False
lcc,11420,1919-,By Period,DS154.6,,,False
lcc,3488,Armenian,Middle Eastern,DS166.5,,,False
lcc,3488,Armenian,Middle Eastern,DS166.7,,,False
lcc,3488,Armenian,Middle Eastern,DS167,,,False
lcc,3488,Armenian,Middle Eastern,DS171,,,False
lcc,3488,Armenian,Middle Eastern,DS172,,,False
lcc,3488,Armenian,Middle Eastern,DS172.2,,,False
lcc,3488,Armenian,Middle Eastern,DS175,,,False
lcc,3488,Armenian,Middle Eastern,DS176,,,False
lcc,3634,Arabian Peninsula & Saudi Arabia,Middle Eastern,DS223,,,False
lcc,3634,Arabian Peninsula & Saudi Arabia,Middle Eastern,DS225,,,False
lcc,11436,Earliest to 622,By Period,DS231,,,False
lcc,11437,622-661,By Period,DS232,,,False
lcc,11427,1740-1873. Wahhabi movement,By Period,DS242,,,False
lcc,11435,1873-1914,By Period,DS243,,,False
lcc,3636,Iranian,Middle Eastern,DS272,,,False
lcc,3636,Iranian,Middle Eastern,DS273,,,False
lcc,54718,Military & Naval,Iranian,DS273.3,,,False
lcc,10569,Ancient & Medieval,Asian,DS33.5,,,False
lcc,10761,Early modern,Asian,DS33.7,,,False
lcc,10557,Geography,South,DS336.9,,,False
lcc,10308,19th century,Asian,DS34,,,False
lcc,10473,1945-,20th century,DS35.2,,,False
lcc,6358,Geography,The Islamic World,DS35.56,,,False
lcc,7241,Islamic Military,The Islamic World,DS35.687,,,False
lcc,7676,Islamic Political,The Islamic World,DS35.69,,,False
lcc,10170,Panislamism,Islamic Political,DS35.7,,,False
lcc,10166,20th century,The Islamic World,DS35.77,,,False
lcc,3486,Afghan,Asian | South,DS356,,,False
lcc,3486,Afghan,Asian | South,DS357,,,False
lcc,54626,Military & Naval,Afghan,DS357.2,,,False
lcc,10434,Earliest to 1747,By Period,DS358,,,False
lcc,10163,Military & naval,Arab countries,DS37.8,,,False
lcc,10688,2001-,By Period,DS371.44,,,False
lcc,10487,Early to 622,Arab countries,DS38,,,False
lcc,10616,"Ottoman period, 1517-1918",Arab countries,DS38.8,,,False
lcc,10298,1798-,Arab countries,DS38.9,,,False
lcc,3505,Pakistani,South,DS383,,,False
lcc,54659,Military & Naval,Pakistani,DS383.2,,,False
lcc,10413,1988-,By Period,DS389,,,False
lcc,3487,Arab countries,Middle Eastern,DS39.3,,,False
lcc,3487,Arab countries,Middle Eastern,DS39.32,,,False
lcc,3490,Bangladesh. East Pakistan,South,DS394.5,,,False
lcc,3490,Bangladesh. East Pakistan,South,DS394.6,,,False
lcc,10513,1947-1971,By Period,DS395,,,False
lcc,3496,Indian,South,DS436.A1,,,False
lcc,3496,Indian,South,DS436.A2,,,False
lcc,3496,Indian,South,DS437,,,False
lcc,54640,Military & Naval,Indian,DS442.2,,,False
lcc,54640,Military & Naval,Indian,DS442.3,,,False
lcc,54640,Military & Naval,Indian,DS442.5,,,False
lcc,54640,Military & Naval,Indian,DS442.6,,,False
lcc,54640,Military & Naval,Indian,DS442.A2,,,False
lcc,54640,Military & Naval,Indian,DS443,,,False
lcc,12724,Political & Foreign Relations,Indian,DS444,,,False
lcc,12724,Political & Foreign Relations,Indian,DS445,,,False
lcc,12724,Political & Foreign Relations,Indian,DS446,,,False
lcc,3510,Sri Lankan,South,DS489.5,,,False
lcc,3510,Sri Lankan,South,DS489.55,,,False
lcc,54778,Military & Naval,Sri Lankan,DS489.56,,,False
lcc,3491,Bhutanese,South,DS492,,,False
lcc,54763,Political & Foreign Relations,Bhutanese,DS492.4,,,False
lcc,3504,Nepalese,South,DS494.5,,,False
lcc,3504,Nepalese,South,DS494.6,,,False
lcc,54769,Military & Naval,Nepalese,DS494.65,,,False
lcc,54770,Political & Foreign Relations,Nepalese,DS494.7,,,False
lcc,3494,East,Asian,DS520-689,,,False
lcc,3509,Southeast,Asian,DS526.9,,,False
lcc,13665,Myanmar / Burma,Southeast,DS528.5,,,False
lcc,54849,Military & Naval,Myanmar / Burma,DS528.6,,,False
lcc,54850,Political & Foreign Relations,Myanmar / Burma,DS528.7,,,False
lcc,54852,"Pagan Kingdom, to 1287",By Period,DS529.2,,,False
lcc,54854,1824–1885,By Period,DS529.7,,,False
lcc,51932,Antiquities,Cypriot,DS54.3,,,False
lcc,51933,Social & Cultural,Cypriot,DS54.35,,,False
lcc,51930,Cypriot,South,DS54.5,,,False
lcc,51937,"Ottoman Cyprus, 1571–1878",By Period,DS54.7,,,False
lcc,51942,Larnaca,Local,DS54.95.L37,,,False
lcc,51943,Paphos,Local,DS54.95.N47,,,False
lcc,51941,Nicosia,Local,DS54.95.N53,,,False
lcc,51940,Northern Cyprus,Local,DS54.95.N67,,,False
lcc,51943,Paphos,Local,DS54.95.O43,,,False
lcc,13666,Cambodian,Southeast,DS554.5,,,False
lcc,54859,Political & Foreign Relations,Cambodian,DS554.57,,,False
lcc,13667,Laotian,Southeast,DS555.5,,,False
lcc,54866,Political & Foreign Relations,Laotian,DS555.57,,,False
lcc,3513,Vietnamese,Southeast,DS556.5,,,False
lcc,54786,Military & Naval,Vietnamese,DS556.54,,,False
lcc,54786,Military & Naval,Vietnamese,DS556.55,,,False
lcc,54787,Political & Foreign Relations,Vietnamese,DS556.57,,,False
lcc,3511,Thai,Southeast,DS571,,,False
lcc,3511,Thai,Southeast,DS572,,,False
lcc,54442,Military & Naval,Thai,DS573,,,False
lcc,54442,Military & Naval,Thai,DS574,,,False
lcc,10340,Earliest to 638,By Period,DS576,,,False
lcc,3503,Malaysian & Straits,Southeast,DS596,,,False
lcc,3507,Singaporean,Southeast,DS610.4,,,False
lcc,10626,1942-1945. Japanese occupation,By Period,DS610.55,,,False
lcc,10383,Through 1 AD,Early to 622 AD,DS62.23,,,False
lcc,10592,1 AD-622,Early to 622 AD,DS62.25,,,False
lcc,10552,Military & naval,Middle Eastern,DS63.15,,,False
lcc,10563,Arab Nationalism & Pan-Arabism,Nationalism,DS63.6,,,False
lcc,3497,Indonesian,Southeast,DS634,,,False
lcc,3497,Indonesian,Southeast,DS635,,,False
lcc,54424,Military & Naval,Indonesian,DS636,,,False
lcc,54424,Military & Naval,Indonesian,DS637,,,False
lcc,10580,"Hindu-Buddhist Era, to 1478",By Period,DS641,,,False
lcc,10560,1942-1945,By Period,DS643.5,,,False
lcc,10518,Timorese,Southeast,DS649.5,,,False
lcc,10546,Elam,Middle Eastern,DS65,,,False
lcc,3492,Bruneian,Southeast,DS650.5,,,False
lcc,10318,1400-1906,By Period,DS650.6,,,False
lcc,10721,Hittites,Middle Eastern,DS66,,,False
lcc,3506,Philippine,Southeast,DS668.A2,,,False
lcc,3506,Philippine,Southeast,DS669,,,False
lcc,54433,Military & Naval,Philippine,DS671,,,False
lcc,3637,Iraqi,Middle Eastern,DS70.9,,,False
lcc,54722,Military & Naval,Iraqi,DS70.92,,,False
lcc,54723,Political & Foreign Relations,Iraqi,DS70.95,,,False
lcc,3494,East,Asian,DS701-799.9,,,False
lcc,52175,Chinese Historical Sites & Monuments,Chinese | Historic Places & Monuments,DS706.3,,,False
lcc,52174,Historical Geography,Chinese,DS706.5,,,False
lcc,52174,Historical Geography,Chinese,DS706.7,,,False
lcc,52173,Chinese Diaspora,Migration in Asia | Civilization & Social Life,DS732,,,False
lcc,3493,Chinese,East,DS735.A2,,,False
lcc,3493,Chinese,East,DS736,,,False
lcc,54637,Military & Naval,Chinese,DS738,,,False
lcc,54637,Military & Naval,Chinese,DS739,,,False
lcc,11418,"Turkish period, 1517-1918",By Period,DS77,,,False
lcc,10425,"Republican China, 1912–1949",By Period,DS773.83,,,False
lcc,10425,"Republican China, 1912–1949",By Period,DS773.86,,,False
lcc,10425,"Republican China, 1912–1949",By Period,DS773.89,,,False
lcc,10425,"Republican China, 1912–1949",By Period,DS773.92,,,False
lcc,10425,"Republican China, 1912–1949",By Period,DS773.94,,,False
lcc,10425,"Republican China, 1912–1949",By Period,DS774,,,False
lcc,10425,"Republican China, 1912–1949",By Period,DS774.5,,,False
lcc,10425,"Republican China, 1912–1949",By Period,DS774.7,,,False
lcc,52165,Republican Chinese Social & Cultural,"Republican China, 1912–1949",DS775.2,,,False
lcc,10425,"Republican China, 1912–1949",By Period,DS775.4,,,False
lcc,10425,"Republican China, 1912–1949",By Period,DS775.5,,,False
lcc,52166,Republican Chinese Political,"Republican China, 1912–1949",DS775.7,,,False
lcc,52167,Republican Chinese Foreign Relations,"Republican China, 1912–1949 | Political & Foreign Relations",DS775.8,,,False
lcc,52168,Republican Chinese Biographies,"Republican China, 1912–1949",DS776,,,False
lcc,52168,Republican Chinese Biographies,"Republican China, 1912–1949",DS777,,,False
lcc,10421,"China, 1949–1976",By Period,DS777.545,,,False
lcc,10421,"China, 1949–1976",By Period,DS777.546,,,False
lcc,10421,"China, 1949–1976",By Period,DS777.547,,,False
lcc,10421,"China, 1949–1976",By Period,DS777.548,,,False
lcc,10421,"China, 1949–1976",By Period,DS777.549,,,False
lcc,10421,"China, 1949–1976",By Period,DS777.55,,,False
lcc,10421,"China, 1949–1976",By Period,DS777.56,,,False
lcc,10421,"China, 1949–1976",By Period,DS777.58,,,False
lcc,52099,"Chinese Social & Cultural, 1949–1976","China, 1949–1976",DS777.6,,,False
lcc,10421,"China, 1949–1976",By Period,DS777.65,,,False
lcc,10421,"China, 1949–1976",By Period,DS777.7,,,False
lcc,52100,"Chinese Political, 1949–1976","China, 1949–1976",DS777.75,,,False
lcc,52101,"Chinese Foreign Relations, 1949–1976","China, 1949–1976 | Political & Foreign Relations",DS777.8,,,False
lcc,10421,"China, 1949–1976",By Period,DS778.4,,,False
lcc,10421,"China, 1949–1976",By Period,DS778.5,,,False
lcc,10421,"China, 1949–1976",By Period,DS778.6,,,False
lcc,52103,"Cultural Revolution, 1966–1976","China, 1949–1976",DS778.7,,,False
lcc,52110,Zhou Enlai,"China, 1949–1976 | Asian Biographies",DS778.C593,,,False
lcc,52109,Deng Xiaoping,"China, 1949–1976 | Asian Biographies | China, 1976–2002",DS778.D46,,,False
lcc,52108,Mao Zedong,"China, 1949–1976 | Asian Biographies",DS778.M3,,,False
lcc,52098,"China, 1976–2002",By Period,DS779.15,,,False
lcc,52098,"China, 1976–2002",By Period,DS779.16,,,False
lcc,52098,"China, 1976–2002",By Period,DS779.17,,,False
lcc,52098,"China, 1976–2002",By Period,DS779.18,,,False
lcc,52098,"China, 1976–2002",By Period,DS779.19,,,False
lcc,52098,"China, 1976–2002",By Period,DS779.2,,,False
lcc,52098,"China, 1976–2002",By Period,DS779.215,,,False
lcc,52098,"China, 1976–2002",By Period,DS779.22,,,False
lcc,52104,"Chinese Social & Cultural, 1976–2002","China, 1976–2002",DS779.23,,,False
lcc,52098,"China, 1976–2002",By Period,DS779.24,,,False
lcc,52098,"China, 1976–2002",By Period,DS779.25,,,False
lcc,52105,"Chinese Political, 1976–2002","China, 1976–2002",DS779.26,,,False
lcc,52106,"Chinese Foreign Relations, 1976–2002","Political & Foreign Relations | China, 1976–2002",DS779.27,,,False
lcc,52098,"China, 1976–2002",By Period,DS779.3,,,False
lcc,52098,"China, 1976–2002",By Period,DS779.32,,,False
lcc,52170,"Chinese Social & Cultural, 2002–Present","China, 2002–Present",DS779.43,,,False
lcc,10587,"China, 2002–Present",By Period,DS779.44,,,False
lcc,10587,"China, 2002–Present",By Period,DS779.45,,,False
lcc,52171,"Chinese Political, 2002–Present","China, 2002–Present",DS779.46,,,False
lcc,52172,"Chinese Foreign Relations, 2002–Present","China, 2002–Present | Political & Foreign Relations",DS779.47,,,False
lcc,10587,"China, 2002–Present",By Period,DS779.48,,,False
lcc,3637,Iraqi,Middle Eastern,DS79.757-DS79.769,,,False
lcc,3637,Iraqi,Middle Eastern,DS79.76352-DS79.765,,,False
lcc,52078,Nanjing,Local,DS796.N2,,,False
lcc,52080,Guangzhou,Local,DS797.32.G836,,,False
lcc,52078,Nanjing,Local,DS797.56.N365,,,False
lcc,10535,Mongolian,Asian,DS798,,,False
lcc,10535,Mongolian,Asian,DS798.2,,,False
lcc,10535,Mongolian,Asian,DS798.3,,,False
lcc,10535,Mongolian,Asian,DS798.4,,,False
lcc,10535,Mongolian,Asian,DS798.5,,,False
lcc,10535,Mongolian,Asian,DS798.6,,,False
lcc,10535,Mongolian,Asian,DS798.9.K37,,,False
lcc,10699,Taiwanese,Asian,DS799.13,,,False
lcc,10699,Taiwanese,Asian,DS799.14,,,False
lcc,10699,Taiwanese,Asian,DS799.3,,,False
lcc,10699,Taiwanese,Asian,DS799.4,,,False
lcc,10699,Taiwanese,Asian,DS799.5,,,False
lcc,54757,Military & Naval,Taiwanese,DS799.615,,,False
lcc,54758,Political & Foreign Relations,Taiwanese,DS799.62,,,False
lcc,10476,Early to 1895,By Period,DS799.67,,,False
lcc,10533,1895-1945,By Period,DS799.74,,,False
lcc,3501,Lebanon Phenicia,Middle Eastern,DS80.9,,,False
lcc,54654,Military & Naval,Lebanon Phenicia,DS80.92,,,False
lcc,11409,Phoenician Era,By Period,DS81,,,False
lcc,3498,Japanese,East,DS835,,,False
lcc,11432,"French Mandate/Occupation, 1919–1945",By Period,DS86,,,False
lcc,3498,Japanese,East,DS881.2-DS881.84,,,False
lcc,3500,Korean,East,DS907.14,,,False
lcc,3500,Korean,East,DS907.16,,,False
lcc,3500,Korean,East,DS907.18,,,False
lcc,3500,Korean,East,DS912.19,,,False
lcc,3500,Korean,East,DS912.27,,,False
lcc,10686,Military & Naval,Korean,DS912.31,,,False
lcc,10571,Political & Foreign Relations,Korean,DS912.35,,,False
lcc,10571,Political & Foreign Relations,Korean,DS912.37,,,False
lcc,3500,Korean,East,DS913.39312-DS913.39319,,,False
lcc,3500,Korean,East,DS913.39314,,,False
lcc,3500,Korean,East,DS913.39316,,,False
lcc,10673,21st century,By Period,DS923.286,,,False
lcc,3639,Syrian,Middle Eastern,DS95,,,False
lcc,11411,Early to 333 BC,By Period,DS96,,,False
lcc,11421,333 BC-634 AD,By Period,DS96.2,,,False
lcc,3320,African,By Region,DT,Africa,,True
lcc,10358,"Egypt Political, 1952–","Egypt, 1952–2011",DT107.827,,,False
lcc,10612,"Egyptian Diplomatic, 1952–","Egypt, 1952–2011 | Political & Foreign Relations",DT107.828,,,False
lcc,10767,"Egypt, 2011–Present",By Period,DT107.88,,,False
lcc,10286,"Southern African Diplomacy, 1975–",1975-,DT1172,,,False
lcc,10393,National liberation movements,1975-,DT1177,,,False
lcc,10362,1994-,1975-,DT1182,,,False
lcc,11218,Kalahari Desert,Southern,DT1190.K35,,,False
lcc,11222,Zambezi River & Valley,Southern,DT1190.Z36,,,False
lcc,3322,Angolan,Central | Southern,DT1325,,,False
lcc,54530,Political & Foreign Relations,Angolan,DT1348,,,False
lcc,3368,Sudan. Anglo-Egyptian Sudan,East | North,DT155.58,,,False
lcc,3368,Sudan. Anglo-Egyptian Sudan,East | North,DT155.6,,,False
lcc,54590,Military & Naval,Sudan. Anglo-Egyptian Sudan,DT155.64,,,False
lcc,54591,Political & Foreign Relations,Sudan. Anglo-Egyptian Sudan,DT155.7,,,False
lcc,54593,Early to 641,By Period,DT156,,,False
lcc,3354,Namibia. South-West Africa,Southern,DT1575,,,False
lcc,54569,Political & Foreign Relations,Namibia. South-West Africa,DT1579,,,False
lcc,10281,South Sudanese,African,DT159.929,,,False
lcc,54747,Military & Naval,South Sudanese,DT159.9293,,,False
lcc,54748,Political & Foreign Relations,South Sudanese,DT159.9295,,,False
lcc,54575,"1990- , Independent",By Period,DT1649,,,False
lcc,10301,"Roman Era, 146 BC–439 AD",North,DT170,,,False
lcc,52305,"Vandal & Byzantine North Africa, 439–c. 640",North,DT172,,,False
lcc,10667,Arab conquest to c. 1516 or 1524,North,DT173,,,False
lcc,10399,16th-18th centuries,North,DT174,,,False
lcc,10548,19th-20th centuries,North,DT176,,,False
lcc,10343,21st century,North,DT176.2,,,False
lcc,3367,South African,Southern,DT1787,,,False
lcc,54578,Military & Naval,South African,DT1796,,,False
lcc,54578,Military & Naval,South African,DT1797,,,False
lcc,54579,Political & Foreign Relations,South African,DT1798,,,False
lcc,3349,Maghrib. Barbary States,North,DT191,,,False
lcc,3349,Maghrib. Barbary States,North,DT192,,,False
lcc,3349,Maghrib. Barbary States,North,DT193.95,,,False
lcc,10691,Early to 647,Maghrib. Barbary States,DT198,,,False
lcc,10651,647-1516,Maghrib. Barbary States,DT199,,,False
lcc,10412,16th century,"Piracy, 1516–1830",DT202,,,False
lcc,10319,19th-20th centuries,Maghrib. Barbary States,DT204,,,False
lcc,10676,21st century,Maghrib. Barbary States,DT205,,,False
lcc,10203,Military,African,DT21.5,,,False
lcc,3348,Libyan,North,DT224,,,False
lcc,54308,Early to 642,By Period,DT228,,,False
lcc,54309,642-1551,By Period,DT229,,,False
lcc,54311,1912-1951,By Period,DT235,,,False
lcc,54312,1951-1969,By Period,DT235.5,,,False
lcc,54313,1969-2011,By Period,DT236,,,False
lcc,10710,Africa in Antiquity,By Era,DT24,,,False
lcc,3349,Maghrib. Barbary States,North,DT247.9,,,False
lcc,3349,Maghrib. Barbary States,North,DT247.95,,,False
lcc,3324,Botswana. Bechuanaland,Southern,DT2475,,,False
lcc,54539,Political & Foreign Relations,Botswana. Bechuanaland,DT2478,,,False
lcc,10584,Early through 1500,By Era,DT25,,,False
lcc,3349,Maghrib. Barbary States,North,DT251,,,False
lcc,3349,Maghrib. Barbary States,North,DT252,,,False
lcc,3349,Maghrib. Barbary States,North,DT253.4-DT253.5,,,False
lcc,10691,Early to 647,Maghrib. Barbary States,DT258,,,False
lcc,10651,647-1516,Maghrib. Barbary States,DT259,,,False
lcc,10658,1501-1700,By Era,DT26,,,False
lcc,3346,Lesotho. Basutoland,Southern,DT2615,,,False
lcc,54546,Political & Foreign Relations,Lesotho. Basutoland,DT2618,,,False
lcc,10412,16th century,"Piracy, 1516–1830",DT262,,,False
lcc,3349,Maghrib. Barbary States,North,DT264.39,,,False
lcc,3349,Maghrib. Barbary States,North,DT264.44,,,False
lcc,3349,Maghrib. Barbary States,North,DT264.45,,,False
lcc,10650,Maghrib Political,Maghrib. Barbary States,DT264.46,,,False
lcc,3349,Maghrib. Barbary States,North,DT264.47,,,False
lcc,10527,"Ben Ali Era, 1987–2011",Maghrib. Barbary States,DT266.5,,,False
lcc,10532,"Tunisian Politics, 1987–2011","Ben Ali Era, 1987–2011",DT266.7,,,False
lcc,10527,"Ben Ali Era, 1987–2011",Maghrib. Barbary States,DT266.8,,,False
lcc,3349,Maghrib. Barbary States,North,DT268.J4,,,False
lcc,3349,Maghrib. Barbary States,North,DT268.N4,,,False
lcc,11443,By Era,African,DT27,,,False
lcc,10772,1801-1884,By Era,DT28,,,False
lcc,3321,Algerian,North,DT284,,,False
lcc,54268,Early to 647,By Period,DT288,,,False
lcc,54269,647-1516,By Period,DT289,,,False
lcc,10325,1884-1945,By Era,DT29,,,False
lcc,3377,Zimbabwe. Southern Rhodesia,Southern,DT2925,,,False
lcc,54607,Political & Foreign Relations,Zimbabwe. Southern Rhodesia,DT2928,,,False
lcc,54271,1830-1901,By Period,DT294,,,False
lcc,10591,1960-,By Era,DT30.5,,,False
lcc,3376,Zambia. Northern Rhodesia,Southern,DT3071,,,False
lcc,54598,Political & Foreign Relations,Zambia. Northern Rhodesia,DT3073,,,False
lcc,3350,Malawi. Nyasaland,Southern,DT3201,,,False
lcc,54552,Political & Foreign Relations,Malawi. Nyasaland,DT3204,,,False
lcc,3353,Mozambican,Southern,DT3337,,,False
lcc,54560,Political & Foreign Relations,Mozambican,DT3339,,,False
lcc,10582,Geography,Central,DT351.9,,,False
lcc,10632,Early,Central,DT352.65,,,False
lcc,10448,Colonial,Central,DT352.7,,,False
lcc,10753,Independent,Central,DT352.8,,,False
lcc,10614,West Central Afric. West Sudan,Central,DT356,,,False
lcc,10689,Niger River,Central,DT360,,,False
lcc,3332,East,African,DT365.196,,,False
lcc,3332,East,African,DT365.3,,,False
lcc,3332,East,African,DT365.4,,,False
lcc,3332,East,African,DT365.58,,,False
lcc,3332,East,African,DT365.59,,,False
lcc,10478,Early to 1886,By Era,DT365.65,,,False
lcc,10478,Early to 1886,By Era,DT365.654,,,False
lcc,11444,By Era,East,DT365.76,,,False
lcc,11444,By Era,East,DT365.77,,,False
lcc,10764,1960-,By Era,DT365.78,,,False
lcc,10581,1974-,Northeast Africa,DT367.8,,,False
lcc,3334,Ethiopian,East,DT381,,,False
lcc,3334,Ethiopian,East,DT382,,,False
lcc,54296,Early through 1500,By Period,DT383,,,False
lcc,54297,16th-18th centuries,By Period,DT384,,,False
lcc,10595,Red Sea Region,African,DT39,,,False
lcc,10657,Eritrean,East,DT394,,,False
lcc,54510,Early to 1890,By Period,DT394.5,,,False
lcc,54511,1890-1941. Italian domination,By Period,DT395,,,False
lcc,54512,1941-1952. British administration,By Period,DT395.3,,,False
lcc,54513,1952-1962. Federation with Ethiopia,By Period,DT395.5,,,False
lcc,54514,1962-1993. Annexation to Ethiopia,By Period,DT397,,,False
lcc,54515,1993- . Independence,By Period,DT397.3,,,False
lcc,3365,Somali & Somaliland,East,DT403,,,False
lcc,54326,Political & Foreign Relations,Somali & Somaliland,DT403.25,,,False
lcc,10169,Eastern Africa,African,DT411.4,,,False
lcc,10169,Eastern Africa,African,DT411.42-DT411.45,,,False
lcc,10169,Eastern Africa,African,DT411.62-DT411.63,,,False
lcc,10169,Eastern Africa,African,DT411.65,,,False
lcc,10169,Eastern Africa,African,DT411.75-DT411.77,,,False
lcc,52295,Historical Reference,Egyptian,DT43,,,False
lcc,3372,Ugandan,East,DT433.257,,,False
lcc,54188,Political & Foreign Relations,Ugandan,DT433.26,,,False
lcc,3345,Kenyan,East,DT433.557,,,False
lcc,54180,Political & Foreign Relations,Kenyan,DT433.559,,,False
lcc,52295,Historical Reference,Egyptian,DT44,,,False
lcc,3369,Tanzania & German E. Africa Hist.,East,DT444,,,False
lcc,54335,Political & Foreign Relations,Tanzania & German E. Africa Hist.,DT445,,,False
lcc,54338,"Independent, 1961-1964",By Period,DT448,,,False
lcc,3362,Rwanda. Ruanda-Urundi,East,DT450.28,,,False
lcc,54316,Political & Foreign Relations,Rwanda. Ruanda-Urundi,DT450.3,,,False
lcc,3327,Burundian,East,DT450.68,,,False
lcc,54278,Political & Foreign Relations,Burundian,DT450.7,,,False
lcc,52295,Historical Reference,Egyptian,DT46,,,False
lcc,10590,Early to 1884,West,DT476,,,False
lcc,10321,Upper Guinea,West,DT477,,,False
lcc,52295,Historical Reference,Egyptian,DT48,,,False
lcc,52295,Historical Reference,Egyptian,DT49,,,False
lcc,10131,Ashanti Empire,British West African Local,DT507,,,False
lcc,3341,Gambian,West,DT509.5,,,False
lcc,54093,Early to 1894,By Period,DT509.65,,,False
lcc,54094,1894-1965. British protectorate and colony,By Period,DT509.7,,,False
lcc,10440,Yorubaland. Yorubas,British West African Local,DT513,,,False
lcc,3356,Nigerian,West,DT515.57,,,False
lcc,54129,Military & Naval,Nigerian,DT515.585,,,False
lcc,54130,Political & Foreign Relations,Nigerian,DT515.59,,,False
lcc,3364,Sierra Leonean,West,DT516.5,,,False
lcc,54146,Political & Foreign Relations,Sierra Leonean,DT516.6,,,False
lcc,54148,Early to 1787,By Period,DT516.65,,,False
lcc,10633,"French West Africa, Sahara & Sahel",West,DT529,,,False
lcc,10596,West African Kingdoms & Empires,"French West Africa, Sahara & Sahel",DT532.115,,,False
lcc,10596,West African Kingdoms & Empires,"French West Africa, Sahara & Sahel",DT532.12,,,False
lcc,10596,West African Kingdoms & Empires,"French West Africa, Sahara & Sahel",DT532.128,,,False
lcc,10422,Futa-Jallon,West African Kingdoms & Empires,DT532.13,,,False
lcc,10596,West African Kingdoms & Empires,"French West Africa, Sahara & Sahel",DT532.14,,,False
lcc,10280,Ghana empire,West African Kingdoms & Empires,DT532.15,,,False
lcc,10596,West African Kingdoms & Empires,"French West Africa, Sahara & Sahel",DT532.17,,,False
lcc,10656,Mali empire,West African Kingdoms & Empires,DT532.2,,,False
lcc,10596,West African Kingdoms & Empires,"French West Africa, Sahara & Sahel",DT532.23,,,False
lcc,10572,Senegambia,West African Kingdoms & Empires,DT532.25,,,False
lcc,10283,Songhai Empire,West African Kingdoms & Empires,DT532.27,,,False
lcc,10640,Tukulor & Takrur Empires,West African Kingdoms & Empires,DT532.3,,,False
lcc,10596,West African Kingdoms & Empires,"French West Africa, Sahara & Sahel",DT532.33,,,False
lcc,10633,"French West Africa, Sahara & Sahel",West,DT532.4,,,False
lcc,10461,1884-1960,"French West Africa, Sahara & Sahel",DT532.5,,,False
lcc,10760,1960-,"French West Africa, Sahara & Sahel",DT532.6,,,False
lcc,10633,"French West Africa, Sahara & Sahel",West,DT534,,,False
lcc,13768,Beninese,"French West Africa, Sahara & Sahel",DT541.5,,,False
lcc,3323,Benin. Dahomey,West,DT541.9,,,False
lcc,10633,"French West Africa, Sahara & Sahel",West,DT543.4,,,False
lcc,10633,"French West Africa, Sahara & Sahel",West,DT543.45.F84,,,False
lcc,10633,"French West Africa, Sahara & Sahel",West,DT543.45.K57,,,False
lcc,10633,"French West Africa, Sahara & Sahel",West,DT543.45.M34,,,False
lcc,10633,"French West Africa, Sahara & Sahel",West,DT543.45.T65,,,False
lcc,3343,Guinean,West,DT543.5,,,False
lcc,54098,Political & Foreign Relations,Guinean,DT543.59,,,False
lcc,54100,Early to 1895,By Period,DT543.65,,,False
lcc,3343,Guinean,West,DT543.9,,,False
lcc,3340,"Gabon Gaboon, Gabun",Francophone Equatorial Africa,DT546.15,,,False
lcc,54078,Early to 1886,By Period,DT546.165,,,False
lcc,54079,1886-1960. French colony and territory,By Period,DT546.175,,,False
lcc,3337,Central African Republic,Francophone Equatorial Africa,DT546.35,,,False
lcc,54064,Early to 1910,By Period,DT546.365,,,False
lcc,54069,Political & Foreign Relations,Chad Tchad,DT546.46,,,False
lcc,3355,Nigerien,West,DT547.5,,,False
lcc,54123,Early to 1900,By Period,DT547.65,,,False
lcc,54124,1900-1960. French territory and colony,By Period,DT547.75,,,False
lcc,3374,West Sahara,North | West,DT548,,,False
lcc,3363,Senegalese,West,DT549.5,,,False
lcc,54138,Military & Naval,Senegalese,DT549.55,,,False
lcc,54139,Political & Foreign Relations,Senegalese,DT549.59,,,False
lcc,10633,"French West Africa, Sahara & Sahel",West,DT551.26,,,False
lcc,10633,"French West Africa, Sahara & Sahel",West,DT551.265,,,False
lcc,10633,"French West Africa, Sahara & Sahel",West,DT551.3,,,False
lcc,10633,"French West Africa, Sahara & Sahel",West,DT551.4,,,False
lcc,3351,Mali,West,DT551.5,,,False
lcc,54105,Political & Foreign Relations,Mali,DT551.6,,,False
lcc,54107,Early to 1898,By Period,DT551.65,,,False
lcc,10633,"French West Africa, Sahara & Sahel",West,DT551.9.T55,,,False
lcc,3352,Mauritania,West,DT554.57,,,False
lcc,54113,Military & Naval,Mauritania,DT554.583,,,False
lcc,54114,Political & Foreign Relations,Mauritania,DT554.59,,,False
lcc,3326,Burkina Faso. Upper Volta,West,DT555.57,,,False
lcc,54083,Political & Foreign Relations,Burkina Faso. Upper Volta,DT555.59,,,False
lcc,3328,"Cameroon Cameroun, Kamerun",Central,DT572,,,False
lcc,3370,Togo. Togoland,West,DT582.5,,,False
lcc,54342,Political & Foreign Relations,Togo. Togoland,DT582.59,,,False
lcc,54344,Through 1884,By Period,DT582.65,,,False
lcc,54345,1884-1922. German colony,By Period,DT582.7,,,False
lcc,10629,Geography,African,DT6.7,,,False
lcc,10723,Equatorial Guinean,West,DT620.5,,,False
lcc,54234,Political & Foreign Relations,Equatorial Guinean,DT620.6,,,False
lcc,3347,Liberian,West,DT631,,,False
lcc,54299,Political & Foreign Relations,Liberian,DT631.5,,,False
lcc,3330,Congo Kongo River region,Central,DT639,,,False
lcc,3375,DR Congo,Central,DT652,,,False
lcc,54350,Political & Foreign Relations,DR Congo,DT653,,,False
lcc,3635,Egyptian,North | Middle Eastern,DT77,,,False
lcc,3635,Egyptian,North | Middle Eastern,DT79,,,False
lcc,52298,Military & Naval,Egyptian,DT81,,,False
lcc,3635,Egyptian,North | Middle Eastern,DT94,,,False
lcc,10415,"Egypt, 638–1250",By Period,DT95.55,,,False
lcc,3676,Oceanian,By Region,DU,Oceania,,True
lcc,3677,Australian,Australia & New Zealand,DU110,,,False
lcc,3677,Australian,Australia & New Zealand,DU112,,,False
lcc,54737,Military & Naval,Australian,DU112.3,,,False
lcc,54737,Military & Naval,Australian,DU112.4,,,False
lcc,10176,National characteristics,"Social Life, Customs & Ethnography",DU121,,,False
lcc,54736,Canberra,Local,DU145,,,False
lcc,10741,Through 1800,South Pacific Voyages,DU20,,,False
lcc,10695,1801-1897,South Pacific Voyages,DU21,,,False
lcc,10456,1898-1950,South Pacific Voyages,DU22,,,False
lcc,10602,1951-1980,South Pacific Voyages,DU23,,,False
lcc,10447,1981-,South Pacific Voyages,DU23.5,,,False
lcc,10683,"Social Life, Customs & Ethnography",Oceanian,DU28,,,False
lcc,7892,Military & naval,Oceanian,DU28.35,,,False
lcc,3681,New Zealand,Australia & New Zealand,DU420,,,False
lcc,54742,Military & Naval,New Zealand,DU420.5,,,False
lcc,3679,Melanesia,Oceanian,DU490,,,False
lcc,3680,Micronesia,Oceanian,DU500,,,False
lcc,3682,Polynesia,Oceanian,DU510,,,False
lcc,3627,Romanies,Groups of people,DX,History of Romanies,,False
lcc,10403,Origin,Romani Historical Studies,DX135,,,False
lcc,10016,Magic & Divination,Romanies,DX155,,,False
lcc,9246,Folklore,Romanies,DX157,,,False
lcc,10481,Norse. Vinland,Pre-Columbian America Topics,E105,,,False
lcc,10663,Impact of American Exploration,Exploration of the Americas,E110,,,False
lcc,10386,Family,Columbus Cristoforo Colombo,E113,,,False
lcc,10646,Voyages. Journal of Columbus,Columbus Cristoforo Colombo,E118,,,False
lcc,8452,Earliest to 1606,Accounts of the Americas to 1810,E141,,,False
lcc,7565,1607-1810. Latin America,Accounts of the Americas to 1810,E143,,,False
lcc,8834,Philosophy of American,U.S.,E175.9,,,False
lcc,3402,U.S.,North American,E177,,,False
lcc,3402,U.S.,North American,E178,,,False
lcc,3402,U.S.,North American,E178.1,,,False
lcc,3402,U.S.,North American,E178.2,,,False
lcc,3402,U.S.,North American,E178.25,,,False
lcc,3402,U.S.,North American,E178.3,,,False
lcc,3402,U.S.,North American,E178.4,,,False
lcc,3402,U.S.,North American,E178.5,,,False
lcc,3402,U.S.,North American,E178.6,,,False
lcc,3402,U.S.,North American,E178.9,,,False
lcc,3402,U.S.,North American,E179,,,False
lcc,9765,Military & Naval,U.S.,E181,,,False
lcc,9765,Military & Naval,U.S.,E182,,,False
lcc,10114,U.S. Political Collectibles,Political & Foreign Relations,E183.3,,,False
lcc,51079,U.S.–Afghanistan Relations,Asia | Political & Foreign Relations,E183.8.A3,,,False
lcc,51080,U.S.–Argentina Relations,Americas | Political & Foreign Relations,E183.8.A7,,,False
lcc,51073,U.S.–Australia Relations,Oceania | Political & Foreign Relations,E183.8.A8,,,False
lcc,51074,U.S.–Brazil Relations,Americas | Political & Foreign Relations,E183.8.B7,,,False
lcc,51042,U.S.–Canada Relations,Americas | Political & Foreign Relations,E183.8.C2,,,False
lcc,51033,U.S.–China Relations,Asia | Political & Foreign Relations,E183.8.C5,,,False
lcc,51033,U.S.–China Relations,Asia | Political & Foreign Relations,E183.8.C6,,,False
lcc,51038,U.S.–Cuba Relations,Americas | Political & Foreign Relations,E183.8.C9,,,False
lcc,51081,U.S.–Egypt Relations,Middle East | Political & Foreign Relations,E183.8.E35,,,False
lcc,51043,U.S.–France Relations,Europe | Political & Foreign Relations,E183.8.F8,,,False
lcc,51040,U.S.–Germany Relations,Europe | Political & Foreign Relations,E183.8.G3,,,False
lcc,51037,U.S.–Great Britain Relations,Europe | Political & Foreign Relations,E183.8.G7,,,False
lcc,51049,U.S.–India Relations,Political & Foreign Relations | Asia,E183.8.I4,,,False
lcc,51039,U.S.–Iran Relations,Middle East | Political & Foreign Relations,E183.8.I55,,,False
lcc,51055,U.S.–Iraq Relations,Middle East | Political & Foreign Relations,E183.8.I57,,,False
lcc,51047,U.S.–Israel Relations,Middle East | Political & Foreign Relations,E183.8.I7,,,False
lcc,51066,U.S.–Italy Relations,Europe | Political & Foreign Relations,E183.8.I8,,,False
lcc,51035,U.S.–Japan Relations,Asia | Political & Foreign Relations,E183.8.J3,,,False
lcc,51041,U.S.–Korea Relations,Political & Foreign Relations | Asia,E183.8.K6,,,False
lcc,51041,U.S.–Korea Relations,Political & Foreign Relations | Asia,E183.8.K7,,,False
lcc,51048,U.S.–Mexico Relations,Americas | Political & Foreign Relations,E183.8.M6,,,False
lcc,51063,U.S.–Nicaragua Relations,Americas | Political & Foreign Relations,E183.8.N5,,,False
lcc,51075,U.S.–Pakistan Relations,Asia | Political & Foreign Relations,E183.8.P18,,,False
lcc,51072,U.S.–Panama Relations,Americas | Political & Foreign Relations,E183.8.P2,,,False
lcc,51036,U.S.–Russia Relations,Europe | Political & Foreign Relations,E183.8.R9,,,False
lcc,51064,U.S.–South Africa Relations,Africa | Political & Foreign Relations,E183.8.S6,,,False
lcc,51034,U.S.–Soviet Union Relations,Foreign Relations | Europe,E183.8.S65,,,False
lcc,51065,U.S.–Spain Relations,Europe | Political & Foreign Relations,E183.8.S7,,,False
lcc,51057,U.S.–Taiwan Relations,Asia | Political & Foreign Relations,E183.8.T3,,,False
lcc,51054,U.S.–Turkey Relations,Middle East | Political & Foreign Relations,E183.8.T8,,,False
lcc,51056,U.S.–Vietnam Relations,Asia | Political & Foreign Relations,E183.8.V5,,,False
lcc,3402,U.S.,North American,E183.9,,,False
lcc,13700,Americans Abroad,U.S.,E184.2,,,False
lcc,50876,Jewish American,Other Population Groups,E184.35,,,False
lcc,50876,Jewish American,Other Population Groups,E184.3512,,,False
lcc,50876,Jewish American,Other Population Groups,E184.352,,,False
lcc,50876,Jewish American,Other Population Groups,E184.353,,,False
lcc,50876,Jewish American,Other Population Groups,E184.354,,,False
lcc,50876,Jewish American,Other Population Groups,E184.355,,,False
lcc,50876,Jewish American,Other Population Groups,E184.36.A34,,,False
lcc,50876,Jewish American,Other Population Groups,E184.36.E84,,,False
lcc,50876,Jewish American,Other Population Groups,E184.36.I58,,,False
lcc,50876,Jewish American,Other Population Groups,E184.36.P64,,,False
lcc,50876,Jewish American,Other Population Groups,E184.36.S65,,,False
lcc,50876,Jewish American,Other Population Groups,E184.36.W64,,,False
lcc,3378,African American & Black,U.S.,E184.5,,,False
lcc,3378,African American & Black,U.S.,E184.6,,,False
lcc,3378,African American & Black,U.S.,E184.65,,,False
lcc,13702,Other Population Groups,U.S.,E184.A1,,,False
lcc,51245,French American,Other Population Groups,E184.A2,,,False
lcc,52176,Afghan American,Other Population Groups,E184.A23,,,False
lcc,51264,African Immigrant,Other Population Groups,E184.A24,,,False
lcc,13702,Other Population Groups,U.S.,E184.A26,,,False
lcc,51268,Albanian American,Other Population Groups,E184.A3,,,False
lcc,51245,French American,Other Population Groups,E184.A4,,,False
lcc,51159,Arab American,Other Population Groups,E184.A65,,,False
lcc,13702,Other Population Groups,U.S.,E184.A67,,,False
lcc,51236,Armenian American,Other Population Groups,E184.A7,,,False
lcc,50882,Asian American,Other Population Groups,E184.A75,,,False
lcc,51244,South Asian American,Other Population Groups,E184.A77,,,False
lcc,13702,Other Population Groups,U.S.,E184.A8,,,False
lcc,51252,European American,Other Population Groups,E184.A9,,,False
lcc,13702,Other Population Groups,U.S.,E184.A94,,,False
lcc,51258,Portuguese American,Other Population Groups,E184.A95,,,False
lcc,51252,European American,Other Population Groups,E184.B12,,,False
lcc,51244,South Asian American,Other Population Groups,E184.B13,,,False
lcc,50875,Spanish American,Other Population Groups,E184.B15,,,False
lcc,51252,European American,Other Population Groups,E184.B2,,,False
lcc,51244,South Asian American,Other Population Groups,E184.B26,,,False
lcc,51243,Czech American,Other Population Groups,E184.B67,,,False
lcc,13702,Other Population Groups,U.S.,E184.B674,,,False
lcc,51252,European American,Other Population Groups,E184.B675,,,False
lcc,13702,Other Population Groups,U.S.,E184.B676,,,False
lcc,52178,Brazilian American,Other Population Groups,E184.B68,,,False
lcc,51245,French American,Other Population Groups,E184.B69,,,False
lcc,51240,British American,Other Population Groups,E184.B7,,,False
lcc,51252,European American,Other Population Groups,E184.B8,,,False
lcc,52188,Southeast Asian American,Other Population Groups,E184.B87,,,False
lcc,51264,African Immigrant,Other Population Groups,E184.B89,,,False
lcc,51264,African Immigrant,Other Population Groups,E184.C17,,,False
lcc,52179,Canadian American,Other Population Groups,E184.C2,,,False
lcc,50875,Spanish American,Other Population Groups,E184.C22,,,False
lcc,51264,African Immigrant,Other Population Groups,E184.C24,,,False
lcc,51266,West Indian American,Other Population Groups,E184.C27,,,False
lcc,50875,Spanish American,Other Population Groups,E184.C29,,,False
lcc,51260,Catholic American,Other Population Groups,E184.C3,,,False
lcc,52180,Central American,Other Population Groups,E184.C34,,,False
lcc,13702,Other Population Groups,U.S.,E184.C36,,,False
lcc,50875,Spanish American,Other Population Groups,E184.C4,,,False
lcc,50877,Chinese American,Other Population Groups,E184.C5,,,False
lcc,52181,Colombian American,Other Population Groups,E184.C58,,,False
lcc,51240,British American,Other Population Groups,E184.C6,,,False
lcc,13702,Other Population Groups,U.S.,E184.C8,,,False
lcc,13702,Other Population Groups,U.S.,E184.C87,,,False
lcc,51166,Greek American,Other Population Groups,E184.C9,,,False
lcc,52182,Croatian American,Other Population Groups,E184.C93,,,False
lcc,51156,Cuban American,Other Population Groups,E184.C97,,,False
lcc,51252,European American,Other Population Groups,E184.C98,,,False
lcc,51253,Dominican American,Other Population Groups,E184.D6,,,False
lcc,51159,Arab American,Other Population Groups,E184.D78,,,False
lcc,51242,Dutch American,Other Population Groups,E184.D9,,,False
lcc,50882,Asian American,Other Population Groups,E184.E15,,,False
lcc,51252,European American,Other Population Groups,E184.E17,,,False
lcc,51160,Indian American,Other Population Groups,E184.E2,,,False
lcc,50875,Spanish American,Other Population Groups,E184.E28,,,False
lcc,51159,Arab American,Other Population Groups,E184.E38,,,False
lcc,51252,European American,Other Population Groups,E184.E7,,,False
lcc,51264,African Immigrant,Other Population Groups,E184.E74,,,False
lcc,51252,European American,Other Population Groups,E184.E95,,,False
lcc,51161,Filipino American,Other Population Groups,E184.F4,,,False
lcc,51251,Finnish American,Other Population Groups,E184.F5,,,False
lcc,51242,Dutch American,Other Population Groups,E184.F57,,,False
lcc,51245,French American,Other Population Groups,E184.F8,,,False
lcc,51245,French American,Other Population Groups,E184.F85,,,False
lcc,52186,Quaker American,Other Population Groups,E184.F89,,,False
lcc,51242,Dutch American,Other Population Groups,E184.F894,,,False
lcc,51264,African Immigrant,Other Population Groups,E184.G24,,,False
lcc,13702,Other Population Groups,U.S.,E184.G255,,,False
lcc,51252,European American,Other Population Groups,E184.G27,,,False
lcc,50879,German American,Other Population Groups,E184.G3,,,False
lcc,51264,African Immigrant,Other Population Groups,E184.G44,,,False
lcc,51166,Greek American,Other Population Groups,E184.G7,,,False
lcc,51266,West Indian American,Other Population Groups,E184.G75,,,False
lcc,52180,Central American,Other Population Groups,E184.G82,,,False
lcc,51244,South Asian American,Other Population Groups,E184.G84,,,False
lcc,3378,African American & Black,U.S.,E184.G85,,,False
lcc,13702,Other Population Groups,U.S.,E184.G86,,,False
lcc,51247,Haitian American,Other Population Groups,E184.H27,,,False
lcc,13702,Other Population Groups,U.S.,E184.H3,,,False
lcc,51256,Hmong American,Other Population Groups,E184.H55,,,False
lcc,52180,Central American,Other Population Groups,E184.H66,,,False
lcc,51245,French American,Other Population Groups,E184.H9,,,False
lcc,51238,Hungarian American,Other Population Groups,E184.H95,,,False
lcc,13702,Other Population Groups,U.S.,E184.H97,,,False
lcc,13702,Other Population Groups,U.S.,E184.I3,,,False
lcc,52188,Southeast Asian American,Other Population Groups,E184.I43,,,False
lcc,52188,Southeast Asian American,Other Population Groups,E184.I45,,,False
lcc,51239,Iranian American,Other Population Groups,E184.I5,,,False
lcc,51159,Arab American,Other Population Groups,E184.I55,,,False
lcc,50880,Irish American,Other Population Groups,E184.I6,,,False
lcc,50876,Jewish American,Other Population Groups,E184.I7,,,False
lcc,50878,Italian American,Other Population Groups,E184.I8,,,False
lcc,51264,African Immigrant,Other Population Groups,E184.I96,,,False
lcc,51266,West Indian American,Other Population Groups,E184.J27,,,False
lcc,50881,Japanese American,Other Population Groups,E184.J3,,,False
lcc,50876,Jewish American,Other Population Groups,E184.J5,,,False
lcc,50882,Asian American,Other Population Groups,E184.K3,,,False
lcc,51244,South Asian American,Other Population Groups,E184.K35,,,False
lcc,13702,Other Population Groups,U.S.,E184.K37,,,False
lcc,51264,African Immigrant,Other Population Groups,E184.K43,,,False
lcc,51255,Cambodian American,Other Population Groups,E184.K45,,,False
lcc,50883,Korean American,Other Population Groups,E184.K6,,,False
lcc,13702,Other Population Groups,U.S.,E184.K87,,,False
lcc,52188,Southeast Asian American,Other Population Groups,E184.L27,,,False
lcc,51159,Arab American,Other Population Groups,E184.L34,,,False
lcc,52183,Latvian American,Other Population Groups,E184.L4,,,False
lcc,51264,African Immigrant,Other Population Groups,E184.L53,,,False
lcc,51252,European American,Other Population Groups,E184.L55,,,False
lcc,51248,Lithuanian American,Other Population Groups,E184.L7,,,False
lcc,51244,South Asian American,Other Population Groups,E184.L87,,,False
lcc,51252,European American,Other Population Groups,E184.L88,,,False
lcc,51252,European American,Other Population Groups,E184.M3,,,False
lcc,51264,African Immigrant,Other Population Groups,E184.M33,,,False
lcc,51252,European American,Other Population Groups,E184.M34,,,False
lcc,51244,South Asian American,Other Population Groups,E184.M37,,,False
lcc,52184,Melungeon & Ramapo,Other Population Groups,E184.M44,,,False
lcc,51164,U.S. Mennonite & Amish,Other Population Groups,E184.M45,,,False
lcc,50874,Mexican American,Other Population Groups,E184.M47,,,False
lcc,50874,Mexican American,Other Population Groups,E184.M5,,,False
lcc,13702,Other Population Groups,U.S.,E184.M52,,,False
lcc,50875,Spanish American,Other Population Groups,E184.M53,,,False
lcc,50882,Asian American,Other Population Groups,E184.M65,,,False
lcc,51252,European American,Other Population Groups,E184.M66,,,False
lcc,51243,Czech American,Other Population Groups,E184.M7,,,False
lcc,52185,Mormon American,Other Population Groups,E184.M8,,,False
lcc,13702,Other Population Groups,U.S.,E184.M83,,,False
lcc,51162,Muslim American,Other Population Groups,E184.M88,,,False
lcc,52180,Central American,Other Population Groups,E184.N53,,,False
lcc,51259,Nigerian American,Other Population Groups,E184.N55,,,False
lcc,52188,Southeast Asian American,Other Population Groups,E184.N93,,,False
lcc,50882,Asian American,Other Population Groups,E184.O6,,,False
lcc,13702,Other Population Groups,U.S.,E184.P25,,,False
lcc,51244,South Asian American,Other Population Groups,E184.P28,,,False
lcc,50879,German American,Other Population Groups,E184.P3,,,False
lcc,51261,Palestinian American,Other Population Groups,E184.P33,,,False
lcc,52180,Central American,Other Population Groups,E184.P35,,,False
lcc,51244,South Asian American,Other Population Groups,E184.P36,,,False
lcc,13702,Other Population Groups,U.S.,E184.P47,,,False
lcc,51155,Polish American,Other Population Groups,E184.P7,,,False
lcc,51258,Portuguese American,Other Population Groups,E184.P8,,,False
lcc,51235,Puerto Rican,Other Population Groups,E184.P85,,,False
lcc,52184,Melungeon & Ramapo,Other Population Groups,E184.R3,,,False
lcc,51249,Romanian American,Other Population Groups,E184.R8,,,False
lcc,50879,German American,Other Population Groups,E184.R85,,,False
lcc,51157,Russian American,Other Population Groups,E184.R9,,,False
lcc,51264,African Immigrant,Other Population Groups,E184.R93,,,False
lcc,50881,Japanese American,Other Population Groups,E184.R97,,,False
lcc,51267,Salvadoran American,Other Population Groups,E184.S15,,,False
lcc,13702,Other Population Groups,U.S.,E184.S16,,,False
lcc,13702,Other Population Groups,U.S.,E184.S17,,,False
lcc,51254,Scandinavian American,Other Population Groups,E184.S18,,,False
lcc,51250,Danish American,Other Population Groups,E184.S19,,,False
lcc,51163,Norwegian American,Other Population Groups,E184.S2,,,False
lcc,51165,Swedish American,Other Population Groups,E184.S23,,,False
lcc,51241,Scottish American,Other Population Groups,E184.S3,,,False
lcc,51246,Scots-Irish American,Other Population Groups,E184.S4,,,False
lcc,51264,African Immigrant,Other Population Groups,E184.S48,,,False
lcc,51263,Serbian American,Other Population Groups,E184.S5,,,False
lcc,13702,Other Population Groups,U.S.,E184.S53,,,False
lcc,51264,African Immigrant,Other Population Groups,E184.S54,,,False
lcc,51244,South Asian American,Other Population Groups,E184.S55,,,False
lcc,51252,European American,Other Population Groups,E184.S6,,,False
lcc,51265,Slovak American,Other Population Groups,E184.S64,,,False
lcc,52187,Slovenian American,Other Population Groups,E184.S65,,,False
lcc,51270,Somali American,Other Population Groups,E184.S67,,,False
lcc,51252,European American,Other Population Groups,E184.S68,,,False
lcc,51244,South Asian American,Other Population Groups,E184.S69,,,False
lcc,52188,Southeast Asian American,Other Population Groups,E184.S695,,,False
lcc,50875,Spanish American,Other Population Groups,E184.S7,,,False
lcc,50875,Spanish American,Other Population Groups,E184.S75,,,False
lcc,51264,African Immigrant,Other Population Groups,E184.S77,,,False
lcc,50879,German American,Other Population Groups,E184.S78,,,False
lcc,51257,Swiss American,Other Population Groups,E184.S9,,,False
lcc,51159,Arab American,Other Population Groups,E184.S98,,,False
lcc,52189,Taiwanese American,Other Population Groups,E184.T35,,,False
lcc,52188,Southeast Asian American,Other Population Groups,E184.T4,,,False
lcc,50882,Asian American,Other Population Groups,E184.T53,,,False
lcc,13702,Other Population Groups,U.S.,E184.T66,,,False
lcc,51262,Turkish American,Other Population Groups,E184.T88,,,False
lcc,51237,Ukrainian American,Other Population Groups,E184.U5,,,False
lcc,13702,Other Population Groups,U.S.,E184.V46,,,False
lcc,51158,Vietnamese American,Other Population Groups,E184.V53,,,False
lcc,51252,European American,Other Population Groups,E184.W35,,,False
lcc,51269,Welsh American,Other Population Groups,E184.W4,,,False
lcc,13702,Other Population Groups,U.S.,E184.W5,,,False
lcc,51266,West Indian American,Other Population Groups,E184.W54,,,False
lcc,13702,Other Population Groups,U.S.,E184.W58,,,False
lcc,52177,Belarusian American,Other Population Groups,E184.W6,,,False
lcc,52188,Southeast Asian American,Other Population Groups,E184.Y36,,,False
lcc,51159,Arab American,Other Population Groups,E184.Y44,,,False
lcc,51264,African Immigrant,Other Population Groups,E184.Y66,,,False
lcc,51252,European American,Other Population Groups,E184.Y7,,,False
lcc,3402,U.S.,North American,E191,,,False
lcc,3402,U.S.,North American,E303-E309,,,False
lcc,3402,U.S.,North American,E337.5,,,False
lcc,10598,Geography,North American,E40.5,,,False
lcc,12240,Slavery,"Early Republic, 1775/1783–1861 | Social Classes | Inequality & Social Problems",E441-453,,,False
lcc,10494,Military,North American,E46.5,,,False
lcc,3408,Civil War Period,By Period | U.S.,E635,,,False
lcc,3408,Civil War Period,By Period | U.S.,E646.5,,,False
lcc,10542,Motion pictures about the war,U.S.,E656,,,False
lcc,51145,"Andrew Johnson, 1865–1869","Late 19th Century, 1865–1900",E670,,,False
lcc,51146,"Ulysses S. Grant, 1869–1877","Late 19th Century, 1865–1900",E675,,,False
lcc,51146,"Ulysses S. Grant, 1869–1877","Late 19th Century, 1865–1900",E680,,,False
lcc,51147,"Rutherford B. Hayes, 1877–1881","Late 19th Century, 1865–1900",E685,,,False
lcc,51149,"Chester A. Arthur, 1881–1885","Late 19th Century, 1865–1900",E695,,,False
lcc,51150,"Grover Cleveland, 1885–1889","Late 19th Century, 1865–1900",E700,,,False
lcc,51151,"Benjamin Harrison, 1889–1893","Late 19th Century, 1865–1900",E705,,,False
lcc,51152,"Grover Cleveland, 1893–1897","Late 19th Century, 1865–1900",E710,,,False
lcc,51153,"William McKinley, 1897–1901","Late 19th Century, 1865–1900",E738,,,False
lcc,10142,Un-American activities,Political & Foreign Relations,E743.5,,,False
lcc,50898,Indigenous of Alaska,Indians of North America,E78.A3,,,False
lcc,50892,Indigenous of Arizona,Indians of North America,E78.A7,,,False
lcc,50891,British Columbia Indigenous,Indians of North America,E78.B9,,,False
lcc,50887,California Indigenous,Indians of North America,E78.C15,,,False
lcc,50884,Indigenous of Canada,Indians of North America,E78.C2,,,False
lcc,50893,Eastern Woodlands Indigenous Hist.,Indians of North America,E78.E2,,,False
lcc,50897,Indigenous of Florida,Indians of North America,E78.F6,,,False
lcc,50886,Great Plains Indigenous,Indians of North America,E78.G73,,,False
lcc,50889,Indigenous of Illinois,Indians of North America,E78.I3,,,False
lcc,50902,New England Indigenous,Indians of North America,E78.N5,,,False
lcc,50900,New Mexico Indigenous,Indians of North America,E78.N65,,,False
lcc,50903,Pacific Northwest Indigenous Hist.,Indians of North America,E78.N77,,,False
lcc,50888,Northwest Coast Indigenous,Indians of North America,E78.N78,,,False
lcc,50899,Indigenous of Ontario,Indians of North America,E78.O5,,,False
lcc,50895,Indigenous of Québec,Indians of North America,E78.Q3,,,False
lcc,50890,Southern U.S. Indigenous,Indians of North America,E78.S65,,,False
lcc,50885,New Southwest Indigenous,Indians of North America,E78.S7,,,False
lcc,50896,Indigenous of Texas,Indians of North America,E78.T4,,,False
lcc,50901,Washington State Indigenous,Indians of North America,E78.W3,,,False
lcc,50894,American West Indigenous,Indians of North America,E78.W5,,,False
lcc,10187,Wars of the colonial period,Indian wars,E82,,,False
lcc,10627,"King Philip's War, 1675-1676",Individual wars,E83.67,,,False
lcc,10543,"First Seminole War, 1817-1818",Individual wars,E83.817,,,False
lcc,10758,"Black Hawk War, 1832",Individual wars,E83.83,,,False
lcc,10647,"Second Seminole War, 1835-1842",Individual wars,E83.835,,,False
lcc,10326,"Dakota–Sioux War, 1862–1865",Individual wars,E83.86,,,False
lcc,10142,Un-American activities,Political & Foreign Relations,E839.8,,,False
lcc,51082,"George W. Bush, 2001–2009",21st Century,E905,,,False
lcc,51082,"George W. Bush, 2001–2009",21st Century,E906,,,False
lcc,51083,"Barack Obama, 2009–2017",21st Century,E910,,,False
lcc,51083,"Barack Obama, 2009–2017",21st Century,E911,,,False
lcc,51084,"Donald Trump, 2017–2021",21st Century,E915,,,False
lcc,51085,"Joe Biden, 2021–2025",21st Century,E919,,,False
lcc,10700,Canadian Indigenous Relations,Government relations,E92,,,False
lcc,10642,U.S. Indigenous Relations,Government relations,E93,,,False
lcc,10432,Tribal Colleges,Indian schools,E97.55,,,False
lcc,10406,Native American Libraries,Indians of North America,E97.8,,,False
lcc,50849,Tribal Nations & Cultures,Indians of North America,E99,,,False
lcc,3400,Canadian,North American,F1026,,,False
lcc,54622,Military & Naval,Canadian,F1028,,,False
lcc,54622,Military & Naval,Canadian,F1028.5,,,False
lcc,54623,Political & Foreign Relations,Canadian,F1029.9,,,False
lcc,3400,Canadian,North American,F1030.7-F1030.8,,,False
lcc,3400,Canadian,North American,F1030.9,,,False
lcc,10443,1763-1867,British America | By Period,F1032,,,False
lcc,10559,"Dominion, 1867–1914",By Period,F1033,,,False
lcc,10489,1914-1945,By Period,F1034,,,False
lcc,3419,Middle Atlantic,Local,F106,,,False
lcc,3425,Saint Pierre and Miquelon,North American | French America,F1170,,,False
lcc,50816,New Netherland 1610–1664,Colonial Period | New York | Dutch America,F122.1,,,False
lcc,3391,Mexican,Latin American | North American,F1226,,,False
lcc,3391,Mexican,Latin American | North American,F1227,,,False
lcc,54617,Military & Naval,Mexican,F1227.5,,,False
lcc,11263,1519-1535,By Period,F1230,,,False
lcc,11267,"Viceroyalty, 1535–1810",By Period,F1231,,,False
lcc,11300,1810-1849,By Period,F1232,,,False
lcc,11287,1849-1867,By Period,F1232.5,,,False
lcc,11287,1849-1867,By Period,F1233,,,False
lcc,11297,1867-1910,By Period,F1233.5,,,False
lcc,11286,"Revolution, 1910–1920; Legacy to 1946",By Period,F1234,,,False
lcc,3387,Belizean,Latin American,F1446,,,False
lcc,11305,1945-,By Period,F1448,,,False
lcc,3389,Guatemalan,Latin American,F1466,,,False
lcc,54371,Military & Naval,Guatemalan,F1466.1,,,False
lcc,11301,1523-1838,By Period,F1466.4,,,False
lcc,11324,1838-1945,By Period,F1466.45,,,False
lcc,11269,1945-1985,By Period,F1466.5,,,False
lcc,11308,1985-,By Period,F1466.7,,,False
lcc,3394,Salvadoran,Latin American,F1486,,,False
lcc,54391,Military & Naval,Salvadoran,F1486.1,,,False
lcc,11226,1524-1838,By Period,F1487,,,False
lcc,11227,"1838–1944; Martinez, 1931–1944",By Period,F1487.5,,,False
lcc,11289,1944-1979,By Period,F1488,,,False
lcc,3390,Honduran,Latin American,F1506,,,False
lcc,54376,Military & Naval,Honduran,F1506.2,,,False
lcc,11277,1838-1933,By Period,F1507.5,,,False
lcc,3392,Nicaraguan,Latin American,F1526,,,False
lcc,54381,Military & Naval,Nicaraguan,F1526.1,,,False
lcc,11291,1522-1838,By Period,F1526.25,,,False
lcc,11316,1838-1909,By Period,F1526.27,,,False
lcc,11325,1909-1937,By Period,F1526.3,,,False
lcc,11274,1937-1979,By Period,F1527,,,False
lcc,3388,Costa Rican,Latin American,F1546,,,False
lcc,54366,Military & Naval,Costa Rican,F1546.2,,,False
lcc,11311,1502-1838,By Period,F1547,,,False
lcc,11323,1838-1948,By Period,F1547.5,,,False
lcc,11275,1948-1986,By Period,F1548,,,False
lcc,3393,Panamanian,Latin American,F1566,,,False
lcc,54386,Military & Naval,Panamanian,F1566.2,,,False
lcc,11247,1501-1903,By Period,F1566.45,,,False
lcc,11321,1903-1952,By Period,F1566.5,,,False
lcc,11245,1952-1981,By Period,F1567,,,False
lcc,3386,Bahamas,Latin American,F1656,,,False
lcc,54359,1973-,By Period,F1657.2,,,False
lcc,3380,Cuban,Latin American,F1776,,,False
lcc,54196,Military & Naval,Cuban,F1776.1,,,False
lcc,51195,Regions & Counties,Maryland,F186.9,,,False
lcc,3383,Jamaican,Latin American,F1881,,,False
lcc,54201,Political & Foreign Relations,Jamaican,F1882.4,,,False
lcc,54203,1494-1810,By Period,F1884,,,False
lcc,54204,1810-1962,By Period,F1886,,,False
lcc,54205,1962-,By Period,F1887,,,False
lcc,3382,Haitian,Latin American,F1921,,,False
lcc,54162,Military & Naval,Haitian,F1921.5,,,False
lcc,54165,1492-1803,By Period,F1923,,,False
lcc,54166,1804-1843,By Period,F1924,,,False
lcc,54167,1843-1915,By Period,F1926,,,False
lcc,54168,1915-1950,By Period,F1927,,,False
lcc,54169,1950-1986,By Period,F1928,,,False
lcc,3381,Dominican Republic,Latin American,F1938,,,False
lcc,54153,Military & Naval,Dominican Republic,F1938.1,,,False
lcc,54156,1492-1844,By Period,F1938.3,,,False
lcc,54157,1844-1930,By Period,F1938.4,,,False
lcc,54158,1930-1961,By Period,F1938.5,,,False
lcc,13830,Puerto Rican,Latin American,F1971,,,False
lcc,54242,1493-1898,By Period,F1973,,,False
lcc,54243,1898-1952,By Period,F1975,,,False
lcc,51177,Southern Historiography,South,F208.2,,,False
lcc,51178,Southern Geography,South,F209.8,,,False
lcc,51179,Southern Historic Places,South,F210,,,False
lcc,51180,Southern Antiquities,South,F211,,,False
lcc,51180,Southern Antiquities,South,F212,,,False
lcc,51181,"Southern, 1775–1865",South,F213,,,False
lcc,50819,British West Indies,Lesser Antilles & Caribbean | British America,F2131,,,False
lcc,3408,Civil War Period,By Period | U.S.,F214,,,False
lcc,50820,Dutch West Indies,Lesser Antilles & Caribbean | Dutch America,F2141,,,False
lcc,50821,French West Indies,Lesser Antilles & Caribbean | French America,F2151,,,False
lcc,3422,South,Local,F220.A1,,,False
lcc,5542,Colombian,Latin American,F2271,,,False
lcc,54479,Military & Naval,Colombian,F2271.4,,,False
lcc,11284,1499-1810,By Period,F2272,,,False
lcc,11264,1810-,By Period,F2273,,,False
lcc,11237,"Independence War, 1810–1822",By Period,F2274,,,False
lcc,11254,1822-1832,By Period,F2275,,,False
lcc,11276,1832-1886,By Period,F2276,,,False
lcc,11295,1886-1903,By Period,F2276.5,,,False
lcc,11320,1904-1946,By Period,F2277,,,False
lcc,11310,1946-1974,By Period,F2278,,,False
lcc,50989,1951–,Virginia,F231.3.A2,,,False
lcc,51200,Regions & Counties,Virginia,F231.9,,,False
lcc,3430,Venezuelan,Latin American,F2321,,,False
lcc,54415,Military & Naval,Venezuelan,F2321.1,,,False
lcc,11281,1498-1806/1810,By Period,F2322,,,False
lcc,11292,1806/1810-,By Period,F2322.8,,,False
lcc,11249,1806-1812,By Period,F2323,,,False
lcc,11279,"Independence, 1810–1830 war to 1823",By Period,F2324,,,False
lcc,11265,1830-1935,By Period,F2325,,,False
lcc,11230,1935-1958,By Period,F2326,,,False
lcc,10366,Guyanese,Latin American | British America,F2381,,,False
lcc,11306,1803-1966,By Period,F2384,,,False
lcc,11268,1966-,By Period,F2385,,,False
lcc,10589,Surinamese,Latin American | Dutch America,F2421,,,False
lcc,11239,1604-1814,By Period,F2423,,,False
lcc,11299,1950-1975,By Period,F2425,,,False
lcc,50822,French Guiana,Latin American | French America,F2461,,,False
lcc,54248,1626-1814,By Period,F2462,,,False
lcc,54249,1814-1946,By Period,F2463,,,False
lcc,54250,1947-,By Period,F2464,,,False
lcc,3427,Brazilian,Latin American,F2521,,,False
lcc,54401,Military & Naval,Brazilian,F2522,,,False
lcc,11296,1500-1821,By Period,F2524,,,False
lcc,11241,1500-1548,By Period,F2526,,,False
lcc,50824,"French Colony, 1555–1567",French America | By Period,F2529,,,False
lcc,50823,"Dutch Rule, 1624–1654",Dutch America | By Period,F2532,,,False
lcc,11313,1763-1821,By Period,F2534,,,False
lcc,11256,1822-,By Period,F2535,,,False
lcc,11228,"Empire, 1822-1889",By Period,F2536,,,False
lcc,11261,"Republic, 1889-",By Period,F2537,,,False
lcc,11312,"Vargas Era, 1930–1954",By Period,F2538,,,False
lcc,5544,Paraguayan,Latin American,F2681,,,False
lcc,54489,Military & Naval,Paraguayan,F2681.5,,,False
lcc,11304,1527-1811,By Period,F2683,,,False
lcc,11304,1527-1811,By Period,F2684,,,False
lcc,11278,"Three Dictators, 1811–1870",By Period,F2686,,,False
lcc,11280,"Paraguayan War, 1865-1870",By Period,F2687,,,False
lcc,11234,1870-1938,By Period,F2688,,,False
lcc,11272,"Chaco War, 1932-1935",By Period,F2688.5,,,False
lcc,11317,1938-1989,By Period,F2689,,,False
lcc,5545,Uruguayan,Latin American,F2721,,,False
lcc,54494,Military & Naval,Uruguayan,F2721.5,,,False
lcc,11262,1516-1811,By Period,F2723,,,False
lcc,11293,1811-,By Period,F2724,,,False
lcc,11250,1811-1830,By Period,F2725,,,False
lcc,11253,1830-1904,By Period,F2726,,,False
lcc,11252,"1904–1973; Batlle Era, 1903–1929",By Period,F2728,,,False
lcc,10499,Argentine,Latin American,F2831,,,False
lcc,54499,Military & Naval,Argentine,F2832,,,False
lcc,54502,1516-1810,By Period,F2841,,,False
lcc,54503,1810-,By Period,F2843,,,False
lcc,5544,Paraguayan,Latin American,F2857.P2,,,False
lcc,5545,Uruguayan,Latin American,F2857.U7,,,False
lcc,51216,Regions & Counties,Georgia,F291.7,,,False
lcc,51216,Regions & Counties,Georgia,F291.8,,,False
lcc,51184,Gulf States,South,F296,,,False
lcc,3439,Florida,South,F301,,,False
lcc,3428,Chilean,Latin American,F3081,,,False
lcc,54405,Military & Naval,Chilean,F3082,,,False
lcc,11270,1535-1810,By Period,F3091,,,False
lcc,3439,Florida,South,F316.2-F316.23,,,False
lcc,3426,Bolivian,Latin American,F3321,,,False
lcc,54396,Military & Naval,Bolivian,F3321.1,,,False
lcc,11235,1538-1809. Upper Peru,By Period,F3322,,,False
lcc,11314,"Independence Wars, 1809–1825",By Period,F3323,,,False
lcc,11282,1825-1884,By Period,F3324,,,False
lcc,11283,1884-1938,By Period,F3325,,,False
lcc,11315,1938-1982,By Period,F3326,,,False
lcc,11258,1982-,By Period,F3327,,,False
lcc,3429,Peruvian,Latin American,F3431,,,False
lcc,54410,Military & Naval,Peruvian,F3432,,,False
lcc,11271,1522-1548,By Period,F3442,,,False
lcc,11318,1548-1820,By Period,F3444,,,False
lcc,11236,1820-1829,By Period,F3446,,,False
lcc,50817,Colonial Louisiana to 1803,Colonial Period | Louisiana | French America,F372,,,False
lcc,5543,Ecuadorian,Latin American,F3731,,,False
lcc,54484,Military & Naval,Ecuadorian,F3731.5,,,False
lcc,54485,Political & Foreign Relations,Ecuadorian,F3732,,,False
lcc,11255,"Colonial Era, 1526–1809",By Period,F3733,,,False
lcc,11309,"Independence Wars, 1809–1830",By Period,F3734,,,False
lcc,11229,"1830–1895; Moreno Era, 1860–1895",By Period,F3736,,,False
lcc,11298,1895-1944,By Period,F3737,,,False
lcc,11242,1944-1984,By Period,F3738,,,False
lcc,50904,Mississippi Valley & Middle West,Midwest,F396,,,False
lcc,51307,Regions & Counties,Tennessee,F442.1,,,False
lcc,51307,Regions & Counties,Tennessee,F442.2,,,False
lcc,51307,Regions & Counties,Tennessee,F442.3,,,False
lcc,3423,West,Local,F597,,,False
lcc,50912,Regional,Great Plains,F598,,,False
lcc,50908,Rocky Mountains,West,F718,,,False
lcc,50908,Rocky Mountains,West,F721,,,False
lcc,50908,Rocky Mountains,West,F722,,,False
lcc,50910,Pacific States & Pacific Northwest,West,F851.5,,,False
lcc,50910,Pacific States & Pacific Northwest,West,F851.7,,,False
lcc,51324,Regions & Boroughs,Alaska,F951,,,False
lcc,51271,U.S. Territories,Local,F965,,,False
lcc,51272,U.S. Insular Possessions,Local,F970,,,False
lcc,3400,Canadian,North American,FC,,,False
lcc,12240,Slavery,"Early Republic, 1775/1783–1861 | Social Classes | Inequality & Social Problems",HT851-1445,,,False
lcc,7674,Fascism,European Bibliography | Interwar European Society,Z2000.7,,,False
bisac,3319,History,,HIS000000,History,,True
bisac,3320,African,By Region,HIS001000,Africa,,True
bisac,3329,Central,African,HIS001010,Central Africa,,False
bisac,3332,East,African,HIS001020,East Africa,,False
bisac,3357,North,African,HIS001030,North Africa,,False
bisac,3366,Southern,African,HIS001040,Southern Africa,,False
bisac,3373,West,African,HIS001050,West Africa,,False
bisac,3480,Ancient,Eras,HIS002000,Ancient History,,False
bisac,3482,Greece,Ancient,HIS002010,Greece,,False
bisac,3483,Rome,Ancient,HIS002020,Rome,,False
bisac,3481,Ancient Egypt,Ancient | By Period,HIS002030,Egypt,,False
bisac,3485,Asian,By Region,HIS003000,Asia,,True
bisac,3678,Australia & New Zealand,Oceanian,HIS004000,Australia & New Zealand,,False
bisac,3519,Baltic States,North,HIS005000,Baltic States,,False
bisac,3400,Canadian,North American,HIS006010,Pre-Confederation,,True
bisac,3400,Canadian,North American,HIS006020,Post-Confederation,,True
bisac,3400,Canadian,North American,HIS006030,"Provincial, Territorial & Local",,True
bisac,3400,Canadian,North American,HIS006040,Atlantic Provinces,,True
bisac,3400,Canadian,North American,HIS006050,British Columbia,,True
bisac,3400,Canadian,North American,HIS006060,Northern Territories,,True
bisac,3400,Canadian,North American,HIS006070,Ontario,,True
bisac,3400,Canadian,North American,HIS006080,Prairie Provinces,,True
bisac,3400,Canadian,North American,HIS006090,Quebec,,True
bisac,3385,Latin American,By Region,HIS007000,Central America,,True
bisac,3493,Chinese,East,HIS008000,China,,True
bisac,3635,Egyptian,North | Middle Eastern,HIS009000,Egypt,,True
bisac,3517,European,By Region,HIS010000,Europe,,True
bisac,3522,East,European,HIS010010,Eastern Europe,,True
bisac,3615,West,European,HIS010020,Western Europe,,True
bisac,3523,French,West,HIS013000,France,,True
bisac,3524,German,Central,HIS014000,Germany,,True
bisac,3521,British Isles,West,HIS015000,British Isles,,False
bisac,3528,Middle Ages,By Period,HIS015010,Middle Ages,,False
bisac,3529,Norman & Late Medieval Era,By Period,HIS015020,Norman Conquest to Late Medieval,,False
bisac,3532,"Tudor & Elizabethan Era, 1485–1603",By Period,HIS015030,Tudor & Elizabethan Era,,False
bisac,3531,"Stuart Era, 1603–1714",By Period,HIS015040,Stuart Era,,False
bisac,3527,"Georgian Era, 1714–1837",By Period,HIS015050,Georgian Era,,False
bisac,3533,"Victorian Era, 1837–1901",By Period,HIS015060,Victorian Era,,False
bisac,3525,20th Century,By Period,HIS015070,20th Century,,True
bisac,3526,21st Century,By Period,HIS015080,21st Century,,True
bisac,3530,Scottish,British Isles,HIS015090,Scotland,,True
bisac,3534,Welsh,British Isles,HIS015100,Wales,,True
bisac,3319,History,,HIS016000,Historiography,,True
bisac,3508,South,Asian,HIS017000,South Asia,,False
bisac,3606,Irish,British Isles,HIS018000,Ireland,,True
bisac,3638,Israel & Palestine,Middle Eastern,HIS019000,Israel & Palestine,,False
bisac,3607,Italian,South,HIS020000,Italy,,True
bisac,3498,Japanese,East,HIS021000,Japan,,True
bisac,3630,Jewish,Groups of people,HIS022000,Jewish,,False
bisac,3500,Korean,East,HIS023000,Korea,,True
bisac,3385,Latin American,By Region,HIS024000,Latin America,,False
bisac,3391,Mexican,Latin American | North American,HIS025000,Mexico,,True
bisac,3633,Middle Eastern,By Region,HIS026000,Middle East,,False
bisac,3634,Arabian Peninsula & Saudi Arabia,Middle Eastern,HIS026010,Arabian Peninsula & Saudi Arabia,,False
bisac,3636,Iranian,Middle Eastern,HIS026020,Iran,,True
bisac,3637,Iraqi,Middle Eastern,HIS026030,Iraq,,True
bisac,3639,Syrian,Middle Eastern,HIS026040,Syria,,True
bisac,3640,Military,History,HIS027000,"Military History, Wars & Conflicts",,False
bisac,3643,Biological & Chemical Warfare,Weapons,HIS027010,Biological & Chemical Warfare,,False
bisac,3689,Korean War,Modern Conflicts,HIS027020,Korean War,,False
bisac,3653,Nuclear Warfare,Weapons,HIS027030,Nuclear Warfare,,False
bisac,3691,Persian Gulf War,Modern Conflicts,HIS027040,Persian Gulf War,,False
bisac,3654,Pictorial,Military,HIS027050,Pictorial,,False
bisac,3657,Strategy,Military,HIS027060,Strategy,,False
bisac,3692,Vietnam War,Modern Conflicts,HIS027070,Vietnam War,,False
bisac,3665,Weapons,Technology,HIS027080,Weapons,,False
bisac,3694,World War I,20th Century | World Wars,HIS027090,World War I,,False
bisac,3695,World War II,20th Century | World Wars,HIS027100,World War II,,False
bisac,3659,U.S.,Military,HIS027110,United States,,True
bisac,3664,Veterans,Military,HIS027120,Veterans,,False
bisac,3640,Military,History,HIS027130,"Military History, Wars & Conflicts",,False
bisac,3642,Aviation & Space,"Forces, Domains & Operations",HIS027140,Aviation & Space,,False
bisac,3652,Naval,"Forces, Domains & Operations",HIS027150,Naval,,False
bisac,3644,Canadian,Military,HIS027160,Canada,,True
bisac,3688,Iraq War,Modern Conflicts,HIS027170,Iraq War,,False
bisac,3656,Special Forces,"Forces, Domains & Operations",HIS027180,Special Forces,,False
bisac,3686,Afghan War,Modern Conflicts,HIS027190,Afghan War,,False
bisac,3690,Napoleonic Wars,Eras & Early Wars,HIS027200,Napoleonic Wars,,False
bisac,3411,"Early 19th C., 1801/1809–1845","By Period | Early Republic, 1775/1783–1861",HIS027210,War of 1812,,True
bisac,3641,Ancient Warfare,Eras & Early Wars,HIS027220,Ancient,,False
bisac,3651,Medieval Warfare,Eras & Early Wars,HIS027230,Medieval,,False
bisac,3660,Vehicles,Technology,HIS027240,Vehicles,,False
bisac,3645,Civil Wars,Eras & Early Wars,HIS027250,Civil Wars,,False
bisac,3646,Early Modern Warfare,Eras & Early Wars,HIS027260,Early Modern Warfare,,False
bisac,3647,Fortifications,Technology,HIS027270,Fortifications,,False
bisac,3648,Guerrilla Warfare,Military,HIS027280,Guerilla Warfare,,False
bisac,3649,Intelligence & Espionage,Military,HIS027290,Intelligence & Espionage,,False
bisac,3650,Land Forces,"Forces, Domains & Operations",HIS027300,Land Forces,,False
bisac,3658,Uniforms,Military,HIS027310,Uniforms,,False
bisac,3661,Air,Vehicles,HIS027320,Air,,False
bisac,3662,Land,Vehicles,HIS027330,Land,,False
bisac,3663,Sea,Vehicles,HIS027340,Sea,,False
bisac,3687,Crusades,Eras & Early Wars,HIS027350,Crusades,,False
bisac,3696,Eastern Front,World War II,HIS027360,Eastern Front,,False
bisac,3697,European Theater,World War II,HIS027370,European Theater,,False
bisac,3698,Mediterranean Theater,World War II,HIS027380,Mediterranean Theater,,False
bisac,3699,Pacific Theater,World War II,HIS027390,Pacific Theater,,False
bisac,3384,Indigenous Peoples of the Americas,The Americas,HIS028000,Indigenous Peoples of the Americas,,False
bisac,3395,North American,By Region,HIS029000,North America,,False
bisac,3319,History,,HIS030000,History,,True
bisac,3655,Revolutions & Wars of Independence,Eras & Early Wars,HIS031000,Revolutions & Wars of Independence,,False
bisac,3522,East,European,HIS032000,Russia & the Former Soviet Union,,True
bisac,3385,Latin American,By Region,HIS033000,South America,,True
bisac,3684,Education,History,HIS035000,Study & Teaching,,True
bisac,3402,U.S.,North American,HIS036000,United States,,True
bisac,54762,Other,Local,HIS036010,Regions of the United States,,True
bisac,50816,New Netherland 1610–1664,Colonial Period | New York | Dutch America,HIS036020,Colonial Period,"50817: Colonial Louisiana to 1803 | 50818: Colonial Florida to 1821 | 51337: Colonial America, 1607–1689 | 51338: Colonial America, 1689–1775",True
bisac,50817,Colonial Louisiana to 1803,Colonial Period | Louisiana | French America,HIS036020,Colonial Period,"50816: New Netherland 1610–1664 | 50818: Colonial Florida to 1821 | 51337: Colonial America, 1607–1689 | 51338: Colonial America, 1689–1775",False
bisac,50818,Colonial Florida to 1821,Colonial Period | Florida | British America | French America,HIS036020,Colonial Period,"50816: New Netherland 1610–1664 | 50817: Colonial Louisiana to 1803 | 51337: Colonial America, 1607–1689 | 51338: Colonial America, 1689–1775",False
bisac,51337,"Colonial America, 1607–1689",Colonial Period,HIS036020,Colonial Period,"50816: New Netherland 1610–1664 | 50817: Colonial Louisiana to 1803 | 50818: Colonial Florida to 1821 | 51338: Colonial America, 1689–1775",False
bisac,51338,"Colonial America, 1689–1775",Colonial Period,HIS036020,Colonial Period,"50816: New Netherland 1610–1664 | 50817: Colonial Louisiana to 1803 | 50818: Colonial Florida to 1821 | 51337: Colonial America, 1607–1689",False
bisac,51119,Revolutionary Era Biography,"The Revolution, 1775-1783 | By Period",HIS036030,Revolutionary Period,51120: American Revolution Politics | 51121: Declaration of Independence | 51122: Revolutionary War Operations | 51123: American Revolution Diplomacy | 51124: Revolutionary Armies & Troops | 51125: Revolutionary Naval | 51126: Revolutionary War Life Writing | 51127: American Revolution: Women | 51128: Loyalists | 51129: Revolutionary War Espionage | 51130: Revolutionary War Prisoners | 51131: Revolutionary War Medicine | 51132: U.S. Revolution: Memory & Culture,False
bisac,51120,American Revolution Politics,"The Revolution, 1775-1783 | By Period",HIS036030,Revolutionary Period,51119: Revolutionary Era Biography | 51121: Declaration of Independence | 51122: Revolutionary War Operations | 51123: American Revolution Diplomacy | 51124: Revolutionary Armies & Troops | 51125: Revolutionary Naval | 51126: Revolutionary War Life Writing | 51127: American Revolution: Women | 51128: Loyalists | 51129: Revolutionary War Espionage | 51130: Revolutionary War Prisoners | 51131: Revolutionary War Medicine | 51132: U.S. Revolution: Memory & Culture,True
bisac,51121,Declaration of Independence,"The Revolution, 1775-1783",HIS036030,Revolutionary Period,51119: Revolutionary Era Biography | 51120: American Revolution Politics | 51122: Revolutionary War Operations | 51123: American Revolution Diplomacy | 51124: Revolutionary Armies & Troops | 51125: Revolutionary Naval | 51126: Revolutionary War Life Writing | 51127: American Revolution: Women | 51128: Loyalists | 51129: Revolutionary War Espionage | 51130: Revolutionary War Prisoners | 51131: Revolutionary War Medicine | 51132: U.S. Revolution: Memory & Culture,True
bisac,51122,Revolutionary War Operations,"The Revolution, 1775-1783 | By Period",HIS036030,Revolutionary Period,51119: Revolutionary Era Biography | 51120: American Revolution Politics | 51121: Declaration of Independence | 51123: American Revolution Diplomacy | 51124: Revolutionary Armies & Troops | 51125: Revolutionary Naval | 51126: Revolutionary War Life Writing | 51127: American Revolution: Women | 51128: Loyalists | 51129: Revolutionary War Espionage | 51130: Revolutionary War Prisoners | 51131: Revolutionary War Medicine | 51132: U.S. Revolution: Memory & Culture,False
bisac,51123,American Revolution Diplomacy,"The Revolution, 1775-1783",HIS036030,Revolutionary Period,51119: Revolutionary Era Biography | 51120: American Revolution Politics | 51121: Declaration of Independence | 51122: Revolutionary War Operations | 51124: Revolutionary Armies & Troops | 51125: Revolutionary Naval | 51126: Revolutionary War Life Writing | 51127: American Revolution: Women | 51128: Loyalists | 51129: Revolutionary War Espionage | 51130: Revolutionary War Prisoners | 51131: Revolutionary War Medicine | 51132: U.S. Revolution: Memory & Culture,True
bisac,51124,Revolutionary Armies & Troops,"The Revolution, 1775-1783 | By Period",HIS036030,Revolutionary Period,51119: Revolutionary Era Biography | 51120: American Revolution Politics | 51121: Declaration of Independence | 51122: Revolutionary War Operations | 51123: American Revolution Diplomacy | 51125: Revolutionary Naval | 51126: Revolutionary War Life Writing | 51127: American Revolution: Women | 51128: Loyalists | 51129: Revolutionary War Espionage | 51130: Revolutionary War Prisoners | 51131: Revolutionary War Medicine | 51132: U.S. Revolution: Memory & Culture,False
bisac,51125,Revolutionary Naval,"The Revolution, 1775-1783 | By Period",HIS036030,Revolutionary Period,51119: Revolutionary Era Biography | 51120: American Revolution Politics | 51121: Declaration of Independence | 51122: Revolutionary War Operations | 51123: American Revolution Diplomacy | 51124: Revolutionary Armies & Troops | 51126: Revolutionary War Life Writing | 51127: American Revolution: Women | 51128: Loyalists | 51129: Revolutionary War Espionage | 51130: Revolutionary War Prisoners | 51131: Revolutionary War Medicine | 51132: U.S. Revolution: Memory & Culture,False
bisac,51126,Revolutionary War Life Writing,"The Revolution, 1775-1783",HIS036030,Revolutionary Period,51119: Revolutionary Era Biography | 51120: American Revolution Politics | 51121: Declaration of Independence | 51122: Revolutionary War Operations | 51123: American Revolution Diplomacy | 51124: Revolutionary Armies & Troops | 51125: Revolutionary Naval | 51127: American Revolution: Women | 51128: Loyalists | 51129: Revolutionary War Espionage | 51130: Revolutionary War Prisoners | 51131: Revolutionary War Medicine | 51132: U.S. Revolution: Memory & Culture,False
bisac,51127,American Revolution: Women,"The Revolution, 1775-1783",HIS036030,Revolutionary Period,51119: Revolutionary Era Biography | 51120: American Revolution Politics | 51121: Declaration of Independence | 51122: Revolutionary War Operations | 51123: American Revolution Diplomacy | 51124: Revolutionary Armies & Troops | 51125: Revolutionary Naval | 51126: Revolutionary War Life Writing | 51128: Loyalists | 51129: Revolutionary War Espionage | 51130: Revolutionary War Prisoners | 51131: Revolutionary War Medicine | 51132: U.S. Revolution: Memory & Culture,True
bisac,51128,Loyalists,"The Revolution, 1775-1783",HIS036030,Revolutionary Period,51119: Revolutionary Era Biography | 51120: American Revolution Politics | 51121: Declaration of Independence | 51122: Revolutionary War Operations | 51123: American Revolution Diplomacy | 51124: Revolutionary Armies & Troops | 51125: Revolutionary Naval | 51126: Revolutionary War Life Writing | 51127: American Revolution: Women | 51129: Revolutionary War Espionage | 51130: Revolutionary War Prisoners | 51131: Revolutionary War Medicine | 51132: U.S. Revolution: Memory & Culture,True
bisac,51129,Revolutionary War Espionage,"The Revolution, 1775-1783",HIS036030,Revolutionary Period,51119: Revolutionary Era Biography | 51120: American Revolution Politics | 51121: Declaration of Independence | 51122: Revolutionary War Operations | 51123: American Revolution Diplomacy | 51124: Revolutionary Armies & Troops | 51125: Revolutionary Naval | 51126: Revolutionary War Life Writing | 51127: American Revolution: Women | 51128: Loyalists | 51130: Revolutionary War Prisoners | 51131: Revolutionary War Medicine | 51132: U.S. Revolution: Memory & Culture,False
bisac,51130,Revolutionary War Prisoners,"The Revolution, 1775-1783",HIS036030,Revolutionary Period,51119: Revolutionary Era Biography | 51120: American Revolution Politics | 51121: Declaration of Independence | 51122: Revolutionary War Operations | 51123: American Revolution Diplomacy | 51124: Revolutionary Armies & Troops | 51125: Revolutionary Naval | 51126: Revolutionary War Life Writing | 51127: American Revolution: Women | 51128: Loyalists | 51129: Revolutionary War Espionage | 51131: Revolutionary War Medicine | 51132: U.S. Revolution: Memory & Culture,False
bisac,51131,Revolutionary War Medicine,"The Revolution, 1775-1783",HIS036030,Revolutionary Period,51119: Revolutionary Era Biography | 51120: American Revolution Politics | 51121: Declaration of Independence | 51122: Revolutionary War Operations | 51123: American Revolution Diplomacy | 51124: Revolutionary Armies & Troops | 51125: Revolutionary Naval | 51126: Revolutionary War Life Writing | 51127: American Revolution: Women | 51128: Loyalists | 51129: Revolutionary War Espionage | 51130: Revolutionary War Prisoners | 51132: U.S. Revolution: Memory & Culture,False
bisac,51132,U.S. Revolution: Memory & Culture,"The Revolution, 1775-1783",HIS036030,Revolutionary Period,51119: Revolutionary Era Biography | 51120: American Revolution Politics | 51121: Declaration of Independence | 51122: Revolutionary War Operations | 51123: American Revolution Diplomacy | 51124: Revolutionary Armies & Troops | 51125: Revolutionary Naval | 51126: Revolutionary War Life Writing | 51127: American Revolution: Women | 51128: Loyalists | 51129: Revolutionary War Espionage | 51130: Revolutionary War Prisoners | 51131: Revolutionary War Medicine,True
bisac,3404,19th Century,By Period,HIS036040,19th Century,,True
bisac,51086,Civil War Biography,Civil War Period | By Period,HIS036050,Civil War Period,51088: Civil War Diplomatic | 51089: Civil War Military Operations | 51090: Civil War Finance & Commerce | 51091: Confederate States of America | 51092: Civil War Armies & Troops | 51093: Civil War Naval | 51094: Civil War Personal Narratives | 51095: Civil War Prisoners & Prisons | 51096: Civil War Medicine & Hospitals | 51097: Civil War Relief & Charities | 51098: Civil War Memorials | 51099: Civil War Visual Material,False
bisac,51088,Civil War Diplomatic,Civil War Period,HIS036050,Civil War Period,51086: Civil War Biography | 51089: Civil War Military Operations | 51090: Civil War Finance & Commerce | 51091: Confederate States of America | 51092: Civil War Armies & Troops | 51093: Civil War Naval | 51094: Civil War Personal Narratives | 51095: Civil War Prisoners & Prisons | 51096: Civil War Medicine & Hospitals | 51097: Civil War Relief & Charities | 51098: Civil War Memorials | 51099: Civil War Visual Material,False
bisac,51089,Civil War Military Operations,Civil War Period | By Period,HIS036050,Civil War Period,51086: Civil War Biography | 51088: Civil War Diplomatic | 51090: Civil War Finance & Commerce | 51091: Confederate States of America | 51092: Civil War Armies & Troops | 51093: Civil War Naval | 51094: Civil War Personal Narratives | 51095: Civil War Prisoners & Prisons | 51096: Civil War Medicine & Hospitals | 51097: Civil War Relief & Charities | 51098: Civil War Memorials | 51099: Civil War Visual Material,False
bisac,51090,Civil War Finance & Commerce,Civil War Period,HIS036050,Civil War Period,51086: Civil War Biography | 51088: Civil War Diplomatic | 51089: Civil War Military Operations | 51091: Confederate States of America | 51092: Civil War Armies & Troops | 51093: Civil War Naval | 51094: Civil War Personal Narratives | 51095: Civil War Prisoners & Prisons | 51096: Civil War Medicine & Hospitals | 51097: Civil War Relief & Charities | 51098: Civil War Memorials | 51099: Civil War Visual Material,False
bisac,51091,Confederate States of America,Civil War Period,HIS036050,Civil War Period,51086: Civil War Biography | 51088: Civil War Diplomatic | 51089: Civil War Military Operations | 51090: Civil War Finance & Commerce | 51092: Civil War Armies & Troops | 51093: Civil War Naval | 51094: Civil War Personal Narratives | 51095: Civil War Prisoners & Prisons | 51096: Civil War Medicine & Hospitals | 51097: Civil War Relief & Charities | 51098: Civil War Memorials | 51099: Civil War Visual Material,True
bisac,51092,Civil War Armies & Troops,Civil War Period | By Period,HIS036050,Civil War Period,51086: Civil War Biography | 51088: Civil War Diplomatic | 51089: Civil War Military Operations | 51090: Civil War Finance & Commerce | 51091: Confederate States of America | 51093: Civil War Naval | 51094: Civil War Personal Narratives | 51095: Civil War Prisoners & Prisons | 51096: Civil War Medicine & Hospitals | 51097: Civil War Relief & Charities | 51098: Civil War Memorials | 51099: Civil War Visual Material,False
bisac,51093,Civil War Naval,Civil War Period | By Period,HIS036050,Civil War Period,51086: Civil War Biography | 51088: Civil War Diplomatic | 51089: Civil War Military Operations | 51090: Civil War Finance & Commerce | 51091: Confederate States of America | 51092: Civil War Armies & Troops | 51094: Civil War Personal Narratives | 51095: Civil War Prisoners & Prisons | 51096: Civil War Medicine & Hospitals | 51097: Civil War Relief & Charities | 51098: Civil War Memorials | 51099: Civil War Visual Material,False
bisac,51094,Civil War Personal Narratives,Civil War Period,HIS036050,Civil War Period,51086: Civil War Biography | 51088: Civil War Diplomatic | 51089: Civil War Military Operations | 51090: Civil War Finance & Commerce | 51091: Confederate States of America | 51092: Civil War Armies & Troops | 51093: Civil War Naval | 51095: Civil War Prisoners & Prisons | 51096: Civil War Medicine & Hospitals | 51097: Civil War Relief & Charities | 51098: Civil War Memorials | 51099: Civil War Visual Material,False
bisac,51095,Civil War Prisoners & Prisons,Civil War Period,HIS036050,Civil War Period,51086: Civil War Biography | 51088: Civil War Diplomatic | 51089: Civil War Military Operations | 51090: Civil War Finance & Commerce | 51091: Confederate States of America | 51092: Civil War Armies & Troops | 51093: Civil War Naval | 51094: Civil War Personal Narratives | 51096: Civil War Medicine & Hospitals | 51097: Civil War Relief & Charities | 51098: Civil War Memorials | 51099: Civil War Visual Material,False
bisac,51096,Civil War Medicine & Hospitals,Civil War Period,HIS036050,Civil War Period,51086: Civil War Biography | 51088: Civil War Diplomatic | 51089: Civil War Military Operations | 51090: Civil War Finance & Commerce | 51091: Confederate States of America | 51092: Civil War Armies & Troops | 51093: Civil War Naval | 51094: Civil War Personal Narratives | 51095: Civil War Prisoners & Prisons | 51097: Civil War Relief & Charities | 51098: Civil War Memorials | 51099: Civil War Visual Material,False
bisac,51097,Civil War Relief & Charities,Civil War Period,HIS036050,Civil War Period,51086: Civil War Biography | 51088: Civil War Diplomatic | 51089: Civil War Military Operations | 51090: Civil War Finance & Commerce | 51091: Confederate States of America | 51092: Civil War Armies & Troops | 51093: Civil War Naval | 51094: Civil War Personal Narratives | 51095: Civil War Prisoners & Prisons | 51096: Civil War Medicine & Hospitals | 51098: Civil War Memorials | 51099: Civil War Visual Material,False
bisac,51098,Civil War Memorials,Civil War Period,HIS036050,Civil War Period,51086: Civil War Biography | 51088: Civil War Diplomatic | 51089: Civil War Military Operations | 51090: Civil War Finance & Commerce | 51091: Confederate States of America | 51092: Civil War Armies & Troops | 51093: Civil War Naval | 51094: Civil War Personal Narratives | 51095: Civil War Prisoners & Prisons | 51096: Civil War Medicine & Hospitals | 51097: Civil War Relief & Charities | 51099: Civil War Visual Material,False
bisac,51099,Civil War Visual Material,Civil War Period,HIS036050,Civil War Period,51086: Civil War Biography | 51088: Civil War Diplomatic | 51089: Civil War Military Operations | 51090: Civil War Finance & Commerce | 51091: Confederate States of America | 51092: Civil War Armies & Troops | 51093: Civil War Naval | 51094: Civil War Personal Narratives | 51095: Civil War Prisoners & Prisons | 51096: Civil War Medicine & Hospitals | 51097: Civil War Relief & Charities | 51098: Civil War Memorials,False
bisac,51008,1901–1913,20th Century,HIS036060,20th Century,"51012: Woodrow Wilson, 1913–1921 | 51013: The Twenties, 1919–1933 | 51017: F. D. Roosevelt, 1933–1945 | 51018: Harry Truman, 1945–1953 | 51019: Eisenhower, 1953–1961 | 51186: U.S. Political Hist., 20th C. | 51187: U.S. Foreign Relations, 20th C. | 51188: U.S. Military Hist., 20th C. | 51189: U.S. Naval, 20th C. | 51190: U.S. Biography, 20th Century",True
bisac,51012,"Woodrow Wilson, 1913–1921",20th Century,HIS036060,20th Century,"51008: 1901–1913 | 51013: The Twenties, 1919–1933 | 51017: F. D. Roosevelt, 1933–1945 | 51018: Harry Truman, 1945–1953 | 51019: Eisenhower, 1953–1961 | 51186: U.S. Political Hist., 20th C. | 51187: U.S. Foreign Relations, 20th C. | 51188: U.S. Military Hist., 20th C. | 51189: U.S. Naval, 20th C. | 51190: U.S. Biography, 20th Century",True
bisac,51013,"The Twenties, 1919–1933",20th Century,HIS036060,20th Century,"51008: 1901–1913 | 51012: Woodrow Wilson, 1913–1921 | 51017: F. D. Roosevelt, 1933–1945 | 51018: Harry Truman, 1945–1953 | 51019: Eisenhower, 1953–1961 | 51186: U.S. Political Hist., 20th C. | 51187: U.S. Foreign Relations, 20th C. | 51188: U.S. Military Hist., 20th C. | 51189: U.S. Naval, 20th C. | 51190: U.S. Biography, 20th Century",True
bisac,51017,"F. D. Roosevelt, 1933–1945",20th Century,HIS036060,20th Century,"51008: 1901–1913 | 51012: Woodrow Wilson, 1913–1921 | 51013: The Twenties, 1919–1933 | 51018: Harry Truman, 1945–1953 | 51019: Eisenhower, 1953–1961 | 51186: U.S. Political Hist., 20th C. | 51187: U.S. Foreign Relations, 20th C. | 51188: U.S. Military Hist., 20th C. | 51189: U.S. Naval, 20th C. | 51190: U.S. Biography, 20th Century",True
bisac,51018,"Harry Truman, 1945–1953",20th Century,HIS036060,20th Century,"51008: 1901–1913 | 51012: Woodrow Wilson, 1913–1921 | 51013: The Twenties, 1919–1933 | 51017: F. D. Roosevelt, 1933–1945 | 51019: Eisenhower, 1953–1961 | 51186: U.S. Political Hist., 20th C. | 51187: U.S. Foreign Relations, 20th C. | 51188: U.S. Military Hist., 20th C. | 51189: U.S. Naval, 20th C. | 51190: U.S. Biography, 20th Century",True
bisac,51019,"Eisenhower, 1953–1961",20th Century,HIS036060,20th Century,"51008: 1901–1913 | 51012: Woodrow Wilson, 1913–1921 | 51013: The Twenties, 1919–1933 | 51017: F. D. Roosevelt, 1933–1945 | 51018: Harry Truman, 1945–1953 | 51186: U.S. Political Hist., 20th C. | 51187: U.S. Foreign Relations, 20th C. | 51188: U.S. Military Hist., 20th C. | 51189: U.S. Naval, 20th C. | 51190: U.S. Biography, 20th Century",True
bisac,51186,"U.S. Political Hist., 20th C.",20th Century | By Period,HIS036060,20th Century,"51008: 1901–1913 | 51012: Woodrow Wilson, 1913–1921 | 51013: The Twenties, 1919–1933 | 51017: F. D. Roosevelt, 1933–1945 | 51018: Harry Truman, 1945–1953 | 51019: Eisenhower, 1953–1961 | 51187: U.S. Foreign Relations, 20th C. | 51188: U.S. Military Hist., 20th C. | 51189: U.S. Naval, 20th C. | 51190: U.S. Biography, 20th Century",True
bisac,51187,"U.S. Foreign Relations, 20th C.",20th Century | Political & Foreign Relations,HIS036060,20th Century,"51008: 1901–1913 | 51012: Woodrow Wilson, 1913–1921 | 51013: The Twenties, 1919–1933 | 51017: F. D. Roosevelt, 1933–1945 | 51018: Harry Truman, 1945–1953 | 51019: Eisenhower, 1953–1961 | 51186: U.S. Political Hist., 20th C. | 51188: U.S. Military Hist., 20th C. | 51189: U.S. Naval, 20th C. | 51190: U.S. Biography, 20th Century",True
bisac,51188,"U.S. Military Hist., 20th C.",20th Century | By Period,HIS036060,20th Century,"51008: 1901–1913 | 51012: Woodrow Wilson, 1913–1921 | 51013: The Twenties, 1919–1933 | 51017: F. D. Roosevelt, 1933–1945 | 51018: Harry Truman, 1945–1953 | 51019: Eisenhower, 1953–1961 | 51186: U.S. Political Hist., 20th C. | 51187: U.S. Foreign Relations, 20th C. | 51189: U.S. Naval, 20th C. | 51190: U.S. Biography, 20th Century",True
bisac,51189,"U.S. Naval, 20th C.",20th Century | By Period,HIS036060,20th Century,"51008: 1901–1913 | 51012: Woodrow Wilson, 1913–1921 | 51013: The Twenties, 1919–1933 | 51017: F. D. Roosevelt, 1933–1945 | 51018: Harry Truman, 1945–1953 | 51019: Eisenhower, 1953–1961 | 51186: U.S. Political Hist., 20th C. | 51187: U.S. Foreign Relations, 20th C. | 51188: U.S. Military Hist., 20th C. | 51190: U.S. Biography, 20th Century",True
bisac,51190,"U.S. Biography, 20th Century",20th Century | By Period,HIS036060,20th Century,"51008: 1901–1913 | 51012: Woodrow Wilson, 1913–1921 | 51013: The Twenties, 1919–1933 | 51017: F. D. Roosevelt, 1933–1945 | 51018: Harry Truman, 1945–1953 | 51019: Eisenhower, 1953–1961 | 51186: U.S. Political Hist., 20th C. | 51187: U.S. Foreign Relations, 20th C. | 51188: U.S. Military Hist., 20th C. | 51189: U.S. Naval, 20th C.",True
bisac,51082,"George W. Bush, 2001–2009",21st Century,HIS036070,21st Century,"51083: Barack Obama, 2009–2017 | 51084: Donald Trump, 2017–2021 | 51085: Joe Biden, 2021–2025",True
bisac,51083,"Barack Obama, 2009–2017",21st Century,HIS036070,21st Century,"51082: George W. Bush, 2001–2009 | 51084: Donald Trump, 2017–2021 | 51085: Joe Biden, 2021–2025",True
bisac,51084,"Donald Trump, 2017–2021",21st Century,HIS036070,21st Century,"51082: George W. Bush, 2001–2009 | 51083: Barack Obama, 2009–2017 | 51085: Joe Biden, 2021–2025",True
bisac,51085,"Joe Biden, 2021–2025",21st Century,HIS036070,21st Century,"51082: George W. Bush, 2001–2009 | 51083: Barack Obama, 2009–2017 | 51084: Donald Trump, 2017–2021",True
bisac,3419,Middle Atlantic,Local,HIS036080,Middle Atlantic,,False
bisac,3420,Midwest,Local,HIS036090,Midwest,,False
bisac,3421,New England,Local,HIS036100,New England,,False
bisac,3423,West,Local,HIS036110,Pacific Northwest,,True
bisac,3422,South,Local,HIS036120,South,,False
bisac,3423,West,Local,HIS036130,Southwest,,True
bisac,3423,West,Local,HIS036140,West,,False
bisac,3701,World,History,HIS037000,World History,,False
bisac,3608,Medieval,Eras | World,HIS037010,Medieval History,,False
bisac,10233,Renaissance & Reformation,Eras | Modern,HIS037020,Renaissance,,False
bisac,3666,Modern,Eras | World,HIS037030,Modern History,,True
bisac,3668,17th Century,Modern,HIS037040,17th Century,,True
bisac,3669,18th Century,Modern,HIS037050,18th Century,,True
bisac,3670,19th Century,Modern,HIS037060,19th Century,,True
bisac,3671,20th Century,Modern,HIS037070,20th Century,,True
bisac,3674,21st Century,Modern,HIS037080,21st Century,,True
bisac,3667,Early Modern,Modern,HIS037090,16th Century,,True
bisac,3672,Cold War,20th Century,HIS037100,Cold War,,False
bisac,3379,The Americas,By Region,HIS038000,Americas,,False
bisac,3622,Civilization,History,HIS039000,Civilization,,False
bisac,3518,Austria-Hungary,Central,HIS040000,Austria-Hungary,,False
bisac,3385,Latin American,By Region,HIS041000,Caribbean,,True
bisac,3380,Cuban,Latin American,HIS041010,Cuba,,True
bisac,3381,Dominican Republic,Latin American,HIS041020,Dominican Republic,,False
bisac,3382,Haitian,Latin American,HIS041030,Haiti,,True
bisac,3383,Jamaican,Latin American,HIS041040,Jamaica,,True
bisac,3535,Greek,South,HIS042000,Greece,,True
bisac,3673,Holocaust,20th Century,HIS043000,Holocaust,,False
bisac,3609,North,European,HIS044000,Northern Europe,,True
bisac,3613,Spanish,Iberia,HIS045000,Spain,,True
bisac,3683,Polar,By Region,HIS046000,Polar Regions,,False
bisac,3367,South African,Southern,HIS047000,South Africa,,False
bisac,3509,Southeast,Asian,HIS048000,Southeast Asia,,False
bisac,3516,Essays,History,HIS049000,Essays,,False
bisac,3485,Asian,By Region,HIS050000,Asia,,True
bisac,3676,Oceanian,By Region,HIS053000,Oceania,,True
bisac,3319,History,,HIS054000,History,,True
bisac,3633,Middle Eastern,By Region,HIS055000,Middle East,,False
bisac,3378,African American & Black,U.S.,HIS056000,African American & Black,,False
bisac,3632,Maritime & Piracy,History,HIS057000,Maritime History & Piracy,,False
bisac,3700,Women,Groups of people,HIS058000,Women,,False
bisac,10105,"Late Byzantine, 1057–1453","Byzantine Era, 323–1453",HIS059000,"Byzantine Empire, 323-1453","10227: Eastern Empire, 323/476-1057",False
bisac,10227,"Eastern Empire, 323/476-1057","Byzantine Era, 323–1453",HIS059000,"Byzantine Empire, 323-1453","10105: Late Byzantine, 1057–1453",False
bisac,3610,Polish,East,HIS060000,Poland,,True
bisac,3385,Latin American,By Region,HIS061000,Pre-Columbian Era,,True
bisac,3496,Indian,South,HIS062000,India (Bharat),,True
bisac,3520,Benelux Countries,West,HIS063000,Benelux Countries,,False
bisac,3611,Portuguese,Iberia,HIS064000,Portugal,,True
bisac,3629,Islamic,History,HIS065000,Islamic,,False
bisac,3631,LGBTQ+,Groups of people,HIS066000,LGBTQ+,,False
bisac,12240,Slavery,"Early Republic, 1775/1783–1861 | Social Classes | Inequality & Social Problems",SOC054000,Slavery,,False
bisac,3522,East,European,TRV009040,Eastern Europe,,True
ddc,3319,History,,900,History,,True
ddc,3320,African,By Region,960,Africa,,True
ddc,3320,African,By Region,969,South Indian Ocean islands,,True
ddc,3329,Central,African,967,Central Africa,,False
ddc,3332,East,African,963,Eritrea | Ethiopia,,True
ddc,3357,North,African,961,Libya | Tunisia (Tunis),,True
ddc,3357,North,African,964,"Morocco, Ceuta, Melilla, Western Sahara",,True
ddc,3357,North,African,965,Algeria,,True
ddc,3366,Southern,African,968,Southern Africa,,False
ddc,3373,West,African,966,West Africa,,False
ddc,3385,Latin American,By Region,980,South America,,True
ddc,3385,Latin American,By Region,986,Colombia | Ecuador,,True
ddc,3385,Latin American,By Region,988,The Guianas,,True
ddc,3385,Latin American,By Region,989,Paraguay | Uruguay,,True
ddc,3391,Mexican,Latin American | North American,972,"Mexico, Central America & Caribbean",,True
ddc,3395,North American,By Region,970,North America,,False
ddc,3400,Canadian,North American,971,Canada,,True
ddc,3402,U.S.,North American,973,United States,,True
ddc,3420,Midwest,Local,977,Midwest,,False
ddc,3422,South,Local,975,South,,False
ddc,3422,South,Local,976,South,,False
ddc,3423,West,Local,978,West,,False
ddc,3423,West,Local,979,West,,False
ddc,3426,Bolivian,Latin American,984,Bolivia,,True
ddc,3427,Brazilian,Latin American,981,Brazil,,True
ddc,3428,Chilean,Latin American,983,Chile,,True
ddc,3429,Peruvian,Latin American,985,Peru,,True
ddc,3430,Venezuelan,Latin American,987,Venezuela,,True
ddc,3480,Ancient,Eras,930,Ancient History,,False
ddc,3480,Ancient,Eras,939,Other parts of ancient world,,False
ddc,3481,Ancient Egypt,Ancient | By Period,932,Egypt to 640,,False
ddc,3482,Greece,Ancient,938,Greece to 323,,False
ddc,3483,Rome,Ancient,937,Ancient Italy. Rome to 476,,False
ddc,3485,Asian,By Region,950,Asia,,True
ddc,3493,Chinese,East,931,China to 420,,True
ddc,3493,Chinese,East,951,China,,True
ddc,3496,Indian,South,934,India to 647,,True
ddc,3498,Japanese,East,952,Japan,,True
ddc,3508,South,Asian,954,South Asia,,False
ddc,3509,Southeast,Asian,959,Southeast Asia,,False
ddc,3516,Essays,History,902,Miscellany of history,,True
ddc,3517,European,By Region,936,Ancient Europe north & west of Italy,,True
ddc,3517,European,By Region,940,Europe,,True
ddc,3517,European,By Region,948,Northern Europe,,True
ddc,3517,European,By Region,949,Other parts of Europe,,True
ddc,3521,British Isles,West,941,British Isles,,False
ddc,3523,French,West,944,France,,True
ddc,3524,German,Central,943,Central Europe,,True
ddc,3566,English,British Isles,942,England and Wales,,True
ddc,3595,Russian,East,947,Eastern Europe,,True
ddc,3595,Russian,East,957,Siberia (Asiatic Russia),,True
ddc,3607,Italian,South,945,Italy,,True
ddc,3613,Spanish,Iberia,946,Iberia,,True
ddc,3616,Groups of people,History,908,Groups of people,,False
ddc,3633,Middle Eastern,By Region,953,Arabian Peninsula & Saudi Arabia,,True
ddc,3633,Middle Eastern,By Region,956,Middle East (Near East),,False
ddc,3635,Egyptian,North | Middle Eastern,962,"Egypt, Sudan, South Sudan",,True
ddc,3636,Iranian,Middle Eastern,955,Iran,,True
ddc,3638,Israel & Palestine,Middle Eastern,933,Palestine to 70,,False
ddc,3675,Numismatics,Auxiliary Sciences,737,Numismatics and sigillography,,False
ddc,3677,Australian,Australia & New Zealand,994,Australia,,True
ddc,3679,Melanesia,Oceanian,995,New Guinea & Melanesia,,False
ddc,3681,New Zealand,Australia & New Zealand,993,New Zealand,,False
ddc,3682,Polynesia,Oceanian,996,Polynesia & Pacific Ocean islands,,False
ddc,3683,Polar,By Region,998,Polar Regions,,False
ddc,3684,Education,History,907,"Education, research & related topics",,False
ddc,3685,Technical Chronology & Calendars,Auxiliary Sciences,529,Chronology,,False
ddc,3701,World,History,909,World History,,False
ddc,3701,World,History,990,History by Region,,True
ddc,3701,World,History,997,Atlantic Ocean islands,,True
ddc,10287,Philosophy of,World,901,Philosophy and theory of history,,False
ddc,10390,Profession,World,906,Organizations & management,,True
ddc,10472,General,World,904,Collected accounts of events,,True
ddc,10499,Argentine,Latin American,982,Argentina & La Plata Region,,True
ddc,11573,Central,Asian,958,Asia,,True
ddc,12240,Slavery,"Early Republic, 1775/1783–1861 | Social Classes | Inequality & Social Problems",326,Slavery and emancipation,,False
ddc,13686,General Reference,World,903,Dictionaries & encyclopedias,,True
ddc,13686,General Reference,World,905,Serial publications of history,,True
ddc,54762,Other,Local,974,Northeast,,True
