lcc	64	4444383831	51483	11448
lcc	33	46353932	50913	50907
lcc	33	463638	50979	3450
lcc	30	46323133	51181	3422
lcc	29	46333931	50937	3472
lcc	28	46323135	51182	3422
lcc	28	46333930	50936	3472
lcc	28	46383635	50933	3435
lcc	26	46353934	50915	50907
lcc	24	46353933	50914	50907
lcc	23	46323239	50986	3475
lcc	20	463132382e35	50941	50921
lcc	19	463231362e32	51183	3422
lcc	19	46333836	50936	3472
lcc	17	463132382e3532	50942	50921
lcc	17	463132382e3535	50943	50921
lcc	16	463132382e3537	50943	50921
lcc	15	46353935	50916	50907
lcc	14	463637	50979	3450
lcc	13	463836362e32	50935	3435
lcc	12	44443838312e33	51483	11448
lcc	11	46313532	50983	3467
lcc	9	46333330	51300	3431
lcc	8	46323136	51182	3422
lcc	8	463539352e33	50918	50907
lcc	8	463836362e34	50935	3435
lcc	6	463132382e3434	50939	50921
lcc	6	46333134	50818	3439
lcc	6	46333839	50936	3472
lcc	6	463339312e32	50938	3472
lcc	6	463539352e32	50917	50907
lcc	6	463639	50980	3450
lcc	5	463135382e35	50948	50929
lcc	5	46323330	50987	3475
lcc	5	463333302e332e503237205437342032303038	51300	3431
lcc	5	463338362e36	50936	3472
lcc	5	46333837202e5538352032303130	50936	3472
lcc	5	463339312e34	50938	3472
lcc	5	4637332e35	50945	50928
lcc	5	46383636	50934	3435
lcc	4	463132382e3437	50940	50921
lcc	4	463132382e3534	50942	50921
lcc	4	463132382e35342e4b3633	50942	50921
lcc	4	463132382e3535202e5735342032303033	50943	50921
lcc	4	46313533	50984	3467
lcc	4	46313939	51285	50911
lcc	4	463231362e32202e4233362031393935	51183	3422
lcc	4	46333835202e4239332032303038	50936	3472
lcc	4	463338362e33	50936	3472
lcc	4	46333930202e423439372032303039	50936	3472
lcc	4	46333930202e533839332032303038	50936	3472
lcc	4	463339302e4838345332362032303133	50936	3472
lcc	4	46333931202e433737382032303038	50937	3472
lcc	4	46333931202e473736	50937	3472
lcc	4	463339312e4b3533355332362032303133	50937	3472
lcc	4	46353932202e4a332031393732	50913	50907
lcc	4	46353932202e53322032303039	50913	50907
lcc	4	46353932202e573836352032303039	50913	50907
lcc	4	46353934202e4837392031393736	50915	50907
lcc	4	463539342e43325332362032303133	50915	50907
lcc	4	463539342e4a3237	50915	50907
lcc	4	46353935202e4839352032303038	50916	50907
lcc	4	463539352e33202e5633362032303130	50918	50907
lcc	4	4636372e4234372032303037	50979	3450
lcc	4	46383635202e5132392031393934	50933	3435
lcc	4	463836352e4a34392041332032303037	50933	3435
lcc	4	46383636202e4d36352031393932	50934	3435
lcc	4	463836362e32202e4434382032303130	50935	3435
lcc	4	463836362e32202e533733332032303039	50935	3435
lcc	4	463836362e342e483432	50935	3435
lcc	3	4444383831202e413535382032303034	51483	11448
lcc	3	4444383831202e423732332032303039	51483	11448
lcc	3	4444383831202e433337	51483	11448
lcc	3	4444383831202e433439352032303038	51483	11448
lcc	3	4444383831202e473438362032303038	51483	11448
lcc	3	4444383831202e493835	51483	11448
lcc	3	4444383831202e4b3435332032303034	51483	11448
lcc	3	4444383831202e4d34392032303039	51483	11448
lcc	3	4444383831202e4e34382032303037	51483	11448
lcc	3	4444383831202e52352031393938	51483	11448
lcc	3	4444383831202e533236392032303036	51483	11448
lcc	3	4444383831202e5433392032303036	51483	11448
lcc	3	4444383831202e5739332031393839	51483	11448
lcc	3	463132382e3434202e4c33382032303039	50939	50921
lcc	3	463132382e3434202e4d3839362031393939	50939	50921
lcc	3	463132382e3437202e4b37362032303130	50940	50921
lcc	3	463132382e35202e4435342032303130	50941	50921
lcc	3	463132382e35202e463338372031393735	50941	50921
lcc	3	463132382e35202e4c31392031393933	50941	50921
lcc	3	463132382e35202e5335332031393935	50941	50921
lcc	3	463132382e352e4235392032303036	50941	50921
lcc	3	463132382e352e4e353539352032303037	50941	50921
lcc	3	463132382e35342e4b3633204133352031393834	50942	50921
lcc	3	463132382e35352e4d36362032303130	50943	50921
lcc	3	46313532202e4433342032303034	50983	3467
lcc	3	46313532202e4d34382031393939	50983	3467
lcc	3	463135322e32202e4738392032303038	50983	3467
lcc	3	463135322e32202e4d36372032303037	50983	3467
lcc	3	463135322e32202e50333935362031393831	50983	3467
lcc	3	463135382e3532202e4b33362032303030	50949	50929
lcc	3	46323030	51286	50911
lcc	3	46323030202e4836382031393733	51286	50911
lcc	3	46323031202e4d33392032303035	51287	50911
lcc	3	46323133202e4336362032303039	51181	3422
lcc	3	46323133202e433639	51181	3422
lcc	3	46323133202e4337382032303039	51181	3422
lcc	3	46323133202e4636392032303035	51181	3422
lcc	3	46323133202e4f39342032303038	51181	3422
lcc	3	463231332e4f32372032303130	51181	3422
lcc	3	46323135202e433633	51182	3422
lcc	3	46323135202e4f38372031393930	51182	3422
lcc	3	463231362e32202e4637342032303031	51183	3422
lcc	3	463231362e32202e47372032303039	51183	3422
lcc	3	463231362e32202e4b3535	51183	3422
lcc	3	463231362e32202e5733392032303038	51183	3422
lcc	3	463231362e322e4337352032303134	51183	3422
lcc	3	46323239202e4637382032303034	50986	3475
lcc	3	46323239202e483220313631356161	50986	3475
lcc	3	46323239202e4938352032303031	50986	3475
lcc	3	46323239202e4c3232	50986	3475
lcc	3	46323239202e4c3233	50986	3475
lcc	3	46323239202e5238362031393938	50986	3475
lcc	3	46323239202e533539322032303037	50986	3475
lcc	3	463232392e463536204634332032303038	50986	3475
lcc	3	463232392e5337	50986	3475
lcc	3	46323330202e4337372031393733	50987	3475
lcc	3	46333134202e4435392032303134	50818	3439
lcc	3	46333136	50977	3439
lcc	3	463331362e32202e4335382032303037	50978	3439
lcc	3	463331362e32202e5234372031393937	50978	3439
lcc	3	463331362e463536205332362032303130	50977	3439
lcc	3	463333302e332e5733204637342032303037	51300	3431
lcc	3	46333835	50936	3472
lcc	3	46333835202e4234362031393833	50936	3472
lcc	3	46333835202e463632352032303038	50936	3472
lcc	3	46333835202e4b36382031393936	50936	3472
lcc	3	46333835202e4b382031393730	50936	3472
lcc	3	463338352e32202e4336342032303038	50936	3472
lcc	3	463338352e4432382031393832	50936	3472
lcc	3	463338352e463632352032303038	50936	3472
lcc	3	463338352e4939342032303137	50936	3472
lcc	3	46333836202e4636382031393938	50936	3472
lcc	3	46333836202e4c3333342032303038	50936	3472
lcc	3	46333836202e4d3335	50936	3472
lcc	3	46333836202e5235322031393538	50936	3472
lcc	3	463338362e33202e4136362032303130	50936	3472
lcc	3	463338362e33202e433731342032303130	50936	3472
lcc	3	463338362e33202e4e33342032303130	50936	3472
lcc	3	463338362e33202e5034382031393837	50936	3472
lcc	3	463338362e36202e4433382032303130	50936	3472
lcc	3	46333837202e4138362031393937	50936	3472
lcc	3	46333839202e4a32352031393836	50936	3472
lcc	3	46333839202e503533352032303130	50936	3472
lcc	3	463338392e4139343220463538	50936	3472
lcc	3	463338392e41393432204833352032303033	50936	3472
lcc	3	46333930202e423833352031393936	50936	3472
lcc	3	46333930202e4634353731332032303037	50936	3472
lcc	3	46333930202e46343931332031393835	50936	3472
lcc	3	46333930202e483237352032303130	50936	3472
lcc	3	46333930202e4832392031393934	50936	3472
lcc	3	46333930202e483539372032303130	50936	3472
lcc	3	46333930202e4d3535	50936	3472
lcc	3	46333930202e4d38352032303034	50936	3472
lcc	3	46333930202e5034352031393939	50936	3472
lcc	3	46333930202e573737352032303034	50936	3472
lcc	3	463339302e5533352032303138	50936	3472
lcc	3	46333931202e4235382032303037	50937	3472
lcc	3	46333931202e433738332031393939	50937	3472
lcc	3	463339312e32202e4237392031393939	50938	3472
lcc	3	463339312e32202e5035342032303130	50938	3472
lcc	3	463339312e342e423835204d33352032303038	50938	3472
lcc	3	463339312e342e523533205335372031393934	50938	3472
lcc	3	463339312e44323537204d36362032303130	50937	3472
lcc	3	463339312e4836204f35342031393939	50937	3472
lcc	3	463339312e4d31343220573435362032303039	50937	3472
lcc	3	46353932202e5737382031393739	50913	50907
lcc	3	46353932202e573832332031393932	50913	50907
lcc	3	463539322e34	50913	50907
lcc	3	463539322e342031393833	50913	50907
lcc	3	463539322e433333204333342032303037	50913	50907
lcc	3	463539322e5236204d33372032303036	50913	50907
lcc	3	463539322e57323435204735342031393833	50913	50907
lcc	3	46353933202e4133392031393937	50914	50907
lcc	3	46353933202e473220766f6c2e203633	50914	50907
lcc	3	46353933202e483535342032303039	50914	50907
lcc	3	46353933202e4c32392032303038	50914	50907
lcc	3	46353933202e5332362032303038	50914	50907
lcc	3	46353933202e533333392031393939	50914	50907
lcc	3	463539332e423635204235372031393938	50914	50907
lcc	3	46353934202e4c33382031393936	50915	50907
lcc	3	46353934202e4c33392031393939	50915	50907
lcc	3	46353934202e5338322031393833	50915	50907
lcc	3	463539342e42363232204236362032303037	50915	50907
lcc	3	463539342e4236335333362032303133	50915	50907
lcc	3	463539342e423934204535372032303130	50915	50907
lcc	3	463539342e4c383932204235362032303130	50915	50907
lcc	3	463539342e4c383932205535332032303038	50915	50907
lcc	3	46353935202e4538382032303037	50916	50907
lcc	3	46353935202e4834352032303038	50916	50907
lcc	3	46353935202e4d39342032303031	50916	50907
lcc	3	46353935202e5037382032303130	50916	50907
lcc	3	46353935202e523336352032303038	50916	50907
lcc	3	463539352e32202e4c3633	50917	50907
lcc	3	463539352e32202e523338	50917	50907
lcc	3	463539352e33202e4138352031393839	50918	50907
lcc	3	463539352e33202e533733352032303038	50918	50907
lcc	3	463539352e33202e5735362031393930	50918	50907
lcc	3	463539352e43333632	50916	50907
lcc	3	463539352e4c3335382032303134	50916	50907
lcc	3	463637202e50353636332031393938	50979	3450
lcc	3	463637202e53382031393938	50979	3450
lcc	3	463637202e57373834322031393936	50979	3450
lcc	3	4636372e573739204237352032303039	50979	3450
lcc	3	463638202e483133352031393935	50979	3450
lcc	3	463638202e5032352032303036	50979	3450
lcc	3	463638202e573332352031393933	50979	3450
lcc	3	4636382e4838204836322031393732	50979	3450
lcc	3	4636392e523433204d35352032303130	50980	3450
lcc	3	4637302e43383520423835352032303039	50981	3450
lcc	3	463731202e503437362032303038	50982	3450
lcc	3	4637332e35202e503936362032303130	50945	50928
lcc	3	46383635202e42363532382031393939	50933	3435
lcc	3	46383635202e4738322031393735	50933	3435
lcc	3	463836352e563635204c3838362032303039	50933	3435
lcc	3	46383636202e5337382031393937	50934	3435
lcc	3	463836362e32202e4d3634352031393938	50935	3435
lcc	3	463836362e32202e5333372031393838	50935	3435
lcc	3	463836362e32202e5a39352031393936	50935	3435
lcc	3	463836362e342e533338204833352032303130	50935	3435
lcc	2	4444383831202e413539362032303131	51483	11448
lcc	2	4444383831202e413833	51483	11448
lcc	2	4444383831202e4139342031393933	51483	11448
lcc	2	4444383831202e4233352031393931	51483	11448
lcc	2	4444383831202e4233392031393837	51483	11448
lcc	2	4444383831202e4234323331322032303130	51483	11448
lcc	2	4444383831202e423435342031393935	51483	11448
lcc	2	4444383831202e42343636372031393935	51483	11448
lcc	2	4444383831202e42343736372032303032	51483	11448
lcc	2	4444383831202e4235362031393639	51483	11448
lcc	2	4444383831202e4235362031393732	51483	11448
lcc	2	4444383831202e423637	51483	11448
lcc	2	4444383831202e4236373532352032303038	51483	11448
lcc	2	4444383831202e42363735352032303036	51483	11448
lcc	2	4444383831202e4237362032303030	51483	11448
lcc	2	4444383831202e4335332031393930	51483	11448
lcc	2	4444383831202e433533782031393839	51483	11448
lcc	2	4444383831202e433537	51483	11448
lcc	2	4444383831202e4435332032303034	51483	11448
lcc	2	4444383831202e4436322032303030	51483	11448
lcc	2	4444383831202e4436342031393730	51483	11448
lcc	2	4444383831202e443635352032303035	51483	11448
lcc	2	4444383831202e4436382031393935	51483	11448
lcc	2	4444383831202e4635343831332032303130	51483	11448
lcc	2	4444383831202e463736352031393933	51483	11448
lcc	2	4444383831202e463835372032303038	51483	11448
lcc	2	4444383831202e4734352031393836	51483	11448
lcc	2	4444383831202e4734372031393834	51483	11448
lcc	2	4444383831202e4735352032303039	51483	11448
lcc	2	4444383831202e473636	51483	11448
lcc	2	4444383831202e4737382032303039	51483	11448
lcc	2	4444383831202e4832392031393936	51483	11448
lcc	2	4444383831202e4833322031393936	51483	11448
lcc	2	4444383831202e4833342031393939	51483	11448
lcc	2	4444383831202e483432352031393933	51483	11448
lcc	2	4444383831202e483433	51483	11448
lcc	2	4444383831202e48353637	51483	11448
lcc	2	4444383831202e4835372032303031	51483	11448
lcc	2	4444383831202e483634	51483	11448
lcc	2	4444383831202e4838342031393834	51483	11448
lcc	2	4444383831202e48383531332032303038	51483	11448
lcc	2	4444383831202e4a34372032303032	51483	11448
lcc	2	4444383831202e4b33362031393837	51483	11448
lcc	2	4444383831202e4b333632382031393938	51483	11448
lcc	2	4444383831202e4b33382032303036	51483	11448
lcc	2	4444383831202e4b34372032303131	51483	11448
lcc	2	4444383831202e4b37362031393938	51483	11448
lcc	2	4444383831202e4b3835352032303033	51483	11448
lcc	2	4444383831202e4c3332782031393833	51483	11448
lcc	2	4444383831202e4c3334332031393837	51483	11448
lcc	2	4444383831202e4c3334372031393938	51483	11448
lcc	2	4444383831202e4c3432352031393931	51483	11448
lcc	2	4444383831202e4c34392031393935	51483	11448
lcc	2	4444383831202e4c35382031393835	51483	11448
lcc	2	4444383831202e4c38372031393933	51483	11448
lcc	2	4444383831202e4d3239332032303039	51483	11448
lcc	2	4444383831202e4d333231352032303039	51483	11448
lcc	2	4444383831202e4d3332322032303033	51483	11448
lcc	2	4444383831202e4d3332362031393931	51483	11448
lcc	2	4444383831202e4d33332031393739	51483	11448
lcc	2	4444383831202e4d33352032303039	51483	11448
lcc	2	4444383831202e4d34362032303130	51483	11448
lcc	2	4444383831202e4d3437782031393837	51483	11448
lcc	2	4444383831202e4e3338	51483	11448
lcc	2	4444383831202e4e35362032303032	51483	11448
lcc	2	4444383831202e4f392032303031	51483	11448
lcc	2	4444383831202e503436392031393839	51483	11448
lcc	2	4444383831202e503437	51483	11448
lcc	2	4444383831202e503638352031393836	51483	11448
lcc	2	4444383831202e5037352031393938	51483	11448
lcc	2	4444383831202e503735332031393938	51483	11448
lcc	2	4444383831202e52342031393934	51483	11448
lcc	2	4444383831202e523433352032303130	51483	11448
lcc	2	4444383831202e523436352031393837	51483	11448
lcc	2	4444383831202e523638352032303032	51483	11448
lcc	2	4444383831202e523638362031393935	51483	11448
lcc	2	4444383831202e523739	51483	11448
lcc	2	4444383831202e533234	51483	11448
lcc	2	4444383831202e533236	51483	11448
lcc	2	4444383831202e533236362031393933	51483	11448
lcc	2	4444383831202e533335342031393932	51483	11448
lcc	2	4444383831202e533532	51483	11448
lcc	2	4444383831202e5337342031393935	51483	11448
lcc	2	4444383831202e5338362032303037	51483	11448
lcc	2	4444383831202e5434362031393936	51483	11448
lcc	2	4444383831202e5437342032303035	51483	11448
lcc	2	4444383831202e543834352032303130	51483	11448
lcc	2	4444383831202e5438362031393838	51483	11448
lcc	2	4444383831202e54383678203139383862	51483	11448
lcc	2	4444383831202e5438372031393937	51483	11448
lcc	2	4444383831202e5732382031393936	51483	11448
lcc	2	4444383831202e5733382031393933	51483	11448
lcc	2	4444383831202e573437322031393938	51483	11448
lcc	2	4444383831202e57343732372032303032	51483	11448
lcc	2	4444383831202e573538342032303039	51483	11448
lcc	2	4444383831204434352031393637	51483	11448
lcc	2	44443838312e33202e4137362032303039	51483	11448
lcc	2	44443838312e33202e4336362032303038	51483	11448
lcc	2	44443838312e423739392032303037	51483	11448
lcc	2	44443838312e4435362032303135	51483	11448
lcc	2	44443838312e4a3433204335332032303035	51483	11448
lcc	2	44443838312e5334362032303231	51483	11448
lcc	2	44443838312e533534332032303034	51483	11448
lcc	2	44443838312e533535332032303139	51483	11448
lcc	2	44443838312e5335372032303136	51483	11448
lcc	2	44443838312e5435352032303035	51483	11448
lcc	2	463132382e3434202e4237332031393836	50939	50921
lcc	2	463132382e3434202e43353334	50939	50921
lcc	2	463132382e3434202e4834362031393938	50939	50921
lcc	2	463132382e3434202e483735352031393934	50939	50921
lcc	2	463132382e3434202e483738	50939	50921
lcc	2	463132382e3434202e4d34362031393930	50939	50921
lcc	2	463132382e3434202e4d34382031393937	50939	50921
lcc	2	463132382e3434202e5033362031393936	50939	50921
lcc	2	463132382e3434202e5236372032303031	50939	50921
lcc	2	463132382e3434202e53342031393839	50939	50921
lcc	2	463132382e3434202e533637203138383961	50939	50921
lcc	2	463132382e3434202e5337322032303032	50939	50921
lcc	2	463132382e3434202e533733	50939	50921
lcc	2	463132382e3434202e53373334	50939	50921
lcc	2	463132382e3434202e5735342031393930	50939	50921
lcc	2	463132382e3434202e5735382031393939	50939	50921
lcc	2	463132382e3434202e57383731332031393930	50939	50921
lcc	2	463132382e3434202e5739332031393838	50939	50921
lcc	2	463132382e34342e5633374338372032303130	50939	50921
lcc	2	463132382e34342e57573337	50939	50921
lcc	2	463132382e3437202e4236392031393839	50940	50921
lcc	2	463132382e3437202e4238382031393735	50940	50921
lcc	2	463132382e3437202e4438362032303030	50940	50921
lcc	2	463132382e3437202e48322031393837	50940	50921
lcc	2	463132382e3437202e4836392032303032	50940	50921
lcc	2	463132382e3437202e4b34392032303030	50940	50921
lcc	2	463132382e3437202e4d34382031393939	50940	50921
lcc	2	463132382e3437202e5038372031393736	50940	50921
lcc	2	463132382e3437202e5332332031393931	50940	50921
lcc	2	463132382e3437202e5431392031393932	50940	50921
lcc	2	463132382e3437202e5631372031393735	50940	50921
lcc	2	463132382e3437202e5734393131382032303038	50940	50921
lcc	2	463132382e3437205631372031393235	50940	50921
lcc	2	463132382e34372e50362031393936	50940	50921
lcc	2	463132382e34372e543936204c39352032303032	50940	50921
lcc	2	463132382e35202e4234382031393833	50941	50921
lcc	2	463132382e35202e4338352032303034	50941	50921
lcc	2	463132382e35202e4436382031393935	50941	50921
lcc	2	463132382e35202e463338382031393735	50941	50921
lcc	2	463132382e35202e4734382032303039	50941	50921
lcc	2	463132382e35202e4736342032303130	50941	50921
lcc	2	463132382e35202e4a32342031393934	50941	50921
lcc	2	463132382e35202e4b33342031393839	50941	50921
lcc	2	463132382e35202e4b35352031393839	50941	50921
lcc	2	463132382e35202e4c3233372032303038	50941	50921
lcc	2	463132382e35202e4c32342032303033	50941	50921
lcc	2	463132382e35202e4d3132332032303130	50941	50921
lcc	2	463132382e35202e4d33382031393938	50941	50921
lcc	2	463132382e35202e4d38332032303130	50941	50921
lcc	2	463132382e35202e4e32	50941	50921
lcc	2	463132382e35202e4e3735342032303038	50941	50921
lcc	2	463132382e35202e5335392031393939	50941	50921
lcc	2	463132382e35202e5336352031393939	50941	50921
lcc	2	463132382e35202e563638382032303033	50941	50921
lcc	2	463132382e35202e573231372031393439	50941	50921
lcc	2	463132382e352e4735352032303231	50941	50921
lcc	2	463132382e352e4c3138204b33352031393831	50941	50921
lcc	2	463132382e352e4d3132332032303130	50941	50921
lcc	2	463132382e352e4d3337204434332032303035	50941	50921
lcc	2	463132382e352e563638382032303033	50941	50921
lcc	2	463132382e3532202e4134342032303130	50942	50921
lcc	2	463132382e3532202e483235332031393937	50942	50921
lcc	2	463132382e3532202e483235382031393737	50942	50921
lcc	2	463132382e3532202e4a38362031393930	50942	50921
lcc	2	463132382e3532202e4d32352032303035	50942	50921
lcc	2	463132382e3532202e503435	50942	50921
lcc	2	463132382e3532202e5238372031393938	50942	50921
lcc	2	463132382e3532202e5437322031393934	50942	50921
lcc	2	463132382e3532202e573339	50942	50921
lcc	2	463132382e3532202e5737342031393732	50942	50921
lcc	2	463132382e3532202e5a3534	50942	50921
lcc	2	463132382e3532204d3837	50942	50921
lcc	2	463132382e35322e4d32352032303035	50942	50921
lcc	2	463132382e35322e5332362032303134	50942	50921
lcc	2	463132382e35322e5338362032303134	50942	50921
lcc	2	463132382e35322e543239352032303131	50942	50921
lcc	2	463132382e35322e5435392032303137	50942	50921
lcc	2	463132382e35342e4333362041332031393935	50942	50921
lcc	2	463132382e35342e4435365235332032303037	50942	50921
lcc	2	463132382e35342e473437	50942	50921
lcc	2	463132382e35342e4b3633204237362031393835	50942	50921
lcc	2	463132382e35342e4b3633205336342032303130	50942	50921
lcc	2	463132382e3535202e4133342032303033	50943	50921
lcc	2	463132382e3535202e4134342031393937	50943	50921
lcc	2	463132382e3535202e4233372032303037	50943	50921
lcc	2	463132382e3535202e4234362032303037	50943	50921
lcc	2	463132382e3535202e4337352031393937	50943	50921
lcc	2	463132382e3535202e4437342031393938	50943	50921
lcc	2	463132382e3535202e4537382031393937	50943	50921
lcc	2	463132382e3535202e4637342031393934	50943	50921
lcc	2	463132382e3535202e4736372032303036	50943	50921
lcc	2	463132382e3535202e4738372032303035	50943	50921
lcc	2	463132382e3535202e483335372032303037	50943	50921
lcc	2	463132382e3535202e4838392032303036	50943	50921
lcc	2	463132382e3535202e4939342031393935	50943	50921
lcc	2	463132382e3535202e4a33362032303034	50943	50921
lcc	2	463132382e3535202e4b33342031393933	50943	50921
lcc	2	463132382e3535202e4b33382031393839	50943	50921
lcc	2	463132382e3535202e4b34372031393934	50943	50921
lcc	2	463132382e3535202e4b3635382032303034	50943	50921
lcc	2	463132382e3535202e4b36372032303032	50943	50921
lcc	2	463132382e3535202e4c34332031393934	50943	50921
lcc	2	463132382e3535202e4c36372032303034	50943	50921
lcc	2	463132382e3535202e4d33342032303034	50943	50921
lcc	2	463132382e3535202e4d33372032303035	50943	50921
lcc	2	463132382e3535202e4d33392031393934	50943	50921
lcc	2	463132382e3535202e4d34382032303038	50943	50921
lcc	2	463132382e3535202e4e34382032303035	50943	50921
lcc	2	463132382e3535202e4f35332031393839	50943	50921
lcc	2	463132382e3535202e4f39342032303038	50943	50921
lcc	2	463132382e3535202e5135332032303033	50943	50921
lcc	2	463132382e3535202e5437362032303039	50943	50921
lcc	2	463132382e3535202e5636342031393936	50943	50921
lcc	2	463132382e3535202e5733352032303032	50943	50921
lcc	2	463132382e3535202e5735332031393935	50943	50921
lcc	2	463132382e3535202e5735362031393932	50943	50921
lcc	2	463132382e3535205735352031393837	50943	50921
lcc	2	463132382e35352e4439332032303231	50943	50921
lcc	2	463132382e35352e4c34342032303033	50943	50921
lcc	2	463132382e3536202e5034352032303130	50943	50921
lcc	2	463132382e35372e473538	50943	50921
lcc	2	463132382e35372e473538204132352032303032	50943	50921
lcc	2	463132382e35372e473538204238372031393939	50943	50921
lcc	2	463132382e35372e473538204b35372032303031	50943	50921
lcc	2	463132382e35372e473538204d33372032303033	50943	50921
lcc	2	463132382e35372e473538204e34392032303032	50943	50921
lcc	2	463132382e35372e473538205334382032303037	50943	50921
lcc	2	463132382e35372e473538205335362032303035	50943	50921
lcc	2	46313532202e443632352032303035	50983	3467
lcc	2	46313532202e463836352032303034	50983	3467
lcc	2	46313532202e483836	50983	3467
lcc	2	46313532202e4938332032303031	50983	3467
lcc	2	46313532202e4b32342031393937	50983	3467
lcc	2	46313532202e4b32392032303039	50983	3467
lcc	2	46313532202e50343136	50983	3467
lcc	2	46313532202e5039332032303036	50983	3467
lcc	2	46313532202e52352031393738	50983	3467
lcc	2	46313532202e5237382031393639	50983	3467
lcc	2	46313532202e5331322031393730	50983	3467
lcc	2	46313532202e5438372032303035	50983	3467
lcc	2	46313532202e543839	50983	3467
lcc	2	46313532202e543932	50983	3467
lcc	2	46313532202e5734382032303030	50983	3467
lcc	2	46313532202e5735372032303034	50983	3467
lcc	2	463135322e32202e4231332032303034	50983	3467
lcc	2	463135322e32202e4234362032303032	50983	3467
lcc	2	463135322e32202e463336	50983	3467
lcc	2	463135322e32202e4b37362032303030	50983	3467
lcc	2	463135322e32202e4c38382032303030	50983	3467
lcc	2	463135322e32202e5339352032303033	50983	3467
lcc	2	463135322e32202e5435372032303032	50983	3467
lcc	2	463135322e32202e5735332031393833	50983	3467
lcc	2	463135322e322e4c34382032303039	50983	3467
lcc	2	463135322e322e4d38382032303138	50983	3467
lcc	2	463135322e463836352032303034	50983	3467
lcc	2	463135322e4d33382032303135	50983	3467
lcc	2	463135322e4d34382031393939	50983	3467
lcc	2	463135322e4d3539352032303137	50983	3467
lcc	2	463135322e5438372032303035	50983	3467
lcc	2	46313533202e4138332031393934	50984	3467
lcc	2	46313533202e5332342032303039	50984	3467
lcc	2	46313534202e42383933352031393936	50985	3467
lcc	2	46313534202e4a34362031393939	50985	3467
lcc	2	46313534202e5333392032303130	50985	3467
lcc	2	463135382e3434202e4236352031393934	50947	50929
lcc	2	463135382e3434202e4c35342031393935	50947	50929
lcc	2	463135382e3434202e5235352031393938	50947	50929
lcc	2	463135382e3434202e5735352032303134	50947	50929
lcc	2	463135382e3434202e5737352032303030	50947	50929
lcc	2	463135382e3434205035382032303031	50947	50929
lcc	2	463135382e34342e4c35342031393935	50947	50929
lcc	2	463135382e34344635352032303037	50947	50929
lcc	2	463135382e35202e4c392031393831	50948	50929
lcc	2	463135382e352e4d3535205335352031393839	50948	50929
lcc	2	463135382e3532202e4636392031393937	50949	50929
lcc	2	463135382e3532202e4c39362032303033	50949	50929
lcc	2	463135382e35322e4b37362032303230	50949	50929
lcc	2	463135382e35332e5034372032303036	50949	50929
lcc	2	463135382e3534	50949	50929
lcc	2	463135382e35342e523436204235372031393937	50949	50929
lcc	2	463135382e35342e5333365333362032303139	50949	50929
lcc	2	46313937202e4137362031393930	51283	50911
lcc	2	46313937202e4236372032303038	51283	50911
lcc	2	46313937202e4836342031393932	51283	50911
lcc	2	463139372e4336372032303138	51283	50911
lcc	2	46313938202e4534332031393735	51284	50911
lcc	2	46313938202e4a33332031393935	51284	50911
lcc	2	46313938202e4d36372032303132	51284	50911
lcc	2	463139382e523532352032303136	51284	50911
lcc	2	46313939202e4237372031393839	51285	50911
lcc	2	46313939202e443138	51285	50911
lcc	2	46313939202e5435332031393936	51285	50911
lcc	2	46313939202e5734	51285	50911
lcc	2	46323030202e4131372031393737	51286	50911
lcc	2	46323030202e4135322031393739	51286	50911
lcc	2	46323030202e4337342032303035	51286	50911
lcc	2	46323030202e453933342032303130	51286	50911
lcc	2	46323030202e47352031393639	51286	50911
lcc	2	46323030202e4833352031393933	51286	50911
lcc	2	46323030202e4d35352032303034	51286	50911
lcc	2	46323030202e4d3537	51286	50911
lcc	2	46323030202e5339332032303038	51286	50911
lcc	2	46323030202e5737342031393734	51286	50911
lcc	2	463230302e4337362032303137	51286	50911
lcc	2	463230302e5333392032303134	51286	50911
lcc	2	463230302e5734372032303232	51286	50911
lcc	2	46323031202e4138362031393936	51287	50911
lcc	2	46323031202e4234362031393936	51287	50911
lcc	2	46323031202e4336382031393935	51287	50911
lcc	2	46323031202e4634362031393936	51287	50911
lcc	2	46323031202e473734203230303162	51287	50911
lcc	2	46323031202e4c352031393933	51287	50911
lcc	2	46323031202e5434372031393936	51287	50911
lcc	2	46323031202e5933392032303039	51287	50911
lcc	2	463230312e332e423337204233372031393938	51287	50911
lcc	2	463230312e332e42333741332032303134	51287	50911
lcc	2	463230312e4b34352032303232	51287	50911
lcc	2	46323133202e4131362031393836	51181	3422
lcc	2	46323133202e423238322031393838	51181	3422
lcc	2	46323133202e4332362031393839	51181	3422
lcc	2	46323133202e4335362031393936	51181	3422
lcc	2	46323133202e4438372031393835	51181	3422
lcc	2	46323133202e4537352031393938	51181	3422
lcc	2	46323133202e4632352031393932	51181	3422
lcc	2	46323133202e463437	51181	3422
lcc	2	46323133202e4635332032303130	51181	3422
lcc	2	46323133202e4734372031393935	51181	3422
lcc	2	46323133202e4737322031393936	51181	3422
lcc	2	46323133202e473739332031393936	51181	3422
lcc	2	46323133202e4938352031393938	51181	3422
lcc	2	46323133202e4b33352031393937	51181	3422
lcc	2	46323133202e4d31332031393739	51181	3422
lcc	2	46323133202e4d33362031393934	51181	3422
lcc	2	46323133202e4d33382031393838	51181	3422
lcc	2	46323133202e4f32372032303034	51181	3422
lcc	2	46323133202e4f32372032303130	51181	3422
lcc	2	46323133202e4f3532	51181	3422
lcc	2	46323133202e4f35332031393834	51181	3422
lcc	2	46323133202e5235332032303036	51181	3422
lcc	2	46323133202e5433392031393739	51181	3422
lcc	2	46323133202e5434342031393930	51181	3422
lcc	2	46323133202e5733382032303038	51181	3422
lcc	2	46323133202e5739352031393733	51181	3422
lcc	2	46323133202e573935372032303031	51181	3422
lcc	2	463231332e4335362031393936	51181	3422
lcc	2	463231332e4336362032303039	51181	3422
lcc	2	463231332e4636392032303035	51181	3422
lcc	2	463231332e4f32372032303034	51181	3422
lcc	2	463231332e4f34332032303031	51181	3422
lcc	2	463231332e523338204333362031393933	51181	3422
lcc	2	463231332e5235332032303036	51181	3422
lcc	2	46323135202e41342031393938	51182	3422
lcc	2	46323135202e413934332031393935	51182	3422
lcc	2	46323135202e42203935362032303130	51182	3422
lcc	2	46323135202e4232392031393938	51182	3422
lcc	2	46323135202e423332	51182	3422
lcc	2	46323135202e4235352031393934	51182	3422
lcc	2	46323135202e423536	51182	3422
lcc	2	46323135202e4235372031393834	51182	3422
lcc	2	46323135202e423632352032303034	51182	3422
lcc	2	46323135202e423838382031393934	51182	3422
lcc	2	46323135202e4239352032303130	51182	3422
lcc	2	46323135202e43323637	51182	3422
lcc	2	46323135202e4337352032303130	51182	3422
lcc	2	46323135202e44323537	51182	3422
lcc	2	46323135202e4433372031393838	51182	3422
lcc	2	46323135202e463733	51182	3422
lcc	2	46323135202e473233	51182	3422
lcc	2	46323135202e4732332032303035	51182	3422
lcc	2	46323135202e473733372031393838	51182	3422
lcc	2	46323135202e47373339	51182	3422
lcc	2	46323135202e4831382031393938	51182	3422
lcc	2	46323135202e48322031393936	51182	3422
lcc	2	46323135202e4832392032303031	51182	3422
lcc	2	46323135202e483332	51182	3422
lcc	2	46323135202e4a36382031393833	51182	3422
lcc	2	46323135202e4b3537	51182	3422
lcc	2	46323135202e4b38372031393836	51182	3422
lcc	2	46323135202e4c35362031393932	51182	3422
lcc	2	46323135202e4c3836	51182	3422
lcc	2	46323135202e4d32352032303037	51182	3422
lcc	2	46323135202e4d38352031393837	51182	3422
lcc	2	46323135202e4d39342031393735	51182	3422
lcc	2	46323135202e4f32	51182	3422
lcc	2	46323135202e4f32382031393639	51182	3422
lcc	2	46323135202e4f38362031393939	51182	3422
lcc	2	46323135202e5036382031393935	51182	3422
lcc	2	46323135202e523132352031393932	51182	3422
lcc	2	46323135202e5234342031393833	51182	3422
lcc	2	46323135202e5234382031393839	51182	3422
lcc	2	46323135202e5235362032303132	51182	3422
lcc	2	46323135202e5333342031393937	51182	3422
lcc	2	46323135202e5335362031393832	51182	3422
lcc	2	46323135202e533638342031393837	51182	3422
lcc	2	46323135202e533638362032303031	51182	3422
lcc	2	46323135202e5436382031393832	51182	3422
lcc	2	46323135202e543638362031393939	51182	3422
lcc	2	46323135202e5735	51182	3422
lcc	2	46323135202e573534352032303035	51182	3422
lcc	2	46323135202e5738352031393731	51182	3422
lcc	2	463231352e32202e443539332031393936	51182	3422
lcc	2	463231352e4139342032303037	51182	3422
lcc	2	463231352e423632352032303034	51182	3422
lcc	2	463231352e4832392032303031	51182	3422
lcc	2	463231352e4c35362031393932	51182	3422
lcc	2	463231352e523432352032303138	51182	3422
lcc	2	463231352e5333342031393937	51182	3422
lcc	2	46323136202e4138352032303032	51182	3422
lcc	2	46323136202e4138352032303034	51182	3422
lcc	2	46323136202e413934203139373062	51182	3422
lcc	2	46323136202e4335332031393939	51182	3422
lcc	2	46323136202e4337362031393735	51182	3422
lcc	2	46323136202e4634372031393932	51182	3422
lcc	2	46323136202e4634372031393938	51182	3422
lcc	2	46323136202e4736362032303031	51182	3422
lcc	2	46323136202e4737332031393833	51182	3422
lcc	2	46323136202e4e34352031393939	51182	3422
lcc	2	463231362e32202e4135332031393935	51183	3422
lcc	2	463231362e32202e4136372031393936	51183	3422
lcc	2	463231362e32202e423337	51183	3422
lcc	2	463231362e32202e423337203139393962	51183	3422
lcc	2	463231362e32202e423532	51183	3422
lcc	2	463231362e32202e423736332032303130	51183	3422
lcc	2	463231362e32202e423736352032303031	51183	3422
lcc	2	463231362e32202e4333362031393839	51183	3422
lcc	2	463231362e32202e4334372031393939	51183	3422
lcc	2	463231362e32202e433538	51183	3422
lcc	2	463231362e32202e4433362032303030	51183	3422
lcc	2	463231362e32202e453334	51183	3422
lcc	2	463231362e32202e4533362031393931	51183	3422
lcc	2	463231362e32202e4637	51183	3422
lcc	2	463231362e32202e4733332031393936	51183	3422
lcc	2	463231362e32202e4733342031393832	51183	3422
lcc	2	463231362e32202e4735352031393935	51183	3422
lcc	2	463231362e32202e4736342031393837	51183	3422
lcc	2	463231362e32202e4736372031393732	51183	3422
lcc	2	463231362e32202e4737372032303031	51183	3422
lcc	2	463231362e32202e4833352031393937	51183	3422
lcc	2	463231362e32202e4836332032303038	51183	3422
lcc	2	463231362e32202e4a33382031393934	51183	3422
lcc	2	463231362e32202e4a36342031393837	51183	3422
lcc	2	463231362e32202e4b34362031393936	51183	3422
lcc	2	463231362e32202e4d33372032303031	51183	3422
lcc	2	463231362e32202e4e3335203139383962	51183	3422
lcc	2	463231362e32202e503432352032303037	51183	3422
lcc	2	463231362e32202e5034332031393735	51183	3422
lcc	2	463231362e32202e503434	51183	3422
lcc	2	463231362e32202e5036382031393739	51183	3422
lcc	2	463231362e32202e523431372031393935	51183	3422
lcc	2	463231362e32202e5234332031393832	51183	3422
lcc	2	463231362e32202e5234342031393833	51183	3422
lcc	2	463231362e32202e5334362032303036	51183	3422
lcc	2	463231362e32202e5434372032303133	51183	3422
lcc	2	463231362e322e4138352032303133	51183	3422
lcc	2	463231362e322e4238352032303139	51183	3422
lcc	2	463231362e322e4334372031393939	51183	3422
lcc	2	463231362e322e4b34392032303136	51183	3422
lcc	2	463231362e322e5733392032303038	51183	3422
lcc	2	463231362e4e34352031393939	51182	3422
lcc	2	46323239202e423834382032303031	50986	3475
lcc	2	46323239202e42383738332031393936	50986	3475
lcc	2	46323239202e4239342032303031	50986	3475
lcc	2	46323239202e423936382031393837	50986	3475
lcc	2	46323239202e42393731352031393732	50986	3475
lcc	2	46323239202e42393732	50986	3475
lcc	2	46323239202e423938	50986	3475
lcc	2	46323239202e43362031393933	50986	3475
lcc	2	46323239202e4336362032303030	50986	3475
lcc	2	46323239202e4336372032303030	50986	3475
lcc	2	46323239202e4338	50986	3475
lcc	2	46323239202e4435382031393937	50986	3475
lcc	2	46323239202e4436342032303035	50986	3475
lcc	2	46323239202e4436352032303032	50986	3475
lcc	2	46323239202e4437342032303132	50986	3475
lcc	2	46323239202e4633382031393830	50986	3475
lcc	2	46323239202e4738362031393733	50986	3475
lcc	2	46323239202e4738372031393836	50986	3475
lcc	2	46323239202e483133342031393836	50986	3475
lcc	2	46323239202e4832372032303037	50986	3475
lcc	2	46323239202e48323733352032303037	50986	3475
lcc	2	46323239202e4837332031393837	50986	3475
lcc	2	46323239202e4837392032303130	50986	3475
lcc	2	46323239202e4838342031393931	50986	3475
lcc	2	46323239202e483836352032303130	50986	3475
lcc	2	46323239202e49382031393832	50986	3475
lcc	2	46323239202e4b37352031393938	50986	3475
lcc	2	46323239202e4d36342032303132	50986	3475
lcc	2	46323239202e4d3634342032303036	50986	3475
lcc	2	46323239202e4d3634352032303036	50986	3475
lcc	2	46323239202e50382031393836	50986	3475
lcc	2	46323239202e5135352031393834	50986	3475
lcc	2	46323239202e5135362031393835	50986	3475
lcc	2	46323239202e5233362032303033	50986	3475
lcc	2	46323239202e5236372032303039	50986	3475
lcc	2	46323239202e533234322031393733	50986	3475
lcc	2	46323239202e533234332031393733	50986	3475
lcc	2	46323239202e533234342031393733	50986	3475
lcc	2	46323239202e533234362031393931	50986	3475
lcc	2	46323239202e5334332032303033	50986	3475
lcc	2	46323239202e5335332031393833	50986	3475
lcc	2	46323239202e5335392031393836	50986	3475
lcc	2	46323239202e533539322031393838	50986	3475
lcc	2	46323239202e533639203136313261	50986	3475
lcc	2	46323239202e5337343935	50986	3475
lcc	2	46323239202e53383937203139373162	50986	3475
lcc	2	46323239202e5733362031393935	50986	3475
lcc	2	46323239202e5737392031393933	50986	3475
lcc	2	46323239204738362031393733	50986	3475
lcc	2	463232392048322031393731	50986	3475
lcc	2	46323239205336392031393733	50986	3475
lcc	2	4632323920573720766f6c2e2039	50986	3475
lcc	2	463232392e423533204235342032303037	50986	3475
lcc	2	463232392e423533205036392032303031	50986	3475
lcc	2	463232392e42382032303031	50986	3475
lcc	2	463232392e4333342041342031393730	50986	3475
lcc	2	463232392e433334204c34382032303035	50986	3475
lcc	2	463232392e4435362032303136	50986	3475
lcc	2	463232392e4436342032303035	50986	3475
lcc	2	463232392e4832372032303037	50986	3475
lcc	2	463232392e483531352032303135	50986	3475
lcc	2	463232392e483836352032303130	50986	3475
lcc	2	463232392e4d34362032303135	50986	3475
lcc	2	463232392e4e34385336382032303133	50986	3475
lcc	2	463232392e5034382032303232	50986	3475
lcc	2	463232392e5337204233382032303030	50986	3475
lcc	2	463232392e5337204737332031393931	50986	3475
lcc	2	463232392e5337204d33372032303032	50986	3475
lcc	2	463232392e5337372032303139	50986	3475
lcc	2	463232392e563833352032303139	50986	3475
lcc	2	46323330202e4133362031393731	50987	3475
lcc	2	46323330202e4238392031393733	50987	3475
lcc	2	46323330202e4338372032303132	50987	3475
lcc	2	46323330202e4533342031393931	50987	3475
lcc	2	46323330202e4737342032303034	50987	3475
lcc	2	46323330202e4a3533372032303038	50987	3475
lcc	2	46323330202e5231372032303130	50987	3475
lcc	2	46323330202e5239333134	50987	3475
lcc	2	46323330202e52393331362031393930	50987	3475
lcc	2	46323330202e5335332031393936	50987	3475
lcc	2	46323330202e55352031393730	50987	3475
lcc	2	463233302e423234204835342032303038	50987	3475
lcc	2	463233302e4533342031393931	50987	3475
lcc	2	463233302e4737342032303034	50987	3475
lcc	2	463233302e4c36372032303031	50987	3475
lcc	2	463233302e5035362032303039	50987	3475
lcc	2	463233302e50385734362032303131	50987	3475
lcc	2	46323331202e4737332031393935	50988	3475
lcc	2	46323331202e4834332031393833	50988	3475
lcc	2	46323331202e4a34342031393938	50988	3475
lcc	2	46323331202e4c36382031393931	50988	3475
lcc	2	46323331202e4d32	50988	3475
lcc	2	46323331202e5339322031393938	50988	3475
lcc	2	46323331202e54322031393936	50988	3475
lcc	2	463233312e32202e4138382032303036	50989	3475
lcc	2	463233312e32202e4239372031393938	50989	3475
lcc	2	463233312e322e4138382032303036	50989	3475
lcc	2	463233312e4238352032303137	50988	3475
lcc	2	463233312e44323720463734	50988	3475
lcc	2	463233312e54322031393936	50988	3475
lcc	2	46333134202e41323720766f6c2e203734	50818	3439
lcc	2	46333134202e4136392031393836	50818	3439
lcc	2	46333134202e433935	50818	3439
lcc	2	46333134202e4633352032303037	50818	3439
lcc	2	46333134202e4837352032303032	50818	3439
lcc	2	46333134202e4b34362031393736	50818	3439
lcc	2	46333134202e4c39332032303130	50818	3439
lcc	2	46333134202e4c39382031393736	50818	3439
lcc	2	46333134202e5332322031393932	50818	3439
lcc	2	46333134202e533639362032303039	50818	3439
lcc	2	46333134202e533839332032303130	50818	3439
lcc	2	46333134202e5734342031393932	50818	3439
lcc	2	463331342e43313935352032303036	50818	3439
lcc	2	463331342e4c3836202e503437206e6f2e203439	50818	3439
lcc	2	463331342e4d353420423331352031393933	50818	3439
lcc	2	463331342e4d3534204d332031393932	50818	3439
lcc	2	463331342e4d3534205236332032303033	50818	3439
lcc	2	463331342e4d3534205336323831332032303130	50818	3439
lcc	2	463331342e4d3534205434362031393930	50818	3439
lcc	2	46333135	50976	3439
lcc	2	463331352e4238372032303139	50976	3439
lcc	2	46333136202e463639352031393939	50977	3439
lcc	2	46333136202e4c3238203138373561	50977	3439
lcc	2	46333136202e4d33352032303031	50977	3439
lcc	2	46333136202e4f33362031393936	50977	3439
lcc	2	46333136202e5232342032303037	50977	3439
lcc	2	46333136202e523536352031393836	50977	3439
lcc	2	46333136202e533536	50977	3439
lcc	2	463331362e32	50978	3439
lcc	2	463331362e32202e4238342031393939	50978	3439
lcc	2	463331362e32202e4337332031393938	50978	3439
lcc	2	463331362e32202e4635382031393936	50978	3439
lcc	2	463331362e32202e4b35362031393936	50978	3439
lcc	2	463331362e32202e4b3536352032303038	50978	3439
lcc	2	463331362e32202e4b35372031393933	50978	3439
lcc	2	463331362e32202e4b3537352032303034	50978	3439
lcc	2	463331362e32202e4c39	50978	3439
lcc	2	463331362e32202e4d33332031393936	50978	3439
lcc	2	463331362e32202e4d36352032303033	50978	3439
lcc	2	463331362e32202e5034382031393936	50978	3439
lcc	2	463331362e32202e5338362032303032	50978	3439
lcc	2	463331362e322e4b3534204434	50978	3439
lcc	2	463331362e322e5238372032303230	50978	3439
lcc	2	463331362e3233202e4137352032303131	50978	3439
lcc	2	463331362e32332e4d33332041332032303130	50978	3439
lcc	2	463331362e32332e4d33382041332032303035	50978	3439
lcc	2	463331362e32332e4f34334133	50978	3439
lcc	2	463331362e423139204234352031393938	50977	3439
lcc	2	463331362e423837382050372031393933	50977	3439
lcc	2	463331362e43333720463537	50977	3439
lcc	2	463331362e463233204c39362031393939	50977	3439
lcc	2	463331362e463536204d33372031393938	50977	3439
lcc	2	463331362e463536205332362031393933	50977	3439
lcc	2	463331362e4635365332362032303130	50977	3439
lcc	2	463331362e4d36205335342032303039	50977	3439
lcc	2	46333330202e4336372032303039	51300	3431
lcc	2	46333330202e4737342032303030	51300	3431
lcc	2	46333330202e4737362032303031	51300	3431
lcc	2	46333330202e5034372031393935	51300	3431
lcc	2	463333302e332e53353341332032303133	51300	3431
lcc	2	463333302e332e5733204333372031393935	51300	3431
lcc	2	463333302e332e5733204637332031393936	51300	3431
lcc	2	463333302e332e5733204834332031393936	51300	3431
lcc	2	463333302e4635382032303135	51300	3431
lcc	2	463333302e5438352032303130	51300	3431
lcc	2	46333732202e4234342031393839	50817	3447
lcc	2	46333732202e4237352031393932	50817	3447
lcc	2	46333732202e4336322032303037	50817	3447
lcc	2	46333732202e4336362031393832	50817	3447
lcc	2	46333732202e4434372031393939	50817	3447
lcc	2	46333732202e4836332031393932	50817	3447
lcc	2	46333732202e50342031393838	50817	3447
lcc	2	46333732202e5333362031393932	50817	3447
lcc	2	46333732202e5633382032303035	50817	3447
lcc	2	46333732202e5736362031393830	50817	3447
lcc	2	46333732202e5736372032303035	50817	3447
lcc	2	463337322e423538204833382031393938	50817	3447
lcc	2	463337322e423738205033352032303037	50817	3447
lcc	2	463337322e4237384435342031393933	50817	3447
lcc	2	463337322e4336322032303037	50817	3447
lcc	2	463337322e4c3532342032303230	50817	3447
lcc	2	463337322e5437352032303233	50817	3447
lcc	2	463337322e5736372032303035	50817	3447
lcc	2	46333835202e4436362032303030	50936	3472
lcc	2	46333835202e4833392031393935	50936	3472
lcc	2	46333835202e4a36342032303038	50936	3472
lcc	2	46333835202e4d3236342031393836	50936	3472
lcc	2	46333835202e4e3433206e6f2e203730	50936	3472
lcc	2	46333835202e4e35332031393934	50936	3472
lcc	2	46333835202e5334352032303036	50936	3472
lcc	2	46333835202e5335382032303030	50936	3472
lcc	2	46333835202e5335392032303031	50936	3472
lcc	2	46333835202e5337342031393739	50936	3472
lcc	2	463338352e322e4336342032303038	50936	3472
lcc	2	463338352e533532372032303134	50936	3472
lcc	2	46333836202e4134362032303037	50936	3472
lcc	2	46333836202e4332362032303037	50936	3472
lcc	2	46333836202e433236382032303033	50936	3472
lcc	2	46333836202e4435362031393935	50936	3472
lcc	2	46333836202e4536362031393939	50936	3472
lcc	2	46333836202e4634322031393833	50936	3472
lcc	2	46333836202e4737332031393831	50936	3472
lcc	2	46333836202e4737332031393938	50936	3472
lcc	2	46333836202e4738382031393838	50936	3472
lcc	2	46333836202e483233352031393835	50936	3472
lcc	2	46333836202e483233362031393931	50936	3472
lcc	2	46333836202e483236372032303139	50936	3472
lcc	2	46333836202e483336	50936	3472
lcc	2	46333836202e4a372031393834	50936	3472
lcc	2	46333836202e4d3333372031393839	50936	3472
lcc	2	46333836202e4d3333372032303130	50936	3472
lcc	2	46333836202e4d3333392031393936	50936	3472
lcc	2	46333836202e4d33342031393836	50936	3472
lcc	2	46333836202e4d33342031393932	50936	3472
lcc	2	46333836202e4d3334362031393836	50936	3472
lcc	2	46333836202e4d3334382031393933	50936	3472
lcc	2	46333836202e4d333438372031393938	50936	3472
lcc	2	46333836202e4f3137	50936	3472
lcc	2	46333836202e543331362032303034	50936	3472
lcc	2	46333836202e543433342032303130	50936	3472
lcc	2	46333836202e543936352032303038	50936	3472
lcc	2	46333836202e5735372031393832	50936	3472
lcc	2	463338362e33202e4136362032303033	50936	3472
lcc	2	463338362e33202e4237342031393937	50936	3472
lcc	2	463338362e33202e4237382032303031	50936	3472
lcc	2	463338362e33202e4238352031393939	50936	3472
lcc	2	463338362e33202e4332372031393738	50936	3472
lcc	2	463338362e33202e4334352031393839	50936	3472
lcc	2	463338362e33202e4a33362032303130	50936	3472
lcc	2	463338362e33202e4a3336332032303130	50936	3472
lcc	2	463338362e33202e4c35382031393836	50936	3472
lcc	2	463338362e33202e4d33372031393935	50936	3472
lcc	2	463338362e33202e4d34352032303039	50936	3472
lcc	2	463338362e33202e5033372032303030	50936	3472
lcc	2	463338362e33202e5337332031393839	50936	3472
lcc	2	463338362e33202e5434362031393936	50936	3472
lcc	2	463338362e33202e5438372031393936	50936	3472
lcc	2	463338362e33202e57343520313939382062	50936	3472
lcc	2	463338362e33202e5735352031393935	50936	3472
lcc	2	463338362e332e413636322032303230	50936	3472
lcc	2	463338362e332e4233382032303133	50936	3472
lcc	2	463338362e332e4334352031393839	50936	3472
lcc	2	463338362e332e4335352032303134	50936	3472
lcc	2	463338362e332e4737342032303138	50936	3472
lcc	2	463338362e332e4d36362032303134	50936	3472
lcc	2	463338362e332e4f32372032303035	50936	3472
lcc	2	463338362e332e503334352032303136	50936	3472
lcc	2	463338362e332e5236392032303134	50936	3472
lcc	2	463338362e332e5335372032303137	50936	3472
lcc	2	463338362e35202e4334362031393931	50936	3472
lcc	2	463338362e35202e4435362031393837	50936	3472
lcc	2	463338362e35202e4737342031393835	50936	3472
lcc	2	463338362e35202e4d33332031393834	50936	3472
lcc	2	463338362e35202e5433392032303132	50936	3472
lcc	2	463338362e35202e5434392032303036	50936	3472
lcc	2	463338362e36202e423335342032303132	50936	3472
lcc	2	463338362e36202e4333352032303034	50936	3472
lcc	2	463338362e36202e4333372032303037	50936	3472
lcc	2	463338362e36202e4334372031393931	50936	3472
lcc	2	463338362e36202e4334382031393839	50936	3472
lcc	2	463338362e36202e4336392032303036	50936	3472
lcc	2	463338362e36202e4337382032303038	50936	3472
lcc	2	463338362e36202e4532352031393939	50936	3472
lcc	2	463338362e36202e4636352032303037	50936	3472
lcc	2	463338362e36202e4637352032303031	50936	3472
lcc	2	463338362e36202e4737342031393938	50936	3472
lcc	2	463338362e36202e48332031393830	50936	3472
lcc	2	463338362e36202e4836332032303031	50936	3472
lcc	2	463338362e36202e4838342032303031	50936	3472
lcc	2	463338362e36202e4a33362031393931	50936	3472
lcc	2	463338362e36202e4d3333	50936	3472
lcc	2	463338362e36202e4d33362031393937	50936	3472
lcc	2	463338362e36202e4d33392032303035	50936	3472
lcc	2	463338362e36202e4d3339352032303038	50936	3472
lcc	2	463338362e36202e5034372032303131	50936	3472
lcc	2	463338362e36202e5339342031393836	50936	3472
lcc	2	463338362e36202e5734332032303130	50936	3472
lcc	2	463338362e362e4d3339372032303137	50936	3472
lcc	2	463338362e4332362032303133	50936	3472
lcc	2	463338362e463736204237362032303030	50936	3472
lcc	2	463338362e4737342031393938	50936	3472
lcc	2	463338362e4d3132352032303035	50936	3472
lcc	2	463338362e4d3333372032303130	50936	3472
lcc	2	463338362e5339342032303230	50936	3472
lcc	2	463338362e543433342032303231	50936	3472
lcc	2	46333837202e413532362032303132	50936	3472
lcc	2	46333837202e423334382031393836	50936	3472
lcc	2	46333837202e4233352031393836	50936	3472
lcc	2	46333837202e423335332032303033	50936	3472
lcc	2	46333837202e4333322031393930	50936	3472
lcc	2	46333837202e4333332031393838	50936	3472
lcc	2	46333837202e433333352032303131	50936	3472
lcc	2	46333837202e4335332031393933	50936	3472
lcc	2	46333837202e4634342031393835	50936	3472
lcc	2	46333837202e4636372031393834	50936	3472
lcc	2	46333837202e4c33392032303039	50936	3472
lcc	2	46333837202e4d32382031393938	50936	3472
lcc	2	46333837202e4d3239352032303037	50936	3472
lcc	2	46333837202e4d3433382032303036	50936	3472
lcc	2	46333837202e4d34342031393938	50936	3472
lcc	2	46333837202e4d3434362032303030	50936	3472
lcc	2	46333837202e4d38362032303031	50936	3472
lcc	2	46333837202e5032382031393935	50936	3472
lcc	2	46333837202e503238342032303036	50936	3472
lcc	2	46333837202e5234382032303030	50936	3472
lcc	2	46333837202e523438382031393936	50936	3472
lcc	2	46333837202e52343838352032303035	50936	3472
lcc	2	46333837202e5236352031393836	50936	3472
lcc	2	46333837202e5238332031393834	50936	3472
lcc	2	46333837202e523833352031393837	50936	3472
lcc	2	46333837202e5332362031393937	50936	3472
lcc	2	46333837202e543439342031393739	50936	3472
lcc	2	46333837202e5935372032303039	50936	3472
lcc	2	463338372e4233352031393836	50936	3472
lcc	2	463338372e433333352032303131	50936	3472
lcc	2	463338372e483335352032303033	50936	3472
lcc	2	463338372e4d34342031393938	50936	3472
lcc	2	46333839202e413434362032303033	50936	3472
lcc	2	46333839202e413933362031393730	50936	3472
lcc	2	46333839202e4238322031393938	50936	3472
lcc	2	46333839202e423935342031393937	50936	3472
lcc	2	46333839202e433433382032303031	50936	3472
lcc	2	46333839202e433434322031393932	50936	3472
lcc	2	46333839202e4338372031393934	50936	3472
lcc	2	46333839202e4636392031393935	50936	3472
lcc	2	46333839202e4734362032303130	50936	3472
lcc	2	46333839202e4738372031393837	50936	3472
lcc	2	46333839202e4738372031393839	50936	3472
lcc	2	46333839202e473837342031393839	50936	3472
lcc	2	46333839202e4834382031393832	50936	3472
lcc	2	46333839202e4c34382032303130	50936	3472
lcc	2	46333839202e4d35342032303030	50936	3472
lcc	2	46333839202e4d37382031393931	50936	3472
lcc	2	46333839202e5035332031393933	50936	3472
lcc	2	46333839202e52352031393832	50936	3472
lcc	2	46333839202e5235382031393935	50936	3472
lcc	2	46333839202e5236392032303130	50936	3472
lcc	2	46333839202e5435332031393934	50936	3472
lcc	2	46333839202e5436372032303036	50936	3472
lcc	2	46333839202e5733342031393931	50936	3472
lcc	2	46333839202e5733352031393936	50936	3472
lcc	2	463338392e413932204737332031393837	50936	3472
lcc	2	463338392e41393432204333362031393939	50936	3472
lcc	2	463338392e41393432205236332032303038	50936	3472
lcc	2	463338392e4238204635372031393830	50936	3472
lcc	2	463338392e4334342031393932	50936	3472
lcc	2	463338392e453233204b35362031393831	50936	3472
lcc	2	463338392e4c3636342032303135	50936	3472
lcc	2	463338392e4c3835204d36372031393936	50936	3472
lcc	2	463338392e4c3835205233352032303030	50936	3472
lcc	2	46333930202e4135332031393937	50936	3472
lcc	2	46333930202e4234342032303038	50936	3472
lcc	2	46333930202e423833332032303034	50936	3472
lcc	2	46333930202e423834352032303033	50936	3472
lcc	2	46333930202e423838332031393939	50936	3472
lcc	2	46333930202e433432352031393932	50936	3472
lcc	2	46333930202e4334372031393839	50936	3472
lcc	2	46333930202e4336382032303035	50936	3472
lcc	2	46333930202e4337382031393931	50936	3472
lcc	2	46333930202e4436362032303132	50936	3472
lcc	2	46333930202e4438362031393836	50936	3472
lcc	2	46333930202e4538382032303038	50936	3472
lcc	2	46333930202e463435372032303037	50936	3472
lcc	2	46333930202e463533322031393837	50936	3472
lcc	2	46333930202e4635382032303032	50936	3472
lcc	2	46333930202e4833342031393930	50936	3472
lcc	2	46333930202e483833332031393935	50936	3472
lcc	2	46333930202e4839322031393937	50936	3472
lcc	2	46333930202e483932342031393939	50936	3472
lcc	2	46333930202e4a3133342032303032	50936	3472
lcc	2	46333930202e4a3133362031393937	50936	3472
lcc	2	46333930202e4a37362031393733	50936	3472
lcc	2	46333930202e4b32382032303039	50936	3472
lcc	2	46333930202e4b38332031393834	50936	3472
lcc	2	46333930202e4c3139362031393733	50936	3472
lcc	2	46333930202e4c35342032303033	50936	3472
lcc	2	46333930202e4c36332031393930	50936	3472
lcc	2	46333930202e4d3132332031393738	50936	3472
lcc	2	46333930202e4d3132372032303039	50936	3472
lcc	2	46333930202e4d3438352031393935	50936	3472
lcc	2	46333930202e4d3532352032303033	50936	3472
lcc	2	46333930202e4d3532382032303031	50936	3472
lcc	2	46333930202e4d3835322032303135	50936	3472
lcc	2	46333930202e4d3835352032303039	50936	3472
lcc	2	46333930202e4e33342031393938	50936	3472
lcc	2	46333930202e4e333831332031393935	50936	3472
lcc	2	46333930202e4e34352031393938	50936	3472
lcc	2	46333930202e4f37362032303032	50936	3472
lcc	2	46333930202e5033322031393937	50936	3472
lcc	2	46333930202e5033333133	50936	3472
lcc	2	46333930202e50333431332031393936	50936	3472
lcc	2	46333930202e5039362031393836	50936	3472
lcc	2	46333930202e5233342032303034	50936	3472
lcc	2	46333930202e5233392032303037	50936	3472
lcc	2	46333930202e5234362032303035	50936	3472
lcc	2	46333930202e5235	50936	3472
lcc	2	46333930202e5235342032303032	50936	3472
lcc	2	46333930202e5236332032303038	50936	3472
lcc	2	46333930202e5334332032303030	50936	3472
lcc	2	46333930202e5334392031393936	50936	3472
lcc	2	46333930202e533439342031393938	50936	3472
lcc	2	46333930202e5335362031393932	50936	3472
lcc	2	46333930202e533634372031393731	50936	3472
lcc	2	46333930202e5337322031393936	50936	3472
lcc	2	46333930202e53382032303034	50936	3472
lcc	2	46333930202e543133362032303033	50936	3472
lcc	2	46333930202e5436342031393938	50936	3472
lcc	2	46333930202e5731372031393932	50936	3472
lcc	2	46333930202e573337352032303032	50936	3472
lcc	2	46333930202e5736352031393936	50936	3472
lcc	2	46333930202e5737352032303130	50936	3472
lcc	2	46333930202e5737372032303032	50936	3472
lcc	2	46333930202e5739332032303039	50936	3472
lcc	2	46333930202e5a33332032303131	50936	3472
lcc	2	463339302e4133352045333531382032303034	50936	3472
lcc	2	463339302e423838332031393939	50936	3472
lcc	2	463339302e433336372032303234	50936	3472
lcc	2	463339302e433435204f37342031393937	50936	3472
lcc	2	463339302e4337392032303034	50936	3472
lcc	2	463339302e443532204b3536	50936	3472
lcc	2	463339302e4435362032303139	50936	3472
lcc	2	463339302e4533322032303030	50936	3472
lcc	2	463339302e45333635204f37352031393937	50936	3472
lcc	2	463339302e453837204d33382031393936	50936	3472
lcc	2	463339302e463432205337332031393937	50936	3472
lcc	2	463339302e4735392032303231	50936	3472
lcc	2	463339302e473834352031393939	50936	3472
lcc	2	463339302e4738392032303135	50936	3472
lcc	2	463339302e482f	50936	3472
lcc	2	463339302e4835332032303139	50936	3472
lcc	2	463339302e483538204233372031393839	50936	3472
lcc	2	463339302e48383234205334	50936	3472
lcc	2	463339302e483834204236332032303130	50936	3472
lcc	2	463339302e483834204236372032303033	50936	3472
lcc	2	463339302e483834204333372031393837	50936	3472
lcc	2	463339302e483834204637352031393836	50936	3472
lcc	2	463339302e483834204735372031393838	50936	3472
lcc	2	463339302e483834204738392031393938	50936	3472
lcc	2	463339302e483834204833342032303032	50936	3472
lcc	2	463339302e483834204833372032303036	50936	3472
lcc	2	463339302e483834204b35342032303038	50936	3472
lcc	2	463339302e483834204b353431382032303038	50936	3472
lcc	2	463339302e4838342052362031393933	50936	3472
lcc	2	463339302e483834205332362032303133	50936	3472
lcc	2	463339302e483834205438372032303130	50936	3472
lcc	2	463339302e483834205438372032303131	50936	3472
lcc	2	463339302e483834205735352031393932	50936	3472
lcc	2	463339302e4838344737342031393936	50936	3472
lcc	2	463339302e4838344b35342032303038	50936	3472
lcc	2	463339302e4838344b353431382032303038	50936	3472
lcc	2	463339302e4a3736204635382031393937	50936	3472
lcc	2	463339302e4b333520323031336562	50936	3472
lcc	2	463339302e4c32204d36372031393934	50936	3472
lcc	2	463339302e4c3438342032303235	50936	3472
lcc	2	463339302e4d34392032303135	50936	3472
lcc	2	463339302e4d353236205336342031393939	50936	3472
lcc	2	463339302e4d36352032303136	50936	3472
lcc	2	463339302e4d3739204135332031393936	50936	3472
lcc	2	463339302e4d3834352032303134	50936	3472
lcc	2	463339302e4d38352032303033	50936	3472
lcc	2	463339302e4d3835322032303135	50936	3472
lcc	2	463339302e4e33384a38332032303137	50936	3472
lcc	2	463339302e4e343235202e4235352032303037	50936	3472
lcc	2	463339302e4e3433204b35362032303032	50936	3472
lcc	2	463339302e4e3435352032303131	50936	3472
lcc	2	463339302e4f35342032303138	50936	3472
lcc	2	463339302e4f38352032303139	50936	3472
lcc	2	463339302e5033382032303138	50936	3472
lcc	2	463339302e50383820463537	50936	3472
lcc	2	463339302e533135204d36362032303030	50936	3472
lcc	2	463339302e573137352032303037	50936	3472
lcc	2	463339302e573437204237362032303130	50936	3472
lcc	2	463339302e57373320483436	50936	3472
lcc	2	463339302e5a34204834362031393936	50936	3472
lcc	2	463339302e5a34205437342032303033	50936	3472
lcc	2	46333931202e423334352031393939	50937	3472
lcc	2	46333931202e4238382031393834	50937	3472
lcc	2	46333931202e4332372031393937	50937	3472
lcc	2	46333931202e433333372032303037	50937	3472
lcc	2	46333931202e4337382031393937	50937	3472
lcc	2	46333931202e43373833352032303038	50937	3472
lcc	2	46333931202e43373833372032303039	50937	3472
lcc	2	46333931202e483238332032303039	50937	3472
lcc	2	46333931202e4939342032303130	50937	3472
lcc	2	46333931202e4a3334342031393938	50937	3472
lcc	2	46333931202e4a333435	50937	3472
lcc	2	46333931202e4a3639	50937	3472
lcc	2	46333931202e4b36392031393939	50937	3472
lcc	2	46333931202e4b36392032303037	50937	3472
lcc	2	46333931202e4c34342031393836	50937	3472
lcc	2	46333931202e4d31322031393730	50937	3472
lcc	2	46333931202e4d3132392031393936	50937	3472
lcc	2	46333931202e4d3435332031393832	50937	3472
lcc	2	46333931202e4d34362031393731	50937	3472
lcc	2	46333931202e4d3633362032303034	50937	3472
lcc	2	46333931202e4d3933342032303039	50937	3472
lcc	2	46333931202e5032362031393931	50937	3472
lcc	2	46333931202e503236342032303039	50937	3472
lcc	2	46333931202e5034332031393735	50937	3472
lcc	2	46333931202e5039342031393931	50937	3472
lcc	2	46333931202e5231342031393837	50937	3472
lcc	2	46333931202e5235382031393937	50937	3472
lcc	2	46333931202e533232	50937	3472
lcc	2	46333931202e5335372031393836	50937	3472
lcc	2	46333931202e53363235342031393938	50937	3472
lcc	2	46333931202e53363239372032303033	50937	3472
lcc	2	46333931202e5338362031393839	50937	3472
lcc	2	46333931202e5437332032303132	50937	3472
lcc	2	46333931202e5533392032303031	50937	3472
lcc	2	46333931202e5736372031393939	50937	3472
lcc	2	46333931202e5738342031393934	50937	3472
lcc	2	463339312e32202e4233203139373262	50938	3472
lcc	2	463339312e32202e423436	50938	3472
lcc	2	463339312e32202e423739352032303034	50938	3472
lcc	2	463339312e32202e4333342031393832	50938	3472
lcc	2	463339312e32202e4333352032303030	50938	3472
lcc	2	463339312e32202e4335342031393932	50938	3472
lcc	2	463339312e32202e4335362031393835	50938	3472
lcc	2	463339312e32202e4338362032303130	50938	3472
lcc	2	463339312e32202e4435342031393939	50938	3472
lcc	2	463339312e32202e4435382032303030	50938	3472
lcc	2	463339312e32202e4635342032303034	50938	3472
lcc	2	463339312e32202e4637332031393935	50938	3472
lcc	2	463339312e32202e483332352031393937	50938	3472
lcc	2	463339312e32202e4833332031393839	50938	3472
lcc	2	463339312e32202e483436352031393934	50938	3472
lcc	2	463339312e32202e4834382031393831	50938	3472
lcc	2	463339312e32202e4b36322031393836	50938	3472
lcc	2	463339312e32202e4d32322032303039	50938	3472
lcc	2	463339312e32202e4d32352031393839	50938	3472
lcc	2	463339312e32202e4f362031393731	50938	3472
lcc	2	463339312e32202e5234362031393935	50938	3472
lcc	2	463339312e32202e5332382031393937	50938	3472
lcc	2	463339312e32202e5633362032303030	50938	3472
lcc	2	463339312e32202e5734382031393837	50938	3472
lcc	2	463339312e322e4336352032303030	50938	3472
lcc	2	463339312e322e4635342032303034	50938	3472
lcc	2	463339312e322e4d32322032303039	50938	3472
lcc	2	463339312e332e4635372032303137	50938	3472
lcc	2	463339312e34202e4537352032303032	50938	3472
lcc	2	463339312e342e4237352041332032303038	50938	3472
lcc	2	463339312e342e4238372041332031393939	50938	3472
lcc	2	463339312e342e423837205738342032303030	50938	3472
lcc	2	463339312e342e433538204233372031393936	50938	3472
lcc	2	463339312e342e483335204833352031393935	50938	3472
lcc	2	463339312e342e483535205336352032303037	50938	3472
lcc	2	463339312e342e4d32382041332031393931	50938	3472
lcc	2	463339312e342e4d32382041332031393937	50938	3472
lcc	2	463339312e342e50323635204333372031393938	50938	3472
lcc	2	463339312e342e5234342041332031393935	50938	3472
lcc	2	463339312e342e523533205335392031393936	50938	3472
lcc	2	463339312e342e5735382041332031393936	50938	3472
lcc	2	463339312e4133322032303039	50937	3472
lcc	2	463339312e413833204134342032303131	50937	3472
lcc	2	463339312e423239322041332031393936	50937	3472
lcc	2	463339312e4235205335332032303037	50937	3472
lcc	2	463339312e423933204836352031393836	50937	3472
lcc	2	463339312e433439204338372031393931	50937	3472
lcc	2	463339312e433737204834352031393938	50937	3472
lcc	2	463339312e433738392032303136	50937	3472
lcc	2	463339312e4434322031393938	50937	3472
lcc	2	463339312e46343733205033372031393934	50937	3472
lcc	2	463339312e46343733205033382031393934	50937	3472
lcc	2	463339312e473635204d3334	50937	3472
lcc	2	463339312e473636204f37342031393930	50937	3472
lcc	2	463339312e4831383520483634	50937	3472
lcc	2	463339312e483236204d33372031393935	50937	3472
lcc	2	463339312e48323720503337	50937	3472
lcc	2	463339312e4838382050322032303131	50937	3472
lcc	2	463339312e4a333536332032303137	50937	3472
lcc	2	463339312e4a3534332031393937	50937	3472
lcc	2	463339312e4c34342031393836	50937	3472
lcc	2	463339312e4d3132392031393936	50937	3472
lcc	2	463339312e4d35205333382031393938	50937	3472
lcc	2	463339312e4d363337204d36372032303031	50937	3472
lcc	2	463339312e523336204333362032303031	50937	3472
lcc	2	463339312e523437205033372032303035	50937	3472
lcc	2	463339312e53363234	50937	3472
lcc	2	463339312e53363234204133372031393830	50937	3472
lcc	2	463339312e53363235342031393938	50937	3472
lcc	2	463339312e53363236204a38332031393936	50937	3472
lcc	2	463339312e53363239205335342031393832	50937	3472
lcc	2	463339312e543232205336332032303038	50937	3472
lcc	2	463339312e5432344736382032303034	50937	3472
lcc	2	463339312e5435313135204b34352031393838	50937	3472
lcc	2	463339312e5539332032303037	50937	3472
lcc	2	463339312e57353735205035382031393939	50937	3472
lcc	2	463339312e593638204436332031393831	50937	3472
lcc	2	46353932202e4134392032303035	50913	50907
lcc	2	46353932202e4234322031393937	50913	50907
lcc	2	46353932202e423837	50913	50907
lcc	2	46353932202e4332392032303033	50913	50907
lcc	2	46353932202e4336382031393936	50913	50907
lcc	2	46353932202e4337352032303033	50913	50907
lcc	2	46353932202e4433362031393837	50913	50907
lcc	2	46353932202e4438362031393937	50913	50907
lcc	2	46353932202e4632332031393733	50913	50907
lcc	2	46353932202e46383532	50913	50907
lcc	2	46353932202e463835332031393939	50913	50907
lcc	2	46353932202e473220766f6c2e203631	50913	50907
lcc	2	46353932202e4736342031393935	50913	50907
lcc	2	46353932202e4834362031393936	50913	50907
lcc	2	46353932202e4834382031393734	50913	50907
lcc	2	46353932202e493733332031393737	50913	50907
lcc	2	46353932202e4c35342031393939	50913	50907
lcc	2	46353932202e4d33352031393933	50913	50907
lcc	2	46353932202e4d33362031393933	50913	50907
lcc	2	46353932202e4d37332031393938	50913	50907
lcc	2	46353932202e4d3734322031393833	50913	50907
lcc	2	46353932202e4e33392032303038	50913	50907
lcc	2	46353932202e503633382032303036	50913	50907
lcc	2	46353932202e50363537	50913	50907
lcc	2	46353932202e5037342031393935	50913	50907
lcc	2	46353932202e5234362032303036	50913	50907
lcc	2	46353932202e5234382031393936	50913	50907
lcc	2	46353932202e5234392031393936	50913	50907
lcc	2	46353932202e5235392031393935	50913	50907
lcc	2	46353932202e5331332031393832	50913	50907
lcc	2	46353932202e5333382031393935	50913	50907
lcc	2	46353932202e533739382031393837	50913	50907
lcc	2	46353932202e5434372031393937	50913	50907
lcc	2	46353932202e5437332031393738	50913	50907
lcc	2	46353932202e543734322031393837	50913	50907
lcc	2	46353932202e5535342031393732	50913	50907
lcc	2	46353932202e5738362031393939	50913	50907
lcc	2	463539322e332032303034	50913	50907
lcc	2	463539322e34202e433837	50913	50907
lcc	2	463539322e34203139383320766f6c2e2031	50913	50907
lcc	2	463539322e342031393938	50913	50907
lcc	2	463539322e342032303030	50913	50907
lcc	2	463539322e342032303032	50913	50907
lcc	2	463539322e3431393833	50913	50907
lcc	2	463539322e3432303032	50913	50907
lcc	2	463539322e3432303033	50913	50907
lcc	2	463539322e35202e47322031393937	50913	50907
lcc	2	463539322e352e5332334b37342032303032	50913	50907
lcc	2	463539322e41383420433535	50913	50907
lcc	2	463539322e42333933204235332031393733	50913	50907
lcc	2	463539322e42333933204235332031393931	50913	50907
lcc	2	463539322e42333933204436352031393932	50913	50907
lcc	2	463539322e43323633204d3333352032303039	50913	50907
lcc	2	463539322e433333	50913	50907
lcc	2	463539322e433333204132332031393931	50913	50907
lcc	2	463539322e433333204236372032303033	50913	50907
lcc	2	463539322e433333204b35382031393936	50913	50907
lcc	2	463539322e433333205335362032303033	50913	50907
lcc	2	463539322e433732205635362032303038	50913	50907
lcc	2	463539322e4338382031393935	50913	50907
lcc	2	463539322e463538204833332031393831	50913	50907
lcc	2	463539322e473535204d392031393736	50913	50907
lcc	2	463539322e4736342031393935	50913	50907
lcc	2	463539322e473731332032303138	50913	50907
lcc	2	463539322e4834352032303230	50913	50907
lcc	2	463539322e4d34362032303132	50913	50907
lcc	2	463539322e4e33392032303038	50913	50907
lcc	2	463539322e50363533205332362032303133	50913	50907
lcc	2	463539322e5037382031393836	50913	50907
lcc	2	463539322e53363439204e34352032303034	50913	50907
lcc	2	463539322e53363439205636342031393931	50913	50907
lcc	2	463539322e53363439205736362031393834	50913	50907
lcc	2	463539322e5336343935205338362032303030	50913	50907
lcc	2	46353933202e423134332032303038	50914	50907
lcc	2	46353933202e4237332031393938	50914	50907
lcc	2	46353933202e42373834352031393835	50914	50907
lcc	2	46353933202e423837	50914	50907
lcc	2	46353933202e4432372032303033	50914	50907
lcc	2	46353933202e4433332032303035	50914	50907
lcc	2	46353933202e44362031393936	50914	50907
lcc	2	46353933202e4436342032303030	50914	50907
lcc	2	46353933202e4736362031393832	50914	50907
lcc	2	46353933202e47383134352031393934	50914	50907
lcc	2	46353933202e4834352031393938	50914	50907
lcc	2	46353933202e4834372032303030	50914	50907
lcc	2	46353933202e4834382031393733	50914	50907
lcc	2	46353933202e483535332031393936	50914	50907
lcc	2	46353933202e4838352031393935	50914	50907
lcc	2	46353933202e4b332031393733	50914	50907
lcc	2	46353933202e4b3533372031393935	50914	50907
lcc	2	46353933202e4b3536	50914	50907
lcc	2	46353933202e4c35382031393939	50914	50907
lcc	2	46353933202e4c38322031393939	50914	50907
lcc	2	46353933202e4c38382032303230	50914	50907
lcc	2	46353933202e4c3935352032303034	50914	50907
lcc	2	46353933202e4d3235342031393936	50914	50907
lcc	2	46353933202e4d3235372031393937	50914	50907
lcc	2	46353933202e4d32362031393934	50914	50907
lcc	2	46353933202e4d343734352032303130	50914	50907
lcc	2	46353933202e4d34382031393938	50914	50907
lcc	2	46353933202e4e34362031393938	50914	50907
lcc	2	46353933202e4e34382031393937	50914	50907
lcc	2	46353933202e4f3237352032303033	50914	50907
lcc	2	46353933202e5033352031393935	50914	50907
lcc	2	46353933202e5236392031393936	50914	50907
lcc	2	46353933202e5335352031393939	50914	50907
lcc	2	46353933202e5335372031393937	50914	50907
lcc	2	46353933202e533639382032303035	50914	50907
lcc	2	46353933202e5338342031393838	50914	50907
lcc	2	46353933202e5435352031393734	50914	50907
lcc	2	46353933202e5536372031393739	50914	50907
lcc	2	46353933202e5733352031393835	50914	50907
lcc	2	46353933202e573437362032303033	50914	50907
lcc	2	463539332e4231382032303031	50914	50907
lcc	2	463539332e4236354235372031393938	50914	50907
lcc	2	463539332e43353233204836352031393931	50914	50907
lcc	2	463539332e4d3437352032303033	50914	50907
lcc	2	463539332e503433342041332032303039	50914	50907
lcc	2	463539332e5334352041332031393937	50914	50907
lcc	2	463539332e53343541332031393937	50914	50907
lcc	2	463539332e533536205333362032303033	50914	50907
lcc	2	463539332e53363920483635	50914	50907
lcc	2	46353934202e4133372032303039	50915	50907
lcc	2	46353934202e4234332031393937	50915	50907
lcc	2	46353934202e423437	50915	50907
lcc	2	46353934202e423632322031393938	50915	50907
lcc	2	46353934202e423632322032303038	50915	50907
lcc	2	46353934202e423632332031393838	50915	50907
lcc	2	46353934202e4237332031393937	50915	50907
lcc	2	46353934202e433637342031393731	50915	50907
lcc	2	46353934202e4338382031393937	50915	50907
lcc	2	46353934202e433934372032303034	50915	50907
lcc	2	46353934202e4433382032303033	50915	50907
lcc	2	46353934202e443632392031393839	50915	50907
lcc	2	46353934202e443639	50915	50907
lcc	2	46353934202e46382031393935	50915	50907
lcc	2	46353934202e4735332031393938	50915	50907
lcc	2	46353934202e473638372031393837	50915	50907
lcc	2	46353934202e4833342032303033	50915	50907
lcc	2	46353934202e4836372031393935	50915	50907
lcc	2	46353934202e483739322031393935	50915	50907
lcc	2	46353934202e4b32322031393936	50915	50907
lcc	2	46353934202e4b33332031393935	50915	50907
lcc	2	46353934202e4c362031393732	50915	50907
lcc	2	46353934202e4c38392031393935	50915	50907
lcc	2	46353934202e4c39342031393731	50915	50907
lcc	2	46353934202e4d313135	50915	50907
lcc	2	46353934202e4f33332031393937	50915	50907
lcc	2	46353934202e4f35342032303031	50915	50907
lcc	2	46353934202e4f38362031393833	50915	50907
lcc	2	46353934202e5037352032303038	50915	50907
lcc	2	46353934202e52343932	50915	50907
lcc	2	46353934202e5333362031393934	50915	50907
lcc	2	46353934202e533635352032303037	50915	50907
lcc	2	46353934202e5336392031393938	50915	50907
lcc	2	46353934202e533739372031393938	50915	50907
lcc	2	46353934202e533832332031393839	50915	50907
lcc	2	46353934202e5435322032303030	50915	50907
lcc	2	46353934202e543634	50915	50907
lcc	2	46353934202e5633332032303031	50915	50907
lcc	2	46353934202e573231352031393932	50915	50907
lcc	2	46353934204836352031393736	50915	50907
lcc	2	463539342e42363232205036372032303032	50915	50907
lcc	2	463539342e423633204333372032303030	50915	50907
lcc	2	463539342e423633204d33372031393938	50915	50907
lcc	2	463539342e423633205236372031393839	50915	50907
lcc	2	463539342e423633205334342031393831	50915	50907
lcc	2	463539342e4236335733372032303135	50915	50907
lcc	2	463539342e423934204637352032303130	50915	50907
lcc	2	463539342e423934204833362031393936	50915	50907
lcc	2	463539342e423934205335352032303032	50915	50907
lcc	2	463539342e423934205336362031393938	50915	50907
lcc	2	463539342e423934205337342031393931	50915	50907
lcc	2	463539342e423934205733372032303035	50915	50907
lcc	2	463539342e423934205734382032303033	50915	50907
lcc	2	463539342e423934205736352031393938	50915	50907
lcc	2	463539342e4239344b35352032303138	50915	50907
lcc	2	463539342e43322046332031393932	50915	50907
lcc	2	463539342e4332204636362031393935	50915	50907
lcc	2	463539342e4332205334372031393936	50915	50907
lcc	2	463539342e4332205736362032303130	50915	50907
lcc	2	463539342e43324834372032303138	50915	50907
lcc	2	463539342e43324b35352032303137	50915	50907
lcc	2	463539342e43324b37342032303037	50915	50907
lcc	2	463539342e433638204237352032303032	50915	50907
lcc	2	463539342e4337362031393932	50915	50907
lcc	2	463539342e4338353341382031393939	50915	50907
lcc	2	463539342e433938332031393934	50915	50907
lcc	2	463539342e433938362031393934	50915	50907
lcc	2	463539342e463534204133382031393738	50915	50907
lcc	2	463539342e48343232204b3736	50915	50907
lcc	2	463539342e483632204535382031393934	50915	50907
lcc	2	463539342e483632204833362031393936	50915	50907
lcc	2	463539342e483632205236372031393832	50915	50907
lcc	2	463539342e4836325236372031393832	50915	50907
lcc	2	463539342e483734204a332031393739	50915	50907
lcc	2	463539342e483734205433362031393938	50915	50907
lcc	2	463539342e4935342032303139	50915	50907
lcc	2	463539342e4a3234205034382031393938	50915	50907
lcc	2	463539342e4a3235205736362032303130	50915	50907
lcc	2	463539342e4a32354338352032303137	50915	50907
lcc	2	463539342e4a3237204438352031393938	50915	50907
lcc	2	463539342e4a3237204833352031393936	50915	50907
lcc	2	463539342e4a3237205337342031393935	50915	50907
lcc	2	463539342e4a3237205934332032303030	50915	50907
lcc	2	463539342e4a32375332342032303032	50915	50907
lcc	2	463539342e4b3235204635372032303034	50915	50907
lcc	2	463539342e4c383932204d33342032303039	50915	50907
lcc	2	463539342e4c383932204d35352031393935	50915	50907
lcc	2	463539342e4c3839324b33382032303230	50915	50907
lcc	2	463539342e4c3839325535332032303038	50915	50907
lcc	2	463539342e4c383936205236372031393839	50915	50907
lcc	2	463539342e4d313137205335362032303031	50915	50907
lcc	2	463539342e4d3333204434	50915	50907
lcc	2	463539342e4d3532205736362032303032	50915	50907
lcc	2	463539342e4f32342032303136	50915	50907
lcc	2	463539342e4f3234352032303136	50915	50907
lcc	2	463539342e4f3334205235342031393934	50915	50907
lcc	2	463539342e5033374d35352032303231	50915	50907
lcc	2	463539342e5037352032303038	50915	50907
lcc	2	463539342e523235204438342032303130	50915	50907
lcc	2	463539342e523238352032303037	50915	50907
lcc	2	463539342e53363636204237352032303037	50915	50907
lcc	2	463539342e5338204e33342032303030	50915	50907
lcc	2	463539342e5338205335372031393832	50915	50907
lcc	2	463539342e5338205337332031393839	50915	50907
lcc	2	463539342e563334205335372031393936	50915	50907
lcc	2	463539342e573438205335372032303037	50915	50907
lcc	2	463539342e573735204d33332031393936	50915	50907
lcc	2	46353935202e4132342031393933	50916	50907
lcc	2	46353935202e4134372031393931	50916	50907
lcc	2	46353935202e4135352031393939	50916	50907
lcc	2	46353935202e4137342031393935	50916	50907
lcc	2	46353935202e4138352031393836	50916	50907
lcc	2	46353935202e4233362031393937	50916	50907
lcc	2	46353935202e4334372031393936	50916	50907
lcc	2	46353935202e4336332032303130	50916	50907
lcc	2	46353935202e4337382032303030	50916	50907
lcc	2	46353935202e4432362032303036	50916	50907
lcc	2	46353935202e4433352032303032	50916	50907
lcc	2	46353935202e4439332032303132	50916	50907
lcc	2	46353935202e4533382032303036	50916	50907
lcc	2	46353935202e4738372031393932	50916	50907
lcc	2	46353935202e4b35342031393932	50916	50907
lcc	2	46353935202e4c3337352032303039	50916	50907
lcc	2	46353935202e4d332031393839	50916	50907
lcc	2	46353935202e4d3334332032303039	50916	50907
lcc	2	46353935202e4f35352031393839	50916	50907
lcc	2	46353935202e503438352032303035	50916	50907
lcc	2	46353935202e52342031393937	50916	50907
lcc	2	46353935202e523833	50916	50907
lcc	2	46353935202e5332342032303038	50916	50907
lcc	2	46353935202e5632362032303039	50916	50907
lcc	2	46353935202e573639352032303037	50916	50907
lcc	2	463539352e32202e4132332031393834	50917	50907
lcc	2	463539352e32202e413837	50917	50907
lcc	2	463539352e32202e463633	50917	50907
lcc	2	463539352e32202e4836382031393837	50917	50907
lcc	2	463539352e32202e4a36362031393937	50917	50907
lcc	2	463539352e32202e4d3435	50917	50907
lcc	2	463539352e32202e4e33372032303031	50917	50907
lcc	2	463539352e32202e503434	50917	50907
lcc	2	463539352e32202e503536	50917	50907
lcc	2	463539352e32202e533733	50917	50907
lcc	2	463539352e32202e573535	50917	50907
lcc	2	463539352e322e4836382031393837	50917	50907
lcc	2	463539352e322e5036352031393935	50917	50907
lcc	2	463539352e33202e4234332031393930	50918	50907
lcc	2	463539352e33202e4336362031393837	50918	50907
lcc	2	463539352e33202e4433382032303034	50918	50907
lcc	2	463539352e33202e4434322031393930	50918	50907
lcc	2	463539352e33202e4434342031393835	50918	50907
lcc	2	463539352e33202e4436332032303039	50918	50907
lcc	2	463539352e33202e4534332031393938	50918	50907
lcc	2	463539352e33202e4535332031393936	50918	50907
lcc	2	463539352e33202e4537352032303039	50918	50907
lcc	2	463539352e33202e4737332031393939	50918	50907
lcc	2	463539352e33202e4737342031393931	50918	50907
lcc	2	463539352e33202e4738382031393839	50918	50907
lcc	2	463539352e33202e4835362032303038	50918	50907
lcc	2	463539352e33202e4836352031393937	50918	50907
lcc	2	463539352e33202e4838342031393936	50918	50907
lcc	2	463539352e33202e4b33352031393936	50918	50907
lcc	2	463539352e33202e4b33362031393938	50918	50907
lcc	2	463539352e33202e4b33382031393837	50918	50907
lcc	2	463539352e33202e4b36372032303036	50918	50907
lcc	2	463539352e33202e4d34352032303032	50918	50907
lcc	2	463539352e33202e523338352032303033	50918	50907
lcc	2	463539352e33202e523633342031393937	50918	50907
lcc	2	463539352e33202e5238372031393837	50918	50907
lcc	2	463539352e33202e5333372031393936	50918	50907
lcc	2	463539352e33202e5334362031393936	50918	50907
lcc	2	463539352e33202e5633352031393839	50918	50907
lcc	2	463539352e33202e5636342031393835	50918	50907
lcc	2	463539352e33202e5733372032303132	50918	50907
lcc	2	463539352e332e4834362032303134	50918	50907
lcc	2	463539352e332e4d33362031393937	50918	50907
lcc	2	463539352e332e4e34352032303136	50918	50907
lcc	2	463539352e332e5338342032303135	50918	50907
lcc	2	463539352e42342032303234	50916	50907
lcc	2	463539352e423737205035352032303037	50916	50907
lcc	2	463539352e423837204237352031393939	50916	50907
lcc	2	463539352e43333432204c34332031393933	50916	50907
lcc	2	463539352e43333632204738372031393932	50916	50907
lcc	2	463539352e43333632204833362031393936	50916	50907
lcc	2	463539352e4333363220503634	50916	50907
lcc	2	463539352e4431355335332032303233	50916	50907
lcc	2	463539352e443138204434332032303130	50916	50907
lcc	2	463539352e4533382032303036	50916	50907
lcc	2	463539352e4b344237392032303039	50916	50907
lcc	2	463539352e4c3537204c39362031393938	50916	50907
lcc	2	463539352e4c3537205735352032303037	50916	50907
lcc	2	463539352e503438204b34352031393837	50916	50907
lcc	2	463539352e503635204437332031393936	50916	50907
lcc	2	463539352e5039342032303037	50916	50907
lcc	2	463539352e5232352032303039	50916	50907
lcc	2	463539352e5232382032303138	50916	50907
lcc	2	463539352e523639352032303230	50916	50907
lcc	2	463539352e533738362053352031393736	50916	50907
lcc	2	463539352e543833205733382031393839	50916	50907
lcc	2	463539352e54392031393839	50916	50907
lcc	2	463539352e573639372032303230	50916	50907
lcc	2	463637202e4232372031393730	50979	3450
lcc	2	463637202e423833	50979	3450
lcc	2	463637202e4239372031393835	50979	3450
lcc	2	463637202e433735362031393935	50979	3450
lcc	2	463637202e4433362032303034	50979	3450
lcc	2	463637202e443532	50979	3450
lcc	2	463637202e4436342032303035	50979	3450
lcc	2	463637202e443939	50979	3450
lcc	2	463637202e4832332032303039	50979	3450
lcc	2	463637202e4832342031393837	50979	3450
lcc	2	463637202e4839342031393731	50979	3450
lcc	2	463637202e4839383035	50979	3450
lcc	2	463637202e48393830362031393732	50979	3450
lcc	2	463637202e4938352032303031	50979	3450
lcc	2	463637202e4a3637203138363761	50979	3450
lcc	2	463637202e4c33372032303037	50979	3450
lcc	2	463637202e4d36352032303036	50979	3450
lcc	2	463637202e4d37352032303033	50979	3450
lcc	2	463637202e533531362031393733	50979	3450
lcc	2	463637202e533531362031393938	50979	3450
lcc	2	463637202e533532352032303035	50979	3450
lcc	2	463637202e573439352032303030	50979	3450
lcc	2	463637202e57372032303032	50979	3450
lcc	2	463637202e57373938	50979	3450
lcc	2	463637202e5737393933	50979	3450
lcc	2	463637202e5738313732	50979	3450
lcc	2	463637202e5936382031393735	50979	3450
lcc	2	4636372e4138382032303135	50979	3450
lcc	2	4636372e423435204233382031393936	50979	3450
lcc	2	4636372e4238322032303031	50979	3450
lcc	2	4636372e48393220413435352032303130	50979	3450
lcc	2	4636372e483932204335382032303030	50979	3450
lcc	2	4636372e483932204633	50979	3450
lcc	2	4636372e483932204b35342032303038	50979	3450
lcc	2	4636372e483932204b353431382032303038	50979	3450
lcc	2	4636372e4839322052382031393730	50979	3450
lcc	2	4636372e483932205337352032303036	50979	3450
lcc	2	4636372e4839324b35342032303038	50979	3450
lcc	2	4636372e4839324b353431382032303038	50979	3450
lcc	2	4636372e4839324c33372032303033	50979	3450
lcc	2	4636372e48393832205733352031393939	50979	3450
lcc	2	4636372e4d3433	50979	3450
lcc	2	4636372e4d3433204b36362032303037	50979	3450
lcc	2	4636372e4d3433204c38382032303030	50979	3450
lcc	2	4636372e4d3433204d3337782031393730	50979	3450
lcc	2	4636372e4d3433205036372031393932	50979	3450
lcc	2	4636372e5236362032303230	50979	3450
lcc	2	4636372e5336372032303137	50979	3450
lcc	2	4636372e57372032303032	50979	3450
lcc	2	4636372e57373834322031393936	50979	3450
lcc	2	4636372e573739204336362032303031	50979	3450
lcc	2	4636372e573739204d36362031393939	50979	3450
lcc	2	4636372e573739205033372032303133	50979	3450
lcc	2	4636372e573739205333392031393930	50979	3450
lcc	2	4636372e5737394237342032303033	50979	3450
lcc	2	4636372e5737395033372032303133	50979	3450
lcc	2	4636374839382041332031383833	50979	3450
lcc	2	463638202e413534342032303034	50979	3450
lcc	2	463638202e4231392031393632	50979	3450
lcc	2	463638202e423338	50979	3450
lcc	2	463638202e42383037332031393831	50979	3450
lcc	2	463638202e42383037332032303031	50979	3450
lcc	2	463638202e4238303733332032303033	50979	3450
lcc	2	463638202e4238323335	50979	3450
lcc	2	463638202e4238323433	50979	3450
lcc	2	463638202e423836372032303035	50979	3450
lcc	2	463638202e4333362031393834	50979	3450
lcc	2	463638202e433639332031393938	50979	3450
lcc	2	463638202e433639342031393737	50979	3450
lcc	2	463638202e4432372032303032	50979	3450
lcc	2	463638202e44342032303030	50979	3450
lcc	2	463638202e443433	50979	3450
lcc	2	463638202e443434	50979	3450
lcc	2	463638202e4434352032303034	50979	3450
lcc	2	463638202e4435382031393735	50979	3450
lcc	2	463638202e4436342032303032	50979	3450
lcc	2	463638202e4439332031393935	50979	3450
lcc	2	463638202e4537352032303031	50979	3450
lcc	2	463638202e4736332031393939	50979	3450
lcc	2	463638202e483239352031393930	50979	3450
lcc	2	463638202e483239352032303033	50979	3450
lcc	2	463638202e4c33372032303036	50979	3450
lcc	2	463638202e4d3134332032303033	50979	3450
lcc	2	463638202e4f38332032303131	50979	3450
lcc	2	463638202e503434203230303662	50979	3450
lcc	2	463638202e503434352032303038	50979	3450
lcc	2	463638202e5235342032303032	50979	3450
lcc	2	463638202e5238322032303131	50979	3450
lcc	2	463638202e5238342031393935	50979	3450
lcc	2	463638202e5334392031393836	50979	3450
lcc	2	463638202e533536342031393831	50979	3450
lcc	2	463638202e533536352031393737	50979	3450
lcc	2	463638202e53373638352031393936	50979	3450
lcc	2	463638202e533737362031393933	50979	3450
lcc	2	463638202e533836352032303030	50979	3450
lcc	2	463638202e5437352032303037	50979	3450
lcc	2	463638202e5731352031393931	50979	3450
lcc	2	463638202e5733332031393839	50979	3450
lcc	2	463638202e5733382032303131	50979	3450
lcc	2	463638202e5735392032303032	50979	3450
lcc	2	463638202e573539322032303032	50979	3450
lcc	2	463638202e573539332032303032	50979	3450
lcc	2	463638202e573539352032303032	50979	3450
lcc	2	463638202e5736332032303032	50979	3450
lcc	2	463638202e5936382031393731	50979	3450
lcc	2	463638202e5936382031393734	50979	3450
lcc	2	4636382e423738205333362031393939	50979	3450
lcc	2	4636382e423738205734382032303032	50979	3450
lcc	2	4636382e433239352032303138	50979	3450
lcc	2	4636382e4333352032303138	50979	3450
lcc	2	4636382e4434322032303233	50979	3450
lcc	2	4636382e4535332032303230	50979	3450
lcc	2	4636382e4535352032303037	50979	3450
lcc	2	4636382e4535392032303231	50979	3450
lcc	2	4636382e4735342032303036	50979	3450
lcc	2	4636382e483736382032303136	50979	3450
lcc	2	4636382e4838	50979	3450
lcc	2	4636382e4c39342032303139	50979	3450
lcc	2	4636382e4d3433352032303232	50979	3450
lcc	2	4636382e4d35332032303230	50979	3450
lcc	2	4636382e4d3836204c34352032303032	50979	3450
lcc	2	4636382e5238372032303230	50979	3450
lcc	2	4636382e5332352032303030	50979	3450
lcc	2	4636382e533538332032303231	50979	3450
lcc	2	4636382e53373638382032303138	50979	3450
lcc	2	4636382e5339342032303136	50979	3450
lcc	2	4636382e5437362032303137	50979	3450
lcc	2	4636382e5534352032303139	50979	3450
lcc	2	4636382e5733382032303131	50979	3450
lcc	2	4636382e573736204233362032303034	50979	3450
lcc	2	4636382e593637382032303231	50979	3450
lcc	2	463639202e4634382031393938	50980	3450
lcc	2	463639202e4839342032303030	50980	3450
lcc	2	463639202e503236	50980	3450
lcc	2	463639202e5034362031393731	50980	3450
lcc	2	463639202e5234313732	50980	3450
lcc	2	463639202e52343137382031393733	50980	3450
lcc	2	463639202e5334342031393938	50980	3450
lcc	2	463639202e533939	50980	3450
lcc	2	4636392e4336382032303135	50980	3450
lcc	2	4636392e4437342032303233	50980	3450
lcc	2	4636392e4836342032303232	50980	3450
lcc	2	4636392e5234332042372032303037	50980	3450
lcc	2	4636392e523433204433342032303034	50980	3450
lcc	2	4636392e523433204636362031393930	50980	3450
lcc	2	4636392e523433204636372031393838	50980	3450
lcc	2	4636392e523433204636382031393937	50980	3450
lcc	2	4636392e523433204734382032303037	50980	3450
lcc	2	4636392e523433204b35382032303031	50980	3450
lcc	2	4636392e523433204c34362031393937	50980	3450
lcc	2	4636392e523433204d32372032303034	50980	3450
lcc	2	4636392e523433204d333531382032303034	50980	3450
lcc	2	4636392e523433204e353931382032303037	50980	3450
lcc	2	4636392e523433205338352031393939	50980	3450
lcc	2	4636392e523433205437352031393938	50980	3450
lcc	2	4636392e523433205734362032303033	50980	3450
lcc	2	4636392e5234334537352032303230	50980	3450
lcc	2	4636392e5234334635372031393934	50980	3450
lcc	2	4636392e5234334736332032303136	50980	3450
lcc	2	4636392e5234334b33382032303230	50980	3450
lcc	2	4636392e5234334d3237352032303135	50980	3450
lcc	2	4636392e5234334d35362032303136	50980	3450
lcc	2	4636392e523433533634352032303231	50980	3450
lcc	2	4636392e5234335338382032303032	50980	3450
lcc	2	4636392e5234335437362032303137	50980	3450
lcc	2	463730202e5038382031393938	50981	3450
lcc	2	4637302e433835205338352032303030	50981	3450
lcc	2	463731	50982	3450
lcc	2	4637312e32322e443835204b34362031393838	50982	3450
lcc	2	4637312e32322e5335382041332032303036	50982	3450
lcc	2	4637312e332e443835204733352031393837	50982	3450
lcc	2	4637332e3434202e43362032303030	50944	50928
lcc	2	4637332e3434202e4f3234352032303036	50944	50928
lcc	2	4637332e3434202e4f32352031393937	50944	50928
lcc	2	4637332e3434202e5233392032303130	50944	50928
lcc	2	4637332e3434202e5434382031393839	50944	50928
lcc	2	4637332e35202e4235332031393930	50945	50928
lcc	2	4637332e35202e433734352031393938	50945	50928
lcc	2	4637332e35202e523136	50945	50928
lcc	2	4637332e35202e5332362031393937	50945	50928
lcc	2	4637332e352e4136332032303234	50945	50928
lcc	2	4637332e352e5039372032303033	50945	50928
lcc	2	4637332e352e543633204c33372031393935	50945	50928
lcc	2	4637332e352e573335204737342031393839	50945	50928
lcc	2	4637332e3532	50946	50928
lcc	2	4637332e3532202e433632	50946	50928
lcc	2	4637332e3532202e5033372031393939	50946	50928
lcc	2	4637332e35342e4636372041332031393936	50946	50928
lcc	2	4637332e35342e4c3639204734352031393938	50946	50928
lcc	2	4637332e35342e533533204733352031393936	50946	50928
lcc	2	46383635202e4134362031393937	50933	3435
lcc	2	46383635202e4137342032303036	50933	3435
lcc	2	46383635202e4235322031393936	50933	3435
lcc	2	46383635202e4236332031393935	50933	3435
lcc	2	46383635202e42363532332031393939	50933	3435
lcc	2	46383635202e42363532342031393839	50933	3435
lcc	2	46383635202e4237362032303032	50933	3435
lcc	2	46383635202e433135352031393831	50933	3435
lcc	2	46383635202e4333322031393937	50933	3435
lcc	2	46383635202e4333332031393735	50933	3435
lcc	2	46383635202e433436352032303030	50933	3435
lcc	2	46383635202e4335382031393938	50933	3435
lcc	2	46383635202e433839352032303033	50933	3435
lcc	2	46383635202e4436342032303033	50933	3435
lcc	2	46383635202e4436372031393733	50933	3435
lcc	2	46383635202e443735382031393937	50933	3435
lcc	2	46383635202e4439322032303038	50933	3435
lcc	2	46383635202e4535382032303038	50933	3435
lcc	2	46383635202e4637382032303038	50933	3435
lcc	2	46383635202e473638	50933	3435
lcc	2	46383635202e473638352032303031	50933	3435
lcc	2	46383635202e4834372032303138	50933	3435
lcc	2	46383635202e4835342031393936	50933	3435
lcc	2	46383635202e483638392031393939	50933	3435
lcc	2	46383635202e483639	50933	3435
lcc	2	46383635202e483639372032303133	50933	3435
lcc	2	46383635202e4935362031393937	50933	3435
lcc	2	46383635202e4a3637352032303030	50933	3435
lcc	2	46383635202e4b342031393936	50933	3435
lcc	2	46383635202e4b38372031393936	50933	3435
lcc	2	46383635202e4b3839342031393936	50933	3435
lcc	2	46383635202e4c3438352032303031	50933	3435
lcc	2	46383635202e4c36372031393930	50933	3435
lcc	2	46383635202e4c37352031393931	50933	3435
lcc	2	46383635202e4c39382031393937	50933	3435
lcc	2	46383635202e4d3132	50933	3435
lcc	2	46383635202e4d33332032303030	50933	3435
lcc	2	46383635202e4d3338372031393937	50933	3435
lcc	2	46383635202e4d33392031393936	50933	3435
lcc	2	46383635202e4d3735	50933	3435
lcc	2	46383635202e4d39363635	50933	3435
lcc	2	46383635202e4f3434	50933	3435
lcc	2	46383635202e4f36352031393738	50933	3435
lcc	2	46383635202e5031342031393936	50933	3435
lcc	2	46383635202e5033372031393938	50933	3435
lcc	2	46383635202e523238352032303038	50933	3435
lcc	2	46383635202e5232392031393933	50933	3435
lcc	2	46383635202e5233362031393934	50933	3435
lcc	2	46383635202e523635352031393937	50933	3435
lcc	2	46383635202e523835372032303039	50933	3435
lcc	2	46383635202e533239362031393939	50933	3435
lcc	2	46383635202e5333382031393939	50933	3435
lcc	2	46383635202e5336362031393930	50933	3435
lcc	2	46383635202e5337362032303038	50933	3435
lcc	2	46383635202e5536372031393733	50933	3435
lcc	2	46383635202e5732382032303033	50933	3435
lcc	2	46383635202e573337	50933	3435
lcc	2	46383635204d3936204133382032303031	50933	3435
lcc	2	463836352e4236342032303031	50933	3435
lcc	2	463836352e4236342032303137	50933	3435
lcc	2	463836352e42383938205735352032303033	50933	3435
lcc	2	463836352e433734352032303234	50933	3435
lcc	2	463836352e4533372032303136	50933	3435
lcc	2	463836352e4735392032303138	50933	3435
lcc	2	463836352e473734352032303138	50933	3435
lcc	2	463836352e483135372041332032303038	50933	3435
lcc	2	463836352e48313736372032303231	50933	3435
lcc	2	463836352e4834372032303138	50933	3435
lcc	2	463836352e483639362032303230	50933	3435
lcc	2	463836352e4c38332032303230	50933	3435
lcc	2	463836352e4d36332032303136	50933	3435
lcc	2	463836352e4d38332032303138	50933	3435
lcc	2	463836352e4d3936205633372031393935	50933	3435
lcc	2	463836352e4d39364838372032303139	50933	3435
lcc	2	463836352e5037362032303235	50933	3435
lcc	2	463836352e523836352032303230	50933	3435
lcc	2	463836352e5335353135352032303137	50933	3435
lcc	2	463836352e5336362031393936	50933	3435
lcc	2	463836352e533835352032303139	50933	3435
lcc	2	463836352e533933204833393531382032303034	50933	3435
lcc	2	463836352e5339334b33382032303230	50933	3435
lcc	2	463836352e573336352032303135	50933	3435
lcc	2	46383636202e4236342031393838	50934	3435
lcc	2	46383636202e4337362031393835	50934	3435
lcc	2	46383636202e483632372031393935	50934	3435
lcc	2	46383636202e4a38322031393731	50934	3435
lcc	2	46383636202e4d3936352031393736	50934	3435
lcc	2	46383636202e4f34362032303032	50934	3435
lcc	2	46383636202e533738362032303032	50934	3435
lcc	2	46383636202e5734332031393937	50934	3435
lcc	2	46383636202e573433352032303030	50934	3435
lcc	2	46383636202e5737362031393738	50934	3435
lcc	2	463836362e32202e4137332032303039	50935	3435
lcc	2	463836362e32202e4233372031393934	50935	3435
lcc	2	463836362e32202e4237333137	50935	3435
lcc	2	463836362e32202e423734	50935	3435
lcc	2	463836362e32202e4333	50935	3435
lcc	2	463836362e32202e443338	50935	3435
lcc	2	463836362e32202e44363320313939307a	50935	3435
lcc	2	463836362e32202e4634382031393936	50935	3435
lcc	2	463836362e32202e4736342031393831	50935	3435
lcc	2	463836362e32202e473639352031393934	50935	3435
lcc	2	463836362e32202e4836382031393832	50935	3435
lcc	2	463836362e32202e4c33332031393733	50935	3435
lcc	2	463836362e32202e4c36332031393932	50935	3435
lcc	2	463836362e32202e4d3433	50935	3435
lcc	2	463836362e32202e4f3333	50935	3435
lcc	2	463836362e32202e4f3333203139373362	50935	3435
lcc	2	463836362e32202e4f33332032303038	50935	3435
lcc	2	463836362e32202e5333382032303036	50935	3435
lcc	2	463836362e32202e5333392031393938	50935	3435
lcc	2	463836362e32202e5337332032303034	50935	3435
lcc	2	463836362e322e4237333220533333	50935	3435
lcc	2	463836362e322e48343220423334	50935	3435
lcc	2	463836362e322e5333392031393938	50935	3435
lcc	2	463836362e322e5a39352031393936	50935	3435
lcc	2	463836362e33202e5233372031393832	50935	3435
lcc	2	463836362e332e4b36382032303230	50935	3435
lcc	2	463836362e332e533335334737352032303230	50935	3435
lcc	2	463836362e342e423736205235332031393936	50935	3435
lcc	2	463836362e342e483339	50935	3435
lcc	2	463836362e342e48343220413334	50935	3435
lcc	2	463836362e342e483432205436362032303136	50935	3435
lcc	2	463836362e342e4b38372041332031393939	50935	3435
lcc	2	463836362e342e533338204235382032303034	50935	3435
lcc	2	463836362e342e533338205734352032303037	50935	3435
lcc	2	463836362e342e53333820593638352032303037	50935	3435
lcc	2	463836362e342e53333836	50935	3435
lcc	2	463836362e342e55353720423639352032303037	50935	3435
lcc	2	463836362e342e5535375038382032303035	50935	3435
lcc	2	463836362e423539204433352031393936	50934	3435
lcc	2	463836362e423539204836342031393935	50934	3435
lcc	2	463836362e4236342031393838	50934	3435
lcc	2	463836362e483839204f33342031393834	50934	3435
lcc	2	463836362e533738362032303032	50934	3435
lcc	2	463836362e563337204a36362031393936	50934	3435
lcc	2	463836362e573837205739342032303032	50934	3435
lcc	1	4444383831202e3033332031393838	51483	11448
lcc	1	4444383831202e4131362031393839	51483	11448
lcc	1	4444383831202e41313631332032303136	51483	11448
lcc	1	4444383831202e41332042642e20323838	51483	11448
lcc	1	4444383831202e413533372032303131	51483	11448
lcc	1	4444383831202e413535382031393930	51483	11448
lcc	1	4444383831202e413539332032303039	51483	11448
lcc	1	4444383831202e41363236	51483	11448
lcc	1	4444383831202e4137362032303138	51483	11448
lcc	1	4444383831202e4137382031393832	51483	11448
lcc	1	4444383831202e4138	51483	11448
lcc	1	4444383831202e413832352032303038	51483	11448
lcc	1	4444383831202e413832352032303135	51483	11448
lcc	1	4444383831202e4139342032303038	51483	11448
lcc	1	4444383831202e413934352031393938	51483	11448
lcc	1	4444383831202e4139382032303131	51483	11448
lcc	1	4444383831202e4233332032303033	51483	11448
lcc	1	4444383831202e42333431332032303138	51483	11448
lcc	1	4444383831202e4233362032303039	51483	11448
lcc	1	4444383831202e4233372032303030	51483	11448
lcc	1	4444383831202e423337352032303038	51483	11448
lcc	1	4444383831202e4234323331332031393939	51483	11448
lcc	1	4444383831202e42343233332032303131	51483	11448
lcc	1	4444383831202e42343233352032303039	51483	11448
lcc	1	4444383831202e4234342032303138	51483	11448
lcc	1	4444383831202e423436363138372031393930	51483	11448
lcc	1	4444383831202e42343636322031393838	51483	11448
lcc	1	4444383831202e42343636332031393836	51483	11448
lcc	1	4444383831202e4234363634	51483	11448
lcc	1	4444383831202e42343636342031393833	51483	11448
lcc	1	4444383831202e4234363731342031393935	51483	11448
lcc	1	4444383831202e42343637342031393839	51483	11448
lcc	1	4444383831202e42343637342031393930	51483	11448
lcc	1	4444383831202e423436392031393837	51483	11448
lcc	1	4444383831202e4234372031393837	51483	11448
lcc	1	4444383831202e4234372031393930	51483	11448
lcc	1	4444383831202e423437332031393839	51483	11448
lcc	1	4444383831202e42343734382031393936	51483	11448
lcc	1	4444383831202e42343735782031393838	51483	11448
lcc	1	4444383831202e423437362031393930	51483	11448
lcc	1	4444383831202e42343736362032303034	51483	11448
lcc	1	4444383831202e423437782032303134	51483	11448
lcc	1	4444383831202e4234393631332032303038	51483	11448
lcc	1	4444383831202e423532342032303033	51483	11448
lcc	1	4444383831202e423532352031393939	51483	11448
lcc	1	4444383831202e423533352031393835	51483	11448
lcc	1	4444383831202e423534332032303032	51483	11448
lcc	1	4444383831202e4235352031393930	51483	11448
lcc	1	4444383831202e423535352031393931	51483	11448
lcc	1	4444383831202e423535362032303039	51483	11448
lcc	1	4444383831202e4235382032303136	51483	11448
lcc	1	4444383831202e423637352031393930	51483	11448
lcc	1	4444383831202e423637352031393931	51483	11448
lcc	1	4444383831202e4236382032303034	51483	11448
lcc	1	4444383831202e4237322032303031	51483	11448
lcc	1	4444383831202e42373233352032303133	51483	11448
lcc	1	4444383831202e4237332032303031	51483	11448
lcc	1	4444383831202e423733342032303038	51483	11448
lcc	1	4444383831202e423733352032303038	51483	11448
lcc	1	4444383831202e4237392032303135	51483	11448
lcc	1	4444383831202e423739372032303034	51483	11448
lcc	1	4444383831202e423739372032303039	51483	11448
lcc	1	4444383831202e423739392032303037	51483	11448
lcc	1	4444383831202e433334	51483	11448
lcc	1	4444383831202e433335372032303034	51483	11448
lcc	1	4444383831202e433338	51483	11448
lcc	1	4444383831202e4335332031393839	51483	11448
lcc	1	4444383831202e433533203139393062	51483	11448
lcc	1	4444383831202e4335342032303037	51483	11448
lcc	1	4444383831202e4335382032303132	51483	11448
lcc	1	4444383831202e4335392032303132	51483	11448
lcc	1	4444383831202e433632352031393837	51483	11448
lcc	1	4444383831202e4336363820323032316562	51483	11448
lcc	1	4444383831202e4432332032303134	51483	11448
lcc	1	4444383831202e44332031393830	51483	11448
lcc	1	4444383831202e443432	51483	11448
lcc	1	4444383831202e443432362031393939	51483	11448
lcc	1	4444383831202e4434332031393832	51483	11448
lcc	1	4444383831202e4434382031393938	51483	11448
lcc	1	4444383831202e4435342031393934	51483	11448
lcc	1	4444383831202e4435362032303033	51483	11448
lcc	1	4444383831202e4435362032303135	51483	11448
lcc	1	4444383831202e4435382031393837	51483	11448
lcc	1	4444383831202e443538322031393837	51483	11448
lcc	1	4444383831202e443631352032303132	51483	11448
lcc	1	4444383831202e44363135332032303136	51483	11448
lcc	1	4444383831202e4436352032303132	51483	11448
lcc	1	4444383831202e4437362031393838	51483	11448
lcc	1	4444383831202e4438342032303039	51483	11448
lcc	1	4444383831202e4438352031393931	51483	11448
lcc	1	4444383831202e4438372032303132	51483	11448
lcc	1	4444383831202e4532372032303039	51483	11448
lcc	1	4444383831202e4533372032303031	51483	11448
lcc	1	4444383831202e453337332032303031	51483	11448
lcc	1	4444383831202e4535372032303132	51483	11448
lcc	1	4444383831202e4536352031393932	51483	11448
lcc	1	4444383831202e45382031393836	51483	11448
lcc	1	4444383831202e4539332032303131	51483	11448
lcc	1	4444383831202e4633332032303130	51483	11448
lcc	1	4444383831202e4633342032303039	51483	11448
lcc	1	4444383831202e463335352032303039	51483	11448
lcc	1	4444383831202e4633392032303230	51483	11448
lcc	1	4444383831202e4634322031393939	51483	11448
lcc	1	4444383831202e4634362031393931	51483	11448
lcc	1	4444383831202e4634382032303031	51483	11448
lcc	1	4444383831202e463533392032303038	51483	11448
lcc	1	4444383831202e4635342031393930	51483	11448
lcc	1	4444383831202e4635343831332032303039	51483	11448
lcc	1	4444383831202e4635352032303034	51483	11448
lcc	1	4444383831202e4635352032303230	51483	11448
lcc	1	4444383831202e46353531332032303030	51483	11448
lcc	1	4444383831202e4635362031393931	51483	11448
lcc	1	4444383831202e4636372032303038	51483	11448
lcc	1	4444383831202e463638782032303135	51483	11448
lcc	1	4444383831202e4637332032303136	51483	11448
lcc	1	4444383831202e46373331332032303136	51483	11448
lcc	1	4444383831202e4637362031393930	51483	11448
lcc	1	4444383831202e463736322032303035	51483	11448
lcc	1	4444383831202e46383331332032303039	51483	11448
lcc	1	4444383831202e4638342032303031	51483	11448
lcc	1	4444383831202e463834352032303033	51483	11448
lcc	1	4444383831202e463835	51483	11448
lcc	1	4444383831202e4733362031393933	51483	11448
lcc	1	4444383831202e4733372032303037	51483	11448
lcc	1	4444383831202e4734352031393837	51483	11448
lcc	1	4444383831202e4734352031393838	51483	11448
lcc	1	4444383831202e473435782031393836	51483	11448
lcc	1	4444383831202e4734372031393839	51483	11448
lcc	1	4444383831202e4734382031393839	51483	11448
lcc	1	4444383831202e4734392031393931	51483	11448
lcc	1	4444383831202e4735332031393838	51483	11448
lcc	1	4444383831202e4735372032303032	51483	11448
lcc	1	4444383831202e4736322031393939	51483	11448
lcc	1	4444383831202e473632382032303139	51483	11448
lcc	1	4444383831202e473633332031393939	51483	11448
lcc	1	4444383831202e47363478	51483	11448
lcc	1	4444383831202e4736362031393730	51483	11448
lcc	1	4444383831202e473637203139373861	51483	11448
lcc	1	4444383831202e4737322031393931	51483	11448
lcc	1	4444383831202e4737342032303031	51483	11448
lcc	1	4444383831202e4737352032303031	51483	11448
lcc	1	4444383831202e4738382032303139	51483	11448
lcc	1	4444383831202e4739362031393938	51483	11448
lcc	1	4444383831202e483238352032303133	51483	11448
lcc	1	4444383831202e4832392032303036	51483	11448
lcc	1	4444383831202e4833312032303038	51483	11448
lcc	1	4444383831202e483331382032303132	51483	11448
lcc	1	4444383831202e483332352032303131	51483	11448
lcc	1	4444383831202e4833332031393934	51483	11448
lcc	1	4444383831202e4833332032303138	51483	11448
lcc	1	4444383831202e483333352032303035	51483	11448
lcc	1	4444383831202e483333352032303134	51483	11448
lcc	1	4444383831202e4833342032303030	51483	11448
lcc	1	4444383831202e483334352032303133	51483	11448
lcc	1	4444383831202e48333731332032303033	51483	11448
lcc	1	4444383831202e483338342032303037	51483	11448
lcc	1	4444383831202e483338342032303132	51483	11448
lcc	1	4444383831202e483339352032303039	51483	11448
lcc	1	4444383831202e483432372031393936	51483	11448
lcc	1	4444383831202e483432372032303132	51483	11448
lcc	1	4444383831202e483432372032303139	51483	11448
lcc	1	4444383831202e483436362032303131	51483	11448
lcc	1	4444383831202e4834372032303131	51483	11448
lcc	1	4444383831202e4834382031393834	51483	11448
lcc	1	4444383831202e4834382031393931	51483	11448
lcc	1	4444383831202e48343833	51483	11448
lcc	1	4444383831202e483438342032303131	51483	11448
lcc	1	4444383831202e483438352032303031	51483	11448
lcc	1	4444383831202e483438352032303035	51483	11448
lcc	1	4444383831202e483438372032303031	51483	11448
lcc	1	4444383831202e483438382032303032	51483	11448
lcc	1	4444383831202e4835322031393831	51483	11448
lcc	1	4444383831202e4835322031393930	51483	11448
lcc	1	4444383831202e483532342031393839	51483	11448
lcc	1	4444383831202e4835332031393832	51483	11448
lcc	1	4444383831202e483535352032303131	51483	11448
lcc	1	4444383831202e483536352031393932	51483	11448
lcc	1	4444383831202e48353635352032303039	51483	11448
lcc	1	4444383831202e483536362032303032	51483	11448
lcc	1	4444383831202e483536372031393930	51483	11448
lcc	1	4444383831202e4836322031393934	51483	11448
lcc	1	4444383831202e4836342031393932	51483	11448
lcc	1	4444383831202e4836342032303039	51483	11448
lcc	1	4444383831202e483634782032303135	51483	11448
lcc	1	4444383831202e4836362031393934	51483	11448
lcc	1	4444383831202e4837362032303131	51483	11448
lcc	1	4444383831202e483736342032303131	51483	11448
lcc	1	4444383831202e48383531332031393939	51483	11448
lcc	1	4444383831202e483837782031393833	51483	11448
lcc	1	4444383831202e4935342031393930	51483	11448
lcc	1	4444383831202e4935342031393939	51483	11448
lcc	1	4444383831202e493537312032303231	51483	11448
lcc	1	4444383831202e493538782032303136	51483	11448
lcc	1	4444383831202e4937382032303032	51483	11448
lcc	1	4444383831202e4937392032303035	51483	11448
lcc	1	4444383831202e4a33362032303033	51483	11448
lcc	1	4444383831202e4a34372032303037	51483	11448
lcc	1	4444383831202e4a36352032303134	51483	11448
lcc	1	4444383831202e4b32352032303039	51483	11448
lcc	1	4444383831202e4b32382031393937	51483	11448
lcc	1	4444383831202e4b3331382032303039	51483	11448
lcc	1	4444383831202e4b33352032303032	51483	11448
lcc	1	4444383831202e4b3336322031393832	51483	11448
lcc	1	4444383831202e4b333633352032303039	51483	11448
lcc	1	4444383831202e4b3336352031393836	51483	11448
lcc	1	4444383831202e4b33382032303031	51483	11448
lcc	1	4444383831202e4b3338342032303036	51483	11448
lcc	1	4444383831202e4b3434342032303133	51483	11448
lcc	1	4444383831202e4b34382032303033	51483	11448
lcc	1	4444383831202e4b3532362032303131	51483	11448
lcc	1	4444383831202e4b35332032303034	51483	11448
lcc	1	4444383831202e4b36342031393931	51483	11448
lcc	1	4444383831202e4b3634362031393938	51483	11448
lcc	1	4444383831202e4b3634382031393938	51483	11448
lcc	1	4444383831202e4b36362031393938	51483	11448
lcc	1	4444383831202e4b36372031393939	51483	11448
lcc	1	4444383831202e4b3639352032303139	51483	11448
lcc	1	4444383831202e4b38342032303138	51483	11448
lcc	1	4444383831202e4b38352031393930	51483	11448
lcc	1	4444383831202e4b3835372032303039	51483	11448
lcc	1	4444383831202e4b38362031393939	51483	11448
lcc	1	4444383831202e4b38362032303039	51483	11448
lcc	1	4444383831202e4c33342031393939	51483	11448
lcc	1	4444383831202e4c3334322032303037	51483	11448
lcc	1	4444383831202e4c333432342032303039	51483	11448
lcc	1	4444383831202e4c3334362032303039	51483	11448
lcc	1	4444383831202e4c33352031393833	51483	11448
lcc	1	4444383831202e4c333531332032303131	51483	11448
lcc	1	4444383831202e4c33372032303133	51483	11448
lcc	1	4444383831202e4c3337332032303134	51483	11448
lcc	1	4444383831202e4c3432382032303131	51483	11448
lcc	1	4444383831202e4c34352032303039	51483	11448
lcc	1	4444383831202e4c3437382032303034	51483	11448
lcc	1	4444383831202e4c34382032303033	51483	11448
lcc	1	4444383831202e4c35322032303131	51483	11448
lcc	1	4444383831202e4c35342032303030	51483	11448
lcc	1	4444383831202e4c35362032303039	51483	11448
lcc	1	4444383831202e4c36372032303039	51483	11448
lcc	1	4444383831202e4d32332032303139	51483	11448
lcc	1	4444383831202e4d32352032303131	51483	11448
lcc	1	4444383831202e4d323637	51483	11448
lcc	1	4444383831202e4d3236382031393930	51483	11448
lcc	1	4444383831202e4d32372031393739	51483	11448
lcc	1	4444383831202e4d3331352032303132	51483	11448
lcc	1	4444383831202e4d333231362032303039	51483	11448
lcc	1	4444383831202e4d3332332032303031	51483	11448
lcc	1	4444383831202e4d333233342032303133	51483	11448
lcc	1	4444383831202e4d333233352032303039	51483	11448
lcc	1	4444383831202e4d3332342031393930	51483	11448
lcc	1	4444383831202e4d3332352032303032	51483	11448
lcc	1	4444383831202e4d333235352032303130	51483	11448
lcc	1	4444383831202e4d333235372032303131	51483	11448
lcc	1	4444383831202e4d33342032303134	51483	11448
lcc	1	4444383831202e4d33362032303038	51483	11448
lcc	1	4444383831202e4d33382032303131	51483	11448
lcc	1	4444383831202e4d33382032303138	51483	11448
lcc	1	4444383831202e4d33382032303139	51483	11448
lcc	1	4444383831202e4d33382032303231	51483	11448
lcc	1	4444383831202e4d3338372032303139	51483	11448
lcc	1	4444383831202e4d34342032303032	51483	11448
lcc	1	4444383831202e4d34342032303138	51483	11448
lcc	1	4444383831202e4d34352032303039	51483	11448
lcc	1	4444383831202e4d3532342032303039	51483	11448
lcc	1	4444383831202e4d3532342032303134	51483	11448
lcc	1	4444383831202e4d3532352032303030	51483	11448
lcc	1	4444383831202e4d3532352032303032	51483	11448
lcc	1	4444383831202e4d35332032303231	51483	11448
lcc	1	4444383831202e4d35362031393931	51483	11448
lcc	1	4444383831202e4d36332031393838	51483	11448
lcc	1	4444383831202e4d36342031393931	51483	11448
lcc	1	4444383831202e4d3634342032303032	51483	11448
lcc	1	4444383831202e4d36352032303133	51483	11448
lcc	1	4444383831202e4d3636	51483	11448
lcc	1	4444383831202e4d3636203139373362	51483	11448
lcc	1	4444383831202e4d38342031393730	51483	11448
lcc	1	4444383831202e4d38372032303135	51483	11448
lcc	1	4444383831202e4e333337352032303030	51483	11448
lcc	1	4444383831202e4e3337	51483	11448
lcc	1	4444383831202e4e343820323030376562	51483	11448
lcc	1	4444383831202e4e352031393739	51483	11448
lcc	1	4444383831202e4f35352031393939	51483	11448
lcc	1	4444383831202e4f35362031393931	51483	11448
lcc	1	4444383831202e4f37392032303132	51483	11448
lcc	1	4444383831202e4f38382031393930	51483	11448
lcc	1	4444383831202e5032372031393938	51483	11448
lcc	1	4444383831202e503237203139393862	51483	11448
lcc	1	4444383831202e5033342032303031	51483	11448
lcc	1	4444383831202e5033382032303031	51483	11448
lcc	1	4444383831202e5034332031393937	51483	11448
lcc	1	4444383831202e5035382031393938	51483	11448
lcc	1	4444383831202e5036	51483	11448
lcc	1	4444383831202e5036342032303134	51483	11448
lcc	1	4444383831202e5037332031393939	51483	11448
lcc	1	4444383831202e5037362031393733	51483	11448
lcc	1	4444383831202e5233362032303034	51483	11448
lcc	1	4444383831202e5233382032303032	51483	11448
lcc	1	4444383831202e523433352032303131	51483	11448
lcc	1	4444383831202e5234382032303035	51483	11448
lcc	1	4444383831202e523438382032303032	51483	11448
lcc	1	4444383831202e5234392031393931	51483	11448
lcc	1	4444383831202e52353334322032303038	51483	11448
lcc	1	4444383831202e52353334332031393838	51483	11448
lcc	1	4444383831202e523534352032303032	51483	11448
lcc	1	4444383831202e5235392032303031	51483	11448
lcc	1	4444383831202e5235392032303231	51483	11448
lcc	1	4444383831202e523632342032303038	51483	11448
lcc	1	4444383831202e523632352032303038	51483	11448
lcc	1	4444383831202e5236352032303036	51483	11448
lcc	1	4444383831202e5236362032303131	51483	11448
lcc	1	4444383831202e5236372032303039	51483	11448
lcc	1	4444383831202e523638332031393937	51483	11448
lcc	1	4444383831202e523638352032303134	51483	11448
lcc	1	4444383831202e52363835352032303139	51483	11448
lcc	1	4444383831202e5236392031393933	51483	11448
lcc	1	4444383831202e523639332032303039	51483	11448
lcc	1	4444383831202e523639352032303038	51483	11448
lcc	1	4444383831202e5237362031393732	51483	11448
lcc	1	4444383831202e533231352032303134	51483	11448
lcc	1	4444383831202e533232362032303036	51483	11448
lcc	1	4444383831202e5332342031393938	51483	11448
lcc	1	4444383831202e5332352032303032	51483	11448
lcc	1	4444383831202e5332372031393931	51483	11448
lcc	1	4444383831202e5333332032303031	51483	11448
lcc	1	4444383831202e5333352031393936	51483	11448
lcc	1	4444383831202e5333372032303038	51483	11448
lcc	1	4444383831202e533337342032303035	51483	11448
lcc	1	4444383831202e53333734332032303130	51483	11448
lcc	1	4444383831202e533337362032303035	51483	11448
lcc	1	4444383831202e533338	51483	11448
lcc	1	4444383831202e533338342032303133	51483	11448
lcc	1	4444383831202e533338782032303136	51483	11448
lcc	1	4444383831202e53333933	51483	11448
lcc	1	4444383831202e53333935	51483	11448
lcc	1	4444383831202e533432372031393734	51483	11448
lcc	1	4444383831202e5334362031393833	51483	11448
lcc	1	4444383831202e5335332032303032	51483	11448
lcc	1	4444383831202e533534	51483	11448
lcc	1	4444383831202e533534332032303034	51483	11448
lcc	1	4444383831202e5335352031393930	51483	11448
lcc	1	4444383831202e533535352032303035	51483	11448
lcc	1	4444383831202e5335372032303136	51483	11448
lcc	1	4444383831202e5335373135362032303138	51483	11448
lcc	1	4444383831202e5336352031393930	51483	11448
lcc	1	4444383831202e53372031393931	51483	11448
lcc	1	4444383831202e5337332032303032	51483	11448
lcc	1	4444383831202e533733382032303037	51483	11448
lcc	1	4444383831202e533734332032303031	51483	11448
lcc	1	4444383831202e533734332032303039	51483	11448
lcc	1	4444383831202e5337372031393939	51483	11448
lcc	1	4444383831202e533737342032303030	51483	11448
lcc	1	4444383831202e533737372032303030	51483	11448
lcc	1	4444383831202e5338362031393935	51483	11448
lcc	1	4444383831202e5338382031393839	51483	11448
lcc	1	4444383831202e5338382032303038	51483	11448
lcc	1	4444383831202e5339342032303039	51483	11448
lcc	1	4444383831202e543339203230303662	51483	11448
lcc	1	4444383831202e5435352031393930	51483	11448
lcc	1	4444383831202e5435352032303035	51483	11448
lcc	1	4444383831202e543835382032303137	51483	11448
lcc	1	4444383831202e5438362031393938	51483	11448
lcc	1	4444383831202e5438372031393936	51483	11448
lcc	1	4444383831202e5633352032303134	51483	11448
lcc	1	4444383831202e5634352032303131	51483	11448
lcc	1	4444383831202e5634352032303135	51483	11448
lcc	1	4444383831202e5634352032303139	51483	11448
lcc	1	4444383831202e5634362032303131	51483	11448
lcc	1	4444383831202e5634372032303038	51483	11448
lcc	1	4444383831202e5634372032303135	51483	11448
lcc	1	4444383831202e5635342032303037	51483	11448
lcc	1	4444383831202e5635352031393932	51483	11448
lcc	1	4444383831202e5732372031393939	51483	11448
lcc	1	4444383831202e5733342031393833	51483	11448
lcc	1	4444383831202e5733362032303135	51483	11448
lcc	1	4444383831202e57343732352032303134	51483	11448
lcc	1	4444383831202e573437332031393839	51483	11448
lcc	1	4444383831202e573437352031393835	51483	11448
lcc	1	4444383831202e573437382032303036	51483	11448
lcc	1	4444383831202e573438	51483	11448
lcc	1	4444383831202e57343834312031393838	51483	11448
lcc	1	4444383831202e573438382032303036	51483	11448
lcc	1	4444383831202e5734383831372032303037	51483	11448
lcc	1	4444383831202e57343931332032303134	51483	11448
lcc	1	4444383831202e5735342031393633	51483	11448
lcc	1	4444383831202e5735352031393937	51483	11448
lcc	1	4444383831202e573538322032303039	51483	11448
lcc	1	4444383831202e5a33332032303035	51483	11448
lcc	1	4444383831202e5a38332032303134	51483	11448
lcc	1	4444383831202e5a38382031393935	51483	11448
lcc	1	4444383831204333372031393738	51483	11448
lcc	1	444438383120443433	51483	11448
lcc	1	4444383831204734372032303032	51483	11448
lcc	1	444438383120483239	51483	11448
lcc	1	444438383120483436372032303133	51483	11448
lcc	1	4444383831204c34342031393835	51483	11448
lcc	1	44443838312e205333362031393932	51483	11448
lcc	1	44443838312e33202e4131352032303136	51483	11448
lcc	1	44443838312e33202e4233372032303137	51483	11448
lcc	1	44443838312e33202e4234352032303133	51483	11448
lcc	1	44443838312e33202e4234372032303038	51483	11448
lcc	1	44443838312e33202e423437352032303133	51483	11448
lcc	1	44443838312e33202e423437352032303134	51483	11448
lcc	1	44443838312e33202e4236362032303139	51483	11448
lcc	1	44443838312e33202e4333362032303132	51483	11448
lcc	1	44443838312e33202e4434362032303134	51483	11448
lcc	1	44443838312e33202e4737362032303130	51483	11448
lcc	1	44443838312e33202e4738372032303133	51483	11448
lcc	1	44443838312e33202e4836332032303137	51483	11448
lcc	1	44443838312e33202e4b33362032303033	51483	11448
lcc	1	44443838312e33202e4b34372032303132	51483	11448
lcc	1	44443838312e33202e4b35332032303136	51483	11448
lcc	1	44443838312e33202e4c33322032303039	51483	11448
lcc	1	44443838312e33202e4d38352032303137	51483	11448
lcc	1	44443838312e33202e4e34382032303037	51483	11448
lcc	1	44443838312e33202e4e3636382032303039	51483	11448
lcc	1	44443838312e33202e5034332032303137	51483	11448
lcc	1	44443838312e33202e5035332032303139	51483	11448
lcc	1	44443838312e33202e5235382032303039	51483	11448
lcc	1	44443838312e33202e5236382032303130	51483	11448
lcc	1	44443838312e33202e5238352032303134	51483	11448
lcc	1	44443838312e33202e5332342032303134	51483	11448
lcc	1	44443838312e33202e5333362032303134	51483	11448
lcc	1	44443838312e33202e5333382032303131	51483	11448
lcc	1	44443838312e33202e53383831352032303131	51483	11448
lcc	1	44443838312e33202e5437332032303230	51483	11448
lcc	1	44443838312e33202e5733372032303131	51483	11448
lcc	1	44443838312e332e4836332032303137	51483	11448
lcc	1	44443838312e332e4b37332032303234	51483	11448
lcc	1	44443838312e332e5333362032303134	51483	11448
lcc	1	44443838312e332e5333382032303131	51483	11448
lcc	1	44443838312e4138	51483	11448
lcc	1	44443838312e423335313520313937326562	51483	11448
lcc	1	44443838312e42343636332031393836	51483	11448
lcc	1	44443838312e42343736362032303034	51483	11448
lcc	1	44443838312e423733342032303038	51483	11448
lcc	1	44443838312e423733352032303038	51483	11448
lcc	1	44443838312e423739372032303034	51483	11448
lcc	1	44443838312e433337	51483	11448
lcc	1	44443838312e433439352032303038	51483	11448
lcc	1	44443838312e4335332031393930	51483	11448
lcc	1	44443838312e443538322031393837	51483	11448
lcc	1	44443838312e4436382031393935	51483	11448
lcc	1	44443838312e4438342032303039	51483	11448
lcc	1	44443838312e4633332032303130	51483	11448
lcc	1	44443838312e4633392032303230	51483	11448
lcc	1	44443838312e4633392032303231	51483	11448
lcc	1	44443838312e4635343831332032303130	51483	11448
lcc	1	44443838312e463536372032303234	51483	11448
lcc	1	44443838312e4733372032303037	51483	11448
lcc	1	44443838312e4734352031393838	51483	11448
lcc	1	44443838312e473633332031393939	51483	11448
lcc	1	44443838312e483238382032303137	51483	11448
lcc	1	44443838312e483331382032303132	51483	11448
lcc	1	44443838312e4833342031393939	51483	11448
lcc	1	44443838312e483337362032303135	51483	11448
lcc	1	44443838312e4937382032303032	51483	11448
lcc	1	44443838312e4a36352032303134	51483	11448
lcc	1	44443838312e4a363531332032303230	51483	11448
lcc	1	44443838312e4b333633352032303039	51483	11448
lcc	1	44443838312e4b3336352031393836	51483	11448
lcc	1	44443838312e4b33382032303031	51483	11448
lcc	1	44443838312e4b3639352032303230	51483	11448
lcc	1	44443838312e4c35382031393835	51483	11448
lcc	1	44443838312e4c362032303234	51483	11448
lcc	1	44443838312e4d32332032303139	51483	11448
lcc	1	44443838312e4d33382032303138	51483	11448
lcc	1	44443838312e4d3532352032303030	51483	11448
lcc	1	44443838312e4d35332032303231	51483	11448
lcc	1	44443838312e4e34382032303037	51483	11448
lcc	1	44443838312e4f35352031393939	51483	11448
lcc	1	44443838312e5032372031393938	51483	11448
lcc	1	44443838312e5037352031393938	51483	11448
lcc	1	44443838312e5233382032303032	51483	11448
lcc	1	44443838312e52342031393934	51483	11448
lcc	1	44443838312e523433352032303130	51483	11448
lcc	1	44443838312e523438362032303139	51483	11448
lcc	1	44443838312e5234392031393931	51483	11448
lcc	1	44443838312e52352031393938	51483	11448
lcc	1	44443838312e523632342032303038	51483	11448
lcc	1	44443838312e523632352032303038	51483	11448
lcc	1	44443838312e5236362032303131	51483	11448
lcc	1	44443838312e523639352032303038	51483	11448
lcc	1	44443838312e533236	51483	11448
lcc	1	44443838312e533236392032303036	51483	11448
lcc	1	44443838312e533337362032303035	51483	11448
lcc	1	44443838312e533733382032303039	51483	11448
lcc	1	44443838312e5433392032303037	51483	11448
lcc	1	44443838312e5433392032303139	51483	11448
lcc	1	44443838312e543834352032303130	51483	11448
lcc	1	44443838312e5438372031393937	51483	11448
lcc	1	44443838312e5633353920323031346562	51483	11448
lcc	1	44443838312e5634372032303038	51483	11448
lcc	1	44443838312e5733362032303135	51483	11448
lcc	1	44443838312e573437382032303036	51483	11448
lcc	1	44443838314834393332303039	51483	11448
lcc	1	462032313320573935372032303031	51181	3422
lcc	1	462032313520533638362032303031	51182	3422
lcc	1	46203231362e32204637342032303031	51183	3422
lcc	1	4620323239204834372031393537	50986	3475
lcc	1	4620333930202e48383337382031393734	50936	3472
lcc	1	46203339312e34202e4238372041332031393939	50938	3472
lcc	1	4620353932202e42333935	50913	50907
lcc	1	4620353935202e4d333433203230303962	50916	50907
lcc	1	46203539352e33204333342032303030	50918	50907
lcc	1	46203836352042363532332031393939	50933	3435
lcc	1	462038363520483533352031393939	50933	3435
lcc	1	4620383635204e33382032303030	50933	3435
lcc	1	46203836362e32204433352032303030	50935	3435
lcc	1	46203836362e32205235332032303031	50935	3435
lcc	1	4627353935275233382731393531	50916	50907
lcc	1	462737332e3527483835	50945	50928
lcc	1	462738363527533934332731393931	50933	3435
lcc	1	463132382e3434202e4131332031393735	50939	50921
lcc	1	463132382e3434202e4234372031393930	50939	50921
lcc	1	463132382e3434202e4234372032303130	50939	50921
lcc	1	463132382e3434202e433533	50939	50921
lcc	1	463132382e3434202e433533332031393730	50939	50921
lcc	1	463132382e3434202e433533332031393938	50939	50921
lcc	1	463132382e3434202e433732	50939	50921
lcc	1	463132382e3434202e433736	50939	50921
lcc	1	463132382e3434202e4337362031393734	50939	50921
lcc	1	463132382e3434202e4337372031393733	50939	50921
lcc	1	463132382e3434202e453837	50939	50921
lcc	1	463132382e3434202e46342031393930	50939	50921
lcc	1	463132382e3434202e463735382031393931	50939	50921
lcc	1	463132382e3434202e4736342031393837	50939	50921
lcc	1	463132382e3434202e4736352032303134	50939	50921
lcc	1	463132382e3434202e48373732352031393730	50939	50921
lcc	1	463132382e3434202e4837392031393839	50939	50921
lcc	1	463132382e3434202e4937382032303038	50939	50921
lcc	1	463132382e3434202e4a36342032303130	50939	50921
lcc	1	463132382e3434202e4a36382032303130	50939	50921
lcc	1	463132382e3434202e4a37372032303139	50939	50921
lcc	1	463132382e3434202e4b34362032303035	50939	50921
lcc	1	463132382e3434202e4b3533352032303132	50939	50921
lcc	1	463132382e3434202e4b3534	50939	50921
lcc	1	463132382e3434202e4c39392031393834	50939	50921
lcc	1	463132382e3434202e4d38362031393730	50939	50921
lcc	1	463132382e3434202e4e3633352031393737	50939	50921
lcc	1	463132382e3434202e5332362032303033	50939	50921
lcc	1	463132382e3434202e5333332032303035	50939	50921
lcc	1	463132382e3434202e533438	50939	50921
lcc	1	463132382e3434202e533832372032303136	50939	50921
lcc	1	463132382e3434202e53383332352031393838	50939	50921
lcc	1	463132382e3434202e5437342032303130	50939	50921
lcc	1	463132382e3434202e5733372032303037	50939	50921
lcc	1	463132382e3434202e573337372032303230	50939	50921
lcc	1	463132382e3434202e573338	50939	50921
lcc	1	463132382e3434202e57353420313939316562	50939	50921
lcc	1	463132382e3434202e5735382032303030	50939	50921
lcc	1	463132382e3434202e573733	50939	50921
lcc	1	463132382e34342e4234372031393930	50939	50921
lcc	1	463132382e34342e433533332031393938	50939	50921
lcc	1	463132382e34342e43373620313937346562	50939	50921
lcc	1	463132382e34342e4438362032303231	50939	50921
lcc	1	463132382e34342e463735382031393931	50939	50921
lcc	1	463132382e34342e483735352031393934	50939	50921
lcc	1	463132382e34342e4837392031393839	50939	50921
lcc	1	463132382e34342e4937382032303038	50939	50921
lcc	1	463132382e34342e4a37372032303139	50939	50921
lcc	1	463132382e34342e4b34362032303035	50939	50921
lcc	1	463132382e34342e4b3534	50939	50921
lcc	1	463132382e34342e4c39392031393834	50939	50921
lcc	1	463132382e34342e4d34382031393937	50939	50921
lcc	1	463132382e34342e5033362031393936	50939	50921
lcc	1	463132382e34342e53342031393839	50939	50921
lcc	1	463132382e34342e5337322032303032	50939	50921
lcc	1	463132382e34342e533733	50939	50921
lcc	1	463132382e34342e533832372032303136	50939	50921
lcc	1	463132382e34342e533832372032303137	50939	50921
lcc	1	463132382e34342e53383332352031393838	50939	50921
lcc	1	463132382e34342e563337204338372032303130	50939	50921
lcc	1	463132382e34342e573337372032303230	50939	50921
lcc	1	463132382e34342e5735382031393939	50939	50921
lcc	1	463132382e34342e57383731332031393930	50939	50921
lcc	1	463132382e34342e5739332031393838	50939	50921
lcc	1	463132382e34344834362031393938	50939	50921
lcc	1	463132382e3437202e4238332031393734	50940	50921
lcc	1	463132382e3437202e4238372031393730	50940	50921
lcc	1	463132382e3437202e433235	50940	50921
lcc	1	463132382e3437202e4332352031393831	50940	50921
lcc	1	463132382e3437202e433437	50940	50921
lcc	1	463132382e3437202e433836392032303136	50940	50921
lcc	1	463132382e3437202e4338372032303134	50940	50921
lcc	1	463132382e3437202e433838352032303231	50940	50921
lcc	1	463132382e3437202e433931322031393735	50940	50921
lcc	1	463132382e3437202e44342032303031	50940	50921
lcc	1	463132382e3437202e443836203230303062	50940	50921
lcc	1	463132382e3437202e4634392031393833	50940	50921
lcc	1	463132382e3437202e4634392031393835	50940	50921
lcc	1	463132382e3437202e48322031393832	50940	50921
lcc	1	463132382e3437202e4835342031393737	50940	50921
lcc	1	463132382e3437202e4835342031393738	50940	50921
lcc	1	463132382e3437202e4836392032303034	50940	50921
lcc	1	463132382e3437202e4a33372031393839	50940	50921
lcc	1	463132382e3437202e4b373620323031306562	50940	50921
lcc	1	463132382e3437202e4c38352031393735	50940	50921
lcc	1	463132382e3437202e4d31332031393730	50940	50921
lcc	1	463132382e3437202e4d31362031393839	50940	50921
lcc	1	463132382e3437202e4d32382031393831	50940	50921
lcc	1	463132382e3437202e4d32382031393930	50940	50921
lcc	1	463132382e3437202e4d33372031393937	50940	50921
lcc	1	463132382e3437202e4d34362031393834	50940	50921
lcc	1	463132382e3437202e4d38362031393735	50940	50921
lcc	1	463132382e3437202e4d3836352031393936	50940	50921
lcc	1	463132382e3437202e4d39362032303030	50940	50921
lcc	1	463132382e3437202e4d39362032303031	50940	50921
lcc	1	463132382e3437202e4e35332032303138	50940	50921
lcc	1	463132382e3437202e4e35332032303139	50940	50921
lcc	1	463132382e3437202e5033382032303030	50940	50921
lcc	1	463132382e3437202e5038382031393838	50940	50921
lcc	1	463132382e3437202e5135342032303034	50940	50921
lcc	1	463132382e3437202e5332332031393932	50940	50921
lcc	1	463132382e3437202e5333352032303139	50940	50921
lcc	1	463132382e3437202e53393732	50940	50921
lcc	1	463132382e3437202e543134342032303035	50940	50921
lcc	1	463132382e3437202e5435332032303138	50940	50921
lcc	1	463132382e3437202e5734332031393735	50940	50921
lcc	1	463132382e3437202e5734392031393936	50940	50921
lcc	1	463132382e3437202e5a35362032303132	50940	50921
lcc	1	463132382e34372e433836392032303136	50940	50921
lcc	1	463132382e34372e4338372032303134	50940	50921
lcc	1	463132382e34372e433838352032303231	50940	50921
lcc	1	463132382e34372e4438362032303030	50940	50921
lcc	1	463132382e34372e4634392031393835	50940	50921
lcc	1	463132382e34372e483139205238332032303131	50940	50921
lcc	1	463132382e34372e48322031393832	50940	50921
lcc	1	463132382e34372e4b34392032303030	50940	50921
lcc	1	463132382e34372e4c33382032303234	50940	50921
lcc	1	463132382e34372e4d31332031393730	50940	50921
lcc	1	463132382e34372e4d31362031393839	50940	50921
lcc	1	463132382e34372e4d32382031393930	50940	50921
lcc	1	463132382e34372e4d34382031393939	50940	50921
lcc	1	463132382e34372e4d3836352031393936	50940	50921
lcc	1	463132382e34372e4d39362032303030	50940	50921
lcc	1	463132382e34372e4e35332032303138	50940	50921
lcc	1	463132382e34372e4e35332032303230	50940	50921
lcc	1	463132382e34372e5033382032303030	50940	50921
lcc	1	463132382e34372e5135342032303034	50940	50921
lcc	1	463132382e34372e5332332031393931	50940	50921
lcc	1	463132382e34372e5332332031393932	50940	50921
lcc	1	463132382e34372e5333352032303139	50940	50921
lcc	1	463132382e34372e543134342032303035	50940	50921
lcc	1	463132382e34372e5431382032303235	50940	50921
lcc	1	463132382e34372e5431392031393932	50940	50921
lcc	1	463132382e34372e5435332032303138	50940	50921
lcc	1	463132382e34372e543936	50940	50921
lcc	1	463132382e34372e543936204132382032303035	50940	50921
lcc	1	463132382e34372e543936204237342032303034	50940	50921
lcc	1	463132382e34372e543936204c39362031393734	50940	50921
lcc	1	463132382e34372e543936204c39362032303032	50940	50921
lcc	1	463132382e34372e5439364132382032303035	50940	50921
lcc	1	463132382e34372e5439364237342032303033	50940	50921
lcc	1	463132382e34372e5439364c39362032303032	50940	50921
lcc	1	463132382e34372e5734392031393936	50940	50921
lcc	1	463132382e34372e57343931382032303037	50940	50921
lcc	1	463132382e34372e5a35362032303132	50940	50921
lcc	1	463132382e35202e413934203139383778	50941	50921
lcc	1	463132382e35202e4139342032303035	50941	50921
lcc	1	463132382e35202e423234372032303134	50941	50921
lcc	1	463132382e35202e4232363531332032303034	50941	50921
lcc	1	463132382e35202e4234352032303131	50941	50921
lcc	1	463132382e35202e4235392032303036	50941	50921
lcc	1	463132382e35202e4235392032303230	50941	50921
lcc	1	463132382e35202e423932332032303034	50941	50921
lcc	1	463132382e35202e4334382031393833	50941	50921
lcc	1	463132382e35202e4336342032303134	50941	50921
lcc	1	463132382e35202e433735	50941	50921
lcc	1	463132382e35202e4434332032303031	50941	50921
lcc	1	463132382e35202e4436382031393934	50941	50921
lcc	1	463132382e35202e4436382031393936	50941	50921
lcc	1	463132382e35202e443735	50941	50921
lcc	1	463132382e35202e4437372031393837	50941	50921
lcc	1	463132382e35202e4437372031393936	50941	50921
lcc	1	463132382e35202e4438352032303139	50941	50921
lcc	1	463132382e35202e453635	50941	50921
lcc	1	463132382e35202e4536352031393834	50941	50921
lcc	1	463132382e35202e4633382031393732	50941	50921
lcc	1	463132382e35202e463338372031393835	50941	50921
lcc	1	463132382e35202e463338372032303130	50941	50921
lcc	1	463132382e35202e463338372032303139	50941	50921
lcc	1	463132382e35202e46362031393833	50941	50921
lcc	1	463132382e35202e473239332031393730	50941	50921
lcc	1	463132382e35202e4734382032303038	50941	50921
lcc	1	463132382e35202e4737382031393831	50941	50921
lcc	1	463132382e35202e473738352032303037	50941	50921
lcc	1	463132382e35202e473739332032303131	50941	50921
lcc	1	463132382e35202e4739352032303036	50941	50921
lcc	1	463132382e35202e483339	50941	50921
lcc	1	463132382e35202e4834332032303039	50941	50921
lcc	1	463132382e35202e48343320323030396562	50941	50921
lcc	1	463132382e35202e4834342031393738	50941	50921
lcc	1	463132382e35202e4834342031393939	50941	50921
lcc	1	463132382e35202e483439352031393736	50941	50921
lcc	1	463132382e35202e4837332032303032	50941	50921
lcc	1	463132382e35202e4938352032303031	50941	50921
lcc	1	463132382e35202e4938352032303133	50941	50921
lcc	1	463132382e35202e4a3538	50941	50921
lcc	1	463132382e35202e4a36332032303132	50941	50921
lcc	1	463132382e35202e4a3732382032303132	50941	50921
lcc	1	463132382e35202e4b33322032303031	50941	50921
lcc	1	463132382e35202e4b35352031393838	50941	50921
lcc	1	463132382e35202e4b35352031393939	50941	50921
lcc	1	463132382e35202e4c3233332032303036	50941	50921
lcc	1	463132382e35202e4c3233352032303035	50941	50921
lcc	1	463132382e35202e4c3233352032303039	50941	50921
lcc	1	463132382e35202e4c35332032303034	50941	50921
lcc	1	463132382e35202e4c36362031393930	50941	50921
lcc	1	463132382e35202e4c3639342032303032	50941	50921
lcc	1	463132382e35202e4c37332032303033	50941	50921
lcc	1	463132382e35202e4c38342032303034	50941	50921
lcc	1	463132382e35202e4c392031393731	50941	50921
lcc	1	463132382e35202e4c3936362032303135	50941	50921
lcc	1	463132382e35202e4d3132322032303131	50941	50921
lcc	1	463132382e35202e4d33392031393932	50941	50921
lcc	1	463132382e35202e4d35342032303134	50941	50921
lcc	1	463132382e35202e4d3534372032303134	50941	50921
lcc	1	463132382e35202e4d35352032303039	50941	50921
lcc	1	463132382e35202e4d3731382032303031	50941	50921
lcc	1	463132382e35202e4d37332032303030	50941	50921
lcc	1	463132382e35202e4d373320323030336562	50941	50921
lcc	1	463132382e35202e4d38352031393838	50941	50921
lcc	1	463132382e35202e4d3836372031393837	50941	50921
lcc	1	463132382e35202e4d383637203139383762	50941	50921
lcc	1	463132382e35202e4d3836372031393930	50941	50921
lcc	1	463132382e35202e4d3836372031393938	50941	50921
lcc	1	463132382e35202e4e333620766f6c2e203135	50941	50921
lcc	1	463132382e35202e4e3438352031393838	50941	50921
lcc	1	463132382e35202e4e3439352032303031	50941	50921
lcc	1	463132382e35202e4e353132352031393936	50941	50921
lcc	1	463132382e35202e4e35322031393930	50941	50921
lcc	1	463132382e35202e4e353539352032303037	50941	50921
lcc	1	463132382e35202e4e3736	50941	50921
lcc	1	463132382e35202e4f32382031393837	50941	50921
lcc	1	463132382e35202e4f32392032303033	50941	50921
lcc	1	463132382e35202e4f32392032303034	50941	50921
lcc	1	463132382e35202e4f38342032303134	50941	50921
lcc	1	463132382e35202e5034372032303037	50941	50921
lcc	1	463132382e35202e5232342032303034	50941	50921
lcc	1	463132382e35202e5234352032303135	50941	50921
lcc	1	463132382e35202e5234352032303136	50941	50921
lcc	1	463132382e35202e5235392032303134	50941	50921
lcc	1	463132382e35202e5239322031393831	50941	50921
lcc	1	463132382e35202e5333342032303034	50941	50921
lcc	1	463132382e35202e5334372032303136	50941	50921
lcc	1	463132382e35202e5337392032303030	50941	50921
lcc	1	463132382e35202e5337392032303031	50941	50921
lcc	1	463132382e35202e5337392032303130	50941	50921
lcc	1	463132382e35202e5338352032303136	50941	50921
lcc	1	463132382e35202e53383520323031366562	50941	50921
lcc	1	463132382e35202e5338372032303138	50941	50921
lcc	1	463132382e35202e5431382032303030	50941	50921
lcc	1	463132382e35202e5437352032303131	50941	50921
lcc	1	463132382e35202e5437382031393837	50941	50921
lcc	1	463132382e35202e563638382032303034	50941	50921
lcc	1	463132382e35202e573232352032303131	50941	50921
lcc	1	463132382e35202e573232372032303137	50941	50921
lcc	1	463132382e35202e5732332031393830	50941	50921
lcc	1	463132382e35202e5735382031393838	50941	50921
lcc	1	463132382e35202e5735382031393939	50941	50921
lcc	1	463132382e35202e5735392032303133	50941	50921
lcc	1	463132382e35202e5737332032303133	50941	50921
lcc	1	463132382e35202e5935332032303130	50941	50921
lcc	1	463132382e35202e5936382032303135	50941	50921
lcc	1	463132382e35204436382031393935	50941	50921
lcc	1	463132382e3520453635	50941	50921
lcc	1	463132382e352e423234372032303134	50941	50921
lcc	1	463132382e352e423236345736362032303235	50941	50921
lcc	1	463132382e352e4232363531332032303034	50941	50921
lcc	1	463132382e352e423335204836392032303139	50941	50921
lcc	1	463132382e352e423932332032303034	50941	50921
lcc	1	463132382e352e42393237204d33372032303035	50941	50921
lcc	1	463132382e352e423932374d33372032303035	50941	50921
lcc	1	463132382e352e4338352032303034	50941	50921
lcc	1	463132382e352e4434332032303031	50941	50921
lcc	1	463132382e352e4434342032303234	50941	50921
lcc	1	463132382e352e4435342032303130	50941	50921
lcc	1	463132382e352e4436382031393935	50941	50921
lcc	1	463132382e352e4437372031393936	50941	50921
lcc	1	463132382e352e4438352032303139	50941	50921
lcc	1	463132382e352e4536352031393834	50941	50921
lcc	1	463132382e352e4736342032303130	50941	50921
lcc	1	463132382e352e4738372032303139	50941	50921
lcc	1	463132382e352e4739352032303036	50941	50921
lcc	1	463132382e352e4834332032303037	50941	50921
lcc	1	463132382e352e4834342031393738	50941	50921
lcc	1	463132382e352e4837332032303032	50941	50921
lcc	1	463132382e352e493737	50941	50921
lcc	1	463132382e352e4937382052382031393832	50941	50921
lcc	1	463132382e352e4938352032303031	50941	50921
lcc	1	463132382e352e4938352032303133	50941	50921
lcc	1	463132382e352e4a32342031393934	50941	50921
lcc	1	463132382e352e4a3732205733352031393838	50941	50921
lcc	1	463132382e352e4a3732205733352031393839	50941	50921
lcc	1	463132382e352e4a37325733352031393839	50941	50921
lcc	1	463132382e352e4b33322032303031	50941	50921
lcc	1	463132382e352e4b35352031393939	50941	50921
lcc	1	463132382e352e4c3233332032303036	50941	50921
lcc	1	463132382e352e4c3233372032303038	50941	50921
lcc	1	463132382e352e4c32342032303032	50941	50921
lcc	1	463132382e352e4c35332032303034	50941	50921
lcc	1	463132382e352e4c36362031393930	50941	50921
lcc	1	463132382e352e4c3639342032303032	50941	50921
lcc	1	463132382e352e4c37332032303033	50941	50921
lcc	1	463132382e352e4c38342032303034	50941	50921
lcc	1	463132382e352e4c3936362032303135	50941	50921
lcc	1	463132382e352e4d3132322032303131	50941	50921
lcc	1	463132382e352e4d3337204434332032303133	50941	50921
lcc	1	463132382e352e4d33374434332032303133	50941	50921
lcc	1	463132382e352e4d33392031393932	50941	50921
lcc	1	463132382e352e4d3534372032303134	50941	50921
lcc	1	463132382e352e4d35352032303039	50941	50921
lcc	1	463132382e352e4d3836372031393837	50941	50921
lcc	1	463132382e352e4e3438352031393838	50941	50921
lcc	1	463132382e352e4e35322031393930	50941	50921
lcc	1	463132382e352e4e3735342032303038	50941	50921
lcc	1	463132382e352e5034372032303037	50941	50921
lcc	1	463132382e352e5034372032303131	50941	50921
lcc	1	463132382e352e5232342032303034	50941	50921
lcc	1	463132382e352e5234352032303135	50941	50921
lcc	1	463132382e352e523734	50941	50921
lcc	1	463132382e352e5333342032303033	50941	50921
lcc	1	463132382e352e5335332031393935	50941	50921
lcc	1	463132382e352e5336352031393939	50941	50921
lcc	1	463132382e352e53363520313939396562	50941	50921
lcc	1	463132382e352e533732205337342032303134	50941	50921
lcc	1	463132382e352e5337325337342032303134	50941	50921
lcc	1	463132382e352e5337392032303030	50941	50921
lcc	1	463132382e352e5338372032303138	50941	50921
lcc	1	463132382e352e543138352032303030	50941	50921
lcc	1	463132382e352e5437382031393837	50941	50921
lcc	1	463132382e352e573232204636382031393733	50941	50921
lcc	1	463132382e352e57323220573334	50941	50921
lcc	1	463132382e352e573232352032303131	50941	50921
lcc	1	463132382e352e573232372032303138	50941	50921
lcc	1	463132382e352e573232573334	50941	50921
lcc	1	463132382e352e5735382031393838	50941	50921
lcc	1	463132382e352e5735382031393939	50941	50921
lcc	1	463132382e3532202e4137352032303030	50942	50921
lcc	1	463132382e3532202e4137352032303031	50942	50921
lcc	1	463132382e3532202e4233332031393936	50942	50921
lcc	1	463132382e3532202e423337	50942	50921
lcc	1	463132382e3532202e4234342032303033	50942	50921
lcc	1	463132382e3532202e42343420323030336562	50942	50921
lcc	1	463132382e3532202e4234342032303133	50942	50921
lcc	1	463132382e3532202e4234352032303034	50942	50921
lcc	1	463132382e3532202e423732352031393933	50942	50921
lcc	1	463132382e3532202e423733	50942	50921
lcc	1	463132382e3532202e4237352031393834	50942	50921
lcc	1	463132382e3532202e42382031393737	50942	50921
lcc	1	463132382e3532202e423837	50942	50921
lcc	1	463132382e3532202e4333352031393933	50942	50921
lcc	1	463132382e3532202e4333372031393738	50942	50921
lcc	1	463132382e3532202e433532	50942	50921
lcc	1	463132382e3532202e4633372032303132	50942	50921
lcc	1	463132382e3532202e4635362032303135	50942	50921
lcc	1	463132382e3532202e4635382032303137	50942	50921
lcc	1	463132382e3532202e463733	50942	50921
lcc	1	463132382e3532202e4637332032303135	50942	50921
lcc	1	463132382e3532202e473237	50942	50921
lcc	1	463132382e3532202e473636	50942	50921
lcc	1	463132382e3532202e473637	50942	50921
lcc	1	463132382e3532202e483235332032303039	50942	50921
lcc	1	463132382e3532202e48323538	50942	50921
lcc	1	463132382e3532202e483235392032303137	50942	50921
lcc	1	463132382e3532202e4832382031393733	50942	50921
lcc	1	463132382e3532202e483333	50942	50921
lcc	1	463132382e3532202e483433	50942	50921
lcc	1	463132382e3532202e4b33352031393833	50942	50921
lcc	1	463132382e3532202e4b35342032303135	50942	50921
lcc	1	463132382e3532202e4b3632	50942	50921
lcc	1	463132382e3532202e4b36342031393835	50942	50921
lcc	1	463132382e3532202e4b37332032303033	50942	50921
lcc	1	463132382e3532202e4b3735	50942	50921
lcc	1	463132382e3532202e4c323836	50942	50921
lcc	1	463132382e3532202e4c32392031393733	50942	50921
lcc	1	463132382e3532202e4c35352032303032	50942	50921
lcc	1	463132382e3532202e4c3538782031393934	50942	50921
lcc	1	463132382e3532202e4d32352032303036	50942	50921
lcc	1	463132382e3532202e4d33322032303138	50942	50921
lcc	1	463132382e3532202e4d35382032303037	50942	50921
lcc	1	463132382e3532202e4d35392031393839	50942	50921
lcc	1	463132382e3532202e4e32372031393739	50942	50921
lcc	1	463132382e3532202e5032382032303031	50942	50921
lcc	1	463132382e3532202e503535	50942	50921
lcc	1	463132382e3532202e5037392032303134	50942	50921
lcc	1	463132382e3532202e5233382032303036	50942	50921
lcc	1	463132382e3532202e5236332032303137	50942	50921
lcc	1	463132382e3532202e5236392032303037	50942	50921
lcc	1	463132382e3532202e5332362032303134	50942	50921
lcc	1	463132382e3532202e5333372032303137	50942	50921
lcc	1	463132382e3532202e5335342031393839	50942	50921
lcc	1	463132382e3532202e5335342031393930	50942	50921
lcc	1	463132382e3532202e5335342032303035	50942	50921
lcc	1	463132382e3532202e5337342032303138	50942	50921
lcc	1	463132382e3532202e5338362032303134	50942	50921
lcc	1	463132382e3532202e5339	50942	50921
lcc	1	463132382e3532202e5433362032303039	50942	50921
lcc	1	463132382e3532202e5435392032303137	50942	50921
lcc	1	463132382e3532202e543934	50942	50921
lcc	1	463132382e3532202e5633	50942	50921
lcc	1	463132382e3532202e5635332032303136	50942	50921
lcc	1	463132382e3532202e5635342031393832	50942	50921
lcc	1	463132382e3532202e573338	50942	50921
lcc	1	463132382e3532202e5734392031393837	50942	50921
lcc	1	463132382e3532202e5736343133	50942	50921
lcc	1	463132382e3532202e57363431332031393831	50942	50921
lcc	1	463132382e3532202e5736343133782031393831	50942	50921
lcc	1	463132382e3532202e5736352032303032	50942	50921
lcc	1	463132382e3532202e5936352032303230	50942	50921
lcc	1	463132382e3532202e5a33352031393830	50942	50921
lcc	1	463132382e353220463733	50942	50921
lcc	1	463132382e35322e4134342032303130	50942	50921
lcc	1	463132382e35322e4137352032303031	50942	50921
lcc	1	463132382e35322e4234342032303033	50942	50921
lcc	1	463132382e35322e42343420323030336562	50942	50921
lcc	1	463132382e35322e4234342032303131	50942	50921
lcc	1	463132382e35322e423732352031393933	50942	50921
lcc	1	463132382e35322e4237352031393834	50942	50921
lcc	1	463132382e35322e4635372032303137	50942	50921
lcc	1	463132382e35322e473636	50942	50921
lcc	1	463132382e35322e483235332031393937	50942	50921
lcc	1	463132382e35322e483235352032303233	50942	50921
lcc	1	463132382e35322e483235392032303137	50942	50921
lcc	1	463132382e35322e4d35382032303037	50942	50921
lcc	1	463132382e35322e5236332032303137	50942	50921
lcc	1	463132382e35322e5335342032303035	50942	50921
lcc	1	463132382e35322e5432392032303135	50942	50921
lcc	1	463132382e35322e5437322031393934	50942	50921
lcc	1	463132382e35342e4138332041332031393836	50942	50921
lcc	1	463132382e35342e4138332041332031393837	50942	50921
lcc	1	463132382e35342e41383341332031393837	50942	50921
lcc	1	463132382e35342e4333362041332032303030	50942	50921
lcc	1	463132382e35342e43333641332031393935	50942	50921
lcc	1	463132382e35342e43333641332032303030	50942	50921
lcc	1	463132382e35342e4333382041332032303230	50942	50921
lcc	1	463132382e35342e443536205235332032303037	50942	50921
lcc	1	463132382e35342e4436332041332032303137	50942	50921
lcc	1	463132382e35342e44363320413320323031376562	50942	50921
lcc	1	463132382e35342e4734372041332032303133	50942	50921
lcc	1	463132382e35342e473437204133203230313362	50942	50921
lcc	1	463132382e35342e4836392041332032303033	50942	50921
lcc	1	463132382e35342e4b3633204132352031393934	50942	50921
lcc	1	463132382e35342e4b36332041332031393932	50942	50921
lcc	1	463132382e35342e4b36332041332032303030	50942	50921
lcc	1	463132382e35342e4b3633204133203230303062	50942	50921
lcc	1	463132382e35342e4b36332041332032303134	50942	50921
lcc	1	463132382e35342e4b3633204133352031393835	50942	50921
lcc	1	463132382e35342e4b3633204133362031393835	50942	50921
lcc	1	463132382e35342e4b3633204133362031393836	50942	50921
lcc	1	463132382e35342e4b3633204e34392032303035	50942	50921
lcc	1	463132382e35342e4b363341332031393932	50942	50921
lcc	1	463132382e35342e4b363341332032303030	50942	50921
lcc	1	463132382e35342e4b36334e34392032303035	50942	50921
lcc	1	463132382e35342e4b36335336342032303130	50942	50921
lcc	1	463132382e35342e4c3535204333362032303031	50942	50921
lcc	1	463132382e35342e4c3535204434382032303135	50942	50921
lcc	1	463132382e35342e4c3536204238332032303135	50942	50921
lcc	1	463132382e35342e4c35364238332032303135	50942	50921
lcc	1	463132382e35342e4f38352041332031393830	50942	50921
lcc	1	463132382e35342e523234322041332032303038	50942	50921
lcc	1	463132382e35342e5334352041332032303130	50942	50921
lcc	1	463132382e35342e5339342041332032303030	50942	50921
lcc	1	463132382e35342e5633352041332032303035	50942	50921
lcc	1	463132382e35342e56333541332032303035	50942	50921
lcc	1	463132382e35342e5933362041332032303136	50942	50921
lcc	1	463132382e3535202e413433332032303136	50943	50921
lcc	1	463132382e3535202e413434332032303137	50943	50921
lcc	1	463132382e3535202e413434342032303135	50943	50921
lcc	1	463132382e3535202e413434352032303130	50943	50921
lcc	1	463132382e3535202e4134352032303037	50943	50921
lcc	1	463132382e3535202e4134362031393931	50943	50921
lcc	1	463132382e3535202e4233332032303030	50943	50921
lcc	1	463132382e3535202e4233382032303036	50943	50921
lcc	1	463132382e3535202e4234352032303036	50943	50921
lcc	1	463132382e3535202e4234372032303031	50943	50921
lcc	1	463132382e3535202e4237342032303031	50943	50921
lcc	1	463132382e3535202e4237362031393834	50943	50921
lcc	1	463132382e3535202e4238372032303032	50943	50921
lcc	1	463132382e3535202e433336203139383778	50943	50921
lcc	1	463132382e3535202e4334362031393931	50943	50921
lcc	1	463132382e3535202e433436362032303035	50943	50921
lcc	1	463132382e3535202e4334382031393839	50943	50921
lcc	1	463132382e3535202e4334382031393839203c4f7269656e204a6170616e3e	50943	50921
lcc	1	463132382e3535202e433534342032303139	50943	50921
lcc	1	463132382e3535202e4335362032303131	50943	50921
lcc	1	463132382e3535202e433633352032303134	50943	50921
lcc	1	463132382e3535202e4336342031393932	50943	50921
lcc	1	463132382e3535202e4336342031393933	50943	50921
lcc	1	463132382e3535202e4336372032303137	50943	50921
lcc	1	463132382e3535202e4433382032303137	50943	50921
lcc	1	463132382e3535202e44333820323031376562	50943	50921
lcc	1	463132382e3535202e4434342032303039	50943	50921
lcc	1	463132382e3535202e4434362032303033	50943	50921
lcc	1	463132382e3535202e4436382032303032	50943	50921
lcc	1	463132382e3535202e4439332032303231	50943	50921
lcc	1	463132382e3535202e4534332032303031	50943	50921
lcc	1	463132382e3535202e4534332032303038	50943	50921
lcc	1	463132382e3535202e4535332031393938	50943	50921
lcc	1	463132382e3535202e4635342032303036	50943	50921
lcc	1	463132382e3535202e4637342032303131	50943	50921
lcc	1	463132382e3535202e4733352032303037	50943	50921
lcc	1	463132382e3535202e4735382032303034	50943	50921
lcc	1	463132382e3535202e4736352032303130	50943	50921
lcc	1	463132382e3535202e4736352032303131	50943	50921
lcc	1	463132382e3535202e47363520323031316562	50943	50921
lcc	1	463132382e3535202e4736362032303037	50943	50921
lcc	1	463132382e3535202e4736362032303133	50943	50921
lcc	1	463132382e3535202e473636392032303137	50943	50921
lcc	1	463132382e3535202e4737332032303131	50943	50921
lcc	1	463132382e3535202e4737332032303132	50943	50921
lcc	1	463132382e3535202e4738352031393933	50943	50921
lcc	1	463132382e3535202e4833352032303037	50943	50921
lcc	1	463132382e3535202e4833362031393932	50943	50921
lcc	1	463132382e3535202e4833362031393933	50943	50921
lcc	1	463132382e3535202e4838372031393839	50943	50921
lcc	1	463132382e3535202e49322032303032	50943	50921
lcc	1	463132382e3535202e49352031393839	50943	50921
lcc	1	463132382e3535202e4a36372032303133	50943	50921
lcc	1	463132382e3535202e4b34362032303034	50943	50921
lcc	1	463132382e3535202e4b3536342032303039	50943	50921
lcc	1	463132382e3535202e4b36332031393930	50943	50921
lcc	1	463132382e3535202e4b37332031393833	50943	50921
lcc	1	463132382e3535202e4b39332032303037	50943	50921
lcc	1	463132382e3535202e4c33352031393839	50943	50921
lcc	1	463132382e3535202e4c33382032303034	50943	50921
lcc	1	463132382e3535202e4c34332031393838	50943	50921
lcc	1	463132382e3535202e4c34392032303032	50943	50921
lcc	1	463132382e3535202e4c36372032303035	50943	50921
lcc	1	463132382e3535202e4c38362032303134	50943	50921
lcc	1	463132382e3535202e4c38362032303135	50943	50921
lcc	1	463132382e3535202e4d33362032303130	50943	50921
lcc	1	463132382e3535202e4d3336352032303138	50943	50921
lcc	1	463132382e3535202e4d33372032303136	50943	50921
lcc	1	463132382e3535202e4d34352032303038	50943	50921
lcc	1	463132382e3535202e4d36352031393932	50943	50921
lcc	1	463132382e3535202e4d36352031393934	50943	50921
lcc	1	463132382e3535202e4d36362032303130	50943	50921
lcc	1	463132382e3535202e4d363620323031306562	50943	50921
lcc	1	463132382e3535202e4d36372031393834	50943	50921
lcc	1	463132382e3535202e4e3334332031393835	50943	50921
lcc	1	463132382e3535202e4e34372032303037	50943	50921
lcc	1	463132382e3535202e4e34392031393838	50943	50921
lcc	1	463132382e3535202e4e3439352031393939	50943	50921
lcc	1	463132382e3535202e4e3439372031393934	50943	50921
lcc	1	463132382e3535202e4e3439372031393935	50943	50921
lcc	1	463132382e3535202e4e39332032303033	50943	50921
lcc	1	463132382e3535202e4f39342032303036	50943	50921
lcc	1	463132382e3535202e503334352032303037	50943	50921
lcc	1	463132382e3535202e5033352032303034	50943	50921
lcc	1	463132382e3535202e5034352032303139	50943	50921
lcc	1	463132382e3535202e5035382031393939	50943	50921
lcc	1	463132382e3535202e5038352032303134	50943	50921
lcc	1	463132382e3535202e5234322032303031	50943	50921
lcc	1	463132382e3535202e5234332032303139	50943	50921
lcc	1	463132382e3535202e5235362032303031	50943	50921
lcc	1	463132382e3535202e523637382031393939	50943	50921
lcc	1	463132382e3535202e5332372032303036	50943	50921
lcc	1	463132382e3535202e5334362032303035	50943	50921
lcc	1	463132382e3535202e5335352031393937	50943	50921
lcc	1	463132382e3535202e5336332032303031	50943	50921
lcc	1	463132382e3535202e5337342031393834	50943	50921
lcc	1	463132382e3535202e5338332032303135	50943	50921
lcc	1	463132382e3535202e5433332032303130	50943	50921
lcc	1	463132382e3535202e5433372032303038	50943	50921
lcc	1	463132382e3535202e5633372032303038	50943	50921
lcc	1	463132382e3535202e5634372031393931	50943	50921
lcc	1	463132382e3535202e56363431332032303130	50943	50921
lcc	1	463132382e3535202e563634313320323031306562	50943	50921
lcc	1	463132382e3535202e5733362032303131	50943	50921
lcc	1	463132382e3535202e5734342032303039	50943	50921
lcc	1	463132382e3535202e5734352031393931	50943	50921
lcc	1	463132382e3535202e5735322032303033	50943	50921
lcc	1	463132382e3535202e573534203139393478	50943	50921
lcc	1	463132382e3535202e5735342032303034	50943	50921
lcc	1	463132382e3535202e5735352031393837	50943	50921
lcc	1	463132382e3535202e5933362031393935	50943	50921
lcc	1	463132382e3535202e5935342032303132	50943	50921
lcc	1	463132382e3535202e593620323031366562	50943	50921
lcc	1	463132382e3535202e5936382032303138	50943	50921
lcc	1	463132382e3535204b38392031393938	50943	50921
lcc	1	463132382e35352e4134342031393937	50943	50921
lcc	1	463132382e35352e4134352032303037	50943	50921
lcc	1	463132382e35352e4233372032303037	50943	50921
lcc	1	463132382e35352e4234352032303036	50943	50921
lcc	1	463132382e35352e4234362032303037	50943	50921
lcc	1	463132382e35352e4334362031393931	50943	50921
lcc	1	463132382e35352e4334362032303234	50943	50921
lcc	1	463132382e35352e4336372032303137	50943	50921
lcc	1	463132382e35352e4433382032303137	50943	50921
lcc	1	463132382e35352e4736352032303130	50943	50921
lcc	1	463132382e35352e473636392032303137	50943	50921
lcc	1	463132382e35352e473636392032303138	50943	50921
lcc	1	463132382e35352e4737332032303132	50943	50921
lcc	1	463132382e35352e483335372032303037	50943	50921
lcc	1	463132382e35352e4838372031393839	50943	50921
lcc	1	463132382e35352e49352031393839	50943	50921
lcc	1	463132382e35352e4a33362032303034	50943	50921
lcc	1	463132382e35352e4b33382031393839	50943	50921
lcc	1	463132382e35352e4b34362032303034	50943	50921
lcc	1	463132382e35352e4b36332031393930	50943	50921
lcc	1	463132382e35352e4b36372032303032	50943	50921
lcc	1	463132382e35352e4c34332031393837	50943	50921
lcc	1	463132382e35352e4c34332031393934	50943	50921
lcc	1	463132382e35352e4d33342032303034	50943	50921
lcc	1	463132382e35352e4d36352031393932	50943	50921
lcc	1	463132382e35352e4d36352031393934	50943	50921
lcc	1	463132382e35352e4e33332032303231	50943	50921
lcc	1	463132382e35352e4e34382032303035	50943	50921
lcc	1	463132382e35352e4e34392031393838	50943	50921
lcc	1	463132382e35352e4f39342032303036	50943	50921
lcc	1	463132382e35352e5038352032303134	50943	50921
lcc	1	463132382e35352e5234322032303031	50943	50921
lcc	1	463132382e35352e56363431332032303130	50943	50921
lcc	1	463132382e35352e5734352031393931	50943	50921
lcc	1	463132382e35352e5735332031393935	50943	50921
lcc	1	463132382e35352e573534	50943	50921
lcc	1	463132382e35352e5735342032303033	50943	50921
lcc	1	463132382e35352e5735342032303138	50943	50921
lcc	1	463132382e3536202e4b36352032303034	50943	50921
lcc	1	463132382e3536202e5333372032303131	50943	50921
lcc	1	463132382e3536202e5333372032303132	50943	50921
lcc	1	463132382e3536202e533337203230313263	50943	50921
lcc	1	463132382e3536202e53333731382032303133	50943	50921
lcc	1	463132382e3536202e5334342032303031	50943	50921
lcc	1	463132382e35362e4336342032303231	50943	50921
lcc	1	463132382e35362e5333372032303131	50943	50921
lcc	1	463132382e35362e5333372032303132	50943	50921
lcc	1	463132382e35362e533337322032303135	50943	50921
lcc	1	463132382e35362e5334342032303031	50943	50921
lcc	1	463132382e35372e413433362041332032303038	50943	50921
lcc	1	463132382e35372e4134333620413433362032303038	50943	50921
lcc	1	463132382e35372e423536	50943	50921
lcc	1	463132382e35372e423536204d33352032303137	50943	50921
lcc	1	463132382e35372e423536205233362032303139	50943	50921
lcc	1	463132382e35372e42353620533435372032303130	50943	50921
lcc	1	463132382e35372e42353620533435372032303131	50943	50921
lcc	1	463132382e35372e4235364d33352032303137	50943	50921
lcc	1	463132382e35372e4434204736362032303137	50943	50921
lcc	1	463132382e35372e4434205635382032303137	50943	50921
lcc	1	463132382e35372e4435362041332032303133	50943	50921
lcc	1	463132382e35372e443536204d33362032303132	50943	50921
lcc	1	463132382e35372e443536204d33362032303133	50943	50921
lcc	1	463132382e35372e443536204d333620323031336562	50943	50921
lcc	1	463132382e35372e4435364d33362032303132	50943	50921
lcc	1	463132382e35372e4735382041332032303030	50943	50921
lcc	1	463132382e35372e4735382041332032303032	50943	50921
lcc	1	463132382e35372e473538204134372032303035	50943	50921
lcc	1	463132382e35372e473538204134372032303037	50943	50921
lcc	1	463132382e35372e473538204233362032303034	50943	50921
lcc	1	463132382e35372e473538204b35372032303030	50943	50921
lcc	1	463132382e35372e473538204b36332031393939	50943	50921
lcc	1	463132382e35372e473538204b36332032303037	50943	50921
lcc	1	463132382e35372e473538204e34392032303037	50943	50921
lcc	1	463132382e35372e473538205136362032303032	50943	50921
lcc	1	463132382e35372e473538205335362032303037	50943	50921
lcc	1	463132382e35372e473538205337372032303037	50943	50921
lcc	1	463132382e35372e4735384132352032303032	50943	50921
lcc	1	463132382e35372e47353841332032303030	50943	50921
lcc	1	463132382e35372e4735384238372031393938	50943	50921
lcc	1	463132382e35372e4735384b35372032303030	50943	50921
lcc	1	463132382e35372e4735384b36332031393939	50943	50921
lcc	1	463132382e35372e4735384d33372032303033	50943	50921
lcc	1	463132382e35372e4735384e34392032303033	50943	50921
lcc	1	463132382e35372e4735385136362032303032	50943	50921
lcc	1	463132382e35372e4735385335362032303035	50943	50921
lcc	1	463132382e35372e4735385337372032303037	50943	50921
lcc	1	463132382e35372e48363341332032303134	50943	50921
lcc	1	463132382e35372e4b33372041332032303039	50943	50921
lcc	1	463132382e35372e4d353741332032303234	50943	50921
lcc	1	463132382e35372e5035382041332032303130	50943	50921
lcc	1	463132382e35372e5135362041332032303133	50943	50921
lcc	1	463132382e35372e5235372041332032303136	50943	50921
lcc	1	463132382e35372e53333641332032303235	50943	50921
lcc	1	463132382e35372e533536205334332032303033	50943	50921
lcc	1	463132382e35372e5335365334332032303033	50943	50921
lcc	1	463132382e35372e5335365334332032303037	50943	50921
lcc	1	463132382e35372e5733352041332032303031	50943	50921
lcc	1	463132382e35372e5735352041332032303031	50943	50921
lcc	1	46313532202e423136352032303139	50983	3467
lcc	1	46313532202e4233382032303134	50983	3467
lcc	1	46313532202e4238342031393738	50983	3467
lcc	1	46313532202e423834352032303130	50983	3467
lcc	1	46313532202e4238352032303130	50983	3467
lcc	1	46313532202e42383520323031302b	50983	3467
lcc	1	46313532202e433534206e6f2e20382d39	50983	3467
lcc	1	46313532202e4339362032303131	50983	3467
lcc	1	46313532202e4339362032303132	50983	3467
lcc	1	46313532202e4631372032303131	50983	3467
lcc	1	46313532202e4637352031393838	50983	3467
lcc	1	46313532202e4638362031393839	50983	3467
lcc	1	46313532202e4832342031393732	50983	3467
lcc	1	46313532202e4832342031393935	50983	3467
lcc	1	46313532202e4833382032303036	50983	3467
lcc	1	46313532202e4834322031393730	50983	3467
lcc	1	46313532202e4836362032303036	50983	3467
lcc	1	46313532202e483833203139363061	50983	3467
lcc	1	46313532202e493434	50983	3467
lcc	1	46313532202e4a332031393732	50983	3467
lcc	1	46313532202e4a33332032303035	50983	3467
lcc	1	46313532202e4a33342031383736	50983	3467
lcc	1	46313532202e4b3233203139363962	50983	3467
lcc	1	46313532202e4b3238	50983	3467
lcc	1	46313532202e4b36352031393832	50983	3467
lcc	1	46313532202e4c3534	50983	3467
lcc	1	46313532202e4d33382032303135	50983	3467
lcc	1	46313532202e4d362032303037	50983	3467
lcc	1	46313532202e4d36382031393937	50983	3467
lcc	1	46313532202e4d363932	50983	3467
lcc	1	46313532202e4d37382031393932	50983	3467
lcc	1	46313532202e4d37382032303035	50983	3467
lcc	1	46313532202e4d39382031393938	50983	3467
lcc	1	46313532202e4e32352031393933	50983	3467
lcc	1	46313532202e4e3433	50983	3467
lcc	1	46313532202e5032383732	50983	3467
lcc	1	46313532202e5039342032303139	50983	3467
lcc	1	46313532202e503936	50983	3467
lcc	1	46313532202e533132	50983	3467
lcc	1	46313532202e5331322031383935	50983	3467
lcc	1	46313532202e5331322032303135	50983	3467
lcc	1	46313532202e533333	50983	3467
lcc	1	46313532202e5333342031393837	50983	3467
lcc	1	46313532202e5333342031393838	50983	3467
lcc	1	46313532202e533336	50983	3467
lcc	1	46313532202e533533382031393731	50983	3467
lcc	1	46313532202e5335362032303032	50983	3467
lcc	1	46313532202e5335372031393731	50983	3467
lcc	1	46313532202e5335372032303030	50983	3467
lcc	1	46313532202e5336342032303136	50983	3467
lcc	1	46313532202e5336342032303138	50983	3467
lcc	1	46313532202e5337332031393932	50983	3467
lcc	1	46313532202e5338362031393835	50983	3467
lcc	1	46313532202e5438342031393932	50983	3467
lcc	1	46313532202e54383420313939326562	50983	3467
lcc	1	46313532202e5439322032303032	50983	3467
lcc	1	46313532202e563338	50983	3467
lcc	1	46313532202e56362031393731	50983	3467
lcc	1	46313532202e573137	50983	3467
lcc	1	46313532202e5733372031393933	50983	3467
lcc	1	46313532202e57343238362031393936	50983	3467
lcc	1	46313532202e5735362032303035	50983	3467
lcc	1	46313532202e5738352031393730	50983	3467
lcc	1	463135322e32	50983	3467
lcc	1	463135322e32202e4234322031393735	50983	3467
lcc	1	463135322e32202e4236362032303037	50983	3467
lcc	1	463135322e32202e42382031393730	50983	3467
lcc	1	463135322e32202e4437332031393938	50983	3467
lcc	1	463135322e32202e453532	50983	3467
lcc	1	463135322e32202e4635322032303132	50983	3467
lcc	1	463135322e32202e4734322032303030	50983	3467
lcc	1	463135322e32202e4735352032303035	50983	3467
lcc	1	463135322e32202e473838332032303038	50983	3467
lcc	1	463135322e32202e4835362032303036	50983	3467
lcc	1	463135322e32202e4835362032303037	50983	3467
lcc	1	463135322e32202e4835372032303036	50983	3467
lcc	1	463135322e32202e4835372032303037	50983	3467
lcc	1	463135322e32202e483933362031393731	50983	3467
lcc	1	463135322e32202e4839342031393730	50983	3467
lcc	1	463135322e32202e4935332031393936	50983	3467
lcc	1	463135322e32202e4a33332032303037	50983	3467
lcc	1	463135322e32202e4a33342031393730	50983	3467
lcc	1	463135322e32202e4c34382032303039	50983	3467
lcc	1	463135322e32202e4d33382032303130	50983	3467
lcc	1	463135322e32202e4d33382032303131	50983	3467
lcc	1	463135322e32202e4d38372032303136	50983	3467
lcc	1	463135322e32202e4d3837352032303139	50983	3467
lcc	1	463135322e32202e4d38382032303139	50983	3467
lcc	1	463135322e32202e503133	50983	3467
lcc	1	463135322e32202e50333931342032303030	50983	3467
lcc	1	463135322e32202e503339332031393734	50983	3467
lcc	1	463135322e32202e5033393536	50983	3467
lcc	1	463135322e32202e5336362032303036	50983	3467
lcc	1	463135322e32202e5338352031393937	50983	3467
lcc	1	463135322e32202e5338352031393938	50983	3467
lcc	1	463135322e32202e5435372032303031	50983	3467
lcc	1	463135322e32202e5437342032303032	50983	3467
lcc	1	463135322e32202e543738	50983	3467
lcc	1	463135322e32202e5637382031393836	50983	3467
lcc	1	463135322e32202e5732362032303035	50983	3467
lcc	1	463135322e32202e573436	50983	3467
lcc	1	463135322e32202e5736352031393836	50983	3467
lcc	1	463135322e322e4231332032303034	50983	3467
lcc	1	463135322e322e4234362032303032	50983	3467
lcc	1	463135322e322e4236362032303036	50983	3467
lcc	1	463135322e322e453532	50983	3467
lcc	1	463135322e322e4635322032303132	50983	3467
lcc	1	463135322e322e4734322032303030	50983	3467
lcc	1	463135322e322e4a33332032303037	50983	3467
lcc	1	463135322e322e4c38382032303030	50983	3467
lcc	1	463135322e322e4d33382032303130	50983	3467
lcc	1	463135322e322e4d36372032303037	50983	3467
lcc	1	463135322e322e4d38372032303136	50983	3467
lcc	1	463135322e322e4d38372032303138	50983	3467
lcc	1	463135322e322e4d3837352032303138	50983	3467
lcc	1	463135322e322e4d3837352032303139	50983	3467
lcc	1	463135322e322e5033393536	50983	3467
lcc	1	463135322e322e50333935362031393831	50983	3467
lcc	1	463135322e322e5034204134342031393934	50983	3467
lcc	1	463135322e322e5336362032303036	50983	3467
lcc	1	463135322e322e5339352032303032	50983	3467
lcc	1	463135322e322e5339352032303033	50983	3467
lcc	1	463135322e322e5435372032303031	50983	3467
lcc	1	463135322e322e5437342032303032	50983	3467
lcc	1	463135322e322e5732362032303034	50983	3467
lcc	1	463135322e322e5735332031393833	50983	3467
lcc	1	463135322e322e5736352031393836	50983	3467
lcc	1	463135322e4231362031393937	50983	3467
lcc	1	463135322e423136352032303139	50983	3467
lcc	1	463135322e4233382032303134	50983	3467
lcc	1	463135322e42383520323031302b	50983	3467
lcc	1	463135322e4339362032303131	50983	3467
lcc	1	463135322e4433342032303034	50983	3467
lcc	1	463135322e443632352032303035	50983	3467
lcc	1	463135322e4631372032303131	50983	3467
lcc	1	463135322e473436204637332032303139	50983	3467
lcc	1	463135322e4832204b362031393732	50983	3467
lcc	1	463135322e4833382032303036	50983	3467
lcc	1	463135322e4836362032303034	50983	3467
lcc	1	463135322e483836	50983	3467
lcc	1	463135322e4a33332032303035	50983	3467
lcc	1	463135322e4b32392032303039	50983	3467
lcc	1	463135322e4c3832205436342031393738	50983	3467
lcc	1	463135322e4d362032303037	50983	3467
lcc	1	463135322e4d3733362032303134	50983	3467
lcc	1	463135322e4d373336332032303134	50983	3467
lcc	1	463135322e4d373336352032303134	50983	3467
lcc	1	463135322e4d3733372032303134	50983	3467
lcc	1	463135322e4d3733382032303134	50983	3467
lcc	1	463135322e4d37342032303134	50983	3467
lcc	1	463135322e4d37352032303134	50983	3467
lcc	1	463135322e4d37382031393932	50983	3467
lcc	1	463135322e4d37382032303035	50983	3467
lcc	1	463135322e4d39382031393938	50983	3467
lcc	1	463135322e50323637204132352032303139	50983	3467
lcc	1	463135322e503236374132352032303139	50983	3467
lcc	1	463135322e503236392032303230	50983	3467
lcc	1	463135322e5039332032303036	50983	3467
lcc	1	463135322e5039342032303139	50983	3467
lcc	1	463135322e5239372032303231	50983	3467
lcc	1	463135322e5331322032303135	50983	3467
lcc	1	463135322e533333204833372032303133	50983	3467
lcc	1	463135322e5333342031393838	50983	3467
lcc	1	463135322e5333362032303135	50983	3467
lcc	1	463135322e5337342032303138	50983	3467
lcc	1	463135322e5438342031393932	50983	3467
lcc	1	463135322e5439322032303032	50983	3467
lcc	1	463135322e5734382031393939	50983	3467
lcc	1	463135322e5735372032303033	50983	3467
lcc	1	463135324c36382031393930	50983	3467
lcc	1	46313533202e4132372031393731	50984	3467
lcc	1	46313533202e4135352031393730	50984	3467
lcc	1	46313533202e4137362031393839	50984	3467
lcc	1	46313533202e4237352032303037	50984	3467
lcc	1	46313533202e4238	50984	3467
lcc	1	46313533202e463536332032303030	50984	3467
lcc	1	46313533202e463536332032303032	50984	3467
lcc	1	46313533202e4638362032303030	50984	3467
lcc	1	46313533202e4735342032303133	50984	3467
lcc	1	46313533202e4833372031393931	50984	3467
lcc	1	46313533202e4833382031393734	50984	3467
lcc	1	46313533202e4833382031393830	50984	3467
lcc	1	46313533202e483636	50984	3467
lcc	1	46313533202e4a37342032303132	50984	3467
lcc	1	46313533202e4b35342031393734	50984	3467
lcc	1	46313533202e4d31312031393939	50984	3467
lcc	1	46313533202e4d31312032303132	50984	3467
lcc	1	46313533202e4d33332032303034	50984	3467
lcc	1	46313533202e4d33342032303038	50984	3467
lcc	1	46313533202e4d34332032303133	50984	3467
lcc	1	46313533202e4f38332032303138	50984	3467
lcc	1	46313533202e533235	50984	3467
lcc	1	46313533202e533639	50984	3467
lcc	1	46313533202e533639352032303135	50984	3467
lcc	1	46313533202e53372032303032	50984	3467
lcc	1	46313533202e5436352031393731	50984	3467
lcc	1	46313533202e5436352031393839	50984	3467
lcc	1	46313533202e5436352032303036	50984	3467
lcc	1	46313533202e5436352032303135	50984	3467
lcc	1	463135332e423838204636372031393934	50984	3467
lcc	1	463135332e4238384636372031393934	50984	3467
lcc	1	463135332e423938352032303230	50984	3467
lcc	1	463135332e4339323320313936316562	50984	3467
lcc	1	463135332e4833372031393931	50984	3467
lcc	1	463135332e4a37342032303132	50984	3467
lcc	1	463135332e4d31312032303132	50984	3467
lcc	1	463135332e4d36362032303134	50984	3467
lcc	1	463135332e5332342032303039	50984	3467
lcc	1	463135332e53323520313937306562	50984	3467
lcc	1	463135332e533639352032303135	50984	3467
lcc	1	463135332e533639352032303136	50984	3467
lcc	1	463135332e5436352032303036	50984	3467
lcc	1	463135332e5436352032303134	50984	3467
lcc	1	46313534202e433737	50985	3467
lcc	1	46313534202e4533342032303132	50985	3467
lcc	1	46313534202e4638362032303036	50985	3467
lcc	1	46313534202e4b332031393832	50985	3467
lcc	1	46313534202e4e3938	50985	3467
lcc	1	46313534202e4e39382031393335	50985	3467
lcc	1	46313534202e5034372032303032	50985	3467
lcc	1	46313534202e5335352032303132	50985	3467
lcc	1	46313534202e533632352032303134	50985	3467
lcc	1	46313534202e5435362032303033	50985	3467
lcc	1	46313534202e5739342031393736	50985	3467
lcc	1	4631353420503432	50985	3467
lcc	1	463135342e42383933352031393936	50985	3467
lcc	1	463135342e4533342032303132	50985	3467
lcc	1	463135342e4638362032303036	50985	3467
lcc	1	463135342e4a34362031393939	50985	3467
lcc	1	463135342e5333392032303130	50985	3467
lcc	1	463135342e5335352032303133	50985	3467
lcc	1	463135342e533632352032303134	50985	3467
lcc	1	463135342e5435362032303033	50985	3467
lcc	1	463135382e3434	50947	50929
lcc	1	463135382e3434202e4134362031393930	50947	50929
lcc	1	463135382e3434202e4136372032303131	50947	50929
lcc	1	463135382e3434202e433335352031393830	50947	50929
lcc	1	463135382e3434202e433636	50947	50929
lcc	1	463135382e3434202e4433382032303134	50947	50929
lcc	1	463135382e3434202e463434	50947	50929
lcc	1	463135382e3434202e4635352032303037	50947	50929
lcc	1	463135382e3434202e4636372032303034	50947	50929
lcc	1	463135382e3434202e463638	50947	50929
lcc	1	463135382e3434202e4733352032303030	50947	50929
lcc	1	463135382e3434202e4834332032303139	50947	50929
lcc	1	463135382e3434202e4b35352032303036	50947	50929
lcc	1	463135382e3434202e4d342031393730	50947	50929
lcc	1	463135382e3434202e4d36332032303133	50947	50929
lcc	1	463135382e3434202e5235352032303031	50947	50929
lcc	1	463135382e3434202e5236	50947	50929
lcc	1	463135382e3434202e5236372031393837	50947	50929
lcc	1	463135382e3434202e5332352032303033	50947	50929
lcc	1	463135382e3434202e5334382031393934	50947	50929
lcc	1	463135382e3434202e5337332032303034	50947	50929
lcc	1	463135382e3434202e5435392032303134	50947	50929
lcc	1	463135382e3434202e5436362032303134	50947	50929
lcc	1	463135382e3434202e5636342032303133	50947	50929
lcc	1	463135382e3434202e5733372032303131	50947	50929
lcc	1	463135382e3434202e573735322032303134	50947	50929
lcc	1	463135382e34342e4136372032303131	50947	50929
lcc	1	463135382e34342e4236352031393934	50947	50929
lcc	1	463135382e34342e433336204235332032303130	50947	50929
lcc	1	463135382e34342e4333364235332032303130	50947	50929
lcc	1	463135382e34342e4433382032303134	50947	50929
lcc	1	463135382e34342e4636372032303034	50947	50929
lcc	1	463135382e34342e4733352032303030	50947	50929
lcc	1	463135382e34342e4834332032303139	50947	50929
lcc	1	463135382e34342e4b35352032303036	50947	50929
lcc	1	463135382e34342e4d36332032303133	50947	50929
lcc	1	463135382e34342e5235352031393938	50947	50929
lcc	1	463135382e34342e5236372031393837	50947	50929
lcc	1	463135382e34342e5334382031393934	50947	50929
lcc	1	463135382e34342e5435392032303134	50947	50929
lcc	1	463135382e34342e5436362032303134	50947	50929
lcc	1	463135382e34342e5636342032303133	50947	50929
lcc	1	463135382e34342e5733372032303131	50947	50929
lcc	1	463135382e34342e5735352032303134	50947	50929
lcc	1	463135382e34342e5737352032303030	50947	50929
lcc	1	463135382e35202e433633	50948	50929
lcc	1	463135382e35202e4c36382032303132	50948	50929
lcc	1	463135382e35202e4c392031393832	50948	50929
lcc	1	463135382e35202e4c392032303135	50948	50929
lcc	1	463135382e35202e4d36372031393930	50948	50929
lcc	1	463135382e35202e4d38342031393930	50948	50929
lcc	1	463135382e35202e503337	50948	50929
lcc	1	463135382e35202e5235	50948	50929
lcc	1	463135382e35202e5334	50948	50929
lcc	1	463135382e35202e533433	50948	50929
lcc	1	463135382e35202e5432352032303134	50948	50929
lcc	1	463135382e35202e5736332032303133	50948	50929
lcc	1	463135382e35202e5736352032303037	50948	50929
lcc	1	463135382e352e4c392031393831	50948	50929
lcc	1	463135382e352e4c392032303135	50948	50929
lcc	1	463135382e352e4d35355335352031393839	50948	50929
lcc	1	463135382e352e4d38342031393930	50948	50929
lcc	1	463135382e352e5736332032303133	50948	50929
lcc	1	463135382e3532202e4632382032303033	50949	50929
lcc	1	463135382e3532202e4833382031393833	50949	50929
lcc	1	463135382e3532202e4b34372032303135	50949	50929
lcc	1	463135382e3532202e4b37362032303230	50949	50929
lcc	1	463135382e3532202e4c36372031393935	50949	50929
lcc	1	463135382e3532202e4f34332032303131	50949	50929
lcc	1	463135382e3532202e5635362032303133	50949	50929
lcc	1	463135382e35322e4b33362032303030	50949	50929
lcc	1	463135382e35322e4b34372032303135	50949	50929
lcc	1	463135382e35322e4b34372032303138	50949	50929
lcc	1	463135382e35322e4c39362032303033	50949	50929
lcc	1	463135382e35322e52353820443338	50949	50929
lcc	1	463135382e35322e52353820483335	50949	50929
lcc	1	463135382e3533202e4836332032303135	50949	50929
lcc	1	463135382e3533202e5034372032303036	50949	50929
lcc	1	463135382e3533202e5a35342032303131	50949	50929
lcc	1	463135382e35332e4834362032303231	50949	50929
lcc	1	463135382e35332e4836332032303135	50949	50929
lcc	1	463135382e35342e20503638204d33392032303036	50949	50929
lcc	1	463135382e35342e46373320463733203230313678	50949	50929
lcc	1	463135382e35342e4c36362041332031393930	50949	50929
lcc	1	463135382e35342e4c363641332031393930	50949	50929
lcc	1	463135382e35342e4e38382041332032303138	50949	50929
lcc	1	463135382e35342e4e383841332032303137	50949	50929
lcc	1	463135382e35342e5036384d33392032303036	50949	50929
lcc	1	463135382e35342e523539204c36362032303138	50949	50929
lcc	1	463135382e35342e523539205033362031393933	50949	50929
lcc	1	463135382e35342e523539205033362032303033	50949	50929
lcc	1	463135382e35342e5235394c36362032303138	50949	50929
lcc	1	463135382e35342e533336205333362032303139	50949	50929
lcc	1	46313937202d2d202e4435333520323031346562	51283	50911
lcc	1	46313937202e413735382032303134	51283	50911
lcc	1	46313937202e4236392031393930	51283	50911
lcc	1	46313937202e4336372032303138	51283	50911
lcc	1	46313937202e4435332032303134	51283	50911
lcc	1	46313937202e573331352032303230	51283	50911
lcc	1	46313937202e573331352032303231	51283	50911
lcc	1	463139372e35202e473337352032303131	51283	50911
lcc	1	463139372e413735382032303134	51283	50911
lcc	1	463139372e4137362031393930	51283	50911
lcc	1	463139372e41373620313939316562	51283	50911
lcc	1	463139372e4236372032303038	51283	50911
lcc	1	463139372e4236392031393930	51283	50911
lcc	1	463139372e4435332032303134	51283	50911
lcc	1	463139372e4435332032303135	51283	50911
lcc	1	463139372e4836342031393932	51283	50911
lcc	1	463139372e573331352032303230	51283	50911
lcc	1	46313938202e4131362032303036	51284	50911
lcc	1	46313938202e4833372032303131	51284	50911
lcc	1	46313938202e4c35382031393934	51284	50911
lcc	1	46313938202e4d31322031393734	51284	50911
lcc	1	46313938202e523532352032303136	51284	50911
lcc	1	46313938202e5235323520323031366562	51284	50911
lcc	1	46313938202e5336382031393935	51284	50911
lcc	1	463139382e4833372032303131	51284	50911
lcc	1	463139382e4a33332031393935	51284	50911
lcc	1	463139382e4c35382031393934	51284	50911
lcc	1	463139382e533534204236352032303135	51284	50911
lcc	1	463139382e5335344236352032303135	51284	50911
lcc	1	463139382e573434205037352032303039	51284	50911
lcc	1	463139382e573434205037352032303130	51284	50911
lcc	1	463139382e5734345037352032303039	51284	50911
lcc	1	463139382e5735344d33362032303235	51284	50911
lcc	1	463139382e573833204734352032303132	51284	50911
lcc	1	463139382e5738334734352032303132	51284	50911
lcc	1	46313939202e4132392032303133	51285	50911
lcc	1	46313939202e4239352031393937	51285	50911
lcc	1	46313939202e4435352032303034	51285	50911
lcc	1	46313939202e4435352032303035	51285	50911
lcc	1	46313939202e4437352031393930	51285	50911
lcc	1	46313939202e4437382031393939	51285	50911
lcc	1	46313939202e483234	51285	50911
lcc	1	46313939202e4c3537	51285	50911
lcc	1	46313939202e4c35372031393934	51285	50911
lcc	1	46313939202e5033342032303034	51285	50911
lcc	1	46313939202e5232332032303036	51285	50911
lcc	1	46313939202e5332352032303031	51285	50911
lcc	1	46313939202e533339362032303133	51285	50911
lcc	1	46313939202e5336372032303137	51285	50911
lcc	1	46313939202e5438332032303138	51285	50911
lcc	1	46313939202e5733382031393730	51285	50911
lcc	1	46313939202e5737332032303034	51285	50911
lcc	1	463139392e4132392032303133	51285	50911
lcc	1	463139392e4435352032303230	51285	50911
lcc	1	463139392e473533342032303233	51285	50911
lcc	1	463139392e4c35372031393934	51285	50911
lcc	1	463139392e533339362032303133	51285	50911
lcc	1	463139392e533339362032303137	51285	50911
lcc	1	463139392e5336372032303137	51285	50911
lcc	1	463139392e5438332032303138	51285	50911
lcc	1	463139392e5737332032303034	51285	50911
lcc	1	46323030202e4135352031393936	51286	50911
lcc	1	46323030202e4137342032303134	51286	50911
lcc	1	46323030202e4233372032303032	51286	50911
lcc	1	46323030202e4234362032303037	51286	50911
lcc	1	46323030202e423437	51286	50911
lcc	1	46323030202e4436332032303038	51286	50911
lcc	1	46323030202e4637342032303133	51286	50911
lcc	1	46323030202e4734352031393833	51286	50911
lcc	1	46323030202e483437322032303231	51286	50911
lcc	1	46323030202e4933332032303133	51286	50911
lcc	1	46323030202e4935342032303035	51286	50911
lcc	1	46323030202e4a36342032303133	51286	50911
lcc	1	46323030202e4a36362032303133	51286	50911
lcc	1	46323030202e4b34352032303133	51286	50911
lcc	1	46323030202e4b35322031393832	51286	50911
lcc	1	46323030202e4b37382032303133	51286	50911
lcc	1	46323030202e4b373831382032303136	51286	50911
lcc	1	46323030202e4c342031393935	51286	50911
lcc	1	46323030202e4d3333	51286	50911
lcc	1	46323030202e4d3334	51286	50911
lcc	1	46323030202e4d33352031393732	51286	50911
lcc	1	46323030202e4d34332031393832	51286	50911
lcc	1	46323030202e5033372031393836	51286	50911
lcc	1	46323030202e5034332032303139	51286	50911
lcc	1	46323030202e5037352032303035	51286	50911
lcc	1	46323030202e5037352032303036	51286	50911
lcc	1	46323030202e523438	51286	50911
lcc	1	46323030202e523637	51286	50911
lcc	1	46323030202e5333392032303135	51286	50911
lcc	1	46323030202e5435372032303134	51286	50911
lcc	1	46323030202e573233352032303138	51286	50911
lcc	1	46323030202e59342031393834	51286	50911
lcc	1	463230302049332032303133	51286	50911
lcc	1	463230302e32202e4c34	51286	50911
lcc	1	463230302e332e4834352041332032303133	51286	50911
lcc	1	463230302e332e48343541332032303133	51286	50911
lcc	1	463230302e4233372032303032	51286	50911
lcc	1	463230302e4234362032303037	51286	50911
lcc	1	463230302e423437	51286	50911
lcc	1	463230302e4337342032303035	51286	50911
lcc	1	463230302e4436332032303037	51286	50911
lcc	1	463230302e453933342032303130	51286	50911
lcc	1	463230302e4637342032303133	51286	50911
lcc	1	463230302e4735382032303231	51286	50911
lcc	1	463230302e4933332032303133	51286	50911
lcc	1	463230302e4935342032303034	51286	50911
lcc	1	463230302e4a36362032303133	51286	50911
lcc	1	463230302e4b34352032303133	51286	50911
lcc	1	463230302e4b37382032303133	51286	50911
lcc	1	463230302e4d3333352032303137	51286	50911
lcc	1	463230302e4d3334352032303231	51286	50911
lcc	1	463230302e4d33352031393732	51286	50911
lcc	1	463230302e4d35352032303033	51286	50911
lcc	1	463230302e5339332032303038	51286	50911
lcc	1	463230302e573233352032303138	51286	50911
lcc	1	463230302e59342031393834	51286	50911
lcc	1	46323031	51287	50911
lcc	1	46323031202e4131352031393839	51287	50911
lcc	1	46323031202e4733372032303133	51287	50911
lcc	1	46323031202e473337782032303133	51287	50911
lcc	1	46323031202e4737342032303031	51287	50911
lcc	1	46323031202e4a33342031393932	51287	50911
lcc	1	46323031202e4d33382032303034	51287	50911
lcc	1	46323031202e4d35352031393936	51287	50911
lcc	1	46323031202e5033372032303130	51287	50911
lcc	1	46323031202e5335342031393933	51287	50911
lcc	1	46323031202e5733372032303033	51287	50911
lcc	1	46323031202e5735352032303035	51287	50911
lcc	1	463230312b	51287	50911
lcc	1	463230312e332e4233372041332032303134	51287	50911
lcc	1	463230312e332e423337204133372031393931	51287	50911
lcc	1	463230312e332e423337204136352031393931	51287	50911
lcc	1	463230312e332e4237392041332031393933	51287	50911
lcc	1	463230312e332e483334204e36382032303032	51287	50911
lcc	1	463230312e332e4833344e36382032303032	51287	50911
lcc	1	463230312e332e4a3437204a36362032303136	51287	50911
lcc	1	463230312e332e4b35382041352032303131	51287	50911
lcc	1	463230312e332e4d3337204e35332032303130	51287	50911
lcc	1	463230312e332e5033352041332032303039	51287	50911
lcc	1	463230312e332e573535204337332032303230	51287	50911
lcc	1	463230312e4737342032303031	51287	50911
lcc	1	463230312e4d33382032303034	51287	50911
lcc	1	463230312e4d35352031393936	51287	50911
lcc	1	463230312e5033372032303130	51287	50911
lcc	1	463230312e5735352032303035	51287	50911
lcc	1	46323133202e4131352031393639	51181	3422
lcc	1	46323133202e4134342031393832	51181	3422
lcc	1	46323133202e4134342031393932	51181	3422
lcc	1	46323133202e4134362031393835	51181	3422
lcc	1	46323133202e41352031393839	51181	3422
lcc	1	46323133202e42323839332031393830	51181	3422
lcc	1	46323133202e42323839332031393936	51181	3422
lcc	1	46323133202e42323839332031393938	51181	3422
lcc	1	46323133202e4234362032303139	51181	3422
lcc	1	46323133202e4236342031393834	51181	3422
lcc	1	46323133202e4236342031393930	51181	3422
lcc	1	46323133202e4236382031393933	51181	3422
lcc	1	46323133202e423735372032303034	51181	3422
lcc	1	46323133202e423736	51181	3422
lcc	1	46323133202e4333342031393931	51181	3422
lcc	1	46323133202e4333342031393934	51181	3422
lcc	1	46323133202e4335372031393735	51181	3422
lcc	1	46323133202e433633	51181	3422
lcc	1	46323133202e4336332031393939	51181	3422
lcc	1	46323133202e433633332031393832	51181	3422
lcc	1	46323133202e4336382031393833	51181	3422
lcc	1	46323133202e4336382032303030	51181	3422
lcc	1	46323133202e4337362032303133	51181	3422
lcc	1	46323133202e4436342031393738	51181	3422
lcc	1	46323133202e45322031393735	51181	3422
lcc	1	46323133202e4532322031393637	51181	3422
lcc	1	46323133202e453238362031393633	51181	3422
lcc	1	46323133202e4533342032303032	51181	3422
lcc	1	46323133202e45333420323030326562	51181	3422
lcc	1	46323133202e4534382031393830	51181	3422
lcc	1	46323133202e45343831332032303136	51181	3422
lcc	1	46323133202e453533352032303134	51181	3422
lcc	1	46323133202e453533352032303135	51181	3422
lcc	1	46323133202e4535342031393638	51181	3422
lcc	1	46323133202e453735	51181	3422
lcc	1	46323133202e4635352031393733	51181	3422
lcc	1	46323133202e4637352032303032	51181	3422
lcc	1	46323133202e463736	51181	3422
lcc	1	46323133202e4638	51181	3422
lcc	1	46323133202e4734362032303137	51181	3422
lcc	1	46323133202e473437352032303137	51181	3422
lcc	1	46323133202e4734382032303034	51181	3422
lcc	1	46323133202e4737322031393937	51181	3422
lcc	1	46323133202e473733	51181	3422
lcc	1	46323133202e4738362032303035	51181	3422
lcc	1	46323133202e4738362032303036	51181	3422
lcc	1	46323133202e4836392031393735	51181	3422
lcc	1	46323133202e483736382032303139	51181	3422
lcc	1	46323133202e4837363820323031396562	51181	3422
lcc	1	46323133202e483933203139373362	51181	3422
lcc	1	46323133202e4839332031393739	51181	3422
lcc	1	46323133202e4b37332032303033	51181	3422
lcc	1	46323133202e4b38332032303133	51181	3422
lcc	1	46323133202e4c3239	51181	3422
lcc	1	46323133202e4c33332031393836	51181	3422
lcc	1	46323133202e4d33352031393935	51181	3422
lcc	1	46323133202e4d3337382032303032	51181	3422
lcc	1	46323133202e4d33382031393837	51181	3422
lcc	1	46323133202e4f34332032303030	51181	3422
lcc	1	46323133202e4f34332032303031	51181	3422
lcc	1	46323133202e4f3436	51181	3422
lcc	1	46323133202e4f3437	51181	3422
lcc	1	46323133202e4f34372031393732	51181	3422
lcc	1	46323133202e4f35332031393936	51181	3422
lcc	1	46323133202e4f35332032303038	51181	3422
lcc	1	46323133202e4f353332	51181	3422
lcc	1	46323133202e4f3739	51181	3422
lcc	1	46323133202e4f39342031393832	51181	3422
lcc	1	46323133202e5034372032303039	51181	3422
lcc	1	46323133202e5036362032303037	51181	3422
lcc	1	46323133202e5038322031393731	51181	3422
lcc	1	46323133202e5038322031393739	51181	3422
lcc	1	46323133202e5138352032303131	51181	3422
lcc	1	46323133202e5138352032303132	51181	3422
lcc	1	46323133202e5235332032303133	51181	3422
lcc	1	46323133202e5237332031393838	51181	3422
lcc	1	46323133202e5333352032303033	51181	3422
lcc	1	46323133202e5333362032303032	51181	3422
lcc	1	46323133202e5333372032303039	51181	3422
lcc	1	46323133202e533338	51181	3422
lcc	1	46323133202e5334322031393931	51181	3422
lcc	1	46323133202e5334332031393930	51181	3422
lcc	1	46323133202e5336352031393935	51181	3422
lcc	1	46323133202e5336382032303131	51181	3422
lcc	1	46323133202e5338362031393639	51181	3422
lcc	1	46323133202e533836352031393837	51181	3422
lcc	1	46323133202e53392031393638	51181	3422
lcc	1	46323133202e5339362032303137	51181	3422
lcc	1	46323133202e5433372032303035	51181	3422
lcc	1	46323133202e543338	51181	3422
lcc	1	46323133202e5433392031393933	51181	3422
lcc	1	46323133202e5434382031393739	51181	3422
lcc	1	46323133202e5434392031393739	51181	3422
lcc	1	46323133202e5436382032303034	51181	3422
lcc	1	46323133202e5636352032303030	51181	3422
lcc	1	46323133202e5734392032303037	51181	3422
lcc	1	46323133202e573731332031393935	51181	3422
lcc	1	46323133202e573732	51181	3422
lcc	1	46323133202e5a34362032303134	51181	3422
lcc	1	46323133204232383231342031393931	51181	3422
lcc	1	46323133204736392031393830	51181	3422
lcc	1	4632313320533334203139383520496e646578	51181	3422
lcc	1	463231332e4131362031393836	51181	3422
lcc	1	463231332e423238322031393838	51181	3422
lcc	1	463231332e42323839332031393938	51181	3422
lcc	1	463231332e4236382031393933	51181	3422
lcc	1	463231332e423735372032303033	51181	3422
lcc	1	463231332e4332362031393839	51181	3422
lcc	1	463231332e4333342031393931	51181	3422
lcc	1	463231332e4333342031393934	51181	3422
lcc	1	463231332e433436204b36352032303232	51181	3422
lcc	1	463231332e4334364b36352032303232	51181	3422
lcc	1	463231332e4335383520313936386562	51181	3422
lcc	1	463231332e4336332031393939	51181	3422
lcc	1	463231332e4336382032303030	51181	3422
lcc	1	463231332e4337362032303133	51181	3422
lcc	1	463231332e4337382032303039	51181	3422
lcc	1	463231332e443333205336332031393831	51181	3422
lcc	1	463231332e4433335336332031393831	51181	3422
lcc	1	463231332e453138	51181	3422
lcc	1	463231332e4533342032303032	51181	3422
lcc	1	463231332e45333420323030326562	51181	3422
lcc	1	463231332e45343831332032303136	51181	3422
lcc	1	463231332e453533352032303135	51181	3422
lcc	1	463231332e4537352031393938	51181	3422
lcc	1	463231332e4635332032303130	51181	3422
lcc	1	463231332e4637352032303032	51181	3422
lcc	1	463231332e4734382032303034	51181	3422
lcc	1	463231332e4737322031393936	51181	3422
lcc	1	463231332e473733	51181	3422
lcc	1	463231332e473739332031393936	51181	3422
lcc	1	463231332e4738362032303035	51181	3422
lcc	1	463231332e483736382032303139	51181	3422
lcc	1	463231332e483736382032303230	51181	3422
lcc	1	463231332e4938352031393938	51181	3422
lcc	1	463231332e4b33352031393937	51181	3422
lcc	1	463231332e4b37332032303033	51181	3422
lcc	1	463231332e4b383320323031336562	51181	3422
lcc	1	463231332e4d33352031393935	51181	3422
lcc	1	463231332e4d33362031393934	51181	3422
lcc	1	463231332e4d3337382032303032	51181	3422
lcc	1	463231332e4f35332031393936	51181	3422
lcc	1	463231332e5034372032303039	51181	3422
lcc	1	463231332e5036362032303037	51181	3422
lcc	1	463231332e5138352032303131	51181	3422
lcc	1	463231332e5138352032303134	51181	3422
lcc	1	463231332e5233384333362031393933	51181	3422
lcc	1	463231332e5235332032303039	51181	3422
lcc	1	463231332e5235332032303133	51181	3422
lcc	1	463231332e52383320313936386562	51181	3422
lcc	1	463231332e5333352032303033	51181	3422
lcc	1	463231332e5333372032303039	51181	3422
lcc	1	463231332e5334322031393931	51181	3422
lcc	1	463231332e5338342031393939	51181	3422
lcc	1	463231332e533836352031393837	51181	3422
lcc	1	463231332e533932	51181	3422
lcc	1	463231332e5339362032303137	51181	3422
lcc	1	463231332e5433372032303035	51181	3422
lcc	1	463231332e5433392031393933	51181	3422
lcc	1	463231332e5434342031393930	51181	3422
lcc	1	463231332e5436382032303034	51181	3422
lcc	1	463231332e5733382032303038	51181	3422
lcc	1	463231332e573731332031393935	51181	3422
lcc	1	463231332e573935372032303031	51181	3422
lcc	1	463231332e5a34362032303133	51181	3422
lcc	1	463231332e5a343620323031346562	51181	3422
lcc	1	46323135202e4133332031393931	51182	3422
lcc	1	46323135202e413338	51182	3422
lcc	1	46323135202e4134332032303138	51182	3422
lcc	1	46323135202e4139342031393932	51182	3422
lcc	1	46323135202e4139342032303037	51182	3422
lcc	1	46323135202e41393420323030376562	51182	3422
lcc	1	46323135202e4232342032303037	51182	3422
lcc	1	46323135202e4235352031393933	51182	3422
lcc	1	46323135202e4235352032303036	51182	3422
lcc	1	46323135202e4235382032303037	51182	3422
lcc	1	46323135202e4236392031393839	51182	3422
lcc	1	46323135202e42383833352032303134	51182	3422
lcc	1	46323135202e423935362032303130	51182	3422
lcc	1	46323135202e4332372031393730	51182	3422
lcc	1	46323135202e4332372031393833	51182	3422
lcc	1	46323135202e4332372032303031	51182	3422
lcc	1	46323135202e4336322031393830	51182	3422
lcc	1	46323135202e4336362031393939	51182	3422
lcc	1	46323135202e433834	51182	3422
lcc	1	46323135202e4338342031393334	51182	3422
lcc	1	46323135202e4338342031393730	51182	3422
lcc	1	46323135202e433838352032303134	51182	3422
lcc	1	46323135202e4431332031393639	51182	3422
lcc	1	46323135202e443334352031393639	51182	3422
lcc	1	46323135202e443734	51182	3422
lcc	1	46323135202e4437342031393039	51182	3422
lcc	1	46323135202e4437352032303134	51182	3422
lcc	1	46323135202e453435	51182	3422
lcc	1	46323135202e4539342031393735	51182	3422
lcc	1	46323135202e46342031393732	51182	3422
lcc	1	46323135202e463432392032303135	51182	3422
lcc	1	46323135202e4634332032303133	51182	3422
lcc	1	46323135202e463434	51182	3422
lcc	1	46323135202e4634352031393730	51182	3422
lcc	1	46323135202e463639342031393837	51182	3422
lcc	1	46323135202e4737332031393639	51182	3422
lcc	1	46323135202e4737332031393732	51182	3422
lcc	1	46323135202e473734	51182	3422
lcc	1	46323135202e4737342032303033	51182	3422
lcc	1	46323135202e4737342032303037	51182	3422
lcc	1	46323135202e4737352031393934	51182	3422
lcc	1	46323135202e4737352032303031	51182	3422
lcc	1	46323135202e4737362031393835	51182	3422
lcc	1	46323135202e4738362031393831	51182	3422
lcc	1	46323135202e4831382031393939	51182	3422
lcc	1	46323135202e48323920323030316562	51182	3422
lcc	1	46323135202e4833322031393639	51182	3422
lcc	1	46323135202e483433	51182	3422
lcc	1	46323135202e483635	51182	3422
lcc	1	46323135202e4839332031393930	51182	3422
lcc	1	46323135202e4935382032303138	51182	3422
lcc	1	46323135202e4a38362032303030	51182	3422
lcc	1	46323135202e4b3235	51182	3422
lcc	1	46323135202e4b32352031393639	51182	3422
lcc	1	46323135202e4b33332031393931	51182	3422
lcc	1	46323135202e4b33332032303131	51182	3422
lcc	1	46323135202e4b34352031393834	51182	3422
lcc	1	46323135202e4b35322031393732	51182	3422
lcc	1	46323135202e4c352031393937	51182	3422
lcc	1	46323135202e4c38362031393731	51182	3422
lcc	1	46323135202e4c38362031393831	51182	3422
lcc	1	46323135202e4c38362031393932	51182	3422
lcc	1	46323135202e4d3132	51182	3422
lcc	1	46323135202e4d34392031393932	51182	3422
lcc	1	46323135202e4d36372031393639	51182	3422
lcc	1	46323135202e4d3838	51182	3422
lcc	1	46323135202e4d39372031393639	51182	3422
lcc	1	46323135202e4e34392031393834	51182	3422
lcc	1	46323135202e4e3439352032303038	51182	3422
lcc	1	46323135202e4f3237	51182	3422
lcc	1	46323135202e4f3238352031393730	51182	3422
lcc	1	46323135202e5031332031393730	51182	3422
lcc	1	46323135202e5035362031393936	51182	3422
lcc	1	46323135202e503636	51182	3422
lcc	1	46323135202e523132352031393931	51182	3422
lcc	1	46323135202e523132382031393934	51182	3422
lcc	1	46323135202e5231332031393839	51182	3422
lcc	1	46323135202e523432352032303138	51182	3422
lcc	1	46323135202e5234332031393832	51182	3422
lcc	1	46323135202e5235382032303137	51182	3422
lcc	1	46323135202e5333342031393932	51182	3422
lcc	1	46323135202e5333342032303135	51182	3422
lcc	1	46323135202e5336332031393838	51182	3422
lcc	1	46323135202e533636	51182	3422
lcc	1	46323135202e533839203139373362	51182	3422
lcc	1	46323135202e5434372031393737	51182	3422
lcc	1	46323135202e54353933	51182	3422
lcc	1	46323135202e5732372032303035	51182	3422
lcc	1	46323135202e57342031393839	51182	3422
lcc	1	46323135202e5735342032303031	51182	3422
lcc	1	46323135202e5738352032303033	51182	3422
lcc	1	46323135202f2e573237	51182	3422
lcc	1	463231352e322e443539332031393936	51182	3422
lcc	1	463231352e4133332031393931	51182	3422
lcc	1	463231352e413338	51182	3422
lcc	1	463231352e41342031393938	51182	3422
lcc	1	463231352e4134332032303138	51182	3422
lcc	1	463231352e4135352044392031393736	51182	3422
lcc	1	463231352e4135352e44392031393736	51182	3422
lcc	1	463231352e4139342031393932	51182	3422
lcc	1	463231352e413934332031393935	51182	3422
lcc	1	463231352e42203935362032303130	51182	3422
lcc	1	463231352e4232342032303037	51182	3422
lcc	1	463231352e4232392031393938	51182	3422
lcc	1	463231352e4235352031393934	51182	3422
lcc	1	463231352e4235352032303036	51182	3422
lcc	1	463231352e4235382032303037	51182	3422
lcc	1	463231352e4236392031393839	51182	3422
lcc	1	463231352e42383833352032303134	51182	3422
lcc	1	463231352e423838382031393934	51182	3422
lcc	1	463231352e423935362032303130	51182	3422
lcc	1	463231352e4332372031393833	51182	3422
lcc	1	463231352e4332372032303031	51182	3422
lcc	1	463231352e4335382031393835	51182	3422
lcc	1	463231352e43362031393634	51182	3422
lcc	1	463231352e4336362031393939	51182	3422
lcc	1	463231352e4337352032303130	51182	3422
lcc	1	463231352e433838352032303134	51182	3422
lcc	1	463231352e44323537	51182	3422
lcc	1	463231352e4437352032303134	51182	3422
lcc	1	463231352e463432392032303135	51182	3422
lcc	1	463231352e4634332032303133	51182	3422
lcc	1	463231352e463639342031393837	51182	3422
lcc	1	463231352e46363934342032303234	51182	3422
lcc	1	463231352e4732332032303035	51182	3422
lcc	1	463231352e4732342032303233	51182	3422
lcc	1	463231352e473733372031393932	51182	3422
lcc	1	463231352e4737352031393934	51182	3422
lcc	1	463231352e4737352032303031	51182	3422
lcc	1	463231352e4737362031393835	51182	3422
lcc	1	463231352e4831382031393938	51182	3422
lcc	1	463231352e48322031393936	51182	3422
lcc	1	463231352e483332	51182	3422
lcc	1	463231352e4839332031393930	51182	3422
lcc	1	463231352e4a38362032303030	51182	3422
lcc	1	463231352e4b32352031393639	51182	3422
lcc	1	463231352e4b33332031393931	51182	3422
lcc	1	463231352e4b33332032303131	51182	3422
lcc	1	463231352e4b34352031393834	51182	3422
lcc	1	463231352e4b3537	51182	3422
lcc	1	463231352e4b38372031393836	51182	3422
lcc	1	463231352e4c3536	51182	3422
lcc	1	463231352e4c3836	51182	3422
lcc	1	463231352e4c38362031393831	51182	3422
lcc	1	463231352e4c38362031393932	51182	3422
lcc	1	463231352e4d32352032303037	51182	3422
lcc	1	463231352e4d34392031393932	51182	3422
lcc	1	463231352e4d39352032303138	51182	3422
lcc	1	463231352e4e34392031393834	51182	3422
lcc	1	463231352e4e3439352032303037	51182	3422
lcc	1	463231352e4e3539205334382031393836	51182	3422
lcc	1	463231352e4e35395334382031393836	51182	3422
lcc	1	463231352e4f38362031393939	51182	3422
lcc	1	463231352e4f38372031393930	51182	3422
lcc	1	463231352e4f39363320313939306562	51182	3422
lcc	1	463231352e5035362031393936	51182	3422
lcc	1	463231352e523132382031393934	51182	3422
lcc	1	463231352e5231332031393839	51182	3422
lcc	1	463231352e5235362032303132	51182	3422
lcc	1	463231352e5235382032303137	51182	3422
lcc	1	463231352e5333342031393932	51182	3422
lcc	1	463231352e5335363420313938326562	51182	3422
lcc	1	463231352e5336332031393838	51182	3422
lcc	1	463231352e533638362032303031	51182	3422
lcc	1	463231352e543539	51182	3422
lcc	1	463231352e5735	51182	3422
lcc	1	463231352e5738352031393731	51182	3422
lcc	1	463231352e5738352032303033	51182	3422
lcc	1	46323136202e4135362032303034	51182	3422
lcc	1	46323136202e4136362032303035	51182	3422
lcc	1	46323136202e4139342031393639	51182	3422
lcc	1	46323136202e4139342031393730	51182	3422
lcc	1	46323136202e4233382032303138	51182	3422
lcc	1	46323136202e423437	51182	3422
lcc	1	46323136202e4335362031393734	51182	3422
lcc	1	46323136202e4336	51182	3422
lcc	1	46323136202e44342031393836	51182	3422
lcc	1	46323136202e44342032303130	51182	3422
lcc	1	46323136202e4737332032303136	51182	3422
lcc	1	46323136202e4e36342032303231	51182	3422
lcc	1	46323136202e4f32372032303035	51182	3422
lcc	1	46323136202e4f32372032303037	51182	3422
lcc	1	46323136202e5034372031393834	51182	3422
lcc	1	46323136202e5336392032303034	51182	3422
lcc	1	46323136202e54383632342032303036	51182	3422
lcc	1	46323136202e543836332031393730	51182	3422
lcc	1	463231362e32202e413234332032303138	51183	3422
lcc	1	463231362e32202e4134352031393836	51183	3422
lcc	1	463231362e32202e413435203139383662	51183	3422
lcc	1	463231362e32202e413435352032303035	51183	3422
lcc	1	463231362e32202e4134353520323030356562	51183	3422
lcc	1	463231362e32202e4136372031393937	51183	3422
lcc	1	463231362e32202e4138352032303133	51183	3422
lcc	1	463231362e32202e4139	51183	3422
lcc	1	463231362e32202e4139342032303132	51183	3422
lcc	1	463231362e32202e4139342032303133	51183	3422
lcc	1	463231362e32202e423335	51183	3422
lcc	1	463231362e32202e4233372031393939	51183	3422
lcc	1	463231362e32202e4233382032303130	51183	3422
lcc	1	463231362e32202e423339	51183	3422
lcc	1	463231362e32202e4233392031393935	51183	3422
lcc	1	463231362e32202e423339332031393838	51183	3422
lcc	1	463231362e32202e423339332031393933	51183	3422
lcc	1	463231362e32202e4234382032303032	51183	3422
lcc	1	463231362e32202e4234392032303030	51183	3422
lcc	1	463231362e32202e4237352031393933	51183	3422
lcc	1	463231362e32202e4237362031393932	51183	3422
lcc	1	463231362e32202e4237372031393939	51183	3422
lcc	1	463231362e32202e423739	51183	3422
lcc	1	463231362e32202e4237392032303130	51183	3422
lcc	1	463231362e32202e423739332032303235	51183	3422
lcc	1	463231362e32202e4238352031393938	51183	3422
lcc	1	463231362e32202e4238352032303139	51183	3422
lcc	1	463231362e32202e4335372032303131	51183	3422
lcc	1	463231362e32202e433538342032303036	51183	3422
lcc	1	463231362e32202e433538352032303034	51183	3422
lcc	1	463231362e32202e4335392031393838	51183	3422
lcc	1	463231362e32202e433632	51183	3422
lcc	1	463231362e32202e4337352032303134	51183	3422
lcc	1	463231362e32202e4433372032303039	51183	3422
lcc	1	463231362e32202e4434332032303032	51183	3422
lcc	1	463231362e32202e4434372032303034	51183	3422
lcc	1	463231362e32202e4435372031393930	51183	3422
lcc	1	463231362e32202e4435392031393833	51183	3422
lcc	1	463231362e32202e443539332031393936	51183	3422
lcc	1	463231362e32202e4535382032303039	51183	3422
lcc	1	463231362e32202e4637203139383062	51183	3422
lcc	1	463231362e32202e4638382031393931	51183	3422
lcc	1	463231362e32202e4735342032303036	51183	3422
lcc	1	463231362e32202e4736372032303030	51183	3422
lcc	1	463231362e32202e47372032303030	51183	3422
lcc	1	463231362e32202e4737332031393832	51183	3422
lcc	1	463231362e32202e4737362032303031	51183	3422
lcc	1	463231362e32202e4833362031393933	51183	3422
lcc	1	463231362e32202e4834372032303134	51183	3422
lcc	1	463231362e32202e4a33342031393934	51183	3422
lcc	1	463231362e32202e4a33342032303134	51183	3422
lcc	1	463231362e32202e4a3633352032303137	51183	3422
lcc	1	463231362e32202e4b33382032303036	51183	3422
lcc	1	463231362e32202e4b34392032303136	51183	3422
lcc	1	463231362e32202e4b3534	51183	3422
lcc	1	463231362e32202e4b35342031393835	51183	3422
lcc	1	463231362e32202e4b35362031393933	51183	3422
lcc	1	463231362e32202e4b36372032303033	51183	3422
lcc	1	463231362e32202e4c33352031393834	51183	3422
lcc	1	463231362e32202e4c33352031393838	51183	3422
lcc	1	463231362e32202e4c33352031393930	51183	3422
lcc	1	463231362e32202e4c33372032303036	51183	3422
lcc	1	463231362e32202e4c36362032303036	51183	3422
lcc	1	463231362e32202e4d34322032303139	51183	3422
lcc	1	463231362e32202e4d35332031393939	51183	3422
lcc	1	463231362e32202e4d35332032303135	51183	3422
lcc	1	463231362e32202e4d3837	51183	3422
lcc	1	463231362e32202e4e33352031393839	51183	3422
lcc	1	463231362e32202e4e33352031393930	51183	3422
lcc	1	463231362e32202e4e3437203230303620766f6c2e203234	51183	3422
lcc	1	463231362e32202e4e34392031393938	51183	3422
lcc	1	463231362e32202e4e34392032303033	51183	3422
lcc	1	463231362e32202e4e34392032303037	51183	3422
lcc	1	463231362e32202e4e34392032303039	51183	3422
lcc	1	463231362e32202e4e34392032303130	51183	3422
lcc	1	463231362e32202e4e34392032303134	51183	3422
lcc	1	463231362e32202e4e34392032303138	51183	3422
lcc	1	463231362e32202e4f35342032303132	51183	3422
lcc	1	463231362e32202e4f39342032303132	51183	3422
lcc	1	463231362e32202e4f39372031393739	51183	3422
lcc	1	463231362e32202e5033352032303131	51183	3422
lcc	1	463231362e32202e5034372032303232	51183	3422
lcc	1	463231362e32202e5037332031393939	51183	3422
lcc	1	463231362e32202e5037342031393838	51183	3422
lcc	1	463231362e32202e523431392032303033	51183	3422
lcc	1	463231362e32202e52343139342032303138	51183	3422
lcc	1	463231362e32202e5234322031393933	51183	3422
lcc	1	463231362e32202e5234322031393934	51183	3422
lcc	1	463231362e32202e523433352031393836	51183	3422
lcc	1	463231362e32202e523537	51183	3422
lcc	1	463231362e32202e52353720766f6c2e2032	51183	3422
lcc	1	463231362e32202e523634	51183	3422
lcc	1	463231362e32202e5236342031393736	51183	3422
lcc	1	463231362e32202e5238372031393938	51183	3422
lcc	1	463231362e32202e5332362032303032	51183	3422
lcc	1	463231362e32202e53342031393933	51183	3422
lcc	1	463231362e32202e5334342031393835	51183	3422
lcc	1	463231362e32202e533536342032303031	51183	3422
lcc	1	463231362e32202e533536352031393835	51183	3422
lcc	1	463231362e32202e533631372032303033	51183	3422
lcc	1	463231362e32202e5336342031393939	51183	3422
lcc	1	463231362e32202e5336342032303130	51183	3422
lcc	1	463231362e32202e5336352032303033	51183	3422
lcc	1	463231362e32202e5337342031393930	51183	3422
lcc	1	463231362e32202e5337382032303132	51183	3422
lcc	1	463231362e32202e5339323433206e6f2e203336	51183	3422
lcc	1	463231362e32202e5433392032303031	51183	3422
lcc	1	463231362e32202e5434352032303135	51183	3422
lcc	1	463231362e32202e543435203230313562	51183	3422
lcc	1	463231362e32202e54343520323031356562	51183	3422
lcc	1	463231362e32202e5434362032303132	51183	3422
lcc	1	463231362e32202e5434382032303030	51183	3422
lcc	1	463231362e32202e5436362031393931	51183	3422
lcc	1	463231362e32202e5438342032303131	51183	3422
lcc	1	463231362e32202e543835	51183	3422
lcc	1	463231362e32202e5536352032303131	51183	3422
lcc	1	463231362e32202e573439	51183	3422
lcc	1	463231362e32202e5735342031393733	51183	3422
lcc	1	463231362e32202e5735352032303031	51183	3422
lcc	1	463231362e32202e5735352032303032	51183	3422
lcc	1	463231362e32202e5936	51183	3422
lcc	1	463231362e32202e5936382031393939	51183	3422
lcc	1	463231362e32202e5936382032303030	51183	3422
lcc	1	463231362e32202e5936382032303032	51183	3422
lcc	1	463231362e32204b34372031393839	51183	3422
lcc	1	463231362e32204e34392032303036	51183	3422
lcc	1	463231362e322e4132342032303138	51183	3422
lcc	1	463231362e322e413435352032303035	51183	3422
lcc	1	463231362e322e4135332031393935	51183	3422
lcc	1	463231362e322e4136372031393937	51183	3422
lcc	1	463231362e322e4139342032303132	51183	3422
lcc	1	463231362e322e423337203139393962	51183	3422
lcc	1	463231362e322e4233382032303130	51183	3422
lcc	1	463231362e322e4233392031393935	51183	3422
lcc	1	463231362e322e423339332031393838	51183	3422
lcc	1	463231362e322e4234392032303030	51183	3422
lcc	1	463231362e322e4237204434342031393939	51183	3422
lcc	1	463231362e322e423736332032303130	51183	3422
lcc	1	463231362e322e4333362031393839	51183	3422
lcc	1	463231362e322e4335372032303130	51183	3422
lcc	1	463231362e322e4335372032303131	51183	3422
lcc	1	463231362e322e433538	51183	3422
lcc	1	463231362e322e433538352032303034	51183	3422
lcc	1	463231362e322e4335392031393838	51183	3422
lcc	1	463231362e322e4433372032303039	51183	3422
lcc	1	463231362e322e4435372031393930	51183	3422
lcc	1	463231362e322e4435372032303132	51183	3422
lcc	1	463231362e322e4533362031393931	51183	3422
lcc	1	463231362e322e4637	51183	3422
lcc	1	463231362e322e4637342032303031	51183	3422
lcc	1	463231362e322e4638382031393931	51183	3422
lcc	1	463231362e322e473334332032303232	51183	3422
lcc	1	463231362e322e4736372031393732	51183	3422
lcc	1	463231362e322e4833362031393933	51183	3422
lcc	1	463231362e322e4a33342031393934	51183	3422
lcc	1	463231362e322e4a3633352032303137	51183	3422
lcc	1	463231362e322e4b3534	51183	3422
lcc	1	463231362e322e4b36372032303033	51183	3422
lcc	1	463231362e322e4c33352031393838	51183	3422
lcc	1	463231362e322e4c33352031393930	51183	3422
lcc	1	463231362e322e4c33372032303036	51183	3422
lcc	1	463231362e322e4c333720323030366562	51183	3422
lcc	1	463231362e322e4c33372032303037	51183	3422
lcc	1	463231362e322e4c36362032303036	51183	3422
lcc	1	463231362e322e4d33372032303031	51183	3422
lcc	1	463231362e322e4d34322032303138	51183	3422
lcc	1	463231362e322e4d3837	51183	3422
lcc	1	463231362e322e4e33352031393930	51183	3422
lcc	1	463231362e322e4e34392031393938	51183	3422
lcc	1	463231362e322e4e34392032303032	51183	3422
lcc	1	463231362e322e4e34392032303039	51183	3422
lcc	1	463231362e322e4e34392032303130	51183	3422
lcc	1	463231362e322e4e34392032303133	51183	3422
lcc	1	463231362e322e4e34392032303137	51183	3422
lcc	1	463231362e322e4f35342032303132	51183	3422
lcc	1	463231362e322e4f39342032303132	51183	3422
lcc	1	463231362e322e5033352032303131	51183	3422
lcc	1	463231362e322e5037342031393838	51183	3422
lcc	1	463231362e322e523431372031393935	51183	3422
lcc	1	463231362e322e52343139342032303138	51183	3422
lcc	1	463231362e322e5234322031393933	51183	3422
lcc	1	463231362e322e5234322031393934	51183	3422
lcc	1	463231362e322e5236342031393736	51183	3422
lcc	1	463231362e322e52363420313937366562	51183	3422
lcc	1	463231362e322e5238372031393938	51183	3422
lcc	1	463231362e322e5334362032303036	51183	3422
lcc	1	463231362e322e5334362032303039	51183	3422
lcc	1	463231362e322e533631372032303033	51183	3422
lcc	1	463231362e322e5336342031393939	51183	3422
lcc	1	463231362e322e5336352032303033	51183	3422
lcc	1	463231362e322e5337342031393930	51183	3422
lcc	1	463231362e322e5433392032303030	51183	3422
lcc	1	463231362e322e5433392032303031	51183	3422
lcc	1	463231362e322e5434352032303135	51183	3422
lcc	1	463231362e322e5434362032303132	51183	3422
lcc	1	463231362e322e5434372032303133	51183	3422
lcc	1	463231362e322e5434382032303030	51183	3422
lcc	1	463231362e322e5436362031393931	51183	3422
lcc	1	463231362e322e5438342032303131	51183	3422
lcc	1	463231362e322e5536352032303131	51183	3422
lcc	1	463231362e322e5734342032303034	51183	3422
lcc	1	463231362e322e5936382032303032	51183	3422
lcc	1	463231362e324e34392032303036	51183	3422
lcc	1	463231362e4135362032303034	51182	3422
lcc	1	463231362e4136362032303035	51182	3422
lcc	1	463231362e4138352032303032	51182	3422
lcc	1	463231362e4138352032303034	51182	3422
lcc	1	463231362e4233382032303138	51182	3422
lcc	1	463231362e4335332031393939	51182	3422
lcc	1	463231362e44342032303130	51182	3422
lcc	1	463231362e4634372031393938	51182	3422
lcc	1	463231362e4736362032303031	51182	3422
lcc	1	463231362e4736362032303231	51182	3422
lcc	1	463231362e4737332031393833	51182	3422
lcc	1	463231362e4e36342032303231	51182	3422
lcc	1	463231362e503437	51182	3422
lcc	1	463231362e5034372031393834	51182	3422
lcc	1	463231362e5336392032303034	51182	3422
lcc	1	463231362e54383632342032303036	51182	3422
lcc	1	46323239202e4132342031393931	50986	3475
lcc	1	46323239202e41332032303031	50986	3475
lcc	1	46323239202e413837352032303037	50986	3475
lcc	1	46323239202e4138382032303032	50986	3475
lcc	1	46323239202e4231352031393932	50986	3475
lcc	1	46323239202e423137	50986	3475
lcc	1	46323239202e4233342032303036	50986	3475
lcc	1	46323239202e4234342032303133	50986	3475
lcc	1	46323239202e4234352032303036	50986	3475
lcc	1	46323239202e423539332032303133	50986	3475
lcc	1	46323239202e423631332031393836	50986	3475
lcc	1	46323239202e42363135	50986	3475
lcc	1	46323239202e42363139332032303134	50986	3475
lcc	1	46323239202e4236313935	50986	3475
lcc	1	46323239202e4236382031393930	50986	3475
lcc	1	46323239202e4237342031393932	50986	3475
lcc	1	46323239202e42382031393835	50986	3475
lcc	1	46323239202e42382032303031	50986	3475
lcc	1	46323239202e4238332031393837	50986	3475
lcc	1	46323239202e423834362031393837	50986	3475
lcc	1	46323239202e4239352031393732	50986	3475
lcc	1	46323239202e423936382031393637	50986	3475
lcc	1	46323239202e423936382032303133	50986	3475
lcc	1	46323239202e423937322031393730	50986	3475
lcc	1	46323239202e423937382031393837	50986	3475
lcc	1	46323239202e4332392031393837	50986	3475
lcc	1	46323239202e43323933	50986	3475
lcc	1	46323239202e4334332032303134	50986	3475
lcc	1	46323239202e4337332031393935	50986	3475
lcc	1	46323239202e43383937	50986	3475
lcc	1	46323239202e433839372031393737	50986	3475
lcc	1	46323239202e4339332031393831	50986	3475
lcc	1	46323239202e4339342031393733	50986	3475
lcc	1	46323239202e4339362032303132	50986	3475
lcc	1	46323239202e4433332032303034	50986	3475
lcc	1	46323239202e443334322031393730	50986	3475
lcc	1	46323239202e4433372031393831	50986	3475
lcc	1	46323239202e44352031393730	50986	3475
lcc	1	46323239202e4437	50986	3475
lcc	1	46323239202e4439342031393739	50986	3475
lcc	1	46323239202e4531382031393736	50986	3475
lcc	1	46323239202e4531392032303131	50986	3475
lcc	1	46323239202e4534	50986	3475
lcc	1	46323239202e45392032303039	50986	3475
lcc	1	46323239202e4539322031393834	50986	3475
lcc	1	46323239202e4633372031393933	50986	3475
lcc	1	46323239202e4635332031393933	50986	3475
lcc	1	46323239202e463533342032303030	50986	3475
lcc	1	46323239202e463536	50986	3475
lcc	1	46323239202e4636363135	50986	3475
lcc	1	46323239202e463735352031393836	50986	3475
lcc	1	46323239202e4638342032303231	50986	3475
lcc	1	46323239202e4638352032303137	50986	3475
lcc	1	46323239202e4731332032303136	50986	3475
lcc	1	46323239202e473138	50986	3475
lcc	1	46323239202e4732382031393934	50986	3475
lcc	1	46323239202e4734362031393832	50986	3475
lcc	1	46323239202e4734362031393934	50986	3475
lcc	1	46323239202e4734392031393839	50986	3475
lcc	1	46323239202e4735	50986	3475
lcc	1	46323239202e4737382031393730	50986	3475
lcc	1	46323239202e4738382031393730	50986	3475
lcc	1	46323239202e4738392031393933	50986	3475
lcc	1	46323239202e4832372031393732	50986	3475
lcc	1	46323239202e48323731352031393932	50986	3475
lcc	1	46323239202e48323731382032303134	50986	3475
lcc	1	46323239202e48323733352032303038	50986	3475
lcc	1	46323239202e483237342032303034	50986	3475
lcc	1	46323239202e4832383039	50986	3475
lcc	1	46323239202e483239372031393732	50986	3475
lcc	1	46323239202e4833372032303137	50986	3475
lcc	1	46323239202e4833382031393537	50986	3475
lcc	1	46323239202e483531352032303135	50986	3475
lcc	1	46323239202e48353720323031306562	50986	3475
lcc	1	46323239202e48382031393839	50986	3475
lcc	1	46323239202e4838362032303032	50986	3475
lcc	1	46323239202e4839332031393836	50986	3475
lcc	1	46323239202e49382031393838	50986	3475
lcc	1	46323239202e49382031393939	50986	3475
lcc	1	46323239202e4938332031393837	50986	3475
lcc	1	46323239202e4a36352031393833	50986	3475
lcc	1	46323239202e4a3638362031393731	50986	3475
lcc	1	46323239202e4b32362032303033	50986	3475
lcc	1	46323239202e4b3238	50986	3475
lcc	1	46323239202e4b32382031393732	50986	3475
lcc	1	46323239202e4b34342032303034	50986	3475
lcc	1	46323239202e4b34392031393930	50986	3475
lcc	1	46323239202e4b38372031393839	50986	3475
lcc	1	46323239202e4b38382032303139	50986	3475
lcc	1	46323239202e4b392031393834	50986	3475
lcc	1	46323239202e4b392032303037	50986	3475
lcc	1	46323239202e4c33372031393932	50986	3475
lcc	1	46323239202e4c33392032303138	50986	3475
lcc	1	46323239202e4c35332032303135	50986	3475
lcc	1	46323239202e4c3635392032303038	50986	3475
lcc	1	46323239202e4c36362032303036	50986	3475
lcc	1	46323239202e4c39362032303034	50986	3475
lcc	1	46323239202e4d3135352032303037	50986	3475
lcc	1	46323239202e4d32382031393734	50986	3475
lcc	1	46323239202e4d32382031393837	50986	3475
lcc	1	46323239202e4d32382032303036	50986	3475
lcc	1	46323239202e4d36342031393833	50986	3475
lcc	1	46323239202e4d3634392032303037	50986	3475
lcc	1	46323239202e4d36352032303030	50986	3475
lcc	1	46323239202e4d36352032303031	50986	3475
lcc	1	46323239202e4d3734352032303037	50986	3475
lcc	1	46323239202e4e34332031393736	50986	3475
lcc	1	46323239202e4e3434	50986	3475
lcc	1	46323239202e4e3438204436362032303133	50986	3475
lcc	1	46323239202e4e3438205336382032303133	50986	3475
lcc	1	46323239202e4e35332032303037	50986	3475
lcc	1	46323239202e4e35392032303037	50986	3475
lcc	1	46323239202e4e38332031393934	50986	3475
lcc	1	46323239202e4e38342031393934	50986	3475
lcc	1	46323239202e4e38342031393937	50986	3475
lcc	1	46323239202e4e3839342032303030	50986	3475
lcc	1	46323239202e4f3433	50986	3475
lcc	1	46323239202e4f34332032303037	50986	3475
lcc	1	46323239202e5034372031393930	50986	3475
lcc	1	46323239202e5035362032303034	50986	3475
lcc	1	46323239202e5037382032303034	50986	3475
lcc	1	46323239202e503738332032303035	50986	3475
lcc	1	46323239202e5038382032303138	50986	3475
lcc	1	46323239202e503936332032303131	50986	3475
lcc	1	46323239202e503936342032303032	50986	3475
lcc	1	46323239202e5135362031393834	50986	3475
lcc	1	46323239202e523138352031393730	50986	3475
lcc	1	46323239202e5233362031393939	50986	3475
lcc	1	46323239202e5234332032303136	50986	3475
lcc	1	46323239202e5234382032303132	50986	3475
lcc	1	46323239202e52352031393730	50986	3475
lcc	1	46323239202e5236332032303136	50986	3475
lcc	1	46323239202e52363320323031376562	50986	3475
lcc	1	46323239202e52363720323030396562	50986	3475
lcc	1	46323239202e5237362031393931	50986	3475
lcc	1	46323239202e5238322031393731	50986	3475
lcc	1	46323239202e523835	50986	3475
lcc	1	46323239202e533136	50986	3475
lcc	1	46323239202e53323434342032303039	50986	3475
lcc	1	46323239202e533234352032303135	50986	3475
lcc	1	46323239202e533234362032303230	50986	3475
lcc	1	46323239202e533533332032303136	50986	3475
lcc	1	46323239202e533533352031393835	50986	3475
lcc	1	46323239202e533534352031393839	50986	3475
lcc	1	46323239202e5335362032303132	50986	3475
lcc	1	46323239202e533733	50986	3475
lcc	1	46323239202e53373338352031393733	50986	3475
lcc	1	46323239202e5337333835203139373362	50986	3475
lcc	1	46323239202e533734362032303136	50986	3475
lcc	1	46323239202e5337343733	50986	3475
lcc	1	46323239202e53373720323031306562	50986	3475
lcc	1	46323239202e5337372032303139	50986	3475
lcc	1	46323239202e53373736	50986	3475
lcc	1	46323239202e533737362031393930	50986	3475
lcc	1	46323239202e533839372031393731	50986	3475
lcc	1	46323239202e543434392031393939	50986	3475
lcc	1	46323239202e5435382031393931	50986	3475
lcc	1	46323239202e5435392032303030	50986	3475
lcc	1	46323239202e543836	50986	3475
lcc	1	46323239202e543936	50986	3475
lcc	1	46323239202e54393931	50986	3475
lcc	1	46323239202e563532332031393739	50986	3475
lcc	1	46323239202e5635372031393935	50986	3475
lcc	1	46323239202e563739382031393731	50986	3475
lcc	1	46323239202e563831372031393733	50986	3475
lcc	1	46323239202e563833352032303139	50986	3475
lcc	1	46323239202e5639342031393631	50986	3475
lcc	1	46323239202e5732362031393835	50986	3475
lcc	1	46323239202e5732382031393732	50986	3475
lcc	1	46323239202e5733362031393834	50986	3475
lcc	1	46323239202e5733362031393835	50986	3475
lcc	1	46323239202e573439362032303035	50986	3475
lcc	1	46323239202e573537372032303036	50986	3475
lcc	1	46323239202e5736342032303035	50986	3475
lcc	1	46323239202e5736362032303036	50986	3475
lcc	1	46323239202e5736372031393839	50986	3475
lcc	1	46323239202e5738342032303035	50986	3475
lcc	1	46323239202e5935372032303033	50986	3475
lcc	1	4632323920573720766f6c2e203130	50986	3475
lcc	1	463232392e41332032303031	50986	3475
lcc	1	463232392e413733204a3433	50986	3475
lcc	1	463232392e413837352032303037	50986	3475
lcc	1	463232392e4138382032303032	50986	3475
lcc	1	463232392e4233342032303035	50986	3475
lcc	1	463232392e4234352032303036	50986	3475
lcc	1	463232392e423533204235352032303034	50986	3475
lcc	1	463232392e4235335036392032303031	50986	3475
lcc	1	463232392e423539332032303133	50986	3475
lcc	1	463232392e423539332032303138	50986	3475
lcc	1	463232392e4236382031393930	50986	3475
lcc	1	463232392e42383738332031393936	50986	3475
lcc	1	463232392e423936382031393837	50986	3475
lcc	1	463232392e423936382032303133	50986	3475
lcc	1	463232392e423936382032303137	50986	3475
lcc	1	463232392e423937382031393837	50986	3475
lcc	1	463232392e42393832205037342031393933	50986	3475
lcc	1	463232392e4332392031393837	50986	3475
lcc	1	463232392e433332	50986	3475
lcc	1	463232392e433332204938332032303034	50986	3475
lcc	1	463232392e4333324938332032303034	50986	3475
lcc	1	463232392e433334204237362032303031	50986	3475
lcc	1	463232392e433334204c3438352032303035	50986	3475
lcc	1	463232392e433334204d36	50986	3475
lcc	1	463232392e4333342e41342031393730	50986	3475
lcc	1	463232392e4333344c34382032303035	50986	3475
lcc	1	463232392e4333344c3438352032303035	50986	3475
lcc	1	463232392e4334332032303134	50986	3475
lcc	1	463232392e43353932352032303139	50986	3475
lcc	1	463232392e4336362032303030	50986	3475
lcc	1	463232392e4336372031393939	50986	3475
lcc	1	463232392e43383937	50986	3475
lcc	1	463232392e433839372031393737	50986	3475
lcc	1	463232392e4339362032303132	50986	3475
lcc	1	463232392e443135205332382032303035	50986	3475
lcc	1	463232392e4433332032303033	50986	3475
lcc	1	463232392e4435382031393937	50986	3475
lcc	1	463232392e4436352032303031	50986	3475
lcc	1	463232392e4437342032303132	50986	3475
lcc	1	463232392e443839204433382032303133	50986	3475
lcc	1	463232392e4438394433382032303133	50986	3475
lcc	1	463232392e4531392032303131	50986	3475
lcc	1	463232392e45392032303039	50986	3475
lcc	1	463232392e463533342032303030	50986	3475
lcc	1	463232392e4635362046343320323030386562	50986	3475
lcc	1	463232392e463538205734372032303031	50986	3475
lcc	1	463232392e4636363135	50986	3475
lcc	1	463232392e463735352031393836	50986	3475
lcc	1	463232392e4637382032303034	50986	3475
lcc	1	463232392e4638352032303137	50986	3475
lcc	1	463232392e4731332032303136	50986	3475
lcc	1	463232392e4735	50986	3475
lcc	1	463232392e4735333220423334	50986	3475
lcc	1	463232392e4738392031393933	50986	3475
lcc	1	463232392e483237342032303034	50986	3475
lcc	1	463232392e483520483337	50986	3475
lcc	1	463232392e4837332031393837	50986	3475
lcc	1	463232392e483833204235352031393931	50986	3475
lcc	1	463232392e4838334235352031393931	50986	3475
lcc	1	463232392e4838342031393931	50986	3475
lcc	1	463232392e4839332031393836	50986	3475
lcc	1	463232392e49382031393838	50986	3475
lcc	1	463232392e49382031393939	50986	3475
lcc	1	463232392e4938332031393837	50986	3475
lcc	1	463232392e4a38322032303138	50986	3475
lcc	1	463232392e4a38382032303230	50986	3475
lcc	1	463232392e4b33352032303233	50986	3475
lcc	1	463232392e4b34342032303034	50986	3475
lcc	1	463232392e4b37352031393938	50986	3475
lcc	1	463232392e4b38382032303139	50986	3475
lcc	1	463232392e4b392031393834	50986	3475
lcc	1	463232392e4b392032303037	50986	3475
lcc	1	463232392e4c33392032303138	50986	3475
lcc	1	463232392e4c35332032303135	50986	3475
lcc	1	463232392e4c3635352032303137	50986	3475
lcc	1	463232392e4d3135352032303037	50986	3475
lcc	1	463232392e4d31382032303134	50986	3475
lcc	1	463232392e4d32382031393837	50986	3475
lcc	1	463232392e4d3634342032303036	50986	3475
lcc	1	463232392e4d3634352032303036	50986	3475
lcc	1	463232392e4d3634392032303037	50986	3475
lcc	1	463232392e4d3734352032303037	50986	3475
lcc	1	463232392e4e35392032303037	50986	3475
lcc	1	463232392e4e38332031393934	50986	3475
lcc	1	463232392e4e38342031393937	50986	3475
lcc	1	463232392e4f3433	50986	3475
lcc	1	463232392e4f34332032303037	50986	3475
lcc	1	463232392e503237204d35352031393839	50986	3475
lcc	1	463232392e5032374d35352031393839	50986	3475
lcc	1	463232392e5034372031393930	50986	3475
lcc	1	463232392e5035362032303034	50986	3475
lcc	1	463232392e503738332032303035	50986	3475
lcc	1	463232392e5038382032303139	50986	3475
lcc	1	463232392e503936332032303131	50986	3475
lcc	1	463232392e5135352031393834	50986	3475
lcc	1	463232392e5135362031393835	50986	3475
lcc	1	463232392e523335205234	50986	3475
lcc	1	463232392e5234332032303136	50986	3475
lcc	1	463232392e5234382032303132	50986	3475
lcc	1	463232392e5236372032303039	50986	3475
lcc	1	463232392e5237362031393931	50986	3475
lcc	1	463232392e5238362031393938	50986	3475
lcc	1	463232392e53323434342032303039	50986	3475
lcc	1	463232392e533234352032303134	50986	3475
lcc	1	463232392e533533332032303136	50986	3475
lcc	1	463232392e533533352031393835	50986	3475
lcc	1	463232392e5335362032303132	50986	3475
lcc	1	463232392e533539322031393838	50986	3475
lcc	1	463232392e5337202e4833382031393931	50986	3475
lcc	1	463232392e53372041332032303037	50986	3475
lcc	1	463232392e5337204234362032303036	50986	3475
lcc	1	463232392e5337204436332032303033	50986	3475
lcc	1	463232392e5337204436342032303031	50986	3475
lcc	1	463232392e5337204534342031393933	50986	3475
lcc	1	463232392e5337204635372032303134	50986	3475
lcc	1	463232392e5337204636392031393835	50986	3475
lcc	1	463232392e533720473437	50986	3475
lcc	1	463232392e5337204836362032303036	50986	3475
lcc	1	463232392e5337204b35372032303032	50986	3475
lcc	1	463232392e5337204c34362031393931	50986	3475
lcc	1	463232392e5337204c34372031393932	50986	3475
lcc	1	463232392e5337204c36352032303036	50986	3475
lcc	1	463232392e5337204d33382032303130	50986	3475
lcc	1	463232392e5337204d33382032303131	50986	3475
lcc	1	463232392e5337204d34352032303030	50986	3475
lcc	1	463232392e5337205034382032303036	50986	3475
lcc	1	463232392e5337205034382032303037	50986	3475
lcc	1	463232392e5337205037352032303038	50986	3475
lcc	1	463232392e5337205333342032303036	50986	3475
lcc	1	463232392e5337333835203139373362	50986	3475
lcc	1	463232392e533741332032303037	50986	3475
lcc	1	463232392e53374234362032303036	50986	3475
lcc	1	463232392e53374436332032303033	50986	3475
lcc	1	463232392e53374436342032303031	50986	3475
lcc	1	463232392e53374836362032303036	50986	3475
lcc	1	463232392e53374836362032303037	50986	3475
lcc	1	463232392e53374b35372032303032	50986	3475
lcc	1	463232392e53374c34362031393931	50986	3475
lcc	1	463232392e53374d33372032303032	50986	3475
lcc	1	463232392e53374d33382032303130	50986	3475
lcc	1	463232392e53374d34352032303030	50986	3475
lcc	1	463232392e53375034382032303036	50986	3475
lcc	1	463232392e543137372032303235	50986	3475
lcc	1	463232392e543536204637352032303037	50986	3475
lcc	1	463232392e5435364637352032303037	50986	3475
lcc	1	463232392e54353820313939316562	50986	3475
lcc	1	463232392e5733362031393835	50986	3475
lcc	1	463232392e5733362031393935	50986	3475
lcc	1	463232392e573537372032303036	50986	3475
lcc	1	463232392e5738342032303035	50986	3475
lcc	1	46323330202e4134392032303038	50987	3475
lcc	1	46323330202e423433	50987	3475
lcc	1	46323330202e423435	50987	3475
lcc	1	46323330202e4336322031393733	50987	3475
lcc	1	46323330202e43372031393834	50987	3475
lcc	1	46323330202e43373635	50987	3475
lcc	1	46323330202e4337372031393534	50987	3475
lcc	1	46323330202e44332031393732	50987	3475
lcc	1	46323330202e4433372032303134	50987	3475
lcc	1	46323330202e4438362032303037	50987	3475
lcc	1	46323330202e4533372031393933	50987	3475
lcc	1	46323330202e4636362032303032	50987	3475
lcc	1	46323330202e4739352032303037	50987	3475
lcc	1	46323330202e4a353130322031393732	50987	3475
lcc	1	46323330202e4a353130322031393935	50987	3475
lcc	1	46323330202e4a353130322031393939	50987	3475
lcc	1	46323330202e4a353130322032303032	50987	3475
lcc	1	46323330202e4a35313131342032303135	50987	3475
lcc	1	46323330202e4a37372031393731	50987	3475
lcc	1	46323330202e4c36372032303031	50987	3475
lcc	1	46323330202e4d3635	50987	3475
lcc	1	46323330202e4e36352031393738	50987	3475
lcc	1	46323330202e4f3735	50987	3475
lcc	1	46323330202e5031332031393730	50987	3475
lcc	1	46323330202e5031332031393738	50987	3475
lcc	1	46323330202e5033322031393733	50987	3475
lcc	1	46323330202e5035362032303039	50987	3475
lcc	1	46323330202e5335362031393730	50987	3475
lcc	1	46323330202e5335362031393731	50987	3475
lcc	1	46323330202e5335382032303130	50987	3475
lcc	1	46323330202e53392031393635	50987	3475
lcc	1	46323330202e53392031393834	50987	3475
lcc	1	46323330202e5433392031393932	50987	3475
lcc	1	46323330202e57373931332031393730	50987	3475
lcc	1	46323330202e5737393832	50987	3475
lcc	1	463233302e42343320313937326562	50987	3475
lcc	1	463233302e4235392041332031393930	50987	3475
lcc	1	463233302e423731332032303233	50987	3475
lcc	1	463233302e4433372032303134	50987	3475
lcc	1	463233302e4533372031393933	50987	3475
lcc	1	463233302e4636362032303032	50987	3475
lcc	1	463233302e463739204e36372032303134	50987	3475
lcc	1	463233302e4637394e36372032303134	50987	3475
lcc	1	463233302e4739352032303037	50987	3475
lcc	1	463233302e4838342032303233	50987	3475
lcc	1	463233302e4a343333204735372032303137	50987	3475
lcc	1	463233302e4a353031322031393938	50987	3475
lcc	1	463233302e4a353130322032303032	50987	3475
lcc	1	463233302e4a3533362032303234	50987	3475
lcc	1	463233302e4a3533372032303038	50987	3475
lcc	1	463233302e50343235204d33392031393834	50987	3475
lcc	1	463233302e5038205734362032303131	50987	3475
lcc	1	463233302e5231372032303130	50987	3475
lcc	1	463233302e5235332032303133	50987	3475
lcc	1	463233302e5239332041332031393930	50987	3475
lcc	1	463233302e52393331362031393930	50987	3475
lcc	1	463233302e52393332204134352031393930	50987	3475
lcc	1	463233302e52393332204d33382031393838	50987	3475
lcc	1	463233302e52393332204d3537	50987	3475
lcc	1	463233302e523933324134352031393930	50987	3475
lcc	1	463233302e52393420433732782031393832	50987	3475
lcc	1	463233302e5335332031393936	50987	3475
lcc	1	463233302e5335382032303130	50987	3475
lcc	1	463233302e533734204d35362032303133	50987	3475
lcc	1	463233302e5337344d35362032303133	50987	3475
lcc	1	463233302e543932	50987	3475
lcc	1	463233302e54393220423738	50987	3475
lcc	1	46323331202e4138382031393931	50988	3475
lcc	1	46323331202e4238352032303137	50988	3475
lcc	1	46323331202e4432342032303030	50988	3475
lcc	1	46323331202e4a36342031393835	50988	3475
lcc	1	46323331202e4d3538	50988	3475
lcc	1	46323331202e4d36382032303130	50988	3475
lcc	1	46323331202e533738352031393730	50988	3475
lcc	1	46323331202e533933	50988	3475
lcc	1	46323331202e5339332031393733	50988	3475
lcc	1	46323331202e5733392032303231	50988	3475
lcc	1	463233312e32202e4138382031393932	50989	3475
lcc	1	463233312e32202e4138392032303036	50989	3475
lcc	1	463233312e32202e4737362032303031	50989	3475
lcc	1	463233312e32202e4c36342032303133	50989	3475
lcc	1	463233312e32202e5033382031393931	50989	3475
lcc	1	463233312e32202e5735	50989	3475
lcc	1	463233312e322e4138382031393932	50989	3475
lcc	1	463233312e322e4138392032303036	50989	3475
lcc	1	463233312e4432342032303030	50988	3475
lcc	1	463233312e443236204533342031393832	50988	3475
lcc	1	463233312e4432364533342031393832	50988	3475
lcc	1	463233312e4a34342031393938	50988	3475
lcc	1	463233312e4c36382031393931	50988	3475
lcc	1	463233312e4d32	50988	3475
lcc	1	463233312e4d3538	50988	3475
lcc	1	463233312e4d36382032303130	50988	3475
lcc	1	463233312e503334204135332031393837	50988	3475
lcc	1	463233312e54383220433732	50988	3475
lcc	1	46333134202e4132332032303033	50818	3439
lcc	1	46333134202e4135332032303031	50818	3439
lcc	1	46333134202e423234332031393730	50818	3439
lcc	1	46333134202e4232392032303137	50818	3439
lcc	1	46333134202e42342032303031	50818	3439
lcc	1	46333134202e4235352031393733	50818	3439
lcc	1	46333134202e4235352031393736	50818	3439
lcc	1	46333134202e433139203138393261	50818	3439
lcc	1	46333134202e43313935352032303036	50818	3439
lcc	1	46333134202e4332342032303133	50818	3439
lcc	1	46333134202e433639362032303030	50818	3439
lcc	1	46333134202e4337332031393932	50818	3439
lcc	1	46333134202e4339372031393734	50818	3439
lcc	1	46333134202e453334	50818	3439
lcc	1	46333134202e4537362032303034	50818	3439
lcc	1	46333134202e4633392031393832	50818	3439
lcc	1	46333134202e4634362032303134	50818	3439
lcc	1	46333134202e463535352032303132	50818	3439
lcc	1	46333134202e4635362032303132	50818	3439
lcc	1	46333134202e4635362032303134	50818	3439
lcc	1	46333134202e4636342032303038	50818	3439
lcc	1	46333134202e4636353133	50818	3439
lcc	1	46333134202e4636362032303038	50818	3439
lcc	1	46333134202e4736	50818	3439
lcc	1	46333134202e4737332032303130	50818	3439
lcc	1	46333134202e4933342031393738	50818	3439
lcc	1	46333134202e4b33362031393730	50818	3439
lcc	1	46333134202e4b33362031393731	50818	3439
lcc	1	46333134202e4c3337332031393735	50818	3439
lcc	1	46333134202e4c3337332031393932	50818	3439
lcc	1	46333134202e4c3337332032303031	50818	3439
lcc	1	46333134202e4c353331382032303132	50818	3439
lcc	1	46333134202e4d31362032303033	50818	3439
lcc	1	46333134202e4d31392032303030	50818	3439
lcc	1	46333134202e4d3533352032303032	50818	3439
lcc	1	46333134202e4d35362031393832	50818	3439
lcc	1	46333134202e4d36352031393931	50818	3439
lcc	1	46333134202e4e32332031393738	50818	3439
lcc	1	46333134202e4e33382032303138	50818	3439
lcc	1	46333134202e4f37322032303134	50818	3439
lcc	1	46333134202e4f37323731332032303137	50818	3439
lcc	1	46333134202e50393432	50818	3439
lcc	1	46333134202e5233332032303038	50818	3439
lcc	1	46333134202e523438372031393930	50818	3439
lcc	1	46333134202e5236342031393736	50818	3439
lcc	1	46333134202e5237322031393737	50818	3439
lcc	1	46333134202e5238352032303231	50818	3439
lcc	1	46333134202e5332322031393931	50818	3439
lcc	1	46333134202e533232203139393262	50818	3439
lcc	1	46333134202e5332322032303132	50818	3439
lcc	1	46333134202e53323231332031393932	50818	3439
lcc	1	46333134202e533233	50818	3439
lcc	1	46333134202e5335382031393732	50818	3439
lcc	1	46333134202e533539	50818	3439
lcc	1	46333134202e5336332031393931	50818	3439
lcc	1	46333134202e5336362031393833	50818	3439
lcc	1	46333134202e5434372032303033	50818	3439
lcc	1	46333134202e543638	50818	3439
lcc	1	46333134202e5635332031393737	50818	3439
lcc	1	46333134202e5638352032303032	50818	3439
lcc	1	46333134202e5735392031393831	50818	3439
lcc	1	46333134202e5a3334	50818	3439
lcc	1	463331342e4135332032303031	50818	3439
lcc	1	463331342e42342032303031	50818	3439
lcc	1	463331342e4332	50818	3439
lcc	1	463331342e433639362032303030	50818	3439
lcc	1	463331342e433832382032303132	50818	3439
lcc	1	463331342e45393520423637	50818	3439
lcc	1	463331342e4633352032303037	50818	3439
lcc	1	463331342e4635342032303134	50818	3439
lcc	1	463331342e4737332032303130	50818	3439
lcc	1	463331342e4837352032303031	50818	3439
lcc	1	463331342e4b34362031393736	50818	3439
lcc	1	463331342e4c3337332032303031	50818	3439
lcc	1	463331342e4d31392032303030	50818	3439
lcc	1	463331342e4d3534204d332031393833	50818	3439
lcc	1	463331342e4d3534205034332031393935	50818	3439
lcc	1	463331342e4d353420533632382031393930	50818	3439
lcc	1	463331342e4d353420533632382032303036	50818	3439
lcc	1	463331342e4d3534205336323831332032303137	50818	3439
lcc	1	463331342e4d35344b362032303138	50818	3439
lcc	1	463331342e4d35345034332031393935	50818	3439
lcc	1	463331342e4d35345336323831332032303230	50818	3439
lcc	1	463331342e4d36352031393931	50818	3439
lcc	1	463331342e4e33382032303138	50818	3439
lcc	1	463331342e4f37323731332032303137	50818	3439
lcc	1	463331342e513437204d35342031393831	50818	3439
lcc	1	463331342e5336332031393931	50818	3439
lcc	1	463331342e533639362032303039	50818	3439
lcc	1	463331342e5438372031393934	50818	3439
lcc	1	463331342e573434	50818	3439
lcc	1	463331342e5a3334	50818	3439
lcc	1	463331342e5a3437205433362031393839	50818	3439
lcc	1	463331342e5a34375433362031393839	50818	3439
lcc	1	46333135202e4134332032303034	50976	3439
lcc	1	46333135202e413532	50976	3439
lcc	1	46333135202e4233372032303032	50976	3439
lcc	1	46333135202e42333720323030326562	50976	3439
lcc	1	46333135202e4238372032303139	50976	3439
lcc	1	46333135202e4434362032303135	50976	3439
lcc	1	46333135202e4a37372031393731	50976	3439
lcc	1	46333135202e4a37372032303036	50976	3439
lcc	1	46333135202e4b34342032303030	50976	3439
lcc	1	46333135202e4c34322031393738	50976	3439
lcc	1	46333135202e4d32322031393734	50976	3439
lcc	1	46333135202e4d332031393734	50976	3439
lcc	1	46333135202e5335352032303136	50976	3439
lcc	1	46333135202e533539203138323261	50976	3439
lcc	1	46333135202e5735392031393931	50976	3439
lcc	1	46333135205434332032303232	50976	3439
lcc	1	463331352e4134332032303034	50976	3439
lcc	1	463331352e4233372032303032	50976	3439
lcc	1	463331352e4434362032303135	50976	3439
lcc	1	463331352e483339204737342032303033	50976	3439
lcc	1	463331352e4b34342032303030	50976	3439
lcc	1	463331352e4b34342032303033	50976	3439
lcc	1	463331352e533439352032303136	50976	3439
lcc	1	463331352e5735392031393931	50976	3439
lcc	1	46333136202e4238352031393738	50977	3439
lcc	1	46333136202e423837322031393736	50977	3439
lcc	1	46333136202e433834	50977	3439
lcc	1	46333136202e4339352032303035	50977	3439
lcc	1	46333136202e4435382031393735	50977	3439
lcc	1	46333136202e4634342031393736	50977	3439
lcc	1	46333136202e463639342031393935	50977	3439
lcc	1	46333136202e483638203230313078	50977	3439
lcc	1	46333136202e4b33382031393839	50977	3439
lcc	1	46333136202e4c36362032303037	50977	3439
lcc	1	46333136202e4d33382032303139	50977	3439
lcc	1	46333136202e4e34392032303038	50977	3439
lcc	1	46333136202e4f39342032303034	50977	3439
lcc	1	46333136202e5031322031393833	50977	3439
lcc	1	46333136202e503238	50977	3439
lcc	1	46333136202e5032382031393737	50977	3439
lcc	1	46333136202e5032382032303034	50977	3439
lcc	1	46333136202e5036342031393931	50977	3439
lcc	1	46333136202e5236342032303033	50977	3439
lcc	1	46333136202e5337332032303031	50977	3439
lcc	1	46333136202e5337342032303030	50977	3439
lcc	1	46333136202e5736382032303035	50977	3439
lcc	1	46333136202e5739362032303132	50977	3439
lcc	1	463331362e32202e4133382031393932	50978	3439
lcc	1	463331362e32202e4233	50978	3439
lcc	1	463331362e32202e4233372032303136	50978	3439
lcc	1	463331362e32202e4236382032303132	50978	3439
lcc	1	463331362e32202e4237382031393934	50978	3439
lcc	1	463331362e32202e433336372032303130	50978	3439
lcc	1	463331362e32202e4333372031393930	50978	3439
lcc	1	463331362e32202e4333372031393939	50978	3439
lcc	1	463331362e32202e4335382032303133	50978	3439
lcc	1	463331362e32202e4337342032303130	50978	3439
lcc	1	463331362e32202e453733	50978	3439
lcc	1	463331362e32202e463535	50978	3439
lcc	1	463331362e32202e4736372032303030	50978	3439
lcc	1	463331362e32202e4737362031393838	50978	3439
lcc	1	463331362e32202e4833352031393936	50978	3439
lcc	1	463331362e32202e4834382032303133	50978	3439
lcc	1	463331362e32202e4834382032303134	50978	3439
lcc	1	463331362e32202e48343820323031346162	50978	3439
lcc	1	463331362e32202e4834392031393939	50978	3439
lcc	1	463331362e32202e4834392032303031	50978	3439
lcc	1	463331362e32202e4a332031393834	50978	3439
lcc	1	463331362e32202e4b3432	50978	3439
lcc	1	463331362e32202e4b3537362032303138	50978	3439
lcc	1	463331362e32202e4d3333342032303038	50978	3439
lcc	1	463331362e32202e4d33352032303030	50978	3439
lcc	1	463331362e32202e4d33392032303034	50978	3439
lcc	1	463331362e32202e5035372032303136	50978	3439
lcc	1	463331362e32202e523333	50978	3439
lcc	1	463331362e32202e5234382031393930	50978	3439
lcc	1	463331362e32202e5238372032303230	50978	3439
lcc	1	463331362e32202e5332392032303034	50978	3439
lcc	1	463331362e32202e53352031393734	50978	3439
lcc	1	463331362e32202e53352031393930	50978	3439
lcc	1	463331362e32202e5336342032303039	50978	3439
lcc	1	463331362e32202e5633352032303134	50978	3439
lcc	1	463331362e32202e563335332032303134	50978	3439
lcc	1	463331362e32202e5733362032303031	50978	3439
lcc	1	463331362e32202e5733372031393833	50978	3439
lcc	1	463331362e32202e5733382032303036	50978	3439
lcc	1	463331362e32202e573534	50978	3439
lcc	1	463331362e322e4236382032303132	50978	3439
lcc	1	463331362e322e4237382031393934	50978	3439
lcc	1	463331362e322e4238342031393939	50978	3439
lcc	1	463331362e322e4333372031393939	50978	3439
lcc	1	463331362e322e4335382032303037	50978	3439
lcc	1	463331362e322e4335382032303133	50978	3439
lcc	1	463331362e322e43353820323031336562	50978	3439
lcc	1	463331362e322e443833205732352032303034	50978	3439
lcc	1	463331362e322e4635382031393936	50978	3439
lcc	1	463331362e322e4736372032303030	50978	3439
lcc	1	463331362e322e4834382032303134	50978	3439
lcc	1	463331362e322e4834392031393939	50978	3439
lcc	1	463331362e322e4834392032303031	50978	3439
lcc	1	463331362e322e4c34382032303139	50978	3439
lcc	1	463331362e322e4d36352032303033	50978	3439
lcc	1	463331362e322e5035372032303136	50978	3439
lcc	1	463331362e322e5234382031393930	50978	3439
lcc	1	463331362e322e5338362032303032	50978	3439
lcc	1	463331362e322e5633352032303134	50978	3439
lcc	1	463331362e322e563335332032303134	50978	3439
lcc	1	463331362e322e5733382032303036	50978	3439
lcc	1	463331362e322e573338352032303136	50978	3439
lcc	1	463331362e3233202e43363520443933203230	50978	3439
lcc	1	463331362e32332e4137352032303131	50978	3439
lcc	1	463331362e32332e413735204439332032303131	50978	3439
lcc	1	463331362e32332e413735204833372032303135	50978	3439
lcc	1	463331362e32332e4137354833372032303135	50978	3439
lcc	1	463331362e32332e423837	50978	3439
lcc	1	463331362e32332e423837204336372032303134	50978	3439
lcc	1	463331362e32332e423837204337342032303130	50978	3439
lcc	1	463331362e32332e423837204433382032303037	50978	3439
lcc	1	463331362e32332e423837204435352032303135	50978	3439
lcc	1	463331362e32332e423837204736352032303135	50978	3439
lcc	1	463331362e32332e4238374336372032303134	50978	3439
lcc	1	463331362e32332e4238374337342032303130	50978	3439
lcc	1	463331362e32332e4238374433382032303037	50978	3439
lcc	1	463331362e32332e4238374435352032303135	50978	3439
lcc	1	463331362e32332e433335204d36372032303230	50978	3439
lcc	1	463331362e32332e43333741332032303134	50978	3439
lcc	1	463331362e32332e433635204439332032303036	50978	3439
lcc	1	463331362e32332e433635205733342031393835	50978	3439
lcc	1	463331362e32332e4336355733342031393835	50978	3439
lcc	1	463331362e32332e473734204736342032303134	50978	3439
lcc	1	463331362e32332e4b33372041332032303130	50978	3439
lcc	1	463331362e32332e4b3537204b33352031393933	50978	3439
lcc	1	463331362e32332e4d333420473634312032303037	50978	3439
lcc	1	463331362e32332e4d333841332032303035	50978	3439
lcc	1	463331362e32332e4d34204336362032303035	50978	3439
lcc	1	463331362e32332e4d3837205433382032303131	50978	3439
lcc	1	463331362e32332e4f34332041332032303133	50978	3439
lcc	1	463331362e32332e5236332041332032303134	50978	3439
lcc	1	463331362e423139204433362032303030	50977	3439
lcc	1	463331362e4231394433362032303030	50977	3439
lcc	1	463331362e43323720463539	50977	3439
lcc	1	463331362e433834	50977	3439
lcc	1	463331362e4339352032303035	50977	3439
lcc	1	463331362e463536204334352031393836	50977	3439
lcc	1	463331362e4635365332362031393933	50977	3439
lcc	1	463331362e46363935	50977	3439
lcc	1	463331362e463639352031393939	50977	3439
lcc	1	463331362e4735335033372032303136	50977	3439
lcc	1	463331362e483334204237362031393937	50977	3439
lcc	1	463331362e4833344237362031393937	50977	3439
lcc	1	463331362e4c36362032303037	50977	3439
lcc	1	463331362e4d33352032303031	50977	3439
lcc	1	463331362e4d353720433439	50977	3439
lcc	1	463331362e4d365335342032303039	50977	3439
lcc	1	463331362e4f33362031393936	50977	3439
lcc	1	463331362e5031322031393833	50977	3439
lcc	1	463331362e5036342031393931	50977	3439
lcc	1	463331362e523536352031393836	50977	3439
lcc	1	463331362e523634352032303137	50977	3439
lcc	1	463331362e533235382032303136	50977	3439
lcc	1	463331362e533835204135332032303034	50977	3439
lcc	1	463331362e5739362032303132	50977	3439
lcc	1	46333330202e4333372032303131	51300	3431
lcc	1	46333330202e4538372031393931	51300	3431
lcc	1	46333330202e4d34322032303135	51300	3431
lcc	1	46333330202e5034352032303033	51300	3431
lcc	1	46333330202e5335352032303035	51300	3431
lcc	1	46333330202e5337342032303136	51300	3431
lcc	1	46333330202e5438352032303130	51300	3431
lcc	1	46333330202e5438352032303131	51300	3431
lcc	1	46333330202e54383520323031316562	51300	3431
lcc	1	46333330202e573238	51300	3431
lcc	1	463333302e32202e4c33392032303135	51300	3431
lcc	1	463333302e332e41343541332032303136	51300	3431
lcc	1	463333302e332e4236362041332032303132	51300	3431
lcc	1	463333302e332e4333204c34372031393933	51300	3431
lcc	1	463333302e332e4333204c34372031393934	51300	3431
lcc	1	463333302e332e43334c34372031393933	51300	3431
lcc	1	463333302e332e463338205433392031393834	51300	3431
lcc	1	463333302e332e463535204833392032303134	51300	3431
lcc	1	463333302e332e4635354833392032303134	51300	3431
lcc	1	463333302e332e46363741332032303233	51300	3431
lcc	1	463333302e332e473735204133203139393862	51300	3431
lcc	1	463333302e332e483535204833362031393837	51300	3431
lcc	1	463333302e332e4835354833362031393837	51300	3431
lcc	1	463333302e332e483836205934332032303130	51300	3431
lcc	1	463333302e332e4a33365733382032303231	51300	3431
lcc	1	463333302e332e4b35362041332032303031	51300	3431
lcc	1	463333302e332e4b3636204834362032303134	51300	3431
lcc	1	463333302e332e4d36382041332032303036	51300	3431
lcc	1	463333302e332e503237204836382032303038	51300	3431
lcc	1	463333302e332e5032374836382032303038	51300	3431
lcc	1	463333302e332e5032375437342032303038	51300	3431
lcc	1	463333302e332e5335332041332032303133	51300	3431
lcc	1	463333302e332e53353434	51300	3431
lcc	1	463333302e332e53353441332032303230	51300	3431
lcc	1	463333302e332e5733204237342031393733	51300	3431
lcc	1	463333302e332e5733204333372032303030	51300	3431
lcc	1	463333302e332e5733204c34342031393839	51300	3431
lcc	1	463333302e332e5733204c34372031393933	51300	3431
lcc	1	463333302e332e573320523634352032303034	51300	3431
lcc	1	463333302e332e5733205336352032303039	51300	3431
lcc	1	463333302e332e5733205934332032303033	51300	3431
lcc	1	463333302e332e573334204b34362032303139	51300	3431
lcc	1	463333302e332e5733344b34362032303139	51300	3431
lcc	1	463333302e332e573335205735352032303230	51300	3431
lcc	1	463333302e332e5733355735352032303230	51300	3431
lcc	1	463333302e332e57334333372031393935	51300	3431
lcc	1	463333302e332e57334333372032303030	51300	3431
lcc	1	463333302e332e57334637332031393936	51300	3431
lcc	1	463333302e332e57334637342032303037	51300	3431
lcc	1	463333302e4333372032303131	51300	3431
lcc	1	463333302e4336372032303039	51300	3431
lcc	1	463333302e4633385337382032303032	51300	3431
lcc	1	463333302e4d34322032303135	51300	3431
lcc	1	463333302e5034372031393935	51300	3431
lcc	1	463333302e5335352032303034	51300	3431
lcc	1	463333302e5337342032303136	51300	3431
lcc	1	463333302e5733	51300	3431
lcc	1	463333302e5733202e4333372031393831	51300	3431
lcc	1	463333302e573320413335	51300	3431
lcc	1	463333302e573320433337	51300	3431
lcc	1	463333302e5733204337322031393736	51300	3431
lcc	1	463333302e573320473733	51300	3431
lcc	1	463333302e573320573335	51300	3431
lcc	1	463333302e573333204836	51300	3431
lcc	1	463333302e573333205934332032303033	51300	3431
lcc	1	46333732202e4134352031393838	50817	3447
lcc	1	46333732202e42323431332031393737	50817	3447
lcc	1	46333732202e4237322031393830	50817	3447
lcc	1	46333732202e42373531332031393832	50817	3447
lcc	1	46333732202e4337342031393938	50817	3447
lcc	1	46333732202e4432382032303033	50817	3447
lcc	1	46333732202e4435352032303136	50817	3447
lcc	1	46333732202e443931322031393731	50817	3447
lcc	1	46333732202e4635362032303033	50817	3447
lcc	1	46333732202e46382031393736	50817	3447
lcc	1	46333732202e4638352031393935	50817	3447
lcc	1	46333732202e463835332032303035	50817	3447
lcc	1	46333732202e4638362031393839	50817	3447
lcc	1	46333732202e47353133	50817	3447
lcc	1	46333732202e4b34372032303033	50817	3447
lcc	1	46333732202e4c353338	50817	3447
lcc	1	46333732202e4c3533382031393831	50817	3447
lcc	1	46333732202e4c353431332031393735	50817	3447
lcc	1	46333732202e4c36382032303134	50817	3447
lcc	1	46333732202e4c38342031393934	50817	3447
lcc	1	46333732202e4d333235203139373420766f6c2e2034	50817	3447
lcc	1	46333732202e4d3733	50817	3447
lcc	1	46333732202e503533323133	50817	3447
lcc	1	46333732202e5035382032303035	50817	3447
lcc	1	46333732202e5332332032303038	50817	3447
lcc	1	46333732202e5333332032303038	50817	3447
lcc	1	46333732202e5336352032303134	50817	3447
lcc	1	4633373220443431352031393930	50817	3447
lcc	1	463337322e423738204435342031393933	50817	3447
lcc	1	463337322e4332342041332032303133	50817	3447
lcc	1	463337322e4337342031393938	50817	3447
lcc	1	463337322e4432204d33392032303038	50817	3447
lcc	1	463337322e443233204b36362032303038	50817	3447
lcc	1	463337322e463835332032303035	50817	3447
lcc	1	463337322e47353133	50817	3447
lcc	1	463337322e4c3338204738352031393933	50817	3447
lcc	1	463337322e4c3533382031393831	50817	3447
lcc	1	463337322e4c36382032303134	50817	3447
lcc	1	463337322e50342031393838	50817	3447
lcc	1	463337322e5336352032303134	50817	3447
lcc	1	463337322e5534204132382031393935	50817	3447
lcc	1	463337322e5534204b372031393833	50817	3447
lcc	1	46333835202e413734	50936	3472
lcc	1	46333835202e4137392032303131	50936	3472
lcc	1	46333835202e413839352031393839	50936	3472
lcc	1	46333835202e423435382032303133	50936	3472
lcc	1	46333835202e423536372032303039	50936	3472
lcc	1	46333835202e4235372032303038	50936	3472
lcc	1	46333835202e4238372031393738	50936	3472
lcc	1	46333835202e4238372031393838	50936	3472
lcc	1	46333835202e433336362032303032	50936	3472
lcc	1	46333835202e4333372031393935	50936	3472
lcc	1	46333835202e433337362031393938	50936	3472
lcc	1	46333835202e443235352032303031	50936	3472
lcc	1	46333835202e4432362032303136	50936	3472
lcc	1	46333835202e4432382031393832	50936	3472
lcc	1	46333835202e4434382031393833	50936	3472
lcc	1	46333835202e4537342031393832	50936	3472
lcc	1	46333835202e4537382032303035	50936	3472
lcc	1	46333835202e4539352032303031	50936	3472
lcc	1	46333835202e4637352032303039	50936	3472
lcc	1	46333835202e4736382031393932	50936	3472
lcc	1	46333835202e47372031393738	50936	3472
lcc	1	46333835202e4737352032303038	50936	3472
lcc	1	46333835202e4738342032303038	50936	3472
lcc	1	46333835202e4738352032303038	50936	3472
lcc	1	46333835202e4738372031393932	50936	3472
lcc	1	46333835202e4833332031393933	50936	3472
lcc	1	46333835202e4835352031393730	50936	3472
lcc	1	46333835202e4838372032303133	50936	3472
lcc	1	46333835202e4939342032303137	50936	3472
lcc	1	46333835202e4a31372031393938	50936	3472
lcc	1	46333835202e4a36372032303138	50936	3472
lcc	1	46333835202e4b34352031393935	50936	3472
lcc	1	46333835202e4b3435352031393938	50936	3472
lcc	1	46333835202e4b38342032303038	50936	3472
lcc	1	46333835202e4c3434	50936	3472
lcc	1	46333835202e4c3936	50936	3472
lcc	1	46333835202e4d3232	50936	3472
lcc	1	46333835202e4d3237	50936	3472
lcc	1	46333835202e4d33352031393738	50936	3472
lcc	1	46333835202e4d33362031393832	50936	3472
lcc	1	46333835202e4d35352031393835	50936	3472
lcc	1	46333835202e4d3834	50936	3472
lcc	1	46333835202e4e34382032303133	50936	3472
lcc	1	46333835202e5034342032303036	50936	3472
lcc	1	46333835202e503435	50936	3472
lcc	1	46333835202e5035392031393931	50936	3472
lcc	1	46333835202e5037362031393933	50936	3472
lcc	1	46333835202e5037362032303034	50936	3472
lcc	1	46333835202e5233382031393935	50936	3472
lcc	1	46333835202e5234342032303036	50936	3472
lcc	1	46333835202e5234372031393834	50936	3472
lcc	1	46333835202e5235332032303131	50936	3472
lcc	1	46333835202e533532352032303135	50936	3472
lcc	1	46333835202e533532372032303134	50936	3472
lcc	1	46333835202e5335332031393834	50936	3472
lcc	1	46333835202e5335392032303032	50936	3472
lcc	1	46333835202e53372031393836	50936	3472
lcc	1	46333835202e5338332032303033	50936	3472
lcc	1	46333835202e533834352032303033	50936	3472
lcc	1	46333835202e533834362032303033	50936	3472
lcc	1	46333835202e5338352032303030	50936	3472
lcc	1	46333835202e5338372032303138	50936	3472
lcc	1	46333835202e5434342032303031	50936	3472
lcc	1	46333835202e54343834352031393930	50936	3472
lcc	1	46333835202e5435332031393931	50936	3472
lcc	1	46333835202e573435	50936	3472
lcc	1	46333835202e5735322031393833	50936	3472
lcc	1	46333835202e5735322031393939	50936	3472
lcc	1	46333835202e5735332031393833	50936	3472
lcc	1	46333835202e573533332031393839	50936	3472
lcc	1	46333835202e573533352031393834	50936	3472
lcc	1	46333835202e5735342031393931	50936	3472
lcc	1	46333835202e5933332032303038	50936	3472
lcc	1	463338352e32202e4234392032303131	50936	3472
lcc	1	463338352e32202e4333372032303138	50936	3472
lcc	1	463338352e32202e43363420323030386562	50936	3472
lcc	1	463338352e32202e4d33352032303034	50936	3472
lcc	1	463338352e32202e5434392032303136	50936	3472
lcc	1	463338352e322e4234392032303131	50936	3472
lcc	1	463338352e322e4333372032303138	50936	3472
lcc	1	463338352e322e4d33352032303034	50936	3472
lcc	1	463338352e322e5434392032303136	50936	3472
lcc	1	463338352e35202e4336382031393837	50936	3472
lcc	1	463338352e35202e4336382031393931	50936	3472
lcc	1	463338352e35202e543339322032303033	50936	3472
lcc	1	463338352e352e4336382031393837	50936	3472
lcc	1	463338352e352e4336382031393931	50936	3472
lcc	1	463338352e41383933352032303131	50936	3472
lcc	1	463338352e4235343820323031366562	50936	3472
lcc	1	463338352e423536372032303039	50936	3472
lcc	1	463338352e4235372032303136	50936	3472
lcc	1	463338352e4239332032303038	50936	3472
lcc	1	463338352e4333362031393938	50936	3472
lcc	1	463338352e433336362032303032	50936	3472
lcc	1	463338352e4333372031393935	50936	3472
lcc	1	463338352e443235352032303031	50936	3472
lcc	1	463338352e4432362032303136	50936	3472
lcc	1	463338352e4432362032303137	50936	3472
lcc	1	463338352e4537382032303035	50936	3472
lcc	1	463338352e4737352032303038	50936	3472
lcc	1	463338352e4738342032303038	50936	3472
lcc	1	463338352e4738352032303038	50936	3472
lcc	1	463338352e4738372031393932	50936	3472
lcc	1	463338352e4832382032303137	50936	3472
lcc	1	463338352e4a36372032303138	50936	3472
lcc	1	463338352e4b34352031393935	50936	3472
lcc	1	463338352e4b3435352031393938	50936	3472
lcc	1	463338352e4b36382031393936	50936	3472
lcc	1	463338352e4d3237	50936	3472
lcc	1	463338352e4e35332031393934	50936	3472
lcc	1	463338352e5034342032303036	50936	3472
lcc	1	463338352e5037362032303034	50936	3472
lcc	1	463338352e5235332032303131	50936	3472
lcc	1	463338352e533532352032303135	50936	3472
lcc	1	463338352e5335332031393834	50936	3472
lcc	1	463338352e5335382032303030	50936	3472
lcc	1	463338352e5335392032303031	50936	3472
lcc	1	463338352e5338332032303033	50936	3472
lcc	1	463338352e533834352032303033	50936	3472
lcc	1	463338352e533834362032303033	50936	3472
lcc	1	463338352e5338372032303137	50936	3472
lcc	1	463338352e5735322031393939	50936	3472
lcc	1	463338352e5933332032303038	50936	3472
lcc	1	46333836202e413632	50936	3472
lcc	1	46333836202e41363232	50936	3472
lcc	1	46333836202e4137342032303131	50936	3472
lcc	1	46333836202e413833	50936	3472
lcc	1	46333836202e4139352031393939	50936	3472
lcc	1	46333836202e4231372031393931	50936	3472
lcc	1	46333836202e4235322031393835	50936	3472
lcc	1	46333836202e423534352032303039	50936	3472
lcc	1	46333836202e4237332031393832	50936	3472
lcc	1	46333836202e4332362031393930	50936	3472
lcc	1	46333836202e4332362031393936	50936	3472
lcc	1	46333836202e4332362032303032	50936	3472
lcc	1	46333836202e4332362032303134	50936	3472
lcc	1	46333836202e433236382032303132	50936	3472
lcc	1	46333836202e433236382032303133	50936	3472
lcc	1	46333836202e433236382032303138	50936	3472
lcc	1	46333836202e4332372031393937	50936	3472
lcc	1	46333836202e433634352031393939	50936	3472
lcc	1	46333836202e4336352031393836	50936	3472
lcc	1	46333836202e433636332031393836	50936	3472
lcc	1	46333836202e4337382031393833	50936	3472
lcc	1	46333836202e4338362032303134	50936	3472
lcc	1	46333836202e4435372032303134	50936	3472
lcc	1	46333836202e4435372032303135	50936	3472
lcc	1	46333836202e4436352031393935	50936	3472
lcc	1	46333836202e443735382031393832	50936	3472
lcc	1	46333836202e4437362032303134	50936	3472
lcc	1	46333836202e4532382032303137	50936	3472
lcc	1	46333836202e4535372032303131	50936	3472
lcc	1	46333836202e463239	50936	3472
lcc	1	46333836202e4633	50936	3472
lcc	1	46333836202e46342031393830	50936	3472
lcc	1	46333836202e46342031393833	50936	3472
lcc	1	46333836202e46342031393835	50936	3472
lcc	1	46333836202e46342031393931	50936	3472
lcc	1	46333836202e46342032303030	50936	3472
lcc	1	46333836202e4635372031393738	50936	3472
lcc	1	46333836202e4635372031393739	50936	3472
lcc	1	46333836202e4635372031393936	50936	3472
lcc	1	46333836202e4636342032303030	50936	3472
lcc	1	46333836202e46372031393838	50936	3472
lcc	1	46333836202e463732	50936	3472
lcc	1	46333836202e4637322031393834	50936	3472
lcc	1	46333836202e463834	50936	3472
lcc	1	46333836202e4732342031393733	50936	3472
lcc	1	46333836202e473539352032303134	50936	3472
lcc	1	46333836202e4736352031393933	50936	3472
lcc	1	46333836202e4736352031393934	50936	3472
lcc	1	46333836202e47373320313939386562	50936	3472
lcc	1	46333836202e4737332032303133	50936	3472
lcc	1	46333836202e4737342031393938	50936	3472
lcc	1	46333836202e4738342031393838	50936	3472
lcc	1	46333836202e48323335352032303036	50936	3472
lcc	1	46333836202e4838342031393833	50936	3472
lcc	1	46333836202e4838342031393835	50936	3472
lcc	1	46333836202e4a33392031393833	50936	3472
lcc	1	46333836202e4a33392031393837	50936	3472
lcc	1	46333836202e4a33392031393838	50936	3472
lcc	1	46333836202e4b34352032303032	50936	3472
lcc	1	46333836202e4b34362031393837	50936	3472
lcc	1	46333836202e4b35382031393838	50936	3472
lcc	1	46333836202e4b35382031393931	50936	3472
lcc	1	46333836202e4b35392031393932	50936	3472
lcc	1	46333836202e4c33372032303130	50936	3472
lcc	1	46333836202e4c36362032303130	50936	3472
lcc	1	46333836202e4c36362032303135	50936	3472
lcc	1	46333836202e4c37382032303037	50936	3472
lcc	1	46333836202e4d32342031393833	50936	3472
lcc	1	46333836202e4d33332031393834	50936	3472
lcc	1	46333836202e4d3333392032303131	50936	3472
lcc	1	46333836202e4d3334352032303037	50936	3472
lcc	1	46333836202e4d333438352032303034	50936	3472
lcc	1	46333836202e4d33352031393639	50936	3472
lcc	1	46333836202e4d35332032303232	50936	3472
lcc	1	46333836202e4d38352031393833	50936	3472
lcc	1	46333836202e4d3837	50936	3472
lcc	1	46333836202e503231352032303034	50936	3472
lcc	1	46333836202e50323235	50936	3472
lcc	1	46333836202e5033322031393934	50936	3472
lcc	1	46333836202e5034382031393834	50936	3472
lcc	1	46333836202e5035372031393936	50936	3472
lcc	1	46333836202e5037382032303035	50936	3472
lcc	1	46333836202e523238372032303033	50936	3472
lcc	1	46333836202e5235322031393730	50936	3472
lcc	1	46333836202e5235322031393831	50936	3472
lcc	1	46333836202e5235322031393838	50936	3472
lcc	1	46333836202e5235322031393933	50936	3472
lcc	1	46333836202e5235322031393937	50936	3472
lcc	1	46333836202e523538	50936	3472
lcc	1	46333836202e5237342031393833	50936	3472
lcc	1	46333836202e533537	50936	3472
lcc	1	46333836202e533632	50936	3472
lcc	1	46333836202e5336332031393939	50936	3472
lcc	1	46333836202e5336332032303030	50936	3472
lcc	1	46333836202e533634362032303133	50936	3472
lcc	1	46333836202e5338362031393838	50936	3472
lcc	1	46333836202e5338392031393835	50936	3472
lcc	1	46333836202e5338392031393937	50936	3472
lcc	1	46333836202e5338392031393939	50936	3472
lcc	1	46333836202e5338392032303030	50936	3472
lcc	1	46333836202e5339342032303230	50936	3472
lcc	1	46333836202e543331362032303136	50936	3472
lcc	1	46333836202e543332352032303132	50936	3472
lcc	1	46333836202e543334372031393834	50936	3472
lcc	1	46333836202e543335352031393837	50936	3472
lcc	1	46333836202e543335352031393933	50936	3472
lcc	1	46333836202e543433342032303031	50936	3472
lcc	1	46333836202e543433342032303035	50936	3472
lcc	1	46333836202e5434382031393937	50936	3472
lcc	1	46333836202e54363820496e646578	50936	3472
lcc	1	46333836202e5633382031393832	50936	3472
lcc	1	46333836202e5636352032303130	50936	3472
lcc	1	46333836202e5733322031393934	50936	3472
lcc	1	46333836202e5733342032303035	50936	3472
lcc	1	46333836202e5733372031393931	50936	3472
lcc	1	46333836202e573435	50936	3472
lcc	1	46333836202e573435332031393833	50936	3472
lcc	1	46333836202e5734362032303134	50936	3472
lcc	1	46333836202e573636	50936	3472
lcc	1	46333836202e573734	50936	3472
lcc	1	46333836202e5738362032303030	50936	3472
lcc	1	4633383620443435	50936	3472
lcc	1	46333836205434206e6f2e203137	50936	3472
lcc	1	463338362e204d3334382031393933	50936	3472
lcc	1	463338362e33202e413633	50936	3472
lcc	1	463338362e33202e4136332031393936	50936	3472
lcc	1	463338362e33202e413633342032303033	50936	3472
lcc	1	463338362e33202e413634382032303032	50936	3472
lcc	1	463338362e33202e4136352031393831	50936	3472
lcc	1	463338362e33202e413636322032303135	50936	3472
lcc	1	463338362e33202e4233372032303032	50936	3472
lcc	1	463338362e33202e42333731382032303034	50936	3472
lcc	1	463338362e33202e4233382032303133	50936	3472
lcc	1	463338362e33202e4236362032303130	50936	3472
lcc	1	463338362e33202e4236362032303131	50936	3472
lcc	1	463338362e33202e4237342032303032	50936	3472
lcc	1	463338362e33202e4237342032303035	50936	3472
lcc	1	463338362e33202e4237342032303036	50936	3472
lcc	1	463338362e33202e42373431332032303034	50936	3472
lcc	1	463338362e33202e4237362032303036	50936	3472
lcc	1	463338362e33202e4238332031393836	50936	3472
lcc	1	463338362e33202e4238362031393839	50936	3472
lcc	1	463338362e33202e4335352032303134	50936	3472
lcc	1	463338362e33202e4336382031393837	50936	3472
lcc	1	463338362e33202e43372032303031	50936	3472
lcc	1	463338362e33202e433731352032303033	50936	3472
lcc	1	463338362e33202e4337332031393933	50936	3472
lcc	1	463338362e33202e4436392032303130	50936	3472
lcc	1	463338362e33202e4537372032303032	50936	3472
lcc	1	463338362e33202e4634342032303033	50936	3472
lcc	1	463338362e33202e4636392031393932	50936	3472
lcc	1	463338362e33202e4637	50936	3472
lcc	1	463338362e33202e463731382031393837	50936	3472
lcc	1	463338362e33202e4733342032303136	50936	3472
lcc	1	463338362e33202e4733362032303037	50936	3472
lcc	1	463338362e33202e4733362032303131	50936	3472
lcc	1	463338362e33202e47333620323031336562	50936	3472
lcc	1	463338362e33202e4734362032303032	50936	3472
lcc	1	463338362e33202e4735332032303135	50936	3472
lcc	1	463338362e33202e4833332031393835	50936	3472
lcc	1	463338362e33202e4833342032303033	50936	3472
lcc	1	463338362e33202e4833352032303137	50936	3472
lcc	1	463338362e33202e4833362031393832	50936	3472
lcc	1	463338362e33202e4833382032303031	50936	3472
lcc	1	463338362e33202e4833382032303038	50936	3472
lcc	1	463338362e33202e4834352031393939	50936	3472
lcc	1	463338362e33202e483435332032303036	50936	3472
lcc	1	463338362e33202e483635392032303039	50936	3472
lcc	1	463338362e33202e483635392032303130	50936	3472
lcc	1	463338362e33202e4836362031393934	50936	3472
lcc	1	463338362e33202e4934382031393836	50936	3472
lcc	1	463338362e33202e4a33322032303037	50936	3472
lcc	1	463338362e33202e4a33332031393939	50936	3472
lcc	1	463338362e33202e4a34362032303131	50936	3472
lcc	1	463338362e33202e4a34372032303130	50936	3472
lcc	1	463338362e33202e4a3437352032303130	50936	3472
lcc	1	463338362e33202e4a34382032303131	50936	3472
lcc	1	463338362e33202e4b33332032303039	50936	3472
lcc	1	463338362e33202e4b33362031393833	50936	3472
lcc	1	463338362e33202e4b34362032303039	50936	3472
lcc	1	463338362e33202e4b35342032303135	50936	3472
lcc	1	463338362e33202e4b36	50936	3472
lcc	1	463338362e33202e4b362031393738	50936	3472
lcc	1	463338362e33202e4b36332031393838	50936	3472
lcc	1	463338362e33202e4c33362032303135	50936	3472
lcc	1	463338362e33202e4c34382032303132	50936	3472
lcc	1	463338362e33202e4c35382032303035	50936	3472
lcc	1	463338362e33202e4d33332032303137	50936	3472
lcc	1	463338362e33202e4d3337382032303033	50936	3472
lcc	1	463338362e33202e4d35332031393838	50936	3472
lcc	1	463338362e33202e4d36362032303134	50936	3472
lcc	1	463338362e33202e4d38372032303036	50936	3472
lcc	1	463338362e33202e4f32372032303035	50936	3472
lcc	1	463338362e33202e4f34352032303130	50936	3472
lcc	1	463338362e33202e4f38332032303138	50936	3472
lcc	1	463338362e33202e4f39372031393835	50936	3472
lcc	1	463338362e33202e503334352032303137	50936	3472
lcc	1	463338362e33202e5033352032303031	50936	3472
lcc	1	463338362e33202e503335332032303131	50936	3472
lcc	1	463338362e33202e503335332032303132	50936	3472
lcc	1	463338362e33202e503335342032303136	50936	3472
lcc	1	463338362e33202e50342031393837	50936	3472
lcc	1	463338362e33202e5034352031393934	50936	3472
lcc	1	463338362e33202e5034352032303032	50936	3472
lcc	1	463338362e33202e5034352032303132	50936	3472
lcc	1	463338362e33202e5034362032303130	50936	3472
lcc	1	463338362e33202e503437352032303039	50936	3472
lcc	1	463338362e33202e5037322032303133	50936	3472
lcc	1	463338362e33202e5235332031393838	50936	3472
lcc	1	463338362e33202e5236392032303134	50936	3472
lcc	1	463338362e33202e5332332032303131	50936	3472
lcc	1	463338362e33202e5332362032303034	50936	3472
lcc	1	463338362e33202e5332372032303036	50936	3472
lcc	1	463338362e33202e5333382032303134	50936	3472
lcc	1	463338362e33202e5335362032303033	50936	3472
lcc	1	463338362e33202e5335382032303130	50936	3472
lcc	1	463338362e33202e5335382032303131	50936	3472
lcc	1	463338362e33202e5336362032303039	50936	3472
lcc	1	463338362e33202e5336362032303134	50936	3472
lcc	1	463338362e33202e5336382032303132	50936	3472
lcc	1	463338362e33202e5336382032303133	50936	3472
lcc	1	463338362e33202e5336383132332032303134	50936	3472
lcc	1	463338362e33202e533732352032303035	50936	3472
lcc	1	463338362e33202e5337342031393838	50936	3472
lcc	1	463338362e33202e5432352032303134	50936	3472
lcc	1	463338362e33202e5433362031393936	50936	3472
lcc	1	463338362e33202e5433362032303033	50936	3472
lcc	1	463338362e33202e5433372031393933	50936	3472
lcc	1	463338362e33202e5433382031393838	50936	3472
lcc	1	463338362e33202e5434362031393836	50936	3472
lcc	1	463338362e33202e5434372032303133	50936	3472
lcc	1	463338362e33202e5436322031393838	50936	3472
lcc	1	463338362e33202e5733342032303030	50936	3472
lcc	1	463338362e33202e5733352032303034	50936	3472
lcc	1	463338362e33202e5733352032303038	50936	3472
lcc	1	463338362e33202e5733362032303034	50936	3472
lcc	1	463338362e33202e5733362032303038	50936	3472
lcc	1	463338362e33202e5733372031393832	50936	3472
lcc	1	463338362e3320523336	50936	3472
lcc	1	463338362e332e4136332031393936	50936	3472
lcc	1	463338362e332e413633342032303033	50936	3472
lcc	1	463338362e332e413634382032303032	50936	3472
lcc	1	463338362e332e4136362032303032	50936	3472
lcc	1	463338362e332e4136362032303130	50936	3472
lcc	1	463338362e332e4136362032303131	50936	3472
lcc	1	463338362e332e4136372032303138	50936	3472
lcc	1	463338362e332e4233372032303032	50936	3472
lcc	1	463338362e332e4236362032303130	50936	3472
lcc	1	463338362e332e4237342032303032	50936	3472
lcc	1	463338362e332e4237342032303035	50936	3472
lcc	1	463338362e332e4237362032303035	50936	3472
lcc	1	463338362e332e4237382032303031	50936	3472
lcc	1	463338362e332e4238352031393937	50936	3472
lcc	1	463338362e332e43372032303031	50936	3472
lcc	1	463338362e332e433731342032303130	50936	3472
lcc	1	463338362e332e433731352032303033	50936	3472
lcc	1	463338362e332e4436392032303130	50936	3472
lcc	1	463338362e332e4533372032303233	50936	3472
lcc	1	463338362e332e4635362032303232	50936	3472
lcc	1	463338362e332e4733342032303136	50936	3472
lcc	1	463338362e332e4735332032303135	50936	3472
lcc	1	463338362e332e4735352032303231	50936	3472
lcc	1	463338362e332e4833342032303032	50936	3472
lcc	1	463338362e332e483334362032303139	50936	3472
lcc	1	463338362e332e4833352032303137	50936	3472
lcc	1	463338362e332e4833382032303038	50936	3472
lcc	1	463338362e332e483435332032303036	50936	3472
lcc	1	463338362e332e4a33322032303037	50936	3472
lcc	1	463338362e332e4a33332031393939	50936	3472
lcc	1	463338362e332e4a33362032303130	50936	3472
lcc	1	463338362e332e4a3336332032303130	50936	3472
lcc	1	463338362e332e4a34362032303131	50936	3472
lcc	1	463338362e332e4a34382032303131	50936	3472
lcc	1	463338362e332e4b34362032303039	50936	3472
lcc	1	463338362e332e4b35342032303135	50936	3472
lcc	1	463338362e332e4c33362032303135	50936	3472
lcc	1	463338362e332e4c34382032303132	50936	3472
lcc	1	463338362e332e4c35382031393836	50936	3472
lcc	1	463338362e332e4d33332032303137	50936	3472
lcc	1	463338362e332e4d3333342032303137	50936	3472
lcc	1	463338362e332e4d33342032303231	50936	3472
lcc	1	463338362e332e4d33372031393935	50936	3472
lcc	1	463338362e332e4d34352032303039	50936	3472
lcc	1	463338362e332e4e33342032303130	50936	3472
lcc	1	463338362e332e4f34352032303130	50936	3472
lcc	1	463338362e332e4f38332032303138	50936	3472
lcc	1	463338362e332e5033352032303031	50936	3472
lcc	1	463338362e332e503335332032303131	50936	3472
lcc	1	463338362e332e503335342032303136	50936	3472
lcc	1	463338362e332e5034352031393934	50936	3472
lcc	1	463338362e332e5034352032303032	50936	3472
lcc	1	463338362e332e5034352032303132	50936	3472
lcc	1	463338362e332e503435352032303232	50936	3472
lcc	1	463338362e332e503437352032303039	50936	3472
lcc	1	463338362e332e50372032303139	50936	3472
lcc	1	463338362e332e5037322032303133	50936	3472
lcc	1	463338362e332e5235332031393838	50936	3472
lcc	1	463338362e332e5332372032303036	50936	3472
lcc	1	463338362e332e5335342032303033	50936	3472
lcc	1	463338362e332e5335382032303130	50936	3472
lcc	1	463338362e332e5336362032303038	50936	3472
lcc	1	463338362e332e5336362032303134	50936	3472
lcc	1	463338362e332e533732352032303035	50936	3472
lcc	1	463338362e332e5432352032303134	50936	3472
lcc	1	463338362e332e5433362032303033	50936	3472
lcc	1	463338362e332e5434372032303133	50936	3472
lcc	1	463338362e332e543437332032303230	50936	3472
lcc	1	463338362e332e5438372031393936	50936	3472
lcc	1	463338362e332e5733352032303038	50936	3472
lcc	1	463338362e332e5733362032303038	50936	3472
lcc	1	463338362e332e5735352031393935	50936	3472
lcc	1	463338362e35202e4131352032303036	50936	3472
lcc	1	463338362e35202e423437	50936	3472
lcc	1	463338362e35202e43343620313939316562	50936	3472
lcc	1	463338362e35202e433437	50936	3472
lcc	1	463338362e35202e453337	50936	3472
lcc	1	463338362e35202e4635372031393937	50936	3472
lcc	1	463338362e35202e4635382031393935	50936	3472
lcc	1	463338362e35202e4737332032303036	50936	3472
lcc	1	463338362e35202e4836342031393836	50936	3472
lcc	1	463338362e35202e4d33372031393935	50936	3472
lcc	1	463338362e35202e4d35352031393935	50936	3472
lcc	1	463338362e35202e5233362031393834	50936	3472
lcc	1	463338362e35202e5335352031393930	50936	3472
lcc	1	463338362e35202e5335362031393836	50936	3472
lcc	1	463338362e35202e5434372031393836	50936	3472
lcc	1	463338362e35202e543438	50936	3472
lcc	1	463338362e35202e5434382031393932	50936	3472
lcc	1	463338362e35202e5434382031393938	50936	3472
lcc	1	463338362e35202e5434382032303033	50936	3472
lcc	1	463338362e35202e543438332031393935	50936	3472
lcc	1	463338362e35202e543438342031393836	50936	3472
lcc	1	463338362e35202e543438352031393836	50936	3472
lcc	1	463338362e35202e543438372031393931	50936	3472
lcc	1	463338362e35202e543439	50936	3472
lcc	1	463338362e35202e5435332032303133	50936	3472
lcc	1	463338362e35202e543637	50936	3472
lcc	1	463338362e35202e5436372031393936	50936	3472
lcc	1	463338362e35202e5437332031393835	50936	3472
lcc	1	463338362e35202e5535342031393838	50936	3472
lcc	1	463338362e35202e553534203139383862	50936	3472
lcc	1	463338362e35202e5634372032303132	50936	3472
lcc	1	463338362e35202e573337	50936	3472
lcc	1	463338362e35202e573338	50936	3472
lcc	1	463338362e35202e573339	50936	3472
lcc	1	463338362e35202e5736352031393936	50936	3472
lcc	1	463338362e35202e5736362032303039	50936	3472
lcc	1	463338362e352e4131352032303036	50936	3472
lcc	1	463338362e352e423437	50936	3472
lcc	1	463338362e352e4334362031393931	50936	3472
lcc	1	463338362e352e4635372031393937	50936	3472
lcc	1	463338362e352e4635382031393935	50936	3472
lcc	1	463338362e352e4737342031393835	50936	3472
lcc	1	463338362e352e4d33332031393834	50936	3472
lcc	1	463338362e352e4d35352031393935	50936	3472
lcc	1	463338362e352e5233362031393834	50936	3472
lcc	1	463338362e352e5335352031393930	50936	3472
lcc	1	463338362e352e5433392032303132	50936	3472
lcc	1	463338362e352e5434382032303033	50936	3472
lcc	1	463338362e352e543438372031393931	50936	3472
lcc	1	463338362e352e5435332032303133	50936	3472
lcc	1	463338362e352e5436372031393936	50936	3472
lcc	1	463338362e36202e4233352032303131	50936	3472
lcc	1	463338362e36202e4233372032303032	50936	3472
lcc	1	463338362e36202e4235342031393933	50936	3472
lcc	1	463338362e36202e4235352032303038	50936	3472
lcc	1	463338362e36202e4235352032303133	50936	3472
lcc	1	463338362e36202e4237382032303038	50936	3472
lcc	1	463338362e36202e4333342032303034	50936	3472
lcc	1	463338362e36202e4333362031393937	50936	3472
lcc	1	463338362e36202e433336332031393939	50936	3472
lcc	1	463338362e36202e4333372032303034	50936	3472
lcc	1	463338362e36202e4333372032303039	50936	3472
lcc	1	463338362e36202e43343820313939306562	50936	3472
lcc	1	463338362e36202e4334392032303033	50936	3472
lcc	1	463338362e36202e4336362032303038	50936	3472
lcc	1	463338362e36202e4336372032303131	50936	3472
lcc	1	463338362e36202e433638352032303132	50936	3472
lcc	1	463338362e36202e4336392032303135	50936	3472
lcc	1	463338362e36202e433639322032303131	50936	3472
lcc	1	463338362e36202e4337382031393936	50936	3472
lcc	1	463338362e36202e433738382032303230	50936	3472
lcc	1	463338362e36202e4436392031393937	50936	3472
lcc	1	463338362e36202e4437362032303035	50936	3472
lcc	1	463338362e36202e4438362032303132	50936	3472
lcc	1	463338362e36202e4633362032303033	50936	3472
lcc	1	463338362e36202e4635382032303030	50936	3472
lcc	1	463338362e36202e4733372031393937	50936	3472
lcc	1	463338362e36202e4735352032303132	50936	3472
lcc	1	463338362e36202e4737332032303130	50936	3472
lcc	1	463338362e36202e483334	50936	3472
lcc	1	463338362e36202e4838342032303032	50936	3472
lcc	1	463338362e36202e4935332032303130	50936	3472
lcc	1	463338362e36202e4935342032303035	50936	3472
lcc	1	463338362e36202e4935352032303037	50936	3472
lcc	1	463338362e36202e4a34362032303030	50936	3472
lcc	1	463338362e36202e4a36362032303035	50936	3472
lcc	1	463338362e36202e4b34352032303030	50936	3472
lcc	1	463338362e36202e4b34352032303034	50936	3472
lcc	1	463338362e36202e4b34352032303131	50936	3472
lcc	1	463338362e36202e4b3436	50936	3472
lcc	1	463338362e36202e4b35332032303130	50936	3472
lcc	1	463338362e36202e4c34382032303138	50936	3472
lcc	1	463338362e36202e4d33382031393836	50936	3472
lcc	1	463338362e36202e4d33392032303130	50936	3472
lcc	1	463338362e36202e4e332031393935	50936	3472
lcc	1	463338362e36202e5037382031393832	50936	3472
lcc	1	463338362e36202e523337	50936	3472
lcc	1	463338362e36202e5332382032303032	50936	3472
lcc	1	463338362e36202e5333362032303036	50936	3472
lcc	1	463338362e36202e5336352032303032	50936	3472
lcc	1	463338362e36202e5433352032303031	50936	3472
lcc	1	463338362e36202e5433392032303134	50936	3472
lcc	1	463338362e36202e54342032303030	50936	3472
lcc	1	463338362e36202e5436342031393833	50936	3472
lcc	1	463338362e36202e5437342032303035	50936	3472
lcc	1	463338362e36202e5535332032303034	50936	3472
lcc	1	463338362e36202e5535342032303133	50936	3472
lcc	1	463338362e36202e5634362032303131	50936	3472
lcc	1	463338362e36202e5734352031393931	50936	3472
lcc	1	463338362e36202e5736362031393732	50936	3472
lcc	1	463338362e36202e573636352031393930	50936	3472
lcc	1	463338362e36205332382032303031	50936	3472
lcc	1	463338362e362e4233352032303131	50936	3472
lcc	1	463338362e362e423534332032303137	50936	3472
lcc	1	463338362e362e423534352032303137	50936	3472
lcc	1	463338362e362e4235352032303133	50936	3472
lcc	1	463338362e362e4333352032303034	50936	3472
lcc	1	463338362e362e4333362031393937	50936	3472
lcc	1	463338362e362e433336332032303030	50936	3472
lcc	1	463338362e362e4333363320323030306562	50936	3472
lcc	1	463338362e362e4334372031393931	50936	3472
lcc	1	463338362e362e4334382031393930	50936	3472
lcc	1	463338362e362e4334392032303033	50936	3472
lcc	1	463338362e362e4336372032303131	50936	3472
lcc	1	463338362e362e433637352032303139	50936	3472
lcc	1	463338362e362e4336392032303036	50936	3472
lcc	1	463338362e362e4336392032303135	50936	3472
lcc	1	463338362e362e433639322032303131	50936	3472
lcc	1	463338362e362e4337382031393936	50936	3472
lcc	1	463338362e362e4337382032303038	50936	3472
lcc	1	463338362e362e4337382032303230	50936	3472
lcc	1	463338362e362e4532352031393938	50936	3472
lcc	1	463338362e362e4532352031393939	50936	3472
lcc	1	463338362e362e4633362032303033	50936	3472
lcc	1	463338362e362e4635382032303030	50936	3472
lcc	1	463338362e362e4636352032303037	50936	3472
lcc	1	463338362e362e4637352032303031	50936	3472
lcc	1	463338362e362e4733372031393937	50936	3472
lcc	1	463338362e362e4737342031393938	50936	3472
lcc	1	463338362e362e4836332032303031	50936	3472
lcc	1	463338362e362e4838342032303031	50936	3472
lcc	1	463338362e362e4935332032303130	50936	3472
lcc	1	463338362e362e4935332032303136	50936	3472
lcc	1	463338362e362e4935342032303035	50936	3472
lcc	1	463338362e362e4935343420323031366562	50936	3472
lcc	1	463338362e362e4935352032303036	50936	3472
lcc	1	463338362e362e4a33362031393931	50936	3472
lcc	1	463338362e362e4a34362032303030	50936	3472
lcc	1	463338362e362e4a36362032303035	50936	3472
lcc	1	463338362e362e4b34352032303030	50936	3472
lcc	1	463338362e362e4b34352032303034	50936	3472
lcc	1	463338362e362e4c34382032303138	50936	3472
lcc	1	463338362e362e4d33362031393937	50936	3472
lcc	1	463338362e362e4d33382031393836	50936	3472
lcc	1	463338362e362e4d3339352032303038	50936	3472
lcc	1	463338362e362e5336352032303032	50936	3472
lcc	1	463338362e362e5339342031393836	50936	3472
lcc	1	463338362e362e5433352032303031	50936	3472
lcc	1	463338362e362e5433392032303134	50936	3472
lcc	1	463338362e362e54333920323031346562	50936	3472
lcc	1	463338362e362e54342032303030	50936	3472
lcc	1	463338362e362e5436342031393833	50936	3472
lcc	1	463338362e362e5634362032303131	50936	3472
lcc	1	463338362e362e5734332032303130	50936	3472
lcc	1	463338362e362e5734372032303136	50936	3472
lcc	1	463338362e365332382032303031	50936	3472
lcc	1	463338362e38202e5033382031393935	50936	3472
lcc	1	463338362e38202e5037362032303038	50936	3472
lcc	1	463338362e38202e5233352032303134	50936	3472
lcc	1	463338362e38202e5733332032303034	50936	3472
lcc	1	463338362e38202e5733332032303038	50936	3472
lcc	1	463338362e382e5733332032303038	50936	3472
lcc	1	463338362e4131342032303230	50936	3472
lcc	1	463338362e4139352031393939	50936	3472
lcc	1	463338362e4231372031393931	50936	3472
lcc	1	463338362e4332362032303037	50936	3472
lcc	1	463338362e433236382032303034	50936	3472
lcc	1	463338362e433236382032303133	50936	3472
lcc	1	463338362e433236382032303137	50936	3472
lcc	1	463338362e4333353820323031346562	50936	3472
lcc	1	463338362e433634352031393939	50936	3472
lcc	1	463338362e4338362032303134	50936	3472
lcc	1	463338362e4435362031393935	50936	3472
lcc	1	463338362e4435372032303135	50936	3472
lcc	1	463338362e4436352031393935	50936	3472
lcc	1	463338362e4532382032303137	50936	3472
lcc	1	463338362e4535372032303131	50936	3472
lcc	1	463338362e4536362031393939	50936	3472
lcc	1	463338362e46342032303030	50936	3472
lcc	1	463338362e4635372031393738	50936	3472
lcc	1	463338362e4635372031393936	50936	3472
lcc	1	463338362e463538342032303236	50936	3472
lcc	1	463338362e4636342032303030	50936	3472
lcc	1	463338362e4636382031393938	50936	3472
lcc	1	463338362e463732	50936	3472
lcc	1	463338362e4637364237362031393939	50936	3472
lcc	1	463338362e473539352032303134	50936	3472
lcc	1	463338362e4736352031393934	50936	3472
lcc	1	463338362e4738382031393838	50936	3472
lcc	1	463338362e48323335352032303036	50936	3472
lcc	1	463338362e483233362031393931	50936	3472
lcc	1	463338362e483236372032303139	50936	3472
lcc	1	463338362e4832372032303137	50936	3472
lcc	1	463338362e483237352032303231	50936	3472
lcc	1	463338362e4a3636352032303231	50936	3472
lcc	1	463338362e4b35382031393931	50936	3472
lcc	1	463338362e4c33372032303130	50936	3472
lcc	1	463338362e4c37382032303037	50936	3472
lcc	1	463338362e4d3333372031393839	50936	3472
lcc	1	463338362e4d3333392031393936	50936	3472
lcc	1	463338362e4d3333392032303131	50936	3472
lcc	1	463338362e4d3334352032303036	50936	3472
lcc	1	463338362e4d333438372031393938	50936	3472
lcc	1	463338362e4d3335	50936	3472
lcc	1	463338362e5037382032303034	50936	3472
lcc	1	463338362e5336332032303230	50936	3472
lcc	1	463338362e533634362032303133	50936	3472
lcc	1	463338362e5338392031393835	50936	3472
lcc	1	463338362e5338392031393937	50936	3472
lcc	1	463338362e5338392031393939	50936	3472
lcc	1	463338362e5338392032303030	50936	3472
lcc	1	463338362e543331362032303034	50936	3472
lcc	1	463338362e543332352032303132	50936	3472
lcc	1	463338362e543334372031393834	50936	3472
lcc	1	463338362e543433342032303031	50936	3472
lcc	1	463338362e543433342032303035	50936	3472
lcc	1	463338362e543433342032303130	50936	3472
lcc	1	463338362e543936352032303038	50936	3472
lcc	1	463338362e5533352032303232	50936	3472
lcc	1	463338362e5733342032303035	50936	3472
lcc	1	463338362e5734362032303134	50936	3472
lcc	1	463338362e5738362032303030	50936	3472
lcc	1	463338362e57383620323030306562	50936	3472
lcc	1	463338362f202e4535372032303131	50936	3472
lcc	1	46333837	50936	3472
lcc	1	46333837202e413532352032303135	50936	3472
lcc	1	46333837202e4135332032303036	50936	3472
lcc	1	46333837202e4137332031393931	50936	3472
lcc	1	46333837202e4233332031393839	50936	3472
lcc	1	46333837202e4233372031393836	50936	3472
lcc	1	46333837202e4233372032303038	50936	3472
lcc	1	46333837202e4234	50936	3472
lcc	1	46333837202e423437	50936	3472
lcc	1	46333837202e423734352032303138	50936	3472
lcc	1	46333837202e4238352032303039	50936	3472
lcc	1	46333837202e4332372032303130	50936	3472
lcc	1	46333837202e433532352032303131	50936	3472
lcc	1	46333837202e4335352032303138	50936	3472
lcc	1	46333837202e4335362032303031	50936	3472
lcc	1	46333837202e4335372031393836	50936	3472
lcc	1	46333837202e4433382031393932	50936	3472
lcc	1	46333837202e443636362031393932	50936	3472
lcc	1	46333837202e4436382031393939	50936	3472
lcc	1	46333837202e4436382032303035	50936	3472
lcc	1	46333837202e4436382032303133	50936	3472
lcc	1	46333837202e4436392032303138	50936	3472
lcc	1	46333837202e4633352031393834	50936	3472
lcc	1	46333837202e4635362032303030	50936	3472
lcc	1	46333837202e4636382031393939	50936	3472
lcc	1	46333837202e4636392031393935	50936	3472
lcc	1	46333837202e4738332031393931	50936	3472
lcc	1	46333837202e473835	50936	3472
lcc	1	46333837202e4738382031393936	50936	3472
lcc	1	46333837202e48332031393930	50936	3472
lcc	1	46333837202e483335352032303033	50936	3472
lcc	1	46333837202e483337203139393078	50936	3472
lcc	1	46333837202e4835342031393939	50936	3472
lcc	1	46333837202e4835352032303031	50936	3472
lcc	1	46333837202e4835352032303032	50936	3472
lcc	1	46333837202e4835362031393932	50936	3472
lcc	1	46333837202e4835372031393734	50936	3472
lcc	1	46333837202e4835392031393836	50936	3472
lcc	1	46333837202e4836352031393835	50936	3472
lcc	1	46333837202e4935342031393932	50936	3472
lcc	1	46333837202e4935362032303132	50936	3472
lcc	1	46333837202e4c3336	50936	3472
lcc	1	46333837202e4c34332032303031	50936	3472
lcc	1	46333837202e4c38352032303031	50936	3472
lcc	1	46333837202e4d34332032303033	50936	3472
lcc	1	46333837202e4d34372031393934	50936	3472
lcc	1	46333837202e4d35352031393835	50936	3472
lcc	1	46333837202e4d38342031393935	50936	3472
lcc	1	46333837202e4f34352032303037	50936	3472
lcc	1	46333837202e4f35342032303034	50936	3472
lcc	1	46333837202e4f35352032303133	50936	3472
lcc	1	46333837202e4f39342032303034	50936	3472
lcc	1	46333837202e503238322032303133	50936	3472
lcc	1	46333837202e5034392031393835	50936	3472
lcc	1	46333837202e5035332031393938	50936	3472
lcc	1	46333837202e5036382032303133	50936	3472
lcc	1	46333837202e5234332031393832	50936	3472
lcc	1	46333837202e523438352032303034	50936	3472
lcc	1	46333837202e523439	50936	3472
lcc	1	46333837202e5235332031393930	50936	3472
lcc	1	46333837202e5235352032303135	50936	3472
lcc	1	46333837202e5332372032303134	50936	3472
lcc	1	46333837202e5335342032303031	50936	3472
lcc	1	46333837202e5336342032303134	50936	3472
lcc	1	46333837202e533737	50936	3472
lcc	1	46333837202e5434362032303034	50936	3472
lcc	1	46333837202e543439322031393835	50936	3472
lcc	1	46333837202e543439372031393839	50936	3472
lcc	1	46333837202e54352031393836	50936	3472
lcc	1	46333837202e5538362032303133	50936	3472
lcc	1	46333837202e5634372032303030	50936	3472
lcc	1	46333837202e5734392031393834	50936	3472
lcc	1	46333837202e57362031393835	50936	3472
lcc	1	46333837202e5736332031393839	50936	3472
lcc	1	46333837202e5736332031393932	50936	3472
lcc	1	46333837202e5935372032303130	50936	3472
lcc	1	46333837202e5939362032303132	50936	3472
lcc	1	463338372e413532352032303135	50936	3472
lcc	1	463338372e413532362032303132	50936	3472
lcc	1	463338372e4137332031393931	50936	3472
lcc	1	463338372e4138362031393937	50936	3472
lcc	1	463338372e423335332032303033	50936	3472
lcc	1	463338372e423734352032303138	50936	3472
lcc	1	463338372e4238352032303039	50936	3472
lcc	1	463338372e4333332031393838	50936	3472
lcc	1	463338372e4335362032303031	50936	3472
lcc	1	463338372e4433382031393932	50936	3472
lcc	1	463338372e4436382031393939	50936	3472
lcc	1	463338372e4436382032303035	50936	3472
lcc	1	463338372e4436392032303138	50936	3472
lcc	1	463338372e4634342031393835	50936	3472
lcc	1	463338372e4635362032303030	50936	3472
lcc	1	463338372e463636382032303139	50936	3472
lcc	1	463338372e4636382031393939	50936	3472
lcc	1	463338372e4738382031393936	50936	3472
lcc	1	463338372e4835352032303031	50936	3472
lcc	1	463338372e4835392031393836	50936	3472
lcc	1	463338372e4935362032303132	50936	3472
lcc	1	463338372e4c3336	50936	3472
lcc	1	463338372e4d34332032303033	50936	3472
lcc	1	463338372e4d3433382032303036	50936	3472
lcc	1	463338372e4d38362032303031	50936	3472
lcc	1	463338372e4f35342032303033	50936	3472
lcc	1	463338372e5032382031393935	50936	3472
lcc	1	463338372e503238342032303036	50936	3472
lcc	1	463338372e5234382032303030	50936	3472
lcc	1	463338372e5235332031393930	50936	3472
lcc	1	463338372e5235352032303135	50936	3472
lcc	1	463338372e5332382032303138	50936	3472
lcc	1	463338372e5335342032303031	50936	3472
lcc	1	463338372e5336342032303134	50936	3472
lcc	1	463338372e5338332032303139	50936	3472
lcc	1	463338372e533833352032303230	50936	3472
lcc	1	463338372e5439352032303232	50936	3472
lcc	1	463338372e5538352032303130	50936	3472
lcc	1	463338372e5538362032303133	50936	3472
lcc	1	463338372e5634372032303030	50936	3472
lcc	1	463338372e5935372032303039	50936	3472
lcc	1	463338372e5939362032303132	50936	3472
lcc	1	46333838202e4133342032303030	50936	3472
lcc	1	46333838202e4137333534322032303037	50936	3472
lcc	1	46333838202e4235352032303134	50936	3472
lcc	1	46333838202e4434332032303039	50936	3472
lcc	1	46333838202e4636382031393833	50936	3472
lcc	1	46333838202e4d33372032303032	50936	3472
lcc	1	46333838202e4d33372032303033	50936	3472
lcc	1	46333838202e4e38362031393839	50936	3472
lcc	1	46333838202e54333837	50936	3472
lcc	1	463338382e4235352032303134	50936	3472
lcc	1	463338382e4434332032303039	50936	3472
lcc	1	463338382e4d33372032303032	50936	3472
lcc	1	46333839202e413232	50936	3472
lcc	1	46333839202e4132322031393931	50936	3472
lcc	1	46333839202e413438352031393938	50936	3472
lcc	1	46333839202e413933362031393639	50936	3472
lcc	1	46333839202e41393431342031393831	50936	3472
lcc	1	46333839202e41393436	50936	3472
lcc	1	46333839202e4139343935	50936	3472
lcc	1	46333839202e4232352031393635	50936	3472
lcc	1	46333839202e4237332032303135	50936	3472
lcc	1	46333839202e4237352031393632	50936	3472
lcc	1	46333839202e4237362032303137	50936	3472
lcc	1	46333839202e423935	50936	3472
lcc	1	46333839202e4239352031393731	50936	3472
lcc	1	46333839202e42393634	50936	3472
lcc	1	46333839202e423936352032303032	50936	3472
lcc	1	46333839202e4332332031393838	50936	3472
lcc	1	46333839202e4334342031393932	50936	3472
lcc	1	46333839202e4334342032303039	50936	3472
lcc	1	46333839202e4334342032303130	50936	3472
lcc	1	46333839202e4334352031393836	50936	3472
lcc	1	46333839202e4334372032303133	50936	3472
lcc	1	46333839202e4335382032303032	50936	3472
lcc	1	46333839202e4335392031393736	50936	3472
lcc	1	46333839202e4434372031393933	50936	3472
lcc	1	46333839202e4435332032303032	50936	3472
lcc	1	46333839202e44362031393931	50936	3472
lcc	1	46333839202e4532352031393930	50936	3472
lcc	1	46333839202e4537352032303032	50936	3472
lcc	1	46333839202e4636362032303137	50936	3472
lcc	1	46333839202e473220766f6c2e203839	50936	3472
lcc	1	46333839202e473233352032303230	50936	3472
lcc	1	46333839202e4738352031393837	50936	3472
lcc	1	46333839202e4738372031393931	50936	3472
lcc	1	46333839202e473837362031393934	50936	3472
lcc	1	46333839202e4833362031393736	50936	3472
lcc	1	46333839202e4833372032303035	50936	3472
lcc	1	46333839202e4833382032303031	50936	3472
lcc	1	46333839202e4834372031393837	50936	3472
lcc	1	46333839202e4837332031393733	50936	3472
lcc	1	46333839202e4837332031393831	50936	3472
lcc	1	46333839202e4837332031393835	50936	3472
lcc	1	46333839202e4838372031393832	50936	3472
lcc	1	46333839202e4a36362032303035	50936	3472
lcc	1	46333839202e4b36322031393736	50936	3472
lcc	1	46333839202e4c34352032303137	50936	3472
lcc	1	46333839202e4c3437382032303134	50936	3472
lcc	1	46333839202e4c35362031393836	50936	3472
lcc	1	46333839202e4d3137	50936	3472
lcc	1	46333839202e4d3339362032303133	50936	3472
lcc	1	46333839202e4d362032303130	50936	3472
lcc	1	46333839202e4d3637	50936	3472
lcc	1	46333839202e4d36372032303131	50936	3472
lcc	1	46333839202e4d37362032303130	50936	3472
lcc	1	46333839202e4d37382031393939	50936	3472
lcc	1	46333839202e4e3535	50936	3472
lcc	1	46333839202e50343631332031393831	50936	3472
lcc	1	46333839202e503838	50936	3472
lcc	1	46333839202e5333392031393835	50936	3472
lcc	1	46333839202e5335392031393835	50936	3472
lcc	1	46333839202e5336362031393833	50936	3472
lcc	1	46333839202e5336392031393934	50936	3472
lcc	1	46333839202e5339332031393731	50936	3472
lcc	1	46333839202e5339352031393930	50936	3472
lcc	1	46333839202e5433362032303035	50936	3472
lcc	1	46333839202e543337352031393938	50936	3472
lcc	1	46333839202e5434392031393938	50936	3472
lcc	1	46333839202e5638342031393735	50936	3472
lcc	1	46333839202e573338	50936	3472
lcc	1	46333839202e5737322032303133	50936	3472
lcc	1	463338392e4132322031393931	50936	3472
lcc	1	463338392e4139324737332031393837	50936	3472
lcc	1	463338392e41393431342031393831	50936	3472
lcc	1	463338392e41393432204333362032303135	50936	3472
lcc	1	463338392e41393432205034372032303134	50936	3472
lcc	1	463338392e41393432205733332031393933	50936	3472
lcc	1	463338392e41393432205733342032303039	50936	3472
lcc	1	463338392e413934324333362031393939	50936	3472
lcc	1	463338392e413934324333362032303135	50936	3472
lcc	1	463338392e413934324833352032303033	50936	3472
lcc	1	463338392e413934325034372032303134	50936	3472
lcc	1	463338392e4233372032303234	50936	3472
lcc	1	463338392e4237332032303135	50936	3472
lcc	1	463338392e4238204533362032303033	50936	3472
lcc	1	463338392e4238204733352032303030	50936	3472
lcc	1	463338392e4238204733352032303135	50936	3472
lcc	1	463338392e4238204836362031393934	50936	3472
lcc	1	463338392e4238204a36342032303031	50936	3472
lcc	1	463338392e4238205336342032303132	50936	3472
lcc	1	463338392e4238322031393938	50936	3472
lcc	1	463338392e423832352032303137	50936	3472
lcc	1	463338392e42383320463738	50936	3472
lcc	1	463338392e42384533362032303033	50936	3472
lcc	1	463338392e42384733352032303030	50936	3472
lcc	1	463338392e42384733352032303135	50936	3472
lcc	1	463338392e42384a36342032303031	50936	3472
lcc	1	463338392e42385332372032303139	50936	3472
lcc	1	463338392e42385336342032303132	50936	3472
lcc	1	463338392e42393535204333372031393836	50936	3472
lcc	1	463338392e423935354333372031393836	50936	3472
lcc	1	463338392e433433382032303031	50936	3472
lcc	1	463338392e4334342032303039	50936	3472
lcc	1	463338392e4334352031393836	50936	3472
lcc	1	463338392e4334372032303133	50936	3472
lcc	1	463338392e4335382032303032	50936	3472
lcc	1	463338392e44362031393931	50936	3472
lcc	1	463338392e4532334b35362031393831	50936	3472
lcc	1	463338392e4537352032303032	50936	3472
lcc	1	463338392e4636362032303137	50936	3472
lcc	1	463338392e4636392031393935	50936	3472
lcc	1	463338392e473233352032303230	50936	3472
lcc	1	463338392e4734362032303130	50936	3472
lcc	1	463338392e473532204133332031393835	50936	3472
lcc	1	463338392e4833382032303031	50936	3472
lcc	1	463338392e4834372031393837	50936	3472
lcc	1	463338392e483738204c342031393837	50936	3472
lcc	1	463338392e4837384c342031393837	50936	3472
lcc	1	463338392e4a36362032303035	50936	3472
lcc	1	463338392e4c34352032303137	50936	3472
lcc	1	463338392e4c34382032303130	50936	3472
lcc	1	463338392e4c3835204337332031393930	50936	3472
lcc	1	463338392e4c3835204736362031393832	50936	3472
lcc	1	463338392e4c3835205034382032303034	50936	3472
lcc	1	463338392e4c3835205233352032303031	50936	3472
lcc	1	463338392e4c383520573332392032303039	50936	3472
lcc	1	463338392e4c38352057333239352032303039	50936	3472
lcc	1	463338392e4c3835205733332031393938	50936	3472
lcc	1	463338392e4c38355034382032303034	50936	3472
lcc	1	463338392e4c38355233352032303030	50936	3472
lcc	1	463338392e4c39332041332032303038	50936	3472
lcc	1	463338392e4d3339362032303133	50936	3472
lcc	1	463338392e4d35342032303030	50936	3472
lcc	1	463338392e4e3635205735352031393837	50936	3472
lcc	1	463338392e503438204338362032303039	50936	3472
lcc	1	463338392e5034384338362032303039	50936	3472
lcc	1	463338392e503533352032303130	50936	3472
lcc	1	463338392e5236392032303130	50936	3472
lcc	1	463338392e523835204d333720323032306562	50936	3472
lcc	1	463338392e5238354d33372032303230	50936	3472
lcc	1	463338392e5333392031393835	50936	3472
lcc	1	463338392e5334352032303235	50936	3472
lcc	1	463338392e5336362031393833	50936	3472
lcc	1	463338392e5339352031393930	50936	3472
lcc	1	463338392e5433362032303035	50936	3472
lcc	1	463338392e543337352031393938	50936	3472
lcc	1	463338392e5435332031393934	50936	3472
lcc	1	463338392e5437205437332032303133	50936	3472
lcc	1	463338392e54375437332032303133	50936	3472
lcc	1	463338392e573538204838382032303033	50936	3472
lcc	1	463338392e5735384838382032303032	50936	3472
lcc	1	463338392e5737322032303133	50936	3472
lcc	1	463338392e5738352031393938	50936	3472
lcc	1	46333930202e413230362032303039	50936	3472
lcc	1	46333930202e4133332031393936	50936	3472
lcc	1	46333930202e413335382032303134	50936	3472
lcc	1	46333930202e4133362032303033	50936	3472
lcc	1	46333930202e42333335	50936	3472
lcc	1	46333930202e423333392031393930	50936	3472
lcc	1	46333930202e4233382031393835	50936	3472
lcc	1	46333930202e4235352032303034	50936	3472
lcc	1	46333930202e4236372032303031	50936	3472
lcc	1	46333930202e4236382031393839	50936	3472
lcc	1	46333930202e4236392031393939	50936	3472
lcc	1	46333930202e4237332031393839	50936	3472
lcc	1	46333930202e423833322032303037	50936	3472
lcc	1	46333930202e423838372032303131	50936	3472
lcc	1	46333930202e42392032303031	50936	3472
lcc	1	46333930202e42393132342032303130	50936	3472
lcc	1	46333930202e423932352032303231	50936	3472
lcc	1	46333930202e4332352032303134	50936	3472
lcc	1	46333930202e4332372032303133	50936	3472
lcc	1	46333930202e433331362031393930	50936	3472
lcc	1	46333930202e433331372031393736	50936	3472
lcc	1	46333930202e433331372032303036	50936	3472
lcc	1	46333930202e433338352032303035	50936	3472
lcc	1	46333930202e4334382031393930	50936	3472
lcc	1	46333930202e43343820313939306562	50936	3472
lcc	1	46333930202e43352031393937	50936	3472
lcc	1	46333930202e433532352032303131	50936	3472
lcc	1	46333930202e4335372032303133	50936	3472
lcc	1	46333930202e4336352032303033	50936	3472
lcc	1	46333930202e433638352032303131	50936	3472
lcc	1	46333930202e433638352032303132	50936	3472
lcc	1	46333930202e433732382031393833	50936	3472
lcc	1	46333930202e4337332032303035	50936	3472
lcc	1	46333930202e4337372032303135	50936	3472
lcc	1	46333930202e4337392032303034	50936	3472
lcc	1	46333930202e4337392032303035	50936	3472
lcc	1	46333930202e44323735372032303034	50936	3472
lcc	1	46333930202e44323735392032303035	50936	3472
lcc	1	46333930202e443237362031393938	50936	3472
lcc	1	46333930202e4435352032303034	50936	3472
lcc	1	46333930202e443535203230303462	50936	3472
lcc	1	46333930202e4436342032303035	50936	3472
lcc	1	46333930202e44363431382032303036	50936	3472
lcc	1	46333930202e4438342031393930	50936	3472
lcc	1	46333930202e4533322032303030	50936	3472
lcc	1	46333930202e45333220323030306562	50936	3472
lcc	1	46333930202e4633372032303034	50936	3472
lcc	1	46333930202e4634392031393832	50936	3472
lcc	1	46333930202e4637392032303036	50936	3472
lcc	1	46333930202e4637392032303037	50936	3472
lcc	1	46333930202e4731352032303033	50936	3472
lcc	1	46333930202e4732332032303030	50936	3472
lcc	1	46333930202e4735392032303133	50936	3472
lcc	1	46333930202e47353931382032303134	50936	3472
lcc	1	46333930202e4737332032303139	50936	3472
lcc	1	46333930202e4737392031393733	50936	3472
lcc	1	46333930202e4738342031393930	50936	3472
lcc	1	46333930202e473834352031393939	50936	3472
lcc	1	46333930202e4738352031393936	50936	3472
lcc	1	46333930202e4738352032303031	50936	3472
lcc	1	46333930202e4738372031393837	50936	3472
lcc	1	46333930202e4738382032303034	50936	3472
lcc	1	46333930202e4738392032303135	50936	3472
lcc	1	46333930202e483238372032303031	50936	3472
lcc	1	46333930202e483238372032303034	50936	3472
lcc	1	46333930202e4833332031393939	50936	3472
lcc	1	46333930202e48333320323030376562	50936	3472
lcc	1	46333930202e4833372032303138	50936	3472
lcc	1	46333930202e4835372031393837	50936	3472
lcc	1	46333930202e48362032303037	50936	3472
lcc	1	46333930202e483832372031393830	50936	3472
lcc	1	46333930202e48383337382031393734	50936	3472
lcc	1	46333930202e4838342032303035	50936	3472
lcc	1	46333930202e483834342031393732	50936	3472
lcc	1	46333930202e483834373233	50936	3472
lcc	1	46333930202e4838352031393732	50936	3472
lcc	1	46333930202e4838353434	50936	3472
lcc	1	46333930202e483931352031393939	50936	3472
lcc	1	46333930202e483931352a	50936	3472
lcc	1	46333930202e483932352032303131	50936	3472
lcc	1	46333930202e4a322031393836	50936	3472
lcc	1	46333930202e4a33372032303132	50936	3472
lcc	1	46333930202e4a342031393837	50936	3472
lcc	1	46333930202e4a36372032303035	50936	3472
lcc	1	46333930202e4a36372032303036	50936	3472
lcc	1	46333930202e4a3732342032303035	50936	3472
lcc	1	46333930202e4b32332032303032	50936	3472
lcc	1	46333930202e4b3234352032303131	50936	3472
lcc	1	46333930202e4b32352032303031	50936	3472
lcc	1	46333930202e4b3333342032303034	50936	3472
lcc	1	46333930202e4b33352032303133	50936	3472
lcc	1	46333930202e4b33362031393734	50936	3472
lcc	1	46333930202e4b36362031393836	50936	3472
lcc	1	46333930202e4c31382031393938	50936	3472
lcc	1	46333930202e4c3139332032303232	50936	3472
lcc	1	46333930202e4c3139342031393932	50936	3472
lcc	1	46333930202e4c3139352031393935	50936	3472
lcc	1	46333930202e4c3232	50936	3472
lcc	1	46333930202e4c32342032303134	50936	3472
lcc	1	46333930202e4c33352032303038	50936	3472
lcc	1	46333930202e4c33372032303038	50936	3472
lcc	1	46333930202e4c3438352032303039	50936	3472
lcc	1	46333930202e4c3536782031393936	50936	3472
lcc	1	46333930202e4c36362031393738	50936	3472
lcc	1	46333930202e4c36362031393837	50936	3472
lcc	1	46333930202e4c39362031393730	50936	3472
lcc	1	46333930202e4d313036	50936	3472
lcc	1	46333930202e4d313233	50936	3472
lcc	1	46333930202e4d31382032303032	50936	3472
lcc	1	46333930202e4d33372032303033	50936	3472
lcc	1	46333930202e4d33372032303134	50936	3472
lcc	1	46333930202e4d34392032303135	50936	3472
lcc	1	46333930202e4d35322031393930	50936	3472
lcc	1	46333930202e4d3532332032303134	50936	3472
lcc	1	46333930202e4d3532342032303033	50936	3472
lcc	1	46333930202e4d353234352032303036	50936	3472
lcc	1	46333930202e4d36352032303136	50936	3472
lcc	1	46333930202e4d37332032303034	50936	3472
lcc	1	46333930202e4d37382031393837	50936	3472
lcc	1	46333930202e4d3834352032303134	50936	3472
lcc	1	46333930202e4d3835332032303039	50936	3472
lcc	1	46333930202e4d38362032303033	50936	3472
lcc	1	46333930202e4d3837	50936	3472
lcc	1	46333930202e4d3837352031393931	50936	3472
lcc	1	46333930202e4d38382031393836	50936	3472
lcc	1	46333930202e4d39	50936	3472
lcc	1	46333930202e4e3238	50936	3472
lcc	1	46333930202e4e33	50936	3472
lcc	1	46333930202e4e3332	50936	3472
lcc	1	46333930202e4e33372032303133	50936	3472
lcc	1	46333930202e4e3435352032303034	50936	3472
lcc	1	46333930202e4e3435352032303131	50936	3472
lcc	1	46333930202e4e34353531382032303036	50936	3472
lcc	1	46333930202e4e34362032303035	50936	3472
lcc	1	46333930202e4e35342031393733	50936	3472
lcc	1	46333930202e4e36342031393932	50936	3472
lcc	1	46333930202e4e36342031393934	50936	3472
lcc	1	46333930202e4e36342032303031	50936	3472
lcc	1	46333930202e4f33382032303036	50936	3472
lcc	1	46333930202e4f333831382032303037	50936	3472
lcc	1	46333930202e4f35342032303036	50936	3472
lcc	1	46333930202e503331372031393939	50936	3472
lcc	1	46333930202e50333331332031393933	50936	3472
lcc	1	46333930202e50333331332031393934	50936	3472
lcc	1	46333930202e50333333322031393937	50936	3472
lcc	1	46333930202e5033343331332031393937	50936	3472
lcc	1	46333930202e503338362032303133	50936	3472
lcc	1	46333930202e50382031393839	50936	3472
lcc	1	46333930202e503832352032303133	50936	3472
lcc	1	46333930202e5038323531382032303136	50936	3472
lcc	1	46333930202e503836332031393737	50936	3472
lcc	1	46333930202e5038392032303036	50936	3472
lcc	1	46333930202e523131352031393934	50936	3472
lcc	1	46333930202e5233332031393837	50936	3472
lcc	1	46333930202e5233382031393834	50936	3472
lcc	1	46333930202e52333831332031393839	50936	3472
lcc	1	46333930202e5234372031393839	50936	3472
lcc	1	46333930202e523533203139383278	50936	3472
lcc	1	46333930202e5235362032303034	50936	3472
lcc	1	46333930202e5235382031393937	50936	3472
lcc	1	46333930202e5236352032303231	50936	3472
lcc	1	46333930202e5236362032303133	50936	3472
lcc	1	46333930202e5236372032303031	50936	3472
lcc	1	46333930202e523638352032303133	50936	3472
lcc	1	46333930202e523639382031393839	50936	3472
lcc	1	46333930202e52372031393835	50936	3472
lcc	1	46333930202e5238342032303036	50936	3472
lcc	1	46333930202e5332342031393833	50936	3472
lcc	1	46333930202e533234332031393937	50936	3472
lcc	1	46333930202e5333332032303036	50936	3472
lcc	1	46333930202e53333331382032303036	50936	3472
lcc	1	46333930202e533335	50936	3472
lcc	1	46333930202e5333362031393835	50936	3472
lcc	1	46333930202e533436352031393931	50936	3472
lcc	1	46333930202e533436352032303032	50936	3472
lcc	1	46333930202e53343635332032303132	50936	3472
lcc	1	46333930202e53353520313733	50936	3472
lcc	1	46333930202e533535382032303035	50936	3472
lcc	1	46333930202e5335372032303137	50936	3472
lcc	1	46333930202e5335382032303034	50936	3472
lcc	1	46333930202e5336393431332032303030	50936	3472
lcc	1	46333930202e533639372031393934	50936	3472
lcc	1	46333930202e5336393731382031393934	50936	3472
lcc	1	46333930202e5337322032303132	50936	3472
lcc	1	46333930202e5337392031393737	50936	3472
lcc	1	46333930202e533835	50936	3472
lcc	1	46333930202e5338392031393937	50936	3472
lcc	1	46333930202e5339342031393738	50936	3472
lcc	1	46333930202e5431342031393731	50936	3472
lcc	1	46333930202e543332342032303037	50936	3472
lcc	1	46333930202e5433352032303131	50936	3472
lcc	1	46333930202e5433382031393733	50936	3472
lcc	1	46333930202e543338352032303132	50936	3472
lcc	1	46333930202e5434342032303039	50936	3472
lcc	1	46333930202e543434372032303032	50936	3472
lcc	1	46333930202e543434372032303035	50936	3472
lcc	1	46333930202e5434352032303031	50936	3472
lcc	1	46333930202e54352031393538	50936	3472
lcc	1	46333930202e54352031393835	50936	3472
lcc	1	46333930202e5436342031393937	50936	3472
lcc	1	46333930202e5436392032303036	50936	3472
lcc	1	46333930202e543832392032303136	50936	3472
lcc	1	46333930202e5438332032303130	50936	3472
lcc	1	46333930202e573137352032303037	50936	3472
lcc	1	46333930202e573139342031393738	50936	3472
lcc	1	46333930202e5732352031393636	50936	3472
lcc	1	46333930202e5732352031393833	50936	3472
lcc	1	46333930202e573333	50936	3472
lcc	1	46333930202e573333352032303039	50936	3472
lcc	1	46333930202e5733372031393835	50936	3472
lcc	1	46333930202e5733373531382032303037	50936	3472
lcc	1	46333930202e573338	50936	3472
lcc	1	46333930202e5733382031393836	50936	3472
lcc	1	46333930202e5737352032303033	50936	3472
lcc	1	46333930202e5738332031393936	50936	3472
lcc	1	46333930202e5738372032303132	50936	3472
lcc	1	46333930202e5936362032303134	50936	3472
lcc	1	46333930202e5a3831352031393731	50936	3472
lcc	1	46333930204e35342031393733	50936	3472
lcc	1	463339302e413230362032303039	50936	3472
lcc	1	463339302e4133342032303035	50936	3472
lcc	1	463339302e413335204533352032303034	50936	3472
lcc	1	463339302e413335205233362032303034	50936	3472
lcc	1	463339302e4133354533352032303033	50936	3472
lcc	1	463339302e4133355233362032303034	50936	3472
lcc	1	463339302e4133362032303033	50936	3472
lcc	1	463339302e413435204134342032303033	50936	3472
lcc	1	463339302e423333392031393930	50936	3472
lcc	1	463339302e4233382031393835	50936	3472
lcc	1	463339302e4234342032303038	50936	3472
lcc	1	463339302e4237204b34372031393839	50936	3472
lcc	1	463339302e42374b34372031393839	50936	3472
lcc	1	463339302e423833322032303037	50936	3472
lcc	1	463339302e423833332032303034	50936	3472
lcc	1	463339302e423838372032303131	50936	3472
lcc	1	463339302e42392032303031	50936	3472
lcc	1	463339302e423932352032303231	50936	3472
lcc	1	463339302e4332352032303134	50936	3472
lcc	1	463339302e43323520323031346562	50936	3472
lcc	1	463339302e4332372032303133	50936	3472
lcc	1	463339302e4333313735204337362031393838	50936	3472
lcc	1	463339302e43333137364437392032303134	50936	3472
lcc	1	463339302e433338352032303035	50936	3472
lcc	1	463339302e4334354f37342031393936	50936	3472
lcc	1	463339302e4334372031393839	50936	3472
lcc	1	463339302e4334382031393930	50936	3472
lcc	1	463339302e43352031393937	50936	3472
lcc	1	463339302e433532352032303131	50936	3472
lcc	1	463339302e4335372032303133	50936	3472
lcc	1	463339302e433635352032303231	50936	3472
lcc	1	463339302e4336382032303035	50936	3472
lcc	1	463339302e433638352032303131	50936	3472
lcc	1	463339302e4337372032303135	50936	3472
lcc	1	463339302e433837204337342031393936	50936	3472
lcc	1	463339302e44323735372032303036	50936	3472
lcc	1	463339302e443237362031393938	50936	3472
lcc	1	463339302e4435352032303034	50936	3472
lcc	1	463339302e4436342032303035	50936	3472
lcc	1	463339302e44363431382032303036	50936	3472
lcc	1	463339302e4436362032303132	50936	3472
lcc	1	463339302e4436362032303133	50936	3472
lcc	1	463339302e4438342031393930	50936	3472
lcc	1	463339302e45333431332032303231	50936	3472
lcc	1	463339302e453837204334352032303039	50936	3472
lcc	1	463339302e453837204d333820313939366562	50936	3472
lcc	1	463339302e4538374d33382031393936	50936	3472
lcc	1	463339302e4538382032303038	50936	3472
lcc	1	463339302e463233204237362032303030	50936	3472
lcc	1	463339302e4632334237362032303030	50936	3472
lcc	1	463339302e4633372032303034	50936	3472
lcc	1	463339302e4634325337332031393937	50936	3472
lcc	1	463339302e46343931332031393835	50936	3472
lcc	1	463339302e4635382032303032	50936	3472
lcc	1	463339302e463639352032303231	50936	3472
lcc	1	463339302e4637392032303036	50936	3472
lcc	1	463339302e4731352032303033	50936	3472
lcc	1	463339302e4732332032303030	50936	3472
lcc	1	463339302e47353931382032303134	50936	3472
lcc	1	463339302e4737332032303139	50936	3472
lcc	1	463339302e4738342031393930	50936	3472
lcc	1	463339302e4738343520313939396562	50936	3472
lcc	1	463339302e4738352031393936	50936	3472
lcc	1	463339302e4738352032303031	50936	3472
lcc	1	463339302e4738352032303137	50936	3472
lcc	1	463339302e4738382032303033	50936	3472
lcc	1	463339302e483139352032303139	50936	3472
lcc	1	463339302e48323233204833	50936	3472
lcc	1	463339302e48323233205235342032303132	50936	3472
lcc	1	463339302e483237352032303130	50936	3472
lcc	1	463339302e4832382032303234	50936	3472
lcc	1	463339302e483238205735352031393930	50936	3472
lcc	1	463339302e483238372032303031	50936	3472
lcc	1	463339302e4832392031393934	50936	3472
lcc	1	463339302e48323920313939346562	50936	3472
lcc	1	463339302e4833342031393930	50936	3472
lcc	1	463339302e4833372032303138	50936	3472
lcc	1	463339302e483538204134332032303036	50936	3472
lcc	1	463339302e4835384134332032303036	50936	3472
lcc	1	463339302e4835384233372031393839	50936	3472
lcc	1	463339302e483539372032303130	50936	3472
lcc	1	463339302e48362032303037	50936	3472
lcc	1	463339302e4838	50936	3472
lcc	1	463339302e48383234204b34372031393837	50936	3472
lcc	1	463339302e4838323420533420313937306562	50936	3472
lcc	1	463339302e483832344b34372031393837	50936	3472
lcc	1	463339302e483832345334	50936	3472
lcc	1	463339302e483833332031393935	50936	3472
lcc	1	463339302e48383337382031393734	50936	3472
lcc	1	463339302e483834	50936	3472
lcc	1	463339302e483834204134352032303132	50936	3472
lcc	1	463339302e483834204136362031393938	50936	3472
lcc	1	463339302e483834204333362031393933	50936	3472
lcc	1	463339302e483834204333362032303032	50936	3472
lcc	1	463339302e483834204333362032303037	50936	3472
lcc	1	463339302e48383420433336352032303034	50936	3472
lcc	1	463339302e483834204337332031393838	50936	3472
lcc	1	463339302e483834204337332031393933	50936	3472
lcc	1	463339302e4838342044342031393933	50936	3472
lcc	1	463339302e483834204637342031393639	50936	3472
lcc	1	463339302e483834204637352031393938	50936	3472
lcc	1	463339302e483834204736362031393833	50936	3472
lcc	1	463339302e483834204737342031393936	50936	3472
lcc	1	463339302e48383420473734342032303036	50936	3472
lcc	1	463339302e483834204833352031393932	50936	3472
lcc	1	463339302e483834204833372032303037	50936	3472
lcc	1	463339302e483834204836372031393837	50936	3472
lcc	1	463339302e483834204a33333520313939396562	50936	3472
lcc	1	463339302e483834204b35352032303139	50936	3472
lcc	1	463339302e483834205034372032303134	50936	3472
lcc	1	463339302e483834205236392032303137	50936	3472
lcc	1	463339302e483834205333362031393936	50936	3472
lcc	1	463339302e483834205437382032303034	50936	3472
lcc	1	463339302e483834205733332031393933	50936	3472
lcc	1	463339302e48383420573333342032303039	50936	3472
lcc	1	463339302e48383420573333352032303038	50936	3472
lcc	1	463339302e483834205735352031393934	50936	3472
lcc	1	463339302e483834205736362032303033	50936	3472
lcc	1	463339302e483834205a33332031393838	50936	3472
lcc	1	463339302e4838342e4f35342032303136	50936	3472
lcc	1	463339302e48383438205735352031393938	50936	3472
lcc	1	463339302e4838343938204c33372031393931	50936	3472
lcc	1	463339302e48383439384c33372031393931	50936	3472
lcc	1	463339302e4838344236332032303130	50936	3472
lcc	1	463339302e4838344236372032303032	50936	3472
lcc	1	463339302e4838344333362032303032	50936	3472
lcc	1	463339302e4838344333362032303037	50936	3472
lcc	1	463339302e4838344333372031393837	50936	3472
lcc	1	463339302e4838344637352031393836	50936	3472
lcc	1	463339302e483834473734342032303036	50936	3472
lcc	1	463339302e4838344833342032303031	50936	3472
lcc	1	463339302e4838344836372031393837	50936	3472
lcc	1	463339302e4838344b35352032303139	50936	3472
lcc	1	463339302e4838345034372032303134	50936	3472
lcc	1	463339302e48383452362031393933	50936	3472
lcc	1	463339302e4838345236392032303137	50936	3472
lcc	1	463339302e4838345333362031393936	50936	3472
lcc	1	463339302e4838345437382032303033	50936	3472
lcc	1	463339302e4838345438372032303130	50936	3472
lcc	1	463339302e4838345736362032303033	50936	3472
lcc	1	463339302e4838345a33332031393838	50936	3472
lcc	1	463339302e48393135	50936	3472
lcc	1	463339302e483931352031393939	50936	3472
lcc	1	463339302e4839322031393937	50936	3472
lcc	1	463339302e483932352032303131	50936	3472
lcc	1	463339302e4a3133362031393937	50936	3472
lcc	1	463339302e4a322031393836	50936	3472
lcc	1	463339302e4a33372032303132	50936	3472
lcc	1	463339302e4a3634204a33332032303135	50936	3472
lcc	1	463339302e4a36344a33332032303135	50936	3472
lcc	1	463339302e4a36372032303035	50936	3472
lcc	1	463339302e4a3736205034382032303134	50936	3472
lcc	1	463339302e4a37364635382031393936	50936	3472
lcc	1	463339302e4a37365034382032303134	50936	3472
lcc	1	463339302e4b3234352032303131	50936	3472
lcc	1	463339302e4b32352032303031	50936	3472
lcc	1	463339302e4b33352032303133	50936	3472
lcc	1	463339302e4b35382032303139	50936	3472
lcc	1	463339302e4b37342032303032	50936	3472
lcc	1	463339302e4c3139352031393935	50936	3472
lcc	1	463339302e4c32204135352032303035	50936	3472
lcc	1	463339302e4c32204a36342032303134	50936	3472
lcc	1	463339302e4c32205233352031393835	50936	3472
lcc	1	463339302e4c3220533533	50936	3472
lcc	1	463339302e4c32342032303134	50936	3472
lcc	1	463339302e4c3235204237392032303038	50936	3472
lcc	1	463339302e4c32354237392032303038	50936	3472
lcc	1	463339302e4c324135352032303035	50936	3472
lcc	1	463339302e4c324a36342032303134	50936	3472
lcc	1	463339302e4c324d36372031393934	50936	3472
lcc	1	463339302e4c325233352031393835	50936	3472
lcc	1	463339302e4c33352032303038	50936	3472
lcc	1	463339302e4c3438352032303039	50936	3472
lcc	1	463339302e4c35342032303033	50936	3472
lcc	1	463339302e4c35372032303232	50936	3472
lcc	1	463339302e4c36332031393930	50936	3472
lcc	1	463339302e4d3132372032303039	50936	3472
lcc	1	463339302e4d31382032303032	50936	3472
lcc	1	463339302e4d3438352031393935	50936	3472
lcc	1	463339302e4d3532342032303137	50936	3472
lcc	1	463339302e4d3532352032303032	50936	3472
lcc	1	463339302e4d3532352032303033	50936	3472
lcc	1	463339302e4d3532365336342031393939	50936	3472
lcc	1	463339302e4d3532382032303031	50936	3472
lcc	1	463339302e4d3535	50936	3472
lcc	1	463339302e4d3637204333372032303033	50936	3472
lcc	1	463339302e4d36374333372032303030	50936	3472
lcc	1	463339302e4d37332032303034	50936	3472
lcc	1	463339302e4d3736204838332032303031	50936	3472
lcc	1	463339302e4d37392041332032303035	50936	3472
lcc	1	463339302e4d373941332032303035	50936	3472
lcc	1	463339302e4d3835352032303039	50936	3472
lcc	1	463339302e4e33342031393938	50936	3472
lcc	1	463339302e4e33372032303133	50936	3472
lcc	1	463339302e4e3338204738372031393839	50936	3472
lcc	1	463339302e4e3338204d33342032303130	50936	3472
lcc	1	463339302e4e3338205034372032303134	50936	3472
lcc	1	463339302e4e333831332031393935	50936	3472
lcc	1	463339302e4e33384738372031393839	50936	3472
lcc	1	463339302e4e33384d33342032303130	50936	3472
lcc	1	463339302e4e33385034372032303134	50936	3472
lcc	1	463339302e4e34334b35362032303031	50936	3472
lcc	1	463339302e4e34334b35362032303032	50936	3472
lcc	1	463339302e4e34342032303134	50936	3472
lcc	1	463339302e4e3435352032303033	50936	3472
lcc	1	463339302e4e36342031393932	50936	3472
lcc	1	463339302e4e36342031393934	50936	3472
lcc	1	463339302e4f33382032303036	50936	3472
lcc	1	463339302e4f333831382032303037	50936	3472
lcc	1	463339302e50333331332031393934	50936	3472
lcc	1	463339302e5033343331332031393937	50936	3472
lcc	1	463339302e503832352032303133	50936	3472
lcc	1	463339302e503838204635372032303036	50936	3472
lcc	1	463339302e523131352031393934	50936	3472
lcc	1	463339302e5233392032303037	50936	3472
lcc	1	463339302e5234362032303034	50936	3472
lcc	1	463339302e5234372031393839	50936	3472
lcc	1	463339302e5235342032303032	50936	3472
lcc	1	463339302e5236362032303133	50936	3472
lcc	1	463339302e5236372032303031	50936	3472
lcc	1	463339302e5238342032303036	50936	3472
lcc	1	463339302e5331354d36362032303030	50936	3472
lcc	1	463339302e5333332032303035	50936	3472
lcc	1	463339302e5334332031393939	50936	3472
lcc	1	463339302e5334332032303030	50936	3472
lcc	1	463339302e533436352032303032	50936	3472
lcc	1	463339302e5334392031393936	50936	3472
lcc	1	463339302e533439342031393938	50936	3472
lcc	1	463339302e5335352031393536	50936	3472
lcc	1	463339302e533535382032303035	50936	3472
lcc	1	463339302e533535382032303037	50936	3472
lcc	1	463339302e5335372032303137	50936	3472
lcc	1	463339302e5336343432204833372031393936	50936	3472
lcc	1	463339302e53363434324833372031393936	50936	3472
lcc	1	463339302e5336393431332032303030	50936	3472
lcc	1	463339302e533639372031393934	50936	3472
lcc	1	463339302e5337322032303132	50936	3472
lcc	1	463339302e53382032303034	50936	3472
lcc	1	463339302e5338392031393937	50936	3472
lcc	1	463339302e533839332032303038	50936	3472
lcc	1	463339302e543332342032303037	50936	3472
lcc	1	463339302e543338352032303132	50936	3472
lcc	1	463339302e5434342032303039	50936	3472
lcc	1	463339302e5434352032303031	50936	3472
lcc	1	463339302e54343520323030316562	50936	3472
lcc	1	463339302e54352031393835	50936	3472
lcc	1	463339302e5436342031393938	50936	3472
lcc	1	463339302e5436392032303036	50936	3472
lcc	1	463339302e5533352032303230	50936	3472
lcc	1	463339302e563337204b36352032303038	50936	3472
lcc	1	463339302e5731372031393932	50936	3472
lcc	1	463339302e573137352032303135	50936	3472
lcc	1	463339302e573236204833372031393939	50936	3472
lcc	1	463339302e573236205336392031393839	50936	3472
lcc	1	463339302e5732364833372031393939	50936	3472
lcc	1	463339302e57333232204838362032303039	50936	3472
lcc	1	463339302e573333352032303038	50936	3472
lcc	1	463339302e5733372031393835	50936	3472
lcc	1	463339302e573338	50936	3472
lcc	1	463339302e5733382031393836	50936	3472
lcc	1	463339302e573437205438332032303134	50936	3472
lcc	1	463339302e5734374234372032303230	50936	3472
lcc	1	463339302e5734374237362032303130	50936	3472
lcc	1	463339302e5734375438332032303134	50936	3472
lcc	1	463339302e5736352031393936	50936	3472
lcc	1	463339302e573733483436	50936	3472
lcc	1	463339302e5737352032303130	50936	3472
lcc	1	463339302e5737372032303032	50936	3472
lcc	1	463339302e573737352032303034	50936	3472
lcc	1	463339302e5738372032303132	50936	3472
lcc	1	463339302e5739332032303039	50936	3472
lcc	1	463339302e5a33332032303131	50936	3472
lcc	1	463339302e5a34204736362032303132	50936	3472
lcc	1	463339302e5a34204d33382032303035	50936	3472
lcc	1	463339302e5a344834362031393936	50936	3472
lcc	1	463339302e5a344d33382032303035	50936	3472
lcc	1	463339302e5a3831352031393731	50936	3472
lcc	1	46333931202e413237	50937	3472
lcc	1	46333931202e4132382032303135	50937	3472
lcc	1	46333931202e4132392032303133	50937	3472
lcc	1	46333931202e413239342032303137	50937	3472
lcc	1	46333931202e413239352032303136	50937	3472
lcc	1	46333931202e4133322032303039	50937	3472
lcc	1	46333931202e41352031393832	50937	3472
lcc	1	46333931202e413536	50937	3472
lcc	1	46333931202e413738	50937	3472
lcc	1	46333931202e42323131352032303135	50937	3472
lcc	1	46333931202e423231322032303036	50937	3472
lcc	1	46333931202e42323134352032303036	50937	3472
lcc	1	46333931202e4232372031393830	50937	3472
lcc	1	46333931202e4232372031393939	50937	3472
lcc	1	46333931202e4232382031393834	50937	3472
lcc	1	46333931202e423239332031393835	50937	3472
lcc	1	46333931202e423332382031393836	50937	3472
lcc	1	46333931202e423332382031393931	50937	3472
lcc	1	46333931202e423332382031393935	50937	3472
lcc	1	46333931202e423438372031393836	50937	3472
lcc	1	46333931202e4235342031393931	50937	3472
lcc	1	46333931202e4235382032303030	50937	3472
lcc	1	46333931202e4237393531332031393931	50937	3472
lcc	1	46333931202e423834342031393835	50937	3472
lcc	1	46333931202e423834342031393838	50937	3472
lcc	1	46333931202e42383436362032303139	50937	3472
lcc	1	46333931202e423834372031393834	50937	3472
lcc	1	46333931202e423834382031393932	50937	3472
lcc	1	46333931202e423837382032303031	50937	3472
lcc	1	46333931202e423933	50937	3472
lcc	1	46333931202e4333352031393933	50937	3472
lcc	1	46333931202e4336332032303134	50937	3472
lcc	1	46333931202e4336362032303139	50937	3472
lcc	1	46333931202e4336382031393931	50937	3472
lcc	1	46333931202e4337352031393238	50937	3472
lcc	1	46333931202e433736	50937	3472
lcc	1	46333931202e433736352031393838	50937	3472
lcc	1	46333931202e433737332032303231	50937	3472
lcc	1	46333931202e43373833372032303130	50937	3472
lcc	1	46333931202e4337392031393836	50937	3472
lcc	1	46333931202e443234	50937	3472
lcc	1	46333931202e443235352031393930	50937	3472
lcc	1	46333931202e4432362031393931	50937	3472
lcc	1	46333931202e4434322031393938	50937	3472
lcc	1	46333931202e44343220313939386562	50937	3472
lcc	1	46333931202e4436392031393837	50937	3472
lcc	1	46333931202e443731342031393839	50937	3472
lcc	1	46333931202e4437322031393838	50937	3472
lcc	1	46333931202e4437322032303037	50937	3472
lcc	1	46333931202e4437332031393932	50937	3472
lcc	1	46333931202e443934	50937	3472
lcc	1	46333931202e44393635	50937	3472
lcc	1	46333931202e4534332032303038	50937	3472
lcc	1	46333931202e4534352032303039	50937	3472
lcc	1	46333931202e4534382032303136	50937	3472
lcc	1	46333931202e4632362032303032	50937	3472
lcc	1	46333931202e46323620323030326562	50937	3472
lcc	1	46333931202e4632392031393834	50937	3472
lcc	1	46333931202e4634352031393931	50937	3472
lcc	1	46333931202e4635342032303036	50937	3472
lcc	1	46333931202e4636372031393837	50937	3472
lcc	1	46333931202e4637362032303031	50937	3472
lcc	1	46333931202e4731372031393732	50937	3472
lcc	1	46333931202e47343732	50937	3472
lcc	1	46333931202e473437332031393736	50937	3472
lcc	1	46333931202e4736382031393931	50937	3472
lcc	1	46333931202e473638352031393932	50937	3472
lcc	1	46333931202e4736392031393837	50937	3472
lcc	1	46333931202e473834372032303133	50937	3472
lcc	1	46333931202e4738352031393839	50937	3472
lcc	1	46333931202e4738392032303135	50937	3472
lcc	1	46333931202e483134352032303134	50937	3472
lcc	1	46333931202e4831372031393933	50937	3472
lcc	1	46333931202e4832362031393631	50937	3472
lcc	1	46333931202e483237382032303133	50937	3472
lcc	1	46333931202e4832382032303034	50937	3472
lcc	1	46333931202e483338352032303139	50937	3472
lcc	1	46333931202e483735352032303137	50937	3472
lcc	1	46333931202e4837382031393938	50937	3472
lcc	1	46333931202e483836	50937	3472
lcc	1	46333931202e4938332032303034	50937	3472
lcc	1	46333931202e4a333434352032303034	50937	3472
lcc	1	46333931202e4a3335362032303137	50937	3472
lcc	1	46333931202e4a33362031393839	50937	3472
lcc	1	46333931202e4a3534332031393937	50937	3472
lcc	1	46333931202e4a35352032303136	50937	3472
lcc	1	46333931202e4a36342032303033	50937	3472
lcc	1	46333931202e4a3634332032303139	50937	3472
lcc	1	46333931202e4a3634352032303134	50937	3472
lcc	1	46333931202e4a36362031393837	50937	3472
lcc	1	46333931202e4b33362032303135	50937	3472
lcc	1	46333931202e4b3337	50937	3472
lcc	1	46333931202e4b3533352031393937	50937	3472
lcc	1	46333931202e4b39342031393736	50937	3472
lcc	1	46333931202e4c32342031393931	50937	3472
lcc	1	46333931202e4c34352031393833	50937	3472
lcc	1	46333931202e4c3533	50937	3472
lcc	1	46333931202e4c38322031393833	50937	3472
lcc	1	46333931202e4c3832322031393836	50937	3472
lcc	1	46333931202e4c3832332031393836	50937	3472
lcc	1	46333931202e4d32352031393931	50937	3472
lcc	1	46333931202e4d3432352032303134	50937	3472
lcc	1	46333931202e4d3435332031393734	50937	3472
lcc	1	46333931202e4d3436	50937	3472
lcc	1	46333931202e4d3436362031393839	50937	3472
lcc	1	46333931202e4d3436362032303035	50937	3472
lcc	1	46333931202e4d36332032303131	50937	3472
lcc	1	46333931202e4d3634352032303132	50937	3472
lcc	1	46333931202e4d392031393930	50937	3472
lcc	1	46333931202e4d39332031393932	50937	3472
lcc	1	46333931202e4d3933342032303130	50937	3472
lcc	1	46333931202e4d3933352031393832	50937	3472
lcc	1	46333931202e4d3933372032303035	50937	3472
lcc	1	46333931202e4d39342031393931	50937	3472
lcc	1	46333931202e4e34392032303131	50937	3472
lcc	1	46333931202e4f34362031393836	50937	3472
lcc	1	46333931202e4f3531322031393738	50937	3472
lcc	1	46333931202e4f3531322031393831	50937	3472
lcc	1	46333931202e4f3531322032303034	50937	3472
lcc	1	46333931202e4f353132203230303462	50937	3472
lcc	1	46333931202e5032322032303232	50937	3472
lcc	1	46333931202e5032342031393834	50937	3472
lcc	1	46333931202e503235	50937	3472
lcc	1	46333931202e5032352032303034	50937	3472
lcc	1	46333931202e503236332032303138	50937	3472
lcc	1	46333931202e50323633352032303232	50937	3472
lcc	1	46333931202e503236352032303230	50937	3472
lcc	1	46333931202e503236362032303131	50937	3472
lcc	1	46333931202e503535	50937	3472
lcc	1	46333931202e503535352032303131	50937	3472
lcc	1	46333931202e5036332031393732	50937	3472
lcc	1	46333931202e5036372031393932	50937	3472
lcc	1	46333931202e503734	50937	3472
lcc	1	46333931202e5038332031393934	50937	3472
lcc	1	46333931202e5038332031393935	50937	3472
lcc	1	46333931202e503834	50937	3472
lcc	1	46333931202e5231382031393730	50937	3472
lcc	1	46333931202e5235342031393837	50937	3472
lcc	1	46333931202e523534332031393931	50937	3472
lcc	1	46333931202e5236332031393837	50937	3472
lcc	1	46333931202e523634372032303030	50937	3472
lcc	1	46333931202e523634372032303031	50937	3472
lcc	1	46333931202e53322031393834	50937	3472
lcc	1	46333931202e533232352031393931	50937	3472
lcc	1	46333931202e533232352031393932	50937	3472
lcc	1	46333931202e533539	50937	3472
lcc	1	46333931202e53363938	50937	3472
lcc	1	46333931202e53372031393838	50937	3472
lcc	1	46333931202e533734352031393931	50937	3472
lcc	1	46333931202e5337372032303038	50937	3472
lcc	1	46333931202e53383237	50937	3472
lcc	1	46333931202e533835352032303132	50937	3472
lcc	1	46333931202e5338362031393930	50937	3472
lcc	1	46333931202e533932	50937	3472
lcc	1	46333931202e5339342032303031	50937	3472
lcc	1	46333931202e533935	50937	3472
lcc	1	46333931202e533937	50937	3472
lcc	1	46333931202e543231382032303038	50937	3472
lcc	1	46333931202e543231382032303039	50937	3472
lcc	1	46333931202e5432352032303031	50937	3472
lcc	1	46333931202e543237372031393836	50937	3472
lcc	1	46333931202e54333831332031393834	50937	3472
lcc	1	46333931202e5433392031383736	50937	3472
lcc	1	46333931202e54342032303036	50937	3472
lcc	1	46333931202e54353131362032303034	50937	3472
lcc	1	46333931202e543531322031393836	50937	3472
lcc	1	46333931202e54353133	50937	3472
lcc	1	46333931202e543732352032303133	50937	3472
lcc	1	46333931202e543733352032303133	50937	3472
lcc	1	46333931202e55392032303032	50937	3472
lcc	1	46333931202e55392032303033	50937	3472
lcc	1	46333931202e5539332032303037	50937	3472
lcc	1	46333931202e5636342031393834	50937	3472
lcc	1	46333931202e573333	50937	3472
lcc	1	46333931202e5733372031393932	50937	3472
lcc	1	46333931202e5734332031393635	50937	3472
lcc	1	46333931202e573537372031393731	50937	3472
lcc	1	46333931202e5736362032303031	50937	3472
lcc	1	46333931202e5736392031393939	50937	3472
lcc	1	46333931202e573639352032303136	50937	3472
lcc	1	46333931202e5737	50937	3472
lcc	1	46333931202e5737332032303131	50937	3472
lcc	1	46333931202e5737382032303136	50937	3472
lcc	1	46333931202e57382031393937	50937	3472
lcc	1	46333931202e5739322031393837	50937	3472
lcc	1	46333931202e5739332032303030	50937	3472
lcc	1	46333931202e5739332032303031	50937	3472
lcc	1	46333931202e5739352031393639	50937	3472
lcc	1	46333931205232352031393636	50937	3472
lcc	1	463339312e32202e4132332031393939	50938	3472
lcc	1	463339312e32202e4137362032303032	50938	3472
lcc	1	463339312e32202e4137362032303033	50938	3472
lcc	1	463339312e32202e42332031393732	50938	3472
lcc	1	463339312e32202e423636	50938	3472
lcc	1	463339312e32202e4237332031393835	50938	3472
lcc	1	463339312e32202e4237352032303038	50938	3472
lcc	1	463339312e32202e4333332031393933	50938	3472
lcc	1	463339312e32202e4336352032303030	50938	3472
lcc	1	463339312e32202e43363520323030306562	50938	3472
lcc	1	463339312e32202e443432	50938	3472
lcc	1	463339312e32202e4435332032303033	50938	3472
lcc	1	463339312e32202e4435392031393838	50938	3472
lcc	1	463339312e32202e4736362031393739	50938	3472
lcc	1	463339312e32202e4736362031393938	50938	3472
lcc	1	463339312e32202e48332032303037	50938	3472
lcc	1	463339312e32202e4834362031393932	50938	3472
lcc	1	463339312e32202e4834382031393931	50938	3472
lcc	1	463339312e32202e4933332031393835	50938	3472
lcc	1	463339312e32202e4939352031393931	50938	3472
lcc	1	463339312e32202e4939352031393932	50938	3472
lcc	1	463339312e32202e4b3637372032303036	50938	3472
lcc	1	463339312e32202e4b38332031393838	50938	3472
lcc	1	463339312e32202e4c32362032303033	50938	3472
lcc	1	463339312e32202e4c342031393933	50938	3472
lcc	1	463339312e32202e4c34332031393831	50938	3472
lcc	1	463339312e32202e4c35342032303033	50938	3472
lcc	1	463339312e32202e4c35362032303033	50938	3472
lcc	1	463339312e32202e4c3536203230303362	50938	3472
lcc	1	463339312e32202e4d32332032303035	50938	3472
lcc	1	463339312e32202e4d32332032303036	50938	3472
lcc	1	463339312e32202e4d32342032303032	50938	3472
lcc	1	463339312e32202e4d3234352032303038	50938	3472
lcc	1	463339312e32202e4d32352031393833	50938	3472
lcc	1	463339312e32202e4d36372031393832	50938	3472
lcc	1	463339312e32202e4d3833	50938	3472
lcc	1	463339312e32202e5034372032303030	50938	3472
lcc	1	463339312e32202e503633	50938	3472
lcc	1	463339312e32202e5037342032303137	50938	3472
lcc	1	463339312e32202e5234332032303030	50938	3472
lcc	1	463339312e32202e5234342031393932	50938	3472
lcc	1	463339312e32202e5234352032303030	50938	3472
lcc	1	463339312e32202e5332362031393938	50938	3472
lcc	1	463339312e32202e533237	50938	3472
lcc	1	463339312e32202e5332382032303030	50938	3472
lcc	1	463339312e32202e5332392031393832	50938	3472
lcc	1	463339312e32202e53372031393933	50938	3472
lcc	1	463339312e32202e5337332031393837	50938	3472
lcc	1	463339312e32202e543438	50938	3472
lcc	1	463339312e32202e543438332031393836	50938	3472
lcc	1	463339312e32202e543438352031393835	50938	3472
lcc	1	463339312e32202e5436342031393934	50938	3472
lcc	1	463339312e32202e5633352032303136	50938	3472
lcc	1	463339312e32202e573433	50938	3472
lcc	1	463339312e32202e573635352032303034	50938	3472
lcc	1	463339312e32202e5736362031393835	50938	3472
lcc	1	463339312e32202e5737352032303138	50938	3472
lcc	1	463339312e32202e573735203230313862	50938	3472
lcc	1	463339312e32204d32352032303031	50938	3472
lcc	1	463339312e32204d32352032303138	50938	3472
lcc	1	463339312e3220543439342031393937	50938	3472
lcc	1	463339312e322e4137362032303032	50938	3472
lcc	1	463339312e322e4137362032303033	50938	3472
lcc	1	463339312e322e4234352032303231	50938	3472
lcc	1	463339312e322e42353632204b37332031393737	50938	3472
lcc	1	463339312e322e4236372032303231	50938	3472
lcc	1	463339312e322e4237352032303038	50938	3472
lcc	1	463339312e322e4237392031393939	50938	3472
lcc	1	463339312e322e423739352032303034	50938	3472
lcc	1	463339312e322e423739352032303035	50938	3472
lcc	1	463339312e322e4333352032303030	50938	3472
lcc	1	463339312e322e4336382032303137	50938	3472
lcc	1	463339312e322e4338362032303130	50938	3472
lcc	1	463339312e322e4435342031393939	50938	3472
lcc	1	463339312e322e4435382032303030	50938	3472
lcc	1	463339312e322e4637332031393935	50938	3472
lcc	1	463339312e322e4736362031393938	50938	3472
lcc	1	463339312e322e4834362031393932	50938	3472
lcc	1	463339312e322e483436352031393934	50938	3472
lcc	1	463339312e322e4b36322031393836	50938	3472
lcc	1	463339312e322e4c342031393933	50938	3472
lcc	1	463339312e322e4d32342032303032	50938	3472
lcc	1	463339312e322e4d3234352032303038	50938	3472
lcc	1	463339312e322e4d32352031393839	50938	3472
lcc	1	463339312e322e5034372032303030	50938	3472
lcc	1	463339312e322e5035342032303130	50938	3472
lcc	1	463339312e322e5234342031393932	50938	3472
lcc	1	463339312e322e5234352032303030	50938	3472
lcc	1	463339312e322e5234362031393935	50938	3472
lcc	1	463339312e322e5332362031393938	50938	3472
lcc	1	463339312e322e5332382032303030	50938	3472
lcc	1	463339312e322e53372031393933	50938	3472
lcc	1	463339312e322e5436342031393934	50938	3472
lcc	1	463339312e322e5633352032303136	50938	3472
lcc	1	463339312e322e5633362032303030	50938	3472
lcc	1	463339312e322e5734382031393836	50938	3472
lcc	1	463339312e322e573635352032303034	50938	3472
lcc	1	463339312e324d32352032303138	50938	3472
lcc	1	463339312e33	50938	3472
lcc	1	463339312e33202e4336362032303132	50938	3472
lcc	1	463339312e33202e4635372032303137	50938	3472
lcc	1	463339312e33202e4a36362032303030	50938	3472
lcc	1	463339312e33202e4d33332031393837	50938	3472
lcc	1	463339312e33202e4d34332032303138	50938	3472
lcc	1	463339312e332e4336362032303132	50938	3472
lcc	1	463339312e332e4a36362032303030	50938	3472
lcc	1	463339312e332e4c3639204d33332032303133	50938	3472
lcc	1	463339312e332e4d33332031393836	50938	3472
lcc	1	463339312e342e4132332041332032303136	50938	3472
lcc	1	463339312e342e41323341332032303136	50938	3472
lcc	1	463339312e342e4137372041332032303036	50938	3472
lcc	1	463339312e342e41373741332032303036	50938	3472
lcc	1	463339312e342e4233372041332032303036	50938	3472
lcc	1	463339312e342e423538204b372031393930	50938	3472
lcc	1	463339312e342e4235384b372031393838	50938	3472
lcc	1	463339312e342e4235384b372031393930	50938	3472
lcc	1	463339312e342e423735372041332032303132	50938	3472
lcc	1	463339312e342e4237353741332032303132	50938	3472
lcc	1	463339312e342e42373541332032303138	50938	3472
lcc	1	463339312e342e4238354d33352032303038	50938	3472
lcc	1	463339312e342e4238362041332032303133	50938	3472
lcc	1	463339312e342e4238372041332032303031	50938	3472
lcc	1	463339312e342e423837204133342032303030	50938	3472
lcc	1	463339312e342e423837204234342032303030	50938	3472
lcc	1	463339312e342e423837204336342032303030	50938	3472
lcc	1	463339312e342e423837204833382031393939	50938	3472
lcc	1	463339312e342e423837204933332031393938	50938	3472
lcc	1	463339312e342e423837204933342032303030	50938	3472
lcc	1	463339312e342e423837204938342032303030	50938	3472
lcc	1	463339312e342e423837204939352032303030	50938	3472
lcc	1	463339312e342e42383720493935203230303062	50938	3472
lcc	1	463339312e342e42383720493935203230303063	50938	3472
lcc	1	463339312e342e423837204d35362031393939	50938	3472
lcc	1	463339312e342e423837204d35362032303031	50938	3472
lcc	1	463339312e342e423837204d35382032303030	50938	3472
lcc	1	463339312e342e423837204d35382032303033	50938	3472
lcc	1	463339312e342e423837204d353831322032303030	50938	3472
lcc	1	463339312e342e423837205239332032303031	50938	3472
lcc	1	463339312e342e423837205733332032303030	50938	3472
lcc	1	463339312e342e423837205a34332032303034	50938	3472
lcc	1	463339312e342e42383741332031393939	50938	3472
lcc	1	463339312e342e4238374234342032303030	50938	3472
lcc	1	463339312e342e4238374336342032303030	50938	3472
lcc	1	463339312e342e4238374833382031393939	50938	3472
lcc	1	463339312e342e423837493935203230303062	50938	3472
lcc	1	463339312e342e423837493935203230303063	50938	3472
lcc	1	463339312e342e4238374d35382032303033	50938	3472
lcc	1	463339312e342e4333372041332032303135	50938	3472
lcc	1	463339312e342e43333741332032303135	50938	3472
lcc	1	463339312e342e433536204233362031393832	50938	3472
lcc	1	463339312e342e4335384233372031393936	50938	3472
lcc	1	463339312e342e43363541332032303139	50938	3472
lcc	1	463339312e342e4433352057332031393835	50938	3472
lcc	1	463339312e342e443436204d38372032303032	50938	3472
lcc	1	463339312e342e4434364d38372032303032	50938	3472
lcc	1	463339312e342e443438	50938	3472
lcc	1	463339312e342e4434382041332032303134	50938	3472
lcc	1	463339312e342e44343841332032303134	50938	3472
lcc	1	463339312e342e44343841332032303135	50938	3472
lcc	1	463339312e342e4438362041332031393838	50938	3472
lcc	1	463339312e342e44383641332031393838	50938	3472
lcc	1	463339312e342e4537352032303032	50938	3472
lcc	1	463339312e342e463437204134352032303036	50938	3472
lcc	1	463339312e342e4634374134352032303036	50938	3472
lcc	1	463339312e342e473534204735342031393935	50938	3472
lcc	1	463339312e342e473733204e34352031393834	50938	3472
lcc	1	463339312e342e473838204333332032303132	50938	3472
lcc	1	463339312e342e483335352041332032303136	50938	3472
lcc	1	463339312e342e4833354833352031393935	50938	3472
lcc	1	463339312e342e4835355336352032303037	50938	3472
lcc	1	463339312e342e48353641332032303233	50938	3472
lcc	1	463339312e342e483632204736382032303231	50938	3472
lcc	1	463339312e342e4836332041332032303130	50938	3472
lcc	1	463339312e342e48363341332032303130	50938	3472
lcc	1	463339312e342e4a3636204134332032303135	50938	3472
lcc	1	463339312e342e4d32332041332032303136	50938	3472
lcc	1	463339312e342e4d323341332032303136	50938	3472
lcc	1	463339312e342e4d323841332031393931	50938	3472
lcc	1	463339312e342e4d323841332031393937	50938	3472
lcc	1	463339312e342e4d33372041332031393938	50938	3472
lcc	1	463339312e342e4d33392041332032303132	50938	3472
lcc	1	463339312e342e4e3439204336392031393932	50938	3472
lcc	1	463339312e342e503236354333372031393938	50938	3472
lcc	1	463339312e342e5034375236382032303234	50938	3472
lcc	1	463339312e342e50344f37362032303230	50938	3472
lcc	1	463339312e342e523336204337332031393939	50938	3472
lcc	1	463339312e342e5233364337332031393939	50938	3472
lcc	1	463339312e342e523337204238382032303135	50938	3472
lcc	1	463339312e342e5233374238382032303135	50938	3472
lcc	1	463339312e342e5233374d33372032303138	50938	3472
lcc	1	463339312e342e523338205337342032303136	50938	3472
lcc	1	463339312e342e5233385337342032303136	50938	3472
lcc	1	463339312e342e5234342041332031393936	50938	3472
lcc	1	463339312e342e52343441332031393935	50938	3472
lcc	1	463339312e342e523533204236362031393931	50938	3472
lcc	1	463339312e342e523533204d36372031393932	50938	3472
lcc	1	463339312e342e523533205234352032303132	50938	3472
lcc	1	463339312e342e523533205337382032303038	50938	3472
lcc	1	463339312e342e5235334237362032303231	50938	3472
lcc	1	463339312e342e5235335234352032303132	50938	3472
lcc	1	463339312e342e5235335234352032303134	50938	3472
lcc	1	463339312e342e5235335337382032303038	50938	3472
lcc	1	463339312e342e523534204f36332032303032	50938	3472
lcc	1	463339312e342e5235342e413320323030326562	50938	3472
lcc	1	463339312e342e5235344f36332032303032	50938	3472
lcc	1	463339312e342e5236342041332032303032	50938	3472
lcc	1	463339312e342e5236343341332032303232	50938	3472
lcc	1	463339312e342e533536204f37362032303230	50938	3472
lcc	1	463339312e342e533536205634362032303137	50938	3472
lcc	1	463339312e342e5335364f37362032303230	50938	3472
lcc	1	463339312e342e5336322041332032303132	50938	3472
lcc	1	463339312e342e5435352041332032303033	50938	3472
lcc	1	463339312e342e5438372041332031393838	50938	3472
lcc	1	463339312e342e563335204d33332032303137	50938	3472
lcc	1	463339312e342e5633354d33332032303137	50938	3472
lcc	1	463339312e342e563336204e33382032303038	50938	3472
lcc	1	463339312e342e5633364e33382032303038	50938	3472
lcc	1	463339312e342e573535204933342031393930	50938	3472
lcc	1	463339312e342e5735382041332031393935	50938	3472
lcc	1	463339312e342e57353841332031393936	50938	3472
lcc	1	463339312e4132382032303135	50937	3472
lcc	1	463339312e4132392032303133	50937	3472
lcc	1	463339312e413239342032303137	50937	3472
lcc	1	463339312e413239352032303136	50937	3472
lcc	1	463339312e413333204735362031393737	50937	3472
lcc	1	463339312e413733205033372032303037	50937	3472
lcc	1	463339312e4137335033372032303036	50937	3472
lcc	1	463339312e413833205037	50937	3472
lcc	1	463339312e4138334134342032303131	50937	3472
lcc	1	463339312e42323131352032303135	50937	3472
lcc	1	463339312e42323134352032303036	50937	3472
lcc	1	463339312e42323837204d35352031393939	50937	3472
lcc	1	463339312e423238374d35352031393939	50937	3472
lcc	1	463339312e423239332031393835	50937	3472
lcc	1	463339312e42333236204c36362031393637	50937	3472
lcc	1	463339312e423332382031393836	50937	3472
lcc	1	463339312e423332382031393935	50937	3472
lcc	1	463339312e423438372031393836	50937	3472
lcc	1	463339312e4235342031393931	50937	3472
lcc	1	463339312e423537204234372031393930	50937	3472
lcc	1	463339312e4235382032303030	50937	3472
lcc	1	463339312e4235392032303231	50937	3472
lcc	1	463339312e4235533533203230303762	50937	3472
lcc	1	463339312e42383436362032303139	50937	3472
lcc	1	463339312e423837382032303031	50937	3472
lcc	1	463339312e4332354c38382032303137	50937	3472
lcc	1	463339312e4332372031393937	50937	3472
lcc	1	463339312e433238205333362032303134	50937	3472
lcc	1	463339312e4332385333362032303134	50937	3472
lcc	1	463339312e4333352031393933	50937	3472
lcc	1	463339312e433438362032303136	50937	3472
lcc	1	463339312e4334394338372031393931	50937	3472
lcc	1	463339312e4336382031393931	50937	3472
lcc	1	463339312e433737204834352031393937	50937	3472
lcc	1	463339312e433737204a3832	50937	3472
lcc	1	463339312e433737204c33372032303030	50937	3472
lcc	1	463339312e43373720543437372032303037	50937	3472
lcc	1	463339312e433737205434382031393934	50937	3472
lcc	1	463339312e433737332032303231	50937	3472
lcc	1	463339312e433737372032303135	50937	3472
lcc	1	463339312e4337374834352031393938	50937	3472
lcc	1	463339312e4337374c33372032303030	50937	3472
lcc	1	463339312e4337382031393937	50937	3472
lcc	1	463339312e433738332031393939	50937	3472
lcc	1	463339312e43373833352032303038	50937	3472
lcc	1	463339312e43373833372032303039	50937	3472
lcc	1	463339312e43373833372032303130	50937	3472
lcc	1	463339312e43373835204f34362032303030	50937	3472
lcc	1	463339312e433738354f34362032303030	50937	3472
lcc	1	463339312e4337392031393836	50937	3472
lcc	1	463339312e4338362032303232	50937	3472
lcc	1	463339312e443235352031393930	50937	3472
lcc	1	463339312e443235374d36362032303130	50937	3472
lcc	1	463339312e4435362032303233	50937	3472
lcc	1	463339312e443539204435392032303135	50937	3472
lcc	1	463339312e4435394435392032303135	50937	3472
lcc	1	463339312e443731342031393839	50937	3472
lcc	1	463339312e44393420313936316562	50937	3472
lcc	1	463339312e443935204d35342031393838	50937	3472
lcc	1	463339312e4439363520313936326562	50937	3472
lcc	1	463339312e453435352032303136	50937	3472
lcc	1	463339312e4534382032303136	50937	3472
lcc	1	463339312e4632362032303032	50937	3472
lcc	1	463339312e463437205735352032303134	50937	3472
lcc	1	463339312e4634372e5735353720323031346562	50937	3472
lcc	1	463339312e46343733204d33372031393934	50937	3472
lcc	1	463339312e463437335033382031393934	50937	3472
lcc	1	463339312e4634375735352032303134	50937	3472
lcc	1	463339312e4636372031393837	50937	3472
lcc	1	463339312e4636382048382031393634	50937	3472
lcc	1	463339312e463638204d33332032303131	50937	3472
lcc	1	463339312e4638392032303134	50937	3472
lcc	1	463339312e4731372031393732	50937	3472
lcc	1	463339312e4735353420323030336562	50937	3472
lcc	1	463339312e4736354d33352031393938	50937	3472
lcc	1	463339312e473636204833342032303037	50937	3472
lcc	1	463339312e473636205034372032303134	50937	3472
lcc	1	463339312e4736364833342032303037	50937	3472
lcc	1	463339312e4736364f37342031393930	50937	3472
lcc	1	463339312e4736365034372032303134	50937	3472
lcc	1	463339312e473834372032303133	50937	3472
lcc	1	463339312e4738352031393839	50937	3472
lcc	1	463339312e483134352032303134	50937	3472
lcc	1	463339312e48313620313935336562	50937	3472
lcc	1	463339312e4831372031393933	50937	3472
lcc	1	463339312e48313833204237332031393932	50937	3472
lcc	1	463339312e483138354836342032303139	50937	3472
lcc	1	463339312e4832362031393833	50937	3472
lcc	1	463339312e483236204d34362031393936	50937	3472
lcc	1	463339312e483237204d34392031393938	50937	3472
lcc	1	463339312e483237382032303133	50937	3472
lcc	1	463339312e4832374d34392031393938	50937	3472
lcc	1	463339312e4832382032303034	50937	3472
lcc	1	463339312e483238332032303039	50937	3472
lcc	1	463339312e4833342032303031786562	50937	3472
lcc	1	463339312e4833382041342032303031	50937	3472
lcc	1	463339312e483338205033372032303133	50937	3472
lcc	1	463339312e4833382e50333720323031336562	50937	3472
lcc	1	463339312e483338352032303139	50937	3472
lcc	1	463339312e48333841342032303031	50937	3472
lcc	1	463339312e4833385033372032303133	50937	3472
lcc	1	463339312e4834342047372031393837	50937	3472
lcc	1	463339312e483434204737342031393933	50937	3472
lcc	1	463339312e48364f35342031393939	50937	3472
lcc	1	463339312e483735352032303137	50937	3472
lcc	1	463339312e4837382031393938	50937	3472
lcc	1	463339312e483739205037332031393933	50937	3472
lcc	1	463339312e4837392e5037332031393933	50937	3472
lcc	1	463339312e4837395037332031393933	50937	3472
lcc	1	463339312e48383220543836	50937	3472
lcc	1	463339312e483836	50937	3472
lcc	1	463339312e4838373520543837	50937	3472
lcc	1	463339312e483838204d332031393930	50937	3472
lcc	1	463339312e4838384d332031393930	50937	3472
lcc	1	463339312e48383850322032303131	50937	3472
lcc	1	463339312e4839205034372031393934	50937	3472
lcc	1	463339312e493333204735332032303033	50937	3472
lcc	1	463339312e4a3337204e34332032303137	50937	3472
lcc	1	463339312e4a33374e34332032303137	50937	3472
lcc	1	463339312e4a35352032303136	50937	3472
lcc	1	463339312e4a36342032303033	50937	3472
lcc	1	463339312e4a36342032303035	50937	3472
lcc	1	463339312e4a3634332032303139	50937	3472
lcc	1	463339312e4a3634352032303134	50937	3472
lcc	1	463339312e4b31342032303230	50937	3472
lcc	1	463339312e4b33362032303135	50937	3472
lcc	1	463339312e4b3435352032303137	50937	3472
lcc	1	463339312e4b3533352031393937	50937	3472
lcc	1	463339312e4b353335204333362032303134	50937	3472
lcc	1	463339312e4b353335205332362032303133	50937	3472
lcc	1	463339312e4b3533354333362032303134	50937	3472
lcc	1	463339312e4b36332041342032303132	50937	3472
lcc	1	463339312e4b363341342032303132	50937	3472
lcc	1	463339312e4b36392031393939	50937	3472
lcc	1	463339312e4c32342031393931	50937	3472
lcc	1	463339312e4c33332032303136	50937	3472
lcc	1	463339312e4c3433205333362031393835	50937	3472
lcc	1	463339312e4c34335333362031393835	50937	3472
lcc	1	463339312e4c343832	50937	3472
lcc	1	463339312e4c343832204c34	50937	3472
lcc	1	463339312e4c3832322031393836	50937	3472
lcc	1	463339312e4c3836204d33352032303136	50937	3472
lcc	1	463339312e4c38364d33352032303136	50937	3472
lcc	1	463339312e4d313238204338372031393933	50937	3472
lcc	1	463339312e4d3132384338372031393933	50937	3472
lcc	1	463339312e4d313432205033352031393836	50937	3472
lcc	1	463339312e4d313432573435362032303039	50937	3472
lcc	1	463339312e4d3136372057332031393933	50937	3472
lcc	1	463339312e4d3432352032303134	50937	3472
lcc	1	463339312e4d3435332031393832	50937	3472
lcc	1	463339312e4d3436362031393839	50937	3472
lcc	1	463339312e4d3436362032303035	50937	3472
lcc	1	463339312e4d34373820483637	50937	3472
lcc	1	463339312e4d35205033372032303031	50937	3472
lcc	1	463339312e4d355333382031393938	50937	3472
lcc	1	463339312e4d3633362032303034	50937	3472
lcc	1	463339312e4d3633374d36372032303031	50937	3472
lcc	1	463339312e4d3634352032303132	50937	3472
lcc	1	463339312e4d3636204833	50937	3472
lcc	1	463339312e4d36362048332031393438	50937	3472
lcc	1	463339312e4d39332031393932	50937	3472
lcc	1	463339312e4d3933342032303039	50937	3472
lcc	1	463339312e4d39342031393931	50937	3472
lcc	1	463339312e4e34392032303130	50937	3472
lcc	1	463339312e4f34362031393836	50937	3472
lcc	1	463339312e4f3531322031393738	50937	3472
lcc	1	463339312e4f3531322032303034	50937	3472
lcc	1	463339312e503236332032303138	50937	3472
lcc	1	463339312e503236342032303039	50937	3472
lcc	1	463339312e503236352032303230	50937	3472
lcc	1	463339312e50342049362032303132	50937	3472
lcc	1	463339312e503535352032303131	50937	3472
lcc	1	463339312e50373520503634	50937	3472
lcc	1	463339312e5038332031393934	50937	3472
lcc	1	463339312e5231382031393730	50937	3472
lcc	1	463339312e5233364333362032303031	50937	3472
lcc	1	463339312e523437205033372032303134	50937	3472
lcc	1	463339312e5234375033372032303134	50937	3472
lcc	1	463339312e5235342031393837	50937	3472
lcc	1	463339312e523534332031393931	50937	3472
lcc	1	463339312e52363520503337332032303133	50937	3472
lcc	1	463339312e523635503337332032303133	50937	3472
lcc	1	463339312e5236372032303235	50937	3472
lcc	1	463339312e52363839204738372031393930	50937	3472
lcc	1	463339312e523834204234362031393833	50937	3472
lcc	1	463339312e523837204d36362032303230	50937	3472
lcc	1	463339312e5238374d36362032303230	50937	3472
lcc	1	463339312e533238204c35342031393932	50937	3472
lcc	1	463339312e533435352032303230	50937	3472
lcc	1	463339312e533438204d342031393830	50937	3472
lcc	1	463339312e53353632204436332032303035	50937	3472
lcc	1	463339312e53353632204b35362031393734	50937	3472
lcc	1	463339312e533536324436332032303035	50937	3472
lcc	1	463339312e533632342041332032303030	50937	3472
lcc	1	463339312e53363234204133372031393739	50937	3472
lcc	1	463339312e53363234204c33362032303035	50937	3472
lcc	1	463339312e533632342e4133372031393739	50937	3472
lcc	1	463339312e5336323441332032303030	50937	3472
lcc	1	463339312e533632344c33362032303035	50937	3472
lcc	1	463339312e533632345733372032303233	50937	3472
lcc	1	463339312e53363235205035362031393839	50937	3472
lcc	1	463339312e533632355035362031393839	50937	3472
lcc	1	463339312e533632364a38332031393936	50937	3472
lcc	1	463339312e53363237204d3837	50937	3472
lcc	1	463339312e53363237204d38372032303132	50937	3472
lcc	1	463339312e53363239372032303033	50937	3472
lcc	1	463339312e533832392041332032303037	50937	3472
lcc	1	463339312e5338323941332032303036	50937	3472
lcc	1	463339312e5338323941332032303037	50937	3472
lcc	1	463339312e5338332031393638	50937	3472
lcc	1	463339312e533835352032303132	50937	3472
lcc	1	463339312e5338362031393839	50937	3472
lcc	1	463339312e5339342032303031	50937	3472
lcc	1	463339312e543231382032303039	50937	3472
lcc	1	463339312e5432325336332032303038	50937	3472
lcc	1	463339312e543234204736382032303034	50937	3472
lcc	1	463339312e5432352032303031	50937	3472
lcc	1	463339312e543237372031393836	50937	3472
lcc	1	463339312e54342032303036	50937	3472
lcc	1	463339312e5435313235204235332032303138	50937	3472
lcc	1	463339312e5435313235205734392032303130	50937	3472
lcc	1	463339312e54353132354235332032303138	50937	3472
lcc	1	463339312e54353132355734392032303130	50937	3472
lcc	1	463339312e543535204838352032303038	50937	3472
lcc	1	463339312e5435354838352032303038	50937	3472
lcc	1	463339312e5437323520323031336562	50937	3472
lcc	1	463339312e5437332032303132	50937	3472
lcc	1	463339312e543733352032303133	50937	3472
lcc	1	463339312e5533392032303031	50937	3472
lcc	1	463339312e55392032303032	50937	3472
lcc	1	463339312e55392032303033	50937	3472
lcc	1	463339312e563437204433362031393836	50937	3472
lcc	1	463339312e573332352041332032303131	50937	3472
lcc	1	463339312e57343320313936356562	50937	3472
lcc	1	463339312e573537352050353820313939396562	50937	3472
lcc	1	463339312e57353735205035382032303130	50937	3472
lcc	1	463339312e573537355035382031393939	50937	3472
lcc	1	463339312e5736362032303031	50937	3472
lcc	1	463339312e5736372031393939	50937	3472
lcc	1	463339312e57363735204333362032303134	50937	3472
lcc	1	463339312e573637354333362032303134	50937	3472
lcc	1	463339312e5736392031393939	50937	3472
lcc	1	463339312e573639352032303136	50937	3472
lcc	1	463339312e5737332032303131	50937	3472
lcc	1	463339312e5737382032303136	50937	3472
lcc	1	463339312e57382031393937	50937	3472
lcc	1	463339312e5739332032303031	50937	3472
lcc	1	463339312e57393435204d33352032303231	50937	3472
lcc	1	463339312e573934354d33352032303231	50937	3472
lcc	1	463339312e5739352031393639	50937	3472
lcc	1	46353932202d2d202e4d343620323031326562	50913	50907
lcc	1	46353932202e4134382031393939	50913	50907
lcc	1	46353932202e4136322031393837	50913	50907
lcc	1	46353932202e4233392031393732	50913	50907
lcc	1	46353932202e42333935	50913	50907
lcc	1	46353932202e4233393735	50913	50907
lcc	1	46353932202e4235372031393932	50913	50907
lcc	1	46353932202e423632	50913	50907
lcc	1	46353932202e4236322031393736	50913	50907
lcc	1	46353932202e4236322031393935	50913	50907
lcc	1	46353932202e4236322032303035	50913	50907
lcc	1	46353932202e4238353434	50913	50907
lcc	1	46353932202e4238372031393730	50913	50907
lcc	1	46353932202e4239342032303032	50913	50907
lcc	1	46353932202e4239352032303032	50913	50907
lcc	1	46353932202e4332362031393931	50913	50907
lcc	1	46353932202e43332032303037	50913	50907
lcc	1	46353932202e433332	50913	50907
lcc	1	46353932202e43333436	50913	50907
lcc	1	46353932202e433334362031393638	50913	50907
lcc	1	46353932202e43333635	50913	50907
lcc	1	46353932202e4333363520313936326562	50913	50907
lcc	1	46353932202e433337	50913	50907
lcc	1	46353932202e433338	50913	50907
lcc	1	46353932202e4333382032303035	50913	50907
lcc	1	46353932202e433339352031393730	50913	50907
lcc	1	46353932202e433431322031393935	50913	50907
lcc	1	46353932202e433431322031393936	50913	50907
lcc	1	46353932202e4336342032303132	50913	50907
lcc	1	46353932202e4336352031393834	50913	50907
lcc	1	46353932202e4336362031393933	50913	50907
lcc	1	46353932202e433731362031393933	50913	50907
lcc	1	46353932202e4337372031393733	50913	50907
lcc	1	46353932202e4337372032303034	50913	50907
lcc	1	46353932202e4338382031393934	50913	50907
lcc	1	46353932202e4338382031393935	50913	50907
lcc	1	46353932202e4339332031393937	50913	50907
lcc	1	46353932202e4339372031393838	50913	50907
lcc	1	46353932202e4431332031393931	50913	50907
lcc	1	46353932202e4433342032303030	50913	50907
lcc	1	46353932202e4433362031393831	50913	50907
lcc	1	46353932202e4433362031393938	50913	50907
lcc	1	46353932202e4433382031393839	50913	50907
lcc	1	46353932202e4434332031393737	50913	50907
lcc	1	46353932202e4436372031393732	50913	50907
lcc	1	46353932202e4438362031393837	50913	50907
lcc	1	46353932202e4438362031393838	50913	50907
lcc	1	46353932202e443836203139393762	50913	50907
lcc	1	46353932202e4438362032303030	50913	50907
lcc	1	46353932202e4534372031393932	50913	50907
lcc	1	46353932202e4539342031393937	50913	50907
lcc	1	46353932202e4539342032303031	50913	50907
lcc	1	46353932202e4539362031393832	50913	50907
lcc	1	46353932202e4634362032303136	50913	50907
lcc	1	46353932202e463437322031393833	50913	50907
lcc	1	46353932202e463532	50913	50907
lcc	1	46353932202e4637382031393730	50913	50907
lcc	1	46353932202e4637382031393734	50913	50907
lcc	1	46353932202e4637382032303030	50913	50907
lcc	1	46353932202e463835322031393730	50913	50907
lcc	1	46353932202e463835342032303031	50913	50907
lcc	1	46353932202e463837342031393838	50913	50907
lcc	1	46353932202e463837342032303132	50913	50907
lcc	1	46353932202e4638382031393936	50913	50907
lcc	1	46353932202e463838362031393838	50913	50907
lcc	1	46353932202e4733352031393939	50913	50907
lcc	1	46353932202e4734352031393730	50913	50907
lcc	1	46353932202e473435203139373062	50913	50907
lcc	1	46353932202e473534352032303031	50913	50907
lcc	1	46353932202e4736362032303136	50913	50907
lcc	1	46353932202e473638	50913	50907
lcc	1	46353932202e4736382031393835	50913	50907
lcc	1	46353932202e4736382032303035	50913	50907
lcc	1	46353932202e4737	50913	50907
lcc	1	46353932202e473731332032303138	50913	50907
lcc	1	46353932202e473836	50913	50907
lcc	1	46353932202e4832342031393933	50913	50907
lcc	1	46353932202e4832362031393839	50913	50907
lcc	1	46353932202e4835342031393731	50913	50907
lcc	1	46353932202e4837352032303034	50913	50907
lcc	1	46353932202e4936382031393934	50913	50907
lcc	1	46353932202e49363820313939346562	50913	50907
lcc	1	46353932202e493733	50913	50907
lcc	1	46353932202e4937332031393836	50913	50907
lcc	1	46353932202e4937332032303033	50913	50907
lcc	1	46353932202e4937332032303034	50913	50907
lcc	1	46353932202e493733332031393733	50913	50907
lcc	1	46353932202e4937342032303034	50913	50907
lcc	1	46353932202e4a33322031393834	50913	50907
lcc	1	46353932202e4a33342032303036	50913	50907
lcc	1	46353932202e4a36332031393832	50913	50907
lcc	1	46353932202e4a36332032303030	50913	50907
lcc	1	46353932202e4b35382032303137	50913	50907
lcc	1	46353932202e4c3336332031393738	50913	50907
lcc	1	46353932202e4c33382031393838	50913	50907
lcc	1	46353932202e4c35342032303030	50913	50907
lcc	1	46353932202e4c36322031393938	50913	50907
lcc	1	46353932202e4d3232	50913	50907
lcc	1	46353932202e4d333235203139373420766f6c2e2036	50913	50907
lcc	1	46353932202e4d34362032303132	50913	50907
lcc	1	46353932202e4d3439	50913	50907
lcc	1	46353932202e4d3638352032303030	50913	50907
lcc	1	46353932202e4d363835203230303062	50913	50907
lcc	1	46353932202e4d36392031393932	50913	50907
lcc	1	46353932202e4d3734	50913	50907
lcc	1	46353932202e4d3734322031393832	50913	50907
lcc	1	46353932202e4d3734322031393934	50913	50907
lcc	1	46353932202e4d3734322031393935	50913	50907
lcc	1	46353932202e4d3734322031393937	50913	50907
lcc	1	46353932202e4e33392031393730	50913	50907
lcc	1	46353932202e4e3438	50913	50907
lcc	1	46353932202e4e34382031393935	50913	50907
lcc	1	46353932202e4e36352032303135	50913	50907
lcc	1	46353932202e4f39342031393933	50913	50907
lcc	1	46353932202e503238342031393639	50913	50907
lcc	1	46353932202e503238342031393737	50913	50907
lcc	1	46353932202e503238342031393832	50913	50907
lcc	1	46353932202e503238342031393833	50913	50907
lcc	1	46353932202e503238342031393931	50913	50907
lcc	1	46353932202e5032383420313939316562	50913	50907
lcc	1	46353932202e503238342031393934	50913	50907
lcc	1	46353932202e503238342031393935	50913	50907
lcc	1	46353932202e503238342031393936	50913	50907
lcc	1	46353932202e503238342031393939	50913	50907
lcc	1	46353932202e503238342032303032	50913	50907
lcc	1	46353932202e50323834203230303262	50913	50907
lcc	1	46353932202e503238342032303038	50913	50907
lcc	1	46353932202e503238342032303039	50913	50907
lcc	1	46353932202e503238342032303136	50913	50907
lcc	1	46353932202e5032392031393838	50913	50907
lcc	1	46353932202e50332031393838	50913	50907
lcc	1	46353932202e503437	50913	50907
lcc	1	46353932202e503633	50913	50907
lcc	1	46353932202e503633362031393837	50913	50907
lcc	1	46353932202e503633382031393732	50913	50907
lcc	1	46353932202e503635322031393730	50913	50907
lcc	1	46353932202e50363534	50913	50907
lcc	1	46353932202e503636	50913	50907
lcc	1	46353932202e5037382031393836	50913	50907
lcc	1	46353932202e5037382031393837	50913	50907
lcc	1	46353932202e5133372032303031	50913	50907
lcc	1	46353932202e5236362031393936	50913	50907
lcc	1	46353932202e5236392032303033	50913	50907
lcc	1	46353932202e5239342031393839	50913	50907
lcc	1	46353932202e5239382031393833	50913	50907
lcc	1	46353932202e5331342031383030	50913	50907
lcc	1	46353932202e53322031393738	50913	50907
lcc	1	46353932202e5332352032303033	50913	50907
lcc	1	46353932202e533534382032303132	50913	50907
lcc	1	46353932202e533534382032303136	50913	50907
lcc	1	46353932202e5335372032303032	50913	50907
lcc	1	46353932202e5335382032303035	50913	50907
lcc	1	46353932202e533634	50913	50907
lcc	1	46353932202e533634352031393930	50913	50907
lcc	1	46353932202e533634372031393932	50913	50907
lcc	1	46353932202e5337382031393831	50913	50907
lcc	1	46353932202e533739332031393930	50913	50907
lcc	1	46353932202e533739352031393930	50913	50907
lcc	1	46353932202e533739372031393833	50913	50907
lcc	1	46353932202e533834352032303136	50913	50907
lcc	1	46353932202e533836342032303037	50913	50907
lcc	1	46353932202e5432332031393834	50913	50907
lcc	1	46353932202e5432392032303032	50913	50907
lcc	1	46353932202e543439342031393034	50913	50907
lcc	1	46353932202e54353420766f6c2e2031392d3230	50913	50907
lcc	1	46353932202e54353420766f6c2e203231	50913	50907
lcc	1	46353932202e5435352031393739	50913	50907
lcc	1	46353932202e54362032303037	50913	50907
lcc	1	46353932202e5536372031393930	50913	50907
lcc	1	46353932202e5538332032303036	50913	50907
lcc	1	46353932202e5538372031393937	50913	50907
lcc	1	46353932202e5538372032303034	50913	50907
lcc	1	46353932202e56332031393736	50913	50907
lcc	1	46353932202e56332031393838	50913	50907
lcc	1	46353932202e573238	50913	50907
lcc	1	46353932202e573437	50913	50907
lcc	1	46353932202e5735352032303132	50913	50907
lcc	1	46353932202e5735362032303037	50913	50907
lcc	1	46353932202e5736352031393737	50913	50907
lcc	1	46353932202e573637382032303132	50913	50907
lcc	1	46353932202e5737382031393932	50913	50907
lcc	1	46353932202e573832332031393639	50913	50907
lcc	1	46353932202e573832332032303035	50913	50907
lcc	1	46353932202e5a34332032303132	50913	50907
lcc	1	46353932204a332031393636	50913	50907
lcc	1	46353932204d35362031393837	50913	50907
lcc	1	46353932205436382031393838	50913	50907
lcc	1	4635393220573738203139373962	50913	50907
lcc	1	463539322e3332303034	50913	50907
lcc	1	463539322e34202e41392032303033	50913	50907
lcc	1	463539322e34202e4c34392032303033	50913	50907
lcc	1	463539322e342031393533	50913	50907
lcc	1	463539322e34203139363461	50913	50907
lcc	1	463539322e342031393733	50913	50907
lcc	1	463539322e34203139383320766f6c2e203132	50913	50907
lcc	1	463539322e342031393839	50913	50907
lcc	1	463539322e34203139383961	50913	50907
lcc	1	463539322e342031393933	50913	50907
lcc	1	463539322e342031393936	50913	50907
lcc	1	463539322e342031393937	50913	50907
lcc	1	463539322e3420313939376562	50913	50907
lcc	1	463539322e34203139393858	50913	50907
lcc	1	463539322e34203230303062	50913	50907
lcc	1	463539322e342032303031	50913	50907
lcc	1	463539322e34203230303262	50913	50907
lcc	1	463539322e342032303033	50913	50907
lcc	1	463539322e34203230303362	50913	50907
lcc	1	463539322e342032303034	50913	50907
lcc	1	463539322e342032303036	50913	50907
lcc	1	463539322e342032303037	50913	50907
lcc	1	463539322e342032303038	50913	50907
lcc	1	463539322e342032303131	50913	50907
lcc	1	463539322e342e433837	50913	50907
lcc	1	463539322e3431393733	50913	50907
lcc	1	463539322e3431393937	50913	50907
lcc	1	463539322e3431393938	50913	50907
lcc	1	463539322e3432303030	50913	50907
lcc	1	463539322e3432303034	50913	50907
lcc	1	463539322e35202e4635382032303034	50913	50907
lcc	1	463539322e35202e47322031393034	50913	50907
lcc	1	463539322e352e4635382032303034	50913	50907
lcc	1	463539322e352e4635382032303035	50913	50907
lcc	1	463539322e352e533233204b37342032303032	50913	50907
lcc	1	463539322e4134382031393939	50913	50907
lcc	1	463539322e4134392032303034	50913	50907
lcc	1	463539322e4136322031393837	50913	50907
lcc	1	463539322e42333933204238372032303034	50913	50907
lcc	1	463539322e42333933204434362032303037	50913	50907
lcc	1	463539322e42333933204737342032303036	50913	50907
lcc	1	463539322e42333933204c36332031393935	50913	50907
lcc	1	463539322e42333933204d33362032303036	50913	50907
lcc	1	463539322e42333933205332332031393933	50913	50907
lcc	1	463539322e42333933205734382032303038	50913	50907
lcc	1	463539322e423339334235332031393931	50913	50907
lcc	1	463539322e423339334737342032303036	50913	50907
lcc	1	463539322e423339334d33362032303036	50913	50907
lcc	1	463539322e42333935	50913	50907
lcc	1	463539322e4233393735	50913	50907
lcc	1	463539322e42333937352031393838	50913	50907
lcc	1	463539322e4234322031393937	50913	50907
lcc	1	463539322e4236322032303035	50913	50907
lcc	1	463539322e423636204c36382031393932	50913	50907
lcc	1	463539322e4238352031393632	50913	50907
lcc	1	463539322e42383520313936326562	50913	50907
lcc	1	463539322e423835204535392032303231	50913	50907
lcc	1	463539322e423835204c38332031393931	50913	50907
lcc	1	463539322e423835204d33392032303033	50913	50907
lcc	1	463539322e423835205033352032303037	50913	50907
lcc	1	463539322e4238353434	50913	50907
lcc	1	463539322e4238354535392032303231	50913	50907
lcc	1	463539322e4238354d33392032303033	50913	50907
lcc	1	463539322e4238355033352032303037	50913	50907
lcc	1	463539322e4238355a33332031393838	50913	50907
lcc	1	463539322e423837	50913	50907
lcc	1	463539322e4239342032303032	50913	50907
lcc	1	463539322e4239352032303032	50913	50907
lcc	1	463539322e43323633204233352032303030	50913	50907
lcc	1	463539322e43323633204e34372031393939	50913	50907
lcc	1	463539322e43323633204e34372032303131	50913	50907
lcc	1	463539322e433236334d3333352032303039	50913	50907
lcc	1	463539322e4332392032303033	50913	50907
lcc	1	463539322e43332032303037	50913	50907
lcc	1	463539322e433333204134322031393636	50913	50907
lcc	1	463539322e433333204238372032303034	50913	50907
lcc	1	463539322e433333204433382031393834	50913	50907
lcc	1	463539322e433333204438362032303030	50913	50907
lcc	1	463539322e433333204534342031393938	50913	50907
lcc	1	463539322e433333204735352031393837	50913	50907
lcc	1	463539322e433333204737342032303134	50913	50907
lcc	1	463539322e433333204738342031393834	50913	50907
lcc	1	463539322e433333204b38342032303136	50913	50907
lcc	1	463539322e433333205035352032303135	50913	50907
lcc	1	463539322e433333205234362032303131	50913	50907
lcc	1	463539322e433333205235382032303030	50913	50907
lcc	1	463539322e433333205235382032303031	50913	50907
lcc	1	463539322e433333205332352031393936	50913	50907
lcc	1	463539322e433333205332352032303132	50913	50907
lcc	1	463539322e433333205332352032303133	50913	50907
lcc	1	463539322e433333205a33332031393838	50913	50907
lcc	1	463539322e4333334236372032303033	50913	50907
lcc	1	463539322e4333334333342032303037	50913	50907
lcc	1	463539322e4333334438362032303035	50913	50907
lcc	1	463539322e4333334534342031393938	50913	50907
lcc	1	463539322e4333334737342032303134	50913	50907
lcc	1	463539322e4333334b35382031393936	50913	50907
lcc	1	463539322e4333335234362032303131	50913	50907
lcc	1	463539322e4333335332352031393936	50913	50907
lcc	1	463539322e4333335332352032303132	50913	50907
lcc	1	463539322e4333335335362032303033	50913	50907
lcc	1	463539322e4333335a33332031393838	50913	50907
lcc	1	463539322e433337204d33372031393832	50913	50907
lcc	1	463539322e4333382032303035	50913	50907
lcc	1	463539322e433431322031393935	50913	50907
lcc	1	463539322e433533204735342031393935	50913	50907
lcc	1	463539322e43353620533734	50913	50907
lcc	1	463539322e4335362e533734	50913	50907
lcc	1	463539322e43373136204533382031393933	50913	50907
lcc	1	463539322e433732204135342032303134	50913	50907
lcc	1	463539322e4337324135342032303134	50913	50907
lcc	1	463539322e4431332031393931	50913	50907
lcc	1	463539322e4433342032303030	50913	50907
lcc	1	463539322e4433362031393837	50913	50907
lcc	1	463539322e4433382031393839	50913	50907
lcc	1	463539322e443732204b34352032303133	50913	50907
lcc	1	463539322e4438362031393837	50913	50907
lcc	1	463539322e4438362031393838	50913	50907
lcc	1	463539322e4438362032303030	50913	50907
lcc	1	463539322e4634362032303136	50913	50907
lcc	1	463539322e463538	50913	50907
lcc	1	463539322e4637382031393730	50913	50907
lcc	1	463539322e463837342031393838	50913	50907
lcc	1	463539322e463837342032303132	50913	50907
lcc	1	463539322e46383832204434	50913	50907
lcc	1	463539322e473534352032303031	50913	50907
lcc	1	463539322e473535	50913	50907
lcc	1	463539322e473535204336352032303132	50913	50907
lcc	1	463539322e473535204d33352032303136	50913	50907
lcc	1	463539322e4735354336352032303132	50913	50907
lcc	1	463539322e4735354336352032303133	50913	50907
lcc	1	463539322e4735354d33352032303136	50913	50907
lcc	1	463539322e4736362032303136	50913	50907
lcc	1	463539322e47373331372032303234	50913	50907
lcc	1	463539322e4832362031393839	50913	50907
lcc	1	463539322e4834362031393936	50913	50907
lcc	1	463539322e4834382031393734	50913	50907
lcc	1	463539322e4837352032303034	50913	50907
lcc	1	463539322e4935372032303137	50913	50907
lcc	1	463539322e49353731382032303230	50913	50907
lcc	1	463539322e4936382031393934	50913	50907
lcc	1	463539322e4937332031393836	50913	50907
lcc	1	463539322e4937332032303033	50913	50907
lcc	1	463539322e4937342032303034	50913	50907
lcc	1	463539322e4a33342032303036	50913	50907
lcc	1	463539322e4a36332032303030	50913	50907
lcc	1	463539322e4b342048352031393832	50913	50907
lcc	1	463539322e4b3448352031393832	50913	50907
lcc	1	463539322e4b35382032303137	50913	50907
lcc	1	463539322e4b35382032303138	50913	50907
lcc	1	463539322e4c35342032303030	50913	50907
lcc	1	463539322e4d3333204a33332032303130	50913	50907
lcc	1	463539322e4d33334a33332032303130	50913	50907
lcc	1	463539322e4d3734	50913	50907
lcc	1	463539322e4d3734322031393935	50913	50907
lcc	1	463539322e4d3734322031393937	50913	50907
lcc	1	463539322e4e33392031393730	50913	50907
lcc	1	463539322e4e34382031393935	50913	50907
lcc	1	463539322e4e36352032303135	50913	50907
lcc	1	463539322e503238342031393931	50913	50907
lcc	1	463539322e503238342031393934	50913	50907
lcc	1	463539322e503238342031393935	50913	50907
lcc	1	463539322e503238342031393936	50913	50907
lcc	1	463539322e503238342031393939	50913	50907
lcc	1	463539322e503238342032303032	50913	50907
lcc	1	463539322e50323834203230303262	50913	50907
lcc	1	463539322e503238342032303136	50913	50907
lcc	1	463539322e503633362031393837	50913	50907
lcc	1	463539322e503633382032303036	50913	50907
lcc	1	463539322e50363533204333352032303033	50913	50907
lcc	1	463539322e50363533204333352032303035	50913	50907
lcc	1	463539322e5036353320433337	50913	50907
lcc	1	463539322e50363533204436332032303036	50913	50907
lcc	1	463539322e50363533204836342031393831	50913	50907
lcc	1	463539322e50363533204838382032303037	50913	50907
lcc	1	463539322e50363533204d33342032303039	50913	50907
lcc	1	463539322e50363533204d33382032303136	50913	50907
lcc	1	463539322e50363533204d33392032303033	50913	50907
lcc	1	463539322e50363533204f37372032303134	50913	50907
lcc	1	463539322e50363533205332362031393936	50913	50907
lcc	1	463539322e50363533205335362031393930	50913	50907
lcc	1	463539322e50363533205337332031393931	50913	50907
lcc	1	463539322e50363533205733352032303131	50913	50907
lcc	1	463539322e50363533205735382032303033	50913	50907
lcc	1	463539322e503635332e4f373720323031346562	50913	50907
lcc	1	463539322e503635334436332032303036	50913	50907
lcc	1	463539322e503635334d33342032303039	50913	50907
lcc	1	463539322e503635334d33382032303136	50913	50907
lcc	1	463539322e503635334d33392032303033	50913	50907
lcc	1	463539322e503635334f37372032303133	50913	50907
lcc	1	463539322e503635334f37372032303137	50913	50907
lcc	1	463539322e503635335332362031393936	50913	50907
lcc	1	463539322e503635335332362032303133	50913	50907
lcc	1	463539322e503635335337332031393931	50913	50907
lcc	1	463539322e503635335735382032303032	50913	50907
lcc	1	463539322e50363537	50913	50907
lcc	1	463539322e5133372032303031	50913	50907
lcc	1	463539322e5234382031393936	50913	50907
lcc	1	463539322e5235392031393935	50913	50907
lcc	1	463539322e5236362031393936	50913	50907
lcc	1	463539322e5239342031393839	50913	50907
lcc	1	463539322e52393833	50913	50907
lcc	1	463539322e53322032303039	50913	50907
lcc	1	463539322e5332352032303033	50913	50907
lcc	1	463539322e53363439204133382031393931	50913	50907
lcc	1	463539322e53363439204233372032303039	50913	50907
lcc	1	463539322e53363439204333352031393930	50913	50907
lcc	1	463539322e533634394133382031393931	50913	50907
lcc	1	463539322e533634394233372032303039	50913	50907
lcc	1	463539322e533634394333352031393930	50913	50907
lcc	1	463539322e533634394e34352032303033	50913	50907
lcc	1	463539322e533634394e34352032303034	50913	50907
lcc	1	463539322e53363520323031346562	50913	50907
lcc	1	463539322e5336353120463437382032303133	50913	50907
lcc	1	463539322e5336353134204d33392032303033	50913	50907
lcc	1	463539322e53363531344d33392032303033	50913	50907
lcc	1	463539322e5337382031393831	50913	50907
lcc	1	463539322e533739332031393930	50913	50907
lcc	1	463539322e533739352031393930	50913	50907
lcc	1	463539322e533739382031393837	50913	50907
lcc	1	463539322e53383134205036	50913	50907
lcc	1	463539322e533834204f35332031393939	50913	50907
lcc	1	463539322e533834352032303136	50913	50907
lcc	1	463539322e533836205338	50913	50907
lcc	1	463539322e5338362053382031393539	50913	50907
lcc	1	463539322e533836342032303037	50913	50907
lcc	1	463539322e5432322041342031393732	50913	50907
lcc	1	463539322e5434372031393937	50913	50907
lcc	1	463539322e543734322031393837	50913	50907
lcc	1	463539322e5536372031393930	50913	50907
lcc	1	463539322e5538372031393937	50913	50907
lcc	1	463539322e5538372032303034	50913	50907
lcc	1	463539322e56332031393838	50913	50907
lcc	1	463539322e57323435204735342031393835	50913	50907
lcc	1	463539322e57323435205733372031393834	50913	50907
lcc	1	463539322e573234354735342031393835	50913	50907
lcc	1	463539322e5735382032303138	50913	50907
lcc	1	463539322e573637382032303132	50913	50907
lcc	1	463539322e573836352032303039	50913	50907
lcc	1	463539322e573836352032303133	50913	50907
lcc	1	463539322e5936362032303136	50913	50907
lcc	1	463539322e5a34332032303132	50913	50907
lcc	1	463539324a33332041343534	50913	50907
lcc	1	46353933202e4139372032303036	50914	50907
lcc	1	46353933202e423133382032303132	50914	50907
lcc	1	46353933202e4231342032303032	50914	50907
lcc	1	46353933202e42313432352032303133	50914	50907
lcc	1	46353933202e423134352032303032	50914	50907
lcc	1	46353933202e423137	50914	50907
lcc	1	46353933202e4231382032303031	50914	50907
lcc	1	46353933202e4232342032303031	50914	50907
lcc	1	46353933202e4232362031393933	50914	50907
lcc	1	46353933202e42342031393836	50914	50907
lcc	1	46353933202e42342031393837	50914	50907
lcc	1	46353933202e4234332031393837	50914	50907
lcc	1	46353933202e423531	50914	50907
lcc	1	46353933202e423637	50914	50907
lcc	1	46353933202e42363720313938307a	50914	50907
lcc	1	46353933202e42373432352032303137	50914	50907
lcc	1	46353933202e423734352032303035	50914	50907
lcc	1	46353933202e423734352032303036	50914	50907
lcc	1	46353933202e42373835	50914	50907
lcc	1	46353933202e433235352032303130	50914	50907
lcc	1	46353933202e4332362032303030	50914	50907
lcc	1	46353933202e4332382031393733	50914	50907
lcc	1	46353933202e433238332032303034	50914	50907
lcc	1	46353933202e4333372031393936	50914	50907
lcc	1	46353933202e4334372031393735	50914	50907
lcc	1	46353933202e433532342032303034	50914	50907
lcc	1	46353933202e4335382031393838	50914	50907
lcc	1	46353933202e4336332031393734	50914	50907
lcc	1	46353933202e4336332031393833	50914	50907
lcc	1	46353933202e4337332031393837	50914	50907
lcc	1	46353933202e4337332031393838	50914	50907
lcc	1	46353933202e4337342031393831	50914	50907
lcc	1	46353933202e4338392031393939	50914	50907
lcc	1	46353933202e433839372032303035	50914	50907
lcc	1	46353933202e4338393720323030356562	50914	50907
lcc	1	46353933202e43383938332031393937	50914	50907
lcc	1	46353933202e4431342031393835	50914	50907
lcc	1	46353933202e4432	50914	50907
lcc	1	46353933202e443237203230303478	50914	50907
lcc	1	46353933202e443237352032303133	50914	50907
lcc	1	46353933202e4432382032303031	50914	50907
lcc	1	46353933202e4432392032303033	50914	50907
lcc	1	46353933202e4433332031393733	50914	50907
lcc	1	46353933202e4433332031393831	50914	50907
lcc	1	46353933202e443632	50914	50907
lcc	1	46353933202e44363533	50914	50907
lcc	1	46353933202e443736	50914	50907
lcc	1	46353933202e4438322031393835	50914	50907
lcc	1	46353933202e4531372031393734	50914	50907
lcc	1	46353933202e4538352032303036	50914	50907
lcc	1	46353933202e4633372031393733	50914	50907
lcc	1	46353933202e4634392032303032	50914	50907
lcc	1	46353933202e4635342032303036	50914	50907
lcc	1	46353933202e4635382031393939	50914	50907
lcc	1	46353933202e463637	50914	50907
lcc	1	46353933202e4637352031393838	50914	50907
lcc	1	46353933202e473220766f6c2e203937	50914	50907
lcc	1	46353933202e4737332031393736	50914	50907
lcc	1	46353933202e4737342032303137	50914	50907
lcc	1	46353933202e4737392031393939	50914	50907
lcc	1	46353933202e473739332031393931	50914	50907
lcc	1	46353933202e473831342032303036	50914	50907
lcc	1	46353933202e4738342031393930	50914	50907
lcc	1	46353933202e4738372032303134	50914	50907
lcc	1	46353933202e47392031393638	50914	50907
lcc	1	46353933202e473935	50914	50907
lcc	1	46353933202e4833362031393838	50914	50907
lcc	1	46353933202e4834332031393831	50914	50907
lcc	1	46353933202e4834372032303134	50914	50907
lcc	1	46353933202e4835342032303133	50914	50907
lcc	1	46353933202e4835352031393836	50914	50907
lcc	1	46353933202e4835352031393933	50914	50907
lcc	1	46353933202e483535342032303130	50914	50907
lcc	1	46353933202e483535372031393933	50914	50907
lcc	1	46353933202e4835362031393833	50914	50907
lcc	1	46353933202e4836	50914	50907
lcc	1	46353933202e483935	50914	50907
lcc	1	46353933202e4839372031393830	50914	50907
lcc	1	46353933202e4a35382032303030	50914	50907
lcc	1	46353933202e4a35392031393932	50914	50907
lcc	1	46353933202e4a362031393831	50914	50907
lcc	1	46353933202e4a3637362031393938	50914	50907
lcc	1	46353933202e4a36373620313939386562	50914	50907
lcc	1	46353933202e4a36382031393833	50914	50907
lcc	1	46353933202e4b35342032303030	50914	50907
lcc	1	46353933202e4b3536203139373862	50914	50907
lcc	1	46353933202e4c31372032303133	50914	50907
lcc	1	46353933202e4c3233352032303036	50914	50907
lcc	1	46353933202e4c3238	50914	50907
lcc	1	46353933202e4c32382031393732	50914	50907
lcc	1	46353933202e4c3238362032303132	50914	50907
lcc	1	46353933202e4c3238382032303131	50914	50907
lcc	1	46353933202e4c342031393932	50914	50907
lcc	1	46353933202e4c35342032303131	50914	50907
lcc	1	46353933202e4c38322032303031	50914	50907
lcc	1	46353933202e4c3931	50914	50907
lcc	1	46353933202e4c3935362032303036	50914	50907
lcc	1	46353933202e4d3235	50914	50907
lcc	1	46353933202e4d3235332032303032	50914	50907
lcc	1	46353933202e4d32392031393839	50914	50907
lcc	1	46353933202e4d33322031393831	50914	50907
lcc	1	46353933202e4d33322031393933	50914	50907
lcc	1	46353933202e4d3332203139393362	50914	50907
lcc	1	46353933202e4d33322032303036	50914	50907
lcc	1	46353933202e4d3335	50914	50907
lcc	1	46353933202e4d33352031393739	50914	50907
lcc	1	46353933202e4d34372031393931	50914	50907
lcc	1	46353933202e4d3437342032303030	50914	50907
lcc	1	46353933202e4d3437352032303032	50914	50907
lcc	1	46353933202e4d343735203230303262	50914	50907
lcc	1	46353933202e4d3437392032303037	50914	50907
lcc	1	46353933202e4d3637342032303034	50914	50907
lcc	1	46353933202e4d37	50914	50907
lcc	1	46353933202e4d37332031393833	50914	50907
lcc	1	46353933202e4d3835	50914	50907
lcc	1	46353933202e4f32372031393937	50914	50907
lcc	1	46353933202e4f3238352031393939	50914	50907
lcc	1	46353933202e4f34372032303133	50914	50907
lcc	1	46353933202e4f372031393931	50914	50907
lcc	1	46353933202e4f39352032303030	50914	50907
lcc	1	46353933202e503136342031393639	50914	50907
lcc	1	46353933202e5032382031393839	50914	50907
lcc	1	46353933202e5033	50914	50907
lcc	1	46353933202e5033322032303036	50914	50907
lcc	1	46353933202e5033382032303033	50914	50907
lcc	1	46353933202e5037322031393831	50914	50907
lcc	1	46353933202e503836372031393835	50914	50907
lcc	1	46353933202e5133392032303032	50914	50907
lcc	1	46353933202e5233372031393833	50914	50907
lcc	1	46353933202e5233372031393837	50914	50907
lcc	1	46353933202e52342031393931	50914	50907
lcc	1	46353933202e5235322032303137	50914	50907
lcc	1	46353933202e5235342032303038	50914	50907
lcc	1	46353933202e523632	50914	50907
lcc	1	46353933202e5236362031393938	50914	50907
lcc	1	46353933202e533333362031393933	50914	50907
lcc	1	46353933202e5333342031393736	50914	50907
lcc	1	46353933202e5334382032303038	50914	50907
lcc	1	46353933202e533533392031393931	50914	50907
lcc	1	46353933202e5335342032303132	50914	50907
lcc	1	46353933202e5335352031393738	50914	50907
lcc	1	46353933202e5336342031393734	50914	50907
lcc	1	46353933202e533733	50914	50907
lcc	1	46353933202e5337353220766f6c2e203131	50914	50907
lcc	1	46353933202e5337353220766f6c2e2032	50914	50907
lcc	1	46353933202e5337353220766f6c2e2035	50914	50907
lcc	1	46353933202e53383137352031393839	50914	50907
lcc	1	46353933202e5338352031393932	50914	50907
lcc	1	46353933202e5338362031393936	50914	50907
lcc	1	46353933202e5339352032303036	50914	50907
lcc	1	46353933202e5433352031393932	50914	50907
lcc	1	46353933202e543434	50914	50907
lcc	1	46353933202e5434352031393833	50914	50907
lcc	1	46353933202e5436332031393836	50914	50907
lcc	1	46353933202e5437322031393933	50914	50907
lcc	1	46353933202e553431	50914	50907
lcc	1	46353933202e5536372031393738	50914	50907
lcc	1	46353933202e5536372031393832	50914	50907
lcc	1	46353933202e5536372031393933	50914	50907
lcc	1	46353933202e563633	50914	50907
lcc	1	46353933202e5732362031393732	50914	50907
lcc	1	46353933202e5732362031393939	50914	50907
lcc	1	46353933202e5732372032303134	50914	50907
lcc	1	46353933202e573332	50914	50907
lcc	1	46353933202e5734362032303132	50914	50907
lcc	1	46353933202e573437362032303132	50914	50907
lcc	1	46353933202e5734382032303033	50914	50907
lcc	1	46353933202e5736352031393832	50914	50907
lcc	1	46353933202e5736352032303034	50914	50907
lcc	1	46353933202e5736362031393830	50914	50907
lcc	1	46353933202e573636203139383062	50914	50907
lcc	1	463539332048342031393834	50914	50907
lcc	1	46353933205034372e32303031	50914	50907
lcc	1	463539332e4139372032303036	50914	50907
lcc	1	463539332e423133382032303132	50914	50907
lcc	1	463539332e4231342032303032	50914	50907
lcc	1	463539332e42313432352032303133	50914	50907
lcc	1	463539332e423134332032303038	50914	50907
lcc	1	463539332e423134352032303032	50914	50907
lcc	1	463539332e4232342032303031	50914	50907
lcc	1	463539332e4232362031393933	50914	50907
lcc	1	463539332e42373432352032303137	50914	50907
lcc	1	463539332e423734352032303035	50914	50907
lcc	1	463539332e42373835	50914	50907
lcc	1	463539332e4237392032303135	50914	50907
lcc	1	463539332e423833204c35392032303137	50914	50907
lcc	1	463539332e4238334c35392032303137	50914	50907
lcc	1	463539332e433235352032303130	50914	50907
lcc	1	463539332e4332382031393733	50914	50907
lcc	1	463539332e433238332032303034	50914	50907
lcc	1	463539332e43323833204835372032303030	50914	50907
lcc	1	463539332e433238334835372032303030	50914	50907
lcc	1	463539332e433532332048363520323030356562	50914	50907
lcc	1	463539332e433532334836352031393931	50914	50907
lcc	1	463539332e433532334836352032303035	50914	50907
lcc	1	463539332e433532342032303034	50914	50907
lcc	1	463539332e433732352032303234	50914	50907
lcc	1	463539332e4337342031393831	50914	50907
lcc	1	463539332e433839372032303035	50914	50907
lcc	1	463539332e4432372032303032	50914	50907
lcc	1	463539332e443237352032303133	50914	50907
lcc	1	463539332e4432382032303031	50914	50907
lcc	1	463539332e4432392032303033	50914	50907
lcc	1	463539332e4433332032303035	50914	50907
lcc	1	463539332e4436342032303030	50914	50907
lcc	1	463539332e4531372031393734	50914	50907
lcc	1	463539332e463535204833332031393733	50914	50907
lcc	1	463539332e4635362041332032303035	50914	50907
lcc	1	463539332e4636392041332031393930	50914	50907
lcc	1	463539332e4734332032303139	50914	50907
lcc	1	463539332e473434352041332032303039	50914	50907
lcc	1	463539332e473438204b33	50914	50907
lcc	1	463539332e4734384b33	50914	50907
lcc	1	463539332e4736362031393832	50914	50907
lcc	1	463539332e4736372032303231	50914	50907
lcc	1	463539332e4737342032303137	50914	50907
lcc	1	463539332e4737372032303137	50914	50907
lcc	1	463539332e47373731382032303230	50914	50907
lcc	1	463539332e4737392031393939	50914	50907
lcc	1	463539332e47383134352031393934	50914	50907
lcc	1	463539332e473831372032303138	50914	50907
lcc	1	463539332e4738372032303134	50914	50907
lcc	1	463539332e4739	50914	50907
lcc	1	463539332e4834352031393938	50914	50907
lcc	1	463539332e4834372032303030	50914	50907
lcc	1	463539332e48353420323031336562	50914	50907
lcc	1	463539332e4835352031393933	50914	50907
lcc	1	463539332e483535332031393936	50914	50907
lcc	1	463539332e4838352031393935	50914	50907
lcc	1	463539332e4a35382032303030	50914	50907
lcc	1	463539332e4a35392031393932	50914	50907
lcc	1	463539332e4a36332032303138	50914	50907
lcc	1	463539332e4a3637362031393938	50914	50907
lcc	1	463539332e4b35362031393738	50914	50907
lcc	1	463539332e4b3536203139373862	50914	50907
lcc	1	463539332e4c3233352032303036	50914	50907
lcc	1	463539332e4c3238362032303132	50914	50907
lcc	1	463539332e4c323838332032303138	50914	50907
lcc	1	463539332e4c35382031393938	50914	50907
lcc	1	463539332e4c38382032303230	50914	50907
lcc	1	463539332e4c39312031393635	50914	50907
lcc	1	463539332e4c3935352032303034	50914	50907
lcc	1	463539332e4c3935362032303036	50914	50907
lcc	1	463539332e4d3235342031393936	50914	50907
lcc	1	463539332e4d3235372031393937	50914	50907
lcc	1	463539332e4d32362031393934	50914	50907
lcc	1	463539332e4d32392031393839	50914	50907
lcc	1	463539332e4d33322031393933	50914	50907
lcc	1	463539332e4d3332203139393362	50914	50907
lcc	1	463539332e4d33322032303037	50914	50907
lcc	1	463539332e4d3437392032303037	50914	50907
lcc	1	463539332e4d3437392032303038	50914	50907
lcc	1	463539332e4d363936205236342032303030	50914	50907
lcc	1	463539332e4d3639365236342032303030	50914	50907
lcc	1	463539332e4d38372032303137	50914	50907
lcc	1	463539332e4f32372031393937	50914	50907
lcc	1	463539332e4f3237352032303033	50914	50907
lcc	1	463539332e4f3237362032303234	50914	50907
lcc	1	463539332e4f3238352031393939	50914	50907
lcc	1	463539332e4f34372032303133	50914	50907
lcc	1	463539332e5032382031393839	50914	50907
lcc	1	463539332e5033	50914	50907
lcc	1	463539332e5034333441332032303039	50914	50907
lcc	1	463539332e513437204d38372032303131	50914	50907
lcc	1	463539332e5134374d38372032303131	50914	50907
lcc	1	463539332e5233372031393837	50914	50907
lcc	1	463539332e523433204736332032303134	50914	50907
lcc	1	463539332e5235342032303038	50914	50907
lcc	1	463539332e533333392031393939	50914	50907
lcc	1	463539332e53343520413320313939376562	50914	50907
lcc	1	463539332e53353339352032303135	50914	50907
lcc	1	463539332e5335342032303132	50914	50907
lcc	1	463539332e5335352031393939	50914	50907
lcc	1	463539332e533536202e4f33342031393936	50914	50907
lcc	1	463539332e533536205236382032303038	50914	50907
lcc	1	463539332e53353620523638203230303878	50914	50907
lcc	1	463539332e5335372031393937	50914	50907
lcc	1	463539332e533639204237362031393835	50914	50907
lcc	1	463539332e533639204836352032303034	50914	50907
lcc	1	463539332e533639382032303035	50914	50907
lcc	1	463539332e5336394836352032303034	50914	50907
lcc	1	463539332e5338342031393838	50914	50907
lcc	1	463539332e5339352032303036	50914	50907
lcc	1	463539332e5536372031393739	50914	50907
lcc	1	463539332e5634372032303230	50914	50907
lcc	1	463539332e563633	50914	50907
lcc	1	463539332e5732372032303134	50914	50907
lcc	1	463539332e5734362032303132	50914	50907
lcc	1	463539332e573636	50914	50907
lcc	1	46353934202e4135	50915	50907
lcc	1	46353934202e413532	50915	50907
lcc	1	46353934202e4232362031393733	50915	50907
lcc	1	46353934202e423238	50915	50907
lcc	1	46353934202e4232382031393830	50915	50907
lcc	1	46353934202e4233362031393733	50915	50907
lcc	1	46353934202e4234342031393738	50915	50907
lcc	1	46353934202e423436342032303137	50915	50907
lcc	1	46353934202e42353236203139393571	50915	50907
lcc	1	46353934202e4235332031393934	50915	50907
lcc	1	46353934202e4235382032303032	50915	50907
lcc	1	46353934202e423631362032303034	50915	50907
lcc	1	46353934202e423632352031393931	50915	50907
lcc	1	46353934202e4236362032303038	50915	50907
lcc	1	46353934202e4237382031393733	50915	50907
lcc	1	46353934202e42382031393832	50915	50907
lcc	1	46353934202e423830352031393731	50915	50907
lcc	1	46353934202e4238382031393935	50915	50907
lcc	1	46353934202e43313936	50915	50907
lcc	1	46353934202e43332031393833	50915	50907
lcc	1	46353934202e43332031393834	50915	50907
lcc	1	46353934202e433334332032303031	50915	50907
lcc	1	46353934202e433536332032303133	50915	50907
lcc	1	46353934202e4335392032303031	50915	50907
lcc	1	46353934202e433636	50915	50907
lcc	1	46353934202e4336362031393139	50915	50907
lcc	1	46353934202e433637	50915	50907
lcc	1	46353934202e43363732	50915	50907
lcc	1	46353934202e43363734352031393738	50915	50907
lcc	1	46353934202e43363734352031393832	50915	50907
lcc	1	46353934202e43363734352031393931	50915	50907
lcc	1	46353934202e43363734352032303039	50915	50907
lcc	1	46353934202e43363734352032303130	50915	50907
lcc	1	46353934202e43363734352032303131	50915	50907
lcc	1	46353934202e43363831333633	50915	50907
lcc	1	46353934202e4336383137	50915	50907
lcc	1	46353934202e43363837352031393736	50915	50907
lcc	1	46353934202e4337322031393732	50915	50907
lcc	1	46353934202e4337362031393932	50915	50907
lcc	1	46353934202e433835	50915	50907
lcc	1	46353934202e4339332031393834	50915	50907
lcc	1	46353934202e4339342032303033	50915	50907
lcc	1	46353934202e433934352032303038	50915	50907
lcc	1	46353934202e4339372031393934	50915	50907
lcc	1	46353934202e4339372031393935	50915	50907
lcc	1	46353934202e4339372032303139	50915	50907
lcc	1	46353934202e433938332031393934	50915	50907
lcc	1	46353934202e43393833203139393462	50915	50907
lcc	1	46353934202e433938362031383839	50915	50907
lcc	1	46353934202e433938362031393731	50915	50907
lcc	1	46353934202e433938362031393934	50915	50907
lcc	1	46353934202e4432352031393835	50915	50907
lcc	1	46353934202e4435352031393839	50915	50907
lcc	1	46353934202e44363239203139383958	50915	50907
lcc	1	46353934202e443634	50915	50907
lcc	1	46353934202e44372031393938	50915	50907
lcc	1	46353934202e4535362032303135	50915	50907
lcc	1	46353934202e4536372032303035	50915	50907
lcc	1	46353934202e4634392032303135	50915	50907
lcc	1	46353934202e4635362031393836	50915	50907
lcc	1	46353934202e4636332032303136	50915	50907
lcc	1	46353934202e463638	50915	50907
lcc	1	46353934202e4636392032303139	50915	50907
lcc	1	46353934202e473337	50915	50907
lcc	1	46353934202e4734362031393832	50915	50907
lcc	1	46353934202e473437	50915	50907
lcc	1	46353934202e473736332031393935	50915	50907
lcc	1	46353934202e473736352031393839	50915	50907
lcc	1	46353934202e4737372031393732	50915	50907
lcc	1	46353934202e4737372031393835	50915	50907
lcc	1	46353934202e473737362032303134	50915	50907
lcc	1	46353934202e4835352032303033	50915	50907
lcc	1	46353934202e483632322031393732	50915	50907
lcc	1	46353934202e483632372031393734	50915	50907
lcc	1	46353934202e48363237205235332031393935	50915	50907
lcc	1	46353934202e4837362032303033	50915	50907
lcc	1	46353934202e4837362032303131	50915	50907
lcc	1	46353934202e483739	50915	50907
lcc	1	46353934202e48373931342031393937	50915	50907
lcc	1	46353934202e48382031393838	50915	50907
lcc	1	46353934202e4935342032303139	50915	50907
lcc	1	46353934202e4a3136352032303035	50915	50907
lcc	1	46353934202e4a3136352032303131	50915	50907
lcc	1	46353934202e4a3236342031393931	50915	50907
lcc	1	46353934202e4a32383133	50915	50907
lcc	1	46353934202e4a323832352031393932	50915	50907
lcc	1	46353934202e4a32383432	50915	50907
lcc	1	46353934202e4a3238382031393734	50915	50907
lcc	1	46353934202e4a36382032303030	50915	50907
lcc	1	46353934202e4b32322031393935	50915	50907
lcc	1	46353934202e4b33352031393733	50915	50907
lcc	1	46353934202e4b3832	50915	50907
lcc	1	46353934202e4c33392031393935	50915	50907
lcc	1	46353934202e4c36342032303038	50915	50907
lcc	1	46353934202e4c38392031393936	50915	50907
lcc	1	46353934202e4c3934	50915	50907
lcc	1	46353934202e4c39362032303136	50915	50907
lcc	1	46353934202e4d3131382032303137	50915	50907
lcc	1	46353934202e4d31332031393734	50915	50907
lcc	1	46353934202e4d32352032303036	50915	50907
lcc	1	46353934202e4d33342031393838	50915	50907
lcc	1	46353934202e4d3337	50915	50907
lcc	1	46353934202e4d33372031393833	50915	50907
lcc	1	46353934202e4d3533	50915	50907
lcc	1	46353934202e4d35332031393936	50915	50907
lcc	1	46353934202e4d35392032303039	50915	50907
lcc	1	46353934202e4d3635342031393837	50915	50907
lcc	1	46353934202e4d39352031393934	50915	50907
lcc	1	46353934202e4d39382031393938	50915	50907
lcc	1	46353934202e4e3238332032303030	50915	50907
lcc	1	46353934202e4e32383533	50915	50907
lcc	1	46353934202e4e3434	50915	50907
lcc	1	46353934202e4e36352032303135	50915	50907
lcc	1	46353934202e4e3635332032303135	50915	50907
lcc	1	46353934202e4f3234352032303136	50915	50907
lcc	1	46353934202e4f32362031393733	50915	50907
lcc	1	46353934202e4f35332032303033	50915	50907
lcc	1	46353934202e4f39352032303136	50915	50907
lcc	1	46353934202e50332031393938	50915	50907
lcc	1	46353934202e523132332032303033	50915	50907
lcc	1	46353934202e523238352032303037	50915	50907
lcc	1	46353934202e523238352032303038	50915	50907
lcc	1	46353934202e5234332032303138	50915	50907
lcc	1	46353934202e523532372031393939	50915	50907
lcc	1	46353934202e523533	50915	50907
lcc	1	46353934202e5332352031393738	50915	50907
lcc	1	46353934202e5332352032303038	50915	50907
lcc	1	46353934202e533235352031393738	50915	50907
lcc	1	46353934202e5332372032303132	50915	50907
lcc	1	46353934202e533337	50915	50907
lcc	1	46353934202e5334382031393731	50915	50907
lcc	1	46353934202e5334392031393936	50915	50907
lcc	1	46353934202e5335342032303039	50915	50907
lcc	1	46353934202e5335352032303134	50915	50907
lcc	1	46353934202e5336352031393838	50915	50907
lcc	1	46353934202e5336352031393934	50915	50907
lcc	1	46353934202e5336362031393937	50915	50907
lcc	1	46353934202e5336362032303039	50915	50907
lcc	1	46353934202e533637	50915	50907
lcc	1	46353934202e5337362031393734	50915	50907
lcc	1	46353934202e5337382031393639	50915	50907
lcc	1	46353934202e5337392031393832	50915	50907
lcc	1	46353934202e533739352031393830	50915	50907
lcc	1	46353934202e543437	50915	50907
lcc	1	46353934202e5435372031393937	50915	50907
lcc	1	46353934202e543734	50915	50907
lcc	1	46353934202e5437352032303136	50915	50907
lcc	1	46353934202e563538352032303037	50915	50907
lcc	1	46353934202e573337	50915	50907
lcc	1	46353934202e5734392032303131	50915	50907
lcc	1	46353934202e5735382031393235	50915	50907
lcc	1	46353934202e5736372031393933	50915	50907
lcc	1	46353934202e5737362031393939	50915	50907
lcc	1	46353934202e5738352031393936	50915	50907
lcc	1	46353934202e5933332032303133	50915	50907
lcc	1	46353934202e5934352031393838	50915	50907
lcc	1	46353934202e5937322032303035	50915	50907
lcc	1	463539342043363831322031393735	50915	50907
lcc	1	46353934205734392032303133	50915	50907
lcc	1	463539342e4133372032303039	50915	50907
lcc	1	463539342e413436205337332032303038	50915	50907
lcc	1	463539342e413436205337332032303039	50915	50907
lcc	1	463539342e4134365337332032303039	50915	50907
lcc	1	463539342e423436342032303137	50915	50907
lcc	1	463539342e4235382032303032	50915	50907
lcc	1	463539342e423631362032303034	50915	50907
lcc	1	463539342e42363232204c35342032303034	50915	50907
lcc	1	463539342e423632324236362032303037	50915	50907
lcc	1	463539342e423632332031393838	50915	50907
lcc	1	463539342e423633204238372031393734	50915	50907
lcc	1	463539342e423633205236332031393931	50915	50907
lcc	1	463539342e423633205333362031393936	50915	50907
lcc	1	463539342e423633205333362032303133	50915	50907
lcc	1	463539342e423633205336352032303135	50915	50907
lcc	1	463539342e423633205733372032303135	50915	50907
lcc	1	463539342e4236334333372032303030	50915	50907
lcc	1	463539342e4236335236372031393839	50915	50907
lcc	1	463539342e4236335333362031393936	50915	50907
lcc	1	463539342e4236335333362032303132	50915	50907
lcc	1	463539342e4236335336352032303135	50915	50907
lcc	1	463539342e4236335a33332031393838	50915	50907
lcc	1	463539342e423934202e4535372032303130	50915	50907
lcc	1	463539342e423934204233372032303134	50915	50907
lcc	1	463539342e4239342042333720323031346562	50915	50907
lcc	1	463539342e423934204235372032303130	50915	50907
lcc	1	463539342e423934204238372032303035	50915	50907
lcc	1	463539342e423934204238372032303132	50915	50907
lcc	1	463539342e423934204338362032303037	50915	50907
lcc	1	463539342e423934204733372032303136	50915	50907
lcc	1	463539342e423934204736362032303036	50915	50907
lcc	1	463539342e42393420503337203230313378	50915	50907
lcc	1	463539342e423934205234352032303130	50915	50907
lcc	1	463539342e423934205332332032303038	50915	50907
lcc	1	463539342e423934205332342032303032	50915	50907
lcc	1	463539342e423934205333352032303133	50915	50907
lcc	1	463539342e423934205733372032303036	50915	50907
lcc	1	463539342e4239342e4535372032303130	50915	50907
lcc	1	463539342e4239344238372032303132	50915	50907
lcc	1	463539342e4239344637352032303130	50915	50907
lcc	1	463539342e4239344736362032303035	50915	50907
lcc	1	463539342e4239345236342032303234	50915	50907
lcc	1	463539342e4239345332332032303038	50915	50907
lcc	1	463539342e4239345332342032303032	50915	50907
lcc	1	463539342e4239345333352032303133	50915	50907
lcc	1	463539342e4239345335352032303032	50915	50907
lcc	1	463539342e4239345337342031393931	50915	50907
lcc	1	463539342e4239345734382032303033	50915	50907
lcc	1	463539342e4332204334372032303136	50915	50907
lcc	1	463539342e433220453837392032303135	50915	50907
lcc	1	463539342e4332204538382032303134	50915	50907
lcc	1	463539342e4332204736352032303036	50915	50907
lcc	1	463539342e4332204a36352032303230	50915	50907
lcc	1	463539342e4332204a38322032303132	50915	50907
lcc	1	463539342e4332204b37342032303037	50915	50907
lcc	1	463539342e4332204d33342032303035	50915	50907
lcc	1	463539342e4332204d3737	50915	50907
lcc	1	463539342e4332205033332032303133	50915	50907
lcc	1	463539342e4332205332362031393936	50915	50907
lcc	1	463539342e4332205332362032303133	50915	50907
lcc	1	463539342e43322053362031393935	50915	50907
lcc	1	463539342e43324334352032303136	50915	50907
lcc	1	463539342e4332453837392032303135	50915	50907
lcc	1	463539342e43324538382032303134	50915	50907
lcc	1	463539342e43324736352032303035	50915	50907
lcc	1	463539342e43324a36362032303230	50915	50907
lcc	1	463539342e43324d33342032303035	50915	50907
lcc	1	463539342e43325332362031393936	50915	50907
lcc	1	463539342e433253362031393935	50915	50907
lcc	1	463539342e43325633362032303235	50915	50907
lcc	1	463539342e433536332032303133	50915	50907
lcc	1	463539342e43362046362031393930	50915	50907
lcc	1	463539342e43363734352031393931	50915	50907
lcc	1	463539342e43363734352032303039	50915	50907
lcc	1	463539342e43363734352032303131	50915	50907
lcc	1	463539342e433638204238	50915	50907
lcc	1	463539342e433638204238322031393834	50915	50907
lcc	1	463539342e43363820423834382031393935	50915	50907
lcc	1	463539342e433638204238372031393733	50915	50907
lcc	1	463539342e433638205337352032303137	50915	50907
lcc	1	463539342e43363820593637	50915	50907
lcc	1	463539342e4336383137	50915	50907
lcc	1	463539342e43363837352031393736	50915	50907
lcc	1	463539342e4336384237352032303032	50915	50907
lcc	1	463539342e433835332041382031393939	50915	50907
lcc	1	463539342e4338382031393937	50915	50907
lcc	1	463539342e4339342032303033	50915	50907
lcc	1	463539342e433934352032303038	50915	50907
lcc	1	463539342e433934372032303034	50915	50907
lcc	1	463539342e4339372031393737	50915	50907
lcc	1	463539342e43393833203139393462	50915	50907
lcc	1	463539342e4433382032303033	50915	50907
lcc	1	463539342e4435352031393839	50915	50907
lcc	1	463539342e44363237205333362032303037	50915	50907
lcc	1	463539342e443632375333362032303036	50915	50907
lcc	1	463539342e443632392031393839	50915	50907
lcc	1	463539342e4535362032303135	50915	50907
lcc	1	463539342e4634392032303135	50915	50907
lcc	1	463539342e4635362031393836	50915	50907
lcc	1	463539342e4636332032303136	50915	50907
lcc	1	463539342e46363720423733	50915	50907
lcc	1	463539342e463638352032303230	50915	50907
lcc	1	463539342e4636392032303139	50915	50907
lcc	1	463539342e473431352041332031393934	50915	50907
lcc	1	463539342e4734313541332031393934	50915	50907
lcc	1	463539342e473433204636382031393836	50915	50907
lcc	1	463539342e4734334636382031393836	50915	50907
lcc	1	463539342e4735362041332031393837	50915	50907
lcc	1	463539342e4735362041332031393838	50915	50907
lcc	1	463539342e473736332031393935	50915	50907
lcc	1	463539342e473736352031393839	50915	50907
lcc	1	463539342e4737372031393835	50915	50907
lcc	1	463539342e473737362032303134	50915	50907
lcc	1	463539342e4835352032303033	50915	50907
lcc	1	463539342e483632204137342032303230	50915	50907
lcc	1	463539342e483632204335352032303139	50915	50907
lcc	1	463539342e483632204634352032303034	50915	50907
lcc	1	463539342e483632204737342031393932	50915	50907
lcc	1	463539342e48363220473734332032303039	50915	50907
lcc	1	463539342e483632204d33352032303038	50915	50907
lcc	1	463539342e483632205034382032303034	50915	50907
lcc	1	463539342e48363220503438312032303034	50915	50907
lcc	1	463539342e4836322050343831382032303034	50915	50907
lcc	1	463539342e4836322052363720313938326562	50915	50907
lcc	1	463539342e48363220523637372032303030	50915	50907
lcc	1	463539342e48363220523637372032303033	50915	50907
lcc	1	463539342e48363220523637392032303034	50915	50907
lcc	1	463539342e483632205236382031393936	50915	50907
lcc	1	463539342e483632205336382032303130	50915	50907
lcc	1	463539342e483632205736362032303138	50915	50907
lcc	1	463539342e4836322e5236373720323030336562	50915	50907
lcc	1	463539342e483632372031393734	50915	50907
lcc	1	463539342e4836324137342032303230	50915	50907
lcc	1	463539342e4836324335352032303139	50915	50907
lcc	1	463539342e4836324634352032303034	50915	50907
lcc	1	463539342e4836324737342031393932	50915	50907
lcc	1	463539342e483632473734332032303039	50915	50907
lcc	1	463539342e4836324d33352032303038	50915	50907
lcc	1	463539342e4836325034382032303034	50915	50907
lcc	1	463539342e483632523637372032303033	50915	50907
lcc	1	463539342e483632523637392032303034	50915	50907
lcc	1	463539342e4836325236382031393936	50915	50907
lcc	1	463539342e4836325336382032303130	50915	50907
lcc	1	463539342e4836372031393935	50915	50907
lcc	1	463539342e483734	50915	50907
lcc	1	463539342e483734204237392032303033	50915	50907
lcc	1	463539342e483734204333372032303034	50915	50907
lcc	1	463539342e483734204737342031393935	50915	50907
lcc	1	463539342e4837342048332032303131	50915	50907
lcc	1	463539342e483734204a32372032303036	50915	50907
lcc	1	463539342e483734204a332031393933	50915	50907
lcc	1	463539342e483734204a332031393938	50915	50907
lcc	1	463539342e483734204c39362031393934	50915	50907
lcc	1	463539342e483734204d392031393733	50915	50907
lcc	1	463539342e483734205236332032303036	50915	50907
lcc	1	463539342e4837344237392032303033	50915	50907
lcc	1	463539342e4837344737342031393935	50915	50907
lcc	1	463539342e4837344a332031393938	50915	50907
lcc	1	463539342e4837345236332032303036	50915	50907
lcc	1	463539342e4837345433362031393938	50915	50907
lcc	1	463539342e4837362032303033	50915	50907
lcc	1	463539342e4837362032303131	50915	50907
lcc	1	463539342e48373931342031393937	50915	50907
lcc	1	463539342e48382031393838	50915	50907
lcc	1	463539342e4a3136352032303035	50915	50907
lcc	1	463539342e4a3234204237332031393734	50915	50907
lcc	1	463539342e4a3234205334372031393737	50915	50907
lcc	1	463539342e4a32344633362032303138	50915	50907
lcc	1	463539342e4a323520423334	50915	50907
lcc	1	463539342e4a3235204a33362031393930	50915	50907
lcc	1	463539342e4a3235204c36382031393930	50915	50907
lcc	1	463539342e4a3235205435332032303131	50915	50907
lcc	1	463539342e4a3235205736362032303134	50915	50907
lcc	1	463539342e4a32354c36382031393930	50915	50907
lcc	1	463539342e4a32355736362032303134	50915	50907
lcc	1	463539342e4a3237204234352032303032	50915	50907
lcc	1	463539342e4a3237204237332031393938	50915	50907
lcc	1	463539342e4a3237204237382031393938	50915	50907
lcc	1	463539342e4a3237204238372032303039	50915	50907
lcc	1	463539342e4a3237204336352032303034	50915	50907
lcc	1	463539342e4a32372043363531322032303034	50915	50907
lcc	1	463539342e4a32372043363531382032303034	50915	50907
lcc	1	463539342e4a3237204336362032303136	50915	50907
lcc	1	463539342e4a3237204337362031393937	50915	50907
lcc	1	463539342e4a32372044383520313939386562	50915	50907
lcc	1	463539342e4a3237204438362032303037	50915	50907
lcc	1	463539342e4a3237204637352032303036	50915	50907
lcc	1	463539342e4a3237204737342032303039	50915	50907
lcc	1	463539342e4a3237204a34372032303037	50915	50907
lcc	1	463539342e4a3237204c33362032303034	50915	50907
lcc	1	463539342e4a3237204d33352032303132	50915	50907
lcc	1	463539342e4a3237204d35352032303031	50915	50907
lcc	1	463539342e4a3237204d38342032303133	50915	50907
lcc	1	463539342e4a3237205033382032303131	50915	50907
lcc	1	463539342e4a3237205233362032303034	50915	50907
lcc	1	463539342e4a3237205236332032303037	50915	50907
lcc	1	463539342e4a3237205332342032303032	50915	50907
lcc	1	463539342e4a3237205337352031393934	50915	50907
lcc	1	463539342e4a3237205337362032303032	50915	50907
lcc	1	463539342e4a3237205437352031393932	50915	50907
lcc	1	463539342e4a3237205437352032303133	50915	50907
lcc	1	463539342e4a3237205738342031393937	50915	50907
lcc	1	463539342e4a32374234352032303032	50915	50907
lcc	1	463539342e4a32374237332031393938	50915	50907
lcc	1	463539342e4a32374238372032303039	50915	50907
lcc	1	463539342e4a32374336352032303034	50915	50907
lcc	1	463539342e4a32374336362032303136	50915	50907
lcc	1	463539342e4a32374337362031393937	50915	50907
lcc	1	463539342e4a323744383437332032303230	50915	50907
lcc	1	463539342e4a32374438352031393938	50915	50907
lcc	1	463539342e4a32374637352032303034	50915	50907
lcc	1	463539342e4a32374737342032303039	50915	50907
lcc	1	463539342e4a32374a34372032303037	50915	50907
lcc	1	463539342e4a32374c33362032303034	50915	50907
lcc	1	463539342e4a32375233362032303033	50915	50907
lcc	1	463539342e4a32375236332032303037	50915	50907
lcc	1	463539342e4a32375337342031393935	50915	50907
lcc	1	463539342e4a32375934332032303030	50915	50907
lcc	1	463539342e4a323832352031393932	50915	50907
lcc	1	463539342e4a36382032303030	50915	50907
lcc	1	463539342e4b3235204b34342032303036	50915	50907
lcc	1	463539342e4b32354b34342032303036	50915	50907
lcc	1	463539342e4b32354b34342032303137	50915	50907
lcc	1	463539342e4b33352031393733	50915	50907
lcc	1	463539342e4c33372041332032303134	50915	50907
lcc	1	463539342e4c33372e4c33383320323031346562	50915	50907
lcc	1	463539342e4c333741332032303134	50915	50907
lcc	1	463539342e4c38	50915	50907
lcc	1	463539342e4c38392031393935	50915	50907
lcc	1	463539342e4c383932204334342032303034	50915	50907
lcc	1	463539342e4c38393220433535	50915	50907
lcc	1	463539342e4c383932204836362032303031	50915	50907
lcc	1	463539342e4c383932205034362032303034	50915	50907
lcc	1	463539342e4c3839322050343631382032303034	50915	50907
lcc	1	463539342e4c383932313833204234352032303034	50915	50907
lcc	1	463539342e4c3839324334342032303034	50915	50907
lcc	1	463539342e4c3839325034362032303033	50915	50907
lcc	1	463539342e4c38393250343631382032303034	50915	50907
lcc	1	463539342e4c3839365236372031393839	50915	50907
lcc	1	463539342e4c39342031393731	50915	50907
lcc	1	463539342e4d3131382032303137	50915	50907
lcc	1	463539342e4d31332031393734	50915	50907
lcc	1	463539342e4d3333204737342031393932	50915	50907
lcc	1	463539342e4d33332e44343320313937396562	50915	50907
lcc	1	463539342e4d33334737342031393932	50915	50907
lcc	1	463539342e4d33342031393838	50915	50907
lcc	1	463539342e4d353235204233352032303132	50915	50907
lcc	1	463539342e4d3532354233352032303132	50915	50907
lcc	1	463539342e4d35325736362032303032	50915	50907
lcc	1	463539342e4d35332031393936	50915	50907
lcc	1	463539342e4d363220543733	50915	50907
lcc	1	463539342e4d3635342031393837	50915	50907
lcc	1	463539342e4d3739204237342031393835	50915	50907
lcc	1	463539342e4d39382031393938	50915	50907
lcc	1	463539342e4e3238332032303030	50915	50907
lcc	1	463539342e4e36352032303136	50915	50907
lcc	1	463539342e4e3635332032303135	50915	50907
lcc	1	463539342e4f34352043352031393833	50915	50907
lcc	1	463539342e4f352e4b34372032303231	50915	50907
lcc	1	463539342e4f35342031393939	50915	50907
lcc	1	463539342e4f39352032303136	50915	50907
lcc	1	463539342e503238204236342032303132	50915	50907
lcc	1	463539342e5032384236342032303132	50915	50907
lcc	1	463539342e50332031393938	50915	50907
lcc	1	463539342e523132332032303033	50915	50907
lcc	1	463539342e5232354438342032303130	50915	50907
lcc	1	463539342e523438352032303137	50915	50907
lcc	1	463539342e523532372031393939	50915	50907
lcc	1	463539342e523533	50915	50907
lcc	1	463539342e5332352032303038	50915	50907
lcc	1	463539342e5332372032303132	50915	50907
lcc	1	463539342e5333362031393934	50915	50907
lcc	1	463539342e5334382031393731	50915	50907
lcc	1	463539342e5335352032303134	50915	50907
lcc	1	463539342e53353635204434362032303135	50915	50907
lcc	1	463539342e533536354434362032303135	50915	50907
lcc	1	463539342e533635352032303037	50915	50907
lcc	1	463539342e5336362031393937	50915	50907
lcc	1	463539342e5336362032303039	50915	50907
lcc	1	463539342e533636364237352032303037	50915	50907
lcc	1	463539342e5336392031393938	50915	50907
lcc	1	463539342e5337382031393639	50915	50907
lcc	1	463539342e533739372031393938	50915	50907
lcc	1	463539342e5338204737342031393932	50915	50907
lcc	1	463539342e533820473734332032303039	50915	50907
lcc	1	463539342e533820523337352032303034	50915	50907
lcc	1	463539342e5338205233382032303031	50915	50907
lcc	1	463539342e533832332031393839	50915	50907
lcc	1	463539342e533834204334372032303139	50915	50907
lcc	1	463539342e5338344334372032303139	50915	50907
lcc	1	463539342e53384737342031393932	50915	50907
lcc	1	463539342e5338473734332032303039	50915	50907
lcc	1	463539342e5338523337352032303034	50915	50907
lcc	1	463539342e53385335372031393832	50915	50907
lcc	1	463539342e53385337332031393839	50915	50907
lcc	1	463539342e543438204734372032303031	50915	50907
lcc	1	463539342e5437352032303136	50915	50907
lcc	1	463539342e55382053362031393837	50915	50907
lcc	1	463539342e5734385335372032303037	50915	50907
lcc	1	463539342e5735382031393235	50915	50907
lcc	1	463539342e5737362031393939	50915	50907
lcc	1	463539342e5933332032303133	50915	50907
lcc	1	463539342e5937322032303035	50915	50907
lcc	1	463539342e5937362041332032303030	50915	50907
lcc	1	463539342e5937362043372031393939	50915	50907
lcc	1	463539342e59373641332032303030	50915	50907
lcc	1	463539342e59373643372031393939	50915	50907
lcc	1	463539342e593737204b36332032303032	50915	50907
lcc	1	463539342e5937374237332032303231	50915	50907
lcc	1	46353935202e4134332032303030	50916	50907
lcc	1	46353935202e4135342032303033	50916	50907
lcc	1	46353935202e413535203139393958	50916	50907
lcc	1	46353935202e41353520313939396562	50916	50907
lcc	1	46353935202e4135372031393933	50916	50907
lcc	1	46353935202e423234	50916	50907
lcc	1	46353935202e423733	50916	50907
lcc	1	46353935202e423736372032303131	50916	50907
lcc	1	46353935202e423739	50916	50907
lcc	1	46353935202e423836372032303133	50916	50907
lcc	1	46353935202e433236	50916	50907
lcc	1	46353935202e433632352032303136	50916	50907
lcc	1	46353935202e4336392031393938	50916	50907
lcc	1	46353935202e4337362032303034	50916	50907
lcc	1	46353935202e433736203230303462	50916	50907
lcc	1	46353935202e433933	50916	50907
lcc	1	46353935202e4434392032303036	50916	50907
lcc	1	46353935202e44372031393835	50916	50907
lcc	1	46353935202e4534322031393731	50916	50907
lcc	1	46353935202e4636382031393732	50916	50907
lcc	1	46353935202e473237352032303131	50916	50907
lcc	1	46353935202e473237352032303132	50916	50907
lcc	1	46353935202e47383238	50916	50907
lcc	1	46353935202e4738342031393935	50916	50907
lcc	1	46353935202e4832382031393837	50916	50907
lcc	1	46353935202e4834352032303035	50916	50907
lcc	1	46353935202e483739342031393932	50916	50907
lcc	1	46353935202e4837393720313936346562	50916	50907
lcc	1	46353935202e4839342032303131	50916	50907
lcc	1	46353935202e4938332032303032	50916	50907
lcc	1	46353935202e4a35342032303137	50916	50907
lcc	1	46353935202e4a3638	50916	50907
lcc	1	46353935202e4c3335382032303135	50916	50907
lcc	1	46353935202e4c33372032303034	50916	50907
lcc	1	46353935202e4c3437372032303038	50916	50907
lcc	1	46353935202e4c36362032303031	50916	50907
lcc	1	46353935202e4d31342031393838	50916	50907
lcc	1	46353935202e4d3138	50916	50907
lcc	1	46353935202e4d33382032303032	50916	50907
lcc	1	46353935202e4d35352032303030	50916	50907
lcc	1	46353935202e4d38342031393831	50916	50907
lcc	1	46353935202e4d3934203230303162	50916	50907
lcc	1	46353935202e4e3337	50916	50907
lcc	1	46353935202e4e33372031393737	50916	50907
lcc	1	46353935202e4f37332032303133	50916	50907
lcc	1	46353935202e503132352031393835	50916	50907
lcc	1	46353935202e5032362031393835	50916	50907
lcc	1	46353935202e5032372031393838	50916	50907
lcc	1	46353935202e5033382031393738	50916	50907
lcc	1	46353935202e50362031393931	50916	50907
lcc	1	46353935202e503632	50916	50907
lcc	1	46353935202e503731	50916	50907
lcc	1	46353935202e5037382031393930	50916	50907
lcc	1	46353935202e5039342032303037	50916	50907
lcc	1	46353935202e5231372031393730	50916	50907
lcc	1	46353935202e5232352032303039	50916	50907
lcc	1	46353935202e523337352032303133	50916	50907
lcc	1	46353935202e5233382031393832	50916	50907
lcc	1	46353935202e523537	50916	50907
lcc	1	46353935202e5235372032303136	50916	50907
lcc	1	46353935202e5235392031393839	50916	50907
lcc	1	46353935202e523832	50916	50907
lcc	1	46353935202e5238332031393831	50916	50907
lcc	1	46353935202e5238352031393938	50916	50907
lcc	1	46353935202e5332342032303039	50916	50907
lcc	1	46353935202e5333332031393734	50916	50907
lcc	1	46353935202e533532	50916	50907
lcc	1	46353935202e5335332031393731	50916	50907
lcc	1	46353935202e5336362032303133	50916	50907
lcc	1	46353935202e533738332032303031	50916	50907
lcc	1	46353935202e533738342031393832	50916	50907
lcc	1	46353935202e5338342031393932	50916	50907
lcc	1	46353935202e5338392031393838	50916	50907
lcc	1	46353935202e543134	50916	50907
lcc	1	46353935202e543735	50916	50907
lcc	1	46353935202e5437382031393835	50916	50907
lcc	1	46353935202e54392031393839	50916	50907
lcc	1	46353935202e563234332031393931	50916	50907
lcc	1	46353935202e563834	50916	50907
lcc	1	46353935202e57362031393839	50916	50907
lcc	1	46353935202e573634	50916	50907
lcc	1	46353935202e5737362032303137	50916	50907
lcc	1	46353935202e5737372032303133	50916	50907
lcc	1	46353935202e57383834	50916	50907
lcc	1	46353935202e5936382031393833	50916	50907
lcc	1	46353935202e5a38332032303134	50916	50907
lcc	1	46353935204133352031393934	50916	50907
lcc	1	46353935204c33362031393933	50916	50907
lcc	1	463539352e32202e4135362031393738	50917	50907
lcc	1	463539352e32202e423237372031393837	50917	50907
lcc	1	463539352e32202e423334	50917	50907
lcc	1	463539352e32202e423337	50917	50907
lcc	1	463539352e32202e4235342031393833	50917	50907
lcc	1	463539352e32202e423638	50917	50907
lcc	1	463539352e32202e4236382031393734	50917	50907
lcc	1	463539352e32202e423638203139373462	50917	50907
lcc	1	463539352e32202e4333362032303030	50917	50907
lcc	1	463539352e32202e433433	50917	50907
lcc	1	463539352e32202e433435	50917	50907
lcc	1	463539352e32202e4337362031393737	50917	50907
lcc	1	463539352e32202e443938	50917	50907
lcc	1	463539352e32202e4535332032303133	50917	50907
lcc	1	463539352e32202e453936	50917	50907
lcc	1	463539352e32202e4733342031393930	50917	50907
lcc	1	463539352e32202e483239322031393831	50917	50907
lcc	1	463539352e32202e48323932203139383161	50917	50907
lcc	1	463539352e32202e4a3433	50917	50907
lcc	1	463539352e32202e4b342031393731	50917	50907
lcc	1	463539352e32202e4b3533	50917	50907
lcc	1	463539352e32202e4c36332031393838	50917	50907
lcc	1	463539352e32202e4d35332032303134	50917	50907
lcc	1	463539352e32202e4d35332032303135	50917	50907
lcc	1	463539352e32202e4d3534	50917	50907
lcc	1	463539352e32202e4d38	50917	50907
lcc	1	463539352e32202e5036342032303038	50917	50907
lcc	1	463539352e32202e5036352031393935	50917	50907
lcc	1	463539352e32202e50363520313939356562	50917	50907
lcc	1	463539352e32202e5233382031393738	50917	50907
lcc	1	463539352e32202e523837	50917	50907
lcc	1	463539352e32202e5238372031393836	50917	50907
lcc	1	463539352e32202e533233	50917	50907
lcc	1	463539352e32202e5333382031393832	50917	50907
lcc	1	463539352e32202e5333382031393833	50917	50907
lcc	1	463539352e32202e5333382031393936	50917	50907
lcc	1	463539352e32202e533534	50917	50907
lcc	1	463539352e32202e533838	50917	50907
lcc	1	463539352e32202e5339332031393738	50917	50907
lcc	1	463539352e32202e543439	50917	50907
lcc	1	463539352e32202e5735372031393833	50917	50907
lcc	1	463539352e32202e5a35332031393831	50917	50907
lcc	1	463539352e322e423638	50917	50907
lcc	1	463539352e322e4236382031393734	50917	50907
lcc	1	463539352e322e4333362032303030	50917	50907
lcc	1	463539352e322e463633	50917	50907
lcc	1	463539352e322e4a36362031393937	50917	50907
lcc	1	463539352e322e4d35332032303134	50917	50907
lcc	1	463539352e322e5036342032303038	50917	50907
lcc	1	463539352e322e5238372031393836	50917	50907
lcc	1	463539352e322e5333382031393936	50917	50907
lcc	1	463539352e322e533733	50917	50907
lcc	1	463539352e322e5339332031393738	50917	50907
lcc	1	463539352e33202e4135382032303132	50918	50907
lcc	1	463539352e33202e423335	50918	50907
lcc	1	463539352e33202e4233352031393836	50918	50907
lcc	1	463539352e33202e4233352032303134	50918	50907
lcc	1	463539352e33202e423339362032303035	50918	50907
lcc	1	463539352e33202e423433203139393058	50918	50907
lcc	1	463539352e33202e4234342032303132	50918	50907
lcc	1	463539352e33202e4234372032303033	50918	50907
lcc	1	463539352e33202e4234382031393930	50918	50907
lcc	1	463539352e33202e4236392031393935	50918	50907
lcc	1	463539352e33202e4237342032303030	50918	50907
lcc	1	463539352e33202e4237362031393939	50918	50907
lcc	1	463539352e33202e423836352032303130	50918	50907
lcc	1	463539352e33202e4238372031393833	50918	50907
lcc	1	463539352e33202e4333342032303030	50918	50907
lcc	1	463539352e33202e4333362031393932	50918	50907
lcc	1	463539352e33202e4334382032303033	50918	50907
lcc	1	463539352e33202e4334382032303039	50918	50907
lcc	1	463539352e33202e4335372032303032	50918	50907
lcc	1	463539352e33202e4336352031393939	50918	50907
lcc	1	463539352e33202e4336382032303131	50918	50907
lcc	1	463539352e33202e4337362031393930	50918	50907
lcc	1	463539352e33202e4433362032303135	50918	50907
lcc	1	463539352e33202e4433392031393834	50918	50907
lcc	1	463539352e33202e4434322031393839	50918	50907
lcc	1	463539352e33202e4435332032303032	50918	50907
lcc	1	463539352e33202e443835362031393934	50918	50907
lcc	1	463539352e33202e4438362031393933	50918	50907
lcc	1	463539352e33202e4438362032303030	50918	50907
lcc	1	463539352e33202e4534352031393933	50918	50907
lcc	1	463539352e33202e4534352031393934	50918	50907
lcc	1	463539352e33202e4534352032303032	50918	50907
lcc	1	463539352e33202e4635372031393931	50918	50907
lcc	1	463539352e33202e4636372031393935	50918	50907
lcc	1	463539352e33202e46372031393839	50918	50907
lcc	1	463539352e33202e46372031393930	50918	50907
lcc	1	463539352e33202e46372032303031	50918	50907
lcc	1	463539352e33202e4735352031393838	50918	50907
lcc	1	463539352e33202e4735352031393931	50918	50907
lcc	1	463539352e33202e4735352031393938	50918	50907
lcc	1	463539352e33202e4735352032303033	50918	50907
lcc	1	463539352e33202e4735362032303134	50918	50907
lcc	1	463539352e33202e47373320313939396562	50918	50907
lcc	1	463539352e33202e4833342031393839	50918	50907
lcc	1	463539352e33202e4833372032303035	50918	50907
lcc	1	463539352e33202e4834352032303132	50918	50907
lcc	1	463539352e33202e4834362032303134	50918	50907
lcc	1	463539352e33202e4835352032303131	50918	50907
lcc	1	463539352e33202e4836342032303030	50918	50907
lcc	1	463539352e33202e4836342032303034	50918	50907
lcc	1	463539352e33202e4836382032303139	50918	50907
lcc	1	463539352e33202e4934362032303033	50918	50907
lcc	1	463539352e33202e4937342032303030	50918	50907
lcc	1	463539352e33202e4b34362032303139	50918	50907
lcc	1	463539352e33202e4b35342031393936	50918	50907
lcc	1	463539352e33202e4b35382031393831	50918	50907
lcc	1	463539352e33202e4b35382031393939	50918	50907
lcc	1	463539352e33202e4b36352032303139	50918	50907
lcc	1	463539352e33202e4b36372032303131	50918	50907
lcc	1	463539352e33202e4b36372032303137	50918	50907
lcc	1	463539352e33202e4b36382031393836	50918	50907
lcc	1	463539352e33202e4c332031393831	50918	50907
lcc	1	463539352e33202e4c33382031393933	50918	50907
lcc	1	463539352e33202e4c35362031393936	50918	50907
lcc	1	463539352e33202e4c35362031393937	50918	50907
lcc	1	463539352e33202e4c35362032303139	50918	50907
lcc	1	463539352e33202e4c3537342032303030	50918	50907
lcc	1	463539352e33202e4c35382031393936	50918	50907
lcc	1	463539352e33202e4d33362031393937	50918	50907
lcc	1	463539352e33202e4d33382031393932	50918	50907
lcc	1	463539352e33202e4d33392032303131	50918	50907
lcc	1	463539352e33202e4d36362032303034	50918	50907
lcc	1	463539352e33202e4e34372032303035	50918	50907
lcc	1	463539352e33202e4e34382032303039	50918	50907
lcc	1	463539352e33202e4e34392032303130	50918	50907
lcc	1	463539352e33202e4e3439382032303039	50918	50907
lcc	1	463539352e33202e4f34362031393836	50918	50907
lcc	1	463539352e33202e4f39342032303136	50918	50907
lcc	1	463539352e33202e5033352032303033	50918	50907
lcc	1	463539352e33202e5036332031393835	50918	50907
lcc	1	463539352e33202e5036332032303230	50918	50907
lcc	1	463539352e33202e5233362031393832	50918	50907
lcc	1	463539352e33202e5234392032303134	50918	50907
lcc	1	463539352e33202e5235332032303035	50918	50907
lcc	1	463539352e33202e523632372032303032	50918	50907
lcc	1	463539352e33202e5236332031393933	50918	50907
lcc	1	463539352e33202e5236332031393934	50918	50907
lcc	1	463539352e33202e5236362032303036	50918	50907
lcc	1	463539352e33202e5238382031393836	50918	50907
lcc	1	463539352e33202e5332362031393933	50918	50907
lcc	1	463539352e33202e5332362031393934	50918	50907
lcc	1	463539352e33202e5332362032303131	50918	50907
lcc	1	463539352e33202e533335342032303035	50918	50907
lcc	1	463539352e33202e5333362031393936	50918	50907
lcc	1	463539352e33202e5334342031393938	50918	50907
lcc	1	463539352e33202e5335392032303135	50918	50907
lcc	1	463539352e33202e5336332031393931	50918	50907
lcc	1	463539352e33202e53363320313939316562	50918	50907
lcc	1	463539352e33202e5336392032303131	50918	50907
lcc	1	463539352e33202e5337322031393932	50918	50907
lcc	1	463539352e33202e5337342031393839	50918	50907
lcc	1	463539352e33202e5337342031393931	50918	50907
lcc	1	463539352e33202e5337352031393934	50918	50907
lcc	1	463539352e33202e5433392031393932	50918	50907
lcc	1	463539352e33202e5436372032303039	50918	50907
lcc	1	463539352e33202e5633362032303031	50918	50907
lcc	1	463539352e33202e5633362032303032	50918	50907
lcc	1	463539352e33202e5733352031393930	50918	50907
lcc	1	463539352e33202e5733352032303031	50918	50907
lcc	1	463539352e33202e5734352031393838	50918	50907
lcc	1	463539352e33202e5734372032303030	50918	50907
lcc	1	463539352e33202e573439203139383978	50918	50907
lcc	1	463539352e33202e5734392032303135	50918	50907
lcc	1	463539352e33202e57353778203139383362	50918	50907
lcc	1	463539352e33202e5736362031393930	50918	50907
lcc	1	463539352e33202e5737352032303135	50918	50907
lcc	1	463539352e33202e5737362032303133	50918	50907
lcc	1	463539352e332e4135382032303132	50918	50907
lcc	1	463539352e332e423339362032303035	50918	50907
lcc	1	463539352e332e4234332031393930	50918	50907
lcc	1	463539352e332e4234382031393930	50918	50907
lcc	1	463539352e332e4235392032303138	50918	50907
lcc	1	463539352e332e4236392032303138	50918	50907
lcc	1	463539352e332e4237342032303030	50918	50907
lcc	1	463539352e332e4237362031393939	50918	50907
lcc	1	463539352e332e4333342032303030	50918	50907
lcc	1	463539352e332e4333362031393932	50918	50907
lcc	1	463539352e332e4334382032303033	50918	50907
lcc	1	463539352e332e4334382032303039	50918	50907
lcc	1	463539352e332e4336362031393837	50918	50907
lcc	1	463539352e332e4337362031393930	50918	50907
lcc	1	463539352e332e4433362032303135	50918	50907
lcc	1	463539352e332e4433382032303034	50918	50907
lcc	1	463539352e332e443339352032303230	50918	50907
lcc	1	463539352e332e4436332032303039	50918	50907
lcc	1	463539352e332e4438362031393933	50918	50907
lcc	1	463539352e332e4438362032303030	50918	50907
lcc	1	463539352e332e4534352031393933	50918	50907
lcc	1	463539352e332e4534352031393934	50918	50907
lcc	1	463539352e332e4534352032303032	50918	50907
lcc	1	463539352e332e4537352032303039	50918	50907
lcc	1	463539352e332e4636372032303030	50918	50907
lcc	1	463539352e332e46372031393839	50918	50907
lcc	1	463539352e332e46372032303031	50918	50907
lcc	1	463539352e332e4735352032303033	50918	50907
lcc	1	463539352e332e4737332031393939	50918	50907
lcc	1	463539352e332e4738382031393839	50918	50907
lcc	1	463539352e332e4833372032303035	50918	50907
lcc	1	463539352e332e4834352032303132	50918	50907
lcc	1	463539352e332e4835352032303131	50918	50907
lcc	1	463539352e332e4835352032303230	50918	50907
lcc	1	463539352e332e4835362032303038	50918	50907
lcc	1	463539352e332e4836342032303030	50918	50907
lcc	1	463539352e332e4836342032303034	50918	50907
lcc	1	463539352e332e4836352031393937	50918	50907
lcc	1	463539352e332e4934362032303033	50918	50907
lcc	1	463539352e332e4b33362031393938	50918	50907
lcc	1	463539352e332e4b34362032303139	50918	50907
lcc	1	463539352e332e4b36352032303139	50918	50907
lcc	1	463539352e332e4b36372032303036	50918	50907
lcc	1	463539352e332e4b36372032303131	50918	50907
lcc	1	463539352e332e4b36372032303137	50918	50907
lcc	1	463539352e332e4c3537342032303030	50918	50907
lcc	1	463539352e332e4d33352032303230	50918	50907
lcc	1	463539352e332e4d36362032303034	50918	50907
lcc	1	463539352e332e523338352032303033	50918	50907
lcc	1	463539352e332e5235332032303035	50918	50907
lcc	1	463539352e332e523632372032303032	50918	50907
lcc	1	463539352e332e5236332031393934	50918	50907
lcc	1	463539352e332e523633342031393937	50918	50907
lcc	1	463539352e332e5236362032303036	50918	50907
lcc	1	463539352e332e5238382031393836	50918	50907
lcc	1	463539352e332e5332362032303131	50918	50907
lcc	1	463539352e332e5335392032303135	50918	50907
lcc	1	463539352e332e5336332031393931	50918	50907
lcc	1	463539352e332e533733352032303038	50918	50907
lcc	1	463539352e332e5337342031393839	50918	50907
lcc	1	463539352e332e5337342031393931	50918	50907
lcc	1	463539352e332e5633362032303031	50918	50907
lcc	1	463539352e332e5633362032303130	50918	50907
lcc	1	463539352e332e5733352031393930	50918	50907
lcc	1	463539352e332e5733352032303031	50918	50907
lcc	1	463539352e332e5734392032303134	50918	50907
lcc	1	463539352e332e5736362031393930	50918	50907
lcc	1	463539352e332e5737352032303135	50918	50907
lcc	1	463539352e332e5737362032303133	50918	50907
lcc	1	463539352e332e57373620323031336562	50918	50907
lcc	1	463539352e334e34372032303039	50918	50907
lcc	1	463539352e4135342032303033	50916	50907
lcc	1	463539352e4135352031393939	50916	50907
lcc	1	463539352e4137342031393935	50916	50907
lcc	1	463539352e4138352031393836	50916	50907
lcc	1	463539352e4234372032303233	50916	50907
lcc	1	463539352e4235392032303233	50916	50907
lcc	1	463539352e423737204237332032303030	50916	50907
lcc	1	463539352e43333432204233372032303033	50916	50907
lcc	1	463539352e43333432204635372032303030	50916	50907
lcc	1	463539352e43333432204635372032303031	50916	50907
lcc	1	463539352e43333432204934352032303136	50916	50907
lcc	1	463539352e433334324d33352032303235	50916	50907
lcc	1	463539352e43333632202e443435342032303033	50916	50907
lcc	1	463539352e4333363220423437	50916	50907
lcc	1	463539352e43333632204234372031393736	50916	50907
lcc	1	463539352e43333632204234382032303132	50916	50907
lcc	1	463539352e43333632204336362032303136	50916	50907
lcc	1	463539352e4333363220473337	50916	50907
lcc	1	463539352e43333632204733382031393939	50916	50907
lcc	1	463539352e43333632204737342031393935	50916	50907
lcc	1	463539352e4333363220473734332032303039	50916	50907
lcc	1	463539352e43333632204833382032303133	50916	50907
lcc	1	463539352e43333632204a33332032303037	50916	50907
lcc	1	463539352e43333632204a33352032303132	50916	50907
lcc	1	463539352e43333632204b34352031393936	50916	50907
lcc	1	463539352e43333632204c343420323032306562	50916	50907
lcc	1	463539352e43333632204d33372031393934	50916	50907
lcc	1	463539352e43333632204d34322031393934	50916	50907
lcc	1	463539352e43333632204d34322031393936	50916	50907
lcc	1	463539352e43333632204d34322032303033	50916	50907
lcc	1	463539352e43333632204e34382031393937	50916	50907
lcc	1	463539352e43333632204f3533342031393937	50916	50907
lcc	1	463539352e43333632205033382031393938	50916	50907
lcc	1	463539352e43333632205337342031393932	50916	50907
lcc	1	463539352e43333632205738352031393937	50916	50907
lcc	1	463539352e433336322e50363420313937376562	50916	50907
lcc	1	463539352e433336324336362032303136	50916	50907
lcc	1	463539352e433336324737342031393935	50916	50907
lcc	1	463539352e43333632473734332032303039	50916	50907
lcc	1	463539352e433336324833382032303133	50916	50907
lcc	1	463539352e433336324a33352032303132	50916	50907
lcc	1	463539352e433336324b34352031393936	50916	50907
lcc	1	463539352e433336324d34322031393934	50916	50907
lcc	1	463539352e433336324d34322032303033	50916	50907
lcc	1	463539352e433336325033382031393939	50916	50907
lcc	1	463539352e43333632503634	50916	50907
lcc	1	463539352e433632352032303136	50916	50907
lcc	1	463539352e4336332032303130	50916	50907
lcc	1	463539352e4336392031393938	50916	50907
lcc	1	463539352e433736203230303462	50916	50907
lcc	1	463539352e4337382032303030	50916	50907
lcc	1	463539352e443135205633342031393737	50916	50907
lcc	1	463539352e443135205633342032303133	50916	50907
lcc	1	463539352e4431384434332032303130	50916	50907
lcc	1	463539352e4432362032303036	50916	50907
lcc	1	463539352e4433352032303031	50916	50907
lcc	1	463539352e44372031393835	50916	50907
lcc	1	463539352e4439332032303132	50916	50907
lcc	1	463539352e4538382032303037	50916	50907
lcc	1	463539352e463834204335352032303139	50916	50907
lcc	1	463539352e4639	50916	50907
lcc	1	463539352e473237352032303131	50916	50907
lcc	1	463539352e4738342031393935	50916	50907
lcc	1	463539352e483239205333362032303135	50916	50907
lcc	1	463539352e4832395333362032303135	50916	50907
lcc	1	463539352e4834352032303035	50916	50907
lcc	1	463539352e483739372031393733	50916	50907
lcc	1	463539352e4838313520473734	50916	50907
lcc	1	463539352e4839342032303131	50916	50907
lcc	1	463539352e483934332032303139	50916	50907
lcc	1	463539352e4839352032303130	50916	50907
lcc	1	463539352e4938332032303032	50916	50907
lcc	1	463539352e4a35342032303137	50916	50907
lcc	1	463539352e4b34204237392032303039	50916	50907
lcc	1	463539352e4b34204238	50916	50907
lcc	1	463539352e4b342042382031393730	50916	50907
lcc	1	463539352e4b3442382031393730	50916	50907
lcc	1	463539352e4c3337	50916	50907
lcc	1	463539352e4c33372032303034	50916	50907
lcc	1	463539352e4c3337352032303039	50916	50907
lcc	1	463539352e4c3437372032303037	50916	50907
lcc	1	463539352e4c3438205332362032303135	50916	50907
lcc	1	463539352e4c34385332362032303135	50916	50907
lcc	1	463539352e4c3537205336362032303132	50916	50907
lcc	1	463539352e4c3537205735352032303135	50916	50907
lcc	1	463539352e4c35374537362032303033	50916	50907
lcc	1	463539352e4c35375336362032303132	50916	50907
lcc	1	463539352e4c35375735352032303135	50916	50907
lcc	1	463539352e4c35382032303139	50916	50907
lcc	1	463539352e4c36362032303031	50916	50907
lcc	1	463539352e4d313420413337	50916	50907
lcc	1	463539352e4d3234204f37372032303138	50916	50907
lcc	1	463539352e4d332031393839	50916	50907
lcc	1	463539352e4d3334332032303039	50916	50907
lcc	1	463539352e4d3335204434352031393834	50916	50907
lcc	1	463539352e4d33382032303032	50916	50907
lcc	1	463539352e4d35352032303030	50916	50907
lcc	1	463539352e4e33372031393737	50916	50907
lcc	1	463539352e4e35372032303139	50916	50907
lcc	1	463539352e4f35352031393839	50916	50907
lcc	1	463539352e4f37332032303133	50916	50907
lcc	1	463539352e503132352031393835	50916	50907
lcc	1	463539352e5032372031393838	50916	50907
lcc	1	463539352e5036354437332031393936	50916	50907
lcc	1	463539352e5036355733352032303139	50916	50907
lcc	1	463539352e5037382031393930	50916	50907
lcc	1	463539352e5037382032303130	50916	50907
lcc	1	463539352e5233362041332031393838	50916	50907
lcc	1	463539352e523336352032303038	50916	50907
lcc	1	463539352e523337352032303133	50916	50907
lcc	1	463539352e5233382031393735	50916	50907
lcc	1	463539352e5235372032303136	50916	50907
lcc	1	463539352e5235392031393839	50916	50907
lcc	1	463539352e5238352031393938	50916	50907
lcc	1	463539352e523835372032303138	50916	50907
lcc	1	463539352e5332342032303038	50916	50907
lcc	1	463539352e53363220533238	50916	50907
lcc	1	463539352e5336362032303133	50916	50907
lcc	1	463539352e533636362032303230	50916	50907
lcc	1	463539352e533738332032303031	50916	50907
lcc	1	463539352e53373836	50916	50907
lcc	1	463539352e5338392031393838	50916	50907
lcc	1	463539352e53393420453735352032303039	50916	50907
lcc	1	463539352e533934204537362031393932	50916	50907
lcc	1	463539352e533934204e35332032303133	50916	50907
lcc	1	463539352e533934453735352032303039	50916	50907
lcc	1	463539352e5435204635372032303031	50916	50907
lcc	1	463539352e563234332031393931	50916	50907
lcc	1	463539352e5632362032303039	50916	50907
lcc	1	463539352e57362031393839	50916	50907
lcc	1	463539352e573639352032303037	50916	50907
lcc	1	463539352e5737372032303133	50916	50907
lcc	1	463539352e5a38332032303134	50916	50907
lcc	1	463637202e4132322031383939	50979	3450
lcc	1	463637202e413432	50979	3450
lcc	1	463637202e4138382032303135	50979	3450
lcc	1	463637202e4233372032303037	50979	3450
lcc	1	463637202e4234372032303037	50979	3450
lcc	1	463637202e4236362032303032	50979	3450
lcc	1	463637202e4238322032303031	50979	3450
lcc	1	463637202e423936352032303035	50979	3450
lcc	1	463637202e43373120766f6c2e203634	50979	3450
lcc	1	463637202e4339352032303131	50979	3450
lcc	1	463637202e4339352032303132	50979	3450
lcc	1	463637202e443238352032303036	50979	3450
lcc	1	463637202e4433382032303230	50979	3450
lcc	1	463637202e4436382031393838	50979	3450
lcc	1	463637202e4438	50979	3450
lcc	1	463637202e4438362031393837	50979	3450
lcc	1	463637202e453437	50979	3450
lcc	1	463637202e453535372031393731	50979	3450
lcc	1	463637202e4637342032303036	50979	3450
lcc	1	463637202e4637382031393837	50979	3450
lcc	1	463637202e473634362031393939	50979	3450
lcc	1	463637202e4736343620323030326562	50979	3450
lcc	1	463637202e473635	50979	3450
lcc	1	463637202e483138	50979	3450
lcc	1	463637202e4833332031393037	50979	3450
lcc	1	463637202e483334	50979	3450
lcc	1	463637202e4834362032303039	50979	3450
lcc	1	463637202e483436362032303039	50979	3450
lcc	1	463637202e4835352032303037	50979	3450
lcc	1	463637202e483835	50979	3450
lcc	1	463637202e48393037	50979	3450
lcc	1	463637202e48393332	50979	3450
lcc	1	463637202e4839342031393733	50979	3450
lcc	1	463637202e4839372031393732	50979	3450
lcc	1	463637202e4a36382032303030	50979	3450
lcc	1	463637202e4a38332031393839	50979	3450
lcc	1	463637202e4c3334	50979	3450
lcc	1	463637202e4c33372032303038	50979	3450
lcc	1	463637202e4c363633	50979	3450
lcc	1	463637202e4d343120766f6c2e2038372c206574632e	50979	3450
lcc	1	463637202e4d34323134352031393736	50979	3450
lcc	1	463637202e4d34323135	50979	3450
lcc	1	463637202e4d3432362031393733	50979	3450
lcc	1	463637202e4d3435	50979	3450
lcc	1	463637202e4d34373337	50979	3450
lcc	1	463637202e4d343733382032303031	50979	3450
lcc	1	463637202e4d34383635	50979	3450
lcc	1	463637202e4d3532362031393731	50979	3450
lcc	1	463637202e4d38362031393738	50979	3450
lcc	1	463637202e4d38362031393831	50979	3450
lcc	1	463637202e4d3839352031393732	50979	3450
lcc	1	463637202e4d3839352032303031	50979	3450
lcc	1	463637202e4e33372032303033	50979	3450
lcc	1	463637202e4f3438	50979	3450
lcc	1	463637202e50322031393932	50979	3450
lcc	1	463637202e503338	50979	3450
lcc	1	463637202e5035372031393731	50979	3450
lcc	1	463637202e5039362031393931	50979	3450
lcc	1	463637202e5039372031393833	50979	3450
lcc	1	463637202e5039382031393833	50979	3450
lcc	1	463637202e503938332031393833	50979	3450
lcc	1	463637202e5231362031393935	50979	3450
lcc	1	463637202e5231362032303036	50979	3450
lcc	1	463637202e5236362032303230	50979	3450
lcc	1	463637202e5237392031393733	50979	3450
lcc	1	463637202e5237392031393938	50979	3450
lcc	1	463637202e5334362031393839	50979	3450
lcc	1	463637202e533531362031393633	50979	3450
lcc	1	463637202e533531362031393732	50979	3450
lcc	1	463637202e533531372031393639	50979	3450
lcc	1	463637202e53353235203230303562	50979	3450
lcc	1	463637202e533532352032303036	50979	3450
lcc	1	463637202e5335372032303035	50979	3450
lcc	1	463637202e533639352032303034	50979	3450
lcc	1	463637202e53382031393937	50979	3450
lcc	1	463637202e533836382032303030	50979	3450
lcc	1	463637202e5432	50979	3450
lcc	1	463637202e573137	50979	3450
lcc	1	463637202e573534372031393730	50979	3450
lcc	1	463637202e5736362032303035	50979	3450
lcc	1	463637202e573639382031393734	50979	3450
lcc	1	463637202e573639392032303132	50979	3450
lcc	1	463637202e573738332031393732	50979	3450
lcc	1	463637202e573738332032303137	50979	3450
lcc	1	463637202e57373834	50979	3450
lcc	1	463637202e573738342031393936	50979	3450
lcc	1	463637202e573739382031393538	50979	3450
lcc	1	463637202e573837332032303136	50979	3450
lcc	1	463637202e573837352032303036	50979	3450
lcc	1	463637202e573837352032303136	50979	3450
lcc	1	463637202e573837372031393737	50979	3450
lcc	1	463637202e5936382031393730	50979	3450
lcc	1	463637202f2e48393332	50979	3450
lcc	1	4636372031393836202e4936	50979	3450
lcc	1	4636372e423435204233382032303135	50979	3450
lcc	1	4636372e423435204337362031393932	50979	3450
lcc	1	4636372e42343520473638352032303036	50979	3450
lcc	1	4636372e4234352e42333820313939366562	50979	3450
lcc	1	4636372e4234354337362031393932	50979	3450
lcc	1	4636372e423437204e35332032303037	50979	3450
lcc	1	4636372e423637204434362032303133	50979	3450
lcc	1	4636372e423833	50979	3450
lcc	1	4636372e4239372031393835	50979	3450
lcc	1	4636372e433735362031393935	50979	3450
lcc	1	4636372e4339352032303131	50979	3450
lcc	1	4636372e443238352032303034	50979	3450
lcc	1	4636372e4433362032303034	50979	3450
lcc	1	4636372e4433382032303230	50979	3450
lcc	1	4636372e4436342032303035	50979	3450
lcc	1	4636372e443638203139	50979	3450
lcc	1	4636372e4637342032303036	50979	3450
lcc	1	4636372e473334204835362032303032	50979	3450
lcc	1	4636372e4733344835362032303032	50979	3450
lcc	1	4636372e4832332032303039	50979	3450
lcc	1	4636372e483932204134353520323031306562	50979	3450
lcc	1	4636372e48393220413435352032303133	50979	3450
lcc	1	4636372e4839322041343535203230313362	50979	3450
lcc	1	4636372e48393220413536	50979	3450
lcc	1	4636372e483932204135362031393831	50979	3450
lcc	1	4636372e483932204135382031393930	50979	3450
lcc	1	4636372e483932204333372032303035	50979	3450
lcc	1	4636372e483932204438362031393933	50979	3450
lcc	1	4636372e483932204637332031393930	50979	3450
lcc	1	4636372e483932204833	50979	3450
lcc	1	4636372e483932204833342032303130	50979	3450
lcc	1	4636372e483932204935342031393930	50979	3450
lcc	1	4636372e483932204c33372032303034	50979	3450
lcc	1	4636372e483932204c33372032303035	50979	3450
lcc	1	4636372e483932204c34362031393935	50979	3450
lcc	1	4636372e483932204d33362032303034	50979	3450
lcc	1	4636372e483932205233382032303035	50979	3450
lcc	1	4636372e483932205335372032303130	50979	3450
lcc	1	4636372e483932205335372032303131	50979	3450
lcc	1	4636372e483932205733352032303035	50979	3450
lcc	1	4636372e48393220573534	50979	3450
lcc	1	4636372e483932413435352032303130	50979	3450
lcc	1	4636372e4839324135382031393930	50979	3450
lcc	1	4636372e4839324335382032303030	50979	3450
lcc	1	4636372e4839324d33362032303034	50979	3450
lcc	1	4636372e4839325335372032303130	50979	3450
lcc	1	4636372e4839325337352032303036	50979	3450
lcc	1	4636372e4839325733352032303034	50979	3450
lcc	1	4636372e4839325734372032303231	50979	3450
lcc	1	4636372e4839383035	50979	3450
lcc	1	4636372e483938322041342032303134	50979	3450
lcc	1	4636372e48393832204637342031393930	50979	3450
lcc	1	4636372e48393832205034362031393832	50979	3450
lcc	1	4636372e483938322057333520313939396562	50979	3450
lcc	1	4636372e483938322e57333520313939396562	50979	3450
lcc	1	4636372e4839383241342032303134	50979	3450
lcc	1	4636372e483938325034362031393832	50979	3450
lcc	1	4636372e483938325733352031393939	50979	3450
lcc	1	4636372e4a36382032303030	50979	3450
lcc	1	4636372e4c33372032303037	50979	3450
lcc	1	4636372e4c363633	50979	3450
lcc	1	4636372e4d3433204132352032303130	50979	3450
lcc	1	4636372e4d3433204132352032303131	50979	3450
lcc	1	4636372e4d3433204234322031393739	50979	3450
lcc	1	4636372e4d3433204237342031393834	50979	3450
lcc	1	4636372e4d3433204237342031393835	50979	3450
lcc	1	4636372e4d3433204b34362032303135	50979	3450
lcc	1	4636372e4d3433204c3438	50979	3450
lcc	1	4636372e4d3433204c34382031393738	50979	3450
lcc	1	4636372e4d3433204c36382031393739	50979	3450
lcc	1	4636372e4d3433205036372032303030	50979	3450
lcc	1	4636372e4d343320523435372032303132	50979	3450
lcc	1	4636372e4d343320533537	50979	3450
lcc	1	4636372e4d3433205335372031393834	50979	3450
lcc	1	4636372e4d3433205335372031393835	50979	3450
lcc	1	4636372e4d34332053373534382032303136	50979	3450
lcc	1	4636372e4d3433205734362031393830	50979	3450
lcc	1	4636372e4d343320573436203139393263	50979	3450
lcc	1	4636372e4d34334132352032303130	50979	3450
lcc	1	4636372e4d34334b34362032303135	50979	3450
lcc	1	4636372e4d34334b36362032303037	50979	3450
lcc	1	4636372e4d34334c38382032303030	50979	3450
lcc	1	4636372e4d34334d3337782031393730	50979	3450
lcc	1	4636372e4d34335335372031393835	50979	3450
lcc	1	4636372e4d343420423878	50979	3450
lcc	1	4636372e4d343638202e483734362032303033	50979	3450
lcc	1	4636372e4d343638204833352031393838	50979	3450
lcc	1	4636372e4d3436384833352031393838	50979	3450
lcc	1	4636372e4d3437204d35332031393939	50979	3450
lcc	1	4636372e4d343733382032303031	50979	3450
lcc	1	4636372e4d34374d35332031393939	50979	3450
lcc	1	4636372e4d34383635	50979	3450
lcc	1	4636372e4d36352032303036	50979	3450
lcc	1	4636372e4d37352032303033	50979	3450
lcc	1	4636372e4d5833205335372032303032	50979	3450
lcc	1	4636372e50353636332031393938	50979	3450
lcc	1	4636372e503634205733372031393931	50979	3450
lcc	1	4636372e5036342e5733372031393931	50979	3450
lcc	1	4636372e503737205333382031393835	50979	3450
lcc	1	4636372e5037375333382031393835	50979	3450
lcc	1	4636372e5039362031393931	50979	3450
lcc	1	4636372e5231362031393935	50979	3450
lcc	1	4636372e5231362032303036	50979	3450
lcc	1	4636372e5237392031393938	50979	3450
lcc	1	4636372e533531362031393733	50979	3450
lcc	1	4636372e533531362031393938	50979	3450
lcc	1	4636372e533532352032303035	50979	3450
lcc	1	4636372e5335372032303035	50979	3450
lcc	1	4636372e53382031393938	50979	3450
lcc	1	4636372e573439352031393939	50979	3450
lcc	1	4636372e573639382031393734	50979	3450
lcc	1	4636372e573639392032303132	50979	3450
lcc	1	4636372e573738342031393936	50979	3450
lcc	1	4636372e573739202e4333372031393931	50979	3450
lcc	1	4636372e573739202e4333372031393939	50979	3450
lcc	1	4636372e573739204137362032303034	50979	3450
lcc	1	4636372e573739204237342032303033	50979	3450
lcc	1	4636372e573739204237342032303035	50979	3450
lcc	1	4636372e573739204238372032303036	50979	3450
lcc	1	4636372e573739204d36362031393538	50979	3450
lcc	1	4636372e573739204d36362032303036	50979	3450
lcc	1	4636372e573739204d36362032303037	50979	3450
lcc	1	4636372e573739204d36372031393932	50979	3450
lcc	1	4636372e573739205033372032303134	50979	3450
lcc	1	4636372e5737392050333720323031346562	50979	3450
lcc	1	4636372e573739205034352032303034	50979	3450
lcc	1	4636372e573739205236342032303138	50979	3450
lcc	1	4636372e5737392e4d36372031393932	50979	3450
lcc	1	4636372e5737392e50333720323031346562	50979	3450
lcc	1	4636372e5737393933	50979	3450
lcc	1	4636372e5737394137362032303034	50979	3450
lcc	1	4636372e5737394237342032303035	50979	3450
lcc	1	4636372e5737394237342032303039	50979	3450
lcc	1	4636372e5737394237352032303039	50979	3450
lcc	1	4636372e5737394238372032303036	50979	3450
lcc	1	4636372e5737394336362032303031	50979	3450
lcc	1	4636372e5737394d36362032303036	50979	3450
lcc	1	4636372e5737394d36362032303037	50979	3450
lcc	1	4636372e5737395034352032303034	50979	3450
lcc	1	4636372e573837332032303136	50979	3450
lcc	1	4636372e573837352032303036	50979	3450
lcc	1	463637483938204836	50979	3450
lcc	1	463638202e4131362031393939	50979	3450
lcc	1	463638202e4134332032303131	50979	3450
lcc	1	463638202e413436	50979	3450
lcc	1	463638202e4135312031393938	50979	3450
lcc	1	463638202e4135342031393834	50979	3450
lcc	1	463638202e4136332032303033	50979	3450
lcc	1	463638202e4136362032303134	50979	3450
lcc	1	463638202e4136372032303132	50979	3450
lcc	1	463638202e4137332032303034	50979	3450
lcc	1	463638202e41373320323030346562	50979	3450
lcc	1	463638202e4137332032303036	50979	3450
lcc	1	463638202e4231322031393732	50979	3450
lcc	1	463638202e423133342031393835	50979	3450
lcc	1	463638202e4231372032303034	50979	3450
lcc	1	463638202e4231382032303032	50979	3450
lcc	1	463638202e423138352032303039	50979	3450
lcc	1	463638202e4232352032303134	50979	3450
lcc	1	463638202e423236	50979	3450
lcc	1	463638202e4232362031393738	50979	3450
lcc	1	463638202e423237	50979	3450
lcc	1	463638202e423337332032303030	50979	3450
lcc	1	463638202e4234332032303030	50979	3450
lcc	1	463638202e423639	50979	3450
lcc	1	463638202e423733332032303230	50979	3450
lcc	1	463638202e423734322031393934	50979	3450
lcc	1	463638202e42383035	50979	3450
lcc	1	463638202e423830352031393638	50979	3450
lcc	1	463638202e4238303733	50979	3450
lcc	1	463638202e42383037332032303036	50979	3450
lcc	1	463638202e4238303733203230303662	50979	3450
lcc	1	463638202e42383037333132372032303130	50979	3450
lcc	1	463638202e4238303733322032303031	50979	3450
lcc	1	463638202e42383038362031393532	50979	3450
lcc	1	463638202e423830383736	50979	3450
lcc	1	463638202e42383234	50979	3450
lcc	1	463638202e4238332032303230	50979	3450
lcc	1	463638202e4238342031393730	50979	3450
lcc	1	463638202e423838	50979	3450
lcc	1	463638202e423933362032303130	50979	3450
lcc	1	463638202e423933362032303131	50979	3450
lcc	1	463638202e4332372031393734	50979	3450
lcc	1	463638202e4333332032303033	50979	3450
lcc	1	463638202e4333332032303034	50979	3450
lcc	1	463638202e4333342032303037	50979	3450
lcc	1	463638202e4334332032303031	50979	3450
lcc	1	463638202e4336352032303134	50979	3450
lcc	1	463638202e4336362032303035	50979	3450
lcc	1	463638202e4336362032303134	50979	3450
lcc	1	463638202e433739	50979	3450
lcc	1	463638202e433836	50979	3450
lcc	1	463638202e44342032303031	50979	3450
lcc	1	463638202e4435	50979	3450
lcc	1	463638202e443538	50979	3450
lcc	1	463638202e443736	50979	3450
lcc	1	463638202e4532352032303033	50979	3450
lcc	1	463638202e4535352032303037	50979	3450
lcc	1	463638202e4633352031393933	50979	3450
lcc	1	463638202e463733	50979	3450
lcc	1	463638202e4637332032303137	50979	3450
lcc	1	463638202e4637382032303036	50979	3450
lcc	1	463638202e4637382032303037	50979	3450
lcc	1	463638202e4638332032303137	50979	3450
lcc	1	463638202e4735332031393730	50979	3450
lcc	1	463638202e473533203139373062	50979	3450
lcc	1	463638202e4735342032303036	50979	3450
lcc	1	463638202e4735362031393934	50979	3450
lcc	1	463638202e473731352032303134	50979	3450
lcc	1	463638202e4737332032303134	50979	3450
lcc	1	463638202e473739352032303134	50979	3450
lcc	1	463638202e473831	50979	3450
lcc	1	463638202e473838362032303130	50979	3450
lcc	1	463638202e473838362032303131	50979	3450
lcc	1	463638202e483237362031393930	50979	3450
lcc	1	463638202e4834342031393830	50979	3450
lcc	1	463638202e483434203139383062	50979	3450
lcc	1	463638202e483634392031393737	50979	3450
lcc	1	463638202e4836352032303035	50979	3450
lcc	1	463638202e4836392032303036	50979	3450
lcc	1	463638202e483736362032303133	50979	3450
lcc	1	463638202e4837363631382032303136	50979	3450
lcc	1	463638202e483736382032303137	50979	3450
lcc	1	463638202e4a35342032303036	50979	3450
lcc	1	463638202e4b32342032303133	50979	3450
lcc	1	463638202e4b32352031393938	50979	3450
lcc	1	463638202e4b32352032303037	50979	3450
lcc	1	463638202e4b35342031393837	50979	3450
lcc	1	463638202e4b36342032303035	50979	3450
lcc	1	463638202e4c32332032303036	50979	3450
lcc	1	463638202e4c3235	50979	3450
lcc	1	463638202e4c333731382032303037	50979	3450
lcc	1	463638202e4c37332032303033	50979	3450
lcc	1	463638202e4c37352031393636	50979	3450
lcc	1	463638202e4c3833	50979	3450
lcc	1	463638202e4d3132	50979	3450
lcc	1	463638202e4d3134322032303037	50979	3450
lcc	1	463638202e4d3337	50979	3450
lcc	1	463638202e4d3338	50979	3450
lcc	1	463638202e4d3433372032303033	50979	3450
lcc	1	463638202e4d3433372032303133	50979	3450
lcc	1	463638202e4d3434	50979	3450
lcc	1	463638202e4d34362031393934	50979	3450
lcc	1	463638202e4d3439	50979	3450
lcc	1	463638202e4d36332031393935	50979	3450
lcc	1	463638202e4d36342032303137	50979	3450
lcc	1	463638202e4d37332031393732	50979	3450
lcc	1	463638202e4d3932382031393639	50979	3450
lcc	1	463638202e4d3932382031393734	50979	3450
lcc	1	463638202e4d3932382031393838	50979	3450
lcc	1	463638202e4d3932382032303038	50979	3450
lcc	1	463638202e4e36352031393937	50979	3450
lcc	1	463638202e4e37352032303033	50979	3450
lcc	1	463638202e4e3935322031393734	50979	3450
lcc	1	463638202e4f38332032303035	50979	3450
lcc	1	463638202e4f39342032303037	50979	3450
lcc	1	463638202e5032342032303032	50979	3450
lcc	1	463638202e5033392031393935	50979	3450
lcc	1	463638202e503339203230303278	50979	3450
lcc	1	463638202e503339352032303230	50979	3450
lcc	1	463638202e5034342032303036	50979	3450
lcc	1	463638202e50343420323030366378	50979	3450
lcc	1	463638202e5035392032303232	50979	3450
lcc	1	463638202e5036352031393935	50979	3450
lcc	1	463638202e503637352031393730	50979	3450
lcc	1	463638202e5036392032303135	50979	3450
lcc	1	463638202e5037352032303034	50979	3450
lcc	1	463638202e5038333520762e3830	50979	3450
lcc	1	463638202e5038333520762e38342c206574632e	50979	3450
lcc	1	463638202e503838	50979	3450
lcc	1	463638202e5133372032303031	50979	3450
lcc	1	463638202e5233352032303134	50979	3450
lcc	1	463638202e5233362032303134	50979	3450
lcc	1	463638202e5233372031393931	50979	3450
lcc	1	463638202e5233382032303132	50979	3450
lcc	1	463638202e5233382032303133	50979	3450
lcc	1	463638202e5235	50979	3450
lcc	1	463638202e523734203139363262	50979	3450
lcc	1	463638202e5237382032303037	50979	3450
lcc	1	463638202e5238	50979	3450
lcc	1	463638202e5239332032303230	50979	3450
lcc	1	463638202e53322031393931	50979	3450
lcc	1	463638202e5332352032303030	50979	3450
lcc	1	463638202e5334	50979	3450
lcc	1	463638202e5334392031393936	50979	3450
lcc	1	463638202e533538362032303132	50979	3450
lcc	1	463638202e533538372032303132	50979	3450
lcc	1	463638202e53363631342031393831	50979	3450
lcc	1	463638202e533738	50979	3450
lcc	1	463638202e533838372031393935	50979	3450
lcc	1	463638202e53392031393837	50979	3450
lcc	1	463638202e5339322031393733	50979	3450
lcc	1	463638202e5339332031393836	50979	3450
lcc	1	463638202e5434352031393937	50979	3450
lcc	1	463638202e5439362032303035	50979	3450
lcc	1	463638202e553836	50979	3450
lcc	1	463638202e5538362031393737	50979	3450
lcc	1	463638202e573134	50979	3450
lcc	1	463638202e573135342032303132	50979	3450
lcc	1	463638202e5732	50979	3450
lcc	1	463638202e573333	50979	3450
lcc	1	463638202e573339352031393933	50979	3450
lcc	1	463638202e573434	50979	3450
lcc	1	463638202e5734352032303139	50979	3450
lcc	1	463638202e5735372032303033	50979	3450
lcc	1	463638202e5735383531382032303039	50979	3450
lcc	1	463638202e57363331382032303037	50979	3450
lcc	1	463638202e5737352031393831	50979	3450
lcc	1	463638202e5737352032303131	50979	3450
lcc	1	463638202e5934372032303034	50979	3450
lcc	1	463638202e5934372032303036	50979	3450
lcc	1	463638202e5936382032303035	50979	3450
lcc	1	463638204e3635322031393734	50979	3450
lcc	1	46363824622e463335372032303230	50979	3450
lcc	1	4636382e4131362031393939	50979	3450
lcc	1	4636382e41333436204236382031393930	50979	3450
lcc	1	4636382e4135312031393938	50979	3450
lcc	1	4636382e4135312032303138	50979	3450
lcc	1	4636382e4135342031393834	50979	3450
lcc	1	4636382e4136362032303134	50979	3450
lcc	1	4636382e4136372032303132	50979	3450
lcc	1	4636382e4136392032303033	50979	3450
lcc	1	4636382e41372046342032303037	50979	3450
lcc	1	4636382e4137332032303034	50979	3450
lcc	1	4636382e4137332032303036	50979	3450
lcc	1	4636382e423132352032303138	50979	3450
lcc	1	4636382e42313834382032303230	50979	3450
lcc	1	4636382e423734322031393934	50979	3450
lcc	1	4636382e4237385333362031393939	50979	3450
lcc	1	4636382e4237385734382032303032	50979	3450
lcc	1	4636382e42383037332032303031	50979	3450
lcc	1	4636382e42383037332032303036	50979	3450
lcc	1	4636382e42383037332032303230	50979	3450
lcc	1	4636382e4238303733332032303032	50979	3450
lcc	1	4636382e423830373333204436362032303131	50979	3450
lcc	1	4636382e4238303733334436362032303131	50979	3450
lcc	1	4636382e4238323335204436342031393939	50979	3450
lcc	1	4636382e4238323335205735342032303130	50979	3450
lcc	1	4636382e4238323335205735342032303131	50979	3450
lcc	1	4636382e4238323335205735352032303035	50979	3450
lcc	1	4636382e42383233354234362032303136	50979	3450
lcc	1	4636382e42383233354436342031393939	50979	3450
lcc	1	4636382e42383233355735342032303130	50979	3450
lcc	1	4636382e42383233355735352032303034	50979	3450
lcc	1	4636382e4238332032303230	50979	3450
lcc	1	4636382e423834204237	50979	3450
lcc	1	4636382e423834204b35372031393932	50979	3450
lcc	1	4636382e42383420533533	50979	3450
lcc	1	4636382e423834205335332031393832	50979	3450
lcc	1	4636382e4238344237	50979	3450
lcc	1	4636382e4238345335332031393832	50979	3450
lcc	1	4636382e423836372032303034	50979	3450
lcc	1	4636382e4332372031393734	50979	3450
lcc	1	4636382e4333332032303033	50979	3450
lcc	1	4636382e4336362032303035	50979	3450
lcc	1	4636382e4336362032303133	50979	3450
lcc	1	4636382e4432372032303031	50979	3450
lcc	1	4636382e44342032303030	50979	3450
lcc	1	4636382e44342032303031	50979	3450
lcc	1	4636382e4434352032303034	50979	3450
lcc	1	4636382e4436342032303032	50979	3450
lcc	1	4636382e4532352032303033	50979	3450
lcc	1	4636382e4537352032303031	50979	3450
lcc	1	4636382e4637382032303036	50979	3450
lcc	1	4636382e4638332032303137	50979	3450
lcc	1	4636382e473731352032303134	50979	3450
lcc	1	4636382e483133352031393935	50979	3450
lcc	1	4636382e483237362031393930	50979	3450
lcc	1	4636382e483239352032303033	50979	3450
lcc	1	4636382e4836392032303036	50979	3450
lcc	1	4636382e4836392032303037	50979	3450
lcc	1	4636382e4838204a3634362032303037	50979	3450
lcc	1	4636382e4838364c39362032303135	50979	3450
lcc	1	4636382e48384d33332032303230	50979	3450
lcc	1	4636382e4b35342031393837	50979	3450
lcc	1	4636382e4b36342032303035	50979	3450
lcc	1	4636382e4c32332032303036	50979	3450
lcc	1	4636382e4c33372032303036	50979	3450
lcc	1	4636382e4c37332032303032	50979	3450
lcc	1	4636382e4d3134322032303037	50979	3450
lcc	1	4636382e4d3134332032303033	50979	3450
lcc	1	4636382e4d3337	50979	3450
lcc	1	4636382e4d36342032303137	50979	3450
lcc	1	4636382e4d36342032303138	50979	3450
lcc	1	4636382e4d37372032303037	50979	3450
lcc	1	4636382e4d3836204c34352032303034	50979	3450
lcc	1	4636382e4d38364c34352032303032	50979	3450
lcc	1	4636382e4d38364c34352032303034	50979	3450
lcc	1	4636382e4d3932382031393639	50979	3450
lcc	1	4636382e4d3932382031393838	50979	3450
lcc	1	4636382e4f38332032303035	50979	3450
lcc	1	4636382e4f39342032303037	50979	3450
lcc	1	4636382e5032352032303036	50979	3450
lcc	1	4636382e5033392031393935	50979	3450
lcc	1	4636382e503339352032303230	50979	3450
lcc	1	4636382e5034342032303036	50979	3450
lcc	1	4636382e5034342032303230	50979	3450
lcc	1	4636382e503434352032303038	50979	3450
lcc	1	4636382e5037352032303033	50979	3450
lcc	1	4636382e5233352032303134	50979	3450
lcc	1	4636382e5233372031393931	50979	3450
lcc	1	4636382e5233382032303132	50979	3450
lcc	1	4636382e5235342032303032	50979	3450
lcc	1	4636382e5237382032303037	50979	3450
lcc	1	4636382e5238342031393935	50979	3450
lcc	1	4636382e53322031393931	50979	3450
lcc	1	4636382e533538362032303132	50979	3450
lcc	1	4636382e533538372032303132	50979	3450
lcc	1	4636382e53383235204833372032303036	50979	3450
lcc	1	4636382e53383235204833372032303038	50979	3450
lcc	1	4636382e533832354833372032303036	50979	3450
lcc	1	4636382e533836352032303030	50979	3450
lcc	1	4636382e533837204433382032303130	50979	3450
lcc	1	4636382e533837205735382032303034	50979	3450
lcc	1	4636382e5338374433382032303130	50979	3450
lcc	1	4636382e5338375735382032303034	50979	3450
lcc	1	4636382e5339332031393836	50979	3450
lcc	1	4636382e533933342032303138	50979	3450
lcc	1	4636382e5439362032303035	50979	3450
lcc	1	4636382e573135342032303132	50979	3450
lcc	1	4636382e5733332031393839	50979	3450
lcc	1	4636382e5735392032303032	50979	3450
lcc	1	4636382e573539322032303032	50979	3450
lcc	1	4636382e573539332032303032	50979	3450
lcc	1	4636382e573539352032303032	50979	3450
lcc	1	4636382e57363232352032303139	50979	3450
lcc	1	4636382e5737352032303131	50979	3450
lcc	1	4636382e573736204637332032303137	50979	3450
lcc	1	4636382e5934372032303034	50979	3450
lcc	1	4636382e5934372032303036	50979	3450
lcc	1	463639202e423833	50980	3450
lcc	1	463639202e4238352032303231	50980	3450
lcc	1	463639202e4238382032303038	50980	3450
lcc	1	463639202e4238382032303039	50980	3450
lcc	1	463639202e4336372031393734	50980	3450
lcc	1	463639202e4336382032303135	50980	3450
lcc	1	463639202e43373120766f6c2e203635	50980	3450
lcc	1	463639202e453130	50980	3450
lcc	1	463639202e4634342031393838	50980	3450
lcc	1	463639202e4833	50980	3450
lcc	1	463639202e483633	50980	3450
lcc	1	463639202e4934332032303138	50980	3450
lcc	1	463639202e4b36352032303136	50980	3450
lcc	1	463639202e4d33362032303035	50980	3450
lcc	1	463639202e4d333620323030356562	50980	3450
lcc	1	463639202e4d3431382031393932	50980	3450
lcc	1	463639202e4d36352031393730	50980	3450
lcc	1	463639202e4d36352031393731	50980	3450
lcc	1	463639202e4e34392032303136	50980	3450
lcc	1	463639202e503436	50980	3450
lcc	1	463639202e5034362031383536	50980	3450
lcc	1	463639202e52343137382031393832	50980	3450
lcc	1	463639202e52343137382031393936	50980	3450
lcc	1	463639202e5234322031393731	50980	3450
lcc	1	463639202e5234322031393732	50980	3450
lcc	1	463639202e5234323135	50980	3450
lcc	1	463639202e52343232	50980	3450
lcc	1	463639202e523433	50980	3450
lcc	1	463639202e523434	50980	3450
lcc	1	463639202e5236332032303032	50980	3450
lcc	1	46363920443733392031393939	50980	3450
lcc	1	4636392e423736204b34372031393930	50980	3450
lcc	1	4636392e423736204c34342031393934	50980	3450
lcc	1	4636392e423736204d33362032303034	50980	3450
lcc	1	4636392e4237364b34372031393930	50980	3450
lcc	1	4636392e4238382032303038	50980	3450
lcc	1	4636392e4634342031393838	50980	3450
lcc	1	4636392e4634382031393938	50980	3450
lcc	1	4636392e4833	50980	3450
lcc	1	4636392e4839342032303030	50980	3450
lcc	1	4636392e4934332032303138	50980	3450
lcc	1	4636392e4d33362032303035	50980	3450
lcc	1	4636392e4d3431382031393932	50980	3450
lcc	1	4636392e4d36352031393730	50980	3450
lcc	1	4636392e5234313732	50980	3450
lcc	1	4636392e5234323135	50980	3450
lcc	1	4636392e523433	50980	3450
lcc	1	4636392e523433204133352031393935	50980	3450
lcc	1	4636392e5234332042372031393832	50980	3450
lcc	1	4636392e523433204238372032303033	50980	3450
lcc	1	4636392e523433204333342032303039	50980	3450
lcc	1	4636392e523433204336372032303034	50980	3450
lcc	1	4636392e523433204437332032303031	50980	3450
lcc	1	4636392e523433204533352032303131	50980	3450
lcc	1	4636392e5234332045333531382032303135	50980	3450
lcc	1	4636392e523433204635372031393934	50980	3450
lcc	1	4636392e523433204636372031393939	50980	3450
lcc	1	4636392e523433204636382032303135	50980	3450
lcc	1	4636392e523433204636392032303033	50980	3450
lcc	1	4636392e523433204734392031393837	50980	3450
lcc	1	4636392e523433204734392031393935	50980	3450
lcc	1	4636392e523433204736332032303136	50980	3450
lcc	1	4636392e523433204736352032303034	50980	3450
lcc	1	4636392e523433204737342032303134	50980	3450
lcc	1	4636392e523433204737362032303030	50980	3450
lcc	1	4636392e523433204835332032303133	50980	3450
lcc	1	4636392e523433204935342032303034	50980	3450
lcc	1	4636392e523433204a34342032303132	50980	3450
lcc	1	4636392e523433204b33372032303130	50980	3450
lcc	1	4636392e523433204b34352032303133	50980	3450
lcc	1	4636392e523433204b37342032303032	50980	3450
lcc	1	4636392e523433204c34342031393837	50980	3450
lcc	1	4636392e523433204d3237352032303136	50980	3450
lcc	1	4636392e523433204d33352032303034	50980	3450
lcc	1	4636392e523433204d3534203139393078	50980	3450
lcc	1	4636392e523433204d35362032303136	50980	3450
lcc	1	4636392e523433204d36372032303130	50980	3450
lcc	1	4636392e523433204e34352032303132	50980	3450
lcc	1	4636392e523433204e343531382032303132	50980	3450
lcc	1	4636392e523433204e35392032303036	50980	3450
lcc	1	4636392e523433205033382031393838	50980	3450
lcc	1	4636392e523433205233332032303033	50980	3450
lcc	1	4636392e523433205233362032303032	50980	3450
lcc	1	4636392e523433205332352031393937	50980	3450
lcc	1	4636392e523433205336342032303132	50980	3450
lcc	1	4636392e523433205337332031393834	50980	3450
lcc	1	4636392e523433205337332031393836	50980	3450
lcc	1	4636392e523433205338382032303032	50980	3450
lcc	1	4636392e523433205435342032303036	50980	3450
lcc	1	4636392e523433205435342032303037	50980	3450
lcc	1	4636392e5234332054353420323030376562	50980	3450
lcc	1	4636392e523433205435352032303133	50980	3450
lcc	1	4636392e52343320543535203230313362	50980	3450
lcc	1	4636392e5234332054373520313939386562	50980	3450
lcc	1	4636392e523433205437362032303137	50980	3450
lcc	1	4636392e523433205437382032303034	50980	3450
lcc	1	4636392e523433205733342032303036	50980	3450
lcc	1	4636392e523433205733372032303136	50980	3450
lcc	1	4636392e523433205734352032303036	50980	3450
lcc	1	4636392e523433205734352032303037	50980	3450
lcc	1	4636392e523433205735352032303039	50980	3450
lcc	1	4636392e523433205a33332031393838	50980	3450
lcc	1	4636392e5234334433342032303033	50980	3450
lcc	1	4636392e5234334437332032303031	50980	3450
lcc	1	4636392e5234334533352032303131	50980	3450
lcc	1	4636392e5234334636382032303135	50980	3450
lcc	1	4636392e5234334636392032303033	50980	3450
lcc	1	4636392e5234334734382032303037	50980	3450
lcc	1	4636392e5234334736352032303034	50980	3450
lcc	1	4636392e5234334835332032303133	50980	3450
lcc	1	4636392e5234334a34342032303131	50980	3450
lcc	1	4636392e5234334b33372032303130	50980	3450
lcc	1	4636392e5234334b34352032303133	50980	3450
lcc	1	4636392e5234334b35382032303031	50980	3450
lcc	1	4636392e5234334b37342032303032	50980	3450
lcc	1	4636392e5234334d33352032303033	50980	3450
lcc	1	4636392e5234334d35352032303130	50980	3450
lcc	1	4636392e5234334d36372032303130	50980	3450
lcc	1	4636392e5234334e34352032303132	50980	3450
lcc	1	4636392e5234334e343531382032303132	50980	3450
lcc	1	4636392e5234334e35392032303036	50980	3450
lcc	1	4636392e5234335037352032303136	50980	3450
lcc	1	4636392e5234335233332032303033	50980	3450
lcc	1	4636392e5234335233362032303032	50980	3450
lcc	1	4636392e5234335336342032303132	50980	3450
lcc	1	4636392e5234335337332031393836	50980	3450
lcc	1	4636392e5234335338352031393939	50980	3450
lcc	1	4636392e5234335435342032303036	50980	3450
lcc	1	4636392e5234335437352031393938	50980	3450
lcc	1	4636392e5234335437382032303034	50980	3450
lcc	1	4636392e5234335733342032303036	50980	3450
lcc	1	4636392e5234335a33332031393838	50980	3450
lcc	1	4636392e5236332032303032	50980	3450
lcc	1	4636392e533939	50980	3450
lcc	1	463730202e4338332031393736	50981	3450
lcc	1	463730202e463239352031393733	50981	3450
lcc	1	463730202e483439362031393731	50981	3450
lcc	1	463730202e48382031393733	50981	3450
lcc	1	463730202e4c36332032303033	50981	3450
lcc	1	463730202e4d3432352031393731	50981	3450
lcc	1	463730202e4d34352031393835	50981	3450
lcc	1	463730202e4f3438	50981	3450
lcc	1	4637302e433835204234342031393932	50981	3450
lcc	1	4637302e433835204234342032303030	50981	3450
lcc	1	4637302e4d3432352031393731	50981	3450
lcc	1	463731202e4b34352032303037	50982	3450
lcc	1	463731202e4c34	50982	3450
lcc	1	463731202e5436382031393936	50982	3450
lcc	1	463731202e5734392032303030	50982	3450
lcc	1	46373120503437362032303038	50982	3450
lcc	1	4637312e3232	50982	3450
lcc	1	4637312e32322e4238352041332031393936	50982	3450
lcc	1	4637312e32322e4238352041332031393937	50982	3450
lcc	1	4637312e32322e42383541332031393936	50982	3450
lcc	1	4637312e32322e42383541332031393937	50982	3450
lcc	1	4637312e32322e4438342041332031393930	50982	3450
lcc	1	4637312e32322e443835204e39342031393838	50982	3450
lcc	1	4637312e32322e4438354b34362031393838	50982	3450
lcc	1	4637312e32322e4438354e39342031393838	50982	3450
lcc	1	4637312e32322e4737332041332032303032	50982	3450
lcc	1	4637312e32322e4d3337204733372032303037	50982	3450
lcc	1	4637312e32322e5033372041332032303131	50982	3450
lcc	1	4637312e32322e50333741332032303131	50982	3450
lcc	1	4637312e32322e53353841332032303036	50982	3450
lcc	1	4637312e32322e57333541332032303234	50982	3450
lcc	1	4637312e332e4438354733352031393837	50982	3450
lcc	1	4637332e3434202e4234372032303134	50944	50928
lcc	1	4637332e3434202e423735352031393938	50944	50928
lcc	1	4637332e3434202e433333332031393931	50944	50928
lcc	1	4637332e3434202e4333372032303035	50944	50928
lcc	1	4637332e3434202e43392031393939	50944	50928
lcc	1	4637332e3434202e4636392031393931	50944	50928
lcc	1	4637332e3434202e473337	50944	50928
lcc	1	4637332e3434202e4737342032303036	50944	50928
lcc	1	4637332e3434202e523832	50944	50928
lcc	1	4637332e34342e4234372032303134	50944	50928
lcc	1	4637332e34342e433333332031393931	50944	50928
lcc	1	4637332e34342e43362032303030	50944	50928
lcc	1	4637332e34342e43362032303033	50944	50928
lcc	1	4637332e34342e4337204133382031393832	50944	50928
lcc	1	4637332e34342e43392031393939	50944	50928
lcc	1	4637332e34342e463638204d3537	50944	50928
lcc	1	4637332e34342e4737342032303036	50944	50928
lcc	1	4637332e34342e4a36362032303235	50944	50928
lcc	1	4637332e34342e4f3234352032303036	50944	50928
lcc	1	4637332e34342e5233392032303130	50944	50928
lcc	1	4637332e34342e5233392032303134	50944	50928
lcc	1	4637332e34342e5434382031393839	50944	50928
lcc	1	4637332e35202e423132	50945	50928
lcc	1	4637332e35202e423132352031393136	50945	50928
lcc	1	4637332e35202e423133	50945	50928
lcc	1	4637332e35202e423134	50945	50928
lcc	1	4637332e35202e423938392031393730	50945	50928
lcc	1	4637332e35202e4434372032303138	50945	50928
lcc	1	4637332e35202e473334	50945	50928
lcc	1	4637332e35202e483535	50945	50928
lcc	1	4637332e35202e4838352031393734	50945	50928
lcc	1	4637332e35202e4d36	50945	50928
lcc	1	4637332e35202e5039372032303033	50945	50928
lcc	1	4637332e35202e5234362032303038	50945	50928
lcc	1	4637332e35202e543736	50945	50928
lcc	1	4637332e35202e5738352031393730	50945	50928
lcc	1	4637332e35204d3334382032303230	50945	50928
lcc	1	4637332e352e4235332031393930	50945	50928
lcc	1	4637332e352e433734352031393938	50945	50928
lcc	1	4637332e352e4434372032303138	50945	50928
lcc	1	4637332e352e4d34372032303230	50945	50928
lcc	1	4637332e352e503936362032303130	50945	50928
lcc	1	4637332e352e5039372032303139	50945	50928
lcc	1	4637332e352e523136	50945	50928
lcc	1	4637332e352e5332362031393937	50945	50928
lcc	1	4637332e352e5436334c33372031393935	50945	50928
lcc	1	4637332e352e543736	50945	50928
lcc	1	4637332e352e5737332032303137	50945	50928
lcc	1	4637332e3532202e423437	50946	50928
lcc	1	4637332e3532202e4238332032303136	50946	50928
lcc	1	4637332e3532202e433438	50946	50928
lcc	1	4637332e3532202e453237352032303038	50946	50928
lcc	1	4637332e3532202e463734	50946	50928
lcc	1	4637332e3532202e4c34	50946	50928
lcc	1	4637332e3532202e4d33322031393737	50946	50928
lcc	1	4637332e3532202e5433382031393839	50946	50928
lcc	1	4637332e3532202e5637332032303134	50946	50928
lcc	1	4637332e35322e4238332032303136	50946	50928
lcc	1	4637332e35322e5433382031393839	50946	50928
lcc	1	4637332e35322e5637332032303134	50946	50928
lcc	1	4637332e35342e4d34362041332032303134	50946	50928
lcc	1	4637332e35342e4d343620433437312032303133	50946	50928
lcc	1	4637332e35342e4d343641332032303134	50946	50928
lcc	1	4637332e35342e5734332041332031393933	50946	50928
lcc	1	4637332e35342e573438204835342031393834	50946	50928
lcc	1	46383635202e4134362032303132	50933	3435
lcc	1	46383635202e4137362032303135	50933	3435
lcc	1	46383635202e413836	50933	3435
lcc	1	46383635202e4138372032303139	50933	3435
lcc	1	46383635202e4233	50933	3435
lcc	1	46383635202e42332031393734	50933	3435
lcc	1	46383635202e42333137362032303132	50933	3435
lcc	1	46383635202e423436	50933	3435
lcc	1	46383635202e4234372032303132	50933	3435
lcc	1	46383635202e4234372032303133	50933	3435
lcc	1	46383635202e4236342032303030	50933	3435
lcc	1	46383635202e4236342032303031	50933	3435
lcc	1	46383635202e42363532352032303032	50933	3435
lcc	1	46383635202e423733332031393930	50933	3435
lcc	1	46383635202e4237342032303031	50933	3435
lcc	1	46383635202e4237362032303033	50933	3435
lcc	1	46383635202e423834362031393931	50933	3435
lcc	1	46383635202e423835	50933	3435
lcc	1	46383635202e423838372032303131	50933	3435
lcc	1	46383635202e4239322031393839	50933	3435
lcc	1	46383635202e4239342032303032	50933	3435
lcc	1	46383635202e43313335	50933	3435
lcc	1	46383635202e433133372032303131	50933	3435
lcc	1	46383635202e433332362032303034	50933	3435
lcc	1	46383635202e4333382032303038	50933	3435
lcc	1	46383635202e43342031393830	50933	3435
lcc	1	46383635202e4334362032303032	50933	3435
lcc	1	46383635202e433534	50933	3435
lcc	1	46383635202e43353532342031393737	50933	3435
lcc	1	46383635202e4335382031393730	50933	3435
lcc	1	46383635202e4336352032303134	50933	3435
lcc	1	46383635202e43372031393736	50933	3435
lcc	1	46383635202e433733	50933	3435
lcc	1	46383635202e4337352032303135	50933	3435
lcc	1	46383635202e4338382031393734	50933	3435
lcc	1	46383635202e433838372032303033	50933	3435
lcc	1	46383635202e4338392031393832	50933	3435
lcc	1	46383635202e4338393531382032303037	50933	3435
lcc	1	46383635202e4432362031393834	50933	3435
lcc	1	46383635202e4432362032303130	50933	3435
lcc	1	46383635202e4432372031393734	50933	3435
lcc	1	46383635202e44362031393939	50933	3435
lcc	1	46383635202e4436332032303036	50933	3435
lcc	1	46383635202e44363331382032303037	50933	3435
lcc	1	46383635202e4436352032303134	50933	3435
lcc	1	46383635202e4436362031393935	50933	3435
lcc	1	46383635202e443735203138393361	50933	3435
lcc	1	46383635202e4439342031393937	50933	3435
lcc	1	46383635202e4533352031393834	50933	3435
lcc	1	46383635202e4533372032303137	50933	3435
lcc	1	46383635202e45352031393738	50933	3435
lcc	1	46383635202e4535382032303133	50933	3435
lcc	1	46383635202e463231	50933	3435
lcc	1	46383635202e463234	50933	3435
lcc	1	46383635202e4632342031393732	50933	3435
lcc	1	46383635202e4636342032303136	50933	3435
lcc	1	46383635202e4637382032303039	50933	3435
lcc	1	46383635202e4638332032303130	50933	3435
lcc	1	46383635202e4732382032303038	50933	3435
lcc	1	46383635202e4734352032303135	50933	3435
lcc	1	46383635202e4734382031393730	50933	3435
lcc	1	46383635202e4735392032303138	50933	3435
lcc	1	46383635202e4736342032303036	50933	3435
lcc	1	46383635202e47363431382032303037	50933	3435
lcc	1	46383635202e4736352032303139	50933	3435
lcc	1	46383635202e473636	50933	3435
lcc	1	46383635202e473636372032303032	50933	3435
lcc	1	46383635202e473636392031393937	50933	3435
lcc	1	46383635202e473733352032303132	50933	3435
lcc	1	46383635202e4737342032303030	50933	3435
lcc	1	46383635202e4737362032303132	50933	3435
lcc	1	46383635202e473937	50933	3435
lcc	1	46383635202e483136352032303135	50933	3435
lcc	1	46383635202e48313737	50933	3435
lcc	1	46383635202e483335	50933	3435
lcc	1	46383635202e4833352032303032	50933	3435
lcc	1	46383635202e483438	50933	3435
lcc	1	46383635202e483533352031393939	50933	3435
lcc	1	46383635202e4835342031393935	50933	3435
lcc	1	46383635202e483639352032303032	50933	3435
lcc	1	46383635202e4836393731382032303136	50933	3435
lcc	1	46383635202e483739	50933	3435
lcc	1	46383635202e483832	50933	3435
lcc	1	46383635202e4838322031393837	50933	3435
lcc	1	46383635202e4839342032303033	50933	3435
lcc	1	46383635202e4938332032303034	50933	3435
lcc	1	46383635202e4a31392031393830	50933	3435
lcc	1	46383635202e4a31392031393832	50933	3435
lcc	1	46383635202e4a322031393730	50933	3435
lcc	1	46383635202e4a34342032303132	50933	3435
lcc	1	46383635202e4a36352032303133	50933	3435
lcc	1	46383635202e4a37332031393733	50933	3435
lcc	1	46383635202e4a37372032303033	50933	3435
lcc	1	46383635202e4b31352032303033	50933	3435
lcc	1	46383635202e4b33322031393732	50933	3435
lcc	1	46383635202e4b33322031393930	50933	3435
lcc	1	46383635202e4b37	50933	3435
lcc	1	46383635202e4c32332031393930	50933	3435
lcc	1	46383635202e4c32352032303039	50933	3435
lcc	1	46383635202e4c32352032303135	50933	3435
lcc	1	46383635202e4c34352031393939	50933	3435
lcc	1	46383635202e4c363532	50933	3435
lcc	1	46383635202e4c3636372032303133	50933	3435
lcc	1	46383635202e4c36372031393932	50933	3435
lcc	1	46383635202e4c3637352032303034	50933	3435
lcc	1	46383635202e4c38392032303134	50933	3435
lcc	1	46383635202e4c39372031393731	50933	3435
lcc	1	46383635202e4c3937352032303134	50933	3435
lcc	1	46383635202e4c39382031393838	50933	3435
lcc	1	46383635202e4d3135342032303232	50933	3435
lcc	1	46383635202e4d31372031393839	50933	3435
lcc	1	46383635202e4d32392031393932	50933	3435
lcc	1	46383635202e4d332031393734	50933	3435
lcc	1	46383635202e4d332031393832	50933	3435
lcc	1	46383635202e4d332032303039	50933	3435
lcc	1	46383635202e4d3337382032303133	50933	3435
lcc	1	46383635202e4d33382032303133	50933	3435
lcc	1	46383635202e4d33382032303134	50933	3435
lcc	1	46383635202e4d33392032303134	50933	3435
lcc	1	46383635202e4d342031393837	50933	3435
lcc	1	46383635202e4d34352031393934	50933	3435
lcc	1	46383635202e4d36332032303136	50933	3435
lcc	1	46383635202e4d37362032303032	50933	3435
lcc	1	46383635202e4d382031393737	50933	3435
lcc	1	46383635202e4e33382032303030	50933	3435
lcc	1	46383635202e4e3537	50933	3435
lcc	1	46383635202e4e36382032303137	50933	3435
lcc	1	46383635202e4f32352031393930	50933	3435
lcc	1	46383635202e4f33362032303033	50933	3435
lcc	1	46383635202e4f3336342032303039	50933	3435
lcc	1	46383635202e4f34342032303038	50933	3435
lcc	1	46383635202e4f34362032303135	50933	3435
lcc	1	46383635202e4f363578203139373862	50933	3435
lcc	1	46383635202e4f3933352032303034	50933	3435
lcc	1	46383635202e4f3933352032303035	50933	3435
lcc	1	46383635202e4f39342032303032	50933	3435
lcc	1	46383635202e503333203139393367	50933	3435
lcc	1	46383635202e503433382032303036	50933	3435
lcc	1	46383635202e5034353531332031393835	50933	3435
lcc	1	46383635202e5035372031393934	50933	3435
lcc	1	46383635202e503537352032303033	50933	3435
lcc	1	46383635202e5036372031393734	50933	3435
lcc	1	46383635202e503739362032303036	50933	3435
lcc	1	46383635202e513234352032303031	50933	3435
lcc	1	46383635202e5135362031393937	50933	3435
lcc	1	46383635202e5232332032303033	50933	3435
lcc	1	46383635202e5232382032303031	50933	3435
lcc	1	46383635202e52352032303032	50933	3435
lcc	1	46383635202e5235332032303037	50933	3435
lcc	1	46383635202e5235342031393939	50933	3435
lcc	1	46383635202e5236332032303034	50933	3435
lcc	1	46383635202e5236342032303030	50933	3435
lcc	1	46383635202e5236362032303133	50933	3435
lcc	1	46383635202e5236372032303032	50933	3435
lcc	1	46383635202e5236382032303030	50933	3435
lcc	1	46383635202e5236392032303035	50933	3435
lcc	1	46383635202e52372032303036	50933	3435
lcc	1	46383635202e5238332031393733	50933	3435
lcc	1	46383635202e5238332032303032	50933	3435
lcc	1	46383635202e5238362031393737	50933	3435
lcc	1	46383635202e5238372031393932	50933	3435
lcc	1	46383635202e5239362031393733	50933	3435
lcc	1	46383635202e5331392032303033	50933	3435
lcc	1	46383635202e533331332031393639	50933	3435
lcc	1	46383635202e5334332032303130	50933	3435
lcc	1	46383635202e5334342031393736	50933	3435
lcc	1	46383635202e533534372031393733	50933	3435
lcc	1	46383635202e533534392031393938	50933	3435
lcc	1	46383635202e53353531352032303136	50933	3435
lcc	1	46383635202e533535352031393938	50933	3435
lcc	1	46383635202e533636	50933	3435
lcc	1	46383635202e5336362031393936	50933	3435
lcc	1	46383635202e5336382031393837	50933	3435
lcc	1	46383635202e53372031393834	50933	3435
lcc	1	46383635202e5337352032303035	50933	3435
lcc	1	46383635202e5337362032303039	50933	3435
lcc	1	46383635202e533831332032303030	50933	3435
lcc	1	46383635202e53383139322031393935	50933	3435
lcc	1	46383635202e5338313933	50933	3435
lcc	1	46383635202e53383139362032303134	50933	3435
lcc	1	46383635202e533835	50933	3435
lcc	1	46383635202e53393232362032303032	50933	3435
lcc	1	46383635202e5339343331332031393832	50933	3435
lcc	1	46383635202e533934382031393732	50933	3435
lcc	1	46383635202e533934382031393734	50933	3435
lcc	1	46383635202e533935342032303031	50933	3435
lcc	1	46383635202e53393536	50933	3435
lcc	1	46383635202e533936362032303036	50933	3435
lcc	1	46383635202e533937382032303033	50933	3435
lcc	1	46383635202e533938362032303030	50933	3435
lcc	1	46383635202e5432332031393833	50933	3435
lcc	1	46383635202e5432332031393838	50933	3435
lcc	1	46383635202e5432332032303030	50933	3435
lcc	1	46383635202e5432332032303135	50933	3435
lcc	1	46383635202e5434372032303035	50933	3435
lcc	1	46383635202e54343720323030356562	50933	3435
lcc	1	46383635202e5435352031393734	50933	3435
lcc	1	46383635202e54362031393935	50933	3435
lcc	1	46383635202e543837203139393878	50933	3435
lcc	1	46383635202e5538332032303033	50933	3435
lcc	1	46383635202e5632382031393931	50933	3435
lcc	1	46383635202e5634392032303030	50933	3435
lcc	1	46383635202e563534	50933	3435
lcc	1	46383635202e573336352032303135	50933	3435
lcc	1	46383635202e57353531332031393732	50933	3435
lcc	1	46383635202e573536352031393837	50933	3435
lcc	1	46383635202e5737372031393736	50933	3435
lcc	1	46383635202e5738382031393733	50933	3435
lcc	1	46383635202e573938332031393731	50933	3435
lcc	1	46383635202e5a3338	50933	3435
lcc	1	46383635202e5a3635352032303033	50933	3435
lcc	1	46383635204233	50933	3435
lcc	1	4638363520423732	50933	3435
lcc	1	46383635204237322031393137	50933	3435
lcc	1	463836352043333534632c2031393737	50933	3435
lcc	1	46383635204632342031393732	50933	3435
lcc	1	46383635204834362032303033	50933	3435
lcc	1	463836352e4134362032303132	50933	3435
lcc	1	463836352e4137342032303036	50933	3435
lcc	1	463836352e4137362032303135	50933	3435
lcc	1	463836352e4234372032303132	50933	3435
lcc	1	463836352e4235322031393936	50933	3435
lcc	1	463836352e42363532342031393839	50933	3435
lcc	1	463836352e42363532382031393939	50933	3435
lcc	1	463836352e4237362032303032	50933	3435
lcc	1	463836352e4238204237332031393939	50933	3435
lcc	1	463836352e423833204237332031393939	50933	3435
lcc	1	463836352e4238332053372031393936	50933	3435
lcc	1	463836352e4238334237332031393939	50933	3435
lcc	1	463836352e423835352041342032303037	50933	3435
lcc	1	463836352e4238372056333520323031306562	50933	3435
lcc	1	463836352e423838372032303131	50933	3435
lcc	1	463836352e42384237332031393939	50933	3435
lcc	1	463836352e4239322031393839	50933	3435
lcc	1	463836352e4239342032303032	50933	3435
lcc	1	463836352e4333322031393937	50933	3435
lcc	1	463836352e433332352032303138	50933	3435
lcc	1	463836352e433436352032303030	50933	3435
lcc	1	463836352e4335382031393938	50933	3435
lcc	1	463836352e433620433530	50933	3435
lcc	1	463836352e4337352032303135	50933	3435
lcc	1	463836352e433838372032303032	50933	3435
lcc	1	463836352e433839352032303033	50933	3435
lcc	1	463836352e4432362031393834	50933	3435
lcc	1	463836352e4432362032303130	50933	3435
lcc	1	463836352e443236342032303137	50933	3435
lcc	1	463836352e4432363431382032303230	50933	3435
lcc	1	463836352e4436332032303036	50933	3435
lcc	1	463836352e4436342032303033	50933	3435
lcc	1	463836352e443735382031393937	50933	3435
lcc	1	463836352e4439322032303038	50933	3435
lcc	1	463836352e4439342031393937	50933	3435
lcc	1	463836352e4533352031393834	50933	3435
lcc	1	463836352e4535382032303038	50933	3435
lcc	1	463836352e4636342032303136	50933	3435
lcc	1	463836352e4637382032303038	50933	3435
lcc	1	463836352e4638332032303130	50933	3435
lcc	1	463836352e4732382032303038	50933	3435
lcc	1	463836352e4734352032303135	50933	3435
lcc	1	463836352e4736342032303036	50933	3435
lcc	1	463836352e47363431382032303037	50933	3435
lcc	1	463836352e4736353320313936376562	50933	3435
lcc	1	463836352e473638352032303031	50933	3435
lcc	1	463836352e473733352032303132	50933	3435
lcc	1	463836352e4737342032303030	50933	3435
lcc	1	463836352e4737362032303132	50933	3435
lcc	1	463836352e4831353741332032303130	50933	3435
lcc	1	463836352e483136352032303134	50933	3435
lcc	1	463836352e4835342031393936	50933	3435
lcc	1	463836352e483639	50933	3435
lcc	1	463836352e483639352032303032	50933	3435
lcc	1	463836352e483639372032303133	50933	3435
lcc	1	463836352e4938332032303033	50933	3435
lcc	1	463836352e493833352032303138	50933	3435
lcc	1	463836352e4a34342032303132	50933	3435
lcc	1	463836352e4a3637352032303030	50933	3435
lcc	1	463836352e4a3637352032303031	50933	3435
lcc	1	463836352e4b33322031393732	50933	3435
lcc	1	463836352e4b33322031393930	50933	3435
lcc	1	463836352e4b342031393936	50933	3435
lcc	1	463836352e4c32332031393930	50933	3435
lcc	1	463836352e4c32352032303038	50933	3435
lcc	1	463836352e4c32352032303135	50933	3435
lcc	1	463836352e4c3438352032303030	50933	3435
lcc	1	463836352e4c3636372032303133	50933	3435
lcc	1	463836352e4c363720313939326562	50933	3435
lcc	1	463836352e4c38392032303134	50933	3435
lcc	1	463836352e4d33392031393936	50933	3435
lcc	1	463836352e4d33392032303134	50933	3435
lcc	1	463836352e4d342031393837	50933	3435
lcc	1	463836352e4d3635204433372031393936	50933	3435
lcc	1	463836352e4d37362032303032	50933	3435
lcc	1	463836352e4d3936204238372031393939	50933	3435
lcc	1	463836352e4d3936204c35382032303033	50933	3435
lcc	1	463836352e4d3936205033392031393939	50933	3435
lcc	1	463836352e4d39362050333931332032303031	50933	3435
lcc	1	463836352e4d3936205434382032303033	50933	3435
lcc	1	463836352e4d3936205735352032303131	50933	3435
lcc	1	463836352e4d39364238372031393939	50933	3435
lcc	1	463836352e4d39365033392031393939	50933	3435
lcc	1	463836352e4d39365434382032303033	50933	3435
lcc	1	463836352e4d39365735352032303131	50933	3435
lcc	1	463836352e4e33382032303030	50933	3435
lcc	1	463836352e4e353735205236352031393931	50933	3435
lcc	1	463836352e4e36382032303137	50933	3435
lcc	1	463836352e4f33362032303032	50933	3435
lcc	1	463836352e4f3336342032303039	50933	3435
lcc	1	463836352e4f34342032303038	50933	3435
lcc	1	463836352e4f34362032303135	50933	3435
lcc	1	463836352e4f3933352032303034	50933	3435
lcc	1	463836352e4f39342032303032	50933	3435
lcc	1	463836352e50343337205034332032303037	50933	3435
lcc	1	463836352e5034353531332031393835	50933	3435
lcc	1	463836352e5035372031393934	50933	3435
lcc	1	463836352e5036372031393734	50933	3435
lcc	1	463836352e50363920523637	50933	3435
lcc	1	463836352e5037332032303137	50933	3435
lcc	1	463836352e50373331382032303230	50933	3435
lcc	1	463836352e513234352032303031	50933	3435
lcc	1	463836352e5135362031393937	50933	3435
lcc	1	463836352e5232332032303033	50933	3435
lcc	1	463836352e5232382032303031	50933	3435
lcc	1	463836352e523238352032303038	50933	3435
lcc	1	463836352e5235332032303037	50933	3435
lcc	1	463836352e5236332032303034	50933	3435
lcc	1	463836352e5236342032303030	50933	3435
lcc	1	463836352e5236372032303032	50933	3435
lcc	1	463836352e523835372032303039	50933	3435
lcc	1	463836352e532028537574746572292b	50933	3435
lcc	1	463836352e533331332031393639	50933	3435
lcc	1	463836352e5333382031393939	50933	3435
lcc	1	463836352e53353531352032303136	50933	3435
lcc	1	463836352e5335353135342032303136	50933	3435
lcc	1	463836352e5336362031393930	50933	3435
lcc	1	463836352e5337352032303035	50933	3435
lcc	1	463836352e5337362032303038	50933	3435
lcc	1	463836352e53383139362032303134	50933	3435
lcc	1	463836352e53393232362032303032	50933	3435
lcc	1	463836352e533933204233332032303035	50933	3435
lcc	1	463836352e533933204435342031393831	50933	3435
lcc	1	463836352e533933204535342032303034	50933	3435
lcc	1	463836352e53393320483339352032303034	50933	3435
lcc	1	463836352e53393320483339353138332032303034	50933	3435
lcc	1	463836352e533933204838372032303036	50933	3435
lcc	1	463836352e533933204a36342031393836	50933	3435
lcc	1	463836352e533933204a3634352031393934	50933	3435
lcc	1	463836352e533933204a3634352032303032	50933	3435
lcc	1	463836352e533933204d33382032303034	50933	3435
lcc	1	463836352e53393320573434	50933	3435
lcc	1	463836352e5339334535342032303034	50933	3435
lcc	1	463836352e533933483339352032303033	50933	3435
lcc	1	463836352e533933483339353138203230303362	50933	3435
lcc	1	463836352e5339334838372032303036	50933	3435
lcc	1	463836352e5339334a3634352032303032	50933	3435
lcc	1	463836352e5339334d33382032303034	50933	3435
lcc	1	463836352e533936362032303036	50933	3435
lcc	1	463836352e5432332031393838	50933	3435
lcc	1	463836352e5432332032303135	50933	3435
lcc	1	463836352e5434372032303034	50933	3435
lcc	1	463836352e5538332032303033	50933	3435
lcc	1	463836352e5732382032303033	50933	3435
lcc	1	463836352e573536352031393837	50933	3435
lcc	1	463836352e573536352031393839	50933	3435
lcc	1	463836352e5736372032303230	50933	3435
lcc	1	463836354c38342032303137	50933	3435
lcc	1	46383636202e4139333138203139373462	50934	3435
lcc	1	46383636202e41393331382031393838	50934	3435
lcc	1	46383636202e41393331382031393936	50934	3435
lcc	1	46383636202e41393331382031393937	50934	3435
lcc	1	46383636202e41393331382032303033	50934	3435
lcc	1	46383636202e41393331382032303037	50934	3435
lcc	1	46383636202e423336	50934	3435
lcc	1	46383636202e4236342031393837	50934	3435
lcc	1	46383636202e42363420313938386562	50934	3435
lcc	1	46383636202e433232342031393934	50934	3435
lcc	1	46383636202e433436	50934	3435
lcc	1	46383636202e4334382031393837	50934	3435
lcc	1	46383636202e433438322031393837	50934	3435
lcc	1	46383636202e4335372031393939	50934	3435
lcc	1	46383636202e4336382031393932	50934	3435
lcc	1	46383636202e443533	50934	3435
lcc	1	46383636202e4536342031393931	50934	3435
lcc	1	46383636202e4736382031393837	50934	3435
lcc	1	46383636202e483639	50934	3435
lcc	1	46383636202e4a32342031393737	50934	3435
lcc	1	46383636202e4a323531332032303037	50934	3435
lcc	1	46383636202e4d38392031393633	50934	3435
lcc	1	46383636202e4d39352031393737	50934	3435
lcc	1	46383636202e4e3238352031393733	50934	3435
lcc	1	46383636202e4e3832352031393837	50934	3435
lcc	1	46383636202e4e3832353b20463836362e4e38	50934	3435
lcc	1	46383636202e4e38332031393931	50934	3435
lcc	1	46383636202e4f3438332032303135	50934	3435
lcc	1	46383636202e5031332031393834	50934	3435
lcc	1	46383636202e50382031393730	50934	3435
lcc	1	46383636202e5038352032303137	50934	3435
lcc	1	46383636202e5039	50934	3435
lcc	1	46383636202e533139382031393837	50934	3435
lcc	1	46383636202e533433	50934	3435
lcc	1	46383636202e5334382031393935	50934	3435
lcc	1	46383636202e5335392031393934	50934	3435
lcc	1	46383636202e5338332032303031	50934	3435
lcc	1	46383636202e53383431322032303031	50934	3435
lcc	1	46383636202e533834362031393936	50934	3435
lcc	1	46383636202e5433372031393731	50934	3435
lcc	1	46383636202e573733	50934	3435
lcc	1	46383636202e573735352032303232	50934	3435
lcc	1	46383636202e5739332032303036	50934	3435
lcc	1	463836362e32202e4234372031393836	50935	3435
lcc	1	463836362e32202e4234372031393839	50935	3435
lcc	1	463836362e32202e4238332032303132	50935	3435
lcc	1	463836362e32202e43333432372031393930	50935	3435
lcc	1	463836362e32202e4333343237372032303034	50935	3435
lcc	1	463836362e32202e4333352031393937	50935	3435
lcc	1	463836362e32202e433337	50935	3435
lcc	1	463836362e32202e433533	50935	3435
lcc	1	463836362e32202e433633362032303132	50935	3435
lcc	1	463836362e32202e433634	50935	3435
lcc	1	463836362e32202e4336342031393832	50935	3435
lcc	1	463836362e32202e4336362032303030	50935	3435
lcc	1	463836362e32202e4433352032303030	50935	3435
lcc	1	463836362e32202e4433352032303034	50935	3435
lcc	1	463836362e32202e443337	50935	3435
lcc	1	463836362e32202e4434332032303139	50935	3435
lcc	1	463836362e32202e4434372032303134	50935	3435
lcc	1	463836362e32202e4635352031393832	50935	3435
lcc	1	463836362e32202e4635352031393837	50935	3435
lcc	1	463836362e32202e4636372031393831	50935	3435
lcc	1	463836362e32202e4637322031393734	50935	3435
lcc	1	463836362e32202e463732352032303131	50935	3435
lcc	1	463836362e32202e473335352032303037	50935	3435
lcc	1	463836362e32202e4733362032303130	50935	3435
lcc	1	463836362e32202e4734372032303132	50935	3435
lcc	1	463836362e32202e47343720323031326562	50935	3435
lcc	1	463836362e32202e473638	50935	3435
lcc	1	463836362e32202e48333778	50935	3435
lcc	1	463836362e32202e4836332031393831	50935	3435
lcc	1	463836362e32202e4938342031393838	50935	3435
lcc	1	463836362e32202e49383431332031393931	50935	3435
lcc	1	463836362e32202e4a36	50935	3435
lcc	1	463836362e32202e4b36372031393832	50935	3435
lcc	1	463836362e32202e4c33332031393737	50935	3435
lcc	1	463836362e32202e4c33332031393831	50935	3435
lcc	1	463836362e32202e4c3438	50935	3435
lcc	1	463836362e32202e4c3637	50935	3435
lcc	1	463836362e32202e4d32332032303032	50935	3435
lcc	1	463836362e32202e4d32342031393737	50935	3435
lcc	1	463836362e32202e4d3234782031393737	50935	3435
lcc	1	463836362e32202e4d33362032303138	50935	3435
lcc	1	463836362e32202e4d3633352031393837	50935	3435
lcc	1	463836362e32202e4d363531332032303038	50935	3435
lcc	1	463836362e32202e4d3833	50935	3435
lcc	1	463836362e32202e4e332031393734	50935	3435
lcc	1	463836362e32202e4e34342032303139	50935	3435
lcc	1	463836362e32202e4e34392032303030	50935	3435
lcc	1	463836362e32202e503338	50935	3435
lcc	1	463836362e32202e503432	50935	3435
lcc	1	463836362e32202e5235332031393931	50935	3435
lcc	1	463836362e32202e5235332032303031	50935	3435
lcc	1	463836362e32202e5236332031393834	50935	3435
lcc	1	463836362e32202e5333362031393936	50935	3435
lcc	1	463836362e32202e53333720313939376562	50935	3435
lcc	1	463836362e32202e5333382032303038	50935	3435
lcc	1	463836362e32202e533338342032303136	50935	3435
lcc	1	463836362e32202e53333920313939386562	50935	3435
lcc	1	463836362e32202e533433	50935	3435
lcc	1	463836362e32202e5335362031393834	50935	3435
lcc	1	463836362e32202e533733332032303131	50935	3435
lcc	1	463836362e32202e56333320323032316562	50935	3435
lcc	1	463836362e32202e5639	50935	3435
lcc	1	463836362e32202e57332031393730	50935	3435
lcc	1	463836362e32202e573332	50935	3435
lcc	1	463836362e32202e5734382032303034	50935	3435
lcc	1	463836362e32202e5735352032303036	50935	3435
lcc	1	463836362e32202e5a33332032303136	50935	3435
lcc	1	463836362e32202e5a39352031393937	50935	3435
lcc	1	463836362e32204e332031393834	50935	3435
lcc	1	463836362e322e4134342032303136	50935	3435
lcc	1	463836362e322e4137332032303039	50935	3435
lcc	1	463836362e322e4234372031393839	50935	3435
lcc	1	463836362e322e4235205338	50935	3435
lcc	1	463836362e322e4237333220423634	50935	3435
lcc	1	463836362e322e42373332204d34342032303133	50935	3435
lcc	1	463836362e322e4237333220503333	50935	3435
lcc	1	463836362e322e423733324d34342032303133	50935	3435
lcc	1	463836362e322e4333343237372032303034	50935	3435
lcc	1	463836362e322e4336342031393832	50935	3435
lcc	1	463836362e322e4336362032303030	50935	3435
lcc	1	463836362e322e4433352032303030	50935	3435
lcc	1	463836362e322e4433352032303034	50935	3435
lcc	1	463836362e322e4434382032303130	50935	3435
lcc	1	463836362e322e463732352032303131	50935	3435
lcc	1	463836362e322e483432	50935	3435
lcc	1	463836362e322e483432204233332031393837	50935	3435
lcc	1	463836362e322e48343220423638	50935	3435
lcc	1	463836362e322e4834322057342031393736	50935	3435
lcc	1	463836362e322e48343220573437	50935	3435
lcc	1	463836362e322e4834324233332031393837	50935	3435
lcc	1	463836362e322e4c33332031393733	50935	3435
lcc	1	463836362e322e4d32332032303032	50935	3435
lcc	1	463836362e322e4d3234362032303138	50935	3435
lcc	1	463836362e322e4d35352032303230	50935	3435
lcc	1	463836362e322e4d3633352031393837	50935	3435
lcc	1	463836362e322e4d363531332032303038	50935	3435
lcc	1	463836362e322e4e34342032303139	50935	3435
lcc	1	463836362e322e4e34392032303030	50935	3435
lcc	1	463836362e322e503432	50935	3435
lcc	1	463836362e322e523337204534343135	50935	3435
lcc	1	463836362e322e52333920423732	50935	3435
lcc	1	463836362e322e52333920483632	50935	3435
lcc	1	463836362e322e523339204836352032303133	50935	3435
lcc	1	463836362e322e52333920563635	50935	3435
lcc	1	463836362e322e523339205a38	50935	3435
lcc	1	463836362e322e523339483632	50935	3435
lcc	1	463836362e322e5233394836352032303133	50935	3435
lcc	1	463836362e322e5235332031393931	50935	3435
lcc	1	463836362e322e5235332032303031	50935	3435
lcc	1	463836362e322e5236362032303234	50935	3435
lcc	1	463836362e322e5333382032303037	50935	3435
lcc	1	463836362e322e533733332032303039	50935	3435
lcc	1	463836362e322e533733332032303131	50935	3435
lcc	1	463836362e322e5437332032303039	50935	3435
lcc	1	463836362e322e5633332032303231	50935	3435
lcc	1	463836362e322e5733322031393930	50935	3435
lcc	1	463836362e322e5734382032303034	50935	3435
lcc	1	463836362e322e5a33332032303136	50935	3435
lcc	1	463836362e33202e453532203230303078	50935	3435
lcc	1	463836362e33202e453532352032303030	50935	3435
lcc	1	463836362e33202e5033392032303138	50935	3435
lcc	1	463836362e332e4b38332041332032303132	50935	3435
lcc	1	463836362e332e5033392032303138	50935	3435
lcc	1	463836362e332e5033392032303230	50935	3435
lcc	1	463836362e342e423735205233372032303035	50935	3435
lcc	1	463836362e342e423736	50935	3435
lcc	1	463836362e342e4237362041332032303038	50935	3435
lcc	1	463836362e342e423736204133204237362032303038	50935	3435
lcc	1	463836362e342e433635204233352032303038	50935	3435
lcc	1	463836362e342e443338204d33352032303035	50935	3435
lcc	1	463836362e342e4738	50935	3435
lcc	1	463836362e342e4833392041332031393838	50935	3435
lcc	1	463836362e342e4833392041332031393839	50935	3435
lcc	1	463836362e342e4833392041332032303033	50935	3435
lcc	1	463836362e342e483432204737332032303038	50935	3435
lcc	1	463836362e342e483432204e3637	50935	3435
lcc	1	463836362e342e4834324737332032303038	50935	3435
lcc	1	463836362e342e4834324737332032303135	50935	3435
lcc	1	463836362e342e4834325436362032303136	50935	3435
lcc	1	463836362e342e4b3535362041332032303130	50935	3435
lcc	1	463836362e342e4b35362041332031393936	50935	3435
lcc	1	463836362e342e4c33342041332032303132	50935	3435
lcc	1	463836362e342e4d33372041332032303037	50935	3435
lcc	1	463836362e342e4d333741332032303037	50935	3435
lcc	1	463836362e342e4f3537204834362032303032	50935	3435
lcc	1	463836362e342e4f3834205933362031393931	50935	3435
lcc	1	463836362e342e5036352041332032303130	50935	3435
lcc	1	463836362e342e50363541332032303130	50935	3435
lcc	1	463836362e342e523433204333362032303033	50935	3435
lcc	1	463836362e342e523433205734	50935	3435
lcc	1	463836362e342e5234334333362032303033	50935	3435
lcc	1	463836362e342e523836204337362031393834	50935	3435
lcc	1	463836362e342e5333382041332032303132	50935	3435
lcc	1	463836362e342e533338204133203230313262	50935	3435
lcc	1	463836362e342e533338204133203230313263	50935	3435
lcc	1	463836362e342e533338204236372032303034	50935	3435
lcc	1	463836362e342e5333382048333531372032303131	50935	3435
lcc	1	463836362e342e533338204838352032303039	50935	3435
lcc	1	463836362e342e533338204c34332032303035	50935	3435
lcc	1	463836362e342e533338204c34342032303036	50935	3435
lcc	1	463836362e342e533338204d33382032303036	50935	3435
lcc	1	463836362e342e533338205334382032303035	50935	3435
lcc	1	463836362e342e5333382053343831382032303035	50935	3435
lcc	1	463836362e342e5333384236372032303034	50935	3435
lcc	1	463836362e342e5333384c34332032303035	50935	3435
lcc	1	463836362e342e5333384c34342032303036	50935	3435
lcc	1	463836362e342e5333385334382032303034	50935	3435
lcc	1	463836362e342e5333385334382032303035	50935	3435
lcc	1	463836362e342e5333385734352032303037	50935	3435
lcc	1	463836362e342e533339204238332032303034	50935	3435
lcc	1	463836362e342e5336352041332032303036	50935	3435
lcc	1	463836362e342e53363841332032303138	50935	3435
lcc	1	463836362e342e553334204e36362032303038	50935	3435
lcc	1	463836362e342e55353720423639352032303038	50935	3435
lcc	1	463836362e342e553537205038382032303035	50935	3435
lcc	1	463836362e342e553537423639352032303037	50935	3435
lcc	1	463836362e342e573634204b3536	50935	3435
lcc	1	463836362e342e573636204c33362031393831	50935	3435
lcc	1	463836362e34483432204133343134	50935	3435
lcc	1	463836362e41393331382031393838	50934	3435
lcc	1	463836362e41393331382031393936	50934	3435
lcc	1	463836362e41393331382031393937	50934	3435
lcc	1	463836362e41393331382032303033	50934	3435
lcc	1	463836362e41393331382032303037	50934	3435
lcc	1	463836362e423539204336352031393932	50934	3435
lcc	1	463836362e4235394433352031393936	50934	3435
lcc	1	463836362e423539463535622032303139	50934	3435
lcc	1	463836362e4235394836342031393935	50934	3435
lcc	1	463836362e4336382031393932	50934	3435
lcc	1	463836362e48333435204a34362032303035	50934	3435
lcc	1	463836362e4833343733205335382031393932	50934	3435
lcc	1	463836362e48333437335335382031393932	50934	3435
lcc	1	463836362e48363931332032303230	50934	3435
lcc	1	463836362e4b333520533735	50934	3435
lcc	1	463836362e4d36352031393932	50934	3435
lcc	1	463836362e4e3832352031393837	50934	3435
lcc	1	463836362e4f3438332032303135	50934	3435
lcc	1	463836362e4f3438332032303137	50934	3435
lcc	1	463836362e4f352042382031393832	50934	3435
lcc	1	463836362e50313132204e352031393930	50934	3435
lcc	1	463836362e5038352032303137	50934	3435
lcc	1	463836362e5335392031393934	50934	3435
lcc	1	463836362e5337382031393937	50934	3435
lcc	1	463836362e5739332032303036	50934	3435
