subject,subject_id,code,hits,status,destinations,destination_ids
American,unified:11e637ca-b753-50aa-8d1c-bfccf82ceb6e,PS3568.O243,2089,elsewhere_review,1961–2000,bokheim:curation:eea452b2-e068-51a0-9f67-aebfdad03ed7
American,unified:11e637ca-b753-50aa-8d1c-bfccf82ceb6e,PS3561.I483,824,elsewhere_review,1961–2000,bokheim:curation:eea452b2-e068-51a0-9f67-aebfdad03ed7
American,unified:11e637ca-b753-50aa-8d1c-bfccf82ceb6e,PS3511.A87,680,elsewhere_review,1900–1960,bokheim:curation:4d24af59-aa33-540e-b8b0-c561217ab8c3
American,unified:11e637ca-b753-50aa-8d1c-bfccf82ceb6e,PS3545.H16,558,elsewhere_review,1900–1960,bokheim:curation:4d24af59-aa33-540e-b8b0-c561217ab8c3
American,unified:11e637ca-b753-50aa-8d1c-bfccf82ceb6e,PS3563.I27,493,elsewhere_review,1961–2000,bokheim:curation:eea452b2-e068-51a0-9f67-aebfdad03ed7
American,unified:11e637ca-b753-50aa-8d1c-bfccf82ceb6e,PS3561.R44,483,elsewhere_review,1961–2000,bokheim:curation:eea452b2-e068-51a0-9f67-aebfdad03ed7
American,unified:11e637ca-b753-50aa-8d1c-bfccf82ceb6e,PS3566.A34,373,elsewhere_review,1961–2000,bokheim:curation:eea452b2-e068-51a0-9f67-aebfdad03ed7
American,unified:11e637ca-b753-50aa-8d1c-bfccf82ceb6e,PS3537.T323,360,elsewhere_review,1900–1960,bokheim:curation:4d24af59-aa33-540e-b8b0-c561217ab8c3
American,unified:11e637ca-b753-50aa-8d1c-bfccf82ceb6e,PS3511.R94,291,elsewhere_review,1900–1960,bokheim:curation:4d24af59-aa33-540e-b8b0-c561217ab8c3
American,unified:11e637ca-b753-50aa-8d1c-bfccf82ceb6e,PS3562.U26,290,elsewhere_review,1961–2000,bokheim:curation:eea452b2-e068-51a0-9f67-aebfdad03ed7
American,unified:11e637ca-b753-50aa-8d1c-bfccf82ceb6e,PS3563.E747,263,elsewhere_review,1961–2000,bokheim:curation:eea452b2-e068-51a0-9f67-aebfdad03ed7
American,unified:11e637ca-b753-50aa-8d1c-bfccf82ceb6e,PS3573.E9,256,elsewhere_review,1961–2000,bokheim:curation:eea452b2-e068-51a0-9f67-aebfdad03ed7
American,unified:11e637ca-b753-50aa-8d1c-bfccf82ceb6e,PS3552.U75,243,elsewhere_review,1961–2000,bokheim:curation:eea452b2-e068-51a0-9f67-aebfdad03ed7
American,unified:11e637ca-b753-50aa-8d1c-bfccf82ceb6e,PS3569.A516,241,elsewhere_review,1961–2000,bokheim:curation:eea452b2-e068-51a0-9f67-aebfdad03ed7
American,unified:11e637ca-b753-50aa-8d1c-bfccf82ceb6e,PS3552.L63,221,elsewhere_review,1961–2000,bokheim:curation:eea452b2-e068-51a0-9f67-aebfdad03ed7
American,unified:11e637ca-b753-50aa-8d1c-bfccf82ceb6e,PS3569.I472,212,elsewhere_review,1961–2000,bokheim:curation:eea452b2-e068-51a0-9f67-aebfdad03ed7
American,unified:11e637ca-b753-50aa-8d1c-bfccf82ceb6e,PS3568.I265,210,elsewhere_review,1961–2000,bokheim:curation:eea452b2-e068-51a0-9f67-aebfdad03ed7
American,unified:11e637ca-b753-50aa-8d1c-bfccf82ceb6e,PS3558.O3473,208,elsewhere_review,1961–2000,bokheim:curation:eea452b2-e068-51a0-9f67-aebfdad03ed7
American,unified:11e637ca-b753-50aa-8d1c-bfccf82ceb6e,PS3558.I366,196,elsewhere_review,1961–2000,bokheim:curation:eea452b2-e068-51a0-9f67-aebfdad03ed7
American,unified:11e637ca-b753-50aa-8d1c-bfccf82ceb6e,PS3563.A28,194,elsewhere_review,1961–2000,bokheim:curation:eea452b2-e068-51a0-9f67-aebfdad03ed7
American,unified:11e637ca-b753-50aa-8d1c-bfccf82ceb6e,PS3566.R67,189,elsewhere_review,1961–2000,bokheim:curation:eea452b2-e068-51a0-9f67-aebfdad03ed7
American,unified:11e637ca-b753-50aa-8d1c-bfccf82ceb6e,PS3553.R48,182,elsewhere_review,1961–2000,bokheim:curation:eea452b2-e068-51a0-9f67-aebfdad03ed7
American,unified:11e637ca-b753-50aa-8d1c-bfccf82ceb6e,PS3557.R489137,177,elsewhere_review,1961–2000,bokheim:curation:eea452b2-e068-51a0-9f67-aebfdad03ed7
American,unified:11e637ca-b753-50aa-8d1c-bfccf82ceb6e,PS3563.A31166,177,elsewhere_review,1961–2000,bokheim:curation:eea452b2-e068-51a0-9f67-aebfdad03ed7
American,unified:11e637ca-b753-50aa-8d1c-bfccf82ceb6e,PS3554.E4425,164,elsewhere_review,1961–2000,bokheim:curation:eea452b2-e068-51a0-9f67-aebfdad03ed7
American,unified:11e637ca-b753-50aa-8d1c-bfccf82ceb6e,PS3545.I342,157,elsewhere_review,1900–1960,bokheim:curation:4d24af59-aa33-540e-b8b0-c561217ab8c3
American,unified:11e637ca-b753-50aa-8d1c-bfccf82ceb6e,PS3561.E3975,146,elsewhere_review,1961–2000,bokheim:curation:eea452b2-e068-51a0-9f67-aebfdad03ed7
American,unified:11e637ca-b753-50aa-8d1c-bfccf82ceb6e,PS3561.I4813,138,elsewhere_review,1961–2000,bokheim:curation:eea452b2-e068-51a0-9f67-aebfdad03ed7
American,unified:11e637ca-b753-50aa-8d1c-bfccf82ceb6e,PS3552.U4718,133,elsewhere_review,1961–2000,bokheim:curation:eea452b2-e068-51a0-9f67-aebfdad03ed7
American,unified:11e637ca-b753-50aa-8d1c-bfccf82ceb6e,PS3511.A784,127,elsewhere_review,1900–1960,bokheim:curation:4d24af59-aa33-540e-b8b0-c561217ab8c3
American,unified:11e637ca-b753-50aa-8d1c-bfccf82ceb6e,PS3566.O36,122,elsewhere_review,1961–2000,bokheim:curation:eea452b2-e068-51a0-9f67-aebfdad03ed7
American,unified:11e637ca-b753-50aa-8d1c-bfccf82ceb6e,PS3537.I85,121,elsewhere_review,1900–1960,bokheim:curation:4d24af59-aa33-540e-b8b0-c561217ab8c3
American,unified:11e637ca-b753-50aa-8d1c-bfccf82ceb6e,PS3569.A5125,118,elsewhere_review,1961–2000,bokheim:curation:eea452b2-e068-51a0-9f67-aebfdad03ed7
American,unified:11e637ca-b753-50aa-8d1c-bfccf82ceb6e,PS3556.A72,114,elsewhere_review,1961–2000,bokheim:curation:eea452b2-e068-51a0-9f67-aebfdad03ed7
American,unified:11e637ca-b753-50aa-8d1c-bfccf82ceb6e,PS3562.A865,109,elsewhere_review,1961–2000,bokheim:curation:eea452b2-e068-51a0-9f67-aebfdad03ed7
American,unified:11e637ca-b753-50aa-8d1c-bfccf82ceb6e,PS3537.P652,101,elsewhere_review,1900–1960,bokheim:curation:4d24af59-aa33-540e-b8b0-c561217ab8c3
American,unified:11e637ca-b753-50aa-8d1c-bfccf82ceb6e,PS3558.I45,99,elsewhere_review,1961–2000,bokheim:curation:eea452b2-e068-51a0-9f67-aebfdad03ed7
American,unified:11e637ca-b753-50aa-8d1c-bfccf82ceb6e,PS3562.I515,98,elsewhere_review,1961–2000,bokheim:curation:eea452b2-e068-51a0-9f67-aebfdad03ed7
American,unified:11e637ca-b753-50aa-8d1c-bfccf82ceb6e,PS3569.M5377,97,elsewhere_review,1961–2000,bokheim:curation:eea452b2-e068-51a0-9f67-aebfdad03ed7
American,unified:11e637ca-b753-50aa-8d1c-bfccf82ceb6e,PS3569.T875,92,elsewhere_review,1961–2000,bokheim:curation:eea452b2-e068-51a0-9f67-aebfdad03ed7
American,unified:11e637ca-b753-50aa-8d1c-bfccf82ceb6e,PS3537.E352,90,elsewhere_review,1900–1960,bokheim:curation:4d24af59-aa33-540e-b8b0-c561217ab8c3
American,unified:11e637ca-b753-50aa-8d1c-bfccf82ceb6e,PS3573.O5877,90,elsewhere_review,1961–2000,bokheim:curation:eea452b2-e068-51a0-9f67-aebfdad03ed7
American,unified:11e637ca-b753-50aa-8d1c-bfccf82ceb6e,PS3561.O8,87,elsewhere_review,1961–2000,bokheim:curation:eea452b2-e068-51a0-9f67-aebfdad03ed7
American,unified:11e637ca-b753-50aa-8d1c-bfccf82ceb6e,PS3563.A31865,87,elsewhere_review,1961–2000,bokheim:curation:eea452b2-e068-51a0-9f67-aebfdad03ed7
American,unified:11e637ca-b753-50aa-8d1c-bfccf82ceb6e,PS3566.E234,84,elsewhere_review,1961–2000,bokheim:curation:eea452b2-e068-51a0-9f67-aebfdad03ed7
American,unified:11e637ca-b753-50aa-8d1c-bfccf82ceb6e,PS3563.A923,81,elsewhere_review,1961–2000,bokheim:curation:eea452b2-e068-51a0-9f67-aebfdad03ed7
American,unified:11e637ca-b753-50aa-8d1c-bfccf82ceb6e,PS3569.L3,80,elsewhere_review,1961–2000,bokheim:curation:eea452b2-e068-51a0-9f67-aebfdad03ed7
American,unified:11e637ca-b753-50aa-8d1c-bfccf82ceb6e,PS3557.A715,74,elsewhere_review,1961–2000,bokheim:curation:eea452b2-e068-51a0-9f67-aebfdad03ed7
American,unified:11e637ca-b753-50aa-8d1c-bfccf82ceb6e,PS3558.A513,74,elsewhere_review,1961–2000,bokheim:curation:eea452b2-e068-51a0-9f67-aebfdad03ed7
American,unified:11e637ca-b753-50aa-8d1c-bfccf82ceb6e,PS3570.H58,74,elsewhere_review,1961–2000,bokheim:curation:eea452b2-e068-51a0-9f67-aebfdad03ed7
American,unified:11e637ca-b753-50aa-8d1c-bfccf82ceb6e,PS3562.A755,72,elsewhere_review,1961–2000,bokheim:curation:eea452b2-e068-51a0-9f67-aebfdad03ed7
American,unified:11e637ca-b753-50aa-8d1c-bfccf82ceb6e,PS3552.A583,69,elsewhere_review,1961–2000,bokheim:curation:eea452b2-e068-51a0-9f67-aebfdad03ed7
American,unified:11e637ca-b753-50aa-8d1c-bfccf82ceb6e,PS3558.E4526,67,elsewhere_review,1961–2000,bokheim:curation:eea452b2-e068-51a0-9f67-aebfdad03ed7
American,unified:11e637ca-b753-50aa-8d1c-bfccf82ceb6e,PS3561.A41665,67,elsewhere_review,1961–2000,bokheim:curation:eea452b2-e068-51a0-9f67-aebfdad03ed7
American,unified:11e637ca-b753-50aa-8d1c-bfccf82ceb6e,PS3511.O186,62,elsewhere_review,1900–1960,bokheim:curation:4d24af59-aa33-540e-b8b0-c561217ab8c3
American,unified:11e637ca-b753-50aa-8d1c-bfccf82ceb6e,PS3557.O753,62,elsewhere_review,1961–2000,bokheim:curation:eea452b2-e068-51a0-9f67-aebfdad03ed7
American,unified:11e637ca-b753-50aa-8d1c-bfccf82ceb6e,PS3562.O75,62,elsewhere_review,1961–2000,bokheim:curation:eea452b2-e068-51a0-9f67-aebfdad03ed7
American,unified:11e637ca-b753-50aa-8d1c-bfccf82ceb6e,PS3562.A916,59,elsewhere_review,1961–2000,bokheim:curation:eea452b2-e068-51a0-9f67-aebfdad03ed7
American,unified:11e637ca-b753-50aa-8d1c-bfccf82ceb6e,PS3552.I3,58,elsewhere_review,1961–2000,bokheim:curation:eea452b2-e068-51a0-9f67-aebfdad03ed7
American,unified:11e637ca-b753-50aa-8d1c-bfccf82ceb6e,PS3545.I557,57,elsewhere_review,1900–1960,bokheim:curation:4d24af59-aa33-540e-b8b0-c561217ab8c3
American,unified:11e637ca-b753-50aa-8d1c-bfccf82ceb6e,PS3554.I8,56,elsewhere_review,1961–2000,bokheim:curation:eea452b2-e068-51a0-9f67-aebfdad03ed7
American,unified:11e637ca-b753-50aa-8d1c-bfccf82ceb6e,PS3570.E673,56,elsewhere_review,1961–2000,bokheim:curation:eea452b2-e068-51a0-9f67-aebfdad03ed7
American,unified:11e637ca-b753-50aa-8d1c-bfccf82ceb6e,PS3558.A6558,55,elsewhere_review,1961–2000,bokheim:curation:eea452b2-e068-51a0-9f67-aebfdad03ed7
American,unified:11e637ca-b753-50aa-8d1c-bfccf82ceb6e,PS3511.A738,53,elsewhere_review,1900–1960,bokheim:curation:4d24af59-aa33-540e-b8b0-c561217ab8c3
American,unified:11e637ca-b753-50aa-8d1c-bfccf82ceb6e,PS3557.O384,53,elsewhere_review,1961–2000,bokheim:curation:eea452b2-e068-51a0-9f67-aebfdad03ed7
American,unified:11e637ca-b753-50aa-8d1c-bfccf82ceb6e,PS3562.Y44,49,elsewhere_review,1961–2000,bokheim:curation:eea452b2-e068-51a0-9f67-aebfdad03ed7
American,unified:11e637ca-b753-50aa-8d1c-bfccf82ceb6e,PS3553.O64,48,elsewhere_review,1961–2000,bokheim:curation:eea452b2-e068-51a0-9f67-aebfdad03ed7
American,unified:11e637ca-b753-50aa-8d1c-bfccf82ceb6e,PS3562.A8479,45,elsewhere_review,1961–2000,bokheim:curation:eea452b2-e068-51a0-9f67-aebfdad03ed7
American,unified:11e637ca-b753-50aa-8d1c-bfccf82ceb6e,PS3511.L697,44,elsewhere_review,1900–1960,bokheim:curation:4d24af59-aa33-540e-b8b0-c561217ab8c3
American,unified:11e637ca-b753-50aa-8d1c-bfccf82ceb6e,PS3537.A694,44,elsewhere_review,1900–1960,bokheim:curation:4d24af59-aa33-540e-b8b0-c561217ab8c3
American,unified:11e637ca-b753-50aa-8d1c-bfccf82ceb6e,PS3537.L38,44,elsewhere_review,1900–1960,bokheim:curation:4d24af59-aa33-540e-b8b0-c561217ab8c3
American,unified:11e637ca-b753-50aa-8d1c-bfccf82ceb6e,PS3563.A296,43,elsewhere_review,1961–2000,bokheim:curation:eea452b2-e068-51a0-9f67-aebfdad03ed7
American,unified:11e637ca-b753-50aa-8d1c-bfccf82ceb6e,PS3568.E367,43,elsewhere_review,1961–2000,bokheim:curation:eea452b2-e068-51a0-9f67-aebfdad03ed7
American,unified:11e637ca-b753-50aa-8d1c-bfccf82ceb6e,PS3545.E533,42,elsewhere_review,1900–1960,bokheim:curation:4d24af59-aa33-540e-b8b0-c561217ab8c3
American,unified:11e637ca-b753-50aa-8d1c-bfccf82ceb6e,PS3568.O198,42,elsewhere_review,1961–2000,bokheim:curation:eea452b2-e068-51a0-9f67-aebfdad03ed7
American,unified:11e637ca-b753-50aa-8d1c-bfccf82ceb6e,PS3573.H32,42,elsewhere_review,1961–2000,bokheim:curation:eea452b2-e068-51a0-9f67-aebfdad03ed7
American,unified:11e637ca-b753-50aa-8d1c-bfccf82ceb6e,PS3563.A853,40,elsewhere_review,1961–2000,bokheim:curation:eea452b2-e068-51a0-9f67-aebfdad03ed7
American,unified:11e637ca-b753-50aa-8d1c-bfccf82ceb6e,PS3557.R3784,39,elsewhere_review,1961–2000,bokheim:curation:eea452b2-e068-51a0-9f67-aebfdad03ed7
American,unified:11e637ca-b753-50aa-8d1c-bfccf82ceb6e,PS3566.L3,38,elsewhere_review,1961–2000,bokheim:curation:eea452b2-e068-51a0-9f67-aebfdad03ed7
American,unified:11e637ca-b753-50aa-8d1c-bfccf82ceb6e,PS3558.E458,36,elsewhere_review,1961–2000,bokheim:curation:eea452b2-e068-51a0-9f67-aebfdad03ed7
American,unified:11e637ca-b753-50aa-8d1c-bfccf82ceb6e,PS3553.A489115,35,elsewhere_review,1961–2000,bokheim:curation:eea452b2-e068-51a0-9f67-aebfdad03ed7
American,unified:11e637ca-b753-50aa-8d1c-bfccf82ceb6e,PS3558.A373,35,elsewhere_review,1961–2000,bokheim:curation:eea452b2-e068-51a0-9f67-aebfdad03ed7
American,unified:11e637ca-b753-50aa-8d1c-bfccf82ceb6e,PS3563.A2555,35,elsewhere_review,1961–2000,bokheim:curation:eea452b2-e068-51a0-9f67-aebfdad03ed7
American,unified:11e637ca-b753-50aa-8d1c-bfccf82ceb6e,PS3563.I254,35,elsewhere_review,1961–2000,bokheim:curation:eea452b2-e068-51a0-9f67-aebfdad03ed7
American,unified:11e637ca-b753-50aa-8d1c-bfccf82ceb6e,PS3566.E42,35,elsewhere_review,1961–2000,bokheim:curation:eea452b2-e068-51a0-9f67-aebfdad03ed7
American,unified:11e637ca-b753-50aa-8d1c-bfccf82ceb6e,PS3569.H3427,35,elsewhere_review,1961–2000,bokheim:curation:eea452b2-e068-51a0-9f67-aebfdad03ed7
American,unified:11e637ca-b753-50aa-8d1c-bfccf82ceb6e,PS3556.R384,34,elsewhere_review,1961–2000,bokheim:curation:eea452b2-e068-51a0-9f67-aebfdad03ed7
American,unified:11e637ca-b753-50aa-8d1c-bfccf82ceb6e,PS3569.O587,34,elsewhere_review,1961–2000,bokheim:curation:eea452b2-e068-51a0-9f67-aebfdad03ed7
American,unified:11e637ca-b753-50aa-8d1c-bfccf82ceb6e,PS3573.A9,34,elsewhere_review,1961–2000,bokheim:curation:eea452b2-e068-51a0-9f67-aebfdad03ed7
American,unified:11e637ca-b753-50aa-8d1c-bfccf82ceb6e,PS3537.H618,33,elsewhere_review,1900–1960,bokheim:curation:4d24af59-aa33-540e-b8b0-c561217ab8c3
American,unified:11e637ca-b753-50aa-8d1c-bfccf82ceb6e,PS3557.R356,33,elsewhere_review,1961–2000,bokheim:curation:eea452b2-e068-51a0-9f67-aebfdad03ed7
American,unified:11e637ca-b753-50aa-8d1c-bfccf82ceb6e,PS3569.C695,33,elsewhere_review,1961–2000,bokheim:curation:eea452b2-e068-51a0-9f67-aebfdad03ed7
American,unified:11e637ca-b753-50aa-8d1c-bfccf82ceb6e,PS3537.T3184,32,elsewhere_review,1900–1960,bokheim:curation:4d24af59-aa33-540e-b8b0-c561217ab8c3
American,unified:11e637ca-b753-50aa-8d1c-bfccf82ceb6e,PS3545.A565,32,elsewhere_review,1900–1960,bokheim:curation:4d24af59-aa33-540e-b8b0-c561217ab8c3
American,unified:11e637ca-b753-50aa-8d1c-bfccf82ceb6e,PS3545.E8315,31,elsewhere_review,1900–1960,bokheim:curation:4d24af59-aa33-540e-b8b0-c561217ab8c3
American,unified:11e637ca-b753-50aa-8d1c-bfccf82ceb6e,PS3563.A674,31,elsewhere_review,1961–2000,bokheim:curation:eea452b2-e068-51a0-9f67-aebfdad03ed7
American,unified:11e637ca-b753-50aa-8d1c-bfccf82ceb6e,PS3566.E235,31,elsewhere_review,1961–2000,bokheim:curation:eea452b2-e068-51a0-9f67-aebfdad03ed7
American,unified:11e637ca-b753-50aa-8d1c-bfccf82ceb6e,PS3554.U279,30,elsewhere_review,1961–2000,bokheim:curation:eea452b2-e068-51a0-9f67-aebfdad03ed7
American,unified:11e637ca-b753-50aa-8d1c-bfccf82ceb6e,PS3563.A3165,30,elsewhere_review,1961–2000,bokheim:curation:eea452b2-e068-51a0-9f67-aebfdad03ed7
American,unified:11e637ca-b753-50aa-8d1c-bfccf82ceb6e,PS3570.I66,30,elsewhere_review,1961–2000,bokheim:curation:eea452b2-e068-51a0-9f67-aebfdad03ed7
American,unified:11e637ca-b753-50aa-8d1c-bfccf82ceb6e,PS3553.O65,29,elsewhere_review,1961–2000,bokheim:curation:eea452b2-e068-51a0-9f67-aebfdad03ed7
American,unified:11e637ca-b753-50aa-8d1c-bfccf82ceb6e,PS3561.O46,29,elsewhere_review,1961–2000,bokheim:curation:eea452b2-e068-51a0-9f67-aebfdad03ed7
American,unified:11e637ca-b753-50aa-8d1c-bfccf82ceb6e,PS3568.E517,29,elsewhere_review,1961–2000,bokheim:curation:eea452b2-e068-51a0-9f67-aebfdad03ed7
American,unified:11e637ca-b753-50aa-8d1c-bfccf82ceb6e,PS3554.E174,27,elsewhere_review,1961–2000,bokheim:curation:eea452b2-e068-51a0-9f67-aebfdad03ed7
American,unified:11e637ca-b753-50aa-8d1c-bfccf82ceb6e,PS3563.O7717,27,elsewhere_review,1961–2000,bokheim:curation:eea452b2-e068-51a0-9f67-aebfdad03ed7
American,unified:11e637ca-b753-50aa-8d1c-bfccf82ceb6e,PS3511.R94A6,26,elsewhere_review,1900–1960,bokheim:curation:4d24af59-aa33-540e-b8b0-c561217ab8c3
American,unified:11e637ca-b753-50aa-8d1c-bfccf82ceb6e,PS3537.T479,26,elsewhere_review,1900–1960,bokheim:curation:4d24af59-aa33-540e-b8b0-c561217ab8c3
American,unified:11e637ca-b753-50aa-8d1c-bfccf82ceb6e,PS3568.E4754,26,elsewhere_review,1961–2000,bokheim:curation:eea452b2-e068-51a0-9f67-aebfdad03ed7
American,unified:11e637ca-b753-50aa-8d1c-bfccf82ceb6e,PS3556.I79,25,elsewhere_review,1961–2000,bokheim:curation:eea452b2-e068-51a0-9f67-aebfdad03ed7
American,unified:11e637ca-b753-50aa-8d1c-bfccf82ceb6e,PS3556.L5838,25,elsewhere_review,1961–2000,bokheim:curation:eea452b2-e068-51a0-9f67-aebfdad03ed7
American,unified:11e637ca-b753-50aa-8d1c-bfccf82ceb6e,PS3561.E388,25,elsewhere_review,1961–2000,bokheim:curation:eea452b2-e068-51a0-9f67-aebfdad03ed7
American,unified:11e637ca-b753-50aa-8d1c-bfccf82ceb6e,PS3573.A4795,24,elsewhere_review,1961–2000,bokheim:curation:eea452b2-e068-51a0-9f67-aebfdad03ed7
American,unified:11e637ca-b753-50aa-8d1c-bfccf82ceb6e,PS3545.R45,23,elsewhere_review,1900–1960,bokheim:curation:4d24af59-aa33-540e-b8b0-c561217ab8c3
American,unified:11e637ca-b753-50aa-8d1c-bfccf82ceb6e,PS3545.R846,23,elsewhere_review,1900–1960,bokheim:curation:4d24af59-aa33-540e-b8b0-c561217ab8c3
American,unified:11e637ca-b753-50aa-8d1c-bfccf82ceb6e,PS3569.L25,23,elsewhere_review,1961–2000,bokheim:curation:eea452b2-e068-51a0-9f67-aebfdad03ed7
American,unified:11e637ca-b753-50aa-8d1c-bfccf82ceb6e,PS3552.O895,22,elsewhere_review,1961–2000,bokheim:curation:eea452b2-e068-51a0-9f67-aebfdad03ed7
American,unified:11e637ca-b753-50aa-8d1c-bfccf82ceb6e,PS3557.H63,22,elsewhere_review,1961–2000,bokheim:curation:eea452b2-e068-51a0-9f67-aebfdad03ed7
American,unified:11e637ca-b753-50aa-8d1c-bfccf82ceb6e,PS3568.A325,22,elsewhere_review,1961–2000,bokheim:curation:eea452b2-e068-51a0-9f67-aebfdad03ed7
American,unified:11e637ca-b753-50aa-8d1c-bfccf82ceb6e,PS3553.H325,21,elsewhere_review,1961–2000,bokheim:curation:eea452b2-e068-51a0-9f67-aebfdad03ed7
American,unified:11e637ca-b753-50aa-8d1c-bfccf82ceb6e,PS3568.E43,21,elsewhere_review,1961–2000,bokheim:curation:eea452b2-e068-51a0-9f67-aebfdad03ed7
American,unified:11e637ca-b753-50aa-8d1c-bfccf82ceb6e,PS3537.T817,20,elsewhere_review,1900–1960,bokheim:curation:4d24af59-aa33-540e-b8b0-c561217ab8c3
American,unified:11e637ca-b753-50aa-8d1c-bfccf82ceb6e,PS3545.H16E7,20,elsewhere_review,1900–1960,bokheim:curation:4d24af59-aa33-540e-b8b0-c561217ab8c3
American,unified:11e637ca-b753-50aa-8d1c-bfccf82ceb6e,PS3511.L4413,19,elsewhere_review,1900–1960,bokheim:curation:4d24af59-aa33-540e-b8b0-c561217ab8c3
American,unified:11e637ca-b753-50aa-8d1c-bfccf82ceb6e,PS3561.E425,19,elsewhere_review,1961–2000,bokheim:curation:eea452b2-e068-51a0-9f67-aebfdad03ed7
American,unified:11e637ca-b753-50aa-8d1c-bfccf82ceb6e,PS3561.N645,19,elsewhere_review,1961–2000,bokheim:curation:eea452b2-e068-51a0-9f67-aebfdad03ed7
American,unified:11e637ca-b753-50aa-8d1c-bfccf82ceb6e,PS3563.A82,19,elsewhere_review,1961–2000,bokheim:curation:eea452b2-e068-51a0-9f67-aebfdad03ed7
American,unified:11e637ca-b753-50aa-8d1c-bfccf82ceb6e,PS3563.A899,19,elsewhere_review,1961–2000,bokheim:curation:eea452b2-e068-51a0-9f67-aebfdad03ed7
American,unified:11e637ca-b753-50aa-8d1c-bfccf82ceb6e,PS3545.H16A6,18,elsewhere_review,1900–1960,bokheim:curation:4d24af59-aa33-540e-b8b0-c561217ab8c3
American,unified:11e637ca-b753-50aa-8d1c-bfccf82ceb6e,PS3552.A476,18,elsewhere_review,1961–2000,bokheim:curation:eea452b2-e068-51a0-9f67-aebfdad03ed7
American,unified:11e637ca-b753-50aa-8d1c-bfccf82ceb6e,PS3554.E537,18,elsewhere_review,1961–2000,bokheim:curation:eea452b2-e068-51a0-9f67-aebfdad03ed7
American,unified:11e637ca-b753-50aa-8d1c-bfccf82ceb6e,PS3554.I24,18,elsewhere_review,1961–2000,bokheim:curation:eea452b2-e068-51a0-9f67-aebfdad03ed7
American,unified:11e637ca-b753-50aa-8d1c-bfccf82ceb6e,PS3563.A845,18,elsewhere_review,1961–2000,bokheim:curation:eea452b2-e068-51a0-9f67-aebfdad03ed7
American,unified:11e637ca-b753-50aa-8d1c-bfccf82ceb6e,PS3552.R656,17,elsewhere_review,1961–2000,bokheim:curation:eea452b2-e068-51a0-9f67-aebfdad03ed7
American,unified:11e637ca-b753-50aa-8d1c-bfccf82ceb6e,PS3557.R8,17,elsewhere_review,1961–2000,bokheim:curation:eea452b2-e068-51a0-9f67-aebfdad03ed7
American,unified:11e637ca-b753-50aa-8d1c-bfccf82ceb6e,PS3573.A35,17,elsewhere_review,1961–2000,bokheim:curation:eea452b2-e068-51a0-9f67-aebfdad03ed7
American,unified:11e637ca-b753-50aa-8d1c-bfccf82ceb6e,PS3554.E929,16,elsewhere_review,1961–2000,bokheim:curation:eea452b2-e068-51a0-9f67-aebfdad03ed7
American,unified:11e637ca-b753-50aa-8d1c-bfccf82ceb6e,PS3558.A3117,16,elsewhere_review,1961–2000,bokheim:curation:eea452b2-e068-51a0-9f67-aebfdad03ed7
American,unified:11e637ca-b753-50aa-8d1c-bfccf82ceb6e,PS3561.I417,16,elsewhere_review,1961–2000,bokheim:curation:eea452b2-e068-51a0-9f67-aebfdad03ed7
American,unified:11e637ca-b753-50aa-8d1c-bfccf82ceb6e,PS3561.N65,16,elsewhere_review,1961–2000,bokheim:curation:eea452b2-e068-51a0-9f67-aebfdad03ed7
American,unified:11e637ca-b753-50aa-8d1c-bfccf82ceb6e,PS3568.O7644,16,elsewhere_review,1961–2000,bokheim:curation:eea452b2-e068-51a0-9f67-aebfdad03ed7
American,unified:11e637ca-b753-50aa-8d1c-bfccf82ceb6e,PS3569.E18,16,elsewhere_review,1961–2000,bokheim:curation:eea452b2-e068-51a0-9f67-aebfdad03ed7
American,unified:11e637ca-b753-50aa-8d1c-bfccf82ceb6e,PS3569.H5792,16,elsewhere_review,1961–2000,bokheim:curation:eea452b2-e068-51a0-9f67-aebfdad03ed7
American,unified:11e637ca-b753-50aa-8d1c-bfccf82ceb6e,PS3569.U23,16,elsewhere_review,1961–2000,bokheim:curation:eea452b2-e068-51a0-9f67-aebfdad03ed7
American,unified:11e637ca-b753-50aa-8d1c-bfccf82ceb6e,PS3573.A33,16,elsewhere_review,1961–2000,bokheim:curation:eea452b2-e068-51a0-9f67-aebfdad03ed7
American,unified:11e637ca-b753-50aa-8d1c-bfccf82ceb6e,PS3511.A87A6,15,elsewhere_review,1900–1960,bokheim:curation:4d24af59-aa33-540e-b8b0-c561217ab8c3
American,unified:11e637ca-b753-50aa-8d1c-bfccf82ceb6e,PS3537.T9246,15,elsewhere_review,1900–1960,bokheim:curation:4d24af59-aa33-540e-b8b0-c561217ab8c3
American,unified:11e637ca-b753-50aa-8d1c-bfccf82ceb6e,PS3556.O67,15,elsewhere_review,1961–2000,bokheim:curation:eea452b2-e068-51a0-9f67-aebfdad03ed7
American,unified:11e637ca-b753-50aa-8d1c-bfccf82ceb6e,PS3563.I4125,15,elsewhere_review,1961–2000,bokheim:curation:eea452b2-e068-51a0-9f67-aebfdad03ed7
American,unified:11e637ca-b753-50aa-8d1c-bfccf82ceb6e,PS3566.A463,15,elsewhere_review,1961–2000,bokheim:curation:eea452b2-e068-51a0-9f67-aebfdad03ed7
American,unified:11e637ca-b753-50aa-8d1c-bfccf82ceb6e,PS3570.Y53,15,elsewhere_review,1961–2000,bokheim:curation:eea452b2-e068-51a0-9f67-aebfdad03ed7
American,unified:11e637ca-b753-50aa-8d1c-bfccf82ceb6e,PS3537.I85J85,14,elsewhere_review,1900–1960,bokheim:curation:4d24af59-aa33-540e-b8b0-c561217ab8c3
American,unified:11e637ca-b753-50aa-8d1c-bfccf82ceb6e,PS3537.T42,14,elsewhere_review,1900–1960,bokheim:curation:4d24af59-aa33-540e-b8b0-c561217ab8c3
American,unified:11e637ca-b753-50aa-8d1c-bfccf82ceb6e,PS3545.H16A7,14,elsewhere_review,1900–1960,bokheim:curation:4d24af59-aa33-540e-b8b0-c561217ab8c3
American,unified:11e637ca-b753-50aa-8d1c-bfccf82ceb6e,PS3553.O7632,14,elsewhere_review,1961–2000,bokheim:curation:eea452b2-e068-51a0-9f67-aebfdad03ed7
American,unified:11e637ca-b753-50aa-8d1c-bfccf82ceb6e,PS3556.R599,14,elsewhere_review,1961–2000,bokheim:curation:eea452b2-e068-51a0-9f67-aebfdad03ed7
American,unified:11e637ca-b753-50aa-8d1c-bfccf82ceb6e,PS3557.R583,14,elsewhere_review,1961–2000,bokheim:curation:eea452b2-e068-51a0-9f67-aebfdad03ed7
American,unified:11e637ca-b753-50aa-8d1c-bfccf82ceb6e,PS3557.U43,14,elsewhere_review,1961–2000,bokheim:curation:eea452b2-e068-51a0-9f67-aebfdad03ed7
American,unified:11e637ca-b753-50aa-8d1c-bfccf82ceb6e,PS3558.E47916,14,elsewhere_review,1961–2000,bokheim:curation:eea452b2-e068-51a0-9f67-aebfdad03ed7
American,unified:11e637ca-b753-50aa-8d1c-bfccf82ceb6e,PS3568.O7639,14,elsewhere_review,1961–2000,bokheim:curation:eea452b2-e068-51a0-9f67-aebfdad03ed7
American,unified:11e637ca-b753-50aa-8d1c-bfccf82ceb6e,PS3558.E78,13,elsewhere_review,1961–2000,bokheim:curation:eea452b2-e068-51a0-9f67-aebfdad03ed7
American,unified:11e637ca-b753-50aa-8d1c-bfccf82ceb6e,PS3553.R34,12,elsewhere_review,1961–2000,bokheim:curation:eea452b2-e068-51a0-9f67-aebfdad03ed7
American,unified:11e637ca-b753-50aa-8d1c-bfccf82ceb6e,PS3563.E986,12,elsewhere_review,1961–2000,bokheim:curation:eea452b2-e068-51a0-9f67-aebfdad03ed7
American,unified:11e637ca-b753-50aa-8d1c-bfccf82ceb6e,PS3569.T6965,12,elsewhere_review,1961–2000,bokheim:curation:eea452b2-e068-51a0-9f67-aebfdad03ed7
American,unified:11e637ca-b753-50aa-8d1c-bfccf82ceb6e,PS3570.A943,12,elsewhere_review,1961–2000,bokheim:curation:eea452b2-e068-51a0-9f67-aebfdad03ed7
American,unified:11e637ca-b753-50aa-8d1c-bfccf82ceb6e,PS3553.A686,11,elsewhere_review,1961–2000,bokheim:curation:eea452b2-e068-51a0-9f67-aebfdad03ed7
American,unified:11e637ca-b753-50aa-8d1c-bfccf82ceb6e,PS3556.I816,11,elsewhere_review,1961–2000,bokheim:curation:eea452b2-e068-51a0-9f67-aebfdad03ed7
American,unified:11e637ca-b753-50aa-8d1c-bfccf82ceb6e,PS3566.O5348,11,elsewhere_review,1961–2000,bokheim:curation:eea452b2-e068-51a0-9f67-aebfdad03ed7
American,unified:11e637ca-b753-50aa-8d1c-bfccf82ceb6e,PS3569.T6935,11,elsewhere_review,1961–2000,bokheim:curation:eea452b2-e068-51a0-9f67-aebfdad03ed7
American,unified:11e637ca-b753-50aa-8d1c-bfccf82ceb6e,PS3552.A4278,10,elsewhere_review,1961–2000,bokheim:curation:eea452b2-e068-51a0-9f67-aebfdad03ed7
American,unified:11e637ca-b753-50aa-8d1c-bfccf82ceb6e,PS3552.E54765,10,elsewhere_review,1961–2000,bokheim:curation:eea452b2-e068-51a0-9f67-aebfdad03ed7
American,unified:11e637ca-b753-50aa-8d1c-bfccf82ceb6e,PS3552.R736,10,elsewhere_review,1961–2000,bokheim:curation:eea452b2-e068-51a0-9f67-aebfdad03ed7
American,unified:11e637ca-b753-50aa-8d1c-bfccf82ceb6e,PS3552.U725,10,elsewhere_review,1961–2000,bokheim:curation:eea452b2-e068-51a0-9f67-aebfdad03ed7
American,unified:11e637ca-b753-50aa-8d1c-bfccf82ceb6e,PS3553.H3534,10,elsewhere_review,1961–2000,bokheim:curation:eea452b2-e068-51a0-9f67-aebfdad03ed7
American,unified:11e637ca-b753-50aa-8d1c-bfccf82ceb6e,PS3554.E4,10,elsewhere_review,1961–2000,bokheim:curation:eea452b2-e068-51a0-9f67-aebfdad03ed7
American,unified:11e637ca-b753-50aa-8d1c-bfccf82ceb6e,PS3554.E48,10,elsewhere_review,1961–2000,bokheim:curation:eea452b2-e068-51a0-9f67-aebfdad03ed7
American,unified:11e637ca-b753-50aa-8d1c-bfccf82ceb6e,PS3563.A7212,10,elsewhere_review,1961–2000,bokheim:curation:eea452b2-e068-51a0-9f67-aebfdad03ed7
American,unified:11e637ca-b753-50aa-8d1c-bfccf82ceb6e,PS3570.E447,10,elsewhere_review,1961–2000,bokheim:curation:eea452b2-e068-51a0-9f67-aebfdad03ed7
American,unified:11e637ca-b753-50aa-8d1c-bfccf82ceb6e,PS3537.H618I5,9,elsewhere_review,1900–1960,bokheim:curation:4d24af59-aa33-540e-b8b0-c561217ab8c3
American,unified:11e637ca-b753-50aa-8d1c-bfccf82ceb6e,PS3545.H16C8,9,elsewhere_review,1900–1960,bokheim:curation:4d24af59-aa33-540e-b8b0-c561217ab8c3
American,unified:11e637ca-b753-50aa-8d1c-bfccf82ceb6e,PS3545.H16H68,9,elsewhere_review,1900–1960,bokheim:curation:4d24af59-aa33-540e-b8b0-c561217ab8c3
American,unified:11e637ca-b753-50aa-8d1c-bfccf82ceb6e,PS3552.E26,9,elsewhere_review,1961–2000,bokheim:curation:eea452b2-e068-51a0-9f67-aebfdad03ed7
American,unified:11e637ca-b753-50aa-8d1c-bfccf82ceb6e,PS3556.R37,9,elsewhere_review,1961–2000,bokheim:curation:eea452b2-e068-51a0-9f67-aebfdad03ed7
American,unified:11e637ca-b753-50aa-8d1c-bfccf82ceb6e,PS3558.Y49,9,elsewhere_review,1961–2000,bokheim:curation:eea452b2-e068-51a0-9f67-aebfdad03ed7
American,unified:11e637ca-b753-50aa-8d1c-bfccf82ceb6e,PS3561.A63,9,elsewhere_review,1961–2000,bokheim:curation:eea452b2-e068-51a0-9f67-aebfdad03ed7
American,unified:11e637ca-b753-50aa-8d1c-bfccf82ceb6e,PS3563.A725,9,elsewhere_review,1961–2000,bokheim:curation:eea452b2-e068-51a0-9f67-aebfdad03ed7
American,unified:11e637ca-b753-50aa-8d1c-bfccf82ceb6e,PS3570.R339,9,elsewhere_review,1961–2000,bokheim:curation:eea452b2-e068-51a0-9f67-aebfdad03ed7
American,unified:11e637ca-b753-50aa-8d1c-bfccf82ceb6e,PS3545.H6172,8,elsewhere_review,1900–1960,bokheim:curation:4d24af59-aa33-540e-b8b0-c561217ab8c3
American,unified:11e637ca-b753-50aa-8d1c-bfccf82ceb6e,PS3552.L77,8,elsewhere_review,1961–2000,bokheim:curation:eea452b2-e068-51a0-9f67-aebfdad03ed7
American,unified:11e637ca-b753-50aa-8d1c-bfccf82ceb6e,PS3553.A434,8,elsewhere_review,1961–2000,bokheim:curation:eea452b2-e068-51a0-9f67-aebfdad03ed7
American,unified:11e637ca-b753-50aa-8d1c-bfccf82ceb6e,PS3553.A7952,8,elsewhere_review,1961–2000,bokheim:curation:eea452b2-e068-51a0-9f67-aebfdad03ed7
American,unified:11e637ca-b753-50aa-8d1c-bfccf82ceb6e,PS3554.A3,8,elsewhere_review,1961–2000,bokheim:curation:eea452b2-e068-51a0-9f67-aebfdad03ed7
American,unified:11e637ca-b753-50aa-8d1c-bfccf82ceb6e,PS3556.I812,8,elsewhere_review,1961–2000,bokheim:curation:eea452b2-e068-51a0-9f67-aebfdad03ed7
American,unified:11e637ca-b753-50aa-8d1c-bfccf82ceb6e,PS3557.A7238,8,elsewhere_review,1961–2000,bokheim:curation:eea452b2-e068-51a0-9f67-aebfdad03ed7
American,unified:11e637ca-b753-50aa-8d1c-bfccf82ceb6e,PS3558.U323,8,elsewhere_review,1961–2000,bokheim:curation:eea452b2-e068-51a0-9f67-aebfdad03ed7
American,unified:11e637ca-b753-50aa-8d1c-bfccf82ceb6e,PS3569.I565,8,elsewhere_review,1961–2000,bokheim:curation:eea452b2-e068-51a0-9f67-aebfdad03ed7
American,unified:11e637ca-b753-50aa-8d1c-bfccf82ceb6e,PS3573.A44,8,elsewhere_review,1961–2000,bokheim:curation:eea452b2-e068-51a0-9f67-aebfdad03ed7
American,unified:11e637ca-b753-50aa-8d1c-bfccf82ceb6e,PS3511.O418,7,elsewhere_review,1900–1960,bokheim:curation:4d24af59-aa33-540e-b8b0-c561217ab8c3
American,unified:11e637ca-b753-50aa-8d1c-bfccf82ceb6e,PS3537.C71176,7,elsewhere_review,1900–1960,bokheim:curation:4d24af59-aa33-540e-b8b0-c561217ab8c3
American,unified:11e637ca-b753-50aa-8d1c-bfccf82ceb6e,PS3537.E3514,7,elsewhere_review,1900–1960,bokheim:curation:4d24af59-aa33-540e-b8b0-c561217ab8c3
American,unified:11e637ca-b753-50aa-8d1c-bfccf82ceb6e,PS3537.T323A6,7,elsewhere_review,1900–1960,bokheim:curation:4d24af59-aa33-540e-b8b0-c561217ab8c3
American,unified:11e637ca-b753-50aa-8d1c-bfccf82ceb6e,PS3545.H6,7,elsewhere_review,1900–1960,bokheim:curation:4d24af59-aa33-540e-b8b0-c561217ab8c3
American,unified:11e637ca-b753-50aa-8d1c-bfccf82ceb6e,PS3545.H617,7,elsewhere_review,1900–1960,bokheim:curation:4d24af59-aa33-540e-b8b0-c561217ab8c3
American,unified:11e637ca-b753-50aa-8d1c-bfccf82ceb6e,PS3553.A757,7,elsewhere_review,1961–2000,bokheim:curation:eea452b2-e068-51a0-9f67-aebfdad03ed7
American,unified:11e637ca-b753-50aa-8d1c-bfccf82ceb6e,PS3554.E13,7,elsewhere_review,1961–2000,bokheim:curation:eea452b2-e068-51a0-9f67-aebfdad03ed7
American,unified:11e637ca-b753-50aa-8d1c-bfccf82ceb6e,PS3554.R183,7,elsewhere_review,1961–2000,bokheim:curation:eea452b2-e068-51a0-9f67-aebfdad03ed7
American,unified:11e637ca-b753-50aa-8d1c-bfccf82ceb6e,PS3557.R489137C68,7,elsewhere_review,1961–2000,bokheim:curation:eea452b2-e068-51a0-9f67-aebfdad03ed7
American,unified:11e637ca-b753-50aa-8d1c-bfccf82ceb6e,PS3558.E487,7,elsewhere_review,1961–2000,bokheim:curation:eea452b2-e068-51a0-9f67-aebfdad03ed7
American,unified:11e637ca-b753-50aa-8d1c-bfccf82ceb6e,PS3566.L2848,7,elsewhere_review,1961–2000,bokheim:curation:eea452b2-e068-51a0-9f67-aebfdad03ed7
American,unified:11e637ca-b753-50aa-8d1c-bfccf82ceb6e,PS3568.O243A6,7,elsewhere_review,1961–2000,bokheim:curation:eea452b2-e068-51a0-9f67-aebfdad03ed7
American,unified:11e637ca-b753-50aa-8d1c-bfccf82ceb6e,PS3569.T875A6,7,elsewhere_review,1961–2000,bokheim:curation:eea452b2-e068-51a0-9f67-aebfdad03ed7
American,unified:11e637ca-b753-50aa-8d1c-bfccf82ceb6e,PS3570.O29,7,elsewhere_review,1961–2000,bokheim:curation:eea452b2-e068-51a0-9f67-aebfdad03ed7
American,unified:11e637ca-b753-50aa-8d1c-bfccf82ceb6e,PS3537.A694Z464,6,elsewhere_review,1900–1960,bokheim:curation:4d24af59-aa33-540e-b8b0-c561217ab8c3
American,unified:11e637ca-b753-50aa-8d1c-bfccf82ceb6e,PS3537T323,6,elsewhere_review,1900–1960,bokheim:curation:4d24af59-aa33-540e-b8b0-c561217ab8c3
American,unified:11e637ca-b753-50aa-8d1c-bfccf82ceb6e,PS3545.H2895,6,elsewhere_review,1900–1960,bokheim:curation:4d24af59-aa33-540e-b8b0-c561217ab8c3
American,unified:11e637ca-b753-50aa-8d1c-bfccf82ceb6e,PS3552.U75N3,6,elsewhere_review,1961–2000,bokheim:curation:eea452b2-e068-51a0-9f67-aebfdad03ed7
American,unified:11e637ca-b753-50aa-8d1c-bfccf82ceb6e,PS3556.I8132,6,elsewhere_review,1961–2000,bokheim:curation:eea452b2-e068-51a0-9f67-aebfdad03ed7
American,unified:11e637ca-b753-50aa-8d1c-bfccf82ceb6e,PS3558.I366R59,6,elsewhere_review,1961–2000,bokheim:curation:eea452b2-e068-51a0-9f67-aebfdad03ed7
American,unified:11e637ca-b753-50aa-8d1c-bfccf82ceb6e,PS3561.I483C8,6,elsewhere_review,1961–2000,bokheim:curation:eea452b2-e068-51a0-9f67-aebfdad03ed7
American,unified:11e637ca-b753-50aa-8d1c-bfccf82ceb6e,PS3566.R575,6,elsewhere_review,1961–2000,bokheim:curation:eea452b2-e068-51a0-9f67-aebfdad03ed7
American,unified:11e637ca-b753-50aa-8d1c-bfccf82ceb6e,PS3566.R588,6,elsewhere_review,1961–2000,bokheim:curation:eea452b2-e068-51a0-9f67-aebfdad03ed7
American,unified:11e637ca-b753-50aa-8d1c-bfccf82ceb6e,PS3568.E27,6,elsewhere_review,1961–2000,bokheim:curation:eea452b2-e068-51a0-9f67-aebfdad03ed7
American,unified:11e637ca-b753-50aa-8d1c-bfccf82ceb6e,PS3568.E895,6,elsewhere_review,1961–2000,bokheim:curation:eea452b2-e068-51a0-9f67-aebfdad03ed7
American,unified:11e637ca-b753-50aa-8d1c-bfccf82ceb6e,PS3569.A5125A6,6,elsewhere_review,1961–2000,bokheim:curation:eea452b2-e068-51a0-9f67-aebfdad03ed7
American,unified:11e637ca-b753-50aa-8d1c-bfccf82ceb6e,PS3569.T3342,6,elsewhere_review,1961–2000,bokheim:curation:eea452b2-e068-51a0-9f67-aebfdad03ed7
American,unified:11e637ca-b753-50aa-8d1c-bfccf82ceb6e,PS3569.U3,6,elsewhere_review,1961–2000,bokheim:curation:eea452b2-e068-51a0-9f67-aebfdad03ed7
American,unified:11e637ca-b753-50aa-8d1c-bfccf82ceb6e,PS3537.T323T5,5,elsewhere_review,1900–1960,bokheim:curation:4d24af59-aa33-540e-b8b0-c561217ab8c3
American,unified:11e637ca-b753-50aa-8d1c-bfccf82ceb6e,PS3537.T3533,5,elsewhere_review,1900–1960,bokheim:curation:4d24af59-aa33-540e-b8b0-c561217ab8c3
American,unified:11e637ca-b753-50aa-8d1c-bfccf82ceb6e,PS3537.T845,5,elsewhere_review,1900–1960,bokheim:curation:4d24af59-aa33-540e-b8b0-c561217ab8c3
American,unified:11e637ca-b753-50aa-8d1c-bfccf82ceb6e,PS3545.H16S86,5,elsewhere_review,1900–1960,bokheim:curation:4d24af59-aa33-540e-b8b0-c561217ab8c3
American,unified:11e637ca-b753-50aa-8d1c-bfccf82ceb6e,PS3545.I342A6,5,elsewhere_review,1900–1960,bokheim:curation:4d24af59-aa33-540e-b8b0-c561217ab8c3
American,unified:11e637ca-b753-50aa-8d1c-bfccf82ceb6e,PS3545.I342Z48,5,elsewhere_review,1900–1960,bokheim:curation:4d24af59-aa33-540e-b8b0-c561217ab8c3
American,unified:11e637ca-b753-50aa-8d1c-bfccf82ceb6e,PS3545.O465,5,elsewhere_review,1900–1960,bokheim:curation:4d24af59-aa33-540e-b8b0-c561217ab8c3
American,unified:11e637ca-b753-50aa-8d1c-bfccf82ceb6e,PS3552U75,5,elsewhere_review,1961–2000,bokheim:curation:eea452b2-e068-51a0-9f67-aebfdad03ed7
American,unified:11e637ca-b753-50aa-8d1c-bfccf82ceb6e,PS3554.E4425W48,5,elsewhere_review,1961–2000,bokheim:curation:eea452b2-e068-51a0-9f67-aebfdad03ed7
American,unified:11e637ca-b753-50aa-8d1c-bfccf82ceb6e,PS3554.H27,5,elsewhere_review,1961–2000,bokheim:curation:eea452b2-e068-51a0-9f67-aebfdad03ed7
American,unified:11e637ca-b753-50aa-8d1c-bfccf82ceb6e,PS3554.O32,5,elsewhere_review,1961–2000,bokheim:curation:eea452b2-e068-51a0-9f67-aebfdad03ed7
American,unified:11e637ca-b753-50aa-8d1c-bfccf82ceb6e,PS3557.O753A6,5,elsewhere_review,1961–2000,bokheim:curation:eea452b2-e068-51a0-9f67-aebfdad03ed7
American,unified:11e637ca-b753-50aa-8d1c-bfccf82ceb6e,PS3561.I4813B44,5,elsewhere_review,1961–2000,bokheim:curation:eea452b2-e068-51a0-9f67-aebfdad03ed7
American,unified:11e637ca-b753-50aa-8d1c-bfccf82ceb6e,PS3561.I483D5,5,elsewhere_review,1961–2000,bokheim:curation:eea452b2-e068-51a0-9f67-aebfdad03ed7
American,unified:11e637ca-b753-50aa-8d1c-bfccf82ceb6e,PS3561.I483E9,5,elsewhere_review,1961–2000,bokheim:curation:eea452b2-e068-51a0-9f67-aebfdad03ed7
American,unified:11e637ca-b753-50aa-8d1c-bfccf82ceb6e,PS3561.I483G86,5,elsewhere_review,1961–2000,bokheim:curation:eea452b2-e068-51a0-9f67-aebfdad03ed7
American,unified:11e637ca-b753-50aa-8d1c-bfccf82ceb6e,PS3569.E28,5,elsewhere_review,1961–2000,bokheim:curation:eea452b2-e068-51a0-9f67-aebfdad03ed7
American,unified:11e637ca-b753-50aa-8d1c-bfccf82ceb6e,PS3569.M538,5,elsewhere_review,1961–2000,bokheim:curation:eea452b2-e068-51a0-9f67-aebfdad03ed7
American,unified:11e637ca-b753-50aa-8d1c-bfccf82ceb6e,PS3573.E3979,5,elsewhere_review,1961–2000,bokheim:curation:eea452b2-e068-51a0-9f67-aebfdad03ed7
American,unified:11e637ca-b753-50aa-8d1c-bfccf82ceb6e,PS3573.O39,5,elsewhere_review,1961–2000,bokheim:curation:eea452b2-e068-51a0-9f67-aebfdad03ed7
American,unified:11e637ca-b753-50aa-8d1c-bfccf82ceb6e,PS3511.A738A6,4,elsewhere_review,1900–1960,bokheim:curation:4d24af59-aa33-540e-b8b0-c561217ab8c3
American,unified:11e637ca-b753-50aa-8d1c-bfccf82ceb6e,PS3537.T323T39,4,elsewhere_review,1900–1960,bokheim:curation:4d24af59-aa33-540e-b8b0-c561217ab8c3
American,unified:11e637ca-b753-50aa-8d1c-bfccf82ceb6e,PS3537.T323Z96,4,elsewhere_review,1900–1960,bokheim:curation:4d24af59-aa33-540e-b8b0-c561217ab8c3
American,unified:11e637ca-b753-50aa-8d1c-bfccf82ceb6e,PS3545.H16R4,4,elsewhere_review,1900–1960,bokheim:curation:4d24af59-aa33-540e-b8b0-c561217ab8c3
American,unified:11e637ca-b753-50aa-8d1c-bfccf82ceb6e,PS3545.H75,4,elsewhere_review,1900–1960,bokheim:curation:4d24af59-aa33-540e-b8b0-c561217ab8c3
American,unified:11e637ca-b753-50aa-8d1c-bfccf82ceb6e,PS3552.A583A6,4,elsewhere_review,1961–2000,bokheim:curation:eea452b2-e068-51a0-9f67-aebfdad03ed7
American,unified:11e637ca-b753-50aa-8d1c-bfccf82ceb6e,PS3552.A59177,4,elsewhere_review,1961–2000,bokheim:curation:eea452b2-e068-51a0-9f67-aebfdad03ed7
American,unified:11e637ca-b753-50aa-8d1c-bfccf82ceb6e,PS3552.O754,4,elsewhere_review,1961–2000,bokheim:curation:eea452b2-e068-51a0-9f67-aebfdad03ed7
American,unified:11e637ca-b753-50aa-8d1c-bfccf82ceb6e,PS3552.O79,4,elsewhere_review,1961–2000,bokheim:curation:eea452b2-e068-51a0-9f67-aebfdad03ed7
American,unified:11e637ca-b753-50aa-8d1c-bfccf82ceb6e,PS3557.R2918,4,elsewhere_review,1961–2000,bokheim:curation:eea452b2-e068-51a0-9f67-aebfdad03ed7
American,unified:11e637ca-b753-50aa-8d1c-bfccf82ceb6e,PS3558.I45A6,4,elsewhere_review,1961–2000,bokheim:curation:eea452b2-e068-51a0-9f67-aebfdad03ed7
American,unified:11e637ca-b753-50aa-8d1c-bfccf82ceb6e,PS3561.I483D374,4,elsewhere_review,1961–2000,bokheim:curation:eea452b2-e068-51a0-9f67-aebfdad03ed7
American,unified:11e637ca-b753-50aa-8d1c-bfccf82ceb6e,PS3561.I483D63,4,elsewhere_review,1961–2000,bokheim:curation:eea452b2-e068-51a0-9f67-aebfdad03ed7
American,unified:11e637ca-b753-50aa-8d1c-bfccf82ceb6e,PS3561.I483I8,4,elsewhere_review,1961–2000,bokheim:curation:eea452b2-e068-51a0-9f67-aebfdad03ed7
American,unified:11e637ca-b753-50aa-8d1c-bfccf82ceb6e,PS3561.I483W37,4,elsewhere_review,1961–2000,bokheim:curation:eea452b2-e068-51a0-9f67-aebfdad03ed7
American,unified:11e637ca-b753-50aa-8d1c-bfccf82ceb6e,PS3562.E9468,4,elsewhere_review,1961–2000,bokheim:curation:eea452b2-e068-51a0-9f67-aebfdad03ed7
American,unified:11e637ca-b753-50aa-8d1c-bfccf82ceb6e,PS3562.O75S5,4,elsewhere_review,1961–2000,bokheim:curation:eea452b2-e068-51a0-9f67-aebfdad03ed7
American,unified:11e637ca-b753-50aa-8d1c-bfccf82ceb6e,PS3562.U26B68,4,elsewhere_review,1961–2000,bokheim:curation:eea452b2-e068-51a0-9f67-aebfdad03ed7
American,unified:11e637ca-b753-50aa-8d1c-bfccf82ceb6e,PS3563.O517,4,elsewhere_review,1961–2000,bokheim:curation:eea452b2-e068-51a0-9f67-aebfdad03ed7
American,unified:11e637ca-b753-50aa-8d1c-bfccf82ceb6e,PS3566.A34D48,4,elsewhere_review,1961–2000,bokheim:curation:eea452b2-e068-51a0-9f67-aebfdad03ed7
American,unified:11e637ca-b753-50aa-8d1c-bfccf82ceb6e,PS3568.A4964,4,elsewhere_review,1961–2000,bokheim:curation:eea452b2-e068-51a0-9f67-aebfdad03ed7
American,unified:11e637ca-b753-50aa-8d1c-bfccf82ceb6e,PS3568.O873,4,elsewhere_review,1961–2000,bokheim:curation:eea452b2-e068-51a0-9f67-aebfdad03ed7
American,unified:11e637ca-b753-50aa-8d1c-bfccf82ceb6e,PS3569.I57,4,elsewhere_review,1961–2000,bokheim:curation:eea452b2-e068-51a0-9f67-aebfdad03ed7
American,unified:11e637ca-b753-50aa-8d1c-bfccf82ceb6e,PS3570.H58T9,4,elsewhere_review,1961–2000,bokheim:curation:eea452b2-e068-51a0-9f67-aebfdad03ed7
American,unified:11e637ca-b753-50aa-8d1c-bfccf82ceb6e,PS3570.I3377,4,elsewhere_review,1961–2000,bokheim:curation:eea452b2-e068-51a0-9f67-aebfdad03ed7
American,unified:11e637ca-b753-50aa-8d1c-bfccf82ceb6e,PS3511.A87F35,3,elsewhere_review,1900–1960,bokheim:curation:4d24af59-aa33-540e-b8b0-c561217ab8c3
American,unified:11e637ca-b753-50aa-8d1c-bfccf82ceb6e,PS3511R94,3,elsewhere_review,1900–1960,bokheim:curation:4d24af59-aa33-540e-b8b0-c561217ab8c3
American,unified:11e637ca-b753-50aa-8d1c-bfccf82ceb6e,PS3537.T2687,3,elsewhere_review,1900–1960,bokheim:curation:4d24af59-aa33-540e-b8b0-c561217ab8c3
American,unified:11e637ca-b753-50aa-8d1c-bfccf82ceb6e,PS3537.T323Z548,3,elsewhere_review,1900–1960,bokheim:curation:4d24af59-aa33-540e-b8b0-c561217ab8c3
American,unified:11e637ca-b753-50aa-8d1c-bfccf82ceb6e,PS3537.T323Z7137,3,elsewhere_review,1900–1960,bokheim:curation:4d24af59-aa33-540e-b8b0-c561217ab8c3
American,unified:11e637ca-b753-50aa-8d1c-bfccf82ceb6e,PS3537.T667,3,elsewhere_review,1900–1960,bokheim:curation:4d24af59-aa33-540e-b8b0-c561217ab8c3
American,unified:11e637ca-b753-50aa-8d1c-bfccf82ceb6e,PS3545.H16B83,3,elsewhere_review,1900–1960,bokheim:curation:4d24af59-aa33-540e-b8b0-c561217ab8c3
American,unified:11e637ca-b753-50aa-8d1c-bfccf82ceb6e,PS3545.H16O43,3,elsewhere_review,1900–1960,bokheim:curation:4d24af59-aa33-540e-b8b0-c561217ab8c3
American,unified:11e637ca-b753-50aa-8d1c-bfccf82ceb6e,PS3545.H16T68,3,elsewhere_review,1900–1960,bokheim:curation:4d24af59-aa33-540e-b8b0-c561217ab8c3
American,unified:11e637ca-b753-50aa-8d1c-bfccf82ceb6e,PS3545.I175,3,elsewhere_review,1900–1960,bokheim:curation:4d24af59-aa33-540e-b8b0-c561217ab8c3
American,unified:11e637ca-b753-50aa-8d1c-bfccf82ceb6e,PS3545.O742,3,elsewhere_review,1900–1960,bokheim:curation:4d24af59-aa33-540e-b8b0-c561217ab8c3
American,unified:11e637ca-b753-50aa-8d1c-bfccf82ceb6e,PS3552.A4733,3,elsewhere_review,1961–2000,bokheim:curation:eea452b2-e068-51a0-9f67-aebfdad03ed7
American,unified:11e637ca-b753-50aa-8d1c-bfccf82ceb6e,PS3552.E345,3,elsewhere_review,1961–2000,bokheim:curation:eea452b2-e068-51a0-9f67-aebfdad03ed7
American,unified:11e637ca-b753-50aa-8d1c-bfccf82ceb6e,PS3552.L63B88,3,elsewhere_review,1961–2000,bokheim:curation:eea452b2-e068-51a0-9f67-aebfdad03ed7
American,unified:11e637ca-b753-50aa-8d1c-bfccf82ceb6e,PS3552.L63T36,3,elsewhere_review,1961–2000,bokheim:curation:eea452b2-e068-51a0-9f67-aebfdad03ed7
American,unified:11e637ca-b753-50aa-8d1c-bfccf82ceb6e,PS3552.U75A6,3,elsewhere_review,1961–2000,bokheim:curation:eea452b2-e068-51a0-9f67-aebfdad03ed7
American,unified:11e637ca-b753-50aa-8d1c-bfccf82ceb6e,PS3553.R48N48,3,elsewhere_review,1961–2000,bokheim:curation:eea452b2-e068-51a0-9f67-aebfdad03ed7
American,unified:11e637ca-b753-50aa-8d1c-bfccf82ceb6e,PS3553.R48P74,3,elsewhere_review,1961–2000,bokheim:curation:eea452b2-e068-51a0-9f67-aebfdad03ed7
American,unified:11e637ca-b753-50aa-8d1c-bfccf82ceb6e,PS3554.I223,3,elsewhere_review,1961–2000,bokheim:curation:eea452b2-e068-51a0-9f67-aebfdad03ed7
American,unified:11e637ca-b753-50aa-8d1c-bfccf82ceb6e,PS3556.A87,3,elsewhere_review,1961–2000,bokheim:curation:eea452b2-e068-51a0-9f67-aebfdad03ed7
American,unified:11e637ca-b753-50aa-8d1c-bfccf82ceb6e,PS3556.I93,3,elsewhere_review,1961–2000,bokheim:curation:eea452b2-e068-51a0-9f67-aebfdad03ed7
American,unified:11e637ca-b753-50aa-8d1c-bfccf82ceb6e,PS3557.R188,3,elsewhere_review,1961–2000,bokheim:curation:eea452b2-e068-51a0-9f67-aebfdad03ed7
American,unified:11e637ca-b753-50aa-8d1c-bfccf82ceb6e,PS3557.R489137A6,3,elsewhere_review,1961–2000,bokheim:curation:eea452b2-e068-51a0-9f67-aebfdad03ed7
American,unified:11e637ca-b753-50aa-8d1c-bfccf82ceb6e,PS3557.R489137S4,3,elsewhere_review,1961–2000,bokheim:curation:eea452b2-e068-51a0-9f67-aebfdad03ed7
American,unified:11e637ca-b753-50aa-8d1c-bfccf82ceb6e,PS3558.A6558S5,3,elsewhere_review,1961–2000,bokheim:curation:eea452b2-e068-51a0-9f67-aebfdad03ed7
American,unified:11e637ca-b753-50aa-8d1c-bfccf82ceb6e,PS3558.I366A6,3,elsewhere_review,1961–2000,bokheim:curation:eea452b2-e068-51a0-9f67-aebfdad03ed7
American,unified:11e637ca-b753-50aa-8d1c-bfccf82ceb6e,PS3558.I366B69,3,elsewhere_review,1961–2000,bokheim:curation:eea452b2-e068-51a0-9f67-aebfdad03ed7
American,unified:11e637ca-b753-50aa-8d1c-bfccf82ceb6e,PS3558.I366L5,3,elsewhere_review,1961–2000,bokheim:curation:eea452b2-e068-51a0-9f67-aebfdad03ed7
American,unified:11e637ca-b753-50aa-8d1c-bfccf82ceb6e,PS3558.I366P7,3,elsewhere_review,1961–2000,bokheim:curation:eea452b2-e068-51a0-9f67-aebfdad03ed7
American,unified:11e637ca-b753-50aa-8d1c-bfccf82ceb6e,PS3558.I45T47,3,elsewhere_review,1961–2000,bokheim:curation:eea452b2-e068-51a0-9f67-aebfdad03ed7
American,unified:11e637ca-b753-50aa-8d1c-bfccf82ceb6e,PS3558I366,3,elsewhere_review,1961–2000,bokheim:curation:eea452b2-e068-51a0-9f67-aebfdad03ed7
American,unified:11e637ca-b753-50aa-8d1c-bfccf82ceb6e,PS3561.A41785,3,elsewhere_review,1961–2000,bokheim:curation:eea452b2-e068-51a0-9f67-aebfdad03ed7
American,unified:11e637ca-b753-50aa-8d1c-bfccf82ceb6e,PS3561.E3975S5,3,elsewhere_review,1961–2000,bokheim:curation:eea452b2-e068-51a0-9f67-aebfdad03ed7
American,unified:11e637ca-b753-50aa-8d1c-bfccf82ceb6e,PS3561.I483A6,3,elsewhere_review,1961–2000,bokheim:curation:eea452b2-e068-51a0-9f67-aebfdad03ed7
American,unified:11e637ca-b753-50aa-8d1c-bfccf82ceb6e,PS3561.I483A615,3,elsewhere_review,1961–2000,bokheim:curation:eea452b2-e068-51a0-9f67-aebfdad03ed7
American,unified:11e637ca-b753-50aa-8d1c-bfccf82ceb6e,PS3561.I483D4,3,elsewhere_review,1961–2000,bokheim:curation:eea452b2-e068-51a0-9f67-aebfdad03ed7
American,unified:11e637ca-b753-50aa-8d1c-bfccf82ceb6e,PS3561.I483D65,3,elsewhere_review,1961–2000,bokheim:curation:eea452b2-e068-51a0-9f67-aebfdad03ed7
American,unified:11e637ca-b753-50aa-8d1c-bfccf82ceb6e,PS3561.I483D74,3,elsewhere_review,1961–2000,bokheim:curation:eea452b2-e068-51a0-9f67-aebfdad03ed7
American,unified:11e637ca-b753-50aa-8d1c-bfccf82ceb6e,PS3561.I483G57,3,elsewhere_review,1961–2000,bokheim:curation:eea452b2-e068-51a0-9f67-aebfdad03ed7
American,unified:11e637ca-b753-50aa-8d1c-bfccf82ceb6e,PS3561.I483S5,3,elsewhere_review,1961–2000,bokheim:curation:eea452b2-e068-51a0-9f67-aebfdad03ed7
American,unified:11e637ca-b753-50aa-8d1c-bfccf82ceb6e,PS3561.I483S7,3,elsewhere_review,1961–2000,bokheim:curation:eea452b2-e068-51a0-9f67-aebfdad03ed7
American,unified:11e637ca-b753-50aa-8d1c-bfccf82ceb6e,PS3561.I483U53,3,elsewhere_review,1961–2000,bokheim:curation:eea452b2-e068-51a0-9f67-aebfdad03ed7
American,unified:11e637ca-b753-50aa-8d1c-bfccf82ceb6e,PS3561.I483W59,3,elsewhere_review,1961–2000,bokheim:curation:eea452b2-e068-51a0-9f67-aebfdad03ed7
American,unified:11e637ca-b753-50aa-8d1c-bfccf82ceb6e,PS3561.I483Z88,3,elsewhere_review,1961–2000,bokheim:curation:eea452b2-e068-51a0-9f67-aebfdad03ed7
American,unified:11e637ca-b753-50aa-8d1c-bfccf82ceb6e,PS3561.N65A6,3,elsewhere_review,1961–2000,bokheim:curation:eea452b2-e068-51a0-9f67-aebfdad03ed7
American,unified:11e637ca-b753-50aa-8d1c-bfccf82ceb6e,PS3561.U23,3,elsewhere_review,1961–2000,bokheim:curation:eea452b2-e068-51a0-9f67-aebfdad03ed7
American,unified:11e637ca-b753-50aa-8d1c-bfccf82ceb6e,PS3562.A865M97,3,elsewhere_review,1961–2000,bokheim:curation:eea452b2-e068-51a0-9f67-aebfdad03ed7
American,unified:11e637ca-b753-50aa-8d1c-bfccf82ceb6e,PS3562.A865P3,3,elsewhere_review,1961–2000,bokheim:curation:eea452b2-e068-51a0-9f67-aebfdad03ed7
American,unified:11e637ca-b753-50aa-8d1c-bfccf82ceb6e,PS3562.A865S55,3,elsewhere_review,1961–2000,bokheim:curation:eea452b2-e068-51a0-9f67-aebfdad03ed7
American,unified:11e637ca-b753-50aa-8d1c-bfccf82ceb6e,PS3562.U26B685,3,elsewhere_review,1961–2000,bokheim:curation:eea452b2-e068-51a0-9f67-aebfdad03ed7
American,unified:11e637ca-b753-50aa-8d1c-bfccf82ceb6e,PS3563.I2733,3,elsewhere_review,1961–2000,bokheim:curation:eea452b2-e068-51a0-9f67-aebfdad03ed7
American,unified:11e637ca-b753-50aa-8d1c-bfccf82ceb6e,PS3563.I379,3,elsewhere_review,1961–2000,bokheim:curation:eea452b2-e068-51a0-9f67-aebfdad03ed7
American,unified:11e637ca-b753-50aa-8d1c-bfccf82ceb6e,PS3563.O7717I9,3,elsewhere_review,1961–2000,bokheim:curation:eea452b2-e068-51a0-9f67-aebfdad03ed7
American,unified:11e637ca-b753-50aa-8d1c-bfccf82ceb6e,PS3566.A34G83,3,elsewhere_review,1961–2000,bokheim:curation:eea452b2-e068-51a0-9f67-aebfdad03ed7
American,unified:11e637ca-b753-50aa-8d1c-bfccf82ceb6e,PS3566.A34R44,3,elsewhere_review,1961–2000,bokheim:curation:eea452b2-e068-51a0-9f67-aebfdad03ed7
American,unified:11e637ca-b753-50aa-8d1c-bfccf82ceb6e,PS3566.O36S6,3,elsewhere_review,1961–2000,bokheim:curation:eea452b2-e068-51a0-9f67-aebfdad03ed7
American,unified:11e637ca-b753-50aa-8d1c-bfccf82ceb6e,PS3566.R67A6,3,elsewhere_review,1961–2000,bokheim:curation:eea452b2-e068-51a0-9f67-aebfdad03ed7
American,unified:11e637ca-b753-50aa-8d1c-bfccf82ceb6e,PS3568.A497,3,elsewhere_review,1961–2000,bokheim:curation:eea452b2-e068-51a0-9f67-aebfdad03ed7
American,unified:11e637ca-b753-50aa-8d1c-bfccf82ceb6e,PS3568.I265P36,3,elsewhere_review,1961–2000,bokheim:curation:eea452b2-e068-51a0-9f67-aebfdad03ed7
American,unified:11e637ca-b753-50aa-8d1c-bfccf82ceb6e,PS3568.O198G5,3,elsewhere_review,1961–2000,bokheim:curation:eea452b2-e068-51a0-9f67-aebfdad03ed7
American,unified:11e637ca-b753-50aa-8d1c-bfccf82ceb6e,PS3568.O198R5,3,elsewhere_review,1961–2000,bokheim:curation:eea452b2-e068-51a0-9f67-aebfdad03ed7
American,unified:11e637ca-b753-50aa-8d1c-bfccf82ceb6e,PS3568.O243H68,3,elsewhere_review,1961–2000,bokheim:curation:eea452b2-e068-51a0-9f67-aebfdad03ed7
American,unified:11e637ca-b753-50aa-8d1c-bfccf82ceb6e,PS3568.O243I56,3,elsewhere_review,1961–2000,bokheim:curation:eea452b2-e068-51a0-9f67-aebfdad03ed7
American,unified:11e637ca-b753-50aa-8d1c-bfccf82ceb6e,PS3568.O243K49,3,elsewhere_review,1961–2000,bokheim:curation:eea452b2-e068-51a0-9f67-aebfdad03ed7
American,unified:11e637ca-b753-50aa-8d1c-bfccf82ceb6e,PS3568.O243M536,3,elsewhere_review,1961–2000,bokheim:curation:eea452b2-e068-51a0-9f67-aebfdad03ed7
American,unified:11e637ca-b753-50aa-8d1c-bfccf82ceb6e,PS3569.H3928,3,elsewhere_review,1961–2000,bokheim:curation:eea452b2-e068-51a0-9f67-aebfdad03ed7
American,unified:11e637ca-b753-50aa-8d1c-bfccf82ceb6e,PS3569.P25,3,elsewhere_review,1961–2000,bokheim:curation:eea452b2-e068-51a0-9f67-aebfdad03ed7
American,unified:11e637ca-b753-50aa-8d1c-bfccf82ceb6e,PS3570.H58A72,3,elsewhere_review,1961–2000,bokheim:curation:eea452b2-e068-51a0-9f67-aebfdad03ed7
American,unified:11e637ca-b753-50aa-8d1c-bfccf82ceb6e,PS3570.H58O9,3,elsewhere_review,1961–2000,bokheim:curation:eea452b2-e068-51a0-9f67-aebfdad03ed7
American,unified:11e637ca-b753-50aa-8d1c-bfccf82ceb6e,PS3570.I66M637,3,elsewhere_review,1961–2000,bokheim:curation:eea452b2-e068-51a0-9f67-aebfdad03ed7
American,unified:11e637ca-b753-50aa-8d1c-bfccf82ceb6e,PS3573.E9F57,3,elsewhere_review,1961–2000,bokheim:curation:eea452b2-e068-51a0-9f67-aebfdad03ed7
American,unified:11e637ca-b753-50aa-8d1c-bfccf82ceb6e,PS3573.O5877P76,3,elsewhere_review,1961–2000,bokheim:curation:eea452b2-e068-51a0-9f67-aebfdad03ed7
American,unified:11e637ca-b753-50aa-8d1c-bfccf82ceb6e,PS3511.A738F33,2,elsewhere_review,1900–1960,bokheim:curation:4d24af59-aa33-540e-b8b0-c561217ab8c3
American,unified:11e637ca-b753-50aa-8d1c-bfccf82ceb6e,PS3511.A738N62,2,elsewhere_review,1900–1960,bokheim:curation:4d24af59-aa33-540e-b8b0-c561217ab8c3
American,unified:11e637ca-b753-50aa-8d1c-bfccf82ceb6e,PS3511.A738W67,2,elsewhere_review,1900–1960,bokheim:curation:4d24af59-aa33-540e-b8b0-c561217ab8c3
American,unified:11e637ca-b753-50aa-8d1c-bfccf82ceb6e,PS3511.A738Y685,2,elsewhere_review,1900–1960,bokheim:curation:4d24af59-aa33-540e-b8b0-c561217ab8c3
American,unified:11e637ca-b753-50aa-8d1c-bfccf82ceb6e,PS3511.A784B86,2,elsewhere_review,1900–1960,bokheim:curation:4d24af59-aa33-540e-b8b0-c561217ab8c3
American,unified:11e637ca-b753-50aa-8d1c-bfccf82ceb6e,PS3511.A784E7,2,elsewhere_review,1900–1960,bokheim:curation:4d24af59-aa33-540e-b8b0-c561217ab8c3
American,unified:11e637ca-b753-50aa-8d1c-bfccf82ceb6e,PS3511.A784I4,2,elsewhere_review,1900–1960,bokheim:curation:4d24af59-aa33-540e-b8b0-c561217ab8c3
American,unified:11e637ca-b753-50aa-8d1c-bfccf82ceb6e,PS3511.A784Z464,2,elsewhere_review,1900–1960,bokheim:curation:4d24af59-aa33-540e-b8b0-c561217ab8c3
American,unified:11e637ca-b753-50aa-8d1c-bfccf82ceb6e,PS3511.A87F47,2,elsewhere_review,1900–1960,bokheim:curation:4d24af59-aa33-540e-b8b0-c561217ab8c3
American,unified:11e637ca-b753-50aa-8d1c-bfccf82ceb6e,PS3511.A87G47,2,elsewhere_review,1900–1960,bokheim:curation:4d24af59-aa33-540e-b8b0-c561217ab8c3
American,unified:11e637ca-b753-50aa-8d1c-bfccf82ceb6e,PS3511.A87L47,2,elsewhere_review,1900–1960,bokheim:curation:4d24af59-aa33-540e-b8b0-c561217ab8c3
American,unified:11e637ca-b753-50aa-8d1c-bfccf82ceb6e,PS3511.A87L48,2,elsewhere_review,1900–1960,bokheim:curation:4d24af59-aa33-540e-b8b0-c561217ab8c3
American,unified:11e637ca-b753-50aa-8d1c-bfccf82ceb6e,PS3511.R94B6,2,elsewhere_review,1900–1960,bokheim:curation:4d24af59-aa33-540e-b8b0-c561217ab8c3
American,unified:11e637ca-b753-50aa-8d1c-bfccf82ceb6e,PS3511.R94M6,2,elsewhere_review,1900–1960,bokheim:curation:4d24af59-aa33-540e-b8b0-c561217ab8c3
American,unified:11e637ca-b753-50aa-8d1c-bfccf82ceb6e,PS3511.R94N4,2,elsewhere_review,1900–1960,bokheim:curation:4d24af59-aa33-540e-b8b0-c561217ab8c3
American,unified:11e637ca-b753-50aa-8d1c-bfccf82ceb6e,PS3511.R94Z48,2,elsewhere_review,1900–1960,bokheim:curation:4d24af59-aa33-540e-b8b0-c561217ab8c3
American,unified:11e637ca-b753-50aa-8d1c-bfccf82ceb6e,PS3511.R94Z7426,2,elsewhere_review,1900–1960,bokheim:curation:4d24af59-aa33-540e-b8b0-c561217ab8c3
American,unified:11e637ca-b753-50aa-8d1c-bfccf82ceb6e,PS3511.R94Z9156,2,elsewhere_review,1900–1960,bokheim:curation:4d24af59-aa33-540e-b8b0-c561217ab8c3
American,unified:11e637ca-b753-50aa-8d1c-bfccf82ceb6e,PS3537.H12,2,elsewhere_review,1900–1960,bokheim:curation:4d24af59-aa33-540e-b8b0-c561217ab8c3
American,unified:11e637ca-b753-50aa-8d1c-bfccf82ceb6e,PS3537.H3,2,elsewhere_review,1900–1960,bokheim:curation:4d24af59-aa33-540e-b8b0-c561217ab8c3
American,unified:11e637ca-b753-50aa-8d1c-bfccf82ceb6e,PS3537.H62,2,elsewhere_review,1900–1960,bokheim:curation:4d24af59-aa33-540e-b8b0-c561217ab8c3
American,unified:11e637ca-b753-50aa-8d1c-bfccf82ceb6e,PS3537.I85J988,2,elsewhere_review,1900–1960,bokheim:curation:4d24af59-aa33-540e-b8b0-c561217ab8c3
American,unified:11e637ca-b753-50aa-8d1c-bfccf82ceb6e,PS3537.I85M33,2,elsewhere_review,1900–1960,bokheim:curation:4d24af59-aa33-540e-b8b0-c561217ab8c3
American,unified:11e637ca-b753-50aa-8d1c-bfccf82ceb6e,PS3537.I85M5,2,elsewhere_review,1900–1960,bokheim:curation:4d24af59-aa33-540e-b8b0-c561217ab8c3
American,unified:11e637ca-b753-50aa-8d1c-bfccf82ceb6e,PS3537.P652A6,2,elsewhere_review,1900–1960,bokheim:curation:4d24af59-aa33-540e-b8b0-c561217ab8c3
American,unified:11e637ca-b753-50aa-8d1c-bfccf82ceb6e,PS3537.Q68,2,elsewhere_review,1900–1960,bokheim:curation:4d24af59-aa33-540e-b8b0-c561217ab8c3
American,unified:11e637ca-b753-50aa-8d1c-bfccf82ceb6e,PS3537.T112,2,elsewhere_review,1900–1960,bokheim:curation:4d24af59-aa33-540e-b8b0-c561217ab8c3
American,unified:11e637ca-b753-50aa-8d1c-bfccf82ceb6e,PS3537.T2687Z63,2,elsewhere_review,1900–1960,bokheim:curation:4d24af59-aa33-540e-b8b0-c561217ab8c3
American,unified:11e637ca-b753-50aa-8d1c-bfccf82ceb6e,PS3537.T323G4,2,elsewhere_review,1900–1960,bokheim:curation:4d24af59-aa33-540e-b8b0-c561217ab8c3
American,unified:11e637ca-b753-50aa-8d1c-bfccf82ceb6e,PS3537.T323H6,2,elsewhere_review,1900–1960,bokheim:curation:4d24af59-aa33-540e-b8b0-c561217ab8c3
American,unified:11e637ca-b753-50aa-8d1c-bfccf82ceb6e,PS3537.T323T4,2,elsewhere_review,1900–1960,bokheim:curation:4d24af59-aa33-540e-b8b0-c561217ab8c3
American,unified:11e637ca-b753-50aa-8d1c-bfccf82ceb6e,PS3537.T323Z46,2,elsewhere_review,1900–1960,bokheim:curation:4d24af59-aa33-540e-b8b0-c561217ab8c3
American,unified:11e637ca-b753-50aa-8d1c-bfccf82ceb6e,PS3537.T323Z5475,2,elsewhere_review,1900–1960,bokheim:curation:4d24af59-aa33-540e-b8b0-c561217ab8c3
American,unified:11e637ca-b753-50aa-8d1c-bfccf82ceb6e,PS3537.T323Z5885,2,elsewhere_review,1900–1960,bokheim:curation:4d24af59-aa33-540e-b8b0-c561217ab8c3
American,unified:11e637ca-b753-50aa-8d1c-bfccf82ceb6e,PS3537.T323Z698,2,elsewhere_review,1900–1960,bokheim:curation:4d24af59-aa33-540e-b8b0-c561217ab8c3
American,unified:11e637ca-b753-50aa-8d1c-bfccf82ceb6e,PS3537.T323Z8213,2,elsewhere_review,1900–1960,bokheim:curation:4d24af59-aa33-540e-b8b0-c561217ab8c3
American,unified:11e637ca-b753-50aa-8d1c-bfccf82ceb6e,PS3537.T323Z927,2,elsewhere_review,1900–1960,bokheim:curation:4d24af59-aa33-540e-b8b0-c561217ab8c3
American,unified:11e637ca-b753-50aa-8d1c-bfccf82ceb6e,PS3537.T3533S75,2,elsewhere_review,1900–1960,bokheim:curation:4d24af59-aa33-540e-b8b0-c561217ab8c3
American,unified:11e637ca-b753-50aa-8d1c-bfccf82ceb6e,PS3537.T479B6,2,elsewhere_review,1900–1960,bokheim:curation:4d24af59-aa33-540e-b8b0-c561217ab8c3
American,unified:11e637ca-b753-50aa-8d1c-bfccf82ceb6e,PS3537.T479Z46,2,elsewhere_review,1900–1960,bokheim:curation:4d24af59-aa33-540e-b8b0-c561217ab8c3
American,unified:11e637ca-b753-50aa-8d1c-bfccf82ceb6e,PS3537.T817Z85,2,elsewhere_review,1900–1960,bokheim:curation:4d24af59-aa33-540e-b8b0-c561217ab8c3
American,unified:11e637ca-b753-50aa-8d1c-bfccf82ceb6e,PS3537.U53,2,elsewhere_review,1900–1960,bokheim:curation:4d24af59-aa33-540e-b8b0-c561217ab8c3
American,unified:11e637ca-b753-50aa-8d1c-bfccf82ceb6e,PS3537.U946,2,elsewhere_review,1900–1960,bokheim:curation:4d24af59-aa33-540e-b8b0-c561217ab8c3
American,unified:11e637ca-b753-50aa-8d1c-bfccf82ceb6e,PS3545.H16G57,2,elsewhere_review,1900–1960,bokheim:curation:4d24af59-aa33-540e-b8b0-c561217ab8c3
American,unified:11e637ca-b753-50aa-8d1c-bfccf82ceb6e,PS3545.H16Z686,2,elsewhere_review,1900–1960,bokheim:curation:4d24af59-aa33-540e-b8b0-c561217ab8c3
American,unified:11e637ca-b753-50aa-8d1c-bfccf82ceb6e,PS3545.H16Z747,2,elsewhere_review,1900–1960,bokheim:curation:4d24af59-aa33-540e-b8b0-c561217ab8c3
American,unified:11e637ca-b753-50aa-8d1c-bfccf82ceb6e,PS3545.H16Z753,2,elsewhere_review,1900–1960,bokheim:curation:4d24af59-aa33-540e-b8b0-c561217ab8c3
American,unified:11e637ca-b753-50aa-8d1c-bfccf82ceb6e,PS3545.H16Z756,2,elsewhere_review,1900–1960,bokheim:curation:4d24af59-aa33-540e-b8b0-c561217ab8c3
American,unified:11e637ca-b753-50aa-8d1c-bfccf82ceb6e,PS3545.H16Z88,2,elsewhere_review,1900–1960,bokheim:curation:4d24af59-aa33-540e-b8b0-c561217ab8c3
American,unified:11e637ca-b753-50aa-8d1c-bfccf82ceb6e,PS3545.H2895P89,2,elsewhere_review,1900–1960,bokheim:curation:4d24af59-aa33-540e-b8b0-c561217ab8c3
American,unified:11e637ca-b753-50aa-8d1c-bfccf82ceb6e,PS3545.H83,2,elsewhere_review,1900–1960,bokheim:curation:4d24af59-aa33-540e-b8b0-c561217ab8c3
American,unified:11e637ca-b753-50aa-8d1c-bfccf82ceb6e,PS3545.I342Z415,2,elsewhere_review,1900–1960,bokheim:curation:4d24af59-aa33-540e-b8b0-c561217ab8c3
American,unified:11e637ca-b753-50aa-8d1c-bfccf82ceb6e,PS3545.I342Z46,2,elsewhere_review,1900–1960,bokheim:curation:4d24af59-aa33-540e-b8b0-c561217ab8c3
American,unified:11e637ca-b753-50aa-8d1c-bfccf82ceb6e,PS3545.I342Z58,2,elsewhere_review,1900–1960,bokheim:curation:4d24af59-aa33-540e-b8b0-c561217ab8c3
American,unified:11e637ca-b753-50aa-8d1c-bfccf82ceb6e,PS3545.I342Z73,2,elsewhere_review,1900–1960,bokheim:curation:4d24af59-aa33-540e-b8b0-c561217ab8c3
American,unified:11e637ca-b753-50aa-8d1c-bfccf82ceb6e,PS3545.I342Z825,2,elsewhere_review,1900–1960,bokheim:curation:4d24af59-aa33-540e-b8b0-c561217ab8c3
American,unified:11e637ca-b753-50aa-8d1c-bfccf82ceb6e,PS3545.I342Z826,2,elsewhere_review,1900–1960,bokheim:curation:4d24af59-aa33-540e-b8b0-c561217ab8c3
American,unified:11e637ca-b753-50aa-8d1c-bfccf82ceb6e,PS3545.I342Z86,2,elsewhere_review,1900–1960,bokheim:curation:4d24af59-aa33-540e-b8b0-c561217ab8c3
American,unified:11e637ca-b753-50aa-8d1c-bfccf82ceb6e,PS3545.I342Z92,2,elsewhere_review,1900–1960,bokheim:curation:4d24af59-aa33-540e-b8b0-c561217ab8c3
American,unified:11e637ca-b753-50aa-8d1c-bfccf82ceb6e,PS3545.R45T47,2,elsewhere_review,1900–1960,bokheim:curation:4d24af59-aa33-540e-b8b0-c561217ab8c3
American,unified:11e637ca-b753-50aa-8d1c-bfccf82ceb6e,PS3545.R846C36,2,elsewhere_review,1900–1960,bokheim:curation:4d24af59-aa33-540e-b8b0-c561217ab8c3
American,unified:11e637ca-b753-50aa-8d1c-bfccf82ceb6e,PS3545.Y3,2,elsewhere_review,1900–1960,bokheim:curation:4d24af59-aa33-540e-b8b0-c561217ab8c3
American,unified:11e637ca-b753-50aa-8d1c-bfccf82ceb6e,PS3545H16,2,elsewhere_review,1900–1960,bokheim:curation:4d24af59-aa33-540e-b8b0-c561217ab8c3
American,unified:11e637ca-b753-50aa-8d1c-bfccf82ceb6e,PS3552.A4278F8,2,elsewhere_review,1961–2000,bokheim:curation:eea452b2-e068-51a0-9f67-aebfdad03ed7
American,unified:11e637ca-b753-50aa-8d1c-bfccf82ceb6e,PS3552.A4733B57,2,elsewhere_review,1961–2000,bokheim:curation:eea452b2-e068-51a0-9f67-aebfdad03ed7
American,unified:11e637ca-b753-50aa-8d1c-bfccf82ceb6e,PS3552.A583D834,2,elsewhere_review,1961–2000,bokheim:curation:eea452b2-e068-51a0-9f67-aebfdad03ed7
American,unified:11e637ca-b753-50aa-8d1c-bfccf82ceb6e,PS3552.A583Z884,2,elsewhere_review,1961–2000,bokheim:curation:eea452b2-e068-51a0-9f67-aebfdad03ed7
American,unified:11e637ca-b753-50aa-8d1c-bfccf82ceb6e,PS3552.I449,2,elsewhere_review,1961–2000,bokheim:curation:eea452b2-e068-51a0-9f67-aebfdad03ed7
American,unified:11e637ca-b753-50aa-8d1c-bfccf82ceb6e,PS3552.L63B86,2,elsewhere_review,1961–2000,bokheim:curation:eea452b2-e068-51a0-9f67-aebfdad03ed7
American,unified:11e637ca-b753-50aa-8d1c-bfccf82ceb6e,PS3552.L63H57,2,elsewhere_review,1961–2000,bokheim:curation:eea452b2-e068-51a0-9f67-aebfdad03ed7
American,unified:11e637ca-b753-50aa-8d1c-bfccf82ceb6e,PS3552.L63O9,2,elsewhere_review,1961–2000,bokheim:curation:eea452b2-e068-51a0-9f67-aebfdad03ed7
American,unified:11e637ca-b753-50aa-8d1c-bfccf82ceb6e,PS3552.L63T37,2,elsewhere_review,1961–2000,bokheim:curation:eea452b2-e068-51a0-9f67-aebfdad03ed7
American,unified:11e637ca-b753-50aa-8d1c-bfccf82ceb6e,PS3552.L63W35,2,elsewhere_review,1961–2000,bokheim:curation:eea452b2-e068-51a0-9f67-aebfdad03ed7
American,unified:11e637ca-b753-50aa-8d1c-bfccf82ceb6e,PS3552.O895P4,2,elsewhere_review,1961–2000,bokheim:curation:eea452b2-e068-51a0-9f67-aebfdad03ed7
American,unified:11e637ca-b753-50aa-8d1c-bfccf82ceb6e,PS3552.U4718C46,2,elsewhere_review,1961–2000,bokheim:curation:eea452b2-e068-51a0-9f67-aebfdad03ed7
American,unified:11e637ca-b753-50aa-8d1c-bfccf82ceb6e,PS3552.U4718F38,2,elsewhere_review,1961–2000,bokheim:curation:eea452b2-e068-51a0-9f67-aebfdad03ed7
American,unified:11e637ca-b753-50aa-8d1c-bfccf82ceb6e,PS3552.U4718H55,2,elsewhere_review,1961–2000,bokheim:curation:eea452b2-e068-51a0-9f67-aebfdad03ed7
American,unified:11e637ca-b753-50aa-8d1c-bfccf82ceb6e,PS3552.U4718R53,2,elsewhere_review,1961–2000,bokheim:curation:eea452b2-e068-51a0-9f67-aebfdad03ed7
American,unified:11e637ca-b753-50aa-8d1c-bfccf82ceb6e,PS3552.U4718U555,2,elsewhere_review,1961–2000,bokheim:curation:eea452b2-e068-51a0-9f67-aebfdad03ed7
American,unified:11e637ca-b753-50aa-8d1c-bfccf82ceb6e,PS3552.U4718W37,2,elsewhere_review,1961–2000,bokheim:curation:eea452b2-e068-51a0-9f67-aebfdad03ed7
American,unified:11e637ca-b753-50aa-8d1c-bfccf82ceb6e,PS3552.U7234,2,elsewhere_review,1961–2000,bokheim:curation:eea452b2-e068-51a0-9f67-aebfdad03ed7
American,unified:11e637ca-b753-50aa-8d1c-bfccf82ceb6e,PS3552.U75A63,2,elsewhere_review,1961–2000,bokheim:curation:eea452b2-e068-51a0-9f67-aebfdad03ed7
American,unified:11e637ca-b753-50aa-8d1c-bfccf82ceb6e,PS3552.U75C5,2,elsewhere_review,1961–2000,bokheim:curation:eea452b2-e068-51a0-9f67-aebfdad03ed7
American,unified:11e637ca-b753-50aa-8d1c-bfccf82ceb6e,PS3552.U75E63,2,elsewhere_review,1961–2000,bokheim:curation:eea452b2-e068-51a0-9f67-aebfdad03ed7
American,unified:11e637ca-b753-50aa-8d1c-bfccf82ceb6e,PS3552.U75I5,2,elsewhere_review,1961–2000,bokheim:curation:eea452b2-e068-51a0-9f67-aebfdad03ed7
American,unified:11e637ca-b753-50aa-8d1c-bfccf82ceb6e,PS3552.U75M9,2,elsewhere_review,1961–2000,bokheim:curation:eea452b2-e068-51a0-9f67-aebfdad03ed7
American,unified:11e637ca-b753-50aa-8d1c-bfccf82ceb6e,PS3552.U75Q8,2,elsewhere_review,1961–2000,bokheim:curation:eea452b2-e068-51a0-9f67-aebfdad03ed7
American,unified:11e637ca-b753-50aa-8d1c-bfccf82ceb6e,PS3552.U75W47,2,elsewhere_review,1961–2000,bokheim:curation:eea452b2-e068-51a0-9f67-aebfdad03ed7
American,unified:11e637ca-b753-50aa-8d1c-bfccf82ceb6e,PS3552.U75Z467,2,elsewhere_review,1961–2000,bokheim:curation:eea452b2-e068-51a0-9f67-aebfdad03ed7
American,unified:11e637ca-b753-50aa-8d1c-bfccf82ceb6e,PS3552.U75Z478,2,elsewhere_review,1961–2000,bokheim:curation:eea452b2-e068-51a0-9f67-aebfdad03ed7
American,unified:11e637ca-b753-50aa-8d1c-bfccf82ceb6e,PS3552.U75Z48,2,elsewhere_review,1961–2000,bokheim:curation:eea452b2-e068-51a0-9f67-aebfdad03ed7
American,unified:11e637ca-b753-50aa-8d1c-bfccf82ceb6e,PS3552.U75Z744,2,elsewhere_review,1961–2000,bokheim:curation:eea452b2-e068-51a0-9f67-aebfdad03ed7
American,unified:11e637ca-b753-50aa-8d1c-bfccf82ceb6e,PS3552.U75Z745,2,elsewhere_review,1961–2000,bokheim:curation:eea452b2-e068-51a0-9f67-aebfdad03ed7
American,unified:11e637ca-b753-50aa-8d1c-bfccf82ceb6e,PS3552.U75Z933,2,elsewhere_review,1961–2000,bokheim:curation:eea452b2-e068-51a0-9f67-aebfdad03ed7
American,unified:11e637ca-b753-50aa-8d1c-bfccf82ceb6e,PS3553.A489115S75,2,elsewhere_review,1961–2000,bokheim:curation:eea452b2-e068-51a0-9f67-aebfdad03ed7
American,unified:11e637ca-b753-50aa-8d1c-bfccf82ceb6e,PS3553.A686A6,2,elsewhere_review,1961–2000,bokheim:curation:eea452b2-e068-51a0-9f67-aebfdad03ed7
American,unified:11e637ca-b753-50aa-8d1c-bfccf82ceb6e,PS3553.R48A6,2,elsewhere_review,1961–2000,bokheim:curation:eea452b2-e068-51a0-9f67-aebfdad03ed7
American,unified:11e637ca-b753-50aa-8d1c-bfccf82ceb6e,PS3553.R48S73,2,elsewhere_review,1961–2000,bokheim:curation:eea452b2-e068-51a0-9f67-aebfdad03ed7
American,unified:11e637ca-b753-50aa-8d1c-bfccf82ceb6e,PS3553.R789,2,elsewhere_review,1961–2000,bokheim:curation:eea452b2-e068-51a0-9f67-aebfdad03ed7
American,unified:11e637ca-b753-50aa-8d1c-bfccf82ceb6e,PS3554.E4425A84,2,elsewhere_review,1961–2000,bokheim:curation:eea452b2-e068-51a0-9f67-aebfdad03ed7
American,unified:11e637ca-b753-50aa-8d1c-bfccf82ceb6e,PS3554.E4425L53,2,elsewhere_review,1961–2000,bokheim:curation:eea452b2-e068-51a0-9f67-aebfdad03ed7
American,unified:11e637ca-b753-50aa-8d1c-bfccf82ceb6e,PS3554.E4425Z35,2,elsewhere_review,1961–2000,bokheim:curation:eea452b2-e068-51a0-9f67-aebfdad03ed7
American,unified:11e637ca-b753-50aa-8d1c-bfccf82ceb6e,PS3554.E4425Z55,2,elsewhere_review,1961–2000,bokheim:curation:eea452b2-e068-51a0-9f67-aebfdad03ed7
American,unified:11e637ca-b753-50aa-8d1c-bfccf82ceb6e,PS3554.E4425Z96,2,elsewhere_review,1961–2000,bokheim:curation:eea452b2-e068-51a0-9f67-aebfdad03ed7
American,unified:11e637ca-b753-50aa-8d1c-bfccf82ceb6e,PS3554.I8C47,2,elsewhere_review,1961–2000,bokheim:curation:eea452b2-e068-51a0-9f67-aebfdad03ed7
American,unified:11e637ca-b753-50aa-8d1c-bfccf82ceb6e,PS3554.U279S7,2,elsewhere_review,1961–2000,bokheim:curation:eea452b2-e068-51a0-9f67-aebfdad03ed7
American,unified:11e637ca-b753-50aa-8d1c-bfccf82ceb6e,PS3554.U279W67,2,elsewhere_review,1961–2000,bokheim:curation:eea452b2-e068-51a0-9f67-aebfdad03ed7
American,unified:11e637ca-b753-50aa-8d1c-bfccf82ceb6e,PS3556.I828,2,elsewhere_review,1961–2000,bokheim:curation:eea452b2-e068-51a0-9f67-aebfdad03ed7
American,unified:11e637ca-b753-50aa-8d1c-bfccf82ceb6e,PS3556.R599S43,2,elsewhere_review,1961–2000,bokheim:curation:eea452b2-e068-51a0-9f67-aebfdad03ed7
American,unified:11e637ca-b753-50aa-8d1c-bfccf82ceb6e,PS3557.O384A6,2,elsewhere_review,1961–2000,bokheim:curation:eea452b2-e068-51a0-9f67-aebfdad03ed7
American,unified:11e637ca-b753-50aa-8d1c-bfccf82ceb6e,PS3557.O384P75,2,elsewhere_review,1961–2000,bokheim:curation:eea452b2-e068-51a0-9f67-aebfdad03ed7
American,unified:11e637ca-b753-50aa-8d1c-bfccf82ceb6e,PS3557.O753G37,2,elsewhere_review,1961–2000,bokheim:curation:eea452b2-e068-51a0-9f67-aebfdad03ed7
American,unified:11e637ca-b753-50aa-8d1c-bfccf82ceb6e,PS3557.R489137B7,2,elsewhere_review,1961–2000,bokheim:curation:eea452b2-e068-51a0-9f67-aebfdad03ed7
American,unified:11e637ca-b753-50aa-8d1c-bfccf82ceb6e,PS3557.R489137F54,2,elsewhere_review,1961–2000,bokheim:curation:eea452b2-e068-51a0-9f67-aebfdad03ed7
American,unified:11e637ca-b753-50aa-8d1c-bfccf82ceb6e,PS3557.R489137H66,2,elsewhere_review,1961–2000,bokheim:curation:eea452b2-e068-51a0-9f67-aebfdad03ed7
American,unified:11e637ca-b753-50aa-8d1c-bfccf82ceb6e,PS3557.R489137L3,2,elsewhere_review,1961–2000,bokheim:curation:eea452b2-e068-51a0-9f67-aebfdad03ed7
American,unified:11e637ca-b753-50aa-8d1c-bfccf82ceb6e,PS3557.R489137S37,2,elsewhere_review,1961–2000,bokheim:curation:eea452b2-e068-51a0-9f67-aebfdad03ed7
American,unified:11e637ca-b753-50aa-8d1c-bfccf82ceb6e,PS3557.R489137S55,2,elsewhere_review,1961–2000,bokheim:curation:eea452b2-e068-51a0-9f67-aebfdad03ed7
American,unified:11e637ca-b753-50aa-8d1c-bfccf82ceb6e,PS3557.R489137S6,2,elsewhere_review,1961–2000,bokheim:curation:eea452b2-e068-51a0-9f67-aebfdad03ed7
American,unified:11e637ca-b753-50aa-8d1c-bfccf82ceb6e,PS3557.R489137U53,2,elsewhere_review,1961–2000,bokheim:curation:eea452b2-e068-51a0-9f67-aebfdad03ed7
American,unified:11e637ca-b753-50aa-8d1c-bfccf82ceb6e,PS3558.A373B33,2,elsewhere_review,1961–2000,bokheim:curation:eea452b2-e068-51a0-9f67-aebfdad03ed7
American,unified:11e637ca-b753-50aa-8d1c-bfccf82ceb6e,PS3558.A4434,2,elsewhere_review,1961–2000,bokheim:curation:eea452b2-e068-51a0-9f67-aebfdad03ed7
American,unified:11e637ca-b753-50aa-8d1c-bfccf82ceb6e,PS3558.A513B6,2,elsewhere_review,1961–2000,bokheim:curation:eea452b2-e068-51a0-9f67-aebfdad03ed7
American,unified:11e637ca-b753-50aa-8d1c-bfccf82ceb6e,PS3558.A513B69,2,elsewhere_review,1961–2000,bokheim:curation:eea452b2-e068-51a0-9f67-aebfdad03ed7
American,unified:11e637ca-b753-50aa-8d1c-bfccf82ceb6e,PS3558.A513B7,2,elsewhere_review,1961–2000,bokheim:curation:eea452b2-e068-51a0-9f67-aebfdad03ed7
American,unified:11e637ca-b753-50aa-8d1c-bfccf82ceb6e,PS3558.A513S7,2,elsewhere_review,1961–2000,bokheim:curation:eea452b2-e068-51a0-9f67-aebfdad03ed7
American,unified:11e637ca-b753-50aa-8d1c-bfccf82ceb6e,PS3558.A6558H36,2,elsewhere_review,1961–2000,bokheim:curation:eea452b2-e068-51a0-9f67-aebfdad03ed7
American,unified:11e637ca-b753-50aa-8d1c-bfccf82ceb6e,PS3558.A6558R4,2,elsewhere_review,1961–2000,bokheim:curation:eea452b2-e068-51a0-9f67-aebfdad03ed7
American,unified:11e637ca-b753-50aa-8d1c-bfccf82ceb6e,PS3558.E4526Z75,2,elsewhere_review,1961–2000,bokheim:curation:eea452b2-e068-51a0-9f67-aebfdad03ed7
American,unified:11e637ca-b753-50aa-8d1c-bfccf82ceb6e,PS3558.E47916A6,2,elsewhere_review,1961–2000,bokheim:curation:eea452b2-e068-51a0-9f67-aebfdad03ed7
American,unified:11e637ca-b753-50aa-8d1c-bfccf82ceb6e,PS3558.E47916A9,2,elsewhere_review,1961–2000,bokheim:curation:eea452b2-e068-51a0-9f67-aebfdad03ed7
American,unified:11e637ca-b753-50aa-8d1c-bfccf82ceb6e,PS3558.E47916R4,2,elsewhere_review,1961–2000,bokheim:curation:eea452b2-e068-51a0-9f67-aebfdad03ed7
American,unified:11e637ca-b753-50aa-8d1c-bfccf82ceb6e,PS3558.I366A84,2,elsewhere_review,1961–2000,bokheim:curation:eea452b2-e068-51a0-9f67-aebfdad03ed7
American,unified:11e637ca-b753-50aa-8d1c-bfccf82ceb6e,PS3558.I366B53,2,elsewhere_review,1961–2000,bokheim:curation:eea452b2-e068-51a0-9f67-aebfdad03ed7
American,unified:11e637ca-b753-50aa-8d1c-bfccf82ceb6e,PS3558.I366F68,2,elsewhere_review,1961–2000,bokheim:curation:eea452b2-e068-51a0-9f67-aebfdad03ed7
American,unified:11e637ca-b753-50aa-8d1c-bfccf82ceb6e,PS3558.I366M4,2,elsewhere_review,1961–2000,bokheim:curation:eea452b2-e068-51a0-9f67-aebfdad03ed7
American,unified:11e637ca-b753-50aa-8d1c-bfccf82ceb6e,PS3558.I366P4,2,elsewhere_review,1961–2000,bokheim:curation:eea452b2-e068-51a0-9f67-aebfdad03ed7
American,unified:11e637ca-b753-50aa-8d1c-bfccf82ceb6e,PS3558.I366R56,2,elsewhere_review,1961–2000,bokheim:curation:eea452b2-e068-51a0-9f67-aebfdad03ed7
American,unified:11e637ca-b753-50aa-8d1c-bfccf82ceb6e,PS3558.I366S6,2,elsewhere_review,1961–2000,bokheim:curation:eea452b2-e068-51a0-9f67-aebfdad03ed7
American,unified:11e637ca-b753-50aa-8d1c-bfccf82ceb6e,PS3558.I366S63,2,elsewhere_review,1961–2000,bokheim:curation:eea452b2-e068-51a0-9f67-aebfdad03ed7
American,unified:11e637ca-b753-50aa-8d1c-bfccf82ceb6e,PS3558.I366S77,2,elsewhere_review,1961–2000,bokheim:curation:eea452b2-e068-51a0-9f67-aebfdad03ed7
American,unified:11e637ca-b753-50aa-8d1c-bfccf82ceb6e,PS3558.I366T33,2,elsewhere_review,1961–2000,bokheim:curation:eea452b2-e068-51a0-9f67-aebfdad03ed7
American,unified:11e637ca-b753-50aa-8d1c-bfccf82ceb6e,PS3558.I366T35,2,elsewhere_review,1961–2000,bokheim:curation:eea452b2-e068-51a0-9f67-aebfdad03ed7
American,unified:11e637ca-b753-50aa-8d1c-bfccf82ceb6e,PS3558.I45C69,2,elsewhere_review,1961–2000,bokheim:curation:eea452b2-e068-51a0-9f67-aebfdad03ed7
American,unified:11e637ca-b753-50aa-8d1c-bfccf82ceb6e,PS3558.I45G48,2,elsewhere_review,1961–2000,bokheim:curation:eea452b2-e068-51a0-9f67-aebfdad03ed7
American,unified:11e637ca-b753-50aa-8d1c-bfccf82ceb6e,PS3558.I45P4,2,elsewhere_review,1961–2000,bokheim:curation:eea452b2-e068-51a0-9f67-aebfdad03ed7
American,unified:11e637ca-b753-50aa-8d1c-bfccf82ceb6e,PS3558.I45S23,2,elsewhere_review,1961–2000,bokheim:curation:eea452b2-e068-51a0-9f67-aebfdad03ed7
American,unified:11e637ca-b753-50aa-8d1c-bfccf82ceb6e,PS3558.I45Z69,2,elsewhere_review,1961–2000,bokheim:curation:eea452b2-e068-51a0-9f67-aebfdad03ed7
American,unified:11e637ca-b753-50aa-8d1c-bfccf82ceb6e,PS3558.I45Z76,2,elsewhere_review,1961–2000,bokheim:curation:eea452b2-e068-51a0-9f67-aebfdad03ed7
American,unified:11e637ca-b753-50aa-8d1c-bfccf82ceb6e,PS3558I366G5314,2,elsewhere_review,1961–2000,bokheim:curation:eea452b2-e068-51a0-9f67-aebfdad03ed7
American,unified:11e637ca-b753-50aa-8d1c-bfccf82ceb6e,PS3561.E3975A6,2,elsewhere_review,1961–2000,bokheim:curation:eea452b2-e068-51a0-9f67-aebfdad03ed7
American,unified:11e637ca-b753-50aa-8d1c-bfccf82ceb6e,PS3561.E3975F37,2,elsewhere_review,1961–2000,bokheim:curation:eea452b2-e068-51a0-9f67-aebfdad03ed7
American,unified:11e637ca-b753-50aa-8d1c-bfccf82ceb6e,PS3561.E3975L64,2,elsewhere_review,1961–2000,bokheim:curation:eea452b2-e068-51a0-9f67-aebfdad03ed7
American,unified:11e637ca-b753-50aa-8d1c-bfccf82ceb6e,PS3561.E3975M35,2,elsewhere_review,1961–2000,bokheim:curation:eea452b2-e068-51a0-9f67-aebfdad03ed7
American,unified:11e637ca-b753-50aa-8d1c-bfccf82ceb6e,PS3561.E3975O87,2,elsewhere_review,1961–2000,bokheim:curation:eea452b2-e068-51a0-9f67-aebfdad03ed7
American,unified:11e637ca-b753-50aa-8d1c-bfccf82ceb6e,PS3561.E3975R35,2,elsewhere_review,1961–2000,bokheim:curation:eea452b2-e068-51a0-9f67-aebfdad03ed7
American,unified:11e637ca-b753-50aa-8d1c-bfccf82ceb6e,PS3561.E3975S49,2,elsewhere_review,1961–2000,bokheim:curation:eea452b2-e068-51a0-9f67-aebfdad03ed7
American,unified:11e637ca-b753-50aa-8d1c-bfccf82ceb6e,PS3561.E3975S55,2,elsewhere_review,1961–2000,bokheim:curation:eea452b2-e068-51a0-9f67-aebfdad03ed7
American,unified:11e637ca-b753-50aa-8d1c-bfccf82ceb6e,PS3561.E3975W6,2,elsewhere_review,1961–2000,bokheim:curation:eea452b2-e068-51a0-9f67-aebfdad03ed7
American,unified:11e637ca-b753-50aa-8d1c-bfccf82ceb6e,PS3561.E48,2,elsewhere_review,1961–2000,bokheim:curation:eea452b2-e068-51a0-9f67-aebfdad03ed7
American,unified:11e637ca-b753-50aa-8d1c-bfccf82ceb6e,PS3561.I4813G36,2,elsewhere_review,1961–2000,bokheim:curation:eea452b2-e068-51a0-9f67-aebfdad03ed7
American,unified:11e637ca-b753-50aa-8d1c-bfccf82ceb6e,PS3561.I4813L47,2,elsewhere_review,1961–2000,bokheim:curation:eea452b2-e068-51a0-9f67-aebfdad03ed7
American,unified:11e637ca-b753-50aa-8d1c-bfccf82ceb6e,PS3561.I4813M67,2,elsewhere_review,1961–2000,bokheim:curation:eea452b2-e068-51a0-9f67-aebfdad03ed7
American,unified:11e637ca-b753-50aa-8d1c-bfccf82ceb6e,PS3561.I4813R58,2,elsewhere_review,1961–2000,bokheim:curation:eea452b2-e068-51a0-9f67-aebfdad03ed7
American,unified:11e637ca-b753-50aa-8d1c-bfccf82ceb6e,PS3561.I483B55,2,elsewhere_review,1961–2000,bokheim:curation:eea452b2-e068-51a0-9f67-aebfdad03ed7
American,unified:11e637ca-b753-50aa-8d1c-bfccf82ceb6e,PS3561.I483C37,2,elsewhere_review,1961–2000,bokheim:curation:eea452b2-e068-51a0-9f67-aebfdad03ed7
American,unified:11e637ca-b753-50aa-8d1c-bfccf82ceb6e,PS3561.I483C38,2,elsewhere_review,1961–2000,bokheim:curation:eea452b2-e068-51a0-9f67-aebfdad03ed7
American,unified:11e637ca-b753-50aa-8d1c-bfccf82ceb6e,PS3561.I483C9,2,elsewhere_review,1961–2000,bokheim:curation:eea452b2-e068-51a0-9f67-aebfdad03ed7
American,unified:11e637ca-b753-50aa-8d1c-bfccf82ceb6e,PS3561.I483D373,2,elsewhere_review,1961–2000,bokheim:curation:eea452b2-e068-51a0-9f67-aebfdad03ed7
American,unified:11e637ca-b753-50aa-8d1c-bfccf82ceb6e,PS3561.I483D43,2,elsewhere_review,1961–2000,bokheim:curation:eea452b2-e068-51a0-9f67-aebfdad03ed7
American,unified:11e637ca-b753-50aa-8d1c-bfccf82ceb6e,PS3561.I483E44,2,elsewhere_review,1961–2000,bokheim:curation:eea452b2-e068-51a0-9f67-aebfdad03ed7
American,unified:11e637ca-b753-50aa-8d1c-bfccf82ceb6e,PS3561.I483E53,2,elsewhere_review,1961–2000,bokheim:curation:eea452b2-e068-51a0-9f67-aebfdad03ed7
American,unified:11e637ca-b753-50aa-8d1c-bfccf82ceb6e,PS3561.I483F57,2,elsewhere_review,1961–2000,bokheim:curation:eea452b2-e068-51a0-9f67-aebfdad03ed7
American,unified:11e637ca-b753-50aa-8d1c-bfccf82ceb6e,PS3561.I483F85,2,elsewhere_review,1961–2000,bokheim:curation:eea452b2-e068-51a0-9f67-aebfdad03ed7
American,unified:11e637ca-b753-50aa-8d1c-bfccf82ceb6e,PS3561.I483H56,2,elsewhere_review,1961–2000,bokheim:curation:eea452b2-e068-51a0-9f67-aebfdad03ed7
American,unified:11e637ca-b753-50aa-8d1c-bfccf82ceb6e,PS3561.I483L57,2,elsewhere_review,1961–2000,bokheim:curation:eea452b2-e068-51a0-9f67-aebfdad03ed7
American,unified:11e637ca-b753-50aa-8d1c-bfccf82ceb6e,PS3561.I483M7,2,elsewhere_review,1961–2000,bokheim:curation:eea452b2-e068-51a0-9f67-aebfdad03ed7
American,unified:11e637ca-b753-50aa-8d1c-bfccf82ceb6e,PS3561.I483S537,2,elsewhere_review,1961–2000,bokheim:curation:eea452b2-e068-51a0-9f67-aebfdad03ed7
American,unified:11e637ca-b753-50aa-8d1c-bfccf82ceb6e,PS3561.I483S56,2,elsewhere_review,1961–2000,bokheim:curation:eea452b2-e068-51a0-9f67-aebfdad03ed7
American,unified:11e637ca-b753-50aa-8d1c-bfccf82ceb6e,PS3561.I483T3,2,elsewhere_review,1961–2000,bokheim:curation:eea452b2-e068-51a0-9f67-aebfdad03ed7
American,unified:11e637ca-b753-50aa-8d1c-bfccf82ceb6e,PS3561.I483T66,2,elsewhere_review,1961–2000,bokheim:curation:eea452b2-e068-51a0-9f67-aebfdad03ed7
American,unified:11e637ca-b753-50aa-8d1c-bfccf82ceb6e,PS3561.I483W56,2,elsewhere_review,1961–2000,bokheim:curation:eea452b2-e068-51a0-9f67-aebfdad03ed7
American,unified:11e637ca-b753-50aa-8d1c-bfccf82ceb6e,PS3561.I483W65,2,elsewhere_review,1961–2000,bokheim:curation:eea452b2-e068-51a0-9f67-aebfdad03ed7
American,unified:11e637ca-b753-50aa-8d1c-bfccf82ceb6e,PS3561.I483Z475,2,elsewhere_review,1961–2000,bokheim:curation:eea452b2-e068-51a0-9f67-aebfdad03ed7
American,unified:11e637ca-b753-50aa-8d1c-bfccf82ceb6e,PS3561.I483Z56,2,elsewhere_review,1961–2000,bokheim:curation:eea452b2-e068-51a0-9f67-aebfdad03ed7
American,unified:11e637ca-b753-50aa-8d1c-bfccf82ceb6e,PS3561.I483Z6223,2,elsewhere_review,1961–2000,bokheim:curation:eea452b2-e068-51a0-9f67-aebfdad03ed7
American,unified:11e637ca-b753-50aa-8d1c-bfccf82ceb6e,PS3561.I483Z623,2,elsewhere_review,1961–2000,bokheim:curation:eea452b2-e068-51a0-9f67-aebfdad03ed7
American,unified:11e637ca-b753-50aa-8d1c-bfccf82ceb6e,PS3561.I483Z624,2,elsewhere_review,1961–2000,bokheim:curation:eea452b2-e068-51a0-9f67-aebfdad03ed7
American,unified:11e637ca-b753-50aa-8d1c-bfccf82ceb6e,PS3561.I483Z627,2,elsewhere_review,1961–2000,bokheim:curation:eea452b2-e068-51a0-9f67-aebfdad03ed7
American,unified:11e637ca-b753-50aa-8d1c-bfccf82ceb6e,PS3561.I483Z6285,2,elsewhere_review,1961–2000,bokheim:curation:eea452b2-e068-51a0-9f67-aebfdad03ed7
American,unified:11e637ca-b753-50aa-8d1c-bfccf82ceb6e,PS3561.I483Z63,2,elsewhere_review,1961–2000,bokheim:curation:eea452b2-e068-51a0-9f67-aebfdad03ed7
American,unified:11e637ca-b753-50aa-8d1c-bfccf82ceb6e,PS3561.I483Z75,2,elsewhere_review,1961–2000,bokheim:curation:eea452b2-e068-51a0-9f67-aebfdad03ed7
American,unified:11e637ca-b753-50aa-8d1c-bfccf82ceb6e,PS3561.I483Z7844,2,elsewhere_review,1961–2000,bokheim:curation:eea452b2-e068-51a0-9f67-aebfdad03ed7
American,unified:11e637ca-b753-50aa-8d1c-bfccf82ceb6e,PS3561.I483Z873,2,elsewhere_review,1961–2000,bokheim:curation:eea452b2-e068-51a0-9f67-aebfdad03ed7
American,unified:11e637ca-b753-50aa-8d1c-bfccf82ceb6e,PS3561.I483Z877,2,elsewhere_review,1961–2000,bokheim:curation:eea452b2-e068-51a0-9f67-aebfdad03ed7
American,unified:11e637ca-b753-50aa-8d1c-bfccf82ceb6e,PS3561.I483Z912,2,elsewhere_review,1961–2000,bokheim:curation:eea452b2-e068-51a0-9f67-aebfdad03ed7
American,unified:11e637ca-b753-50aa-8d1c-bfccf82ceb6e,PS3561.N65B4,2,elsewhere_review,1961–2000,bokheim:curation:eea452b2-e068-51a0-9f67-aebfdad03ed7
American,unified:11e637ca-b753-50aa-8d1c-bfccf82ceb6e,PS3561.O46K5,2,elsewhere_review,1961–2000,bokheim:curation:eea452b2-e068-51a0-9f67-aebfdad03ed7
American,unified:11e637ca-b753-50aa-8d1c-bfccf82ceb6e,PS3561.O8D4,2,elsewhere_review,1961–2000,bokheim:curation:eea452b2-e068-51a0-9f67-aebfdad03ed7
American,unified:11e637ca-b753-50aa-8d1c-bfccf82ceb6e,PS3561.O8P39,2,elsewhere_review,1961–2000,bokheim:curation:eea452b2-e068-51a0-9f67-aebfdad03ed7
American,unified:11e637ca-b753-50aa-8d1c-bfccf82ceb6e,PS3561.R44A27,2,elsewhere_review,1961–2000,bokheim:curation:eea452b2-e068-51a0-9f67-aebfdad03ed7
American,unified:11e637ca-b753-50aa-8d1c-bfccf82ceb6e,PS3561.R44D47,2,elsewhere_review,1961–2000,bokheim:curation:eea452b2-e068-51a0-9f67-aebfdad03ed7
American,unified:11e637ca-b753-50aa-8d1c-bfccf82ceb6e,PS3561.R44F35,2,elsewhere_review,1961–2000,bokheim:curation:eea452b2-e068-51a0-9f67-aebfdad03ed7
American,unified:11e637ca-b753-50aa-8d1c-bfccf82ceb6e,PS3561.R44O84,2,elsewhere_review,1961–2000,bokheim:curation:eea452b2-e068-51a0-9f67-aebfdad03ed7
American,unified:11e637ca-b753-50aa-8d1c-bfccf82ceb6e,PS3561.R44S6,2,elsewhere_review,1961–2000,bokheim:curation:eea452b2-e068-51a0-9f67-aebfdad03ed7
American,unified:11e637ca-b753-50aa-8d1c-bfccf82ceb6e,PS3561.R44S93,2,elsewhere_review,1961–2000,bokheim:curation:eea452b2-e068-51a0-9f67-aebfdad03ed7
American,unified:11e637ca-b753-50aa-8d1c-bfccf82ceb6e,PS3561.R44T79,2,elsewhere_review,1961–2000,bokheim:curation:eea452b2-e068-51a0-9f67-aebfdad03ed7
American,unified:11e637ca-b753-50aa-8d1c-bfccf82ceb6e,PS3562.A865A7,2,elsewhere_review,1961–2000,bokheim:curation:eea452b2-e068-51a0-9f67-aebfdad03ed7
American,unified:11e637ca-b753-50aa-8d1c-bfccf82ceb6e,PS3562.A865B58,2,elsewhere_review,1961–2000,bokheim:curation:eea452b2-e068-51a0-9f67-aebfdad03ed7
American,unified:11e637ca-b753-50aa-8d1c-bfccf82ceb6e,PS3562.A865B9,2,elsewhere_review,1961–2000,bokheim:curation:eea452b2-e068-51a0-9f67-aebfdad03ed7
American,unified:11e637ca-b753-50aa-8d1c-bfccf82ceb6e,PS3562.A865D7,2,elsewhere_review,1961–2000,bokheim:curation:eea452b2-e068-51a0-9f67-aebfdad03ed7
American,unified:11e637ca-b753-50aa-8d1c-bfccf82ceb6e,PS3562.A865E38,2,elsewhere_review,1961–2000,bokheim:curation:eea452b2-e068-51a0-9f67-aebfdad03ed7
American,unified:11e637ca-b753-50aa-8d1c-bfccf82ceb6e,PS3562.A865E39,2,elsewhere_review,1961–2000,bokheim:curation:eea452b2-e068-51a0-9f67-aebfdad03ed7
American,unified:11e637ca-b753-50aa-8d1c-bfccf82ceb6e,PS3562.A865I5,2,elsewhere_review,1961–2000,bokheim:curation:eea452b2-e068-51a0-9f67-aebfdad03ed7
American,unified:11e637ca-b753-50aa-8d1c-bfccf82ceb6e,PS3562.A865I76,2,elsewhere_review,1961–2000,bokheim:curation:eea452b2-e068-51a0-9f67-aebfdad03ed7
American,unified:11e637ca-b753-50aa-8d1c-bfccf82ceb6e,PS3562.A865M4,2,elsewhere_review,1961–2000,bokheim:curation:eea452b2-e068-51a0-9f67-aebfdad03ed7
American,unified:11e637ca-b753-50aa-8d1c-bfccf82ceb6e,PS3562.A865P37,2,elsewhere_review,1961–2000,bokheim:curation:eea452b2-e068-51a0-9f67-aebfdad03ed7
American,unified:11e637ca-b753-50aa-8d1c-bfccf82ceb6e,PS3562.A865S28,2,elsewhere_review,1961–2000,bokheim:curation:eea452b2-e068-51a0-9f67-aebfdad03ed7
American,unified:11e637ca-b753-50aa-8d1c-bfccf82ceb6e,PS3562.A865S9,2,elsewhere_review,1961–2000,bokheim:curation:eea452b2-e068-51a0-9f67-aebfdad03ed7
American,unified:11e637ca-b753-50aa-8d1c-bfccf82ceb6e,PS3562.A865T35,2,elsewhere_review,1961–2000,bokheim:curation:eea452b2-e068-51a0-9f67-aebfdad03ed7
American,unified:11e637ca-b753-50aa-8d1c-bfccf82ceb6e,PS3562.E3434H43,2,elsewhere_review,1961–2000,bokheim:curation:eea452b2-e068-51a0-9f67-aebfdad03ed7
American,unified:11e637ca-b753-50aa-8d1c-bfccf82ceb6e,PS3562.I515B5,2,elsewhere_review,1961–2000,bokheim:curation:eea452b2-e068-51a0-9f67-aebfdad03ed7
American,unified:11e637ca-b753-50aa-8d1c-bfccf82ceb6e,PS3562.I515C466,2,elsewhere_review,1961–2000,bokheim:curation:eea452b2-e068-51a0-9f67-aebfdad03ed7
American,unified:11e637ca-b753-50aa-8d1c-bfccf82ceb6e,PS3562.O75A17,2,elsewhere_review,1961–2000,bokheim:curation:eea452b2-e068-51a0-9f67-aebfdad03ed7
American,unified:11e637ca-b753-50aa-8d1c-bfccf82ceb6e,PS3562.O75A6,2,elsewhere_review,1961–2000,bokheim:curation:eea452b2-e068-51a0-9f67-aebfdad03ed7
American,unified:11e637ca-b753-50aa-8d1c-bfccf82ceb6e,PS3562.O75I3,2,elsewhere_review,1961–2000,bokheim:curation:eea452b2-e068-51a0-9f67-aebfdad03ed7
American,unified:11e637ca-b753-50aa-8d1c-bfccf82ceb6e,PS3562.U26A86,2,elsewhere_review,1961–2000,bokheim:curation:eea452b2-e068-51a0-9f67-aebfdad03ed7
American,unified:11e637ca-b753-50aa-8d1c-bfccf82ceb6e,PS3562.U26A87,2,elsewhere_review,1961–2000,bokheim:curation:eea452b2-e068-51a0-9f67-aebfdad03ed7
American,unified:11e637ca-b753-50aa-8d1c-bfccf82ceb6e,PS3562.U26M3,2,elsewhere_review,1961–2000,bokheim:curation:eea452b2-e068-51a0-9f67-aebfdad03ed7
American,unified:11e637ca-b753-50aa-8d1c-bfccf82ceb6e,PS3562.U26P76,2,elsewhere_review,1961–2000,bokheim:curation:eea452b2-e068-51a0-9f67-aebfdad03ed7
American,unified:11e637ca-b753-50aa-8d1c-bfccf82ceb6e,PS3562.U26T75,2,elsewhere_review,1961–2000,bokheim:curation:eea452b2-e068-51a0-9f67-aebfdad03ed7
American,unified:11e637ca-b753-50aa-8d1c-bfccf82ceb6e,PS3562.U457,2,elsewhere_review,1961–2000,bokheim:curation:eea452b2-e068-51a0-9f67-aebfdad03ed7
American,unified:11e637ca-b753-50aa-8d1c-bfccf82ceb6e,PS3563.A2555C36,2,elsewhere_review,1961–2000,bokheim:curation:eea452b2-e068-51a0-9f67-aebfdad03ed7
American,unified:11e637ca-b753-50aa-8d1c-bfccf82ceb6e,PS3563.A296M26,2,elsewhere_review,1961–2000,bokheim:curation:eea452b2-e068-51a0-9f67-aebfdad03ed7
American,unified:11e637ca-b753-50aa-8d1c-bfccf82ceb6e,PS3563.A31166B3,2,elsewhere_review,1961–2000,bokheim:curation:eea452b2-e068-51a0-9f67-aebfdad03ed7
American,unified:11e637ca-b753-50aa-8d1c-bfccf82ceb6e,PS3563.A31166C36,2,elsewhere_review,1961–2000,bokheim:curation:eea452b2-e068-51a0-9f67-aebfdad03ed7
American,unified:11e637ca-b753-50aa-8d1c-bfccf82ceb6e,PS3563.A31166T43,2,elsewhere_review,1961–2000,bokheim:curation:eea452b2-e068-51a0-9f67-aebfdad03ed7
American,unified:11e637ca-b753-50aa-8d1c-bfccf82ceb6e,PS3563.A3165A6,2,elsewhere_review,1961–2000,bokheim:curation:eea452b2-e068-51a0-9f67-aebfdad03ed7
American,unified:11e637ca-b753-50aa-8d1c-bfccf82ceb6e,PS3563.A31865S59,2,elsewhere_review,1961–2000,bokheim:curation:eea452b2-e068-51a0-9f67-aebfdad03ed7
American,unified:11e637ca-b753-50aa-8d1c-bfccf82ceb6e,PS3563.A725V3,2,elsewhere_review,1961–2000,bokheim:curation:eea452b2-e068-51a0-9f67-aebfdad03ed7
American,unified:11e637ca-b753-50aa-8d1c-bfccf82ceb6e,PS3563.A853M55,2,elsewhere_review,1961–2000,bokheim:curation:eea452b2-e068-51a0-9f67-aebfdad03ed7
American,unified:11e637ca-b753-50aa-8d1c-bfccf82ceb6e,PS3563.A923S87,2,elsewhere_review,1961–2000,bokheim:curation:eea452b2-e068-51a0-9f67-aebfdad03ed7
American,unified:11e637ca-b753-50aa-8d1c-bfccf82ceb6e,PS3563.E747M87,2,elsewhere_review,1961–2000,bokheim:curation:eea452b2-e068-51a0-9f67-aebfdad03ed7
American,unified:11e637ca-b753-50aa-8d1c-bfccf82ceb6e,PS3563.E747P28,2,elsewhere_review,1961–2000,bokheim:curation:eea452b2-e068-51a0-9f67-aebfdad03ed7
American,unified:11e637ca-b753-50aa-8d1c-bfccf82ceb6e,PS3563.I27A6,2,elsewhere_review,1961–2000,bokheim:curation:eea452b2-e068-51a0-9f67-aebfdad03ed7
American,unified:11e637ca-b753-50aa-8d1c-bfccf82ceb6e,PS3563.I27S36,2,elsewhere_review,1961–2000,bokheim:curation:eea452b2-e068-51a0-9f67-aebfdad03ed7
American,unified:11e637ca-b753-50aa-8d1c-bfccf82ceb6e,PS3563.O7717E94,2,elsewhere_review,1961–2000,bokheim:curation:eea452b2-e068-51a0-9f67-aebfdad03ed7
American,unified:11e637ca-b753-50aa-8d1c-bfccf82ceb6e,PS3563.O871644,2,elsewhere_review,1961–2000,bokheim:curation:eea452b2-e068-51a0-9f67-aebfdad03ed7
American,unified:11e637ca-b753-50aa-8d1c-bfccf82ceb6e,PS3566.A34A87,2,elsewhere_review,1961–2000,bokheim:curation:eea452b2-e068-51a0-9f67-aebfdad03ed7
American,unified:11e637ca-b753-50aa-8d1c-bfccf82ceb6e,PS3566.A34C24,2,elsewhere_review,1961–2000,bokheim:curation:eea452b2-e068-51a0-9f67-aebfdad03ed7
American,unified:11e637ca-b753-50aa-8d1c-bfccf82ceb6e,PS3566.A34C3,2,elsewhere_review,1961–2000,bokheim:curation:eea452b2-e068-51a0-9f67-aebfdad03ed7
American,unified:11e637ca-b753-50aa-8d1c-bfccf82ceb6e,PS3566.A34C35,2,elsewhere_review,1961–2000,bokheim:curation:eea452b2-e068-51a0-9f67-aebfdad03ed7
American,unified:11e637ca-b753-50aa-8d1c-bfccf82ceb6e,PS3566.A34L6,2,elsewhere_review,1961–2000,bokheim:curation:eea452b2-e068-51a0-9f67-aebfdad03ed7
American,unified:11e637ca-b753-50aa-8d1c-bfccf82ceb6e,PS3566.A34M27,2,elsewhere_review,1961–2000,bokheim:curation:eea452b2-e068-51a0-9f67-aebfdad03ed7
American,unified:11e637ca-b753-50aa-8d1c-bfccf82ceb6e,PS3566.A34N4,2,elsewhere_review,1961–2000,bokheim:curation:eea452b2-e068-51a0-9f67-aebfdad03ed7
American,unified:11e637ca-b753-50aa-8d1c-bfccf82ceb6e,PS3566.A34R28,2,elsewhere_review,1961–2000,bokheim:curation:eea452b2-e068-51a0-9f67-aebfdad03ed7
American,unified:11e637ca-b753-50aa-8d1c-bfccf82ceb6e,PS3566.A34S5,2,elsewhere_review,1961–2000,bokheim:curation:eea452b2-e068-51a0-9f67-aebfdad03ed7
American,unified:11e637ca-b753-50aa-8d1c-bfccf82ceb6e,PS3566.A34S52,2,elsewhere_review,1961–2000,bokheim:curation:eea452b2-e068-51a0-9f67-aebfdad03ed7
American,unified:11e637ca-b753-50aa-8d1c-bfccf82ceb6e,PS3566.A463B3,2,elsewhere_review,1961–2000,bokheim:curation:eea452b2-e068-51a0-9f67-aebfdad03ed7
American,unified:11e637ca-b753-50aa-8d1c-bfccf82ceb6e,PS3566.E234B56,2,elsewhere_review,1961–2000,bokheim:curation:eea452b2-e068-51a0-9f67-aebfdad03ed7
American,unified:11e637ca-b753-50aa-8d1c-bfccf82ceb6e,PS3566.E235L3,2,elsewhere_review,1961–2000,bokheim:curation:eea452b2-e068-51a0-9f67-aebfdad03ed7
American,unified:11e637ca-b753-50aa-8d1c-bfccf82ceb6e,PS3566.E235S5,2,elsewhere_review,1961–2000,bokheim:curation:eea452b2-e068-51a0-9f67-aebfdad03ed7
American,unified:11e637ca-b753-50aa-8d1c-bfccf82ceb6e,PS3566.E42M37,2,elsewhere_review,1961–2000,bokheim:curation:eea452b2-e068-51a0-9f67-aebfdad03ed7
American,unified:11e637ca-b753-50aa-8d1c-bfccf82ceb6e,PS3566.E42O6,2,elsewhere_review,1961–2000,bokheim:curation:eea452b2-e068-51a0-9f67-aebfdad03ed7
American,unified:11e637ca-b753-50aa-8d1c-bfccf82ceb6e,PS3566.O36Z58,2,elsewhere_review,1961–2000,bokheim:curation:eea452b2-e068-51a0-9f67-aebfdad03ed7
American,unified:11e637ca-b753-50aa-8d1c-bfccf82ceb6e,PS3566.O36Z83,2,elsewhere_review,1961–2000,bokheim:curation:eea452b2-e068-51a0-9f67-aebfdad03ed7
American,unified:11e637ca-b753-50aa-8d1c-bfccf82ceb6e,PS3566.R67F57,2,elsewhere_review,1961–2000,bokheim:curation:eea452b2-e068-51a0-9f67-aebfdad03ed7
American,unified:11e637ca-b753-50aa-8d1c-bfccf82ceb6e,PS3566.R67S77,2,elsewhere_review,1961–2000,bokheim:curation:eea452b2-e068-51a0-9f67-aebfdad03ed7
American,unified:11e637ca-b753-50aa-8d1c-bfccf82ceb6e,PS3566.R67W58,2,elsewhere_review,1961–2000,bokheim:curation:eea452b2-e068-51a0-9f67-aebfdad03ed7
American,unified:11e637ca-b753-50aa-8d1c-bfccf82ceb6e,PS3568.I265B4,2,elsewhere_review,1961–2000,bokheim:curation:eea452b2-e068-51a0-9f67-aebfdad03ed7
American,unified:11e637ca-b753-50aa-8d1c-bfccf82ceb6e,PS3568.I265B57,2,elsewhere_review,1961–2000,bokheim:curation:eea452b2-e068-51a0-9f67-aebfdad03ed7
American,unified:11e637ca-b753-50aa-8d1c-bfccf82ceb6e,PS3568.I265C48,2,elsewhere_review,1961–2000,bokheim:curation:eea452b2-e068-51a0-9f67-aebfdad03ed7
American,unified:11e637ca-b753-50aa-8d1c-bfccf82ceb6e,PS3568.I265M46,2,elsewhere_review,1961–2000,bokheim:curation:eea452b2-e068-51a0-9f67-aebfdad03ed7
American,unified:11e637ca-b753-50aa-8d1c-bfccf82ceb6e,PS3568.I265M48,2,elsewhere_review,1961–2000,bokheim:curation:eea452b2-e068-51a0-9f67-aebfdad03ed7
American,unified:11e637ca-b753-50aa-8d1c-bfccf82ceb6e,PS3568.I265Q44,2,elsewhere_review,1961–2000,bokheim:curation:eea452b2-e068-51a0-9f67-aebfdad03ed7
American,unified:11e637ca-b753-50aa-8d1c-bfccf82ceb6e,PS3568.I265S47,2,elsewhere_review,1961–2000,bokheim:curation:eea452b2-e068-51a0-9f67-aebfdad03ed7
American,unified:11e637ca-b753-50aa-8d1c-bfccf82ceb6e,PS3568.I265V25,2,elsewhere_review,1961–2000,bokheim:curation:eea452b2-e068-51a0-9f67-aebfdad03ed7
American,unified:11e637ca-b753-50aa-8d1c-bfccf82ceb6e,PS3568.I265V28,2,elsewhere_review,1961–2000,bokheim:curation:eea452b2-e068-51a0-9f67-aebfdad03ed7
American,unified:11e637ca-b753-50aa-8d1c-bfccf82ceb6e,PS3568.I265V56,2,elsewhere_review,1961–2000,bokheim:curation:eea452b2-e068-51a0-9f67-aebfdad03ed7
American,unified:11e637ca-b753-50aa-8d1c-bfccf82ceb6e,PS3568.I265W68,2,elsewhere_review,1961–2000,bokheim:curation:eea452b2-e068-51a0-9f67-aebfdad03ed7
American,unified:11e637ca-b753-50aa-8d1c-bfccf82ceb6e,PS3568.I265Z63,2,elsewhere_review,1961–2000,bokheim:curation:eea452b2-e068-51a0-9f67-aebfdad03ed7
American,unified:11e637ca-b753-50aa-8d1c-bfccf82ceb6e,PS3568.O198K5,2,elsewhere_review,1961–2000,bokheim:curation:eea452b2-e068-51a0-9f67-aebfdad03ed7
American,unified:11e637ca-b753-50aa-8d1c-bfccf82ceb6e,PS3568.O198T78,2,elsewhere_review,1961–2000,bokheim:curation:eea452b2-e068-51a0-9f67-aebfdad03ed7
American,unified:11e637ca-b753-50aa-8d1c-bfccf82ceb6e,PS3568.O243A84,2,elsewhere_review,1961–2000,bokheim:curation:eea452b2-e068-51a0-9f67-aebfdad03ed7
American,unified:11e637ca-b753-50aa-8d1c-bfccf82ceb6e,PS3568.O243A87,2,elsewhere_review,1961–2000,bokheim:curation:eea452b2-e068-51a0-9f67-aebfdad03ed7
American,unified:11e637ca-b753-50aa-8d1c-bfccf82ceb6e,PS3568.O243B43,2,elsewhere_review,1961–2000,bokheim:curation:eea452b2-e068-51a0-9f67-aebfdad03ed7
American,unified:11e637ca-b753-50aa-8d1c-bfccf82ceb6e,PS3568.O243B45,2,elsewhere_review,1961–2000,bokheim:curation:eea452b2-e068-51a0-9f67-aebfdad03ed7
American,unified:11e637ca-b753-50aa-8d1c-bfccf82ceb6e,PS3568.O243B53,2,elsewhere_review,1961–2000,bokheim:curation:eea452b2-e068-51a0-9f67-aebfdad03ed7
American,unified:11e637ca-b753-50aa-8d1c-bfccf82ceb6e,PS3568.O243B55,2,elsewhere_review,1961–2000,bokheim:curation:eea452b2-e068-51a0-9f67-aebfdad03ed7
American,unified:11e637ca-b753-50aa-8d1c-bfccf82ceb6e,PS3568.O243C38,2,elsewhere_review,1961–2000,bokheim:curation:eea452b2-e068-51a0-9f67-aebfdad03ed7
American,unified:11e637ca-b753-50aa-8d1c-bfccf82ceb6e,PS3568.O243C485,2,elsewhere_review,1961–2000,bokheim:curation:eea452b2-e068-51a0-9f67-aebfdad03ed7
American,unified:11e637ca-b753-50aa-8d1c-bfccf82ceb6e,PS3568.O243C49,2,elsewhere_review,1961–2000,bokheim:curation:eea452b2-e068-51a0-9f67-aebfdad03ed7
American,unified:11e637ca-b753-50aa-8d1c-bfccf82ceb6e,PS3568.O243C64,2,elsewhere_review,1961–2000,bokheim:curation:eea452b2-e068-51a0-9f67-aebfdad03ed7
American,unified:11e637ca-b753-50aa-8d1c-bfccf82ceb6e,PS3568.O243C74,2,elsewhere_review,1961–2000,bokheim:curation:eea452b2-e068-51a0-9f67-aebfdad03ed7
American,unified:11e637ca-b753-50aa-8d1c-bfccf82ceb6e,PS3568.O243H43,2,elsewhere_review,1961–2000,bokheim:curation:eea452b2-e068-51a0-9f67-aebfdad03ed7
American,unified:11e637ca-b753-50aa-8d1c-bfccf82ceb6e,PS3568.O243H535,2,elsewhere_review,1961–2000,bokheim:curation:eea452b2-e068-51a0-9f67-aebfdad03ed7
American,unified:11e637ca-b753-50aa-8d1c-bfccf82ceb6e,PS3568.O243H66,2,elsewhere_review,1961–2000,bokheim:curation:eea452b2-e068-51a0-9f67-aebfdad03ed7
American,unified:11e637ca-b753-50aa-8d1c-bfccf82ceb6e,PS3568.O243K48,2,elsewhere_review,1961–2000,bokheim:curation:eea452b2-e068-51a0-9f67-aebfdad03ed7
American,unified:11e637ca-b753-50aa-8d1c-bfccf82ceb6e,PS3568.O243L45,2,elsewhere_review,1961–2000,bokheim:curation:eea452b2-e068-51a0-9f67-aebfdad03ed7
American,unified:11e637ca-b753-50aa-8d1c-bfccf82ceb6e,PS3568.O243L58,2,elsewhere_review,1961–2000,bokheim:curation:eea452b2-e068-51a0-9f67-aebfdad03ed7
American,unified:11e637ca-b753-50aa-8d1c-bfccf82ceb6e,PS3568.O243M46,2,elsewhere_review,1961–2000,bokheim:curation:eea452b2-e068-51a0-9f67-aebfdad03ed7
American,unified:11e637ca-b753-50aa-8d1c-bfccf82ceb6e,PS3568.O243N35,2,elsewhere_review,1961–2000,bokheim:curation:eea452b2-e068-51a0-9f67-aebfdad03ed7
American,unified:11e637ca-b753-50aa-8d1c-bfccf82ceb6e,PS3568.O243N49,2,elsewhere_review,1961–2000,bokheim:curation:eea452b2-e068-51a0-9f67-aebfdad03ed7
American,unified:11e637ca-b753-50aa-8d1c-bfccf82ceb6e,PS3568.O243N67,2,elsewhere_review,1961–2000,bokheim:curation:eea452b2-e068-51a0-9f67-aebfdad03ed7
American,unified:11e637ca-b753-50aa-8d1c-bfccf82ceb6e,PS3568.O243P44,2,elsewhere_review,1961–2000,bokheim:curation:eea452b2-e068-51a0-9f67-aebfdad03ed7
American,unified:11e637ca-b753-50aa-8d1c-bfccf82ceb6e,PS3568.O243P8,2,elsewhere_review,1961–2000,bokheim:curation:eea452b2-e068-51a0-9f67-aebfdad03ed7
American,unified:11e637ca-b753-50aa-8d1c-bfccf82ceb6e,PS3568.O243R4,2,elsewhere_review,1961–2000,bokheim:curation:eea452b2-e068-51a0-9f67-aebfdad03ed7
American,unified:11e637ca-b753-50aa-8d1c-bfccf82ceb6e,PS3568.O243R45,2,elsewhere_review,1961–2000,bokheim:curation:eea452b2-e068-51a0-9f67-aebfdad03ed7
American,unified:11e637ca-b753-50aa-8d1c-bfccf82ceb6e,PS3568.O243S43,2,elsewhere_review,1961–2000,bokheim:curation:eea452b2-e068-51a0-9f67-aebfdad03ed7
American,unified:11e637ca-b753-50aa-8d1c-bfccf82ceb6e,PS3568.O243S54,2,elsewhere_review,1961–2000,bokheim:curation:eea452b2-e068-51a0-9f67-aebfdad03ed7
American,unified:11e637ca-b753-50aa-8d1c-bfccf82ceb6e,PS3568.O243S87,2,elsewhere_review,1961–2000,bokheim:curation:eea452b2-e068-51a0-9f67-aebfdad03ed7
American,unified:11e637ca-b753-50aa-8d1c-bfccf82ceb6e,PS3568.O243S9,2,elsewhere_review,1961–2000,bokheim:curation:eea452b2-e068-51a0-9f67-aebfdad03ed7
American,unified:11e637ca-b753-50aa-8d1c-bfccf82ceb6e,PS3568.O243T48,2,elsewhere_review,1961–2000,bokheim:curation:eea452b2-e068-51a0-9f67-aebfdad03ed7
American,unified:11e637ca-b753-50aa-8d1c-bfccf82ceb6e,PS3568.O243T49,2,elsewhere_review,1961–2000,bokheim:curation:eea452b2-e068-51a0-9f67-aebfdad03ed7
American,unified:11e637ca-b753-50aa-8d1c-bfccf82ceb6e,PS3568.O243T78,2,elsewhere_review,1961–2000,bokheim:curation:eea452b2-e068-51a0-9f67-aebfdad03ed7
American,unified:11e637ca-b753-50aa-8d1c-bfccf82ceb6e,PS3568.O243U48,2,elsewhere_review,1961–2000,bokheim:curation:eea452b2-e068-51a0-9f67-aebfdad03ed7
American,unified:11e637ca-b753-50aa-8d1c-bfccf82ceb6e,PS3568.O243V35,2,elsewhere_review,1961–2000,bokheim:curation:eea452b2-e068-51a0-9f67-aebfdad03ed7
American,unified:11e637ca-b753-50aa-8d1c-bfccf82ceb6e,PS3568.O243V5,2,elsewhere_review,1961–2000,bokheim:curation:eea452b2-e068-51a0-9f67-aebfdad03ed7
American,unified:11e637ca-b753-50aa-8d1c-bfccf82ceb6e,PS3569.A5125F68,2,elsewhere_review,1961–2000,bokheim:curation:eea452b2-e068-51a0-9f67-aebfdad03ed7
American,unified:11e637ca-b753-50aa-8d1c-bfccf82ceb6e,PS3569.A5125S76,2,elsewhere_review,1961–2000,bokheim:curation:eea452b2-e068-51a0-9f67-aebfdad03ed7
American,unified:11e637ca-b753-50aa-8d1c-bfccf82ceb6e,PS3569.A5125T5,2,elsewhere_review,1961–2000,bokheim:curation:eea452b2-e068-51a0-9f67-aebfdad03ed7
American,unified:11e637ca-b753-50aa-8d1c-bfccf82ceb6e,PS3569.A516A6,2,elsewhere_review,1961–2000,bokheim:curation:eea452b2-e068-51a0-9f67-aebfdad03ed7
American,unified:11e637ca-b753-50aa-8d1c-bfccf82ceb6e,PS3569.A516B76,2,elsewhere_review,1961–2000,bokheim:curation:eea452b2-e068-51a0-9f67-aebfdad03ed7
American,unified:11e637ca-b753-50aa-8d1c-bfccf82ceb6e,PS3569.A516D43,2,elsewhere_review,1961–2000,bokheim:curation:eea452b2-e068-51a0-9f67-aebfdad03ed7
American,unified:11e637ca-b753-50aa-8d1c-bfccf82ceb6e,PS3569.A516D44,2,elsewhere_review,1961–2000,bokheim:curation:eea452b2-e068-51a0-9f67-aebfdad03ed7
American,unified:11e637ca-b753-50aa-8d1c-bfccf82ceb6e,PS3569.A516G65,2,elsewhere_review,1961–2000,bokheim:curation:eea452b2-e068-51a0-9f67-aebfdad03ed7
American,unified:11e637ca-b753-50aa-8d1c-bfccf82ceb6e,PS3569.A516H36,2,elsewhere_review,1961–2000,bokheim:curation:eea452b2-e068-51a0-9f67-aebfdad03ed7
American,unified:11e637ca-b753-50aa-8d1c-bfccf82ceb6e,PS3569.A516I58,2,elsewhere_review,1961–2000,bokheim:curation:eea452b2-e068-51a0-9f67-aebfdad03ed7
American,unified:11e637ca-b753-50aa-8d1c-bfccf82ceb6e,PS3569.A516M37,2,elsewhere_review,1961–2000,bokheim:curation:eea452b2-e068-51a0-9f67-aebfdad03ed7
American,unified:11e637ca-b753-50aa-8d1c-bfccf82ceb6e,PS3569.A516N35,2,elsewhere_review,1961–2000,bokheim:curation:eea452b2-e068-51a0-9f67-aebfdad03ed7
American,unified:11e637ca-b753-50aa-8d1c-bfccf82ceb6e,PS3569.A516S5,2,elsewhere_review,1961–2000,bokheim:curation:eea452b2-e068-51a0-9f67-aebfdad03ed7
American,unified:11e637ca-b753-50aa-8d1c-bfccf82ceb6e,PS3569.C5532,2,elsewhere_review,1961–2000,bokheim:curation:eea452b2-e068-51a0-9f67-aebfdad03ed7
American,unified:11e637ca-b753-50aa-8d1c-bfccf82ceb6e,PS3569.I4717,2,elsewhere_review,1961–2000,bokheim:curation:eea452b2-e068-51a0-9f67-aebfdad03ed7
American,unified:11e637ca-b753-50aa-8d1c-bfccf82ceb6e,PS3569.I472A6,2,elsewhere_review,1961–2000,bokheim:curation:eea452b2-e068-51a0-9f67-aebfdad03ed7
American,unified:11e637ca-b753-50aa-8d1c-bfccf82ceb6e,PS3569.I472A93,2,elsewhere_review,1961–2000,bokheim:curation:eea452b2-e068-51a0-9f67-aebfdad03ed7
American,unified:11e637ca-b753-50aa-8d1c-bfccf82ceb6e,PS3569.I472K55,2,elsewhere_review,1961–2000,bokheim:curation:eea452b2-e068-51a0-9f67-aebfdad03ed7
American,unified:11e637ca-b753-50aa-8d1c-bfccf82ceb6e,PS3569.I472L65,2,elsewhere_review,1961–2000,bokheim:curation:eea452b2-e068-51a0-9f67-aebfdad03ed7
American,unified:11e637ca-b753-50aa-8d1c-bfccf82ceb6e,PS3569.I472N4,2,elsewhere_review,1961–2000,bokheim:curation:eea452b2-e068-51a0-9f67-aebfdad03ed7
American,unified:11e637ca-b753-50aa-8d1c-bfccf82ceb6e,PS3569.I472S67,2,elsewhere_review,1961–2000,bokheim:curation:eea452b2-e068-51a0-9f67-aebfdad03ed7
American,unified:11e637ca-b753-50aa-8d1c-bfccf82ceb6e,PS3569.I472S74,2,elsewhere_review,1961–2000,bokheim:curation:eea452b2-e068-51a0-9f67-aebfdad03ed7
American,unified:11e637ca-b753-50aa-8d1c-bfccf82ceb6e,PS3569.I472V3,2,elsewhere_review,1961–2000,bokheim:curation:eea452b2-e068-51a0-9f67-aebfdad03ed7
American,unified:11e637ca-b753-50aa-8d1c-bfccf82ceb6e,PS3569.M5377G6,2,elsewhere_review,1961–2000,bokheim:curation:eea452b2-e068-51a0-9f67-aebfdad03ed7
American,unified:11e637ca-b753-50aa-8d1c-bfccf82ceb6e,PS3569.M5377R67,2,elsewhere_review,1961–2000,bokheim:curation:eea452b2-e068-51a0-9f67-aebfdad03ed7
American,unified:11e637ca-b753-50aa-8d1c-bfccf82ceb6e,PS3569.M5377T57,2,elsewhere_review,1961–2000,bokheim:curation:eea452b2-e068-51a0-9f67-aebfdad03ed7
American,unified:11e637ca-b753-50aa-8d1c-bfccf82ceb6e,PS3570.A49,2,elsewhere_review,1961–2000,bokheim:curation:eea452b2-e068-51a0-9f67-aebfdad03ed7
American,unified:11e637ca-b753-50aa-8d1c-bfccf82ceb6e,PS3570.E673N67,2,elsewhere_review,1961–2000,bokheim:curation:eea452b2-e068-51a0-9f67-aebfdad03ed7
American,unified:11e637ca-b753-50aa-8d1c-bfccf82ceb6e,PS3570.H58F68,2,elsewhere_review,1961–2000,bokheim:curation:eea452b2-e068-51a0-9f67-aebfdad03ed7
American,unified:11e637ca-b753-50aa-8d1c-bfccf82ceb6e,PS3570.H58M57,2,elsewhere_review,1961–2000,bokheim:curation:eea452b2-e068-51a0-9f67-aebfdad03ed7
American,unified:11e637ca-b753-50aa-8d1c-bfccf82ceb6e,PS3570.I66A6,2,elsewhere_review,1961–2000,bokheim:curation:eea452b2-e068-51a0-9f67-aebfdad03ed7
American,unified:11e637ca-b753-50aa-8d1c-bfccf82ceb6e,PS3570.I66Z88,2,elsewhere_review,1961–2000,bokheim:curation:eea452b2-e068-51a0-9f67-aebfdad03ed7
American,unified:11e637ca-b753-50aa-8d1c-bfccf82ceb6e,PS3570.O29C68,2,elsewhere_review,1961–2000,bokheim:curation:eea452b2-e068-51a0-9f67-aebfdad03ed7
American,unified:11e637ca-b753-50aa-8d1c-bfccf82ceb6e,PS3573.A4795C33,2,elsewhere_review,1961–2000,bokheim:curation:eea452b2-e068-51a0-9f67-aebfdad03ed7
American,unified:11e637ca-b753-50aa-8d1c-bfccf82ceb6e,PS3573.A4795F74,2,elsewhere_review,1961–2000,bokheim:curation:eea452b2-e068-51a0-9f67-aebfdad03ed7
American,unified:11e637ca-b753-50aa-8d1c-bfccf82ceb6e,PS3573.A7713,2,elsewhere_review,1961–2000,bokheim:curation:eea452b2-e068-51a0-9f67-aebfdad03ed7
American,unified:11e637ca-b753-50aa-8d1c-bfccf82ceb6e,PS3573.E9A93,2,elsewhere_review,1961–2000,bokheim:curation:eea452b2-e068-51a0-9f67-aebfdad03ed7
American,unified:11e637ca-b753-50aa-8d1c-bfccf82ceb6e,PS3573.E9B4,2,elsewhere_review,1961–2000,bokheim:curation:eea452b2-e068-51a0-9f67-aebfdad03ed7
American,unified:11e637ca-b753-50aa-8d1c-bfccf82ceb6e,PS3573.E9B74,2,elsewhere_review,1961–2000,bokheim:curation:eea452b2-e068-51a0-9f67-aebfdad03ed7
American,unified:11e637ca-b753-50aa-8d1c-bfccf82ceb6e,PS3573.E9C66,2,elsewhere_review,1961–2000,bokheim:curation:eea452b2-e068-51a0-9f67-aebfdad03ed7
American,unified:11e637ca-b753-50aa-8d1c-bfccf82ceb6e,PS3573.E9F55,2,elsewhere_review,1961–2000,bokheim:curation:eea452b2-e068-51a0-9f67-aebfdad03ed7
American,unified:11e637ca-b753-50aa-8d1c-bfccf82ceb6e,PS3573.E9J84,2,elsewhere_review,1961–2000,bokheim:curation:eea452b2-e068-51a0-9f67-aebfdad03ed7
American,unified:11e637ca-b753-50aa-8d1c-bfccf82ceb6e,PS3573.E9M3,2,elsewhere_review,1961–2000,bokheim:curation:eea452b2-e068-51a0-9f67-aebfdad03ed7
American,unified:11e637ca-b753-50aa-8d1c-bfccf82ceb6e,PS3573.E9M6,2,elsewhere_review,1961–2000,bokheim:curation:eea452b2-e068-51a0-9f67-aebfdad03ed7
American,unified:11e637ca-b753-50aa-8d1c-bfccf82ceb6e,PS3573.E9N63,2,elsewhere_review,1961–2000,bokheim:curation:eea452b2-e068-51a0-9f67-aebfdad03ed7
American,unified:11e637ca-b753-50aa-8d1c-bfccf82ceb6e,PS3573.E9O9,2,elsewhere_review,1961–2000,bokheim:curation:eea452b2-e068-51a0-9f67-aebfdad03ed7
American,unified:11e637ca-b753-50aa-8d1c-bfccf82ceb6e,PS3573.E9S36,2,elsewhere_review,1961–2000,bokheim:curation:eea452b2-e068-51a0-9f67-aebfdad03ed7
American,unified:11e637ca-b753-50aa-8d1c-bfccf82ceb6e,PS3573.E9S48,2,elsewhere_review,1961–2000,bokheim:curation:eea452b2-e068-51a0-9f67-aebfdad03ed7
American,unified:11e637ca-b753-50aa-8d1c-bfccf82ceb6e,PS3573.E9W3,2,elsewhere_review,1961–2000,bokheim:curation:eea452b2-e068-51a0-9f67-aebfdad03ed7
American,unified:11e637ca-b753-50aa-8d1c-bfccf82ceb6e,PS3573.H32F7,2,elsewhere_review,1961–2000,bokheim:curation:eea452b2-e068-51a0-9f67-aebfdad03ed7
American,unified:11e637ca-b753-50aa-8d1c-bfccf82ceb6e,PS3573.I358,2,elsewhere_review,1961–2000,bokheim:curation:eea452b2-e068-51a0-9f67-aebfdad03ed7
American,unified:11e637ca-b753-50aa-8d1c-bfccf82ceb6e,PS3573.O5877D7,2,elsewhere_review,1961–2000,bokheim:curation:eea452b2-e068-51a0-9f67-aebfdad03ed7
American,unified:11e637ca-b753-50aa-8d1c-bfccf82ceb6e,PS3573.O5877G74,2,elsewhere_review,1961–2000,bokheim:curation:eea452b2-e068-51a0-9f67-aebfdad03ed7
American,unified:11e637ca-b753-50aa-8d1c-bfccf82ceb6e,PS3573.O5877P47,2,elsewhere_review,1961–2000,bokheim:curation:eea452b2-e068-51a0-9f67-aebfdad03ed7
American,unified:11e637ca-b753-50aa-8d1c-bfccf82ceb6e,PS3573.O5877V5,2,elsewhere_review,1961–2000,bokheim:curation:eea452b2-e068-51a0-9f67-aebfdad03ed7
American,unified:11e637ca-b753-50aa-8d1c-bfccf82ceb6e,PS3511.A738D74,1,elsewhere_review,1900–1960,bokheim:curation:4d24af59-aa33-540e-b8b0-c561217ab8c3
American,unified:11e637ca-b753-50aa-8d1c-bfccf82ceb6e,PS3511.A738S2,1,elsewhere_review,1900–1960,bokheim:curation:4d24af59-aa33-540e-b8b0-c561217ab8c3
American,unified:11e637ca-b753-50aa-8d1c-bfccf82ceb6e,PS3511.A738Z635,1,elsewhere_review,1900–1960,bokheim:curation:4d24af59-aa33-540e-b8b0-c561217ab8c3
American,unified:11e637ca-b753-50aa-8d1c-bfccf82ceb6e,PS3511.A738Z64,1,elsewhere_review,1900–1960,bokheim:curation:4d24af59-aa33-540e-b8b0-c561217ab8c3
American,unified:11e637ca-b753-50aa-8d1c-bfccf82ceb6e,PS3511.A738Z66,1,elsewhere_review,1900–1960,bokheim:curation:4d24af59-aa33-540e-b8b0-c561217ab8c3
American,unified:11e637ca-b753-50aa-8d1c-bfccf82ceb6e,PS3511.A738Z76,1,elsewhere_review,1900–1960,bokheim:curation:4d24af59-aa33-540e-b8b0-c561217ab8c3
American,unified:11e637ca-b753-50aa-8d1c-bfccf82ceb6e,PS3511.A784A6,1,elsewhere_review,1900–1960,bokheim:curation:4d24af59-aa33-540e-b8b0-c561217ab8c3
American,unified:11e637ca-b753-50aa-8d1c-bfccf82ceb6e,PS3511.A784A86,1,elsewhere_review,1900–1960,bokheim:curation:4d24af59-aa33-540e-b8b0-c561217ab8c3
American,unified:11e637ca-b753-50aa-8d1c-bfccf82ceb6e,PS3511.A784B75,1,elsewhere_review,1900–1960,bokheim:curation:4d24af59-aa33-540e-b8b0-c561217ab8c3
American,unified:11e637ca-b753-50aa-8d1c-bfccf82ceb6e,PS3511.A784C25,1,elsewhere_review,1900–1960,bokheim:curation:4d24af59-aa33-540e-b8b0-c561217ab8c3
American,unified:11e637ca-b753-50aa-8d1c-bfccf82ceb6e,PS3511.A784C3,1,elsewhere_review,1900–1960,bokheim:curation:4d24af59-aa33-540e-b8b0-c561217ab8c3
American,unified:11e637ca-b753-50aa-8d1c-bfccf82ceb6e,PS3511.A784C55,1,elsewhere_review,1900–1960,bokheim:curation:4d24af59-aa33-540e-b8b0-c561217ab8c3
American,unified:11e637ca-b753-50aa-8d1c-bfccf82ceb6e,PS3511.A784C66,1,elsewhere_review,1900–1960,bokheim:curation:4d24af59-aa33-540e-b8b0-c561217ab8c3
American,unified:11e637ca-b753-50aa-8d1c-bfccf82ceb6e,PS3511.A784D5,1,elsewhere_review,1900–1960,bokheim:curation:4d24af59-aa33-540e-b8b0-c561217ab8c3
American,unified:11e637ca-b753-50aa-8d1c-bfccf82ceb6e,PS3511.A784F72,1,elsewhere_review,1900–1960,bokheim:curation:4d24af59-aa33-540e-b8b0-c561217ab8c3
American,unified:11e637ca-b753-50aa-8d1c-bfccf82ceb6e,PS3511.A784G74,1,elsewhere_review,1900–1960,bokheim:curation:4d24af59-aa33-540e-b8b0-c561217ab8c3
American,unified:11e637ca-b753-50aa-8d1c-bfccf82ceb6e,PS3511.A784H4,1,elsewhere_review,1900–1960,bokheim:curation:4d24af59-aa33-540e-b8b0-c561217ab8c3
American,unified:11e637ca-b753-50aa-8d1c-bfccf82ceb6e,PS3511.A784I5,1,elsewhere_review,1900–1960,bokheim:curation:4d24af59-aa33-540e-b8b0-c561217ab8c3
American,unified:11e637ca-b753-50aa-8d1c-bfccf82ceb6e,PS3511.A784I55,1,elsewhere_review,1900–1960,bokheim:curation:4d24af59-aa33-540e-b8b0-c561217ab8c3
American,unified:11e637ca-b753-50aa-8d1c-bfccf82ceb6e,PS3511.A784L37,1,elsewhere_review,1900–1960,bokheim:curation:4d24af59-aa33-540e-b8b0-c561217ab8c3
American,unified:11e637ca-b753-50aa-8d1c-bfccf82ceb6e,PS3511.A784L4,1,elsewhere_review,1900–1960,bokheim:curation:4d24af59-aa33-540e-b8b0-c561217ab8c3
American,unified:11e637ca-b753-50aa-8d1c-bfccf82ceb6e,PS3511.A784M3,1,elsewhere_review,1900–1960,bokheim:curation:4d24af59-aa33-540e-b8b0-c561217ab8c3
American,unified:11e637ca-b753-50aa-8d1c-bfccf82ceb6e,PS3511.A784M9,1,elsewhere_review,1900–1960,bokheim:curation:4d24af59-aa33-540e-b8b0-c561217ab8c3
American,unified:11e637ca-b753-50aa-8d1c-bfccf82ceb6e,PS3511.A784O9,1,elsewhere_review,1900–1960,bokheim:curation:4d24af59-aa33-540e-b8b0-c561217ab8c3
American,unified:11e637ca-b753-50aa-8d1c-bfccf82ceb6e,PS3511.A784P54,1,elsewhere_review,1900–1960,bokheim:curation:4d24af59-aa33-540e-b8b0-c561217ab8c3
American,unified:11e637ca-b753-50aa-8d1c-bfccf82ceb6e,PS3511.A784R44,1,elsewhere_review,1900–1960,bokheim:curation:4d24af59-aa33-540e-b8b0-c561217ab8c3
American,unified:11e637ca-b753-50aa-8d1c-bfccf82ceb6e,PS3511.A784S43,1,elsewhere_review,1900–1960,bokheim:curation:4d24af59-aa33-540e-b8b0-c561217ab8c3
American,unified:11e637ca-b753-50aa-8d1c-bfccf82ceb6e,PS3511.A784S45,1,elsewhere_review,1900–1960,bokheim:curation:4d24af59-aa33-540e-b8b0-c561217ab8c3
American,unified:11e637ca-b753-50aa-8d1c-bfccf82ceb6e,PS3511.A784S6,1,elsewhere_review,1900–1960,bokheim:curation:4d24af59-aa33-540e-b8b0-c561217ab8c3
American,unified:11e637ca-b753-50aa-8d1c-bfccf82ceb6e,PS3511.A784U7,1,elsewhere_review,1900–1960,bokheim:curation:4d24af59-aa33-540e-b8b0-c561217ab8c3
American,unified:11e637ca-b753-50aa-8d1c-bfccf82ceb6e,PS3511.A784Z86,1,elsewhere_review,1900–1960,bokheim:curation:4d24af59-aa33-540e-b8b0-c561217ab8c3
American,unified:11e637ca-b753-50aa-8d1c-bfccf82ceb6e,PS3511.A87B44,1,elsewhere_review,1900–1960,bokheim:curation:4d24af59-aa33-540e-b8b0-c561217ab8c3
American,unified:11e637ca-b753-50aa-8d1c-bfccf82ceb6e,PS3511.A87B57,1,elsewhere_review,1900–1960,bokheim:curation:4d24af59-aa33-540e-b8b0-c561217ab8c3
American,unified:11e637ca-b753-50aa-8d1c-bfccf82ceb6e,PS3511.A87B575,1,elsewhere_review,1900–1960,bokheim:curation:4d24af59-aa33-540e-b8b0-c561217ab8c3
American,unified:11e637ca-b753-50aa-8d1c-bfccf82ceb6e,PS3511.A87B8,1,elsewhere_review,1900–1960,bokheim:curation:4d24af59-aa33-540e-b8b0-c561217ab8c3
American,unified:11e637ca-b753-50aa-8d1c-bfccf82ceb6e,PS3511.A87C35,1,elsewhere_review,1900–1960,bokheim:curation:4d24af59-aa33-540e-b8b0-c561217ab8c3
American,unified:11e637ca-b753-50aa-8d1c-bfccf82ceb6e,PS3511.A87C48,1,elsewhere_review,1900–1960,bokheim:curation:4d24af59-aa33-540e-b8b0-c561217ab8c3
American,unified:11e637ca-b753-50aa-8d1c-bfccf82ceb6e,PS3511.A87C6,1,elsewhere_review,1900–1960,bokheim:curation:4d24af59-aa33-540e-b8b0-c561217ab8c3
American,unified:11e637ca-b753-50aa-8d1c-bfccf82ceb6e,PS3511.A87D425,1,elsewhere_review,1900–1960,bokheim:curation:4d24af59-aa33-540e-b8b0-c561217ab8c3
American,unified:11e637ca-b753-50aa-8d1c-bfccf82ceb6e,PS3511.A87F36,1,elsewhere_review,1900–1960,bokheim:curation:4d24af59-aa33-540e-b8b0-c561217ab8c3
American,unified:11e637ca-b753-50aa-8d1c-bfccf82ceb6e,PS3511.A87F37,1,elsewhere_review,1900–1960,bokheim:curation:4d24af59-aa33-540e-b8b0-c561217ab8c3
American,unified:11e637ca-b753-50aa-8d1c-bfccf82ceb6e,PS3511.A87F84,1,elsewhere_review,1900–1960,bokheim:curation:4d24af59-aa33-540e-b8b0-c561217ab8c3
American,unified:11e637ca-b753-50aa-8d1c-bfccf82ceb6e,PS3511.A87G29,1,elsewhere_review,1900–1960,bokheim:curation:4d24af59-aa33-540e-b8b0-c561217ab8c3
American,unified:11e637ca-b753-50aa-8d1c-bfccf82ceb6e,PS3511.A87G4,1,elsewhere_review,1900–1960,bokheim:curation:4d24af59-aa33-540e-b8b0-c561217ab8c3
American,unified:11e637ca-b753-50aa-8d1c-bfccf82ceb6e,PS3511.A87I68,1,elsewhere_review,1900–1960,bokheim:curation:4d24af59-aa33-540e-b8b0-c561217ab8c3
American,unified:11e637ca-b753-50aa-8d1c-bfccf82ceb6e,PS3511.A87L27,1,elsewhere_review,1900–1960,bokheim:curation:4d24af59-aa33-540e-b8b0-c561217ab8c3
American,unified:11e637ca-b753-50aa-8d1c-bfccf82ceb6e,PS3511.A87L3,1,elsewhere_review,1900–1960,bokheim:curation:4d24af59-aa33-540e-b8b0-c561217ab8c3
American,unified:11e637ca-b753-50aa-8d1c-bfccf82ceb6e,PS3511.A87L67,1,elsewhere_review,1900–1960,bokheim:curation:4d24af59-aa33-540e-b8b0-c561217ab8c3
American,unified:11e637ca-b753-50aa-8d1c-bfccf82ceb6e,PS3511.A87L8,1,elsewhere_review,1900–1960,bokheim:curation:4d24af59-aa33-540e-b8b0-c561217ab8c3
American,unified:11e637ca-b753-50aa-8d1c-bfccf82ceb6e,PS3511.A87M27,1,elsewhere_review,1900–1960,bokheim:curation:4d24af59-aa33-540e-b8b0-c561217ab8c3
American,unified:11e637ca-b753-50aa-8d1c-bfccf82ceb6e,PS3511.A87M3,1,elsewhere_review,1900–1960,bokheim:curation:4d24af59-aa33-540e-b8b0-c561217ab8c3
American,unified:11e637ca-b753-50aa-8d1c-bfccf82ceb6e,PS3511.A87M79,1,elsewhere_review,1900–1960,bokheim:curation:4d24af59-aa33-540e-b8b0-c561217ab8c3
American,unified:11e637ca-b753-50aa-8d1c-bfccf82ceb6e,PS3511.A87M8,1,elsewhere_review,1900–1960,bokheim:curation:4d24af59-aa33-540e-b8b0-c561217ab8c3
American,unified:11e637ca-b753-50aa-8d1c-bfccf82ceb6e,PS3511.A87N49,1,elsewhere_review,1900–1960,bokheim:curation:4d24af59-aa33-540e-b8b0-c561217ab8c3
American,unified:11e637ca-b753-50aa-8d1c-bfccf82ceb6e,PS3511.A87N5,1,elsewhere_review,1900–1960,bokheim:curation:4d24af59-aa33-540e-b8b0-c561217ab8c3
American,unified:11e637ca-b753-50aa-8d1c-bfccf82ceb6e,PS3511.A87O54,1,elsewhere_review,1900–1960,bokheim:curation:4d24af59-aa33-540e-b8b0-c561217ab8c3
American,unified:11e637ca-b753-50aa-8d1c-bfccf82ceb6e,PS3511.A87O84,1,elsewhere_review,1900–1960,bokheim:curation:4d24af59-aa33-540e-b8b0-c561217ab8c3
American,unified:11e637ca-b753-50aa-8d1c-bfccf82ceb6e,PS3511.A87R26,1,elsewhere_review,1900–1960,bokheim:curation:4d24af59-aa33-540e-b8b0-c561217ab8c3
American,unified:11e637ca-b753-50aa-8d1c-bfccf82ceb6e,PS3511.A87R43,1,elsewhere_review,1900–1960,bokheim:curation:4d24af59-aa33-540e-b8b0-c561217ab8c3
American,unified:11e637ca-b753-50aa-8d1c-bfccf82ceb6e,PS3511.A87R49,1,elsewhere_review,1900–1960,bokheim:curation:4d24af59-aa33-540e-b8b0-c561217ab8c3
American,unified:11e637ca-b753-50aa-8d1c-bfccf82ceb6e,PS3511.A87R53,1,elsewhere_review,1900–1960,bokheim:curation:4d24af59-aa33-540e-b8b0-c561217ab8c3
American,unified:11e637ca-b753-50aa-8d1c-bfccf82ceb6e,PS3511.A87R87,1,elsewhere_review,1900–1960,bokheim:curation:4d24af59-aa33-540e-b8b0-c561217ab8c3
American,unified:11e637ca-b753-50aa-8d1c-bfccf82ceb6e,PS3511.A87S35,1,elsewhere_review,1900–1960,bokheim:curation:4d24af59-aa33-540e-b8b0-c561217ab8c3
American,unified:11e637ca-b753-50aa-8d1c-bfccf82ceb6e,PS3511.A87S4,1,elsewhere_review,1900–1960,bokheim:curation:4d24af59-aa33-540e-b8b0-c561217ab8c3
American,unified:11e637ca-b753-50aa-8d1c-bfccf82ceb6e,PS3511.A87S47,1,elsewhere_review,1900–1960,bokheim:curation:4d24af59-aa33-540e-b8b0-c561217ab8c3
American,unified:11e637ca-b753-50aa-8d1c-bfccf82ceb6e,PS3511.A87S49,1,elsewhere_review,1900–1960,bokheim:curation:4d24af59-aa33-540e-b8b0-c561217ab8c3
American,unified:11e637ca-b753-50aa-8d1c-bfccf82ceb6e,PS3511.A87S5,1,elsewhere_review,1900–1960,bokheim:curation:4d24af59-aa33-540e-b8b0-c561217ab8c3
American,unified:11e637ca-b753-50aa-8d1c-bfccf82ceb6e,PS3511.A87S515,1,elsewhere_review,1900–1960,bokheim:curation:4d24af59-aa33-540e-b8b0-c561217ab8c3
American,unified:11e637ca-b753-50aa-8d1c-bfccf82ceb6e,PS3511.A87S543,1,elsewhere_review,1900–1960,bokheim:curation:4d24af59-aa33-540e-b8b0-c561217ab8c3
American,unified:11e637ca-b753-50aa-8d1c-bfccf82ceb6e,PS3511.A87S544,1,elsewhere_review,1900–1960,bokheim:curation:4d24af59-aa33-540e-b8b0-c561217ab8c3
American,unified:11e637ca-b753-50aa-8d1c-bfccf82ceb6e,PS3511.A87S545,1,elsewhere_review,1900–1960,bokheim:curation:4d24af59-aa33-540e-b8b0-c561217ab8c3
American,unified:11e637ca-b753-50aa-8d1c-bfccf82ceb6e,PS3511.A87S57,1,elsewhere_review,1900–1960,bokheim:curation:4d24af59-aa33-540e-b8b0-c561217ab8c3
American,unified:11e637ca-b753-50aa-8d1c-bfccf82ceb6e,PS3511.A87S83,1,elsewhere_review,1900–1960,bokheim:curation:4d24af59-aa33-540e-b8b0-c561217ab8c3
American,unified:11e637ca-b753-50aa-8d1c-bfccf82ceb6e,PS3511.A87T45,1,elsewhere_review,1900–1960,bokheim:curation:4d24af59-aa33-540e-b8b0-c561217ab8c3
American,unified:11e637ca-b753-50aa-8d1c-bfccf82ceb6e,PS3511.A87T453,1,elsewhere_review,1900–1960,bokheim:curation:4d24af59-aa33-540e-b8b0-c561217ab8c3
American,unified:11e637ca-b753-50aa-8d1c-bfccf82ceb6e,PS3511.A87T58,1,elsewhere_review,1900–1960,bokheim:curation:4d24af59-aa33-540e-b8b0-c561217ab8c3
American,unified:11e637ca-b753-50aa-8d1c-bfccf82ceb6e,PS3511.A87T737,1,elsewhere_review,1900–1960,bokheim:curation:4d24af59-aa33-540e-b8b0-c561217ab8c3
American,unified:11e637ca-b753-50aa-8d1c-bfccf82ceb6e,PS3511.A87U58,1,elsewhere_review,1900–1960,bokheim:curation:4d24af59-aa33-540e-b8b0-c561217ab8c3
American,unified:11e637ca-b753-50aa-8d1c-bfccf82ceb6e,PS3511.A87V27,1,elsewhere_review,1900–1960,bokheim:curation:4d24af59-aa33-540e-b8b0-c561217ab8c3
American,unified:11e637ca-b753-50aa-8d1c-bfccf82ceb6e,PS3511.A87V34,1,elsewhere_review,1900–1960,bokheim:curation:4d24af59-aa33-540e-b8b0-c561217ab8c3
American,unified:11e637ca-b753-50aa-8d1c-bfccf82ceb6e,PS3511.A87Z65,1,elsewhere_review,1900–1960,bokheim:curation:4d24af59-aa33-540e-b8b0-c561217ab8c3
American,unified:11e637ca-b753-50aa-8d1c-bfccf82ceb6e,PS3511.A87Z78,1,elsewhere_review,1900–1960,bokheim:curation:4d24af59-aa33-540e-b8b0-c561217ab8c3
American,unified:11e637ca-b753-50aa-8d1c-bfccf82ceb6e,PS3511.E56,1,elsewhere_review,1900–1960,bokheim:curation:4d24af59-aa33-540e-b8b0-c561217ab8c3
American,unified:11e637ca-b753-50aa-8d1c-bfccf82ceb6e,PS3511.I557,1,elsewhere_review,1900–1960,bokheim:curation:4d24af59-aa33-540e-b8b0-c561217ab8c3
American,unified:11e637ca-b753-50aa-8d1c-bfccf82ceb6e,PS3511.I557Z86,1,elsewhere_review,1900–1960,bokheim:curation:4d24af59-aa33-540e-b8b0-c561217ab8c3
American,unified:11e637ca-b753-50aa-8d1c-bfccf82ceb6e,PS3511.L645A6,1,elsewhere_review,1900–1960,bokheim:curation:4d24af59-aa33-540e-b8b0-c561217ab8c3
American,unified:11e637ca-b753-50aa-8d1c-bfccf82ceb6e,PS3511.O186D36,1,elsewhere_review,1900–1960,bokheim:curation:4d24af59-aa33-540e-b8b0-c561217ab8c3
American,unified:11e637ca-b753-50aa-8d1c-bfccf82ceb6e,PS3511.O186D37,1,elsewhere_review,1900–1960,bokheim:curation:4d24af59-aa33-540e-b8b0-c561217ab8c3
American,unified:11e637ca-b753-50aa-8d1c-bfccf82ceb6e,PS3511.O186R4,1,elsewhere_review,1900–1960,bokheim:curation:4d24af59-aa33-540e-b8b0-c561217ab8c3
American,unified:11e637ca-b753-50aa-8d1c-bfccf82ceb6e,PS3511.O186T78,1,elsewhere_review,1900–1960,bokheim:curation:4d24af59-aa33-540e-b8b0-c561217ab8c3
American,unified:11e637ca-b753-50aa-8d1c-bfccf82ceb6e,PS3511.O4127,1,elsewhere_review,1900–1960,bokheim:curation:4d24af59-aa33-540e-b8b0-c561217ab8c3
American,unified:11e637ca-b753-50aa-8d1c-bfccf82ceb6e,PS3511.O63Z55,1,elsewhere_review,1900–1960,bokheim:curation:4d24af59-aa33-540e-b8b0-c561217ab8c3
American,unified:11e637ca-b753-50aa-8d1c-bfccf82ceb6e,PS3511.O63Z56,1,elsewhere_review,1900–1960,bokheim:curation:4d24af59-aa33-540e-b8b0-c561217ab8c3
American,unified:11e637ca-b753-50aa-8d1c-bfccf82ceb6e,PS3511.R94.M66,1,elsewhere_review,1900–1960,bokheim:curation:4d24af59-aa33-540e-b8b0-c561217ab8c3
American,unified:11e637ca-b753-50aa-8d1c-bfccf82ceb6e,PS3511.R94.Z52,1,elsewhere_review,1900–1960,bokheim:curation:4d24af59-aa33-540e-b8b0-c561217ab8c3
American,unified:11e637ca-b753-50aa-8d1c-bfccf82ceb6e,PS3511.R94.Z547,1,elsewhere_review,1900–1960,bokheim:curation:4d24af59-aa33-540e-b8b0-c561217ab8c3
American,unified:11e637ca-b753-50aa-8d1c-bfccf82ceb6e,PS3511.R94.Z655,1,elsewhere_review,1900–1960,bokheim:curation:4d24af59-aa33-540e-b8b0-c561217ab8c3
American,unified:11e637ca-b753-50aa-8d1c-bfccf82ceb6e,PS3511.R94.Z9166,1,elsewhere_review,1900–1960,bokheim:curation:4d24af59-aa33-540e-b8b0-c561217ab8c3
American,unified:11e637ca-b753-50aa-8d1c-bfccf82ceb6e,PS3511.R94A17,1,elsewhere_review,1900–1960,bokheim:curation:4d24af59-aa33-540e-b8b0-c561217ab8c3
American,unified:11e637ca-b753-50aa-8d1c-bfccf82ceb6e,PS3511.R94B5,1,elsewhere_review,1900–1960,bokheim:curation:4d24af59-aa33-540e-b8b0-c561217ab8c3
American,unified:11e637ca-b753-50aa-8d1c-bfccf82ceb6e,PS3511.R94C5,1,elsewhere_review,1900–1960,bokheim:curation:4d24af59-aa33-540e-b8b0-c561217ab8c3
American,unified:11e637ca-b753-50aa-8d1c-bfccf82ceb6e,PS3511.R94N637,1,elsewhere_review,1900–1960,bokheim:curation:4d24af59-aa33-540e-b8b0-c561217ab8c3
American,unified:11e637ca-b753-50aa-8d1c-bfccf82ceb6e,PS3511.R94P67,1,elsewhere_review,1900–1960,bokheim:curation:4d24af59-aa33-540e-b8b0-c561217ab8c3
American,unified:11e637ca-b753-50aa-8d1c-bfccf82ceb6e,PS3511.R94R86,1,elsewhere_review,1900–1960,bokheim:curation:4d24af59-aa33-540e-b8b0-c561217ab8c3
American,unified:11e637ca-b753-50aa-8d1c-bfccf82ceb6e,PS3511.R94Z459,1,elsewhere_review,1900–1960,bokheim:curation:4d24af59-aa33-540e-b8b0-c561217ab8c3
American,unified:11e637ca-b753-50aa-8d1c-bfccf82ceb6e,PS3511.R94Z485,1,elsewhere_review,1900–1960,bokheim:curation:4d24af59-aa33-540e-b8b0-c561217ab8c3
American,unified:11e637ca-b753-50aa-8d1c-bfccf82ceb6e,PS3511.R94Z5,1,elsewhere_review,1900–1960,bokheim:curation:4d24af59-aa33-540e-b8b0-c561217ab8c3
American,unified:11e637ca-b753-50aa-8d1c-bfccf82ceb6e,PS3511.R94Z52,1,elsewhere_review,1900–1960,bokheim:curation:4d24af59-aa33-540e-b8b0-c561217ab8c3
American,unified:11e637ca-b753-50aa-8d1c-bfccf82ceb6e,PS3511.R94Z543,1,elsewhere_review,1900–1960,bokheim:curation:4d24af59-aa33-540e-b8b0-c561217ab8c3
American,unified:11e637ca-b753-50aa-8d1c-bfccf82ceb6e,PS3511.R94Z549,1,elsewhere_review,1900–1960,bokheim:curation:4d24af59-aa33-540e-b8b0-c561217ab8c3
American,unified:11e637ca-b753-50aa-8d1c-bfccf82ceb6e,PS3511.R94Z555,1,elsewhere_review,1900–1960,bokheim:curation:4d24af59-aa33-540e-b8b0-c561217ab8c3
American,unified:11e637ca-b753-50aa-8d1c-bfccf82ceb6e,PS3511.R94Z558,1,elsewhere_review,1900–1960,bokheim:curation:4d24af59-aa33-540e-b8b0-c561217ab8c3
American,unified:11e637ca-b753-50aa-8d1c-bfccf82ceb6e,PS3511.R94Z5595,1,elsewhere_review,1900–1960,bokheim:curation:4d24af59-aa33-540e-b8b0-c561217ab8c3
American,unified:11e637ca-b753-50aa-8d1c-bfccf82ceb6e,PS3511.R94Z595,1,elsewhere_review,1900–1960,bokheim:curation:4d24af59-aa33-540e-b8b0-c561217ab8c3
American,unified:11e637ca-b753-50aa-8d1c-bfccf82ceb6e,PS3511.R94Z614,1,elsewhere_review,1900–1960,bokheim:curation:4d24af59-aa33-540e-b8b0-c561217ab8c3
American,unified:11e637ca-b753-50aa-8d1c-bfccf82ceb6e,PS3511.R94Z6425,1,elsewhere_review,1900–1960,bokheim:curation:4d24af59-aa33-540e-b8b0-c561217ab8c3
American,unified:11e637ca-b753-50aa-8d1c-bfccf82ceb6e,PS3511.R94Z643,1,elsewhere_review,1900–1960,bokheim:curation:4d24af59-aa33-540e-b8b0-c561217ab8c3
American,unified:11e637ca-b753-50aa-8d1c-bfccf82ceb6e,PS3511.R94Z645,1,elsewhere_review,1900–1960,bokheim:curation:4d24af59-aa33-540e-b8b0-c561217ab8c3
American,unified:11e637ca-b753-50aa-8d1c-bfccf82ceb6e,PS3511.R94Z6527,1,elsewhere_review,1900–1960,bokheim:curation:4d24af59-aa33-540e-b8b0-c561217ab8c3
American,unified:11e637ca-b753-50aa-8d1c-bfccf82ceb6e,PS3511.R94Z6529,1,elsewhere_review,1900–1960,bokheim:curation:4d24af59-aa33-540e-b8b0-c561217ab8c3
American,unified:11e637ca-b753-50aa-8d1c-bfccf82ceb6e,PS3511.R94Z66,1,elsewhere_review,1900–1960,bokheim:curation:4d24af59-aa33-540e-b8b0-c561217ab8c3
American,unified:11e637ca-b753-50aa-8d1c-bfccf82ceb6e,PS3511.R94Z67,1,elsewhere_review,1900–1960,bokheim:curation:4d24af59-aa33-540e-b8b0-c561217ab8c3
American,unified:11e637ca-b753-50aa-8d1c-bfccf82ceb6e,PS3511.R94Z743,1,elsewhere_review,1900–1960,bokheim:curation:4d24af59-aa33-540e-b8b0-c561217ab8c3
American,unified:11e637ca-b753-50aa-8d1c-bfccf82ceb6e,PS3511.R94Z7444,1,elsewhere_review,1900–1960,bokheim:curation:4d24af59-aa33-540e-b8b0-c561217ab8c3
American,unified:11e637ca-b753-50aa-8d1c-bfccf82ceb6e,PS3511.R94Z745,1,elsewhere_review,1900–1960,bokheim:curation:4d24af59-aa33-540e-b8b0-c561217ab8c3
American,unified:11e637ca-b753-50aa-8d1c-bfccf82ceb6e,PS3511.R94Z746,1,elsewhere_review,1900–1960,bokheim:curation:4d24af59-aa33-540e-b8b0-c561217ab8c3
American,unified:11e637ca-b753-50aa-8d1c-bfccf82ceb6e,PS3511.R94Z7585,1,elsewhere_review,1900–1960,bokheim:curation:4d24af59-aa33-540e-b8b0-c561217ab8c3
American,unified:11e637ca-b753-50aa-8d1c-bfccf82ceb6e,PS3511.R94Z7618,1,elsewhere_review,1900–1960,bokheim:curation:4d24af59-aa33-540e-b8b0-c561217ab8c3
American,unified:11e637ca-b753-50aa-8d1c-bfccf82ceb6e,PS3511.R94Z76187,1,elsewhere_review,1900–1960,bokheim:curation:4d24af59-aa33-540e-b8b0-c561217ab8c3
American,unified:11e637ca-b753-50aa-8d1c-bfccf82ceb6e,PS3511.R94Z7619,1,elsewhere_review,1900–1960,bokheim:curation:4d24af59-aa33-540e-b8b0-c561217ab8c3
American,unified:11e637ca-b753-50aa-8d1c-bfccf82ceb6e,PS3511.R94Z7645,1,elsewhere_review,1900–1960,bokheim:curation:4d24af59-aa33-540e-b8b0-c561217ab8c3
American,unified:11e637ca-b753-50aa-8d1c-bfccf82ceb6e,PS3511.R94Z788,1,elsewhere_review,1900–1960,bokheim:curation:4d24af59-aa33-540e-b8b0-c561217ab8c3
American,unified:11e637ca-b753-50aa-8d1c-bfccf82ceb6e,PS3511.R94Z793,1,elsewhere_review,1900–1960,bokheim:curation:4d24af59-aa33-540e-b8b0-c561217ab8c3
American,unified:11e637ca-b753-50aa-8d1c-bfccf82ceb6e,PS3511.R94Z794,1,elsewhere_review,1900–1960,bokheim:curation:4d24af59-aa33-540e-b8b0-c561217ab8c3
American,unified:11e637ca-b753-50aa-8d1c-bfccf82ceb6e,PS3511.R94Z85,1,elsewhere_review,1900–1960,bokheim:curation:4d24af59-aa33-540e-b8b0-c561217ab8c3
American,unified:11e637ca-b753-50aa-8d1c-bfccf82ceb6e,PS3511.R94Z856,1,elsewhere_review,1900–1960,bokheim:curation:4d24af59-aa33-540e-b8b0-c561217ab8c3
American,unified:11e637ca-b753-50aa-8d1c-bfccf82ceb6e,PS3511.R94Z8565,1,elsewhere_review,1900–1960,bokheim:curation:4d24af59-aa33-540e-b8b0-c561217ab8c3
American,unified:11e637ca-b753-50aa-8d1c-bfccf82ceb6e,PS3511.R94Z857,1,elsewhere_review,1900–1960,bokheim:curation:4d24af59-aa33-540e-b8b0-c561217ab8c3
American,unified:11e637ca-b753-50aa-8d1c-bfccf82ceb6e,PS3511.R94Z865,1,elsewhere_review,1900–1960,bokheim:curation:4d24af59-aa33-540e-b8b0-c561217ab8c3
American,unified:11e637ca-b753-50aa-8d1c-bfccf82ceb6e,PS3511.R94Z868,1,elsewhere_review,1900–1960,bokheim:curation:4d24af59-aa33-540e-b8b0-c561217ab8c3
American,unified:11e637ca-b753-50aa-8d1c-bfccf82ceb6e,PS3511.R94Z869,1,elsewhere_review,1900–1960,bokheim:curation:4d24af59-aa33-540e-b8b0-c561217ab8c3
American,unified:11e637ca-b753-50aa-8d1c-bfccf82ceb6e,PS3511.R94Z9153,1,elsewhere_review,1900–1960,bokheim:curation:4d24af59-aa33-540e-b8b0-c561217ab8c3
American,unified:11e637ca-b753-50aa-8d1c-bfccf82ceb6e,PS3511.R94Z9158,1,elsewhere_review,1900–1960,bokheim:curation:4d24af59-aa33-540e-b8b0-c561217ab8c3
American,unified:11e637ca-b753-50aa-8d1c-bfccf82ceb6e,PS3511.R94Z9159,1,elsewhere_review,1900–1960,bokheim:curation:4d24af59-aa33-540e-b8b0-c561217ab8c3
American,unified:11e637ca-b753-50aa-8d1c-bfccf82ceb6e,PS3511.R94Z91595,1,elsewhere_review,1900–1960,bokheim:curation:4d24af59-aa33-540e-b8b0-c561217ab8c3
American,unified:11e637ca-b753-50aa-8d1c-bfccf82ceb6e,PS3511.R94Z917,1,elsewhere_review,1900–1960,bokheim:curation:4d24af59-aa33-540e-b8b0-c561217ab8c3
American,unified:11e637ca-b753-50aa-8d1c-bfccf82ceb6e,PS3511.R94Z922,1,elsewhere_review,1900–1960,bokheim:curation:4d24af59-aa33-540e-b8b0-c561217ab8c3
American,unified:11e637ca-b753-50aa-8d1c-bfccf82ceb6e,PS3511.R94Z9225,1,elsewhere_review,1900–1960,bokheim:curation:4d24af59-aa33-540e-b8b0-c561217ab8c3
American,unified:11e637ca-b753-50aa-8d1c-bfccf82ceb6e,PS3511.R94Z9236,1,elsewhere_review,1900–1960,bokheim:curation:4d24af59-aa33-540e-b8b0-c561217ab8c3
American,unified:11e637ca-b753-50aa-8d1c-bfccf82ceb6e,PS3511.R94Z9253,1,elsewhere_review,1900–1960,bokheim:curation:4d24af59-aa33-540e-b8b0-c561217ab8c3
American,unified:11e637ca-b753-50aa-8d1c-bfccf82ceb6e,PS3511.R94Z984,1,elsewhere_review,1900–1960,bokheim:curation:4d24af59-aa33-540e-b8b0-c561217ab8c3
American,unified:11e637ca-b753-50aa-8d1c-bfccf82ceb6e,PS3511.R94Z985,1,elsewhere_review,1900–1960,bokheim:curation:4d24af59-aa33-540e-b8b0-c561217ab8c3
American,unified:11e637ca-b753-50aa-8d1c-bfccf82ceb6e,PS3511.R94Z994,1,elsewhere_review,1900–1960,bokheim:curation:4d24af59-aa33-540e-b8b0-c561217ab8c3
American,unified:11e637ca-b753-50aa-8d1c-bfccf82ceb6e,PS3511R94A6,1,elsewhere_review,1900–1960,bokheim:curation:4d24af59-aa33-540e-b8b0-c561217ab8c3
American,unified:11e637ca-b753-50aa-8d1c-bfccf82ceb6e,PS3537.A694I55,1,elsewhere_review,1900–1960,bokheim:curation:4d24af59-aa33-540e-b8b0-c561217ab8c3
American,unified:11e637ca-b753-50aa-8d1c-bfccf82ceb6e,PS3537.A694P46,1,elsewhere_review,1900–1960,bokheim:curation:4d24af59-aa33-540e-b8b0-c561217ab8c3
American,unified:11e637ca-b753-50aa-8d1c-bfccf82ceb6e,PS3537.A694T6,1,elsewhere_review,1900–1960,bokheim:curation:4d24af59-aa33-540e-b8b0-c561217ab8c3
American,unified:11e637ca-b753-50aa-8d1c-bfccf82ceb6e,PS3537.A694W5,1,elsewhere_review,1900–1960,bokheim:curation:4d24af59-aa33-540e-b8b0-c561217ab8c3
American,unified:11e637ca-b753-50aa-8d1c-bfccf82ceb6e,PS3537.A694Z495,1,elsewhere_review,1900–1960,bokheim:curation:4d24af59-aa33-540e-b8b0-c561217ab8c3
American,unified:11e637ca-b753-50aa-8d1c-bfccf82ceb6e,PS3537.C71176S5,1,elsewhere_review,1900–1960,bokheim:curation:4d24af59-aa33-540e-b8b0-c561217ab8c3
American,unified:11e637ca-b753-50aa-8d1c-bfccf82ceb6e,PS3537.C975,1,elsewhere_review,1900–1960,bokheim:curation:4d24af59-aa33-540e-b8b0-c561217ab8c3
American,unified:11e637ca-b753-50aa-8d1c-bfccf82ceb6e,PS3537.E26Z73,1,elsewhere_review,1900–1960,bokheim:curation:4d24af59-aa33-540e-b8b0-c561217ab8c3
American,unified:11e637ca-b753-50aa-8d1c-bfccf82ceb6e,PS3537.E3514W3,1,elsewhere_review,1900–1960,bokheim:curation:4d24af59-aa33-540e-b8b0-c561217ab8c3
American,unified:11e637ca-b753-50aa-8d1c-bfccf82ceb6e,PS3537.E3514Z47,1,elsewhere_review,1900–1960,bokheim:curation:4d24af59-aa33-540e-b8b0-c561217ab8c3
American,unified:11e637ca-b753-50aa-8d1c-bfccf82ceb6e,PS3537.E352P39,1,elsewhere_review,1900–1960,bokheim:curation:4d24af59-aa33-540e-b8b0-c561217ab8c3
American,unified:11e637ca-b753-50aa-8d1c-bfccf82ceb6e,PS3537.E352S6,1,elsewhere_review,1900–1960,bokheim:curation:4d24af59-aa33-540e-b8b0-c561217ab8c3
American,unified:11e637ca-b753-50aa-8d1c-bfccf82ceb6e,PS3537.H618H57,1,elsewhere_review,1900–1960,bokheim:curation:4d24af59-aa33-540e-b8b0-c561217ab8c3
American,unified:11e637ca-b753-50aa-8d1c-bfccf82ceb6e,PS3537.H618I990,1,elsewhere_review,1900–1960,bokheim:curation:4d24af59-aa33-540e-b8b0-c561217ab8c3
American,unified:11e637ca-b753-50aa-8d1c-bfccf82ceb6e,PS3537.H618J4,1,elsewhere_review,1900–1960,bokheim:curation:4d24af59-aa33-540e-b8b0-c561217ab8c3
American,unified:11e637ca-b753-50aa-8d1c-bfccf82ceb6e,PS3537.H823,1,elsewhere_review,1900–1960,bokheim:curation:4d24af59-aa33-540e-b8b0-c561217ab8c3
American,unified:11e637ca-b753-50aa-8d1c-bfccf82ceb6e,PS3537.I85.C63,1,elsewhere_review,1900–1960,bokheim:curation:4d24af59-aa33-540e-b8b0-c561217ab8c3
American,unified:11e637ca-b753-50aa-8d1c-bfccf82ceb6e,PS3537.I85A6,1,elsewhere_review,1900–1960,bokheim:curation:4d24af59-aa33-540e-b8b0-c561217ab8c3
American,unified:11e637ca-b753-50aa-8d1c-bfccf82ceb6e,PS3537.I85B6,1,elsewhere_review,1900–1960,bokheim:curation:4d24af59-aa33-540e-b8b0-c561217ab8c3
American,unified:11e637ca-b753-50aa-8d1c-bfccf82ceb6e,PS3537.I85J8,1,elsewhere_review,1900–1960,bokheim:curation:4d24af59-aa33-540e-b8b0-c561217ab8c3
American,unified:11e637ca-b753-50aa-8d1c-bfccf82ceb6e,PS3537.I85J973,1,elsewhere_review,1900–1960,bokheim:curation:4d24af59-aa33-540e-b8b0-c561217ab8c3
American,unified:11e637ca-b753-50aa-8d1c-bfccf82ceb6e,PS3537.I85J986,1,elsewhere_review,1900–1960,bokheim:curation:4d24af59-aa33-540e-b8b0-c561217ab8c3
American,unified:11e637ca-b753-50aa-8d1c-bfccf82ceb6e,PS3537.I85M4,1,elsewhere_review,1900–1960,bokheim:curation:4d24af59-aa33-540e-b8b0-c561217ab8c3
American,unified:11e637ca-b753-50aa-8d1c-bfccf82ceb6e,PS3537.I85M49,1,elsewhere_review,1900–1960,bokheim:curation:4d24af59-aa33-540e-b8b0-c561217ab8c3
American,unified:11e637ca-b753-50aa-8d1c-bfccf82ceb6e,PS3537.I85O5,1,elsewhere_review,1900–1960,bokheim:curation:4d24af59-aa33-540e-b8b0-c561217ab8c3
American,unified:11e637ca-b753-50aa-8d1c-bfccf82ceb6e,PS3537.I85Z59,1,elsewhere_review,1900–1960,bokheim:curation:4d24af59-aa33-540e-b8b0-c561217ab8c3
American,unified:11e637ca-b753-50aa-8d1c-bfccf82ceb6e,PS3537.I85Z64,1,elsewhere_review,1900–1960,bokheim:curation:4d24af59-aa33-540e-b8b0-c561217ab8c3
American,unified:11e637ca-b753-50aa-8d1c-bfccf82ceb6e,PS3537.I85Z8,1,elsewhere_review,1900–1960,bokheim:curation:4d24af59-aa33-540e-b8b0-c561217ab8c3
American,unified:11e637ca-b753-50aa-8d1c-bfccf82ceb6e,PS3537.I85Z87,1,elsewhere_review,1900–1960,bokheim:curation:4d24af59-aa33-540e-b8b0-c561217ab8c3
American,unified:11e637ca-b753-50aa-8d1c-bfccf82ceb6e,PS3537.I85Z915,1,elsewhere_review,1900–1960,bokheim:curation:4d24af59-aa33-540e-b8b0-c561217ab8c3
American,unified:11e637ca-b753-50aa-8d1c-bfccf82ceb6e,PS3537.I85Z97,1,elsewhere_review,1900–1960,bokheim:curation:4d24af59-aa33-540e-b8b0-c561217ab8c3
American,unified:11e637ca-b753-50aa-8d1c-bfccf82ceb6e,PS3537.J6,1,elsewhere_review,1900–1960,bokheim:curation:4d24af59-aa33-540e-b8b0-c561217ab8c3
American,unified:11e637ca-b753-50aa-8d1c-bfccf82ceb6e,PS3537.J6Z78,1,elsewhere_review,1900–1960,bokheim:curation:4d24af59-aa33-540e-b8b0-c561217ab8c3
American,unified:11e637ca-b753-50aa-8d1c-bfccf82ceb6e,PS3537.M36,1,elsewhere_review,1900–1960,bokheim:curation:4d24af59-aa33-540e-b8b0-c561217ab8c3
American,unified:11e637ca-b753-50aa-8d1c-bfccf82ceb6e,PS3537.P652B54,1,elsewhere_review,1900–1960,bokheim:curation:4d24af59-aa33-540e-b8b0-c561217ab8c3
American,unified:11e637ca-b753-50aa-8d1c-bfccf82ceb6e,PS3537.P652B57,1,elsewhere_review,1900–1960,bokheim:curation:4d24af59-aa33-540e-b8b0-c561217ab8c3
American,unified:11e637ca-b753-50aa-8d1c-bfccf82ceb6e,PS3537.P652G66,1,elsewhere_review,1900–1960,bokheim:curation:4d24af59-aa33-540e-b8b0-c561217ab8c3
American,unified:11e637ca-b753-50aa-8d1c-bfccf82ceb6e,PS3537.P652H68,1,elsewhere_review,1900–1960,bokheim:curation:4d24af59-aa33-540e-b8b0-c561217ab8c3
American,unified:11e637ca-b753-50aa-8d1c-bfccf82ceb6e,PS3537.P652K5,1,elsewhere_review,1900–1960,bokheim:curation:4d24af59-aa33-540e-b8b0-c561217ab8c3
American,unified:11e637ca-b753-50aa-8d1c-bfccf82ceb6e,PS3537.P652K57,1,elsewhere_review,1900–1960,bokheim:curation:4d24af59-aa33-540e-b8b0-c561217ab8c3
American,unified:11e637ca-b753-50aa-8d1c-bfccf82ceb6e,PS3537.P652S85,1,elsewhere_review,1900–1960,bokheim:curation:4d24af59-aa33-540e-b8b0-c561217ab8c3
American,unified:11e637ca-b753-50aa-8d1c-bfccf82ceb6e,PS3537.P652Z59,1,elsewhere_review,1900–1960,bokheim:curation:4d24af59-aa33-540e-b8b0-c561217ab8c3
American,unified:11e637ca-b753-50aa-8d1c-bfccf82ceb6e,PS3537.T112S55,1,elsewhere_review,1900–1960,bokheim:curation:4d24af59-aa33-540e-b8b0-c561217ab8c3
American,unified:11e637ca-b753-50aa-8d1c-bfccf82ceb6e,PS3537.T323.A6,1,elsewhere_review,1900–1960,bokheim:curation:4d24af59-aa33-540e-b8b0-c561217ab8c3
American,unified:11e637ca-b753-50aa-8d1c-bfccf82ceb6e,PS3537.T323.Z547,1,elsewhere_review,1900–1960,bokheim:curation:4d24af59-aa33-540e-b8b0-c561217ab8c3
American,unified:11e637ca-b753-50aa-8d1c-bfccf82ceb6e,PS3537.T323A18,1,elsewhere_review,1900–1960,bokheim:curation:4d24af59-aa33-540e-b8b0-c561217ab8c3
American,unified:11e637ca-b753-50aa-8d1c-bfccf82ceb6e,PS3537.T323B5,1,elsewhere_review,1900–1960,bokheim:curation:4d24af59-aa33-540e-b8b0-c561217ab8c3
American,unified:11e637ca-b753-50aa-8d1c-bfccf82ceb6e,PS3537.T323I33,1,elsewhere_review,1900–1960,bokheim:curation:4d24af59-aa33-540e-b8b0-c561217ab8c3
American,unified:11e637ca-b753-50aa-8d1c-bfccf82ceb6e,PS3537.T323L4,1,elsewhere_review,1900–1960,bokheim:curation:4d24af59-aa33-540e-b8b0-c561217ab8c3
American,unified:11e637ca-b753-50aa-8d1c-bfccf82ceb6e,PS3537.T323L5,1,elsewhere_review,1900–1960,bokheim:curation:4d24af59-aa33-540e-b8b0-c561217ab8c3
American,unified:11e637ca-b753-50aa-8d1c-bfccf82ceb6e,PS3537.T323L83,1,elsewhere_review,1900–1960,bokheim:curation:4d24af59-aa33-540e-b8b0-c561217ab8c3
American,unified:11e637ca-b753-50aa-8d1c-bfccf82ceb6e,PS3537.T323M3,1,elsewhere_review,1900–1960,bokheim:curation:4d24af59-aa33-540e-b8b0-c561217ab8c3
American,unified:11e637ca-b753-50aa-8d1c-bfccf82ceb6e,PS3537.T323M335,1,elsewhere_review,1900–1960,bokheim:curation:4d24af59-aa33-540e-b8b0-c561217ab8c3
American,unified:11e637ca-b753-50aa-8d1c-bfccf82ceb6e,PS3537.T323M4,1,elsewhere_review,1900–1960,bokheim:curation:4d24af59-aa33-540e-b8b0-c561217ab8c3
American,unified:11e637ca-b753-50aa-8d1c-bfccf82ceb6e,PS3537.T323N68,1,elsewhere_review,1900–1960,bokheim:curation:4d24af59-aa33-540e-b8b0-c561217ab8c3
American,unified:11e637ca-b753-50aa-8d1c-bfccf82ceb6e,PS3537.T323Z463,1,elsewhere_review,1900–1960,bokheim:curation:4d24af59-aa33-540e-b8b0-c561217ab8c3
American,unified:11e637ca-b753-50aa-8d1c-bfccf82ceb6e,PS3537.T323Z465,1,elsewhere_review,1900–1960,bokheim:curation:4d24af59-aa33-540e-b8b0-c561217ab8c3
American,unified:11e637ca-b753-50aa-8d1c-bfccf82ceb6e,PS3537.T323Z494,1,elsewhere_review,1900–1960,bokheim:curation:4d24af59-aa33-540e-b8b0-c561217ab8c3
American,unified:11e637ca-b753-50aa-8d1c-bfccf82ceb6e,PS3537.T323Z497,1,elsewhere_review,1900–1960,bokheim:curation:4d24af59-aa33-540e-b8b0-c561217ab8c3
American,unified:11e637ca-b753-50aa-8d1c-bfccf82ceb6e,PS3537.T323Z4974,1,elsewhere_review,1900–1960,bokheim:curation:4d24af59-aa33-540e-b8b0-c561217ab8c3
American,unified:11e637ca-b753-50aa-8d1c-bfccf82ceb6e,PS3537.T323Z4977,1,elsewhere_review,1900–1960,bokheim:curation:4d24af59-aa33-540e-b8b0-c561217ab8c3
American,unified:11e637ca-b753-50aa-8d1c-bfccf82ceb6e,PS3537.T323Z557,1,elsewhere_review,1900–1960,bokheim:curation:4d24af59-aa33-540e-b8b0-c561217ab8c3
American,unified:11e637ca-b753-50aa-8d1c-bfccf82ceb6e,PS3537.T323Z5578,1,elsewhere_review,1900–1960,bokheim:curation:4d24af59-aa33-540e-b8b0-c561217ab8c3
American,unified:11e637ca-b753-50aa-8d1c-bfccf82ceb6e,PS3537.T323Z558,1,elsewhere_review,1900–1960,bokheim:curation:4d24af59-aa33-540e-b8b0-c561217ab8c3
American,unified:11e637ca-b753-50aa-8d1c-bfccf82ceb6e,PS3537.T323Z578,1,elsewhere_review,1900–1960,bokheim:curation:4d24af59-aa33-540e-b8b0-c561217ab8c3
American,unified:11e637ca-b753-50aa-8d1c-bfccf82ceb6e,PS3537.T323Z588,1,elsewhere_review,1900–1960,bokheim:curation:4d24af59-aa33-540e-b8b0-c561217ab8c3
American,unified:11e637ca-b753-50aa-8d1c-bfccf82ceb6e,PS3537.T323Z589,1,elsewhere_review,1900–1960,bokheim:curation:4d24af59-aa33-540e-b8b0-c561217ab8c3
American,unified:11e637ca-b753-50aa-8d1c-bfccf82ceb6e,PS3537.T323Z5895,1,elsewhere_review,1900–1960,bokheim:curation:4d24af59-aa33-540e-b8b0-c561217ab8c3
American,unified:11e637ca-b753-50aa-8d1c-bfccf82ceb6e,PS3537.T323Z59713,1,elsewhere_review,1900–1960,bokheim:curation:4d24af59-aa33-540e-b8b0-c561217ab8c3
American,unified:11e637ca-b753-50aa-8d1c-bfccf82ceb6e,PS3537.T323Z644,1,elsewhere_review,1900–1960,bokheim:curation:4d24af59-aa33-540e-b8b0-c561217ab8c3
American,unified:11e637ca-b753-50aa-8d1c-bfccf82ceb6e,PS3537.T323Z647,1,elsewhere_review,1900–1960,bokheim:curation:4d24af59-aa33-540e-b8b0-c561217ab8c3
American,unified:11e637ca-b753-50aa-8d1c-bfccf82ceb6e,PS3537.T323Z67,1,elsewhere_review,1900–1960,bokheim:curation:4d24af59-aa33-540e-b8b0-c561217ab8c3
American,unified:11e637ca-b753-50aa-8d1c-bfccf82ceb6e,PS3537.T323Z694,1,elsewhere_review,1900–1960,bokheim:curation:4d24af59-aa33-540e-b8b0-c561217ab8c3
American,unified:11e637ca-b753-50aa-8d1c-bfccf82ceb6e,PS3537.T323Z696,1,elsewhere_review,1900–1960,bokheim:curation:4d24af59-aa33-540e-b8b0-c561217ab8c3
American,unified:11e637ca-b753-50aa-8d1c-bfccf82ceb6e,PS3537.T323Z7163,1,elsewhere_review,1900–1960,bokheim:curation:4d24af59-aa33-540e-b8b0-c561217ab8c3
American,unified:11e637ca-b753-50aa-8d1c-bfccf82ceb6e,PS3537.T323Z7166,1,elsewhere_review,1900–1960,bokheim:curation:4d24af59-aa33-540e-b8b0-c561217ab8c3
American,unified:11e637ca-b753-50aa-8d1c-bfccf82ceb6e,PS3537.T323Z72,1,elsewhere_review,1900–1960,bokheim:curation:4d24af59-aa33-540e-b8b0-c561217ab8c3
American,unified:11e637ca-b753-50aa-8d1c-bfccf82ceb6e,PS3537.T323Z757,1,elsewhere_review,1900–1960,bokheim:curation:4d24af59-aa33-540e-b8b0-c561217ab8c3
American,unified:11e637ca-b753-50aa-8d1c-bfccf82ceb6e,PS3537.T323Z765,1,elsewhere_review,1900–1960,bokheim:curation:4d24af59-aa33-540e-b8b0-c561217ab8c3
American,unified:11e637ca-b753-50aa-8d1c-bfccf82ceb6e,PS3537.T323Z77,1,elsewhere_review,1900–1960,bokheim:curation:4d24af59-aa33-540e-b8b0-c561217ab8c3
American,unified:11e637ca-b753-50aa-8d1c-bfccf82ceb6e,PS3537.T323Z82,1,elsewhere_review,1900–1960,bokheim:curation:4d24af59-aa33-540e-b8b0-c561217ab8c3
American,unified:11e637ca-b753-50aa-8d1c-bfccf82ceb6e,PS3537.T323Z8216,1,elsewhere_review,1900–1960,bokheim:curation:4d24af59-aa33-540e-b8b0-c561217ab8c3
American,unified:11e637ca-b753-50aa-8d1c-bfccf82ceb6e,PS3537.T323Z8219,1,elsewhere_review,1900–1960,bokheim:curation:4d24af59-aa33-540e-b8b0-c561217ab8c3
American,unified:11e637ca-b753-50aa-8d1c-bfccf82ceb6e,PS3537.T323Z8226,1,elsewhere_review,1900–1960,bokheim:curation:4d24af59-aa33-540e-b8b0-c561217ab8c3
American,unified:11e637ca-b753-50aa-8d1c-bfccf82ceb6e,PS3537.T323Z823,1,elsewhere_review,1900–1960,bokheim:curation:4d24af59-aa33-540e-b8b0-c561217ab8c3
American,unified:11e637ca-b753-50aa-8d1c-bfccf82ceb6e,PS3537.T323Z8235,1,elsewhere_review,1900–1960,bokheim:curation:4d24af59-aa33-540e-b8b0-c561217ab8c3
American,unified:11e637ca-b753-50aa-8d1c-bfccf82ceb6e,PS3537.T323Z824,1,elsewhere_review,1900–1960,bokheim:curation:4d24af59-aa33-540e-b8b0-c561217ab8c3
American,unified:11e637ca-b753-50aa-8d1c-bfccf82ceb6e,PS3537.T323Z84,1,elsewhere_review,1900–1960,bokheim:curation:4d24af59-aa33-540e-b8b0-c561217ab8c3
American,unified:11e637ca-b753-50aa-8d1c-bfccf82ceb6e,PS3537.T323Z87,1,elsewhere_review,1900–1960,bokheim:curation:4d24af59-aa33-540e-b8b0-c561217ab8c3
American,unified:11e637ca-b753-50aa-8d1c-bfccf82ceb6e,PS3537.T323Z89,1,elsewhere_review,1900–1960,bokheim:curation:4d24af59-aa33-540e-b8b0-c561217ab8c3
American,unified:11e637ca-b753-50aa-8d1c-bfccf82ceb6e,PS3537.T323Z913,1,elsewhere_review,1900–1960,bokheim:curation:4d24af59-aa33-540e-b8b0-c561217ab8c3
American,unified:11e637ca-b753-50aa-8d1c-bfccf82ceb6e,PS3537.T323Z925,1,elsewhere_review,1900–1960,bokheim:curation:4d24af59-aa33-540e-b8b0-c561217ab8c3
American,unified:11e637ca-b753-50aa-8d1c-bfccf82ceb6e,PS3537.T323Z97,1,elsewhere_review,1900–1960,bokheim:curation:4d24af59-aa33-540e-b8b0-c561217ab8c3
American,unified:11e637ca-b753-50aa-8d1c-bfccf82ceb6e,PS3537.T42Z95,1,elsewhere_review,1900–1960,bokheim:curation:4d24af59-aa33-540e-b8b0-c561217ab8c3
American,unified:11e637ca-b753-50aa-8d1c-bfccf82ceb6e,PS3537.T444,1,elsewhere_review,1900–1960,bokheim:curation:4d24af59-aa33-540e-b8b0-c561217ab8c3
American,unified:11e637ca-b753-50aa-8d1c-bfccf82ceb6e,PS3537.T479A6,1,elsewhere_review,1900–1960,bokheim:curation:4d24af59-aa33-540e-b8b0-c561217ab8c3
American,unified:11e637ca-b753-50aa-8d1c-bfccf82ceb6e,PS3537.T479M9,1,elsewhere_review,1900–1960,bokheim:curation:4d24af59-aa33-540e-b8b0-c561217ab8c3
American,unified:11e637ca-b753-50aa-8d1c-bfccf82ceb6e,PS3537.T479S78,1,elsewhere_review,1900–1960,bokheim:curation:4d24af59-aa33-540e-b8b0-c561217ab8c3
American,unified:11e637ca-b753-50aa-8d1c-bfccf82ceb6e,PS3537.T479Z87,1,elsewhere_review,1900–1960,bokheim:curation:4d24af59-aa33-540e-b8b0-c561217ab8c3
American,unified:11e637ca-b753-50aa-8d1c-bfccf82ceb6e,PS3537.T667B58,1,elsewhere_review,1900–1960,bokheim:curation:4d24af59-aa33-540e-b8b0-c561217ab8c3
American,unified:11e637ca-b753-50aa-8d1c-bfccf82ceb6e,PS3537.T667E72,1,elsewhere_review,1900–1960,bokheim:curation:4d24af59-aa33-540e-b8b0-c561217ab8c3
American,unified:11e637ca-b753-50aa-8d1c-bfccf82ceb6e,PS3537.T817A6,1,elsewhere_review,1900–1960,bokheim:curation:4d24af59-aa33-540e-b8b0-c561217ab8c3
American,unified:11e637ca-b753-50aa-8d1c-bfccf82ceb6e,PS3537.T817Z56,1,elsewhere_review,1900–1960,bokheim:curation:4d24af59-aa33-540e-b8b0-c561217ab8c3
American,unified:11e637ca-b753-50aa-8d1c-bfccf82ceb6e,PS3537.T817Z68,1,elsewhere_review,1900–1960,bokheim:curation:4d24af59-aa33-540e-b8b0-c561217ab8c3
American,unified:11e637ca-b753-50aa-8d1c-bfccf82ceb6e,PS3537.T817Z74,1,elsewhere_review,1900–1960,bokheim:curation:4d24af59-aa33-540e-b8b0-c561217ab8c3
American,unified:11e637ca-b753-50aa-8d1c-bfccf82ceb6e,PS3537.T817Z76,1,elsewhere_review,1900–1960,bokheim:curation:4d24af59-aa33-540e-b8b0-c561217ab8c3
American,unified:11e637ca-b753-50aa-8d1c-bfccf82ceb6e,PS3537.T817Z8,1,elsewhere_review,1900–1960,bokheim:curation:4d24af59-aa33-540e-b8b0-c561217ab8c3
American,unified:11e637ca-b753-50aa-8d1c-bfccf82ceb6e,PS3537.T8534,1,elsewhere_review,1900–1960,bokheim:curation:4d24af59-aa33-540e-b8b0-c561217ab8c3
American,unified:11e637ca-b753-50aa-8d1c-bfccf82ceb6e,PS3537.U89,1,elsewhere_review,1900–1960,bokheim:curation:4d24af59-aa33-540e-b8b0-c561217ab8c3
American,unified:11e637ca-b753-50aa-8d1c-bfccf82ceb6e,PS3537I85,1,elsewhere_review,1900–1960,bokheim:curation:4d24af59-aa33-540e-b8b0-c561217ab8c3
American,unified:11e637ca-b753-50aa-8d1c-bfccf82ceb6e,PS3537T323I3514,1,elsewhere_review,1900–1960,bokheim:curation:4d24af59-aa33-540e-b8b0-c561217ab8c3
American,unified:11e637ca-b753-50aa-8d1c-bfccf82ceb6e,PS3545.A565B55,1,elsewhere_review,1900–1960,bokheim:curation:4d24af59-aa33-540e-b8b0-c561217ab8c3
American,unified:11e637ca-b753-50aa-8d1c-bfccf82ceb6e,PS3545.A565M34,1,elsewhere_review,1900–1960,bokheim:curation:4d24af59-aa33-540e-b8b0-c561217ab8c3
American,unified:11e637ca-b753-50aa-8d1c-bfccf82ceb6e,PS3545.A565S8,1,elsewhere_review,1900–1960,bokheim:curation:4d24af59-aa33-540e-b8b0-c561217ab8c3
American,unified:11e637ca-b753-50aa-8d1c-bfccf82ceb6e,PS3545.A565W54,1,elsewhere_review,1900–1960,bokheim:curation:4d24af59-aa33-540e-b8b0-c561217ab8c3
American,unified:11e637ca-b753-50aa-8d1c-bfccf82ceb6e,PS3545.E533C44,1,elsewhere_review,1900–1960,bokheim:curation:4d24af59-aa33-540e-b8b0-c561217ab8c3
American,unified:11e637ca-b753-50aa-8d1c-bfccf82ceb6e,PS3545.E533C47,1,elsewhere_review,1900–1960,bokheim:curation:4d24af59-aa33-540e-b8b0-c561217ab8c3
American,unified:11e637ca-b753-50aa-8d1c-bfccf82ceb6e,PS3545.E533C58,1,elsewhere_review,1900–1960,bokheim:curation:4d24af59-aa33-540e-b8b0-c561217ab8c3
American,unified:11e637ca-b753-50aa-8d1c-bfccf82ceb6e,PS3545.E533Z53,1,elsewhere_review,1900–1960,bokheim:curation:4d24af59-aa33-540e-b8b0-c561217ab8c3
American,unified:11e637ca-b753-50aa-8d1c-bfccf82ceb6e,PS3545.E8315F75,1,elsewhere_review,1900–1960,bokheim:curation:4d24af59-aa33-540e-b8b0-c561217ab8c3
American,unified:11e637ca-b753-50aa-8d1c-bfccf82ceb6e,PS3545.E8315Z466,1,elsewhere_review,1900–1960,bokheim:curation:4d24af59-aa33-540e-b8b0-c561217ab8c3
American,unified:11e637ca-b753-50aa-8d1c-bfccf82ceb6e,PS3545.H16.A6,1,elsewhere_review,1900–1960,bokheim:curation:4d24af59-aa33-540e-b8b0-c561217ab8c3
American,unified:11e637ca-b753-50aa-8d1c-bfccf82ceb6e,PS3545.H16.E7,1,elsewhere_review,1900–1960,bokheim:curation:4d24af59-aa33-540e-b8b0-c561217ab8c3
American,unified:11e637ca-b753-50aa-8d1c-bfccf82ceb6e,PS3545.H16.F37,1,elsewhere_review,1900–1960,bokheim:curation:4d24af59-aa33-540e-b8b0-c561217ab8c3
American,unified:11e637ca-b753-50aa-8d1c-bfccf82ceb6e,PS3545.H16.Z696,1,elsewhere_review,1900–1960,bokheim:curation:4d24af59-aa33-540e-b8b0-c561217ab8c3
American,unified:11e637ca-b753-50aa-8d1c-bfccf82ceb6e,PS3545.H16.Z8784,1,elsewhere_review,1900–1960,bokheim:curation:4d24af59-aa33-540e-b8b0-c561217ab8c3
American,unified:11e637ca-b753-50aa-8d1c-bfccf82ceb6e,PS3545.H16.Z95,1,elsewhere_review,1900–1960,bokheim:curation:4d24af59-aa33-540e-b8b0-c561217ab8c3
American,unified:11e637ca-b753-50aa-8d1c-bfccf82ceb6e,PS3545.H16A15,1,elsewhere_review,1900–1960,bokheim:curation:4d24af59-aa33-540e-b8b0-c561217ab8c3
American,unified:11e637ca-b753-50aa-8d1c-bfccf82ceb6e,PS3545.H16A3,1,elsewhere_review,1900–1960,bokheim:curation:4d24af59-aa33-540e-b8b0-c561217ab8c3
American,unified:11e637ca-b753-50aa-8d1c-bfccf82ceb6e,PS3545.H16A67,1,elsewhere_review,1900–1960,bokheim:curation:4d24af59-aa33-540e-b8b0-c561217ab8c3
American,unified:11e637ca-b753-50aa-8d1c-bfccf82ceb6e,PS3545.H16A73,1,elsewhere_review,1900–1960,bokheim:curation:4d24af59-aa33-540e-b8b0-c561217ab8c3
American,unified:11e637ca-b753-50aa-8d1c-bfccf82ceb6e,PS3545.H16A734,1,elsewhere_review,1900–1960,bokheim:curation:4d24af59-aa33-540e-b8b0-c561217ab8c3
American,unified:11e637ca-b753-50aa-8d1c-bfccf82ceb6e,PS3545.H16C45,1,elsewhere_review,1900–1960,bokheim:curation:4d24af59-aa33-540e-b8b0-c561217ab8c3
American,unified:11e637ca-b753-50aa-8d1c-bfccf82ceb6e,PS3545.H16E733,1,elsewhere_review,1900–1960,bokheim:curation:4d24af59-aa33-540e-b8b0-c561217ab8c3
American,unified:11e637ca-b753-50aa-8d1c-bfccf82ceb6e,PS3545.H16F37,1,elsewhere_review,1900–1960,bokheim:curation:4d24af59-aa33-540e-b8b0-c561217ab8c3
American,unified:11e637ca-b753-50aa-8d1c-bfccf82ceb6e,PS3545.H16F54,1,elsewhere_review,1900–1960,bokheim:curation:4d24af59-aa33-540e-b8b0-c561217ab8c3
American,unified:11e637ca-b753-50aa-8d1c-bfccf82ceb6e,PS3545.H16F78,1,elsewhere_review,1900–1960,bokheim:curation:4d24af59-aa33-540e-b8b0-c561217ab8c3
American,unified:11e637ca-b753-50aa-8d1c-bfccf82ceb6e,PS3545.H16G55,1,elsewhere_review,1900–1960,bokheim:curation:4d24af59-aa33-540e-b8b0-c561217ab8c3
American,unified:11e637ca-b753-50aa-8d1c-bfccf82ceb6e,PS3545.H16H6833,1,elsewhere_review,1900–1960,bokheim:curation:4d24af59-aa33-540e-b8b0-c561217ab8c3
American,unified:11e637ca-b753-50aa-8d1c-bfccf82ceb6e,PS3545.H16M3,1,elsewhere_review,1900–1960,bokheim:curation:4d24af59-aa33-540e-b8b0-c561217ab8c3
American,unified:11e637ca-b753-50aa-8d1c-bfccf82ceb6e,PS3545.H16M6,1,elsewhere_review,1900–1960,bokheim:curation:4d24af59-aa33-540e-b8b0-c561217ab8c3
American,unified:11e637ca-b753-50aa-8d1c-bfccf82ceb6e,PS3545.H16O437,1,elsewhere_review,1900–1960,bokheim:curation:4d24af59-aa33-540e-b8b0-c561217ab8c3
American,unified:11e637ca-b753-50aa-8d1c-bfccf82ceb6e,PS3545.H16P57,1,elsewhere_review,1900–1960,bokheim:curation:4d24af59-aa33-540e-b8b0-c561217ab8c3
American,unified:11e637ca-b753-50aa-8d1c-bfccf82ceb6e,PS3545.H16S26,1,elsewhere_review,1900–1960,bokheim:curation:4d24af59-aa33-540e-b8b0-c561217ab8c3
American,unified:11e637ca-b753-50aa-8d1c-bfccf82ceb6e,PS3545.H16S66,1,elsewhere_review,1900–1960,bokheim:curation:4d24af59-aa33-540e-b8b0-c561217ab8c3
American,unified:11e637ca-b753-50aa-8d1c-bfccf82ceb6e,PS3545.H16T83,1,elsewhere_review,1900–1960,bokheim:curation:4d24af59-aa33-540e-b8b0-c561217ab8c3
American,unified:11e637ca-b753-50aa-8d1c-bfccf82ceb6e,PS3545.H16Z459,1,elsewhere_review,1900–1960,bokheim:curation:4d24af59-aa33-540e-b8b0-c561217ab8c3
American,unified:11e637ca-b753-50aa-8d1c-bfccf82ceb6e,PS3545.H16Z48,1,elsewhere_review,1900–1960,bokheim:curation:4d24af59-aa33-540e-b8b0-c561217ab8c3
American,unified:11e637ca-b753-50aa-8d1c-bfccf82ceb6e,PS3545.H16Z58,1,elsewhere_review,1900–1960,bokheim:curation:4d24af59-aa33-540e-b8b0-c561217ab8c3
American,unified:11e637ca-b753-50aa-8d1c-bfccf82ceb6e,PS3545.H16Z593,1,elsewhere_review,1900–1960,bokheim:curation:4d24af59-aa33-540e-b8b0-c561217ab8c3
American,unified:11e637ca-b753-50aa-8d1c-bfccf82ceb6e,PS3545.H16Z595,1,elsewhere_review,1900–1960,bokheim:curation:4d24af59-aa33-540e-b8b0-c561217ab8c3
American,unified:11e637ca-b753-50aa-8d1c-bfccf82ceb6e,PS3545.H16Z625,1,elsewhere_review,1900–1960,bokheim:curation:4d24af59-aa33-540e-b8b0-c561217ab8c3
American,unified:11e637ca-b753-50aa-8d1c-bfccf82ceb6e,PS3545.H16Z643,1,elsewhere_review,1900–1960,bokheim:curation:4d24af59-aa33-540e-b8b0-c561217ab8c3
American,unified:11e637ca-b753-50aa-8d1c-bfccf82ceb6e,PS3545.H16Z644,1,elsewhere_review,1900–1960,bokheim:curation:4d24af59-aa33-540e-b8b0-c561217ab8c3
American,unified:11e637ca-b753-50aa-8d1c-bfccf82ceb6e,PS3545.H16Z6452,1,elsewhere_review,1900–1960,bokheim:curation:4d24af59-aa33-540e-b8b0-c561217ab8c3
American,unified:11e637ca-b753-50aa-8d1c-bfccf82ceb6e,PS3545.H16Z64525,1,elsewhere_review,1900–1960,bokheim:curation:4d24af59-aa33-540e-b8b0-c561217ab8c3
American,unified:11e637ca-b753-50aa-8d1c-bfccf82ceb6e,PS3545.H16Z646,1,elsewhere_review,1900–1960,bokheim:curation:4d24af59-aa33-540e-b8b0-c561217ab8c3
American,unified:11e637ca-b753-50aa-8d1c-bfccf82ceb6e,PS3545.H16Z6465,1,elsewhere_review,1900–1960,bokheim:curation:4d24af59-aa33-540e-b8b0-c561217ab8c3
American,unified:11e637ca-b753-50aa-8d1c-bfccf82ceb6e,PS3545.H16Z647,1,elsewhere_review,1900–1960,bokheim:curation:4d24af59-aa33-540e-b8b0-c561217ab8c3
American,unified:11e637ca-b753-50aa-8d1c-bfccf82ceb6e,PS3545.H16Z6475,1,elsewhere_review,1900–1960,bokheim:curation:4d24af59-aa33-540e-b8b0-c561217ab8c3
American,unified:11e637ca-b753-50aa-8d1c-bfccf82ceb6e,PS3545.H16Z649,1,elsewhere_review,1900–1960,bokheim:curation:4d24af59-aa33-540e-b8b0-c561217ab8c3
American,unified:11e637ca-b753-50aa-8d1c-bfccf82ceb6e,PS3545.H16Z653,1,elsewhere_review,1900–1960,bokheim:curation:4d24af59-aa33-540e-b8b0-c561217ab8c3
American,unified:11e637ca-b753-50aa-8d1c-bfccf82ceb6e,PS3545.H16Z654,1,elsewhere_review,1900–1960,bokheim:curation:4d24af59-aa33-540e-b8b0-c561217ab8c3
American,unified:11e637ca-b753-50aa-8d1c-bfccf82ceb6e,PS3545.H16Z655,1,elsewhere_review,1900–1960,bokheim:curation:4d24af59-aa33-540e-b8b0-c561217ab8c3
American,unified:11e637ca-b753-50aa-8d1c-bfccf82ceb6e,PS3545.H16Z663,1,elsewhere_review,1900–1960,bokheim:curation:4d24af59-aa33-540e-b8b0-c561217ab8c3
American,unified:11e637ca-b753-50aa-8d1c-bfccf82ceb6e,PS3545.H16Z664,1,elsewhere_review,1900–1960,bokheim:curation:4d24af59-aa33-540e-b8b0-c561217ab8c3
American,unified:11e637ca-b753-50aa-8d1c-bfccf82ceb6e,PS3545.H16Z665,1,elsewhere_review,1900–1960,bokheim:curation:4d24af59-aa33-540e-b8b0-c561217ab8c3
American,unified:11e637ca-b753-50aa-8d1c-bfccf82ceb6e,PS3545.H16Z685,1,elsewhere_review,1900–1960,bokheim:curation:4d24af59-aa33-540e-b8b0-c561217ab8c3
American,unified:11e637ca-b753-50aa-8d1c-bfccf82ceb6e,PS3545.H16Z6868,1,elsewhere_review,1900–1960,bokheim:curation:4d24af59-aa33-540e-b8b0-c561217ab8c3
American,unified:11e637ca-b753-50aa-8d1c-bfccf82ceb6e,PS3545.H16Z687,1,elsewhere_review,1900–1960,bokheim:curation:4d24af59-aa33-540e-b8b0-c561217ab8c3
American,unified:11e637ca-b753-50aa-8d1c-bfccf82ceb6e,PS3545.H16Z688,1,elsewhere_review,1900–1960,bokheim:curation:4d24af59-aa33-540e-b8b0-c561217ab8c3
American,unified:11e637ca-b753-50aa-8d1c-bfccf82ceb6e,PS3545.H16Z6883,1,elsewhere_review,1900–1960,bokheim:curation:4d24af59-aa33-540e-b8b0-c561217ab8c3
American,unified:11e637ca-b753-50aa-8d1c-bfccf82ceb6e,PS3545.H16Z6885,1,elsewhere_review,1900–1960,bokheim:curation:4d24af59-aa33-540e-b8b0-c561217ab8c3
American,unified:11e637ca-b753-50aa-8d1c-bfccf82ceb6e,PS3545.H16Z694,1,elsewhere_review,1900–1960,bokheim:curation:4d24af59-aa33-540e-b8b0-c561217ab8c3
American,unified:11e637ca-b753-50aa-8d1c-bfccf82ceb6e,PS3545.H16Z695513,1,elsewhere_review,1900–1960,bokheim:curation:4d24af59-aa33-540e-b8b0-c561217ab8c3
American,unified:11e637ca-b753-50aa-8d1c-bfccf82ceb6e,PS3545.H16Z6976,1,elsewhere_review,1900–1960,bokheim:curation:4d24af59-aa33-540e-b8b0-c561217ab8c3
American,unified:11e637ca-b753-50aa-8d1c-bfccf82ceb6e,PS3545.H16Z698,1,elsewhere_review,1900–1960,bokheim:curation:4d24af59-aa33-540e-b8b0-c561217ab8c3
American,unified:11e637ca-b753-50aa-8d1c-bfccf82ceb6e,PS3545.H16Z745,1,elsewhere_review,1900–1960,bokheim:curation:4d24af59-aa33-540e-b8b0-c561217ab8c3
American,unified:11e637ca-b753-50aa-8d1c-bfccf82ceb6e,PS3545.H16Z746,1,elsewhere_review,1900–1960,bokheim:curation:4d24af59-aa33-540e-b8b0-c561217ab8c3
American,unified:11e637ca-b753-50aa-8d1c-bfccf82ceb6e,PS3545.H16Z754,1,elsewhere_review,1900–1960,bokheim:curation:4d24af59-aa33-540e-b8b0-c561217ab8c3
American,unified:11e637ca-b753-50aa-8d1c-bfccf82ceb6e,PS3545.H16Z758,1,elsewhere_review,1900–1960,bokheim:curation:4d24af59-aa33-540e-b8b0-c561217ab8c3
American,unified:11e637ca-b753-50aa-8d1c-bfccf82ceb6e,PS3545.H16Z78,1,elsewhere_review,1900–1960,bokheim:curation:4d24af59-aa33-540e-b8b0-c561217ab8c3
American,unified:11e637ca-b753-50aa-8d1c-bfccf82ceb6e,PS3545.H16Z87,1,elsewhere_review,1900–1960,bokheim:curation:4d24af59-aa33-540e-b8b0-c561217ab8c3
American,unified:11e637ca-b753-50aa-8d1c-bfccf82ceb6e,PS3545.H16Z876,1,elsewhere_review,1900–1960,bokheim:curation:4d24af59-aa33-540e-b8b0-c561217ab8c3
American,unified:11e637ca-b753-50aa-8d1c-bfccf82ceb6e,PS3545.H16Z8783,1,elsewhere_review,1900–1960,bokheim:curation:4d24af59-aa33-540e-b8b0-c561217ab8c3
American,unified:11e637ca-b753-50aa-8d1c-bfccf82ceb6e,PS3545.H16Z8784,1,elsewhere_review,1900–1960,bokheim:curation:4d24af59-aa33-540e-b8b0-c561217ab8c3
American,unified:11e637ca-b753-50aa-8d1c-bfccf82ceb6e,PS3545.H16Z8786,1,elsewhere_review,1900–1960,bokheim:curation:4d24af59-aa33-540e-b8b0-c561217ab8c3
American,unified:11e637ca-b753-50aa-8d1c-bfccf82ceb6e,PS3545.H16Z89,1,elsewhere_review,1900–1960,bokheim:curation:4d24af59-aa33-540e-b8b0-c561217ab8c3
American,unified:11e637ca-b753-50aa-8d1c-bfccf82ceb6e,PS3545.H16Z9,1,elsewhere_review,1900–1960,bokheim:curation:4d24af59-aa33-540e-b8b0-c561217ab8c3
American,unified:11e637ca-b753-50aa-8d1c-bfccf82ceb6e,PS3545.H16Z92,1,elsewhere_review,1900–1960,bokheim:curation:4d24af59-aa33-540e-b8b0-c561217ab8c3
American,unified:11e637ca-b753-50aa-8d1c-bfccf82ceb6e,PS3545.H16Z94,1,elsewhere_review,1900–1960,bokheim:curation:4d24af59-aa33-540e-b8b0-c561217ab8c3
American,unified:11e637ca-b753-50aa-8d1c-bfccf82ceb6e,PS3545.H16Z943,1,elsewhere_review,1900–1960,bokheim:curation:4d24af59-aa33-540e-b8b0-c561217ab8c3
American,unified:11e637ca-b753-50aa-8d1c-bfccf82ceb6e,PS3545.H16Z944,1,elsewhere_review,1900–1960,bokheim:curation:4d24af59-aa33-540e-b8b0-c561217ab8c3
American,unified:11e637ca-b753-50aa-8d1c-bfccf82ceb6e,PS3545.H16Z995,1,elsewhere_review,1900–1960,bokheim:curation:4d24af59-aa33-540e-b8b0-c561217ab8c3
American,unified:11e637ca-b753-50aa-8d1c-bfccf82ceb6e,PS3545.H53,1,elsewhere_review,1900–1960,bokheim:curation:4d24af59-aa33-540e-b8b0-c561217ab8c3
American,unified:11e637ca-b753-50aa-8d1c-bfccf82ceb6e,PS3545.H6172Z78,1,elsewhere_review,1900–1960,bokheim:curation:4d24af59-aa33-540e-b8b0-c561217ab8c3
American,unified:11e637ca-b753-50aa-8d1c-bfccf82ceb6e,PS3545.H6L6,1,elsewhere_review,1900–1960,bokheim:curation:4d24af59-aa33-540e-b8b0-c561217ab8c3
American,unified:11e637ca-b753-50aa-8d1c-bfccf82ceb6e,PS3545.I342L5733,1,elsewhere_review,1900–1960,bokheim:curation:4d24af59-aa33-540e-b8b0-c561217ab8c3
American,unified:11e637ca-b753-50aa-8d1c-bfccf82ceb6e,PS3545.I342Z413,1,elsewhere_review,1900–1960,bokheim:curation:4d24af59-aa33-540e-b8b0-c561217ab8c3
American,unified:11e637ca-b753-50aa-8d1c-bfccf82ceb6e,PS3545.I342Z414,1,elsewhere_review,1900–1960,bokheim:curation:4d24af59-aa33-540e-b8b0-c561217ab8c3
American,unified:11e637ca-b753-50aa-8d1c-bfccf82ceb6e,PS3545.I342Z553,1,elsewhere_review,1900–1960,bokheim:curation:4d24af59-aa33-540e-b8b0-c561217ab8c3
American,unified:11e637ca-b753-50aa-8d1c-bfccf82ceb6e,PS3545.I342Z557,1,elsewhere_review,1900–1960,bokheim:curation:4d24af59-aa33-540e-b8b0-c561217ab8c3
American,unified:11e637ca-b753-50aa-8d1c-bfccf82ceb6e,PS3545.I342Z5582,1,elsewhere_review,1900–1960,bokheim:curation:4d24af59-aa33-540e-b8b0-c561217ab8c3
American,unified:11e637ca-b753-50aa-8d1c-bfccf82ceb6e,PS3545.I342Z559,1,elsewhere_review,1900–1960,bokheim:curation:4d24af59-aa33-540e-b8b0-c561217ab8c3
American,unified:11e637ca-b753-50aa-8d1c-bfccf82ceb6e,PS3545.I342Z563,1,elsewhere_review,1900–1960,bokheim:curation:4d24af59-aa33-540e-b8b0-c561217ab8c3
American,unified:11e637ca-b753-50aa-8d1c-bfccf82ceb6e,PS3545.I342Z5635,1,elsewhere_review,1900–1960,bokheim:curation:4d24af59-aa33-540e-b8b0-c561217ab8c3
American,unified:11e637ca-b753-50aa-8d1c-bfccf82ceb6e,PS3545.I342Z568,1,elsewhere_review,1900–1960,bokheim:curation:4d24af59-aa33-540e-b8b0-c561217ab8c3
American,unified:11e637ca-b753-50aa-8d1c-bfccf82ceb6e,PS3545.I342Z569,1,elsewhere_review,1900–1960,bokheim:curation:4d24af59-aa33-540e-b8b0-c561217ab8c3
American,unified:11e637ca-b753-50aa-8d1c-bfccf82ceb6e,PS3545.I342Z5695,1,elsewhere_review,1900–1960,bokheim:curation:4d24af59-aa33-540e-b8b0-c561217ab8c3
American,unified:11e637ca-b753-50aa-8d1c-bfccf82ceb6e,PS3545.I342Z62,1,elsewhere_review,1900–1960,bokheim:curation:4d24af59-aa33-540e-b8b0-c561217ab8c3
American,unified:11e637ca-b753-50aa-8d1c-bfccf82ceb6e,PS3545.I342Z626,1,elsewhere_review,1900–1960,bokheim:curation:4d24af59-aa33-540e-b8b0-c561217ab8c3
American,unified:11e637ca-b753-50aa-8d1c-bfccf82ceb6e,PS3545.I342Z643,1,elsewhere_review,1900–1960,bokheim:curation:4d24af59-aa33-540e-b8b0-c561217ab8c3
American,unified:11e637ca-b753-50aa-8d1c-bfccf82ceb6e,PS3545.I342Z645,1,elsewhere_review,1900–1960,bokheim:curation:4d24af59-aa33-540e-b8b0-c561217ab8c3
American,unified:11e637ca-b753-50aa-8d1c-bfccf82ceb6e,PS3545.I342Z6455,1,elsewhere_review,1900–1960,bokheim:curation:4d24af59-aa33-540e-b8b0-c561217ab8c3
American,unified:11e637ca-b753-50aa-8d1c-bfccf82ceb6e,PS3545.I342Z646,1,elsewhere_review,1900–1960,bokheim:curation:4d24af59-aa33-540e-b8b0-c561217ab8c3
American,unified:11e637ca-b753-50aa-8d1c-bfccf82ceb6e,PS3545.I342Z65,1,elsewhere_review,1900–1960,bokheim:curation:4d24af59-aa33-540e-b8b0-c561217ab8c3
American,unified:11e637ca-b753-50aa-8d1c-bfccf82ceb6e,PS3545.I342Z654,1,elsewhere_review,1900–1960,bokheim:curation:4d24af59-aa33-540e-b8b0-c561217ab8c3
American,unified:11e637ca-b753-50aa-8d1c-bfccf82ceb6e,PS3545.I342Z665,1,elsewhere_review,1900–1960,bokheim:curation:4d24af59-aa33-540e-b8b0-c561217ab8c3
American,unified:11e637ca-b753-50aa-8d1c-bfccf82ceb6e,PS3545.I342Z67,1,elsewhere_review,1900–1960,bokheim:curation:4d24af59-aa33-540e-b8b0-c561217ab8c3
American,unified:11e637ca-b753-50aa-8d1c-bfccf82ceb6e,PS3545.I342Z74,1,elsewhere_review,1900–1960,bokheim:curation:4d24af59-aa33-540e-b8b0-c561217ab8c3
American,unified:11e637ca-b753-50aa-8d1c-bfccf82ceb6e,PS3545.I342Z7624,1,elsewhere_review,1900–1960,bokheim:curation:4d24af59-aa33-540e-b8b0-c561217ab8c3
American,unified:11e637ca-b753-50aa-8d1c-bfccf82ceb6e,PS3545.I342Z7625,1,elsewhere_review,1900–1960,bokheim:curation:4d24af59-aa33-540e-b8b0-c561217ab8c3
American,unified:11e637ca-b753-50aa-8d1c-bfccf82ceb6e,PS3545.I342Z7627,1,elsewhere_review,1900–1960,bokheim:curation:4d24af59-aa33-540e-b8b0-c561217ab8c3
American,unified:11e637ca-b753-50aa-8d1c-bfccf82ceb6e,PS3545.I342Z763,1,elsewhere_review,1900–1960,bokheim:curation:4d24af59-aa33-540e-b8b0-c561217ab8c3
American,unified:11e637ca-b753-50aa-8d1c-bfccf82ceb6e,PS3545.I342Z765,1,elsewhere_review,1900–1960,bokheim:curation:4d24af59-aa33-540e-b8b0-c561217ab8c3
American,unified:11e637ca-b753-50aa-8d1c-bfccf82ceb6e,PS3545.I342Z768,1,elsewhere_review,1900–1960,bokheim:curation:4d24af59-aa33-540e-b8b0-c561217ab8c3
American,unified:11e637ca-b753-50aa-8d1c-bfccf82ceb6e,PS3545.I342Z7684,1,elsewhere_review,1900–1960,bokheim:curation:4d24af59-aa33-540e-b8b0-c561217ab8c3
American,unified:11e637ca-b753-50aa-8d1c-bfccf82ceb6e,PS3545.I342Z7685,1,elsewhere_review,1900–1960,bokheim:curation:4d24af59-aa33-540e-b8b0-c561217ab8c3
American,unified:11e637ca-b753-50aa-8d1c-bfccf82ceb6e,PS3545.I342Z769,1,elsewhere_review,1900–1960,bokheim:curation:4d24af59-aa33-540e-b8b0-c561217ab8c3
American,unified:11e637ca-b753-50aa-8d1c-bfccf82ceb6e,PS3545.I342Z77,1,elsewhere_review,1900–1960,bokheim:curation:4d24af59-aa33-540e-b8b0-c561217ab8c3
American,unified:11e637ca-b753-50aa-8d1c-bfccf82ceb6e,PS3545.I342Z82,1,elsewhere_review,1900–1960,bokheim:curation:4d24af59-aa33-540e-b8b0-c561217ab8c3
American,unified:11e637ca-b753-50aa-8d1c-bfccf82ceb6e,PS3545.I342Z828,1,elsewhere_review,1900–1960,bokheim:curation:4d24af59-aa33-540e-b8b0-c561217ab8c3
American,unified:11e637ca-b753-50aa-8d1c-bfccf82ceb6e,PS3545.I342Z83,1,elsewhere_review,1900–1960,bokheim:curation:4d24af59-aa33-540e-b8b0-c561217ab8c3
American,unified:11e637ca-b753-50aa-8d1c-bfccf82ceb6e,PS3545.I342Z84,1,elsewhere_review,1900–1960,bokheim:curation:4d24af59-aa33-540e-b8b0-c561217ab8c3
American,unified:11e637ca-b753-50aa-8d1c-bfccf82ceb6e,PS3545.I342Z895,1,elsewhere_review,1900–1960,bokheim:curation:4d24af59-aa33-540e-b8b0-c561217ab8c3
American,unified:11e637ca-b753-50aa-8d1c-bfccf82ceb6e,PS3545.I342Z896,1,elsewhere_review,1900–1960,bokheim:curation:4d24af59-aa33-540e-b8b0-c561217ab8c3
American,unified:11e637ca-b753-50aa-8d1c-bfccf82ceb6e,PS3545.I342Z918,1,elsewhere_review,1900–1960,bokheim:curation:4d24af59-aa33-540e-b8b0-c561217ab8c3
American,unified:11e637ca-b753-50aa-8d1c-bfccf82ceb6e,PS3545.I342Z927,1,elsewhere_review,1900–1960,bokheim:curation:4d24af59-aa33-540e-b8b0-c561217ab8c3
American,unified:11e637ca-b753-50aa-8d1c-bfccf82ceb6e,PS3545.I342Z94,1,elsewhere_review,1900–1960,bokheim:curation:4d24af59-aa33-540e-b8b0-c561217ab8c3
American,unified:11e637ca-b753-50aa-8d1c-bfccf82ceb6e,PS3545.I342Z967,1,elsewhere_review,1900–1960,bokheim:curation:4d24af59-aa33-540e-b8b0-c561217ab8c3
American,unified:11e637ca-b753-50aa-8d1c-bfccf82ceb6e,PS3545.I342Z975,1,elsewhere_review,1900–1960,bokheim:curation:4d24af59-aa33-540e-b8b0-c561217ab8c3
American,unified:11e637ca-b753-50aa-8d1c-bfccf82ceb6e,PS3545.I342Z976,1,elsewhere_review,1900–1960,bokheim:curation:4d24af59-aa33-540e-b8b0-c561217ab8c3
American,unified:11e637ca-b753-50aa-8d1c-bfccf82ceb6e,PS3545.I36,1,elsewhere_review,1900–1960,bokheim:curation:4d24af59-aa33-540e-b8b0-c561217ab8c3
American,unified:11e637ca-b753-50aa-8d1c-bfccf82ceb6e,PS3545.I557B57,1,elsewhere_review,1900–1960,bokheim:curation:4d24af59-aa33-540e-b8b0-c561217ab8c3
American,unified:11e637ca-b753-50aa-8d1c-bfccf82ceb6e,PS3545.I557D3,1,elsewhere_review,1900–1960,bokheim:curation:4d24af59-aa33-540e-b8b0-c561217ab8c3
American,unified:11e637ca-b753-50aa-8d1c-bfccf82ceb6e,PS3545.I557D4,1,elsewhere_review,1900–1960,bokheim:curation:4d24af59-aa33-540e-b8b0-c561217ab8c3
American,unified:11e637ca-b753-50aa-8d1c-bfccf82ceb6e,PS3545.I557H85,1,elsewhere_review,1900–1960,bokheim:curation:4d24af59-aa33-540e-b8b0-c561217ab8c3
American,unified:11e637ca-b753-50aa-8d1c-bfccf82ceb6e,PS3545.I557S55,1,elsewhere_review,1900–1960,bokheim:curation:4d24af59-aa33-540e-b8b0-c561217ab8c3
American,unified:11e637ca-b753-50aa-8d1c-bfccf82ceb6e,PS3545.I557S75,1,elsewhere_review,1900–1960,bokheim:curation:4d24af59-aa33-540e-b8b0-c561217ab8c3
American,unified:11e637ca-b753-50aa-8d1c-bfccf82ceb6e,PS3545.I557T46,1,elsewhere_review,1900–1960,bokheim:curation:4d24af59-aa33-540e-b8b0-c561217ab8c3
American,unified:11e637ca-b753-50aa-8d1c-bfccf82ceb6e,PS3545.I557Z477,1,elsewhere_review,1900–1960,bokheim:curation:4d24af59-aa33-540e-b8b0-c561217ab8c3
American,unified:11e637ca-b753-50aa-8d1c-bfccf82ceb6e,PS3545.O465A6,1,elsewhere_review,1900–1960,bokheim:curation:4d24af59-aa33-540e-b8b0-c561217ab8c3
American,unified:11e637ca-b753-50aa-8d1c-bfccf82ceb6e,PS3545.O465Z69,1,elsewhere_review,1900–1960,bokheim:curation:4d24af59-aa33-540e-b8b0-c561217ab8c3
American,unified:11e637ca-b753-50aa-8d1c-bfccf82ceb6e,PS3545.R45C3,1,elsewhere_review,1900–1960,bokheim:curation:4d24af59-aa33-540e-b8b0-c561217ab8c3
American,unified:11e637ca-b753-50aa-8d1c-bfccf82ceb6e,PS3545.R45S5,1,elsewhere_review,1900–1960,bokheim:curation:4d24af59-aa33-540e-b8b0-c561217ab8c3
American,unified:11e637ca-b753-50aa-8d1c-bfccf82ceb6e,PS3545.R45W5,1,elsewhere_review,1900–1960,bokheim:curation:4d24af59-aa33-540e-b8b0-c561217ab8c3
American,unified:11e637ca-b753-50aa-8d1c-bfccf82ceb6e,PS3545.R846B46,1,elsewhere_review,1900–1960,bokheim:curation:4d24af59-aa33-540e-b8b0-c561217ab8c3
American,unified:11e637ca-b753-50aa-8d1c-bfccf82ceb6e,PS3545.R846B5,1,elsewhere_review,1900–1960,bokheim:curation:4d24af59-aa33-540e-b8b0-c561217ab8c3
American,unified:11e637ca-b753-50aa-8d1c-bfccf82ceb6e,PS3545.R846C3,1,elsewhere_review,1900–1960,bokheim:curation:4d24af59-aa33-540e-b8b0-c561217ab8c3
American,unified:11e637ca-b753-50aa-8d1c-bfccf82ceb6e,PS3545.R846D73,1,elsewhere_review,1900–1960,bokheim:curation:4d24af59-aa33-540e-b8b0-c561217ab8c3
American,unified:11e637ca-b753-50aa-8d1c-bfccf82ceb6e,PS3545.R846G32,1,elsewhere_review,1900–1960,bokheim:curation:4d24af59-aa33-540e-b8b0-c561217ab8c3
American,unified:11e637ca-b753-50aa-8d1c-bfccf82ceb6e,PS3545.R846G73,1,elsewhere_review,1900–1960,bokheim:curation:4d24af59-aa33-540e-b8b0-c561217ab8c3
American,unified:11e637ca-b753-50aa-8d1c-bfccf82ceb6e,PS3545.R846G74,1,elsewhere_review,1900–1960,bokheim:curation:4d24af59-aa33-540e-b8b0-c561217ab8c3
American,unified:11e637ca-b753-50aa-8d1c-bfccf82ceb6e,PS3545.R846K53,1,elsewhere_review,1900–1960,bokheim:curation:4d24af59-aa33-540e-b8b0-c561217ab8c3
American,unified:11e637ca-b753-50aa-8d1c-bfccf82ceb6e,PS3545.R846S33,1,elsewhere_review,1900–1960,bokheim:curation:4d24af59-aa33-540e-b8b0-c561217ab8c3
American,unified:11e637ca-b753-50aa-8d1c-bfccf82ceb6e,PS3545.R846W56,1,elsewhere_review,1900–1960,bokheim:curation:4d24af59-aa33-540e-b8b0-c561217ab8c3
American,unified:11e637ca-b753-50aa-8d1c-bfccf82ceb6e,PS3545.R846Z75,1,elsewhere_review,1900–1960,bokheim:curation:4d24af59-aa33-540e-b8b0-c561217ab8c3
American,unified:11e637ca-b753-50aa-8d1c-bfccf82ceb6e,PS3545.Y3T78,1,elsewhere_review,1900–1960,bokheim:curation:4d24af59-aa33-540e-b8b0-c561217ab8c3
American,unified:11e637ca-b753-50aa-8d1c-bfccf82ceb6e,PS3545H16T914,1,elsewhere_review,1900–1960,bokheim:curation:4d24af59-aa33-540e-b8b0-c561217ab8c3
American,unified:11e637ca-b753-50aa-8d1c-bfccf82ceb6e,PS3552.A4278B68,1,elsewhere_review,1961–2000,bokheim:curation:eea452b2-e068-51a0-9f67-aebfdad03ed7
American,unified:11e637ca-b753-50aa-8d1c-bfccf82ceb6e,PS3552.A4733G5,1,elsewhere_review,1961–2000,bokheim:curation:eea452b2-e068-51a0-9f67-aebfdad03ed7
American,unified:11e637ca-b753-50aa-8d1c-bfccf82ceb6e,PS3552.A476D43,1,elsewhere_review,1961–2000,bokheim:curation:eea452b2-e068-51a0-9f67-aebfdad03ed7
American,unified:11e637ca-b753-50aa-8d1c-bfccf82ceb6e,PS3552.A476K55,1,elsewhere_review,1961–2000,bokheim:curation:eea452b2-e068-51a0-9f67-aebfdad03ed7
American,unified:11e637ca-b753-50aa-8d1c-bfccf82ceb6e,PS3552.A476P73,1,elsewhere_review,1961–2000,bokheim:curation:eea452b2-e068-51a0-9f67-aebfdad03ed7
American,unified:11e637ca-b753-50aa-8d1c-bfccf82ceb6e,PS3552.A476S2,1,elsewhere_review,1961–2000,bokheim:curation:eea452b2-e068-51a0-9f67-aebfdad03ed7
American,unified:11e637ca-b753-50aa-8d1c-bfccf82ceb6e,PS3552.A583.Z48,1,elsewhere_review,1961–2000,bokheim:curation:eea452b2-e068-51a0-9f67-aebfdad03ed7
American,unified:11e637ca-b753-50aa-8d1c-bfccf82ceb6e,PS3552.A583A17,1,elsewhere_review,1961–2000,bokheim:curation:eea452b2-e068-51a0-9f67-aebfdad03ed7
American,unified:11e637ca-b753-50aa-8d1c-bfccf82ceb6e,PS3552.A583D3,1,elsewhere_review,1961–2000,bokheim:curation:eea452b2-e068-51a0-9f67-aebfdad03ed7
American,unified:11e637ca-b753-50aa-8d1c-bfccf82ceb6e,PS3552.A583E8,1,elsewhere_review,1961–2000,bokheim:curation:eea452b2-e068-51a0-9f67-aebfdad03ed7
American,unified:11e637ca-b753-50aa-8d1c-bfccf82ceb6e,PS3552.A583F6,1,elsewhere_review,1961–2000,bokheim:curation:eea452b2-e068-51a0-9f67-aebfdad03ed7
American,unified:11e637ca-b753-50aa-8d1c-bfccf82ceb6e,PS3552.A583M6,1,elsewhere_review,1961–2000,bokheim:curation:eea452b2-e068-51a0-9f67-aebfdad03ed7
American,unified:11e637ca-b753-50aa-8d1c-bfccf82ceb6e,PS3552.A583S5,1,elsewhere_review,1961–2000,bokheim:curation:eea452b2-e068-51a0-9f67-aebfdad03ed7
American,unified:11e637ca-b753-50aa-8d1c-bfccf82ceb6e,PS3552.A583Z463,1,elsewhere_review,1961–2000,bokheim:curation:eea452b2-e068-51a0-9f67-aebfdad03ed7
American,unified:11e637ca-b753-50aa-8d1c-bfccf82ceb6e,PS3552.A583Z465,1,elsewhere_review,1961–2000,bokheim:curation:eea452b2-e068-51a0-9f67-aebfdad03ed7
American,unified:11e637ca-b753-50aa-8d1c-bfccf82ceb6e,PS3552.A583Z48,1,elsewhere_review,1961–2000,bokheim:curation:eea452b2-e068-51a0-9f67-aebfdad03ed7
American,unified:11e637ca-b753-50aa-8d1c-bfccf82ceb6e,PS3552.A583Z56,1,elsewhere_review,1961–2000,bokheim:curation:eea452b2-e068-51a0-9f67-aebfdad03ed7
American,unified:11e637ca-b753-50aa-8d1c-bfccf82ceb6e,PS3552.A583Z93,1,elsewhere_review,1961–2000,bokheim:curation:eea452b2-e068-51a0-9f67-aebfdad03ed7
American,unified:11e637ca-b753-50aa-8d1c-bfccf82ceb6e,PS3552.E26D64,1,elsewhere_review,1961–2000,bokheim:curation:eea452b2-e068-51a0-9f67-aebfdad03ed7
American,unified:11e637ca-b753-50aa-8d1c-bfccf82ceb6e,PS3552.E26R46,1,elsewhere_review,1961–2000,bokheim:curation:eea452b2-e068-51a0-9f67-aebfdad03ed7
American,unified:11e637ca-b753-50aa-8d1c-bfccf82ceb6e,PS3552.E345T3,1,elsewhere_review,1961–2000,bokheim:curation:eea452b2-e068-51a0-9f67-aebfdad03ed7
American,unified:11e637ca-b753-50aa-8d1c-bfccf82ceb6e,PS3552.I3A89,1,elsewhere_review,1961–2000,bokheim:curation:eea452b2-e068-51a0-9f67-aebfdad03ed7
American,unified:11e637ca-b753-50aa-8d1c-bfccf82ceb6e,PS3552.I3B7,1,elsewhere_review,1961–2000,bokheim:curation:eea452b2-e068-51a0-9f67-aebfdad03ed7
American,unified:11e637ca-b753-50aa-8d1c-bfccf82ceb6e,PS3552.I3D38,1,elsewhere_review,1961–2000,bokheim:curation:eea452b2-e068-51a0-9f67-aebfdad03ed7
American,unified:11e637ca-b753-50aa-8d1c-bfccf82ceb6e,PS3552.I3D76,1,elsewhere_review,1961–2000,bokheim:curation:eea452b2-e068-51a0-9f67-aebfdad03ed7
American,unified:11e637ca-b753-50aa-8d1c-bfccf82ceb6e,PS3552.I3M5,1,elsewhere_review,1961–2000,bokheim:curation:eea452b2-e068-51a0-9f67-aebfdad03ed7
American,unified:11e637ca-b753-50aa-8d1c-bfccf82ceb6e,PS3552.I3O94,1,elsewhere_review,1961–2000,bokheim:curation:eea452b2-e068-51a0-9f67-aebfdad03ed7
American,unified:11e637ca-b753-50aa-8d1c-bfccf82ceb6e,PS3552.I3T54,1,elsewhere_review,1961–2000,bokheim:curation:eea452b2-e068-51a0-9f67-aebfdad03ed7
American,unified:11e637ca-b753-50aa-8d1c-bfccf82ceb6e,PS3552.L63A6,1,elsewhere_review,1961–2000,bokheim:curation:eea452b2-e068-51a0-9f67-aebfdad03ed7
American,unified:11e637ca-b753-50aa-8d1c-bfccf82ceb6e,PS3552.L63B38,1,elsewhere_review,1961–2000,bokheim:curation:eea452b2-e068-51a0-9f67-aebfdad03ed7
American,unified:11e637ca-b753-50aa-8d1c-bfccf82ceb6e,PS3552.L63B84,1,elsewhere_review,1961–2000,bokheim:curation:eea452b2-e068-51a0-9f67-aebfdad03ed7
American,unified:11e637ca-b753-50aa-8d1c-bfccf82ceb6e,PS3552.L63B845,1,elsewhere_review,1961–2000,bokheim:curation:eea452b2-e068-51a0-9f67-aebfdad03ed7
American,unified:11e637ca-b753-50aa-8d1c-bfccf82ceb6e,PS3552.L63B85,1,elsewhere_review,1961–2000,bokheim:curation:eea452b2-e068-51a0-9f67-aebfdad03ed7
American,unified:11e637ca-b753-50aa-8d1c-bfccf82ceb6e,PS3552.L63B856,1,elsewhere_review,1961–2000,bokheim:curation:eea452b2-e068-51a0-9f67-aebfdad03ed7
American,unified:11e637ca-b753-50aa-8d1c-bfccf82ceb6e,PS3552.L63B864,1,elsewhere_review,1961–2000,bokheim:curation:eea452b2-e068-51a0-9f67-aebfdad03ed7
American,unified:11e637ca-b753-50aa-8d1c-bfccf82ceb6e,PS3552.L63B87,1,elsewhere_review,1961–2000,bokheim:curation:eea452b2-e068-51a0-9f67-aebfdad03ed7
American,unified:11e637ca-b753-50aa-8d1c-bfccf82ceb6e,PS3552.L63B89,1,elsewhere_review,1961–2000,bokheim:curation:eea452b2-e068-51a0-9f67-aebfdad03ed7
American,unified:11e637ca-b753-50aa-8d1c-bfccf82ceb6e,PS3552.L63D36,1,elsewhere_review,1961–2000,bokheim:curation:eea452b2-e068-51a0-9f67-aebfdad03ed7
American,unified:11e637ca-b753-50aa-8d1c-bfccf82ceb6e,PS3552.L63D46,1,elsewhere_review,1961–2000,bokheim:curation:eea452b2-e068-51a0-9f67-aebfdad03ed7
American,unified:11e637ca-b753-50aa-8d1c-bfccf82ceb6e,PS3552.L63D76,1,elsewhere_review,1961–2000,bokheim:curation:eea452b2-e068-51a0-9f67-aebfdad03ed7
American,unified:11e637ca-b753-50aa-8d1c-bfccf82ceb6e,PS3552.L63E95,1,elsewhere_review,1961–2000,bokheim:curation:eea452b2-e068-51a0-9f67-aebfdad03ed7
American,unified:11e637ca-b753-50aa-8d1c-bfccf82ceb6e,PS3552.L63E97,1,elsewhere_review,1961–2000,bokheim:curation:eea452b2-e068-51a0-9f67-aebfdad03ed7
American,unified:11e637ca-b753-50aa-8d1c-bfccf82ceb6e,PS3552.L63H58,1,elsewhere_review,1961–2000,bokheim:curation:eea452b2-e068-51a0-9f67-aebfdad03ed7
American,unified:11e637ca-b753-50aa-8d1c-bfccf82ceb6e,PS3552.L63H585,1,elsewhere_review,1961–2000,bokheim:curation:eea452b2-e068-51a0-9f67-aebfdad03ed7
American,unified:11e637ca-b753-50aa-8d1c-bfccf82ceb6e,PS3552.L63H59,1,elsewhere_review,1961–2000,bokheim:curation:eea452b2-e068-51a0-9f67-aebfdad03ed7
American,unified:11e637ca-b753-50aa-8d1c-bfccf82ceb6e,PS3552.L63H66,1,elsewhere_review,1961–2000,bokheim:curation:eea452b2-e068-51a0-9f67-aebfdad03ed7
American,unified:11e637ca-b753-50aa-8d1c-bfccf82ceb6e,PS3552.L63K45,1,elsewhere_review,1961–2000,bokheim:curation:eea452b2-e068-51a0-9f67-aebfdad03ed7
American,unified:11e637ca-b753-50aa-8d1c-bfccf82ceb6e,PS3552.L63L6,1,elsewhere_review,1961–2000,bokheim:curation:eea452b2-e068-51a0-9f67-aebfdad03ed7
American,unified:11e637ca-b753-50aa-8d1c-bfccf82ceb6e,PS3552.L63O64,1,elsewhere_review,1961–2000,bokheim:curation:eea452b2-e068-51a0-9f67-aebfdad03ed7
American,unified:11e637ca-b753-50aa-8d1c-bfccf82ceb6e,PS3552.L63R36,1,elsewhere_review,1961–2000,bokheim:curation:eea452b2-e068-51a0-9f67-aebfdad03ed7
American,unified:11e637ca-b753-50aa-8d1c-bfccf82ceb6e,PS3552.L63S63,1,elsewhere_review,1961–2000,bokheim:curation:eea452b2-e068-51a0-9f67-aebfdad03ed7
American,unified:11e637ca-b753-50aa-8d1c-bfccf82ceb6e,PS3552.L63S8,1,elsewhere_review,1961–2000,bokheim:curation:eea452b2-e068-51a0-9f67-aebfdad03ed7
American,unified:11e637ca-b753-50aa-8d1c-bfccf82ceb6e,PS3552.L63T38,1,elsewhere_review,1961–2000,bokheim:curation:eea452b2-e068-51a0-9f67-aebfdad03ed7
American,unified:11e637ca-b753-50aa-8d1c-bfccf82ceb6e,PS3552.L63T4,1,elsewhere_review,1961–2000,bokheim:curation:eea452b2-e068-51a0-9f67-aebfdad03ed7
American,unified:11e637ca-b753-50aa-8d1c-bfccf82ceb6e,PS3552.L63T44,1,elsewhere_review,1961–2000,bokheim:curation:eea452b2-e068-51a0-9f67-aebfdad03ed7
American,unified:11e637ca-b753-50aa-8d1c-bfccf82ceb6e,PS3552.L63W49,1,elsewhere_review,1961–2000,bokheim:curation:eea452b2-e068-51a0-9f67-aebfdad03ed7
American,unified:11e637ca-b753-50aa-8d1c-bfccf82ceb6e,PS3552.L63Z46,1,elsewhere_review,1961–2000,bokheim:curation:eea452b2-e068-51a0-9f67-aebfdad03ed7
American,unified:11e637ca-b753-50aa-8d1c-bfccf82ceb6e,PS3552.L63Z462,1,elsewhere_review,1961–2000,bokheim:curation:eea452b2-e068-51a0-9f67-aebfdad03ed7
American,unified:11e637ca-b753-50aa-8d1c-bfccf82ceb6e,PS3552.L77C57,1,elsewhere_review,1961–2000,bokheim:curation:eea452b2-e068-51a0-9f67-aebfdad03ed7
American,unified:11e637ca-b753-50aa-8d1c-bfccf82ceb6e,PS3552.O8756,1,elsewhere_review,1961–2000,bokheim:curation:eea452b2-e068-51a0-9f67-aebfdad03ed7
American,unified:11e637ca-b753-50aa-8d1c-bfccf82ceb6e,PS3552.O895D3,1,elsewhere_review,1961–2000,bokheim:curation:eea452b2-e068-51a0-9f67-aebfdad03ed7
American,unified:11e637ca-b753-50aa-8d1c-bfccf82ceb6e,PS3552.O895G48,1,elsewhere_review,1961–2000,bokheim:curation:eea452b2-e068-51a0-9f67-aebfdad03ed7
American,unified:11e637ca-b753-50aa-8d1c-bfccf82ceb6e,PS3552.O895M6,1,elsewhere_review,1961–2000,bokheim:curation:eea452b2-e068-51a0-9f67-aebfdad03ed7
American,unified:11e637ca-b753-50aa-8d1c-bfccf82ceb6e,PS3552.O895W45,1,elsewhere_review,1961–2000,bokheim:curation:eea452b2-e068-51a0-9f67-aebfdad03ed7
American,unified:11e637ca-b753-50aa-8d1c-bfccf82ceb6e,PS3552.O895Y4,1,elsewhere_review,1961–2000,bokheim:curation:eea452b2-e068-51a0-9f67-aebfdad03ed7
American,unified:11e637ca-b753-50aa-8d1c-bfccf82ceb6e,PS3552.R2298,1,elsewhere_review,1961–2000,bokheim:curation:eea452b2-e068-51a0-9f67-aebfdad03ed7
American,unified:11e637ca-b753-50aa-8d1c-bfccf82ceb6e,PS3552.R2298G8,1,elsewhere_review,1961–2000,bokheim:curation:eea452b2-e068-51a0-9f67-aebfdad03ed7
American,unified:11e637ca-b753-50aa-8d1c-bfccf82ceb6e,PS3552.U4718A79,1,elsewhere_review,1961–2000,bokheim:curation:eea452b2-e068-51a0-9f67-aebfdad03ed7
American,unified:11e637ca-b753-50aa-8d1c-bfccf82ceb6e,PS3552.U4718B57,1,elsewhere_review,1961–2000,bokheim:curation:eea452b2-e068-51a0-9f67-aebfdad03ed7
American,unified:11e637ca-b753-50aa-8d1c-bfccf82ceb6e,PS3552.U4718B6,1,elsewhere_review,1961–2000,bokheim:curation:eea452b2-e068-51a0-9f67-aebfdad03ed7
American,unified:11e637ca-b753-50aa-8d1c-bfccf82ceb6e,PS3552.U4718D36,1,elsewhere_review,1961–2000,bokheim:curation:eea452b2-e068-51a0-9f67-aebfdad03ed7
American,unified:11e637ca-b753-50aa-8d1c-bfccf82ceb6e,PS3552.U4718E45,1,elsewhere_review,1961–2000,bokheim:curation:eea452b2-e068-51a0-9f67-aebfdad03ed7
American,unified:11e637ca-b753-50aa-8d1c-bfccf82ceb6e,PS3552.U4718F57,1,elsewhere_review,1961–2000,bokheim:curation:eea452b2-e068-51a0-9f67-aebfdad03ed7
American,unified:11e637ca-b753-50aa-8d1c-bfccf82ceb6e,PS3552.U4718F73,1,elsewhere_review,1961–2000,bokheim:curation:eea452b2-e068-51a0-9f67-aebfdad03ed7
American,unified:11e637ca-b753-50aa-8d1c-bfccf82ceb6e,PS3552.U4718F86,1,elsewhere_review,1961–2000,bokheim:curation:eea452b2-e068-51a0-9f67-aebfdad03ed7
American,unified:11e637ca-b753-50aa-8d1c-bfccf82ceb6e,PS3552.U4718G66,1,elsewhere_review,1961–2000,bokheim:curation:eea452b2-e068-51a0-9f67-aebfdad03ed7
American,unified:11e637ca-b753-50aa-8d1c-bfccf82ceb6e,PS3552.U4718G67,1,elsewhere_review,1961–2000,bokheim:curation:eea452b2-e068-51a0-9f67-aebfdad03ed7
American,unified:11e637ca-b753-50aa-8d1c-bfccf82ceb6e,PS3552.U4718H43,1,elsewhere_review,1961–2000,bokheim:curation:eea452b2-e068-51a0-9f67-aebfdad03ed7
American,unified:11e637ca-b753-50aa-8d1c-bfccf82ceb6e,PS3552.U4718H53,1,elsewhere_review,1961–2000,bokheim:curation:eea452b2-e068-51a0-9f67-aebfdad03ed7
American,unified:11e637ca-b753-50aa-8d1c-bfccf82ceb6e,PS3552.U4718I47,1,elsewhere_review,1961–2000,bokheim:curation:eea452b2-e068-51a0-9f67-aebfdad03ed7
American,unified:11e637ca-b753-50aa-8d1c-bfccf82ceb6e,PS3552.U4718I56,1,elsewhere_review,1961–2000,bokheim:curation:eea452b2-e068-51a0-9f67-aebfdad03ed7
American,unified:11e637ca-b753-50aa-8d1c-bfccf82ceb6e,PS3552.U4718I88,1,elsewhere_review,1961–2000,bokheim:curation:eea452b2-e068-51a0-9f67-aebfdad03ed7
American,unified:11e637ca-b753-50aa-8d1c-bfccf82ceb6e,PS3552.U4718L39,1,elsewhere_review,1961–2000,bokheim:curation:eea452b2-e068-51a0-9f67-aebfdad03ed7
American,unified:11e637ca-b753-50aa-8d1c-bfccf82ceb6e,PS3552.U4718L56,1,elsewhere_review,1961–2000,bokheim:curation:eea452b2-e068-51a0-9f67-aebfdad03ed7
American,unified:11e637ca-b753-50aa-8d1c-bfccf82ceb6e,PS3552.U4718M66,1,elsewhere_review,1961–2000,bokheim:curation:eea452b2-e068-51a0-9f67-aebfdad03ed7
American,unified:11e637ca-b753-50aa-8d1c-bfccf82ceb6e,PS3552.U4718N63,1,elsewhere_review,1961–2000,bokheim:curation:eea452b2-e068-51a0-9f67-aebfdad03ed7
American,unified:11e637ca-b753-50aa-8d1c-bfccf82ceb6e,PS3552.U4718O54,1,elsewhere_review,1961–2000,bokheim:curation:eea452b2-e068-51a0-9f67-aebfdad03ed7
American,unified:11e637ca-b753-50aa-8d1c-bfccf82ceb6e,PS3552.U4718O56,1,elsewhere_review,1961–2000,bokheim:curation:eea452b2-e068-51a0-9f67-aebfdad03ed7
American,unified:11e637ca-b753-50aa-8d1c-bfccf82ceb6e,PS3552.U4718P55,1,elsewhere_review,1961–2000,bokheim:curation:eea452b2-e068-51a0-9f67-aebfdad03ed7
American,unified:11e637ca-b753-50aa-8d1c-bfccf82ceb6e,PS3552.U4718P69,1,elsewhere_review,1961–2000,bokheim:curation:eea452b2-e068-51a0-9f67-aebfdad03ed7
American,unified:11e637ca-b753-50aa-8d1c-bfccf82ceb6e,PS3552.U4718S55,1,elsewhere_review,1961–2000,bokheim:curation:eea452b2-e068-51a0-9f67-aebfdad03ed7
American,unified:11e637ca-b753-50aa-8d1c-bfccf82ceb6e,PS3552.U4718S65,1,elsewhere_review,1961–2000,bokheim:curation:eea452b2-e068-51a0-9f67-aebfdad03ed7
American,unified:11e637ca-b753-50aa-8d1c-bfccf82ceb6e,PS3552.U4718S7,1,elsewhere_review,1961–2000,bokheim:curation:eea452b2-e068-51a0-9f67-aebfdad03ed7
American,unified:11e637ca-b753-50aa-8d1c-bfccf82ceb6e,PS3552.U4718T5,1,elsewhere_review,1961–2000,bokheim:curation:eea452b2-e068-51a0-9f67-aebfdad03ed7
American,unified:11e637ca-b753-50aa-8d1c-bfccf82ceb6e,PS3552.U4718T6,1,elsewhere_review,1961–2000,bokheim:curation:eea452b2-e068-51a0-9f67-aebfdad03ed7
American,unified:11e637ca-b753-50aa-8d1c-bfccf82ceb6e,PS3552.U4718T73,1,elsewhere_review,1961–2000,bokheim:curation:eea452b2-e068-51a0-9f67-aebfdad03ed7
American,unified:11e637ca-b753-50aa-8d1c-bfccf82ceb6e,PS3552.U4718T75,1,elsewhere_review,1961–2000,bokheim:curation:eea452b2-e068-51a0-9f67-aebfdad03ed7
American,unified:11e637ca-b753-50aa-8d1c-bfccf82ceb6e,PS3552.U4718T87,1,elsewhere_review,1961–2000,bokheim:curation:eea452b2-e068-51a0-9f67-aebfdad03ed7
American,unified:11e637ca-b753-50aa-8d1c-bfccf82ceb6e,PS3552.U4718U48,1,elsewhere_review,1961–2000,bokheim:curation:eea452b2-e068-51a0-9f67-aebfdad03ed7
American,unified:11e637ca-b753-50aa-8d1c-bfccf82ceb6e,PS3552.U4718U55,1,elsewhere_review,1961–2000,bokheim:curation:eea452b2-e068-51a0-9f67-aebfdad03ed7
American,unified:11e637ca-b753-50aa-8d1c-bfccf82ceb6e,PS3552.U7234A95,1,elsewhere_review,1961–2000,bokheim:curation:eea452b2-e068-51a0-9f67-aebfdad03ed7
American,unified:11e637ca-b753-50aa-8d1c-bfccf82ceb6e,PS3552.U725B73,1,elsewhere_review,1961–2000,bokheim:curation:eea452b2-e068-51a0-9f67-aebfdad03ed7
American,unified:11e637ca-b753-50aa-8d1c-bfccf82ceb6e,PS3552.U75.J86,1,elsewhere_review,1961–2000,bokheim:curation:eea452b2-e068-51a0-9f67-aebfdad03ed7
American,unified:11e637ca-b753-50aa-8d1c-bfccf82ceb6e,PS3552.U75A795,1,elsewhere_review,1961–2000,bokheim:curation:eea452b2-e068-51a0-9f67-aebfdad03ed7
American,unified:11e637ca-b753-50aa-8d1c-bfccf82ceb6e,PS3552.U75B8,1,elsewhere_review,1961–2000,bokheim:curation:eea452b2-e068-51a0-9f67-aebfdad03ed7
American,unified:11e637ca-b753-50aa-8d1c-bfccf82ceb6e,PS3552.U75G48,1,elsewhere_review,1961–2000,bokheim:curation:eea452b2-e068-51a0-9f67-aebfdad03ed7
American,unified:11e637ca-b753-50aa-8d1c-bfccf82ceb6e,PS3552.U75J86,1,elsewhere_review,1961–2000,bokheim:curation:eea452b2-e068-51a0-9f67-aebfdad03ed7
American,unified:11e637ca-b753-50aa-8d1c-bfccf82ceb6e,PS3552.U75N336,1,elsewhere_review,1961–2000,bokheim:curation:eea452b2-e068-51a0-9f67-aebfdad03ed7
American,unified:11e637ca-b753-50aa-8d1c-bfccf82ceb6e,PS3552.U75P54,1,elsewhere_review,1961–2000,bokheim:curation:eea452b2-e068-51a0-9f67-aebfdad03ed7
American,unified:11e637ca-b753-50aa-8d1c-bfccf82ceb6e,PS3552.U75P6,1,elsewhere_review,1961–2000,bokheim:curation:eea452b2-e068-51a0-9f67-aebfdad03ed7
American,unified:11e637ca-b753-50aa-8d1c-bfccf82ceb6e,PS3552.U75R48,1,elsewhere_review,1961–2000,bokheim:curation:eea452b2-e068-51a0-9f67-aebfdad03ed7
American,unified:11e637ca-b753-50aa-8d1c-bfccf82ceb6e,PS3552.U75T48,1,elsewhere_review,1961–2000,bokheim:curation:eea452b2-e068-51a0-9f67-aebfdad03ed7
American,unified:11e637ca-b753-50aa-8d1c-bfccf82ceb6e,PS3552.U75T487,1,elsewhere_review,1961–2000,bokheim:curation:eea452b2-e068-51a0-9f67-aebfdad03ed7
American,unified:11e637ca-b753-50aa-8d1c-bfccf82ceb6e,PS3552.U75Z463,1,elsewhere_review,1961–2000,bokheim:curation:eea452b2-e068-51a0-9f67-aebfdad03ed7
American,unified:11e637ca-b753-50aa-8d1c-bfccf82ceb6e,PS3552.U75Z464,1,elsewhere_review,1961–2000,bokheim:curation:eea452b2-e068-51a0-9f67-aebfdad03ed7
American,unified:11e637ca-b753-50aa-8d1c-bfccf82ceb6e,PS3552.U75Z465,1,elsewhere_review,1961–2000,bokheim:curation:eea452b2-e068-51a0-9f67-aebfdad03ed7
American,unified:11e637ca-b753-50aa-8d1c-bfccf82ceb6e,PS3552.U75Z466,1,elsewhere_review,1961–2000,bokheim:curation:eea452b2-e068-51a0-9f67-aebfdad03ed7
American,unified:11e637ca-b753-50aa-8d1c-bfccf82ceb6e,PS3552.U75Z468,1,elsewhere_review,1961–2000,bokheim:curation:eea452b2-e068-51a0-9f67-aebfdad03ed7
American,unified:11e637ca-b753-50aa-8d1c-bfccf82ceb6e,PS3552.U75Z575,1,elsewhere_review,1961–2000,bokheim:curation:eea452b2-e068-51a0-9f67-aebfdad03ed7
American,unified:11e637ca-b753-50aa-8d1c-bfccf82ceb6e,PS3552.U75Z58,1,elsewhere_review,1961–2000,bokheim:curation:eea452b2-e068-51a0-9f67-aebfdad03ed7
American,unified:11e637ca-b753-50aa-8d1c-bfccf82ceb6e,PS3552.U75Z6813,1,elsewhere_review,1961–2000,bokheim:curation:eea452b2-e068-51a0-9f67-aebfdad03ed7
American,unified:11e637ca-b753-50aa-8d1c-bfccf82ceb6e,PS3552.U75Z69,1,elsewhere_review,1961–2000,bokheim:curation:eea452b2-e068-51a0-9f67-aebfdad03ed7
American,unified:11e637ca-b753-50aa-8d1c-bfccf82ceb6e,PS3552.U75Z715,1,elsewhere_review,1961–2000,bokheim:curation:eea452b2-e068-51a0-9f67-aebfdad03ed7
American,unified:11e637ca-b753-50aa-8d1c-bfccf82ceb6e,PS3552.U75Z73,1,elsewhere_review,1961–2000,bokheim:curation:eea452b2-e068-51a0-9f67-aebfdad03ed7
American,unified:11e637ca-b753-50aa-8d1c-bfccf82ceb6e,PS3552.U75Z7427,1,elsewhere_review,1961–2000,bokheim:curation:eea452b2-e068-51a0-9f67-aebfdad03ed7
American,unified:11e637ca-b753-50aa-8d1c-bfccf82ceb6e,PS3552.U75Z76,1,elsewhere_review,1961–2000,bokheim:curation:eea452b2-e068-51a0-9f67-aebfdad03ed7
American,unified:11e637ca-b753-50aa-8d1c-bfccf82ceb6e,PS3552.U75Z78,1,elsewhere_review,1961–2000,bokheim:curation:eea452b2-e068-51a0-9f67-aebfdad03ed7
American,unified:11e637ca-b753-50aa-8d1c-bfccf82ceb6e,PS3552.U75Z833,1,elsewhere_review,1961–2000,bokheim:curation:eea452b2-e068-51a0-9f67-aebfdad03ed7
American,unified:11e637ca-b753-50aa-8d1c-bfccf82ceb6e,PS3552.U75Z835,1,elsewhere_review,1961–2000,bokheim:curation:eea452b2-e068-51a0-9f67-aebfdad03ed7
American,unified:11e637ca-b753-50aa-8d1c-bfccf82ceb6e,PS3552.U75Z84,1,elsewhere_review,1961–2000,bokheim:curation:eea452b2-e068-51a0-9f67-aebfdad03ed7
American,unified:11e637ca-b753-50aa-8d1c-bfccf82ceb6e,PS3552.U75Z925,1,elsewhere_review,1961–2000,bokheim:curation:eea452b2-e068-51a0-9f67-aebfdad03ed7
American,unified:11e637ca-b753-50aa-8d1c-bfccf82ceb6e,PS3552.U75Z927,1,elsewhere_review,1961–2000,bokheim:curation:eea452b2-e068-51a0-9f67-aebfdad03ed7
American,unified:11e637ca-b753-50aa-8d1c-bfccf82ceb6e,PS3552.U75Z93,1,elsewhere_review,1961–2000,bokheim:curation:eea452b2-e068-51a0-9f67-aebfdad03ed7
American,unified:11e637ca-b753-50aa-8d1c-bfccf82ceb6e,PS3552.U75Z983,1,elsewhere_review,1961–2000,bokheim:curation:eea452b2-e068-51a0-9f67-aebfdad03ed7
American,unified:11e637ca-b753-50aa-8d1c-bfccf82ceb6e,PS3553.A489115A78,1,elsewhere_review,1961–2000,bokheim:curation:eea452b2-e068-51a0-9f67-aebfdad03ed7
American,unified:11e637ca-b753-50aa-8d1c-bfccf82ceb6e,PS3553.A489115B43,1,elsewhere_review,1961–2000,bokheim:curation:eea452b2-e068-51a0-9f67-aebfdad03ed7
American,unified:11e637ca-b753-50aa-8d1c-bfccf82ceb6e,PS3553.A489115C37,1,elsewhere_review,1961–2000,bokheim:curation:eea452b2-e068-51a0-9f67-aebfdad03ed7
American,unified:11e637ca-b753-50aa-8d1c-bfccf82ceb6e,PS3553.A489115D37,1,elsewhere_review,1961–2000,bokheim:curation:eea452b2-e068-51a0-9f67-aebfdad03ed7
American,unified:11e637ca-b753-50aa-8d1c-bfccf82ceb6e,PS3553.A489115K58,1,elsewhere_review,1961–2000,bokheim:curation:eea452b2-e068-51a0-9f67-aebfdad03ed7
American,unified:11e637ca-b753-50aa-8d1c-bfccf82ceb6e,PS3553.A489115M87,1,elsewhere_review,1961–2000,bokheim:curation:eea452b2-e068-51a0-9f67-aebfdad03ed7
American,unified:11e637ca-b753-50aa-8d1c-bfccf82ceb6e,PS3553.A489115O53,1,elsewhere_review,1961–2000,bokheim:curation:eea452b2-e068-51a0-9f67-aebfdad03ed7
American,unified:11e637ca-b753-50aa-8d1c-bfccf82ceb6e,PS3553.A489115P67,1,elsewhere_review,1961–2000,bokheim:curation:eea452b2-e068-51a0-9f67-aebfdad03ed7
American,unified:11e637ca-b753-50aa-8d1c-bfccf82ceb6e,PS3553.A489115S55,1,elsewhere_review,1961–2000,bokheim:curation:eea452b2-e068-51a0-9f67-aebfdad03ed7
American,unified:11e637ca-b753-50aa-8d1c-bfccf82ceb6e,PS3553.A489115T48,1,elsewhere_review,1961–2000,bokheim:curation:eea452b2-e068-51a0-9f67-aebfdad03ed7
American,unified:11e637ca-b753-50aa-8d1c-bfccf82ceb6e,PS3553.A489115T49,1,elsewhere_review,1961–2000,bokheim:curation:eea452b2-e068-51a0-9f67-aebfdad03ed7
American,unified:11e637ca-b753-50aa-8d1c-bfccf82ceb6e,PS3553.A489115T55,1,elsewhere_review,1961–2000,bokheim:curation:eea452b2-e068-51a0-9f67-aebfdad03ed7
American,unified:11e637ca-b753-50aa-8d1c-bfccf82ceb6e,PS3553.A489115T57,1,elsewhere_review,1961–2000,bokheim:curation:eea452b2-e068-51a0-9f67-aebfdad03ed7
American,unified:11e637ca-b753-50aa-8d1c-bfccf82ceb6e,PS3553.A489115W39,1,elsewhere_review,1961–2000,bokheim:curation:eea452b2-e068-51a0-9f67-aebfdad03ed7
American,unified:11e637ca-b753-50aa-8d1c-bfccf82ceb6e,PS3553.A489115W47,1,elsewhere_review,1961–2000,bokheim:curation:eea452b2-e068-51a0-9f67-aebfdad03ed7
American,unified:11e637ca-b753-50aa-8d1c-bfccf82ceb6e,PS3553.A583,1,elsewhere_review,1961–2000,bokheim:curation:eea452b2-e068-51a0-9f67-aebfdad03ed7
American,unified:11e637ca-b753-50aa-8d1c-bfccf82ceb6e,PS3553.A686I5,1,elsewhere_review,1961–2000,bokheim:curation:eea452b2-e068-51a0-9f67-aebfdad03ed7
American,unified:11e637ca-b753-50aa-8d1c-bfccf82ceb6e,PS3553.A686J83,1,elsewhere_review,1961–2000,bokheim:curation:eea452b2-e068-51a0-9f67-aebfdad03ed7
American,unified:11e637ca-b753-50aa-8d1c-bfccf82ceb6e,PS3553.A757F76,1,elsewhere_review,1961–2000,bokheim:curation:eea452b2-e068-51a0-9f67-aebfdad03ed7
American,unified:11e637ca-b753-50aa-8d1c-bfccf82ceb6e,PS3553.A7627,1,elsewhere_review,1961–2000,bokheim:curation:eea452b2-e068-51a0-9f67-aebfdad03ed7
American,unified:11e637ca-b753-50aa-8d1c-bfccf82ceb6e,PS3553.A7952D69,1,elsewhere_review,1961–2000,bokheim:curation:eea452b2-e068-51a0-9f67-aebfdad03ed7
American,unified:11e637ca-b753-50aa-8d1c-bfccf82ceb6e,PS3553.H325C66,1,elsewhere_review,1961–2000,bokheim:curation:eea452b2-e068-51a0-9f67-aebfdad03ed7
American,unified:11e637ca-b753-50aa-8d1c-bfccf82ceb6e,PS3553.H325CT25,1,elsewhere_review,1961–2000,bokheim:curation:eea452b2-e068-51a0-9f67-aebfdad03ed7
American,unified:11e637ca-b753-50aa-8d1c-bfccf82ceb6e,PS3553.H325D6,1,elsewhere_review,1961–2000,bokheim:curation:eea452b2-e068-51a0-9f67-aebfdad03ed7
American,unified:11e637ca-b753-50aa-8d1c-bfccf82ceb6e,PS3553.H325F8,1,elsewhere_review,1961–2000,bokheim:curation:eea452b2-e068-51a0-9f67-aebfdad03ed7
American,unified:11e637ca-b753-50aa-8d1c-bfccf82ceb6e,PS3553.H325R83,1,elsewhere_review,1961–2000,bokheim:curation:eea452b2-e068-51a0-9f67-aebfdad03ed7
American,unified:11e637ca-b753-50aa-8d1c-bfccf82ceb6e,PS3553.H325S55,1,elsewhere_review,1961–2000,bokheim:curation:eea452b2-e068-51a0-9f67-aebfdad03ed7
American,unified:11e637ca-b753-50aa-8d1c-bfccf82ceb6e,PS3553.H325Z466,1,elsewhere_review,1961–2000,bokheim:curation:eea452b2-e068-51a0-9f67-aebfdad03ed7
American,unified:11e637ca-b753-50aa-8d1c-bfccf82ceb6e,PS3553.H3534L43,1,elsewhere_review,1961–2000,bokheim:curation:eea452b2-e068-51a0-9f67-aebfdad03ed7
American,unified:11e637ca-b753-50aa-8d1c-bfccf82ceb6e,PS3553.O64.D72,1,elsewhere_review,1961–2000,bokheim:curation:eea452b2-e068-51a0-9f67-aebfdad03ed7
American,unified:11e637ca-b753-50aa-8d1c-bfccf82ceb6e,PS3553.O6454,1,elsewhere_review,1961–2000,bokheim:curation:eea452b2-e068-51a0-9f67-aebfdad03ed7
American,unified:11e637ca-b753-50aa-8d1c-bfccf82ceb6e,PS3553.O64E38,1,elsewhere_review,1961–2000,bokheim:curation:eea452b2-e068-51a0-9f67-aebfdad03ed7
American,unified:11e637ca-b753-50aa-8d1c-bfccf82ceb6e,PS3553.O64G577,1,elsewhere_review,1961–2000,bokheim:curation:eea452b2-e068-51a0-9f67-aebfdad03ed7
American,unified:11e637ca-b753-50aa-8d1c-bfccf82ceb6e,PS3553.O64G58,1,elsewhere_review,1961–2000,bokheim:curation:eea452b2-e068-51a0-9f67-aebfdad03ed7
American,unified:11e637ca-b753-50aa-8d1c-bfccf82ceb6e,PS3553.O64M3,1,elsewhere_review,1961–2000,bokheim:curation:eea452b2-e068-51a0-9f67-aebfdad03ed7
American,unified:11e637ca-b753-50aa-8d1c-bfccf82ceb6e,PS3553.O64W37,1,elsewhere_review,1961–2000,bokheim:curation:eea452b2-e068-51a0-9f67-aebfdad03ed7
American,unified:11e637ca-b753-50aa-8d1c-bfccf82ceb6e,PS3553.O65.A66,1,elsewhere_review,1961–2000,bokheim:curation:eea452b2-e068-51a0-9f67-aebfdad03ed7
American,unified:11e637ca-b753-50aa-8d1c-bfccf82ceb6e,PS3553.O65A62,1,elsewhere_review,1961–2000,bokheim:curation:eea452b2-e068-51a0-9f67-aebfdad03ed7
American,unified:11e637ca-b753-50aa-8d1c-bfccf82ceb6e,PS3553.O65N67,1,elsewhere_review,1961–2000,bokheim:curation:eea452b2-e068-51a0-9f67-aebfdad03ed7
American,unified:11e637ca-b753-50aa-8d1c-bfccf82ceb6e,PS3553.O65P6,1,elsewhere_review,1961–2000,bokheim:curation:eea452b2-e068-51a0-9f67-aebfdad03ed7
American,unified:11e637ca-b753-50aa-8d1c-bfccf82ceb6e,PS3553.O65T8,1,elsewhere_review,1961–2000,bokheim:curation:eea452b2-e068-51a0-9f67-aebfdad03ed7
American,unified:11e637ca-b753-50aa-8d1c-bfccf82ceb6e,PS3553.O7632H66,1,elsewhere_review,1961–2000,bokheim:curation:eea452b2-e068-51a0-9f67-aebfdad03ed7
American,unified:11e637ca-b753-50aa-8d1c-bfccf82ceb6e,PS3553.O7632I85,1,elsewhere_review,1961–2000,bokheim:curation:eea452b2-e068-51a0-9f67-aebfdad03ed7
American,unified:11e637ca-b753-50aa-8d1c-bfccf82ceb6e,PS3553.O7632S73,1,elsewhere_review,1961–2000,bokheim:curation:eea452b2-e068-51a0-9f67-aebfdad03ed7
American,unified:11e637ca-b753-50aa-8d1c-bfccf82ceb6e,PS3553.O7632V33,1,elsewhere_review,1961–2000,bokheim:curation:eea452b2-e068-51a0-9f67-aebfdad03ed7
American,unified:11e637ca-b753-50aa-8d1c-bfccf82ceb6e,PS3553.R34M9,1,elsewhere_review,1961–2000,bokheim:curation:eea452b2-e068-51a0-9f67-aebfdad03ed7
American,unified:11e637ca-b753-50aa-8d1c-bfccf82ceb6e,PS3553.R34O5,1,elsewhere_review,1961–2000,bokheim:curation:eea452b2-e068-51a0-9f67-aebfdad03ed7
American,unified:11e637ca-b753-50aa-8d1c-bfccf82ceb6e,PS3553.R48C37,1,elsewhere_review,1961–2000,bokheim:curation:eea452b2-e068-51a0-9f67-aebfdad03ed7
American,unified:11e637ca-b753-50aa-8d1c-bfccf82ceb6e,PS3553.R48D57,1,elsewhere_review,1961–2000,bokheim:curation:eea452b2-e068-51a0-9f67-aebfdad03ed7
American,unified:11e637ca-b753-50aa-8d1c-bfccf82ceb6e,PS3553.R48D73,1,elsewhere_review,1961–2000,bokheim:curation:eea452b2-e068-51a0-9f67-aebfdad03ed7
American,unified:11e637ca-b753-50aa-8d1c-bfccf82ceb6e,PS3553.R48E25,1,elsewhere_review,1961–2000,bokheim:curation:eea452b2-e068-51a0-9f67-aebfdad03ed7
American,unified:11e637ca-b753-50aa-8d1c-bfccf82ceb6e,PS3553.R48L67,1,elsewhere_review,1961–2000,bokheim:curation:eea452b2-e068-51a0-9f67-aebfdad03ed7
American,unified:11e637ca-b753-50aa-8d1c-bfccf82ceb6e,PS3553.R48P57,1,elsewhere_review,1961–2000,bokheim:curation:eea452b2-e068-51a0-9f67-aebfdad03ed7
American,unified:11e637ca-b753-50aa-8d1c-bfccf82ceb6e,PS3553.R48R57,1,elsewhere_review,1961–2000,bokheim:curation:eea452b2-e068-51a0-9f67-aebfdad03ed7
American,unified:11e637ca-b753-50aa-8d1c-bfccf82ceb6e,PS3553.R48T56,1,elsewhere_review,1961–2000,bokheim:curation:eea452b2-e068-51a0-9f67-aebfdad03ed7
American,unified:11e637ca-b753-50aa-8d1c-bfccf82ceb6e,PS3553.R48Z57,1,elsewhere_review,1961–2000,bokheim:curation:eea452b2-e068-51a0-9f67-aebfdad03ed7
American,unified:11e637ca-b753-50aa-8d1c-bfccf82ceb6e,PS3553.R48Z78,1,elsewhere_review,1961–2000,bokheim:curation:eea452b2-e068-51a0-9f67-aebfdad03ed7
American,unified:11e637ca-b753-50aa-8d1c-bfccf82ceb6e,PS3553.R48Z8,1,elsewhere_review,1961–2000,bokheim:curation:eea452b2-e068-51a0-9f67-aebfdad03ed7
American,unified:11e637ca-b753-50aa-8d1c-bfccf82ceb6e,PS3553R48,1,elsewhere_review,1961–2000,bokheim:curation:eea452b2-e068-51a0-9f67-aebfdad03ed7
American,unified:11e637ca-b753-50aa-8d1c-bfccf82ceb6e,PS3553R48G7,1,elsewhere_review,1961–2000,bokheim:curation:eea452b2-e068-51a0-9f67-aebfdad03ed7
American,unified:11e637ca-b753-50aa-8d1c-bfccf82ceb6e,PS3554.A3A69,1,elsewhere_review,1961–2000,bokheim:curation:eea452b2-e068-51a0-9f67-aebfdad03ed7
American,unified:11e637ca-b753-50aa-8d1c-bfccf82ceb6e,PS3554.A47,1,elsewhere_review,1961–2000,bokheim:curation:eea452b2-e068-51a0-9f67-aebfdad03ed7
American,unified:11e637ca-b753-50aa-8d1c-bfccf82ceb6e,PS3554.E13L4,1,elsewhere_review,1961–2000,bokheim:curation:eea452b2-e068-51a0-9f67-aebfdad03ed7
American,unified:11e637ca-b753-50aa-8d1c-bfccf82ceb6e,PS3554.E174A94,1,elsewhere_review,1961–2000,bokheim:curation:eea452b2-e068-51a0-9f67-aebfdad03ed7
American,unified:11e637ca-b753-50aa-8d1c-bfccf82ceb6e,PS3554.E174K48,1,elsewhere_review,1961–2000,bokheim:curation:eea452b2-e068-51a0-9f67-aebfdad03ed7
American,unified:11e637ca-b753-50aa-8d1c-bfccf82ceb6e,PS3554.E174K55,1,elsewhere_review,1961–2000,bokheim:curation:eea452b2-e068-51a0-9f67-aebfdad03ed7
American,unified:11e637ca-b753-50aa-8d1c-bfccf82ceb6e,PS3554.E174M36,1,elsewhere_review,1961–2000,bokheim:curation:eea452b2-e068-51a0-9f67-aebfdad03ed7
American,unified:11e637ca-b753-50aa-8d1c-bfccf82ceb6e,PS3554.E174S6,1,elsewhere_review,1961–2000,bokheim:curation:eea452b2-e068-51a0-9f67-aebfdad03ed7
American,unified:11e637ca-b753-50aa-8d1c-bfccf82ceb6e,PS3554.E174W47,1,elsewhere_review,1961–2000,bokheim:curation:eea452b2-e068-51a0-9f67-aebfdad03ed7
American,unified:11e637ca-b753-50aa-8d1c-bfccf82ceb6e,PS3554.E4425.L68,1,elsewhere_review,1961–2000,bokheim:curation:eea452b2-e068-51a0-9f67-aebfdad03ed7
American,unified:11e637ca-b753-50aa-8d1c-bfccf82ceb6e,PS3554.E4425A8,1,elsewhere_review,1961–2000,bokheim:curation:eea452b2-e068-51a0-9f67-aebfdad03ed7
American,unified:11e637ca-b753-50aa-8d1c-bfccf82ceb6e,PS3554.E4425B6,1,elsewhere_review,1961–2000,bokheim:curation:eea452b2-e068-51a0-9f67-aebfdad03ed7
American,unified:11e637ca-b753-50aa-8d1c-bfccf82ceb6e,PS3554.E4425D39,1,elsewhere_review,1961–2000,bokheim:curation:eea452b2-e068-51a0-9f67-aebfdad03ed7
American,unified:11e637ca-b753-50aa-8d1c-bfccf82ceb6e,PS3554.E4425F36,1,elsewhere_review,1961–2000,bokheim:curation:eea452b2-e068-51a0-9f67-aebfdad03ed7
American,unified:11e637ca-b753-50aa-8d1c-bfccf82ceb6e,PS3554.E4425G7,1,elsewhere_review,1961–2000,bokheim:curation:eea452b2-e068-51a0-9f67-aebfdad03ed7
American,unified:11e637ca-b753-50aa-8d1c-bfccf82ceb6e,PS3554.E4425L68,1,elsewhere_review,1961–2000,bokheim:curation:eea452b2-e068-51a0-9f67-aebfdad03ed7
American,unified:11e637ca-b753-50aa-8d1c-bfccf82ceb6e,PS3554.E4425M36,1,elsewhere_review,1961–2000,bokheim:curation:eea452b2-e068-51a0-9f67-aebfdad03ed7
American,unified:11e637ca-b753-50aa-8d1c-bfccf82ceb6e,PS3554.E4425P34,1,elsewhere_review,1961–2000,bokheim:curation:eea452b2-e068-51a0-9f67-aebfdad03ed7
American,unified:11e637ca-b753-50aa-8d1c-bfccf82ceb6e,PS3554.E4425P65,1,elsewhere_review,1961–2000,bokheim:curation:eea452b2-e068-51a0-9f67-aebfdad03ed7
American,unified:11e637ca-b753-50aa-8d1c-bfccf82ceb6e,PS3554.E4425U53,1,elsewhere_review,1961–2000,bokheim:curation:eea452b2-e068-51a0-9f67-aebfdad03ed7
American,unified:11e637ca-b753-50aa-8d1c-bfccf82ceb6e,PS3554.E4425U5334,1,elsewhere_review,1961–2000,bokheim:curation:eea452b2-e068-51a0-9f67-aebfdad03ed7
American,unified:11e637ca-b753-50aa-8d1c-bfccf82ceb6e,PS3554.E4425U5338,1,elsewhere_review,1961–2000,bokheim:curation:eea452b2-e068-51a0-9f67-aebfdad03ed7
American,unified:11e637ca-b753-50aa-8d1c-bfccf82ceb6e,PS3554.E4425W4833,1,elsewhere_review,1961–2000,bokheim:curation:eea452b2-e068-51a0-9f67-aebfdad03ed7
American,unified:11e637ca-b753-50aa-8d1c-bfccf82ceb6e,PS3554.E4425W4837,1,elsewhere_review,1961–2000,bokheim:curation:eea452b2-e068-51a0-9f67-aebfdad03ed7
American,unified:11e637ca-b753-50aa-8d1c-bfccf82ceb6e,PS3554.E4425W4838,1,elsewhere_review,1961–2000,bokheim:curation:eea452b2-e068-51a0-9f67-aebfdad03ed7
American,unified:11e637ca-b753-50aa-8d1c-bfccf82ceb6e,PS3554.E4425Z465,1,elsewhere_review,1961–2000,bokheim:curation:eea452b2-e068-51a0-9f67-aebfdad03ed7
American,unified:11e637ca-b753-50aa-8d1c-bfccf82ceb6e,PS3554.E4425Z57,1,elsewhere_review,1961–2000,bokheim:curation:eea452b2-e068-51a0-9f67-aebfdad03ed7
American,unified:11e637ca-b753-50aa-8d1c-bfccf82ceb6e,PS3554.E4425Z59,1,elsewhere_review,1961–2000,bokheim:curation:eea452b2-e068-51a0-9f67-aebfdad03ed7
American,unified:11e637ca-b753-50aa-8d1c-bfccf82ceb6e,PS3554.E4425Z63,1,elsewhere_review,1961–2000,bokheim:curation:eea452b2-e068-51a0-9f67-aebfdad03ed7
American,unified:11e637ca-b753-50aa-8d1c-bfccf82ceb6e,PS3554.E4425Z64,1,elsewhere_review,1961–2000,bokheim:curation:eea452b2-e068-51a0-9f67-aebfdad03ed7
American,unified:11e637ca-b753-50aa-8d1c-bfccf82ceb6e,PS3554.E4425Z643,1,elsewhere_review,1961–2000,bokheim:curation:eea452b2-e068-51a0-9f67-aebfdad03ed7
American,unified:11e637ca-b753-50aa-8d1c-bfccf82ceb6e,PS3554.E4425Z644,1,elsewhere_review,1961–2000,bokheim:curation:eea452b2-e068-51a0-9f67-aebfdad03ed7
American,unified:11e637ca-b753-50aa-8d1c-bfccf82ceb6e,PS3554.E4425Z646,1,elsewhere_review,1961–2000,bokheim:curation:eea452b2-e068-51a0-9f67-aebfdad03ed7
American,unified:11e637ca-b753-50aa-8d1c-bfccf82ceb6e,PS3554.E4425Z648,1,elsewhere_review,1961–2000,bokheim:curation:eea452b2-e068-51a0-9f67-aebfdad03ed7
American,unified:11e637ca-b753-50aa-8d1c-bfccf82ceb6e,PS3554.E4425Z65,1,elsewhere_review,1961–2000,bokheim:curation:eea452b2-e068-51a0-9f67-aebfdad03ed7
American,unified:11e637ca-b753-50aa-8d1c-bfccf82ceb6e,PS3554.E4425Z655,1,elsewhere_review,1961–2000,bokheim:curation:eea452b2-e068-51a0-9f67-aebfdad03ed7
American,unified:11e637ca-b753-50aa-8d1c-bfccf82ceb6e,PS3554.E4425Z72,1,elsewhere_review,1961–2000,bokheim:curation:eea452b2-e068-51a0-9f67-aebfdad03ed7
American,unified:11e637ca-b753-50aa-8d1c-bfccf82ceb6e,PS3554.E4425Z73,1,elsewhere_review,1961–2000,bokheim:curation:eea452b2-e068-51a0-9f67-aebfdad03ed7
American,unified:11e637ca-b753-50aa-8d1c-bfccf82ceb6e,PS3554.E4425Z747,1,elsewhere_review,1961–2000,bokheim:curation:eea452b2-e068-51a0-9f67-aebfdad03ed7
American,unified:11e637ca-b753-50aa-8d1c-bfccf82ceb6e,PS3554.E4425Z75,1,elsewhere_review,1961–2000,bokheim:curation:eea452b2-e068-51a0-9f67-aebfdad03ed7
American,unified:11e637ca-b753-50aa-8d1c-bfccf82ceb6e,PS3554.E4425Z76,1,elsewhere_review,1961–2000,bokheim:curation:eea452b2-e068-51a0-9f67-aebfdad03ed7
American,unified:11e637ca-b753-50aa-8d1c-bfccf82ceb6e,PS3554.E4425Z78,1,elsewhere_review,1961–2000,bokheim:curation:eea452b2-e068-51a0-9f67-aebfdad03ed7
American,unified:11e637ca-b753-50aa-8d1c-bfccf82ceb6e,PS3554.E4425Z84,1,elsewhere_review,1961–2000,bokheim:curation:eea452b2-e068-51a0-9f67-aebfdad03ed7
American,unified:11e637ca-b753-50aa-8d1c-bfccf82ceb6e,PS3554.E4425Z87,1,elsewhere_review,1961–2000,bokheim:curation:eea452b2-e068-51a0-9f67-aebfdad03ed7
American,unified:11e637ca-b753-50aa-8d1c-bfccf82ceb6e,PS3554.E4425Z877,1,elsewhere_review,1961–2000,bokheim:curation:eea452b2-e068-51a0-9f67-aebfdad03ed7
American,unified:11e637ca-b753-50aa-8d1c-bfccf82ceb6e,PS3554.E4425Z895,1,elsewhere_review,1961–2000,bokheim:curation:eea452b2-e068-51a0-9f67-aebfdad03ed7
American,unified:11e637ca-b753-50aa-8d1c-bfccf82ceb6e,PS3554.E4425Z94,1,elsewhere_review,1961–2000,bokheim:curation:eea452b2-e068-51a0-9f67-aebfdad03ed7
American,unified:11e637ca-b753-50aa-8d1c-bfccf82ceb6e,PS3554.E4425Z98,1,elsewhere_review,1961–2000,bokheim:curation:eea452b2-e068-51a0-9f67-aebfdad03ed7
American,unified:11e637ca-b753-50aa-8d1c-bfccf82ceb6e,PS3554.E4B58,1,elsewhere_review,1961–2000,bokheim:curation:eea452b2-e068-51a0-9f67-aebfdad03ed7
American,unified:11e637ca-b753-50aa-8d1c-bfccf82ceb6e,PS3554.E4M3,1,elsewhere_review,1961–2000,bokheim:curation:eea452b2-e068-51a0-9f67-aebfdad03ed7
American,unified:11e637ca-b753-50aa-8d1c-bfccf82ceb6e,PS3554.E4P67,1,elsewhere_review,1961–2000,bokheim:curation:eea452b2-e068-51a0-9f67-aebfdad03ed7
American,unified:11e637ca-b753-50aa-8d1c-bfccf82ceb6e,PS3554.E4S67,1,elsewhere_review,1961–2000,bokheim:curation:eea452b2-e068-51a0-9f67-aebfdad03ed7
American,unified:11e637ca-b753-50aa-8d1c-bfccf82ceb6e,PS3554.E537A76,1,elsewhere_review,1961–2000,bokheim:curation:eea452b2-e068-51a0-9f67-aebfdad03ed7
American,unified:11e637ca-b753-50aa-8d1c-bfccf82ceb6e,PS3554.E537A94,1,elsewhere_review,1961–2000,bokheim:curation:eea452b2-e068-51a0-9f67-aebfdad03ed7
American,unified:11e637ca-b753-50aa-8d1c-bfccf82ceb6e,PS3554.E537G46,1,elsewhere_review,1961–2000,bokheim:curation:eea452b2-e068-51a0-9f67-aebfdad03ed7
American,unified:11e637ca-b753-50aa-8d1c-bfccf82ceb6e,PS3554.E537L5,1,elsewhere_review,1961–2000,bokheim:curation:eea452b2-e068-51a0-9f67-aebfdad03ed7
American,unified:11e637ca-b753-50aa-8d1c-bfccf82ceb6e,PS3554.E537Z7,1,elsewhere_review,1961–2000,bokheim:curation:eea452b2-e068-51a0-9f67-aebfdad03ed7
American,unified:11e637ca-b753-50aa-8d1c-bfccf82ceb6e,PS3554.E537Z78,1,elsewhere_review,1961–2000,bokheim:curation:eea452b2-e068-51a0-9f67-aebfdad03ed7
American,unified:11e637ca-b753-50aa-8d1c-bfccf82ceb6e,PS3554.H27T46,1,elsewhere_review,1961–2000,bokheim:curation:eea452b2-e068-51a0-9f67-aebfdad03ed7
American,unified:11e637ca-b753-50aa-8d1c-bfccf82ceb6e,PS3554.I223E26,1,elsewhere_review,1961–2000,bokheim:curation:eea452b2-e068-51a0-9f67-aebfdad03ed7
American,unified:11e637ca-b753-50aa-8d1c-bfccf82ceb6e,PS3554.I8A616,1,elsewhere_review,1961–2000,bokheim:curation:eea452b2-e068-51a0-9f67-aebfdad03ed7
American,unified:11e637ca-b753-50aa-8d1c-bfccf82ceb6e,PS3554.I8A8232,1,elsewhere_review,1961–2000,bokheim:curation:eea452b2-e068-51a0-9f67-aebfdad03ed7
American,unified:11e637ca-b753-50aa-8d1c-bfccf82ceb6e,PS3554.I8B85,1,elsewhere_review,1961–2000,bokheim:curation:eea452b2-e068-51a0-9f67-aebfdad03ed7
American,unified:11e637ca-b753-50aa-8d1c-bfccf82ceb6e,PS3554.I8C36,1,elsewhere_review,1961–2000,bokheim:curation:eea452b2-e068-51a0-9f67-aebfdad03ed7
American,unified:11e637ca-b753-50aa-8d1c-bfccf82ceb6e,PS3554.I8C37,1,elsewhere_review,1961–2000,bokheim:curation:eea452b2-e068-51a0-9f67-aebfdad03ed7
American,unified:11e637ca-b753-50aa-8d1c-bfccf82ceb6e,PS3554.I8D37,1,elsewhere_review,1961–2000,bokheim:curation:eea452b2-e068-51a0-9f67-aebfdad03ed7
American,unified:11e637ca-b753-50aa-8d1c-bfccf82ceb6e,PS3554.I8G46,1,elsewhere_review,1961–2000,bokheim:curation:eea452b2-e068-51a0-9f67-aebfdad03ed7
American,unified:11e637ca-b753-50aa-8d1c-bfccf82ceb6e,PS3554.I8I35,1,elsewhere_review,1961–2000,bokheim:curation:eea452b2-e068-51a0-9f67-aebfdad03ed7
American,unified:11e637ca-b753-50aa-8d1c-bfccf82ceb6e,PS3554.I8M3,1,elsewhere_review,1961–2000,bokheim:curation:eea452b2-e068-51a0-9f67-aebfdad03ed7
American,unified:11e637ca-b753-50aa-8d1c-bfccf82ceb6e,PS3554.I8N4,1,elsewhere_review,1961–2000,bokheim:curation:eea452b2-e068-51a0-9f67-aebfdad03ed7
American,unified:11e637ca-b753-50aa-8d1c-bfccf82ceb6e,PS3554.I8O7,1,elsewhere_review,1961–2000,bokheim:curation:eea452b2-e068-51a0-9f67-aebfdad03ed7
American,unified:11e637ca-b753-50aa-8d1c-bfccf82ceb6e,PS3554.I8P75,1,elsewhere_review,1961–2000,bokheim:curation:eea452b2-e068-51a0-9f67-aebfdad03ed7
American,unified:11e637ca-b753-50aa-8d1c-bfccf82ceb6e,PS3554.I8S8,1,elsewhere_review,1961–2000,bokheim:curation:eea452b2-e068-51a0-9f67-aebfdad03ed7
American,unified:11e637ca-b753-50aa-8d1c-bfccf82ceb6e,PS3554.I8Y4,1,elsewhere_review,1961–2000,bokheim:curation:eea452b2-e068-51a0-9f67-aebfdad03ed7
American,unified:11e637ca-b753-50aa-8d1c-bfccf82ceb6e,PS3554.U279A6,1,elsewhere_review,1961–2000,bokheim:curation:eea452b2-e068-51a0-9f67-aebfdad03ed7
American,unified:11e637ca-b753-50aa-8d1c-bfccf82ceb6e,PS3554.U279B75,1,elsewhere_review,1961–2000,bokheim:curation:eea452b2-e068-51a0-9f67-aebfdad03ed7
American,unified:11e637ca-b753-50aa-8d1c-bfccf82ceb6e,PS3554.U279C66,1,elsewhere_review,1961–2000,bokheim:curation:eea452b2-e068-51a0-9f67-aebfdad03ed7
American,unified:11e637ca-b753-50aa-8d1c-bfccf82ceb6e,PS3554.U279E5,1,elsewhere_review,1961–2000,bokheim:curation:eea452b2-e068-51a0-9f67-aebfdad03ed7
American,unified:11e637ca-b753-50aa-8d1c-bfccf82ceb6e,PS3554.U279F36,1,elsewhere_review,1961–2000,bokheim:curation:eea452b2-e068-51a0-9f67-aebfdad03ed7
American,unified:11e637ca-b753-50aa-8d1c-bfccf82ceb6e,PS3554.U279F64,1,elsewhere_review,1961–2000,bokheim:curation:eea452b2-e068-51a0-9f67-aebfdad03ed7
American,unified:11e637ca-b753-50aa-8d1c-bfccf82ceb6e,PS3554.U279F7,1,elsewhere_review,1961–2000,bokheim:curation:eea452b2-e068-51a0-9f67-aebfdad03ed7
American,unified:11e637ca-b753-50aa-8d1c-bfccf82ceb6e,PS3554.U279I4,1,elsewhere_review,1961–2000,bokheim:curation:eea452b2-e068-51a0-9f67-aebfdad03ed7
American,unified:11e637ca-b753-50aa-8d1c-bfccf82ceb6e,PS3554.U279J3,1,elsewhere_review,1961–2000,bokheim:curation:eea452b2-e068-51a0-9f67-aebfdad03ed7
American,unified:11e637ca-b753-50aa-8d1c-bfccf82ceb6e,PS3554.U279M66,1,elsewhere_review,1961–2000,bokheim:curation:eea452b2-e068-51a0-9f67-aebfdad03ed7
American,unified:11e637ca-b753-50aa-8d1c-bfccf82ceb6e,PS3554.U279N48,1,elsewhere_review,1961–2000,bokheim:curation:eea452b2-e068-51a0-9f67-aebfdad03ed7
American,unified:11e637ca-b753-50aa-8d1c-bfccf82ceb6e,PS3554.U279O54,1,elsewhere_review,1961–2000,bokheim:curation:eea452b2-e068-51a0-9f67-aebfdad03ed7
American,unified:11e637ca-b753-50aa-8d1c-bfccf82ceb6e,PS3554.U279P48,1,elsewhere_review,1961–2000,bokheim:curation:eea452b2-e068-51a0-9f67-aebfdad03ed7
American,unified:11e637ca-b753-50aa-8d1c-bfccf82ceb6e,PS3554.U279T73,1,elsewhere_review,1961–2000,bokheim:curation:eea452b2-e068-51a0-9f67-aebfdad03ed7
American,unified:11e637ca-b753-50aa-8d1c-bfccf82ceb6e,PS3554I24G4,1,elsewhere_review,1961–2000,bokheim:curation:eea452b2-e068-51a0-9f67-aebfdad03ed7
American,unified:11e637ca-b753-50aa-8d1c-bfccf82ceb6e,PS3554I8,1,elsewhere_review,1961–2000,bokheim:curation:eea452b2-e068-51a0-9f67-aebfdad03ed7
American,unified:11e637ca-b753-50aa-8d1c-bfccf82ceb6e,PS3556.A72D33,1,elsewhere_review,1961–2000,bokheim:curation:eea452b2-e068-51a0-9f67-aebfdad03ed7
American,unified:11e637ca-b753-50aa-8d1c-bfccf82ceb6e,PS3556.A72D34,1,elsewhere_review,1961–2000,bokheim:curation:eea452b2-e068-51a0-9f67-aebfdad03ed7
American,unified:11e637ca-b753-50aa-8d1c-bfccf82ceb6e,PS3556.A72D37,1,elsewhere_review,1961–2000,bokheim:curation:eea452b2-e068-51a0-9f67-aebfdad03ed7
American,unified:11e637ca-b753-50aa-8d1c-bfccf82ceb6e,PS3556.A72G6,1,elsewhere_review,1961–2000,bokheim:curation:eea452b2-e068-51a0-9f67-aebfdad03ed7
American,unified:11e637ca-b753-50aa-8d1c-bfccf82ceb6e,PS3556.A72G7,1,elsewhere_review,1961–2000,bokheim:curation:eea452b2-e068-51a0-9f67-aebfdad03ed7
American,unified:11e637ca-b753-50aa-8d1c-bfccf82ceb6e,PS3556.A72M67,1,elsewhere_review,1961–2000,bokheim:curation:eea452b2-e068-51a0-9f67-aebfdad03ed7
American,unified:11e637ca-b753-50aa-8d1c-bfccf82ceb6e,PS3556.A72R4,1,elsewhere_review,1961–2000,bokheim:curation:eea452b2-e068-51a0-9f67-aebfdad03ed7
American,unified:11e637ca-b753-50aa-8d1c-bfccf82ceb6e,PS3556.A72R48,1,elsewhere_review,1961–2000,bokheim:curation:eea452b2-e068-51a0-9f67-aebfdad03ed7
American,unified:11e637ca-b753-50aa-8d1c-bfccf82ceb6e,PS3556.A72U5,1,elsewhere_review,1961–2000,bokheim:curation:eea452b2-e068-51a0-9f67-aebfdad03ed7
American,unified:11e637ca-b753-50aa-8d1c-bfccf82ceb6e,PS3556.A72W6,1,elsewhere_review,1961–2000,bokheim:curation:eea452b2-e068-51a0-9f67-aebfdad03ed7
American,unified:11e637ca-b753-50aa-8d1c-bfccf82ceb6e,PS3556.A72Z62,1,elsewhere_review,1961–2000,bokheim:curation:eea452b2-e068-51a0-9f67-aebfdad03ed7
American,unified:11e637ca-b753-50aa-8d1c-bfccf82ceb6e,PS3556.I79M46,1,elsewhere_review,1961–2000,bokheim:curation:eea452b2-e068-51a0-9f67-aebfdad03ed7
American,unified:11e637ca-b753-50aa-8d1c-bfccf82ceb6e,PS3556.I812B6,1,elsewhere_review,1961–2000,bokheim:curation:eea452b2-e068-51a0-9f67-aebfdad03ed7
American,unified:11e637ca-b753-50aa-8d1c-bfccf82ceb6e,PS3556.I8132K47,1,elsewhere_review,1961–2000,bokheim:curation:eea452b2-e068-51a0-9f67-aebfdad03ed7
American,unified:11e637ca-b753-50aa-8d1c-bfccf82ceb6e,PS3556.I8132O54,1,elsewhere_review,1961–2000,bokheim:curation:eea452b2-e068-51a0-9f67-aebfdad03ed7
American,unified:11e637ca-b753-50aa-8d1c-bfccf82ceb6e,PS3556.I816G58,1,elsewhere_review,1961–2000,bokheim:curation:eea452b2-e068-51a0-9f67-aebfdad03ed7
American,unified:11e637ca-b753-50aa-8d1c-bfccf82ceb6e,PS3556.I816S46,1,elsewhere_review,1961–2000,bokheim:curation:eea452b2-e068-51a0-9f67-aebfdad03ed7
American,unified:11e637ca-b753-50aa-8d1c-bfccf82ceb6e,PS3556.I816S7,1,elsewhere_review,1961–2000,bokheim:curation:eea452b2-e068-51a0-9f67-aebfdad03ed7
American,unified:11e637ca-b753-50aa-8d1c-bfccf82ceb6e,PS3556.I816T48,1,elsewhere_review,1961–2000,bokheim:curation:eea452b2-e068-51a0-9f67-aebfdad03ed7
American,unified:11e637ca-b753-50aa-8d1c-bfccf82ceb6e,PS3556.L49,1,elsewhere_review,1961–2000,bokheim:curation:eea452b2-e068-51a0-9f67-aebfdad03ed7
American,unified:11e637ca-b753-50aa-8d1c-bfccf82ceb6e,PS3556.L5838C48,1,elsewhere_review,1961–2000,bokheim:curation:eea452b2-e068-51a0-9f67-aebfdad03ed7
American,unified:11e637ca-b753-50aa-8d1c-bfccf82ceb6e,PS3556.L5838D39,1,elsewhere_review,1961–2000,bokheim:curation:eea452b2-e068-51a0-9f67-aebfdad03ed7
American,unified:11e637ca-b753-50aa-8d1c-bfccf82ceb6e,PS3556.L5838D4,1,elsewhere_review,1961–2000,bokheim:curation:eea452b2-e068-51a0-9f67-aebfdad03ed7
American,unified:11e637ca-b753-50aa-8d1c-bfccf82ceb6e,PS3556.L5838D43,1,elsewhere_review,1961–2000,bokheim:curation:eea452b2-e068-51a0-9f67-aebfdad03ed7
American,unified:11e637ca-b753-50aa-8d1c-bfccf82ceb6e,PS3556.L5838E38,1,elsewhere_review,1961–2000,bokheim:curation:eea452b2-e068-51a0-9f67-aebfdad03ed7
American,unified:11e637ca-b753-50aa-8d1c-bfccf82ceb6e,PS3556.L5838L43,1,elsewhere_review,1961–2000,bokheim:curation:eea452b2-e068-51a0-9f67-aebfdad03ed7
American,unified:11e637ca-b753-50aa-8d1c-bfccf82ceb6e,PS3556.R37N8,1,elsewhere_review,1961–2000,bokheim:curation:eea452b2-e068-51a0-9f67-aebfdad03ed7
American,unified:11e637ca-b753-50aa-8d1c-bfccf82ceb6e,PS3556.R384A78,1,elsewhere_review,1961–2000,bokheim:curation:eea452b2-e068-51a0-9f67-aebfdad03ed7
American,unified:11e637ca-b753-50aa-8d1c-bfccf82ceb6e,PS3556.R384C6,1,elsewhere_review,1961–2000,bokheim:curation:eea452b2-e068-51a0-9f67-aebfdad03ed7
American,unified:11e637ca-b753-50aa-8d1c-bfccf82ceb6e,PS3556.R384I4,1,elsewhere_review,1961–2000,bokheim:curation:eea452b2-e068-51a0-9f67-aebfdad03ed7
American,unified:11e637ca-b753-50aa-8d1c-bfccf82ceb6e,PS3556.R384L3,1,elsewhere_review,1961–2000,bokheim:curation:eea452b2-e068-51a0-9f67-aebfdad03ed7
American,unified:11e637ca-b753-50aa-8d1c-bfccf82ceb6e,PS3556.R384S4,1,elsewhere_review,1961–2000,bokheim:curation:eea452b2-e068-51a0-9f67-aebfdad03ed7
American,unified:11e637ca-b753-50aa-8d1c-bfccf82ceb6e,PS3556.R599L57,1,elsewhere_review,1961–2000,bokheim:curation:eea452b2-e068-51a0-9f67-aebfdad03ed7
American,unified:11e637ca-b753-50aa-8d1c-bfccf82ceb6e,PS3556.R599S59,1,elsewhere_review,1961–2000,bokheim:curation:eea452b2-e068-51a0-9f67-aebfdad03ed7
American,unified:11e637ca-b753-50aa-8d1c-bfccf82ceb6e,PS3556.R599T95,1,elsewhere_review,1961–2000,bokheim:curation:eea452b2-e068-51a0-9f67-aebfdad03ed7
American,unified:11e637ca-b753-50aa-8d1c-bfccf82ceb6e,PS3556A72,1,elsewhere_review,1961–2000,bokheim:curation:eea452b2-e068-51a0-9f67-aebfdad03ed7
American,unified:11e637ca-b753-50aa-8d1c-bfccf82ceb6e,PS3556O67,1,elsewhere_review,1961–2000,bokheim:curation:eea452b2-e068-51a0-9f67-aebfdad03ed7
American,unified:11e637ca-b753-50aa-8d1c-bfccf82ceb6e,PS3556R37A62012,1,elsewhere_review,1961–2000,bokheim:curation:eea452b2-e068-51a0-9f67-aebfdad03ed7
American,unified:11e637ca-b753-50aa-8d1c-bfccf82ceb6e,PS3557.A715C5,1,elsewhere_review,1961–2000,bokheim:curation:eea452b2-e068-51a0-9f67-aebfdad03ed7
American,unified:11e637ca-b753-50aa-8d1c-bfccf82ceb6e,PS3557.A715H67,1,elsewhere_review,1961–2000,bokheim:curation:eea452b2-e068-51a0-9f67-aebfdad03ed7
American,unified:11e637ca-b753-50aa-8d1c-bfccf82ceb6e,PS3557.A715M36,1,elsewhere_review,1961–2000,bokheim:curation:eea452b2-e068-51a0-9f67-aebfdad03ed7
American,unified:11e637ca-b753-50aa-8d1c-bfccf82ceb6e,PS3557.A715N4,1,elsewhere_review,1961–2000,bokheim:curation:eea452b2-e068-51a0-9f67-aebfdad03ed7
American,unified:11e637ca-b753-50aa-8d1c-bfccf82ceb6e,PS3557.H63F5,1,elsewhere_review,1961–2000,bokheim:curation:eea452b2-e068-51a0-9f67-aebfdad03ed7
American,unified:11e637ca-b753-50aa-8d1c-bfccf82ceb6e,PS3557.H63K46,1,elsewhere_review,1961–2000,bokheim:curation:eea452b2-e068-51a0-9f67-aebfdad03ed7
American,unified:11e637ca-b753-50aa-8d1c-bfccf82ceb6e,PS3557.H63M87,1,elsewhere_review,1961–2000,bokheim:curation:eea452b2-e068-51a0-9f67-aebfdad03ed7
American,unified:11e637ca-b753-50aa-8d1c-bfccf82ceb6e,PS3557.H63T75,1,elsewhere_review,1961–2000,bokheim:curation:eea452b2-e068-51a0-9f67-aebfdad03ed7
American,unified:11e637ca-b753-50aa-8d1c-bfccf82ceb6e,PS3557.H63Z75,1,elsewhere_review,1961–2000,bokheim:curation:eea452b2-e068-51a0-9f67-aebfdad03ed7
American,unified:11e637ca-b753-50aa-8d1c-bfccf82ceb6e,PS3557.O384B69,1,elsewhere_review,1961–2000,bokheim:curation:eea452b2-e068-51a0-9f67-aebfdad03ed7
American,unified:11e637ca-b753-50aa-8d1c-bfccf82ceb6e,PS3557.O384B7,1,elsewhere_review,1961–2000,bokheim:curation:eea452b2-e068-51a0-9f67-aebfdad03ed7
American,unified:11e637ca-b753-50aa-8d1c-bfccf82ceb6e,PS3557.O384C58,1,elsewhere_review,1961–2000,bokheim:curation:eea452b2-e068-51a0-9f67-aebfdad03ed7
American,unified:11e637ca-b753-50aa-8d1c-bfccf82ceb6e,PS3557.O384H4,1,elsewhere_review,1961–2000,bokheim:curation:eea452b2-e068-51a0-9f67-aebfdad03ed7
American,unified:11e637ca-b753-50aa-8d1c-bfccf82ceb6e,PS3557.O384M3,1,elsewhere_review,1961–2000,bokheim:curation:eea452b2-e068-51a0-9f67-aebfdad03ed7
American,unified:11e637ca-b753-50aa-8d1c-bfccf82ceb6e,PS3557.O384T46,1,elsewhere_review,1961–2000,bokheim:curation:eea452b2-e068-51a0-9f67-aebfdad03ed7
American,unified:11e637ca-b753-50aa-8d1c-bfccf82ceb6e,PS3557.O753A93,1,elsewhere_review,1961–2000,bokheim:curation:eea452b2-e068-51a0-9f67-aebfdad03ed7
American,unified:11e637ca-b753-50aa-8d1c-bfccf82ceb6e,PS3557.O753B58,1,elsewhere_review,1961–2000,bokheim:curation:eea452b2-e068-51a0-9f67-aebfdad03ed7
American,unified:11e637ca-b753-50aa-8d1c-bfccf82ceb6e,PS3557.O753C87,1,elsewhere_review,1961–2000,bokheim:curation:eea452b2-e068-51a0-9f67-aebfdad03ed7
American,unified:11e637ca-b753-50aa-8d1c-bfccf82ceb6e,PS3557.O753D68,1,elsewhere_review,1961–2000,bokheim:curation:eea452b2-e068-51a0-9f67-aebfdad03ed7
American,unified:11e637ca-b753-50aa-8d1c-bfccf82ceb6e,PS3557.O753G56,1,elsewhere_review,1961–2000,bokheim:curation:eea452b2-e068-51a0-9f67-aebfdad03ed7
American,unified:11e637ca-b753-50aa-8d1c-bfccf82ceb6e,PS3557.O753H43,1,elsewhere_review,1961–2000,bokheim:curation:eea452b2-e068-51a0-9f67-aebfdad03ed7
American,unified:11e637ca-b753-50aa-8d1c-bfccf82ceb6e,PS3557.O753L63,1,elsewhere_review,1961–2000,bokheim:curation:eea452b2-e068-51a0-9f67-aebfdad03ed7
American,unified:11e637ca-b753-50aa-8d1c-bfccf82ceb6e,PS3557.O753O25,1,elsewhere_review,1961–2000,bokheim:curation:eea452b2-e068-51a0-9f67-aebfdad03ed7
American,unified:11e637ca-b753-50aa-8d1c-bfccf82ceb6e,PS3557.O753O84,1,elsewhere_review,1961–2000,bokheim:curation:eea452b2-e068-51a0-9f67-aebfdad03ed7
American,unified:11e637ca-b753-50aa-8d1c-bfccf82ceb6e,PS3557.O753S67,1,elsewhere_review,1961–2000,bokheim:curation:eea452b2-e068-51a0-9f67-aebfdad03ed7
American,unified:11e637ca-b753-50aa-8d1c-bfccf82ceb6e,PS3557.O753U55,1,elsewhere_review,1961–2000,bokheim:curation:eea452b2-e068-51a0-9f67-aebfdad03ed7
American,unified:11e637ca-b753-50aa-8d1c-bfccf82ceb6e,PS3557.O753W47,1,elsewhere_review,1961–2000,bokheim:curation:eea452b2-e068-51a0-9f67-aebfdad03ed7
American,unified:11e637ca-b753-50aa-8d1c-bfccf82ceb6e,PS3557.O753Z48,1,elsewhere_review,1961–2000,bokheim:curation:eea452b2-e068-51a0-9f67-aebfdad03ed7
American,unified:11e637ca-b753-50aa-8d1c-bfccf82ceb6e,PS3557.O753Z57,1,elsewhere_review,1961–2000,bokheim:curation:eea452b2-e068-51a0-9f67-aebfdad03ed7
American,unified:11e637ca-b753-50aa-8d1c-bfccf82ceb6e,PS3557.R356T56,1,elsewhere_review,1961–2000,bokheim:curation:eea452b2-e068-51a0-9f67-aebfdad03ed7
American,unified:11e637ca-b753-50aa-8d1c-bfccf82ceb6e,PS3557.R356W4,1,elsewhere_review,1961–2000,bokheim:curation:eea452b2-e068-51a0-9f67-aebfdad03ed7
American,unified:11e637ca-b753-50aa-8d1c-bfccf82ceb6e,PS3557.R3784I13,1,elsewhere_review,1961–2000,bokheim:curation:eea452b2-e068-51a0-9f67-aebfdad03ed7
American,unified:11e637ca-b753-50aa-8d1c-bfccf82ceb6e,PS3557.R3784I5,1,elsewhere_review,1961–2000,bokheim:curation:eea452b2-e068-51a0-9f67-aebfdad03ed7
American,unified:11e637ca-b753-50aa-8d1c-bfccf82ceb6e,PS3557.R3784K5,1,elsewhere_review,1961–2000,bokheim:curation:eea452b2-e068-51a0-9f67-aebfdad03ed7
American,unified:11e637ca-b753-50aa-8d1c-bfccf82ceb6e,PS3557.R3784N6,1,elsewhere_review,1961–2000,bokheim:curation:eea452b2-e068-51a0-9f67-aebfdad03ed7
American,unified:11e637ca-b753-50aa-8d1c-bfccf82ceb6e,PS3557.R3784O35,1,elsewhere_review,1961–2000,bokheim:curation:eea452b2-e068-51a0-9f67-aebfdad03ed7
American,unified:11e637ca-b753-50aa-8d1c-bfccf82ceb6e,PS3557.R3784R5,1,elsewhere_review,1961–2000,bokheim:curation:eea452b2-e068-51a0-9f67-aebfdad03ed7
American,unified:11e637ca-b753-50aa-8d1c-bfccf82ceb6e,PS3557.R3784S56,1,elsewhere_review,1961–2000,bokheim:curation:eea452b2-e068-51a0-9f67-aebfdad03ed7
American,unified:11e637ca-b753-50aa-8d1c-bfccf82ceb6e,PS3557.R3784W48,1,elsewhere_review,1961–2000,bokheim:curation:eea452b2-e068-51a0-9f67-aebfdad03ed7
American,unified:11e637ca-b753-50aa-8d1c-bfccf82ceb6e,PS3557.R482,1,elsewhere_review,1961–2000,bokheim:curation:eea452b2-e068-51a0-9f67-aebfdad03ed7
American,unified:11e637ca-b753-50aa-8d1c-bfccf82ceb6e,PS3557.R489137A94,1,elsewhere_review,1961–2000,bokheim:curation:eea452b2-e068-51a0-9f67-aebfdad03ed7
American,unified:11e637ca-b753-50aa-8d1c-bfccf82ceb6e,PS3557.R489137B44,1,elsewhere_review,1961–2000,bokheim:curation:eea452b2-e068-51a0-9f67-aebfdad03ed7
American,unified:11e637ca-b753-50aa-8d1c-bfccf82ceb6e,PS3557.R489137B55,1,elsewhere_review,1961–2000,bokheim:curation:eea452b2-e068-51a0-9f67-aebfdad03ed7
American,unified:11e637ca-b753-50aa-8d1c-bfccf82ceb6e,PS3557.R489137B57,1,elsewhere_review,1961–2000,bokheim:curation:eea452b2-e068-51a0-9f67-aebfdad03ed7
American,unified:11e637ca-b753-50aa-8d1c-bfccf82ceb6e,PS3557.R489137B9,1,elsewhere_review,1961–2000,bokheim:curation:eea452b2-e068-51a0-9f67-aebfdad03ed7
American,unified:11e637ca-b753-50aa-8d1c-bfccf82ceb6e,PS3557.R489137C87,1,elsewhere_review,1961–2000,bokheim:curation:eea452b2-e068-51a0-9f67-aebfdad03ed7
American,unified:11e637ca-b753-50aa-8d1c-bfccf82ceb6e,PS3557.R489137D42,1,elsewhere_review,1961–2000,bokheim:curation:eea452b2-e068-51a0-9f67-aebfdad03ed7
American,unified:11e637ca-b753-50aa-8d1c-bfccf82ceb6e,PS3557.R489137D43,1,elsewhere_review,1961–2000,bokheim:curation:eea452b2-e068-51a0-9f67-aebfdad03ed7
American,unified:11e637ca-b753-50aa-8d1c-bfccf82ceb6e,PS3557.R489137D44,1,elsewhere_review,1961–2000,bokheim:curation:eea452b2-e068-51a0-9f67-aebfdad03ed7
American,unified:11e637ca-b753-50aa-8d1c-bfccf82ceb6e,PS3557.R489137D68,1,elsewhere_review,1961–2000,bokheim:curation:eea452b2-e068-51a0-9f67-aebfdad03ed7
American,unified:11e637ca-b753-50aa-8d1c-bfccf82ceb6e,PS3557.R489137E47,1,elsewhere_review,1961–2000,bokheim:curation:eea452b2-e068-51a0-9f67-aebfdad03ed7
American,unified:11e637ca-b753-50aa-8d1c-bfccf82ceb6e,PS3557.R489137E54,1,elsewhere_review,1961–2000,bokheim:curation:eea452b2-e068-51a0-9f67-aebfdad03ed7
American,unified:11e637ca-b753-50aa-8d1c-bfccf82ceb6e,PS3557.R489137F56,1,elsewhere_review,1961–2000,bokheim:curation:eea452b2-e068-51a0-9f67-aebfdad03ed7
American,unified:11e637ca-b753-50aa-8d1c-bfccf82ceb6e,PS3557.R489137H39,1,elsewhere_review,1961–2000,bokheim:curation:eea452b2-e068-51a0-9f67-aebfdad03ed7
American,unified:11e637ca-b753-50aa-8d1c-bfccf82ceb6e,PS3557.R489137H665,1,elsewhere_review,1961–2000,bokheim:curation:eea452b2-e068-51a0-9f67-aebfdad03ed7
American,unified:11e637ca-b753-50aa-8d1c-bfccf82ceb6e,PS3557.R489137H67,1,elsewhere_review,1961–2000,bokheim:curation:eea452b2-e068-51a0-9f67-aebfdad03ed7
American,unified:11e637ca-b753-50aa-8d1c-bfccf82ceb6e,PS3557.R489137H68,1,elsewhere_review,1961–2000,bokheim:curation:eea452b2-e068-51a0-9f67-aebfdad03ed7
American,unified:11e637ca-b753-50aa-8d1c-bfccf82ceb6e,PS3557.R489137I58,1,elsewhere_review,1961–2000,bokheim:curation:eea452b2-e068-51a0-9f67-aebfdad03ed7
American,unified:11e637ca-b753-50aa-8d1c-bfccf82ceb6e,PS3557.R489137L54,1,elsewhere_review,1961–2000,bokheim:curation:eea452b2-e068-51a0-9f67-aebfdad03ed7
American,unified:11e637ca-b753-50aa-8d1c-bfccf82ceb6e,PS3557.R489137M87,1,elsewhere_review,1961–2000,bokheim:curation:eea452b2-e068-51a0-9f67-aebfdad03ed7
American,unified:11e637ca-b753-50aa-8d1c-bfccf82ceb6e,PS3557.R489137O88,1,elsewhere_review,1961–2000,bokheim:curation:eea452b2-e068-51a0-9f67-aebfdad03ed7
American,unified:11e637ca-b753-50aa-8d1c-bfccf82ceb6e,PS3557.R489137R48,1,elsewhere_review,1961–2000,bokheim:curation:eea452b2-e068-51a0-9f67-aebfdad03ed7
American,unified:11e637ca-b753-50aa-8d1c-bfccf82ceb6e,PS3557.R489137S23,1,elsewhere_review,1961–2000,bokheim:curation:eea452b2-e068-51a0-9f67-aebfdad03ed7
American,unified:11e637ca-b753-50aa-8d1c-bfccf82ceb6e,PS3557.R489137S47,1,elsewhere_review,1961–2000,bokheim:curation:eea452b2-e068-51a0-9f67-aebfdad03ed7
American,unified:11e637ca-b753-50aa-8d1c-bfccf82ceb6e,PS3557.R489137S68,1,elsewhere_review,1961–2000,bokheim:curation:eea452b2-e068-51a0-9f67-aebfdad03ed7
American,unified:11e637ca-b753-50aa-8d1c-bfccf82ceb6e,PS3557.R489137T725,1,elsewhere_review,1961–2000,bokheim:curation:eea452b2-e068-51a0-9f67-aebfdad03ed7
American,unified:11e637ca-b753-50aa-8d1c-bfccf82ceb6e,PS3557.R489137T73,1,elsewhere_review,1961–2000,bokheim:curation:eea452b2-e068-51a0-9f67-aebfdad03ed7
American,unified:11e637ca-b753-50aa-8d1c-bfccf82ceb6e,PS3557.R489137V52,1,elsewhere_review,1961–2000,bokheim:curation:eea452b2-e068-51a0-9f67-aebfdad03ed7
American,unified:11e637ca-b753-50aa-8d1c-bfccf82ceb6e,PS3557.R583F5,1,elsewhere_review,1961–2000,bokheim:curation:eea452b2-e068-51a0-9f67-aebfdad03ed7
American,unified:11e637ca-b753-50aa-8d1c-bfccf82ceb6e,PS3557.R583F8,1,elsewhere_review,1961–2000,bokheim:curation:eea452b2-e068-51a0-9f67-aebfdad03ed7
American,unified:11e637ca-b753-50aa-8d1c-bfccf82ceb6e,PS3557.R583H44,1,elsewhere_review,1961–2000,bokheim:curation:eea452b2-e068-51a0-9f67-aebfdad03ed7
American,unified:11e637ca-b753-50aa-8d1c-bfccf82ceb6e,PS3557.R583H54,1,elsewhere_review,1961–2000,bokheim:curation:eea452b2-e068-51a0-9f67-aebfdad03ed7
American,unified:11e637ca-b753-50aa-8d1c-bfccf82ceb6e,PS3557.R583R68,1,elsewhere_review,1961–2000,bokheim:curation:eea452b2-e068-51a0-9f67-aebfdad03ed7
American,unified:11e637ca-b753-50aa-8d1c-bfccf82ceb6e,PS3557.R583T35,1,elsewhere_review,1961–2000,bokheim:curation:eea452b2-e068-51a0-9f67-aebfdad03ed7
American,unified:11e637ca-b753-50aa-8d1c-bfccf82ceb6e,PS3557.R8A79,1,elsewhere_review,1961–2000,bokheim:curation:eea452b2-e068-51a0-9f67-aebfdad03ed7
American,unified:11e637ca-b753-50aa-8d1c-bfccf82ceb6e,PS3557.R8F68,1,elsewhere_review,1961–2000,bokheim:curation:eea452b2-e068-51a0-9f67-aebfdad03ed7
American,unified:11e637ca-b753-50aa-8d1c-bfccf82ceb6e,PS3557.R8G74,1,elsewhere_review,1961–2000,bokheim:curation:eea452b2-e068-51a0-9f67-aebfdad03ed7
American,unified:11e637ca-b753-50aa-8d1c-bfccf82ceb6e,PS3557.R8H35,1,elsewhere_review,1961–2000,bokheim:curation:eea452b2-e068-51a0-9f67-aebfdad03ed7
American,unified:11e637ca-b753-50aa-8d1c-bfccf82ceb6e,PS3557.R8I77,1,elsewhere_review,1961–2000,bokheim:curation:eea452b2-e068-51a0-9f67-aebfdad03ed7
American,unified:11e637ca-b753-50aa-8d1c-bfccf82ceb6e,PS3557.R8S77,1,elsewhere_review,1961–2000,bokheim:curation:eea452b2-e068-51a0-9f67-aebfdad03ed7
American,unified:11e637ca-b753-50aa-8d1c-bfccf82ceb6e,PS3557.U43D36,1,elsewhere_review,1961–2000,bokheim:curation:eea452b2-e068-51a0-9f67-aebfdad03ed7
American,unified:11e637ca-b753-50aa-8d1c-bfccf82ceb6e,PS3557.U43G74,1,elsewhere_review,1961–2000,bokheim:curation:eea452b2-e068-51a0-9f67-aebfdad03ed7
American,unified:11e637ca-b753-50aa-8d1c-bfccf82ceb6e,PS3557.U43I58,1,elsewhere_review,1961–2000,bokheim:curation:eea452b2-e068-51a0-9f67-aebfdad03ed7
American,unified:11e637ca-b753-50aa-8d1c-bfccf82ceb6e,PS3557.U43S24,1,elsewhere_review,1961–2000,bokheim:curation:eea452b2-e068-51a0-9f67-aebfdad03ed7
American,unified:11e637ca-b753-50aa-8d1c-bfccf82ceb6e,PS3557.U43T48,1,elsewhere_review,1961–2000,bokheim:curation:eea452b2-e068-51a0-9f67-aebfdad03ed7
American,unified:11e637ca-b753-50aa-8d1c-bfccf82ceb6e,PS3557.U43T6,1,elsewhere_review,1961–2000,bokheim:curation:eea452b2-e068-51a0-9f67-aebfdad03ed7
American,unified:11e637ca-b753-50aa-8d1c-bfccf82ceb6e,PS3558.A3117A64,1,elsewhere_review,1961–2000,bokheim:curation:eea452b2-e068-51a0-9f67-aebfdad03ed7
American,unified:11e637ca-b753-50aa-8d1c-bfccf82ceb6e,PS3558.A3117C38,1,elsewhere_review,1961–2000,bokheim:curation:eea452b2-e068-51a0-9f67-aebfdad03ed7
American,unified:11e637ca-b753-50aa-8d1c-bfccf82ceb6e,PS3558.A3117R66,1,elsewhere_review,1961–2000,bokheim:curation:eea452b2-e068-51a0-9f67-aebfdad03ed7
American,unified:11e637ca-b753-50aa-8d1c-bfccf82ceb6e,PS3558.A373A796,1,elsewhere_review,1961–2000,bokheim:curation:eea452b2-e068-51a0-9f67-aebfdad03ed7
American,unified:11e637ca-b753-50aa-8d1c-bfccf82ceb6e,PS3558.A373A8,1,elsewhere_review,1961–2000,bokheim:curation:eea452b2-e068-51a0-9f67-aebfdad03ed7
American,unified:11e637ca-b753-50aa-8d1c-bfccf82ceb6e,PS3558.A373A83,1,elsewhere_review,1961–2000,bokheim:curation:eea452b2-e068-51a0-9f67-aebfdad03ed7
American,unified:11e637ca-b753-50aa-8d1c-bfccf82ceb6e,PS3558.A373A85,1,elsewhere_review,1961–2000,bokheim:curation:eea452b2-e068-51a0-9f67-aebfdad03ed7
American,unified:11e637ca-b753-50aa-8d1c-bfccf82ceb6e,PS3558.A373C58,1,elsewhere_review,1961–2000,bokheim:curation:eea452b2-e068-51a0-9f67-aebfdad03ed7
American,unified:11e637ca-b753-50aa-8d1c-bfccf82ceb6e,PS3558.A373C6,1,elsewhere_review,1961–2000,bokheim:curation:eea452b2-e068-51a0-9f67-aebfdad03ed7
American,unified:11e637ca-b753-50aa-8d1c-bfccf82ceb6e,PS3558.A373L68,1,elsewhere_review,1961–2000,bokheim:curation:eea452b2-e068-51a0-9f67-aebfdad03ed7
American,unified:11e637ca-b753-50aa-8d1c-bfccf82ceb6e,PS3558.A373W3,1,elsewhere_review,1961–2000,bokheim:curation:eea452b2-e068-51a0-9f67-aebfdad03ed7
American,unified:11e637ca-b753-50aa-8d1c-bfccf82ceb6e,PS3558.A5132,1,elsewhere_review,1961–2000,bokheim:curation:eea452b2-e068-51a0-9f67-aebfdad03ed7
American,unified:11e637ca-b753-50aa-8d1c-bfccf82ceb6e,PS3558.A513B3,1,elsewhere_review,1961–2000,bokheim:curation:eea452b2-e068-51a0-9f67-aebfdad03ed7
American,unified:11e637ca-b753-50aa-8d1c-bfccf82ceb6e,PS3558.A513B57,1,elsewhere_review,1961–2000,bokheim:curation:eea452b2-e068-51a0-9f67-aebfdad03ed7
American,unified:11e637ca-b753-50aa-8d1c-bfccf82ceb6e,PS3558.A513B63,1,elsewhere_review,1961–2000,bokheim:curation:eea452b2-e068-51a0-9f67-aebfdad03ed7
American,unified:11e637ca-b753-50aa-8d1c-bfccf82ceb6e,PS3558.A513C68,1,elsewhere_review,1961–2000,bokheim:curation:eea452b2-e068-51a0-9f67-aebfdad03ed7
American,unified:11e637ca-b753-50aa-8d1c-bfccf82ceb6e,PS3558.A513D4,1,elsewhere_review,1961–2000,bokheim:curation:eea452b2-e068-51a0-9f67-aebfdad03ed7
American,unified:11e637ca-b753-50aa-8d1c-bfccf82ceb6e,PS3558.A513E2,1,elsewhere_review,1961–2000,bokheim:curation:eea452b2-e068-51a0-9f67-aebfdad03ed7
American,unified:11e637ca-b753-50aa-8d1c-bfccf82ceb6e,PS3558.A513F3,1,elsewhere_review,1961–2000,bokheim:curation:eea452b2-e068-51a0-9f67-aebfdad03ed7
American,unified:11e637ca-b753-50aa-8d1c-bfccf82ceb6e,PS3558.A513J3,1,elsewhere_review,1961–2000,bokheim:curation:eea452b2-e068-51a0-9f67-aebfdad03ed7
American,unified:11e637ca-b753-50aa-8d1c-bfccf82ceb6e,PS3558.A513J6,1,elsewhere_review,1961–2000,bokheim:curation:eea452b2-e068-51a0-9f67-aebfdad03ed7
American,unified:11e637ca-b753-50aa-8d1c-bfccf82ceb6e,PS3558.A513L59,1,elsewhere_review,1961–2000,bokheim:curation:eea452b2-e068-51a0-9f67-aebfdad03ed7
American,unified:11e637ca-b753-50aa-8d1c-bfccf82ceb6e,PS3558.A513N5,1,elsewhere_review,1961–2000,bokheim:curation:eea452b2-e068-51a0-9f67-aebfdad03ed7
American,unified:11e637ca-b753-50aa-8d1c-bfccf82ceb6e,PS3558.A513O24,1,elsewhere_review,1961–2000,bokheim:curation:eea452b2-e068-51a0-9f67-aebfdad03ed7
American,unified:11e637ca-b753-50aa-8d1c-bfccf82ceb6e,PS3558.A513P7,1,elsewhere_review,1961–2000,bokheim:curation:eea452b2-e068-51a0-9f67-aebfdad03ed7
American,unified:11e637ca-b753-50aa-8d1c-bfccf82ceb6e,PS3558.A513S6,1,elsewhere_review,1961–2000,bokheim:curation:eea452b2-e068-51a0-9f67-aebfdad03ed7
American,unified:11e637ca-b753-50aa-8d1c-bfccf82ceb6e,PS3558.A624283,1,elsewhere_review,1961–2000,bokheim:curation:eea452b2-e068-51a0-9f67-aebfdad03ed7
American,unified:11e637ca-b753-50aa-8d1c-bfccf82ceb6e,PS3558.A6558B58,1,elsewhere_review,1961–2000,bokheim:curation:eea452b2-e068-51a0-9f67-aebfdad03ed7
American,unified:11e637ca-b753-50aa-8d1c-bfccf82ceb6e,PS3558.A6558C37,1,elsewhere_review,1961–2000,bokheim:curation:eea452b2-e068-51a0-9f67-aebfdad03ed7
American,unified:11e637ca-b753-50aa-8d1c-bfccf82ceb6e,PS3558.A6558Z63,1,elsewhere_review,1961–2000,bokheim:curation:eea452b2-e068-51a0-9f67-aebfdad03ed7
American,unified:11e637ca-b753-50aa-8d1c-bfccf82ceb6e,PS3558.A6558Z66,1,elsewhere_review,1961–2000,bokheim:curation:eea452b2-e068-51a0-9f67-aebfdad03ed7
American,unified:11e637ca-b753-50aa-8d1c-bfccf82ceb6e,PS3558.A6558Z88,1,elsewhere_review,1961–2000,bokheim:curation:eea452b2-e068-51a0-9f67-aebfdad03ed7
American,unified:11e637ca-b753-50aa-8d1c-bfccf82ceb6e,PS3558.A763,1,elsewhere_review,1961–2000,bokheim:curation:eea452b2-e068-51a0-9f67-aebfdad03ed7
American,unified:11e637ca-b753-50aa-8d1c-bfccf82ceb6e,PS3558.A824,1,elsewhere_review,1961–2000,bokheim:curation:eea452b2-e068-51a0-9f67-aebfdad03ed7
American,unified:11e637ca-b753-50aa-8d1c-bfccf82ceb6e,PS3558.E4526A6,1,elsewhere_review,1961–2000,bokheim:curation:eea452b2-e068-51a0-9f67-aebfdad03ed7
American,unified:11e637ca-b753-50aa-8d1c-bfccf82ceb6e,PS3558.E4526D4,1,elsewhere_review,1961–2000,bokheim:curation:eea452b2-e068-51a0-9f67-aebfdad03ed7
American,unified:11e637ca-b753-50aa-8d1c-bfccf82ceb6e,PS3558.E4526N6,1,elsewhere_review,1961–2000,bokheim:curation:eea452b2-e068-51a0-9f67-aebfdad03ed7
American,unified:11e637ca-b753-50aa-8d1c-bfccf82ceb6e,PS3558.E4526S9,1,elsewhere_review,1961–2000,bokheim:curation:eea452b2-e068-51a0-9f67-aebfdad03ed7
American,unified:11e637ca-b753-50aa-8d1c-bfccf82ceb6e,PS3558.E4526T74,1,elsewhere_review,1961–2000,bokheim:curation:eea452b2-e068-51a0-9f67-aebfdad03ed7
American,unified:11e637ca-b753-50aa-8d1c-bfccf82ceb6e,PS3558.E4526Z477,1,elsewhere_review,1961–2000,bokheim:curation:eea452b2-e068-51a0-9f67-aebfdad03ed7
American,unified:11e637ca-b753-50aa-8d1c-bfccf82ceb6e,PS3558.E458B35,1,elsewhere_review,1961–2000,bokheim:curation:eea452b2-e068-51a0-9f67-aebfdad03ed7
American,unified:11e637ca-b753-50aa-8d1c-bfccf82ceb6e,PS3558.E458G5,1,elsewhere_review,1961–2000,bokheim:curation:eea452b2-e068-51a0-9f67-aebfdad03ed7
American,unified:11e637ca-b753-50aa-8d1c-bfccf82ceb6e,PS3558.E458H4,1,elsewhere_review,1961–2000,bokheim:curation:eea452b2-e068-51a0-9f67-aebfdad03ed7
American,unified:11e637ca-b753-50aa-8d1c-bfccf82ceb6e,PS3558.E458L5,1,elsewhere_review,1961–2000,bokheim:curation:eea452b2-e068-51a0-9f67-aebfdad03ed7
American,unified:11e637ca-b753-50aa-8d1c-bfccf82ceb6e,PS3558.E458S3,1,elsewhere_review,1961–2000,bokheim:curation:eea452b2-e068-51a0-9f67-aebfdad03ed7
American,unified:11e637ca-b753-50aa-8d1c-bfccf82ceb6e,PS3558.E47916D64,1,elsewhere_review,1961–2000,bokheim:curation:eea452b2-e068-51a0-9f67-aebfdad03ed7
American,unified:11e637ca-b753-50aa-8d1c-bfccf82ceb6e,PS3558.E487K5,1,elsewhere_review,1961–2000,bokheim:curation:eea452b2-e068-51a0-9f67-aebfdad03ed7
American,unified:11e637ca-b753-50aa-8d1c-bfccf82ceb6e,PS3558.I227,1,elsewhere_review,1961–2000,bokheim:curation:eea452b2-e068-51a0-9f67-aebfdad03ed7
American,unified:11e637ca-b753-50aa-8d1c-bfccf82ceb6e,PS3558.I366B58,1,elsewhere_review,1961–2000,bokheim:curation:eea452b2-e068-51a0-9f67-aebfdad03ed7
American,unified:11e637ca-b753-50aa-8d1c-bfccf82ceb6e,PS3558.I366C7,1,elsewhere_review,1961–2000,bokheim:curation:eea452b2-e068-51a0-9f67-aebfdad03ed7
American,unified:11e637ca-b753-50aa-8d1c-bfccf82ceb6e,PS3558.I366D44,1,elsewhere_review,1961–2000,bokheim:curation:eea452b2-e068-51a0-9f67-aebfdad03ed7
American,unified:11e637ca-b753-50aa-8d1c-bfccf82ceb6e,PS3558.I366E35,1,elsewhere_review,1961–2000,bokheim:curation:eea452b2-e068-51a0-9f67-aebfdad03ed7
American,unified:11e637ca-b753-50aa-8d1c-bfccf82ceb6e,PS3558.I366E44,1,elsewhere_review,1961–2000,bokheim:curation:eea452b2-e068-51a0-9f67-aebfdad03ed7
American,unified:11e637ca-b753-50aa-8d1c-bfccf82ceb6e,PS3558.I366G36,1,elsewhere_review,1961–2000,bokheim:curation:eea452b2-e068-51a0-9f67-aebfdad03ed7
American,unified:11e637ca-b753-50aa-8d1c-bfccf82ceb6e,PS3558.I366G58,1,elsewhere_review,1961–2000,bokheim:curation:eea452b2-e068-51a0-9f67-aebfdad03ed7
American,unified:11e637ca-b753-50aa-8d1c-bfccf82ceb6e,PS3558.I366R57,1,elsewhere_review,1961–2000,bokheim:curation:eea452b2-e068-51a0-9f67-aebfdad03ed7
American,unified:11e637ca-b753-50aa-8d1c-bfccf82ceb6e,PS3558.I366S75,1,elsewhere_review,1961–2000,bokheim:curation:eea452b2-e068-51a0-9f67-aebfdad03ed7
American,unified:11e637ca-b753-50aa-8d1c-bfccf82ceb6e,PS3558.I366T4,1,elsewhere_review,1961–2000,bokheim:curation:eea452b2-e068-51a0-9f67-aebfdad03ed7
American,unified:11e637ca-b753-50aa-8d1c-bfccf82ceb6e,PS3558.I366T45,1,elsewhere_review,1961–2000,bokheim:curation:eea452b2-e068-51a0-9f67-aebfdad03ed7
American,unified:11e637ca-b753-50aa-8d1c-bfccf82ceb6e,PS3558.I366T46,1,elsewhere_review,1961–2000,bokheim:curation:eea452b2-e068-51a0-9f67-aebfdad03ed7
American,unified:11e637ca-b753-50aa-8d1c-bfccf82ceb6e,PS3558.I366T7,1,elsewhere_review,1961–2000,bokheim:curation:eea452b2-e068-51a0-9f67-aebfdad03ed7
American,unified:11e637ca-b753-50aa-8d1c-bfccf82ceb6e,PS3558.I366T8,1,elsewhere_review,1961–2000,bokheim:curation:eea452b2-e068-51a0-9f67-aebfdad03ed7
American,unified:11e637ca-b753-50aa-8d1c-bfccf82ceb6e,PS3558.I366Z77,1,elsewhere_review,1961–2000,bokheim:curation:eea452b2-e068-51a0-9f67-aebfdad03ed7
American,unified:11e637ca-b753-50aa-8d1c-bfccf82ceb6e,PS3558.I366Z87,1,elsewhere_review,1961–2000,bokheim:curation:eea452b2-e068-51a0-9f67-aebfdad03ed7
American,unified:11e637ca-b753-50aa-8d1c-bfccf82ceb6e,PS3558.I45B5,1,elsewhere_review,1961–2000,bokheim:curation:eea452b2-e068-51a0-9f67-aebfdad03ed7
American,unified:11e637ca-b753-50aa-8d1c-bfccf82ceb6e,PS3558.I45D26,1,elsewhere_review,1961–2000,bokheim:curation:eea452b2-e068-51a0-9f67-aebfdad03ed7
American,unified:11e637ca-b753-50aa-8d1c-bfccf82ceb6e,PS3558.I45F47,1,elsewhere_review,1961–2000,bokheim:curation:eea452b2-e068-51a0-9f67-aebfdad03ed7
American,unified:11e637ca-b753-50aa-8d1c-bfccf82ceb6e,PS3558.I45F49,1,elsewhere_review,1961–2000,bokheim:curation:eea452b2-e068-51a0-9f67-aebfdad03ed7
American,unified:11e637ca-b753-50aa-8d1c-bfccf82ceb6e,PS3558.I45F65,1,elsewhere_review,1961–2000,bokheim:curation:eea452b2-e068-51a0-9f67-aebfdad03ed7
American,unified:11e637ca-b753-50aa-8d1c-bfccf82ceb6e,PS3558.I45H86,1,elsewhere_review,1961–2000,bokheim:curation:eea452b2-e068-51a0-9f67-aebfdad03ed7
American,unified:11e637ca-b753-50aa-8d1c-bfccf82ceb6e,PS3558.I45J6,1,elsewhere_review,1961–2000,bokheim:curation:eea452b2-e068-51a0-9f67-aebfdad03ed7
American,unified:11e637ca-b753-50aa-8d1c-bfccf82ceb6e,PS3558.I45S45,1,elsewhere_review,1961–2000,bokheim:curation:eea452b2-e068-51a0-9f67-aebfdad03ed7
American,unified:11e637ca-b753-50aa-8d1c-bfccf82ceb6e,PS3558.I45S46,1,elsewhere_review,1961–2000,bokheim:curation:eea452b2-e068-51a0-9f67-aebfdad03ed7
American,unified:11e637ca-b753-50aa-8d1c-bfccf82ceb6e,PS3558.I45S47,1,elsewhere_review,1961–2000,bokheim:curation:eea452b2-e068-51a0-9f67-aebfdad03ed7
American,unified:11e637ca-b753-50aa-8d1c-bfccf82ceb6e,PS3558.I45S5,1,elsewhere_review,1961–2000,bokheim:curation:eea452b2-e068-51a0-9f67-aebfdad03ed7
American,unified:11e637ca-b753-50aa-8d1c-bfccf82ceb6e,PS3558.I45T35,1,elsewhere_review,1961–2000,bokheim:curation:eea452b2-e068-51a0-9f67-aebfdad03ed7
American,unified:11e637ca-b753-50aa-8d1c-bfccf82ceb6e,PS3558.I45T45,1,elsewhere_review,1961–2000,bokheim:curation:eea452b2-e068-51a0-9f67-aebfdad03ed7
American,unified:11e637ca-b753-50aa-8d1c-bfccf82ceb6e,PS3558.I45W34,1,elsewhere_review,1961–2000,bokheim:curation:eea452b2-e068-51a0-9f67-aebfdad03ed7
American,unified:11e637ca-b753-50aa-8d1c-bfccf82ceb6e,PS3558.I45Z474,1,elsewhere_review,1961–2000,bokheim:curation:eea452b2-e068-51a0-9f67-aebfdad03ed7
American,unified:11e637ca-b753-50aa-8d1c-bfccf82ceb6e,PS3558.I45Z476,1,elsewhere_review,1961–2000,bokheim:curation:eea452b2-e068-51a0-9f67-aebfdad03ed7
American,unified:11e637ca-b753-50aa-8d1c-bfccf82ceb6e,PS3558.I45Z68,1,elsewhere_review,1961–2000,bokheim:curation:eea452b2-e068-51a0-9f67-aebfdad03ed7
American,unified:11e637ca-b753-50aa-8d1c-bfccf82ceb6e,PS3558.I45Z78,1,elsewhere_review,1961–2000,bokheim:curation:eea452b2-e068-51a0-9f67-aebfdad03ed7
American,unified:11e637ca-b753-50aa-8d1c-bfccf82ceb6e,PS3558.I45Z8,1,elsewhere_review,1961–2000,bokheim:curation:eea452b2-e068-51a0-9f67-aebfdad03ed7
American,unified:11e637ca-b753-50aa-8d1c-bfccf82ceb6e,PS3558.I45Z86,1,elsewhere_review,1961–2000,bokheim:curation:eea452b2-e068-51a0-9f67-aebfdad03ed7
American,unified:11e637ca-b753-50aa-8d1c-bfccf82ceb6e,PS3558.I45Z88,1,elsewhere_review,1961–2000,bokheim:curation:eea452b2-e068-51a0-9f67-aebfdad03ed7
American,unified:11e637ca-b753-50aa-8d1c-bfccf82ceb6e,PS3558.O3473A33,1,elsewhere_review,1961–2000,bokheim:curation:eea452b2-e068-51a0-9f67-aebfdad03ed7
American,unified:11e637ca-b753-50aa-8d1c-bfccf82ceb6e,PS3558.O3473A6,1,elsewhere_review,1961–2000,bokheim:curation:eea452b2-e068-51a0-9f67-aebfdad03ed7
American,unified:11e637ca-b753-50aa-8d1c-bfccf82ceb6e,PS3558.O3473A88,1,elsewhere_review,1961–2000,bokheim:curation:eea452b2-e068-51a0-9f67-aebfdad03ed7
American,unified:11e637ca-b753-50aa-8d1c-bfccf82ceb6e,PS3558.O3473B57,1,elsewhere_review,1961–2000,bokheim:curation:eea452b2-e068-51a0-9f67-aebfdad03ed7
American,unified:11e637ca-b753-50aa-8d1c-bfccf82ceb6e,PS3558.O3473H39,1,elsewhere_review,1961–2000,bokheim:curation:eea452b2-e068-51a0-9f67-aebfdad03ed7
American,unified:11e637ca-b753-50aa-8d1c-bfccf82ceb6e,PS3558.O3473O88,1,elsewhere_review,1961–2000,bokheim:curation:eea452b2-e068-51a0-9f67-aebfdad03ed7
American,unified:11e637ca-b753-50aa-8d1c-bfccf82ceb6e,PS3558.O3473O9,1,elsewhere_review,1961–2000,bokheim:curation:eea452b2-e068-51a0-9f67-aebfdad03ed7
American,unified:11e637ca-b753-50aa-8d1c-bfccf82ceb6e,PS3558.O3473P4,1,elsewhere_review,1961–2000,bokheim:curation:eea452b2-e068-51a0-9f67-aebfdad03ed7
American,unified:11e637ca-b753-50aa-8d1c-bfccf82ceb6e,PS3558.O3473R56,1,elsewhere_review,1961–2000,bokheim:curation:eea452b2-e068-51a0-9f67-aebfdad03ed7
American,unified:11e637ca-b753-50aa-8d1c-bfccf82ceb6e,PS3558.O3473S59,1,elsewhere_review,1961–2000,bokheim:curation:eea452b2-e068-51a0-9f67-aebfdad03ed7
American,unified:11e637ca-b753-50aa-8d1c-bfccf82ceb6e,PS3558.O3473S6,1,elsewhere_review,1961–2000,bokheim:curation:eea452b2-e068-51a0-9f67-aebfdad03ed7
American,unified:11e637ca-b753-50aa-8d1c-bfccf82ceb6e,PS3558.O3473W48,1,elsewhere_review,1961–2000,bokheim:curation:eea452b2-e068-51a0-9f67-aebfdad03ed7
American,unified:11e637ca-b753-50aa-8d1c-bfccf82ceb6e,PS3558.U323.M5,1,elsewhere_review,1961–2000,bokheim:curation:eea452b2-e068-51a0-9f67-aebfdad03ed7
American,unified:11e637ca-b753-50aa-8d1c-bfccf82ceb6e,PS3558.U323D3,1,elsewhere_review,1961–2000,bokheim:curation:eea452b2-e068-51a0-9f67-aebfdad03ed7
American,unified:11e637ca-b753-50aa-8d1c-bfccf82ceb6e,PS3558.U323F56,1,elsewhere_review,1961–2000,bokheim:curation:eea452b2-e068-51a0-9f67-aebfdad03ed7
American,unified:11e637ca-b753-50aa-8d1c-bfccf82ceb6e,PS3558.Y49J87,1,elsewhere_review,1961–2000,bokheim:curation:eea452b2-e068-51a0-9f67-aebfdad03ed7
American,unified:11e637ca-b753-50aa-8d1c-bfccf82ceb6e,PS3558.Y49P78,1,elsewhere_review,1961–2000,bokheim:curation:eea452b2-e068-51a0-9f67-aebfdad03ed7
American,unified:11e637ca-b753-50aa-8d1c-bfccf82ceb6e,PS3558.Y49R5,1,elsewhere_review,1961–2000,bokheim:curation:eea452b2-e068-51a0-9f67-aebfdad03ed7
American,unified:11e637ca-b753-50aa-8d1c-bfccf82ceb6e,PS3558.Y49R8,1,elsewhere_review,1961–2000,bokheim:curation:eea452b2-e068-51a0-9f67-aebfdad03ed7
American,unified:11e637ca-b753-50aa-8d1c-bfccf82ceb6e,PS3558.Y49S48,1,elsewhere_review,1961–2000,bokheim:curation:eea452b2-e068-51a0-9f67-aebfdad03ed7
American,unified:11e637ca-b753-50aa-8d1c-bfccf82ceb6e,PS3558I366B69,1,elsewhere_review,1961–2000,bokheim:curation:eea452b2-e068-51a0-9f67-aebfdad03ed7
American,unified:11e637ca-b753-50aa-8d1c-bfccf82ceb6e,PS3558I366F68,1,elsewhere_review,1961–2000,bokheim:curation:eea452b2-e068-51a0-9f67-aebfdad03ed7
American,unified:11e637ca-b753-50aa-8d1c-bfccf82ceb6e,PS3558I366L57,1,elsewhere_review,1961–2000,bokheim:curation:eea452b2-e068-51a0-9f67-aebfdad03ed7
American,unified:11e637ca-b753-50aa-8d1c-bfccf82ceb6e,PS3558I366P46,1,elsewhere_review,1961–2000,bokheim:curation:eea452b2-e068-51a0-9f67-aebfdad03ed7
American,unified:11e637ca-b753-50aa-8d1c-bfccf82ceb6e,PS3558I366R56314,1,elsewhere_review,1961–2000,bokheim:curation:eea452b2-e068-51a0-9f67-aebfdad03ed7
American,unified:11e637ca-b753-50aa-8d1c-bfccf82ceb6e,PS3558I366S44,1,elsewhere_review,1961–2000,bokheim:curation:eea452b2-e068-51a0-9f67-aebfdad03ed7
American,unified:11e637ca-b753-50aa-8d1c-bfccf82ceb6e,PS3558I366T3514,1,elsewhere_review,1961–2000,bokheim:curation:eea452b2-e068-51a0-9f67-aebfdad03ed7
American,unified:11e637ca-b753-50aa-8d1c-bfccf82ceb6e,PS3561.A41665A79,1,elsewhere_review,1961–2000,bokheim:curation:eea452b2-e068-51a0-9f67-aebfdad03ed7
American,unified:11e637ca-b753-50aa-8d1c-bfccf82ceb6e,PS3561.A41665C37,1,elsewhere_review,1961–2000,bokheim:curation:eea452b2-e068-51a0-9f67-aebfdad03ed7
American,unified:11e637ca-b753-50aa-8d1c-bfccf82ceb6e,PS3561.A41665I6,1,elsewhere_review,1961–2000,bokheim:curation:eea452b2-e068-51a0-9f67-aebfdad03ed7
American,unified:11e637ca-b753-50aa-8d1c-bfccf82ceb6e,PS3561.A41665J87,1,elsewhere_review,1961–2000,bokheim:curation:eea452b2-e068-51a0-9f67-aebfdad03ed7
American,unified:11e637ca-b753-50aa-8d1c-bfccf82ceb6e,PS3561.A41665M34,1,elsewhere_review,1961–2000,bokheim:curation:eea452b2-e068-51a0-9f67-aebfdad03ed7
American,unified:11e637ca-b753-50aa-8d1c-bfccf82ceb6e,PS3561.A41665M39,1,elsewhere_review,1961–2000,bokheim:curation:eea452b2-e068-51a0-9f67-aebfdad03ed7
American,unified:11e637ca-b753-50aa-8d1c-bfccf82ceb6e,PS3561.A41665P34,1,elsewhere_review,1961–2000,bokheim:curation:eea452b2-e068-51a0-9f67-aebfdad03ed7
American,unified:11e637ca-b753-50aa-8d1c-bfccf82ceb6e,PS3561.A41665P36,1,elsewhere_review,1961–2000,bokheim:curation:eea452b2-e068-51a0-9f67-aebfdad03ed7
American,unified:11e637ca-b753-50aa-8d1c-bfccf82ceb6e,PS3561.A41665S44,1,elsewhere_review,1961–2000,bokheim:curation:eea452b2-e068-51a0-9f67-aebfdad03ed7
American,unified:11e637ca-b753-50aa-8d1c-bfccf82ceb6e,PS3561.A41665T68,1,elsewhere_review,1961–2000,bokheim:curation:eea452b2-e068-51a0-9f67-aebfdad03ed7
American,unified:11e637ca-b753-50aa-8d1c-bfccf82ceb6e,PS3561.A41665U5,1,elsewhere_review,1961–2000,bokheim:curation:eea452b2-e068-51a0-9f67-aebfdad03ed7
American,unified:11e637ca-b753-50aa-8d1c-bfccf82ceb6e,PS3561.A41665W38,1,elsewhere_review,1961–2000,bokheim:curation:eea452b2-e068-51a0-9f67-aebfdad03ed7
American,unified:11e637ca-b753-50aa-8d1c-bfccf82ceb6e,PS3561.A41665W55,1,elsewhere_review,1961–2000,bokheim:curation:eea452b2-e068-51a0-9f67-aebfdad03ed7
American,unified:11e637ca-b753-50aa-8d1c-bfccf82ceb6e,PS3561.A675,1,elsewhere_review,1961–2000,bokheim:curation:eea452b2-e068-51a0-9f67-aebfdad03ed7
American,unified:11e637ca-b753-50aa-8d1c-bfccf82ceb6e,PS3561.E388L826,1,elsewhere_review,1961–2000,bokheim:curation:eea452b2-e068-51a0-9f67-aebfdad03ed7
American,unified:11e637ca-b753-50aa-8d1c-bfccf82ceb6e,PS3561.E388L827,1,elsewhere_review,1961–2000,bokheim:curation:eea452b2-e068-51a0-9f67-aebfdad03ed7
American,unified:11e637ca-b753-50aa-8d1c-bfccf82ceb6e,PS3561.E388L83,1,elsewhere_review,1961–2000,bokheim:curation:eea452b2-e068-51a0-9f67-aebfdad03ed7
American,unified:11e637ca-b753-50aa-8d1c-bfccf82ceb6e,PS3561.E388L834,1,elsewhere_review,1961–2000,bokheim:curation:eea452b2-e068-51a0-9f67-aebfdad03ed7
American,unified:11e637ca-b753-50aa-8d1c-bfccf82ceb6e,PS3561.E388L835,1,elsewhere_review,1961–2000,bokheim:curation:eea452b2-e068-51a0-9f67-aebfdad03ed7
American,unified:11e637ca-b753-50aa-8d1c-bfccf82ceb6e,PS3561.E388L837,1,elsewhere_review,1961–2000,bokheim:curation:eea452b2-e068-51a0-9f67-aebfdad03ed7
American,unified:11e637ca-b753-50aa-8d1c-bfccf82ceb6e,PS3561.E388L838,1,elsewhere_review,1961–2000,bokheim:curation:eea452b2-e068-51a0-9f67-aebfdad03ed7
American,unified:11e637ca-b753-50aa-8d1c-bfccf82ceb6e,PS3561.E388L84,1,elsewhere_review,1961–2000,bokheim:curation:eea452b2-e068-51a0-9f67-aebfdad03ed7
American,unified:11e637ca-b753-50aa-8d1c-bfccf82ceb6e,PS3561.E388L86,1,elsewhere_review,1961–2000,bokheim:curation:eea452b2-e068-51a0-9f67-aebfdad03ed7
American,unified:11e637ca-b753-50aa-8d1c-bfccf82ceb6e,PS3561.E388M6,1,elsewhere_review,1961–2000,bokheim:curation:eea452b2-e068-51a0-9f67-aebfdad03ed7
American,unified:11e637ca-b753-50aa-8d1c-bfccf82ceb6e,PS3561.E388T4,1,elsewhere_review,1961–2000,bokheim:curation:eea452b2-e068-51a0-9f67-aebfdad03ed7
American,unified:11e637ca-b753-50aa-8d1c-bfccf82ceb6e,PS3561.E3975B33,1,elsewhere_review,1961–2000,bokheim:curation:eea452b2-e068-51a0-9f67-aebfdad03ed7
American,unified:11e637ca-b753-50aa-8d1c-bfccf82ceb6e,PS3561.E3975B83,1,elsewhere_review,1961–2000,bokheim:curation:eea452b2-e068-51a0-9f67-aebfdad03ed7
American,unified:11e637ca-b753-50aa-8d1c-bfccf82ceb6e,PS3561.E3975C69,1,elsewhere_review,1961–2000,bokheim:curation:eea452b2-e068-51a0-9f67-aebfdad03ed7
American,unified:11e637ca-b753-50aa-8d1c-bfccf82ceb6e,PS3561.E3975D3,1,elsewhere_review,1961–2000,bokheim:curation:eea452b2-e068-51a0-9f67-aebfdad03ed7
American,unified:11e637ca-b753-50aa-8d1c-bfccf82ceb6e,PS3561.E3975D37,1,elsewhere_review,1961–2000,bokheim:curation:eea452b2-e068-51a0-9f67-aebfdad03ed7
American,unified:11e637ca-b753-50aa-8d1c-bfccf82ceb6e,PS3561.E3975G65,1,elsewhere_review,1961–2000,bokheim:curation:eea452b2-e068-51a0-9f67-aebfdad03ed7
American,unified:11e637ca-b753-50aa-8d1c-bfccf82ceb6e,PS3561.E3975H37,1,elsewhere_review,1961–2000,bokheim:curation:eea452b2-e068-51a0-9f67-aebfdad03ed7
American,unified:11e637ca-b753-50aa-8d1c-bfccf82ceb6e,PS3561.E3975H66,1,elsewhere_review,1961–2000,bokheim:curation:eea452b2-e068-51a0-9f67-aebfdad03ed7
American,unified:11e637ca-b753-50aa-8d1c-bfccf82ceb6e,PS3561.E3975J47,1,elsewhere_review,1961–2000,bokheim:curation:eea452b2-e068-51a0-9f67-aebfdad03ed7
American,unified:11e637ca-b753-50aa-8d1c-bfccf82ceb6e,PS3561.E3975L39,1,elsewhere_review,1961–2000,bokheim:curation:eea452b2-e068-51a0-9f67-aebfdad03ed7
American,unified:11e637ca-b753-50aa-8d1c-bfccf82ceb6e,PS3561.E3975L66,1,elsewhere_review,1961–2000,bokheim:curation:eea452b2-e068-51a0-9f67-aebfdad03ed7
American,unified:11e637ca-b753-50aa-8d1c-bfccf82ceb6e,PS3561.E3975M3,1,elsewhere_review,1961–2000,bokheim:curation:eea452b2-e068-51a0-9f67-aebfdad03ed7
American,unified:11e637ca-b753-50aa-8d1c-bfccf82ceb6e,PS3561.E3975M34,1,elsewhere_review,1961–2000,bokheim:curation:eea452b2-e068-51a0-9f67-aebfdad03ed7
American,unified:11e637ca-b753-50aa-8d1c-bfccf82ceb6e,PS3561.E3975M37,1,elsewhere_review,1961–2000,bokheim:curation:eea452b2-e068-51a0-9f67-aebfdad03ed7
American,unified:11e637ca-b753-50aa-8d1c-bfccf82ceb6e,PS3561.E3975P43,1,elsewhere_review,1961–2000,bokheim:curation:eea452b2-e068-51a0-9f67-aebfdad03ed7
American,unified:11e637ca-b753-50aa-8d1c-bfccf82ceb6e,PS3561.E3975P86,1,elsewhere_review,1961–2000,bokheim:curation:eea452b2-e068-51a0-9f67-aebfdad03ed7
American,unified:11e637ca-b753-50aa-8d1c-bfccf82ceb6e,PS3561.E3975R36,1,elsewhere_review,1961–2000,bokheim:curation:eea452b2-e068-51a0-9f67-aebfdad03ed7
American,unified:11e637ca-b753-50aa-8d1c-bfccf82ceb6e,PS3561.E3975R43,1,elsewhere_review,1961–2000,bokheim:curation:eea452b2-e068-51a0-9f67-aebfdad03ed7
American,unified:11e637ca-b753-50aa-8d1c-bfccf82ceb6e,PS3561.E3975S66,1,elsewhere_review,1961–2000,bokheim:curation:eea452b2-e068-51a0-9f67-aebfdad03ed7
American,unified:11e637ca-b753-50aa-8d1c-bfccf82ceb6e,PS3561.E3975S7,1,elsewhere_review,1961–2000,bokheim:curation:eea452b2-e068-51a0-9f67-aebfdad03ed7
American,unified:11e637ca-b753-50aa-8d1c-bfccf82ceb6e,PS3561.E3975T48,1,elsewhere_review,1961–2000,bokheim:curation:eea452b2-e068-51a0-9f67-aebfdad03ed7
American,unified:11e637ca-b753-50aa-8d1c-bfccf82ceb6e,PS3561.E3975T5,1,elsewhere_review,1961–2000,bokheim:curation:eea452b2-e068-51a0-9f67-aebfdad03ed7
American,unified:11e637ca-b753-50aa-8d1c-bfccf82ceb6e,PS3561.E3975W34,1,elsewhere_review,1961–2000,bokheim:curation:eea452b2-e068-51a0-9f67-aebfdad03ed7
American,unified:11e637ca-b753-50aa-8d1c-bfccf82ceb6e,PS3561.E3975W39,1,elsewhere_review,1961–2000,bokheim:curation:eea452b2-e068-51a0-9f67-aebfdad03ed7
American,unified:11e637ca-b753-50aa-8d1c-bfccf82ceb6e,PS3561.E3975Z463,1,elsewhere_review,1961–2000,bokheim:curation:eea452b2-e068-51a0-9f67-aebfdad03ed7
American,unified:11e637ca-b753-50aa-8d1c-bfccf82ceb6e,PS3561.E3975Z465,1,elsewhere_review,1961–2000,bokheim:curation:eea452b2-e068-51a0-9f67-aebfdad03ed7
American,unified:11e637ca-b753-50aa-8d1c-bfccf82ceb6e,PS3561.E3975Z475,1,elsewhere_review,1961–2000,bokheim:curation:eea452b2-e068-51a0-9f67-aebfdad03ed7
American,unified:11e637ca-b753-50aa-8d1c-bfccf82ceb6e,PS3561.E3975Z515,1,elsewhere_review,1961–2000,bokheim:curation:eea452b2-e068-51a0-9f67-aebfdad03ed7
American,unified:11e637ca-b753-50aa-8d1c-bfccf82ceb6e,PS3561.E3975Z66,1,elsewhere_review,1961–2000,bokheim:curation:eea452b2-e068-51a0-9f67-aebfdad03ed7
American,unified:11e637ca-b753-50aa-8d1c-bfccf82ceb6e,PS3561.E425F5,1,elsewhere_review,1961–2000,bokheim:curation:eea452b2-e068-51a0-9f67-aebfdad03ed7
American,unified:11e637ca-b753-50aa-8d1c-bfccf82ceb6e,PS3561.E425N6,1,elsewhere_review,1961–2000,bokheim:curation:eea452b2-e068-51a0-9f67-aebfdad03ed7
American,unified:11e637ca-b753-50aa-8d1c-bfccf82ceb6e,PS3561.I4813A89,1,elsewhere_review,1961–2000,bokheim:curation:eea452b2-e068-51a0-9f67-aebfdad03ed7
American,unified:11e637ca-b753-50aa-8d1c-bfccf82ceb6e,PS3561.I4813B66,1,elsewhere_review,1961–2000,bokheim:curation:eea452b2-e068-51a0-9f67-aebfdad03ed7
American,unified:11e637ca-b753-50aa-8d1c-bfccf82ceb6e,PS3561.I4813C37,1,elsewhere_review,1961–2000,bokheim:curation:eea452b2-e068-51a0-9f67-aebfdad03ed7
American,unified:11e637ca-b753-50aa-8d1c-bfccf82ceb6e,PS3561.I4813D3,1,elsewhere_review,1961–2000,bokheim:curation:eea452b2-e068-51a0-9f67-aebfdad03ed7
American,unified:11e637ca-b753-50aa-8d1c-bfccf82ceb6e,PS3561.I4813G7,1,elsewhere_review,1961–2000,bokheim:curation:eea452b2-e068-51a0-9f67-aebfdad03ed7
American,unified:11e637ca-b753-50aa-8d1c-bfccf82ceb6e,PS3561.I4813J8,1,elsewhere_review,1961–2000,bokheim:curation:eea452b2-e068-51a0-9f67-aebfdad03ed7
American,unified:11e637ca-b753-50aa-8d1c-bfccf82ceb6e,PS3561.I4813L36,1,elsewhere_review,1961–2000,bokheim:curation:eea452b2-e068-51a0-9f67-aebfdad03ed7
American,unified:11e637ca-b753-50aa-8d1c-bfccf82ceb6e,PS3561.I4813L37,1,elsewhere_review,1961–2000,bokheim:curation:eea452b2-e068-51a0-9f67-aebfdad03ed7
American,unified:11e637ca-b753-50aa-8d1c-bfccf82ceb6e,PS3561.I4813L64,1,elsewhere_review,1961–2000,bokheim:curation:eea452b2-e068-51a0-9f67-aebfdad03ed7
American,unified:11e637ca-b753-50aa-8d1c-bfccf82ceb6e,PS3561.I4813M37,1,elsewhere_review,1961–2000,bokheim:curation:eea452b2-e068-51a0-9f67-aebfdad03ed7
American,unified:11e637ca-b753-50aa-8d1c-bfccf82ceb6e,PS3561.I4813M66,1,elsewhere_review,1961–2000,bokheim:curation:eea452b2-e068-51a0-9f67-aebfdad03ed7
American,unified:11e637ca-b753-50aa-8d1c-bfccf82ceb6e,PS3561.I4813N54,1,elsewhere_review,1961–2000,bokheim:curation:eea452b2-e068-51a0-9f67-aebfdad03ed7
American,unified:11e637ca-b753-50aa-8d1c-bfccf82ceb6e,PS3561.I4813O15,1,elsewhere_review,1961–2000,bokheim:curation:eea452b2-e068-51a0-9f67-aebfdad03ed7
American,unified:11e637ca-b753-50aa-8d1c-bfccf82ceb6e,PS3561.I4813T6,1,elsewhere_review,1961–2000,bokheim:curation:eea452b2-e068-51a0-9f67-aebfdad03ed7
American,unified:11e637ca-b753-50aa-8d1c-bfccf82ceb6e,PS3561.I4813T68,1,elsewhere_review,1961–2000,bokheim:curation:eea452b2-e068-51a0-9f67-aebfdad03ed7
American,unified:11e637ca-b753-50aa-8d1c-bfccf82ceb6e,PS3561.I4813W58,1,elsewhere_review,1961–2000,bokheim:curation:eea452b2-e068-51a0-9f67-aebfdad03ed7
American,unified:11e637ca-b753-50aa-8d1c-bfccf82ceb6e,PS3561.I483.B629,1,elsewhere_review,1961–2000,bokheim:curation:eea452b2-e068-51a0-9f67-aebfdad03ed7
American,unified:11e637ca-b753-50aa-8d1c-bfccf82ceb6e,PS3561.I483.R5,1,elsewhere_review,1961–2000,bokheim:curation:eea452b2-e068-51a0-9f67-aebfdad03ed7
American,unified:11e637ca-b753-50aa-8d1c-bfccf82ceb6e,PS3561.I483.S747,1,elsewhere_review,1961–2000,bokheim:curation:eea452b2-e068-51a0-9f67-aebfdad03ed7
American,unified:11e637ca-b753-50aa-8d1c-bfccf82ceb6e,PS3561.I483.Z783,1,elsewhere_review,1961–2000,bokheim:curation:eea452b2-e068-51a0-9f67-aebfdad03ed7
American,unified:11e637ca-b753-50aa-8d1c-bfccf82ceb6e,PS3561.I483A85,1,elsewhere_review,1961–2000,bokheim:curation:eea452b2-e068-51a0-9f67-aebfdad03ed7
American,unified:11e637ca-b753-50aa-8d1c-bfccf82ceb6e,PS3561.I483B57,1,elsewhere_review,1961–2000,bokheim:curation:eea452b2-e068-51a0-9f67-aebfdad03ed7
American,unified:11e637ca-b753-50aa-8d1c-bfccf82ceb6e,PS3561.I483B59,1,elsewhere_review,1961–2000,bokheim:curation:eea452b2-e068-51a0-9f67-aebfdad03ed7
American,unified:11e637ca-b753-50aa-8d1c-bfccf82ceb6e,PS3561.I483C4,1,elsewhere_review,1961–2000,bokheim:curation:eea452b2-e068-51a0-9f67-aebfdad03ed7
American,unified:11e637ca-b753-50aa-8d1c-bfccf82ceb6e,PS3561.I483D37,1,elsewhere_review,1961–2000,bokheim:curation:eea452b2-e068-51a0-9f67-aebfdad03ed7
American,unified:11e637ca-b753-50aa-8d1c-bfccf82ceb6e,PS3561.I483D3757,1,elsewhere_review,1961–2000,bokheim:curation:eea452b2-e068-51a0-9f67-aebfdad03ed7
American,unified:11e637ca-b753-50aa-8d1c-bfccf82ceb6e,PS3561.I483D376,1,elsewhere_review,1961–2000,bokheim:curation:eea452b2-e068-51a0-9f67-aebfdad03ed7
American,unified:11e637ca-b753-50aa-8d1c-bfccf82ceb6e,PS3561.I483D47,1,elsewhere_review,1961–2000,bokheim:curation:eea452b2-e068-51a0-9f67-aebfdad03ed7
American,unified:11e637ca-b753-50aa-8d1c-bfccf82ceb6e,PS3561.I483D77,1,elsewhere_review,1961–2000,bokheim:curation:eea452b2-e068-51a0-9f67-aebfdad03ed7
American,unified:11e637ca-b753-50aa-8d1c-bfccf82ceb6e,PS3561.I483E85,1,elsewhere_review,1961–2000,bokheim:curation:eea452b2-e068-51a0-9f67-aebfdad03ed7
American,unified:11e637ca-b753-50aa-8d1c-bfccf82ceb6e,PS3561.I483F56,1,elsewhere_review,1961–2000,bokheim:curation:eea452b2-e068-51a0-9f67-aebfdad03ed7
American,unified:11e637ca-b753-50aa-8d1c-bfccf82ceb6e,PS3561.I483G47,1,elsewhere_review,1961–2000,bokheim:curation:eea452b2-e068-51a0-9f67-aebfdad03ed7
American,unified:11e637ca-b753-50aa-8d1c-bfccf82ceb6e,PS3561.I483G73,1,elsewhere_review,1961–2000,bokheim:curation:eea452b2-e068-51a0-9f67-aebfdad03ed7
American,unified:11e637ca-b753-50aa-8d1c-bfccf82ceb6e,PS3561.I483G94,1,elsewhere_review,1961–2000,bokheim:curation:eea452b2-e068-51a0-9f67-aebfdad03ed7
American,unified:11e637ca-b753-50aa-8d1c-bfccf82ceb6e,PS3561.I483H6,1,elsewhere_review,1961–2000,bokheim:curation:eea452b2-e068-51a0-9f67-aebfdad03ed7
American,unified:11e637ca-b753-50aa-8d1c-bfccf82ceb6e,PS3561.I483I56,1,elsewhere_review,1961–2000,bokheim:curation:eea452b2-e068-51a0-9f67-aebfdad03ed7
American,unified:11e637ca-b753-50aa-8d1c-bfccf82ceb6e,PS3561.I483I83,1,elsewhere_review,1961–2000,bokheim:curation:eea452b2-e068-51a0-9f67-aebfdad03ed7
American,unified:11e637ca-b753-50aa-8d1c-bfccf82ceb6e,PS3561.I483J68,1,elsewhere_review,1961–2000,bokheim:curation:eea452b2-e068-51a0-9f67-aebfdad03ed7
American,unified:11e637ca-b753-50aa-8d1c-bfccf82ceb6e,PS3561.I483K5,1,elsewhere_review,1961–2000,bokheim:curation:eea452b2-e068-51a0-9f67-aebfdad03ed7
American,unified:11e637ca-b753-50aa-8d1c-bfccf82ceb6e,PS3561.I483L66,1,elsewhere_review,1961–2000,bokheim:curation:eea452b2-e068-51a0-9f67-aebfdad03ed7
American,unified:11e637ca-b753-50aa-8d1c-bfccf82ceb6e,PS3561.I483M47,1,elsewhere_review,1961–2000,bokheim:curation:eea452b2-e068-51a0-9f67-aebfdad03ed7
American,unified:11e637ca-b753-50aa-8d1c-bfccf82ceb6e,PS3561.I483M53,1,elsewhere_review,1961–2000,bokheim:curation:eea452b2-e068-51a0-9f67-aebfdad03ed7
American,unified:11e637ca-b753-50aa-8d1c-bfccf82ceb6e,PS3561.I483M54,1,elsewhere_review,1961–2000,bokheim:curation:eea452b2-e068-51a0-9f67-aebfdad03ed7
American,unified:11e637ca-b753-50aa-8d1c-bfccf82ceb6e,PS3561.I483N46,1,elsewhere_review,1961–2000,bokheim:curation:eea452b2-e068-51a0-9f67-aebfdad03ed7
American,unified:11e637ca-b753-50aa-8d1c-bfccf82ceb6e,PS3561.I483O98,1,elsewhere_review,1961–2000,bokheim:curation:eea452b2-e068-51a0-9f67-aebfdad03ed7
American,unified:11e637ca-b753-50aa-8d1c-bfccf82ceb6e,PS3561.I483R33,1,elsewhere_review,1961–2000,bokheim:curation:eea452b2-e068-51a0-9f67-aebfdad03ed7
American,unified:11e637ca-b753-50aa-8d1c-bfccf82ceb6e,PS3561.I483R44,1,elsewhere_review,1961–2000,bokheim:curation:eea452b2-e068-51a0-9f67-aebfdad03ed7
American,unified:11e637ca-b753-50aa-8d1c-bfccf82ceb6e,PS3561.I483R67,1,elsewhere_review,1961–2000,bokheim:curation:eea452b2-e068-51a0-9f67-aebfdad03ed7
American,unified:11e637ca-b753-50aa-8d1c-bfccf82ceb6e,PS3561.I483R8,1,elsewhere_review,1961–2000,bokheim:curation:eea452b2-e068-51a0-9f67-aebfdad03ed7
American,unified:11e637ca-b753-50aa-8d1c-bfccf82ceb6e,PS3561.I483R86,1,elsewhere_review,1961–2000,bokheim:curation:eea452b2-e068-51a0-9f67-aebfdad03ed7
American,unified:11e637ca-b753-50aa-8d1c-bfccf82ceb6e,PS3561.I483S26,1,elsewhere_review,1961–2000,bokheim:curation:eea452b2-e068-51a0-9f67-aebfdad03ed7
American,unified:11e637ca-b753-50aa-8d1c-bfccf82ceb6e,PS3561.I483S55,1,elsewhere_review,1961–2000,bokheim:curation:eea452b2-e068-51a0-9f67-aebfdad03ed7
American,unified:11e637ca-b753-50aa-8d1c-bfccf82ceb6e,PS3561.I483S57,1,elsewhere_review,1961–2000,bokheim:curation:eea452b2-e068-51a0-9f67-aebfdad03ed7
American,unified:11e637ca-b753-50aa-8d1c-bfccf82ceb6e,PS3561.I483S65,1,elsewhere_review,1961–2000,bokheim:curation:eea452b2-e068-51a0-9f67-aebfdad03ed7
American,unified:11e637ca-b753-50aa-8d1c-bfccf82ceb6e,PS3561.I483S73,1,elsewhere_review,1961–2000,bokheim:curation:eea452b2-e068-51a0-9f67-aebfdad03ed7
American,unified:11e637ca-b753-50aa-8d1c-bfccf82ceb6e,PS3561.I483S76,1,elsewhere_review,1961–2000,bokheim:curation:eea452b2-e068-51a0-9f67-aebfdad03ed7
American,unified:11e637ca-b753-50aa-8d1c-bfccf82ceb6e,PS3561.I483S86,1,elsewhere_review,1961–2000,bokheim:curation:eea452b2-e068-51a0-9f67-aebfdad03ed7
American,unified:11e637ca-b753-50aa-8d1c-bfccf82ceb6e,PS3561.I483T45,1,elsewhere_review,1961–2000,bokheim:curation:eea452b2-e068-51a0-9f67-aebfdad03ed7
American,unified:11e637ca-b753-50aa-8d1c-bfccf82ceb6e,PS3561.I483T56,1,elsewhere_review,1961–2000,bokheim:curation:eea452b2-e068-51a0-9f67-aebfdad03ed7
American,unified:11e637ca-b753-50aa-8d1c-bfccf82ceb6e,PS3561.I483Y6,1,elsewhere_review,1961–2000,bokheim:curation:eea452b2-e068-51a0-9f67-aebfdad03ed7
American,unified:11e637ca-b753-50aa-8d1c-bfccf82ceb6e,PS3561.I483Z46,1,elsewhere_review,1961–2000,bokheim:curation:eea452b2-e068-51a0-9f67-aebfdad03ed7
American,unified:11e637ca-b753-50aa-8d1c-bfccf82ceb6e,PS3561.I483Z465,1,elsewhere_review,1961–2000,bokheim:curation:eea452b2-e068-51a0-9f67-aebfdad03ed7
American,unified:11e637ca-b753-50aa-8d1c-bfccf82ceb6e,PS3561.I483Z467,1,elsewhere_review,1961–2000,bokheim:curation:eea452b2-e068-51a0-9f67-aebfdad03ed7
American,unified:11e637ca-b753-50aa-8d1c-bfccf82ceb6e,PS3561.I483Z516,1,elsewhere_review,1961–2000,bokheim:curation:eea452b2-e068-51a0-9f67-aebfdad03ed7
American,unified:11e637ca-b753-50aa-8d1c-bfccf82ceb6e,PS3561.I483Z52,1,elsewhere_review,1961–2000,bokheim:curation:eea452b2-e068-51a0-9f67-aebfdad03ed7
American,unified:11e637ca-b753-50aa-8d1c-bfccf82ceb6e,PS3561.I483Z54,1,elsewhere_review,1961–2000,bokheim:curation:eea452b2-e068-51a0-9f67-aebfdad03ed7
American,unified:11e637ca-b753-50aa-8d1c-bfccf82ceb6e,PS3561.I483Z545,1,elsewhere_review,1961–2000,bokheim:curation:eea452b2-e068-51a0-9f67-aebfdad03ed7
American,unified:11e637ca-b753-50aa-8d1c-bfccf82ceb6e,PS3561.I483Z55,1,elsewhere_review,1961–2000,bokheim:curation:eea452b2-e068-51a0-9f67-aebfdad03ed7
American,unified:11e637ca-b753-50aa-8d1c-bfccf82ceb6e,PS3561.I483Z57,1,elsewhere_review,1961–2000,bokheim:curation:eea452b2-e068-51a0-9f67-aebfdad03ed7
American,unified:11e637ca-b753-50aa-8d1c-bfccf82ceb6e,PS3561.I483Z58,1,elsewhere_review,1961–2000,bokheim:curation:eea452b2-e068-51a0-9f67-aebfdad03ed7
American,unified:11e637ca-b753-50aa-8d1c-bfccf82ceb6e,PS3561.I483Z59,1,elsewhere_review,1961–2000,bokheim:curation:eea452b2-e068-51a0-9f67-aebfdad03ed7
American,unified:11e637ca-b753-50aa-8d1c-bfccf82ceb6e,PS3561.I483Z62245,1,elsewhere_review,1961–2000,bokheim:curation:eea452b2-e068-51a0-9f67-aebfdad03ed7
American,unified:11e637ca-b753-50aa-8d1c-bfccf82ceb6e,PS3561.I483Z626,1,elsewhere_review,1961–2000,bokheim:curation:eea452b2-e068-51a0-9f67-aebfdad03ed7
American,unified:11e637ca-b753-50aa-8d1c-bfccf82ceb6e,PS3561.I483Z6283,1,elsewhere_review,1961–2000,bokheim:curation:eea452b2-e068-51a0-9f67-aebfdad03ed7
American,unified:11e637ca-b753-50aa-8d1c-bfccf82ceb6e,PS3561.I483Z6287,1,elsewhere_review,1961–2000,bokheim:curation:eea452b2-e068-51a0-9f67-aebfdad03ed7
American,unified:11e637ca-b753-50aa-8d1c-bfccf82ceb6e,PS3561.I483Z6289,1,elsewhere_review,1961–2000,bokheim:curation:eea452b2-e068-51a0-9f67-aebfdad03ed7
American,unified:11e637ca-b753-50aa-8d1c-bfccf82ceb6e,PS3561.I483Z648,1,elsewhere_review,1961–2000,bokheim:curation:eea452b2-e068-51a0-9f67-aebfdad03ed7
American,unified:11e637ca-b753-50aa-8d1c-bfccf82ceb6e,PS3561.I483Z65,1,elsewhere_review,1961–2000,bokheim:curation:eea452b2-e068-51a0-9f67-aebfdad03ed7
American,unified:11e637ca-b753-50aa-8d1c-bfccf82ceb6e,PS3561.I483Z676,1,elsewhere_review,1961–2000,bokheim:curation:eea452b2-e068-51a0-9f67-aebfdad03ed7
American,unified:11e637ca-b753-50aa-8d1c-bfccf82ceb6e,PS3561.I483Z735,1,elsewhere_review,1961–2000,bokheim:curation:eea452b2-e068-51a0-9f67-aebfdad03ed7
American,unified:11e637ca-b753-50aa-8d1c-bfccf82ceb6e,PS3561.I483Z74,1,elsewhere_review,1961–2000,bokheim:curation:eea452b2-e068-51a0-9f67-aebfdad03ed7
American,unified:11e637ca-b753-50aa-8d1c-bfccf82ceb6e,PS3561.I483Z745,1,elsewhere_review,1961–2000,bokheim:curation:eea452b2-e068-51a0-9f67-aebfdad03ed7
American,unified:11e637ca-b753-50aa-8d1c-bfccf82ceb6e,PS3561.I483Z753,1,elsewhere_review,1961–2000,bokheim:curation:eea452b2-e068-51a0-9f67-aebfdad03ed7
American,unified:11e637ca-b753-50aa-8d1c-bfccf82ceb6e,PS3561.I483Z758,1,elsewhere_review,1961–2000,bokheim:curation:eea452b2-e068-51a0-9f67-aebfdad03ed7
American,unified:11e637ca-b753-50aa-8d1c-bfccf82ceb6e,PS3561.I483Z76,1,elsewhere_review,1961–2000,bokheim:curation:eea452b2-e068-51a0-9f67-aebfdad03ed7
American,unified:11e637ca-b753-50aa-8d1c-bfccf82ceb6e,PS3561.I483Z77,1,elsewhere_review,1961–2000,bokheim:curation:eea452b2-e068-51a0-9f67-aebfdad03ed7
American,unified:11e637ca-b753-50aa-8d1c-bfccf82ceb6e,PS3561.I483Z775,1,elsewhere_review,1961–2000,bokheim:curation:eea452b2-e068-51a0-9f67-aebfdad03ed7
American,unified:11e637ca-b753-50aa-8d1c-bfccf82ceb6e,PS3561.I483Z78,1,elsewhere_review,1961–2000,bokheim:curation:eea452b2-e068-51a0-9f67-aebfdad03ed7
American,unified:11e637ca-b753-50aa-8d1c-bfccf82ceb6e,PS3561.I483Z783,1,elsewhere_review,1961–2000,bokheim:curation:eea452b2-e068-51a0-9f67-aebfdad03ed7
American,unified:11e637ca-b753-50aa-8d1c-bfccf82ceb6e,PS3561.I483Z7837,1,elsewhere_review,1961–2000,bokheim:curation:eea452b2-e068-51a0-9f67-aebfdad03ed7
American,unified:11e637ca-b753-50aa-8d1c-bfccf82ceb6e,PS3561.I483Z7845,1,elsewhere_review,1961–2000,bokheim:curation:eea452b2-e068-51a0-9f67-aebfdad03ed7
American,unified:11e637ca-b753-50aa-8d1c-bfccf82ceb6e,PS3561.I483Z785,1,elsewhere_review,1961–2000,bokheim:curation:eea452b2-e068-51a0-9f67-aebfdad03ed7
American,unified:11e637ca-b753-50aa-8d1c-bfccf82ceb6e,PS3561.I483Z79,1,elsewhere_review,1961–2000,bokheim:curation:eea452b2-e068-51a0-9f67-aebfdad03ed7
American,unified:11e637ca-b753-50aa-8d1c-bfccf82ceb6e,PS3561.I483Z8,1,elsewhere_review,1961–2000,bokheim:curation:eea452b2-e068-51a0-9f67-aebfdad03ed7
American,unified:11e637ca-b753-50aa-8d1c-bfccf82ceb6e,PS3561.I483Z85,1,elsewhere_review,1961–2000,bokheim:curation:eea452b2-e068-51a0-9f67-aebfdad03ed7
American,unified:11e637ca-b753-50aa-8d1c-bfccf82ceb6e,PS3561.I483Z864,1,elsewhere_review,1961–2000,bokheim:curation:eea452b2-e068-51a0-9f67-aebfdad03ed7
American,unified:11e637ca-b753-50aa-8d1c-bfccf82ceb6e,PS3561.I483Z865,1,elsewhere_review,1961–2000,bokheim:curation:eea452b2-e068-51a0-9f67-aebfdad03ed7
American,unified:11e637ca-b753-50aa-8d1c-bfccf82ceb6e,PS3561.I483Z87,1,elsewhere_review,1961–2000,bokheim:curation:eea452b2-e068-51a0-9f67-aebfdad03ed7
American,unified:11e637ca-b753-50aa-8d1c-bfccf82ceb6e,PS3561.I483Z8723,1,elsewhere_review,1961–2000,bokheim:curation:eea452b2-e068-51a0-9f67-aebfdad03ed7
American,unified:11e637ca-b753-50aa-8d1c-bfccf82ceb6e,PS3561.I483Z874,1,elsewhere_review,1961–2000,bokheim:curation:eea452b2-e068-51a0-9f67-aebfdad03ed7
American,unified:11e637ca-b753-50aa-8d1c-bfccf82ceb6e,PS3561.I483Z878,1,elsewhere_review,1961–2000,bokheim:curation:eea452b2-e068-51a0-9f67-aebfdad03ed7
American,unified:11e637ca-b753-50aa-8d1c-bfccf82ceb6e,PS3561.I483Z8784,1,elsewhere_review,1961–2000,bokheim:curation:eea452b2-e068-51a0-9f67-aebfdad03ed7
American,unified:11e637ca-b753-50aa-8d1c-bfccf82ceb6e,PS3561.I483Z8785,1,elsewhere_review,1961–2000,bokheim:curation:eea452b2-e068-51a0-9f67-aebfdad03ed7
American,unified:11e637ca-b753-50aa-8d1c-bfccf82ceb6e,PS3561.I483Z883,1,elsewhere_review,1961–2000,bokheim:curation:eea452b2-e068-51a0-9f67-aebfdad03ed7
American,unified:11e637ca-b753-50aa-8d1c-bfccf82ceb6e,PS3561.I483Z884,1,elsewhere_review,1961–2000,bokheim:curation:eea452b2-e068-51a0-9f67-aebfdad03ed7
American,unified:11e637ca-b753-50aa-8d1c-bfccf82ceb6e,PS3561.I483Z9,1,elsewhere_review,1961–2000,bokheim:curation:eea452b2-e068-51a0-9f67-aebfdad03ed7
American,unified:11e637ca-b753-50aa-8d1c-bfccf82ceb6e,PS3561.I483Z913,1,elsewhere_review,1961–2000,bokheim:curation:eea452b2-e068-51a0-9f67-aebfdad03ed7
American,unified:11e637ca-b753-50aa-8d1c-bfccf82ceb6e,PS3561.I483Z918,1,elsewhere_review,1961–2000,bokheim:curation:eea452b2-e068-51a0-9f67-aebfdad03ed7
American,unified:11e637ca-b753-50aa-8d1c-bfccf82ceb6e,PS3561.I483Z92,1,elsewhere_review,1961–2000,bokheim:curation:eea452b2-e068-51a0-9f67-aebfdad03ed7
American,unified:11e637ca-b753-50aa-8d1c-bfccf82ceb6e,PS3561.I483Z95,1,elsewhere_review,1961–2000,bokheim:curation:eea452b2-e068-51a0-9f67-aebfdad03ed7
American,unified:11e637ca-b753-50aa-8d1c-bfccf82ceb6e,PS3561.N645T65,1,elsewhere_review,1961–2000,bokheim:curation:eea452b2-e068-51a0-9f67-aebfdad03ed7
American,unified:11e637ca-b753-50aa-8d1c-bfccf82ceb6e,PS3561.N65R6,1,elsewhere_review,1961–2000,bokheim:curation:eea452b2-e068-51a0-9f67-aebfdad03ed7
American,unified:11e637ca-b753-50aa-8d1c-bfccf82ceb6e,PS3561.N65U57,1,elsewhere_review,1961–2000,bokheim:curation:eea452b2-e068-51a0-9f67-aebfdad03ed7
American,unified:11e637ca-b753-50aa-8d1c-bfccf82ceb6e,PS3561.O46A64,1,elsewhere_review,1961–2000,bokheim:curation:eea452b2-e068-51a0-9f67-aebfdad03ed7
American,unified:11e637ca-b753-50aa-8d1c-bfccf82ceb6e,PS3561.O46A73,1,elsewhere_review,1961–2000,bokheim:curation:eea452b2-e068-51a0-9f67-aebfdad03ed7
American,unified:11e637ca-b753-50aa-8d1c-bfccf82ceb6e,PS3561.O46A85,1,elsewhere_review,1961–2000,bokheim:curation:eea452b2-e068-51a0-9f67-aebfdad03ed7
American,unified:11e637ca-b753-50aa-8d1c-bfccf82ceb6e,PS3561.O46I2,1,elsewhere_review,1961–2000,bokheim:curation:eea452b2-e068-51a0-9f67-aebfdad03ed7
American,unified:11e637ca-b753-50aa-8d1c-bfccf82ceb6e,PS3561.O46Z44,1,elsewhere_review,1961–2000,bokheim:curation:eea452b2-e068-51a0-9f67-aebfdad03ed7
American,unified:11e637ca-b753-50aa-8d1c-bfccf82ceb6e,PS3561.O8.C6,1,elsewhere_review,1961–2000,bokheim:curation:eea452b2-e068-51a0-9f67-aebfdad03ed7
American,unified:11e637ca-b753-50aa-8d1c-bfccf82ceb6e,PS3561.O8.H4,1,elsewhere_review,1961–2000,bokheim:curation:eea452b2-e068-51a0-9f67-aebfdad03ed7
American,unified:11e637ca-b753-50aa-8d1c-bfccf82ceb6e,PS3561.O8B45,1,elsewhere_review,1961–2000,bokheim:curation:eea452b2-e068-51a0-9f67-aebfdad03ed7
American,unified:11e637ca-b753-50aa-8d1c-bfccf82ceb6e,PS3561.O8B57,1,elsewhere_review,1961–2000,bokheim:curation:eea452b2-e068-51a0-9f67-aebfdad03ed7
American,unified:11e637ca-b753-50aa-8d1c-bfccf82ceb6e,PS3561.O8C6,1,elsewhere_review,1961–2000,bokheim:curation:eea452b2-e068-51a0-9f67-aebfdad03ed7
American,unified:11e637ca-b753-50aa-8d1c-bfccf82ceb6e,PS3561.O8P3,1,elsewhere_review,1961–2000,bokheim:curation:eea452b2-e068-51a0-9f67-aebfdad03ed7
American,unified:11e637ca-b753-50aa-8d1c-bfccf82ceb6e,PS3561.O8P388,1,elsewhere_review,1961–2000,bokheim:curation:eea452b2-e068-51a0-9f67-aebfdad03ed7
American,unified:11e637ca-b753-50aa-8d1c-bfccf82ceb6e,PS3561.O8P5,1,elsewhere_review,1961–2000,bokheim:curation:eea452b2-e068-51a0-9f67-aebfdad03ed7
American,unified:11e637ca-b753-50aa-8d1c-bfccf82ceb6e,PS3561.O8S7,1,elsewhere_review,1961–2000,bokheim:curation:eea452b2-e068-51a0-9f67-aebfdad03ed7
American,unified:11e637ca-b753-50aa-8d1c-bfccf82ceb6e,PS3561.O8Z65,1,elsewhere_review,1961–2000,bokheim:curation:eea452b2-e068-51a0-9f67-aebfdad03ed7
American,unified:11e637ca-b753-50aa-8d1c-bfccf82ceb6e,PS3561.O8Z755,1,elsewhere_review,1961–2000,bokheim:curation:eea452b2-e068-51a0-9f67-aebfdad03ed7
American,unified:11e637ca-b753-50aa-8d1c-bfccf82ceb6e,PS3561.O8Z77,1,elsewhere_review,1961–2000,bokheim:curation:eea452b2-e068-51a0-9f67-aebfdad03ed7
American,unified:11e637ca-b753-50aa-8d1c-bfccf82ceb6e,PS3561.O8Z875,1,elsewhere_review,1961–2000,bokheim:curation:eea452b2-e068-51a0-9f67-aebfdad03ed7
American,unified:11e637ca-b753-50aa-8d1c-bfccf82ceb6e,PS3561.R44.B73,1,elsewhere_review,1961–2000,bokheim:curation:eea452b2-e068-51a0-9f67-aebfdad03ed7
American,unified:11e637ca-b753-50aa-8d1c-bfccf82ceb6e,PS3561.R44A78,1,elsewhere_review,1961–2000,bokheim:curation:eea452b2-e068-51a0-9f67-aebfdad03ed7
American,unified:11e637ca-b753-50aa-8d1c-bfccf82ceb6e,PS3561.R44A79,1,elsewhere_review,1961–2000,bokheim:curation:eea452b2-e068-51a0-9f67-aebfdad03ed7
American,unified:11e637ca-b753-50aa-8d1c-bfccf82ceb6e,PS3561.R44B87,1,elsewhere_review,1961–2000,bokheim:curation:eea452b2-e068-51a0-9f67-aebfdad03ed7
American,unified:11e637ca-b753-50aa-8d1c-bfccf82ceb6e,PS3561.R44C58,1,elsewhere_review,1961–2000,bokheim:curation:eea452b2-e068-51a0-9f67-aebfdad03ed7
American,unified:11e637ca-b753-50aa-8d1c-bfccf82ceb6e,PS3561.R44C67,1,elsewhere_review,1961–2000,bokheim:curation:eea452b2-e068-51a0-9f67-aebfdad03ed7
American,unified:11e637ca-b753-50aa-8d1c-bfccf82ceb6e,PS3561.R44C84,1,elsewhere_review,1961–2000,bokheim:curation:eea452b2-e068-51a0-9f67-aebfdad03ed7
American,unified:11e637ca-b753-50aa-8d1c-bfccf82ceb6e,PS3561.R44D74,1,elsewhere_review,1961–2000,bokheim:curation:eea452b2-e068-51a0-9f67-aebfdad03ed7
American,unified:11e637ca-b753-50aa-8d1c-bfccf82ceb6e,PS3561.R44E94,1,elsewhere_review,1961–2000,bokheim:curation:eea452b2-e068-51a0-9f67-aebfdad03ed7
American,unified:11e637ca-b753-50aa-8d1c-bfccf82ceb6e,PS3561.R44F53,1,elsewhere_review,1961–2000,bokheim:curation:eea452b2-e068-51a0-9f67-aebfdad03ed7
American,unified:11e637ca-b753-50aa-8d1c-bfccf82ceb6e,PS3561.R44F58,1,elsewhere_review,1961–2000,bokheim:curation:eea452b2-e068-51a0-9f67-aebfdad03ed7
American,unified:11e637ca-b753-50aa-8d1c-bfccf82ceb6e,PS3561.R44G37,1,elsewhere_review,1961–2000,bokheim:curation:eea452b2-e068-51a0-9f67-aebfdad03ed7
American,unified:11e637ca-b753-50aa-8d1c-bfccf82ceb6e,PS3561.R44G44,1,elsewhere_review,1961–2000,bokheim:curation:eea452b2-e068-51a0-9f67-aebfdad03ed7
American,unified:11e637ca-b753-50aa-8d1c-bfccf82ceb6e,PS3561.R44G57,1,elsewhere_review,1961–2000,bokheim:curation:eea452b2-e068-51a0-9f67-aebfdad03ed7
American,unified:11e637ca-b753-50aa-8d1c-bfccf82ceb6e,PS3561.R44I18,1,elsewhere_review,1961–2000,bokheim:curation:eea452b2-e068-51a0-9f67-aebfdad03ed7
American,unified:11e637ca-b753-50aa-8d1c-bfccf82ceb6e,PS3561.R44I6,1,elsewhere_review,1961–2000,bokheim:curation:eea452b2-e068-51a0-9f67-aebfdad03ed7
American,unified:11e637ca-b753-50aa-8d1c-bfccf82ceb6e,PS3561.R44L33,1,elsewhere_review,1961–2000,bokheim:curation:eea452b2-e068-51a0-9f67-aebfdad03ed7
American,unified:11e637ca-b753-50aa-8d1c-bfccf82ceb6e,PS3561.R44L44,1,elsewhere_review,1961–2000,bokheim:curation:eea452b2-e068-51a0-9f67-aebfdad03ed7
American,unified:11e637ca-b753-50aa-8d1c-bfccf82ceb6e,PS3561.R44L56,1,elsewhere_review,1961–2000,bokheim:curation:eea452b2-e068-51a0-9f67-aebfdad03ed7
American,unified:11e637ca-b753-50aa-8d1c-bfccf82ceb6e,PS3561.R44L6,1,elsewhere_review,1961–2000,bokheim:curation:eea452b2-e068-51a0-9f67-aebfdad03ed7
American,unified:11e637ca-b753-50aa-8d1c-bfccf82ceb6e,PS3561.R44M56,1,elsewhere_review,1961–2000,bokheim:curation:eea452b2-e068-51a0-9f67-aebfdad03ed7
American,unified:11e637ca-b753-50aa-8d1c-bfccf82ceb6e,PS3561.R44M57,1,elsewhere_review,1961–2000,bokheim:curation:eea452b2-e068-51a0-9f67-aebfdad03ed7
American,unified:11e637ca-b753-50aa-8d1c-bfccf82ceb6e,PS3561.R44M949,1,elsewhere_review,1961–2000,bokheim:curation:eea452b2-e068-51a0-9f67-aebfdad03ed7
American,unified:11e637ca-b753-50aa-8d1c-bfccf82ceb6e,PS3561.R44N5,1,elsewhere_review,1961–2000,bokheim:curation:eea452b2-e068-51a0-9f67-aebfdad03ed7
American,unified:11e637ca-b753-50aa-8d1c-bfccf82ceb6e,PS3561.R44N6,1,elsewhere_review,1961–2000,bokheim:curation:eea452b2-e068-51a0-9f67-aebfdad03ed7
American,unified:11e637ca-b753-50aa-8d1c-bfccf82ceb6e,PS3561.R44O85,1,elsewhere_review,1961–2000,bokheim:curation:eea452b2-e068-51a0-9f67-aebfdad03ed7
American,unified:11e637ca-b753-50aa-8d1c-bfccf82ceb6e,PS3561.R44P35,1,elsewhere_review,1961–2000,bokheim:curation:eea452b2-e068-51a0-9f67-aebfdad03ed7
American,unified:11e637ca-b753-50aa-8d1c-bfccf82ceb6e,PS3561.R44P4,1,elsewhere_review,1961–2000,bokheim:curation:eea452b2-e068-51a0-9f67-aebfdad03ed7
American,unified:11e637ca-b753-50aa-8d1c-bfccf82ceb6e,PS3561.R44P48,1,elsewhere_review,1961–2000,bokheim:curation:eea452b2-e068-51a0-9f67-aebfdad03ed7
American,unified:11e637ca-b753-50aa-8d1c-bfccf82ceb6e,PS3561.R44P76,1,elsewhere_review,1961–2000,bokheim:curation:eea452b2-e068-51a0-9f67-aebfdad03ed7
American,unified:11e637ca-b753-50aa-8d1c-bfccf82ceb6e,PS3561.R44Q85,1,elsewhere_review,1961–2000,bokheim:curation:eea452b2-e068-51a0-9f67-aebfdad03ed7
American,unified:11e637ca-b753-50aa-8d1c-bfccf82ceb6e,PS3561.R44R58,1,elsewhere_review,1961–2000,bokheim:curation:eea452b2-e068-51a0-9f67-aebfdad03ed7
American,unified:11e637ca-b753-50aa-8d1c-bfccf82ceb6e,PS3561.R44R86,1,elsewhere_review,1961–2000,bokheim:curation:eea452b2-e068-51a0-9f67-aebfdad03ed7
American,unified:11e637ca-b753-50aa-8d1c-bfccf82ceb6e,PS3561.R44S28,1,elsewhere_review,1961–2000,bokheim:curation:eea452b2-e068-51a0-9f67-aebfdad03ed7
American,unified:11e637ca-b753-50aa-8d1c-bfccf82ceb6e,PS3561.R44S4,1,elsewhere_review,1961–2000,bokheim:curation:eea452b2-e068-51a0-9f67-aebfdad03ed7
American,unified:11e637ca-b753-50aa-8d1c-bfccf82ceb6e,PS3561.R44S43,1,elsewhere_review,1961–2000,bokheim:curation:eea452b2-e068-51a0-9f67-aebfdad03ed7
American,unified:11e637ca-b753-50aa-8d1c-bfccf82ceb6e,PS3561.R44S46,1,elsewhere_review,1961–2000,bokheim:curation:eea452b2-e068-51a0-9f67-aebfdad03ed7
American,unified:11e637ca-b753-50aa-8d1c-bfccf82ceb6e,PS3561.R44S48,1,elsewhere_review,1961–2000,bokheim:curation:eea452b2-e068-51a0-9f67-aebfdad03ed7
American,unified:11e637ca-b753-50aa-8d1c-bfccf82ceb6e,PS3561.R44S5,1,elsewhere_review,1961–2000,bokheim:curation:eea452b2-e068-51a0-9f67-aebfdad03ed7
American,unified:11e637ca-b753-50aa-8d1c-bfccf82ceb6e,PS3561.R44S535,1,elsewhere_review,1961–2000,bokheim:curation:eea452b2-e068-51a0-9f67-aebfdad03ed7
American,unified:11e637ca-b753-50aa-8d1c-bfccf82ceb6e,PS3561.R44S54,1,elsewhere_review,1961–2000,bokheim:curation:eea452b2-e068-51a0-9f67-aebfdad03ed7
American,unified:11e637ca-b753-50aa-8d1c-bfccf82ceb6e,PS3561.R44S57,1,elsewhere_review,1961–2000,bokheim:curation:eea452b2-e068-51a0-9f67-aebfdad03ed7
American,unified:11e637ca-b753-50aa-8d1c-bfccf82ceb6e,PS3561.R44T49,1,elsewhere_review,1961–2000,bokheim:curation:eea452b2-e068-51a0-9f67-aebfdad03ed7
American,unified:11e637ca-b753-50aa-8d1c-bfccf82ceb6e,PS3561.R44T55,1,elsewhere_review,1961–2000,bokheim:curation:eea452b2-e068-51a0-9f67-aebfdad03ed7
American,unified:11e637ca-b753-50aa-8d1c-bfccf82ceb6e,PS3561.R44T64,1,elsewhere_review,1961–2000,bokheim:curation:eea452b2-e068-51a0-9f67-aebfdad03ed7
American,unified:11e637ca-b753-50aa-8d1c-bfccf82ceb6e,PS3561.R44T78,1,elsewhere_review,1961–2000,bokheim:curation:eea452b2-e068-51a0-9f67-aebfdad03ed7
American,unified:11e637ca-b753-50aa-8d1c-bfccf82ceb6e,PS3561.R44T784,1,elsewhere_review,1961–2000,bokheim:curation:eea452b2-e068-51a0-9f67-aebfdad03ed7
American,unified:11e637ca-b753-50aa-8d1c-bfccf82ceb6e,PS3561.R44U58,1,elsewhere_review,1961–2000,bokheim:curation:eea452b2-e068-51a0-9f67-aebfdad03ed7
American,unified:11e637ca-b753-50aa-8d1c-bfccf82ceb6e,PS3561.R44W36,1,elsewhere_review,1961–2000,bokheim:curation:eea452b2-e068-51a0-9f67-aebfdad03ed7
American,unified:11e637ca-b753-50aa-8d1c-bfccf82ceb6e,PS3561.R44W48,1,elsewhere_review,1961–2000,bokheim:curation:eea452b2-e068-51a0-9f67-aebfdad03ed7
American,unified:11e637ca-b753-50aa-8d1c-bfccf82ceb6e,PS3561.R44W52,1,elsewhere_review,1961–2000,bokheim:curation:eea452b2-e068-51a0-9f67-aebfdad03ed7
American,unified:11e637ca-b753-50aa-8d1c-bfccf82ceb6e,PS3561.R44W53,1,elsewhere_review,1961–2000,bokheim:curation:eea452b2-e068-51a0-9f67-aebfdad03ed7
American,unified:11e637ca-b753-50aa-8d1c-bfccf82ceb6e,PS3561.R44W58,1,elsewhere_review,1961–2000,bokheim:curation:eea452b2-e068-51a0-9f67-aebfdad03ed7
American,unified:11e637ca-b753-50aa-8d1c-bfccf82ceb6e,PS3561.U23F527,1,elsewhere_review,1961–2000,bokheim:curation:eea452b2-e068-51a0-9f67-aebfdad03ed7
American,unified:11e637ca-b753-50aa-8d1c-bfccf82ceb6e,PS3561O8B54,1,elsewhere_review,1961–2000,bokheim:curation:eea452b2-e068-51a0-9f67-aebfdad03ed7
American,unified:11e637ca-b753-50aa-8d1c-bfccf82ceb6e,PS3562.A755A64,1,elsewhere_review,1961–2000,bokheim:curation:eea452b2-e068-51a0-9f67-aebfdad03ed7
American,unified:11e637ca-b753-50aa-8d1c-bfccf82ceb6e,PS3562.A755B74,1,elsewhere_review,1961–2000,bokheim:curation:eea452b2-e068-51a0-9f67-aebfdad03ed7
American,unified:11e637ca-b753-50aa-8d1c-bfccf82ceb6e,PS3562.A755S53,1,elsewhere_review,1961–2000,bokheim:curation:eea452b2-e068-51a0-9f67-aebfdad03ed7
American,unified:11e637ca-b753-50aa-8d1c-bfccf82ceb6e,PS3562.A755S66,1,elsewhere_review,1961–2000,bokheim:curation:eea452b2-e068-51a0-9f67-aebfdad03ed7
American,unified:11e637ca-b753-50aa-8d1c-bfccf82ceb6e,PS3562.A755U5,1,elsewhere_review,1961–2000,bokheim:curation:eea452b2-e068-51a0-9f67-aebfdad03ed7
American,unified:11e637ca-b753-50aa-8d1c-bfccf82ceb6e,PS3562.A8479B44,1,elsewhere_review,1961–2000,bokheim:curation:eea452b2-e068-51a0-9f67-aebfdad03ed7
American,unified:11e637ca-b753-50aa-8d1c-bfccf82ceb6e,PS3562.A8479D69,1,elsewhere_review,1961–2000,bokheim:curation:eea452b2-e068-51a0-9f67-aebfdad03ed7
American,unified:11e637ca-b753-50aa-8d1c-bfccf82ceb6e,PS3562.A8479D74,1,elsewhere_review,1961–2000,bokheim:curation:eea452b2-e068-51a0-9f67-aebfdad03ed7
American,unified:11e637ca-b753-50aa-8d1c-bfccf82ceb6e,PS3562.A8479F57,1,elsewhere_review,1961–2000,bokheim:curation:eea452b2-e068-51a0-9f67-aebfdad03ed7
American,unified:11e637ca-b753-50aa-8d1c-bfccf82ceb6e,PS3562.A8479F67,1,elsewhere_review,1961–2000,bokheim:curation:eea452b2-e068-51a0-9f67-aebfdad03ed7
American,unified:11e637ca-b753-50aa-8d1c-bfccf82ceb6e,PS3562.A8479G58,1,elsewhere_review,1961–2000,bokheim:curation:eea452b2-e068-51a0-9f67-aebfdad03ed7
American,unified:11e637ca-b753-50aa-8d1c-bfccf82ceb6e,PS3562.A8479H66,1,elsewhere_review,1961–2000,bokheim:curation:eea452b2-e068-51a0-9f67-aebfdad03ed7
American,unified:11e637ca-b753-50aa-8d1c-bfccf82ceb6e,PS3562.A8479L37,1,elsewhere_review,1961–2000,bokheim:curation:eea452b2-e068-51a0-9f67-aebfdad03ed7
American,unified:11e637ca-b753-50aa-8d1c-bfccf82ceb6e,PS3562.A8479L373,1,elsewhere_review,1961–2000,bokheim:curation:eea452b2-e068-51a0-9f67-aebfdad03ed7
American,unified:11e637ca-b753-50aa-8d1c-bfccf82ceb6e,PS3562.A8479L376,1,elsewhere_review,1961–2000,bokheim:curation:eea452b2-e068-51a0-9f67-aebfdad03ed7
American,unified:11e637ca-b753-50aa-8d1c-bfccf82ceb6e,PS3562.A8479L378,1,elsewhere_review,1961–2000,bokheim:curation:eea452b2-e068-51a0-9f67-aebfdad03ed7
American,unified:11e637ca-b753-50aa-8d1c-bfccf82ceb6e,PS3562.A8479L38,1,elsewhere_review,1961–2000,bokheim:curation:eea452b2-e068-51a0-9f67-aebfdad03ed7
American,unified:11e637ca-b753-50aa-8d1c-bfccf82ceb6e,PS3562.A8479M33,1,elsewhere_review,1961–2000,bokheim:curation:eea452b2-e068-51a0-9f67-aebfdad03ed7
American,unified:11e637ca-b753-50aa-8d1c-bfccf82ceb6e,PS3562.A8479O54,1,elsewhere_review,1961–2000,bokheim:curation:eea452b2-e068-51a0-9f67-aebfdad03ed7
American,unified:11e637ca-b753-50aa-8d1c-bfccf82ceb6e,PS3562.A8479S93,1,elsewhere_review,1961–2000,bokheim:curation:eea452b2-e068-51a0-9f67-aebfdad03ed7
American,unified:11e637ca-b753-50aa-8d1c-bfccf82ceb6e,PS3562.A8479T45,1,elsewhere_review,1961–2000,bokheim:curation:eea452b2-e068-51a0-9f67-aebfdad03ed7
American,unified:11e637ca-b753-50aa-8d1c-bfccf82ceb6e,PS3562.A8479U58,1,elsewhere_review,1961–2000,bokheim:curation:eea452b2-e068-51a0-9f67-aebfdad03ed7
American,unified:11e637ca-b753-50aa-8d1c-bfccf82ceb6e,PS3562.A865A93,1,elsewhere_review,1961–2000,bokheim:curation:eea452b2-e068-51a0-9f67-aebfdad03ed7
American,unified:11e637ca-b753-50aa-8d1c-bfccf82ceb6e,PS3562.A865A94,1,elsewhere_review,1961–2000,bokheim:curation:eea452b2-e068-51a0-9f67-aebfdad03ed7
American,unified:11e637ca-b753-50aa-8d1c-bfccf82ceb6e,PS3562.A865B59,1,elsewhere_review,1961–2000,bokheim:curation:eea452b2-e068-51a0-9f67-aebfdad03ed7
American,unified:11e637ca-b753-50aa-8d1c-bfccf82ceb6e,PS3562.A865B66,1,elsewhere_review,1961–2000,bokheim:curation:eea452b2-e068-51a0-9f67-aebfdad03ed7
American,unified:11e637ca-b753-50aa-8d1c-bfccf82ceb6e,PS3562.A865E4,1,elsewhere_review,1961–2000,bokheim:curation:eea452b2-e068-51a0-9f67-aebfdad03ed7
American,unified:11e637ca-b753-50aa-8d1c-bfccf82ceb6e,PS3562.A865E5,1,elsewhere_review,1961–2000,bokheim:curation:eea452b2-e068-51a0-9f67-aebfdad03ed7
American,unified:11e637ca-b753-50aa-8d1c-bfccf82ceb6e,PS3562.A865E54,1,elsewhere_review,1961–2000,bokheim:curation:eea452b2-e068-51a0-9f67-aebfdad03ed7
American,unified:11e637ca-b753-50aa-8d1c-bfccf82ceb6e,PS3562.A865F38,1,elsewhere_review,1961–2000,bokheim:curation:eea452b2-e068-51a0-9f67-aebfdad03ed7
American,unified:11e637ca-b753-50aa-8d1c-bfccf82ceb6e,PS3562.A865G73,1,elsewhere_review,1961–2000,bokheim:curation:eea452b2-e068-51a0-9f67-aebfdad03ed7
American,unified:11e637ca-b753-50aa-8d1c-bfccf82ceb6e,PS3562.A865H66,1,elsewhere_review,1961–2000,bokheim:curation:eea452b2-e068-51a0-9f67-aebfdad03ed7
American,unified:11e637ca-b753-50aa-8d1c-bfccf82ceb6e,PS3562.A865I53,1,elsewhere_review,1961–2000,bokheim:curation:eea452b2-e068-51a0-9f67-aebfdad03ed7
American,unified:11e637ca-b753-50aa-8d1c-bfccf82ceb6e,PS3562.A865K56,1,elsewhere_review,1961–2000,bokheim:curation:eea452b2-e068-51a0-9f67-aebfdad03ed7
American,unified:11e637ca-b753-50aa-8d1c-bfccf82ceb6e,PS3562.A865P4,1,elsewhere_review,1961–2000,bokheim:curation:eea452b2-e068-51a0-9f67-aebfdad03ed7
American,unified:11e637ca-b753-50aa-8d1c-bfccf82ceb6e,PS3562.A865S53,1,elsewhere_review,1961–2000,bokheim:curation:eea452b2-e068-51a0-9f67-aebfdad03ed7
American,unified:11e637ca-b753-50aa-8d1c-bfccf82ceb6e,PS3562.A865S57,1,elsewhere_review,1961–2000,bokheim:curation:eea452b2-e068-51a0-9f67-aebfdad03ed7
American,unified:11e637ca-b753-50aa-8d1c-bfccf82ceb6e,PS3562.A865S75,1,elsewhere_review,1961–2000,bokheim:curation:eea452b2-e068-51a0-9f67-aebfdad03ed7
American,unified:11e637ca-b753-50aa-8d1c-bfccf82ceb6e,PS3562.A865T83,1,elsewhere_review,1961–2000,bokheim:curation:eea452b2-e068-51a0-9f67-aebfdad03ed7
American,unified:11e637ca-b753-50aa-8d1c-bfccf82ceb6e,PS3562.A865W37,1,elsewhere_review,1961–2000,bokheim:curation:eea452b2-e068-51a0-9f67-aebfdad03ed7
American,unified:11e637ca-b753-50aa-8d1c-bfccf82ceb6e,PS3562.A916S23,1,elsewhere_review,1961–2000,bokheim:curation:eea452b2-e068-51a0-9f67-aebfdad03ed7
American,unified:11e637ca-b753-50aa-8d1c-bfccf82ceb6e,PS3562.A98,1,elsewhere_review,1961–2000,bokheim:curation:eea452b2-e068-51a0-9f67-aebfdad03ed7
American,unified:11e637ca-b753-50aa-8d1c-bfccf82ceb6e,PS3562.A995,1,elsewhere_review,1961–2000,bokheim:curation:eea452b2-e068-51a0-9f67-aebfdad03ed7
American,unified:11e637ca-b753-50aa-8d1c-bfccf82ceb6e,PS3562.E9468D68,1,elsewhere_review,1961–2000,bokheim:curation:eea452b2-e068-51a0-9f67-aebfdad03ed7
American,unified:11e637ca-b753-50aa-8d1c-bfccf82ceb6e,PS3562.E9468F34,1,elsewhere_review,1961–2000,bokheim:curation:eea452b2-e068-51a0-9f67-aebfdad03ed7
American,unified:11e637ca-b753-50aa-8d1c-bfccf82ceb6e,PS3562.E9468M36,1,elsewhere_review,1961–2000,bokheim:curation:eea452b2-e068-51a0-9f67-aebfdad03ed7
American,unified:11e637ca-b753-50aa-8d1c-bfccf82ceb6e,PS3562.E9468S29,1,elsewhere_review,1961–2000,bokheim:curation:eea452b2-e068-51a0-9f67-aebfdad03ed7
American,unified:11e637ca-b753-50aa-8d1c-bfccf82ceb6e,PS3562.I515C37,1,elsewhere_review,1961–2000,bokheim:curation:eea452b2-e068-51a0-9f67-aebfdad03ed7
American,unified:11e637ca-b753-50aa-8d1c-bfccf82ceb6e,PS3562.I515D4,1,elsewhere_review,1961–2000,bokheim:curation:eea452b2-e068-51a0-9f67-aebfdad03ed7
American,unified:11e637ca-b753-50aa-8d1c-bfccf82ceb6e,PS3562.I515D5,1,elsewhere_review,1961–2000,bokheim:curation:eea452b2-e068-51a0-9f67-aebfdad03ed7
American,unified:11e637ca-b753-50aa-8d1c-bfccf82ceb6e,PS3562.I515E9,1,elsewhere_review,1961–2000,bokheim:curation:eea452b2-e068-51a0-9f67-aebfdad03ed7
American,unified:11e637ca-b753-50aa-8d1c-bfccf82ceb6e,PS3562.I515M36,1,elsewhere_review,1961–2000,bokheim:curation:eea452b2-e068-51a0-9f67-aebfdad03ed7
American,unified:11e637ca-b753-50aa-8d1c-bfccf82ceb6e,PS3562.I515M6,1,elsewhere_review,1961–2000,bokheim:curation:eea452b2-e068-51a0-9f67-aebfdad03ed7
American,unified:11e637ca-b753-50aa-8d1c-bfccf82ceb6e,PS3562.I515M78,1,elsewhere_review,1961–2000,bokheim:curation:eea452b2-e068-51a0-9f67-aebfdad03ed7
American,unified:11e637ca-b753-50aa-8d1c-bfccf82ceb6e,PS3562.I515M8,1,elsewhere_review,1961–2000,bokheim:curation:eea452b2-e068-51a0-9f67-aebfdad03ed7
American,unified:11e637ca-b753-50aa-8d1c-bfccf82ceb6e,PS3562.I515S32,1,elsewhere_review,1961–2000,bokheim:curation:eea452b2-e068-51a0-9f67-aebfdad03ed7
American,unified:11e637ca-b753-50aa-8d1c-bfccf82ceb6e,PS3562.I515S65,1,elsewhere_review,1961–2000,bokheim:curation:eea452b2-e068-51a0-9f67-aebfdad03ed7
American,unified:11e637ca-b753-50aa-8d1c-bfccf82ceb6e,PS3562.O7275,1,elsewhere_review,1961–2000,bokheim:curation:eea452b2-e068-51a0-9f67-aebfdad03ed7
American,unified:11e637ca-b753-50aa-8d1c-bfccf82ceb6e,PS3562.O75.B55,1,elsewhere_review,1961–2000,bokheim:curation:eea452b2-e068-51a0-9f67-aebfdad03ed7
American,unified:11e637ca-b753-50aa-8d1c-bfccf82ceb6e,PS3562.O75.C6,1,elsewhere_review,1961–2000,bokheim:curation:eea452b2-e068-51a0-9f67-aebfdad03ed7
American,unified:11e637ca-b753-50aa-8d1c-bfccf82ceb6e,PS3562.O759,1,elsewhere_review,1961–2000,bokheim:curation:eea452b2-e068-51a0-9f67-aebfdad03ed7
American,unified:11e637ca-b753-50aa-8d1c-bfccf82ceb6e,PS3562.O75M37,1,elsewhere_review,1961–2000,bokheim:curation:eea452b2-e068-51a0-9f67-aebfdad03ed7
American,unified:11e637ca-b753-50aa-8d1c-bfccf82ceb6e,PS3562.O75U5,1,elsewhere_review,1961–2000,bokheim:curation:eea452b2-e068-51a0-9f67-aebfdad03ed7
American,unified:11e637ca-b753-50aa-8d1c-bfccf82ceb6e,PS3562.O75Z23,1,elsewhere_review,1961–2000,bokheim:curation:eea452b2-e068-51a0-9f67-aebfdad03ed7
American,unified:11e637ca-b753-50aa-8d1c-bfccf82ceb6e,PS3562.O75Z56,1,elsewhere_review,1961–2000,bokheim:curation:eea452b2-e068-51a0-9f67-aebfdad03ed7
American,unified:11e637ca-b753-50aa-8d1c-bfccf82ceb6e,PS3562.O75Z57,1,elsewhere_review,1961–2000,bokheim:curation:eea452b2-e068-51a0-9f67-aebfdad03ed7
American,unified:11e637ca-b753-50aa-8d1c-bfccf82ceb6e,PS3562.O75Z64,1,elsewhere_review,1961–2000,bokheim:curation:eea452b2-e068-51a0-9f67-aebfdad03ed7
American,unified:11e637ca-b753-50aa-8d1c-bfccf82ceb6e,PS3562.O75Z66,1,elsewhere_review,1961–2000,bokheim:curation:eea452b2-e068-51a0-9f67-aebfdad03ed7
American,unified:11e637ca-b753-50aa-8d1c-bfccf82ceb6e,PS3562.U255,1,elsewhere_review,1961–2000,bokheim:curation:eea452b2-e068-51a0-9f67-aebfdad03ed7
American,unified:11e637ca-b753-50aa-8d1c-bfccf82ceb6e,PS3562.U26A7,1,elsewhere_review,1961–2000,bokheim:curation:eea452b2-e068-51a0-9f67-aebfdad03ed7
American,unified:11e637ca-b753-50aa-8d1c-bfccf82ceb6e,PS3562.U26A75,1,elsewhere_review,1961–2000,bokheim:curation:eea452b2-e068-51a0-9f67-aebfdad03ed7
American,unified:11e637ca-b753-50aa-8d1c-bfccf82ceb6e,PS3562.U26B36,1,elsewhere_review,1961–2000,bokheim:curation:eea452b2-e068-51a0-9f67-aebfdad03ed7
American,unified:11e637ca-b753-50aa-8d1c-bfccf82ceb6e,PS3562.U26C3,1,elsewhere_review,1961–2000,bokheim:curation:eea452b2-e068-51a0-9f67-aebfdad03ed7
American,unified:11e637ca-b753-50aa-8d1c-bfccf82ceb6e,PS3562.U26G4,1,elsewhere_review,1961–2000,bokheim:curation:eea452b2-e068-51a0-9f67-aebfdad03ed7
American,unified:11e637ca-b753-50aa-8d1c-bfccf82ceb6e,PS3562.U26H6,1,elsewhere_review,1961–2000,bokheim:curation:eea452b2-e068-51a0-9f67-aebfdad03ed7
American,unified:11e637ca-b753-50aa-8d1c-bfccf82ceb6e,PS3562.U26J36,1,elsewhere_review,1961–2000,bokheim:curation:eea452b2-e068-51a0-9f67-aebfdad03ed7
American,unified:11e637ca-b753-50aa-8d1c-bfccf82ceb6e,PS3562.U26L39,1,elsewhere_review,1961–2000,bokheim:curation:eea452b2-e068-51a0-9f67-aebfdad03ed7
American,unified:11e637ca-b753-50aa-8d1c-bfccf82ceb6e,PS3562.U26P36,1,elsewhere_review,1961–2000,bokheim:curation:eea452b2-e068-51a0-9f67-aebfdad03ed7
American,unified:11e637ca-b753-50aa-8d1c-bfccf82ceb6e,PS3562.U26R6,1,elsewhere_review,1961–2000,bokheim:curation:eea452b2-e068-51a0-9f67-aebfdad03ed7
American,unified:11e637ca-b753-50aa-8d1c-bfccf82ceb6e,PS3562.U26R641,1,elsewhere_review,1961–2000,bokheim:curation:eea452b2-e068-51a0-9f67-aebfdad03ed7
American,unified:11e637ca-b753-50aa-8d1c-bfccf82ceb6e,PS3562.U26R65,1,elsewhere_review,1961–2000,bokheim:curation:eea452b2-e068-51a0-9f67-aebfdad03ed7
American,unified:11e637ca-b753-50aa-8d1c-bfccf82ceb6e,PS3562.U26S35,1,elsewhere_review,1961–2000,bokheim:curation:eea452b2-e068-51a0-9f67-aebfdad03ed7
American,unified:11e637ca-b753-50aa-8d1c-bfccf82ceb6e,PS3562.U26S54,1,elsewhere_review,1961–2000,bokheim:curation:eea452b2-e068-51a0-9f67-aebfdad03ed7
American,unified:11e637ca-b753-50aa-8d1c-bfccf82ceb6e,PS3562.U26Z78,1,elsewhere_review,1961–2000,bokheim:curation:eea452b2-e068-51a0-9f67-aebfdad03ed7
American,unified:11e637ca-b753-50aa-8d1c-bfccf82ceb6e,PS3562.U457A65,1,elsewhere_review,1961–2000,bokheim:curation:eea452b2-e068-51a0-9f67-aebfdad03ed7
American,unified:11e637ca-b753-50aa-8d1c-bfccf82ceb6e,PS3562.Y44A6,1,elsewhere_review,1961–2000,bokheim:curation:eea452b2-e068-51a0-9f67-aebfdad03ed7
American,unified:11e637ca-b753-50aa-8d1c-bfccf82ceb6e,PS3562.Y44A65,1,elsewhere_review,1961–2000,bokheim:curation:eea452b2-e068-51a0-9f67-aebfdad03ed7
American,unified:11e637ca-b753-50aa-8d1c-bfccf82ceb6e,PS3562.Y44A83,1,elsewhere_review,1961–2000,bokheim:curation:eea452b2-e068-51a0-9f67-aebfdad03ed7
American,unified:11e637ca-b753-50aa-8d1c-bfccf82ceb6e,PS3562.Y44C36,1,elsewhere_review,1961–2000,bokheim:curation:eea452b2-e068-51a0-9f67-aebfdad03ed7
American,unified:11e637ca-b753-50aa-8d1c-bfccf82ceb6e,PS3562.Y44C37,1,elsewhere_review,1961–2000,bokheim:curation:eea452b2-e068-51a0-9f67-aebfdad03ed7
American,unified:11e637ca-b753-50aa-8d1c-bfccf82ceb6e,PS3562.Y44C47,1,elsewhere_review,1961–2000,bokheim:curation:eea452b2-e068-51a0-9f67-aebfdad03ed7
American,unified:11e637ca-b753-50aa-8d1c-bfccf82ceb6e,PS3562.Y44C57,1,elsewhere_review,1961–2000,bokheim:curation:eea452b2-e068-51a0-9f67-aebfdad03ed7
American,unified:11e637ca-b753-50aa-8d1c-bfccf82ceb6e,PS3562.Y44C75,1,elsewhere_review,1961–2000,bokheim:curation:eea452b2-e068-51a0-9f67-aebfdad03ed7
American,unified:11e637ca-b753-50aa-8d1c-bfccf82ceb6e,PS3562.Y44F7,1,elsewhere_review,1961–2000,bokheim:curation:eea452b2-e068-51a0-9f67-aebfdad03ed7
American,unified:11e637ca-b753-50aa-8d1c-bfccf82ceb6e,PS3562.Y44H47,1,elsewhere_review,1961–2000,bokheim:curation:eea452b2-e068-51a0-9f67-aebfdad03ed7
American,unified:11e637ca-b753-50aa-8d1c-bfccf82ceb6e,PS3562.Y44I7,1,elsewhere_review,1961–2000,bokheim:curation:eea452b2-e068-51a0-9f67-aebfdad03ed7
American,unified:11e637ca-b753-50aa-8d1c-bfccf82ceb6e,PS3562.Y44M56,1,elsewhere_review,1961–2000,bokheim:curation:eea452b2-e068-51a0-9f67-aebfdad03ed7
American,unified:11e637ca-b753-50aa-8d1c-bfccf82ceb6e,PS3562.Y44M57,1,elsewhere_review,1961–2000,bokheim:curation:eea452b2-e068-51a0-9f67-aebfdad03ed7
American,unified:11e637ca-b753-50aa-8d1c-bfccf82ceb6e,PS3562.Y44R4,1,elsewhere_review,1961–2000,bokheim:curation:eea452b2-e068-51a0-9f67-aebfdad03ed7
American,unified:11e637ca-b753-50aa-8d1c-bfccf82ceb6e,PS3562.Y44S5,1,elsewhere_review,1961–2000,bokheim:curation:eea452b2-e068-51a0-9f67-aebfdad03ed7
American,unified:11e637ca-b753-50aa-8d1c-bfccf82ceb6e,PS3562.Y44S65,1,elsewhere_review,1961–2000,bokheim:curation:eea452b2-e068-51a0-9f67-aebfdad03ed7
American,unified:11e637ca-b753-50aa-8d1c-bfccf82ceb6e,PS3562.Y44T35,1,elsewhere_review,1961–2000,bokheim:curation:eea452b2-e068-51a0-9f67-aebfdad03ed7
American,unified:11e637ca-b753-50aa-8d1c-bfccf82ceb6e,PS3562U26,1,elsewhere_review,1961–2000,bokheim:curation:eea452b2-e068-51a0-9f67-aebfdad03ed7
American,unified:11e637ca-b753-50aa-8d1c-bfccf82ceb6e,PS3562U26A74,1,elsewhere_review,1961–2000,bokheim:curation:eea452b2-e068-51a0-9f67-aebfdad03ed7
American,unified:11e637ca-b753-50aa-8d1c-bfccf82ceb6e,PS3562U26O64,1,elsewhere_review,1961–2000,bokheim:curation:eea452b2-e068-51a0-9f67-aebfdad03ed7
American,unified:11e637ca-b753-50aa-8d1c-bfccf82ceb6e,PS3562U26S24,1,elsewhere_review,1961–2000,bokheim:curation:eea452b2-e068-51a0-9f67-aebfdad03ed7
American,unified:11e637ca-b753-50aa-8d1c-bfccf82ceb6e,PS3563.A2555J33,1,elsewhere_review,1961–2000,bokheim:curation:eea452b2-e068-51a0-9f67-aebfdad03ed7
American,unified:11e637ca-b753-50aa-8d1c-bfccf82ceb6e,PS3563.A2555N55,1,elsewhere_review,1961–2000,bokheim:curation:eea452b2-e068-51a0-9f67-aebfdad03ed7
American,unified:11e637ca-b753-50aa-8d1c-bfccf82ceb6e,PS3563.A2555R88,1,elsewhere_review,1961–2000,bokheim:curation:eea452b2-e068-51a0-9f67-aebfdad03ed7
American,unified:11e637ca-b753-50aa-8d1c-bfccf82ceb6e,PS3563.A2555Z463,1,elsewhere_review,1961–2000,bokheim:curation:eea452b2-e068-51a0-9f67-aebfdad03ed7
American,unified:11e637ca-b753-50aa-8d1c-bfccf82ceb6e,PS3563.A28.S6,1,elsewhere_review,1961–2000,bokheim:curation:eea452b2-e068-51a0-9f67-aebfdad03ed7
American,unified:11e637ca-b753-50aa-8d1c-bfccf82ceb6e,PS3563.A28A79,1,elsewhere_review,1961–2000,bokheim:curation:eea452b2-e068-51a0-9f67-aebfdad03ed7
American,unified:11e637ca-b753-50aa-8d1c-bfccf82ceb6e,PS3563.A28B67,1,elsewhere_review,1961–2000,bokheim:curation:eea452b2-e068-51a0-9f67-aebfdad03ed7
American,unified:11e637ca-b753-50aa-8d1c-bfccf82ceb6e,PS3563.A28C66,1,elsewhere_review,1961–2000,bokheim:curation:eea452b2-e068-51a0-9f67-aebfdad03ed7
American,unified:11e637ca-b753-50aa-8d1c-bfccf82ceb6e,PS3563.A28D4,1,elsewhere_review,1961–2000,bokheim:curation:eea452b2-e068-51a0-9f67-aebfdad03ed7
American,unified:11e637ca-b753-50aa-8d1c-bfccf82ceb6e,PS3563.A28E97,1,elsewhere_review,1961–2000,bokheim:curation:eea452b2-e068-51a0-9f67-aebfdad03ed7
American,unified:11e637ca-b753-50aa-8d1c-bfccf82ceb6e,PS3563.A28F57,1,elsewhere_review,1961–2000,bokheim:curation:eea452b2-e068-51a0-9f67-aebfdad03ed7
American,unified:11e637ca-b753-50aa-8d1c-bfccf82ceb6e,PS3563.A28G54,1,elsewhere_review,1961–2000,bokheim:curation:eea452b2-e068-51a0-9f67-aebfdad03ed7
American,unified:11e637ca-b753-50aa-8d1c-bfccf82ceb6e,PS3563.A28G6,1,elsewhere_review,1961–2000,bokheim:curation:eea452b2-e068-51a0-9f67-aebfdad03ed7
American,unified:11e637ca-b753-50aa-8d1c-bfccf82ceb6e,PS3563.A28K49,1,elsewhere_review,1961–2000,bokheim:curation:eea452b2-e068-51a0-9f67-aebfdad03ed7
American,unified:11e637ca-b753-50aa-8d1c-bfccf82ceb6e,PS3563.A28N46,1,elsewhere_review,1961–2000,bokheim:curation:eea452b2-e068-51a0-9f67-aebfdad03ed7
American,unified:11e637ca-b753-50aa-8d1c-bfccf82ceb6e,PS3563.A28Q5,1,elsewhere_review,1961–2000,bokheim:curation:eea452b2-e068-51a0-9f67-aebfdad03ed7
American,unified:11e637ca-b753-50aa-8d1c-bfccf82ceb6e,PS3563.A28Z6,1,elsewhere_review,1961–2000,bokheim:curation:eea452b2-e068-51a0-9f67-aebfdad03ed7
American,unified:11e637ca-b753-50aa-8d1c-bfccf82ceb6e,PS3563.A28Z66,1,elsewhere_review,1961–2000,bokheim:curation:eea452b2-e068-51a0-9f67-aebfdad03ed7
American,unified:11e637ca-b753-50aa-8d1c-bfccf82ceb6e,PS3563.A28Z73,1,elsewhere_review,1961–2000,bokheim:curation:eea452b2-e068-51a0-9f67-aebfdad03ed7
American,unified:11e637ca-b753-50aa-8d1c-bfccf82ceb6e,PS3563.A296D38,1,elsewhere_review,1961–2000,bokheim:curation:eea452b2-e068-51a0-9f67-aebfdad03ed7
American,unified:11e637ca-b753-50aa-8d1c-bfccf82ceb6e,PS3563.A296D43,1,elsewhere_review,1961–2000,bokheim:curation:eea452b2-e068-51a0-9f67-aebfdad03ed7
American,unified:11e637ca-b753-50aa-8d1c-bfccf82ceb6e,PS3563.A296D433,1,elsewhere_review,1961–2000,bokheim:curation:eea452b2-e068-51a0-9f67-aebfdad03ed7
American,unified:11e637ca-b753-50aa-8d1c-bfccf82ceb6e,PS3563.A296D434,1,elsewhere_review,1961–2000,bokheim:curation:eea452b2-e068-51a0-9f67-aebfdad03ed7
American,unified:11e637ca-b753-50aa-8d1c-bfccf82ceb6e,PS3563.A296D435,1,elsewhere_review,1961–2000,bokheim:curation:eea452b2-e068-51a0-9f67-aebfdad03ed7
American,unified:11e637ca-b753-50aa-8d1c-bfccf82ceb6e,PS3563.A296D4355,1,elsewhere_review,1961–2000,bokheim:curation:eea452b2-e068-51a0-9f67-aebfdad03ed7
American,unified:11e637ca-b753-50aa-8d1c-bfccf82ceb6e,PS3563.A296D436,1,elsewhere_review,1961–2000,bokheim:curation:eea452b2-e068-51a0-9f67-aebfdad03ed7
American,unified:11e637ca-b753-50aa-8d1c-bfccf82ceb6e,PS3563.A296D44,1,elsewhere_review,1961–2000,bokheim:curation:eea452b2-e068-51a0-9f67-aebfdad03ed7
American,unified:11e637ca-b753-50aa-8d1c-bfccf82ceb6e,PS3563.A296D46,1,elsewhere_review,1961–2000,bokheim:curation:eea452b2-e068-51a0-9f67-aebfdad03ed7
American,unified:11e637ca-b753-50aa-8d1c-bfccf82ceb6e,PS3563.A296M27,1,elsewhere_review,1961–2000,bokheim:curation:eea452b2-e068-51a0-9f67-aebfdad03ed7
American,unified:11e637ca-b753-50aa-8d1c-bfccf82ceb6e,PS3563.A296M28,1,elsewhere_review,1961–2000,bokheim:curation:eea452b2-e068-51a0-9f67-aebfdad03ed7
American,unified:11e637ca-b753-50aa-8d1c-bfccf82ceb6e,PS3563.A296M33,1,elsewhere_review,1961–2000,bokheim:curation:eea452b2-e068-51a0-9f67-aebfdad03ed7
American,unified:11e637ca-b753-50aa-8d1c-bfccf82ceb6e,PS3563.A296W48,1,elsewhere_review,1961–2000,bokheim:curation:eea452b2-e068-51a0-9f67-aebfdad03ed7
American,unified:11e637ca-b753-50aa-8d1c-bfccf82ceb6e,PS3563.A31166A64,1,elsewhere_review,1961–2000,bokheim:curation:eea452b2-e068-51a0-9f67-aebfdad03ed7
American,unified:11e637ca-b753-50aa-8d1c-bfccf82ceb6e,PS3563.A31166A95,1,elsewhere_review,1961–2000,bokheim:curation:eea452b2-e068-51a0-9f67-aebfdad03ed7
American,unified:11e637ca-b753-50aa-8d1c-bfccf82ceb6e,PS3563.A31166B55,1,elsewhere_review,1961–2000,bokheim:curation:eea452b2-e068-51a0-9f67-aebfdad03ed7
American,unified:11e637ca-b753-50aa-8d1c-bfccf82ceb6e,PS3563.A31166B6,1,elsewhere_review,1961–2000,bokheim:curation:eea452b2-e068-51a0-9f67-aebfdad03ed7
American,unified:11e637ca-b753-50aa-8d1c-bfccf82ceb6e,PS3563.A31166B66,1,elsewhere_review,1961–2000,bokheim:curation:eea452b2-e068-51a0-9f67-aebfdad03ed7
American,unified:11e637ca-b753-50aa-8d1c-bfccf82ceb6e,PS3563.A31166C45,1,elsewhere_review,1961–2000,bokheim:curation:eea452b2-e068-51a0-9f67-aebfdad03ed7
American,unified:11e637ca-b753-50aa-8d1c-bfccf82ceb6e,PS3563.A31166D4,1,elsewhere_review,1961–2000,bokheim:curation:eea452b2-e068-51a0-9f67-aebfdad03ed7
American,unified:11e637ca-b753-50aa-8d1c-bfccf82ceb6e,PS3563.A31166E4,1,elsewhere_review,1961–2000,bokheim:curation:eea452b2-e068-51a0-9f67-aebfdad03ed7
American,unified:11e637ca-b753-50aa-8d1c-bfccf82ceb6e,PS3563.A31166F68,1,elsewhere_review,1961–2000,bokheim:curation:eea452b2-e068-51a0-9f67-aebfdad03ed7
American,unified:11e637ca-b753-50aa-8d1c-bfccf82ceb6e,PS3563.A31166F75,1,elsewhere_review,1961–2000,bokheim:curation:eea452b2-e068-51a0-9f67-aebfdad03ed7
American,unified:11e637ca-b753-50aa-8d1c-bfccf82ceb6e,PS3563.A31166G66,1,elsewhere_review,1961–2000,bokheim:curation:eea452b2-e068-51a0-9f67-aebfdad03ed7
American,unified:11e637ca-b753-50aa-8d1c-bfccf82ceb6e,PS3563.A31166G7,1,elsewhere_review,1961–2000,bokheim:curation:eea452b2-e068-51a0-9f67-aebfdad03ed7
American,unified:11e637ca-b753-50aa-8d1c-bfccf82ceb6e,PS3563.A31166G738,1,elsewhere_review,1961–2000,bokheim:curation:eea452b2-e068-51a0-9f67-aebfdad03ed7
American,unified:11e637ca-b753-50aa-8d1c-bfccf82ceb6e,PS3563.A31166G74,1,elsewhere_review,1961–2000,bokheim:curation:eea452b2-e068-51a0-9f67-aebfdad03ed7
American,unified:11e637ca-b753-50aa-8d1c-bfccf82ceb6e,PS3563.A31166H35,1,elsewhere_review,1961–2000,bokheim:curation:eea452b2-e068-51a0-9f67-aebfdad03ed7
American,unified:11e637ca-b753-50aa-8d1c-bfccf82ceb6e,PS3563.A31166H43,1,elsewhere_review,1961–2000,bokheim:curation:eea452b2-e068-51a0-9f67-aebfdad03ed7
American,unified:11e637ca-b753-50aa-8d1c-bfccf82ceb6e,PS3563.A31166I5,1,elsewhere_review,1961–2000,bokheim:curation:eea452b2-e068-51a0-9f67-aebfdad03ed7
American,unified:11e637ca-b753-50aa-8d1c-bfccf82ceb6e,PS3563.A31166I63,1,elsewhere_review,1961–2000,bokheim:curation:eea452b2-e068-51a0-9f67-aebfdad03ed7
American,unified:11e637ca-b753-50aa-8d1c-bfccf82ceb6e,PS3563.A31166I64,1,elsewhere_review,1961–2000,bokheim:curation:eea452b2-e068-51a0-9f67-aebfdad03ed7
American,unified:11e637ca-b753-50aa-8d1c-bfccf82ceb6e,PS3563.A31166I644,1,elsewhere_review,1961–2000,bokheim:curation:eea452b2-e068-51a0-9f67-aebfdad03ed7
American,unified:11e637ca-b753-50aa-8d1c-bfccf82ceb6e,PS3563.A31166I65,1,elsewhere_review,1961–2000,bokheim:curation:eea452b2-e068-51a0-9f67-aebfdad03ed7
American,unified:11e637ca-b753-50aa-8d1c-bfccf82ceb6e,PS3563.A31166J84,1,elsewhere_review,1961–2000,bokheim:curation:eea452b2-e068-51a0-9f67-aebfdad03ed7
American,unified:11e637ca-b753-50aa-8d1c-bfccf82ceb6e,PS3563.A31166L33,1,elsewhere_review,1961–2000,bokheim:curation:eea452b2-e068-51a0-9f67-aebfdad03ed7
American,unified:11e637ca-b753-50aa-8d1c-bfccf82ceb6e,PS3563.A31166L37,1,elsewhere_review,1961–2000,bokheim:curation:eea452b2-e068-51a0-9f67-aebfdad03ed7
American,unified:11e637ca-b753-50aa-8d1c-bfccf82ceb6e,PS3563.A31166L39,1,elsewhere_review,1961–2000,bokheim:curation:eea452b2-e068-51a0-9f67-aebfdad03ed7
American,unified:11e637ca-b753-50aa-8d1c-bfccf82ceb6e,PS3563.A31166L48,1,elsewhere_review,1961–2000,bokheim:curation:eea452b2-e068-51a0-9f67-aebfdad03ed7
American,unified:11e637ca-b753-50aa-8d1c-bfccf82ceb6e,PS3563.A31166L64,1,elsewhere_review,1961–2000,bokheim:curation:eea452b2-e068-51a0-9f67-aebfdad03ed7
American,unified:11e637ca-b753-50aa-8d1c-bfccf82ceb6e,PS3563.A31166M65,1,elsewhere_review,1961–2000,bokheim:curation:eea452b2-e068-51a0-9f67-aebfdad03ed7
American,unified:11e637ca-b753-50aa-8d1c-bfccf82ceb6e,PS3563.A31166N82,1,elsewhere_review,1961–2000,bokheim:curation:eea452b2-e068-51a0-9f67-aebfdad03ed7
American,unified:11e637ca-b753-50aa-8d1c-bfccf82ceb6e,PS3563.A31166O5,1,elsewhere_review,1961–2000,bokheim:curation:eea452b2-e068-51a0-9f67-aebfdad03ed7
American,unified:11e637ca-b753-50aa-8d1c-bfccf82ceb6e,PS3563.A31166P76,1,elsewhere_review,1961–2000,bokheim:curation:eea452b2-e068-51a0-9f67-aebfdad03ed7
American,unified:11e637ca-b753-50aa-8d1c-bfccf82ceb6e,PS3563.A31166P78,1,elsewhere_review,1961–2000,bokheim:curation:eea452b2-e068-51a0-9f67-aebfdad03ed7
American,unified:11e637ca-b753-50aa-8d1c-bfccf82ceb6e,PS3563.A31166R39,1,elsewhere_review,1961–2000,bokheim:curation:eea452b2-e068-51a0-9f67-aebfdad03ed7
American,unified:11e637ca-b753-50aa-8d1c-bfccf82ceb6e,PS3563.A31166S25,1,elsewhere_review,1961–2000,bokheim:curation:eea452b2-e068-51a0-9f67-aebfdad03ed7
American,unified:11e637ca-b753-50aa-8d1c-bfccf82ceb6e,PS3563.A31166S44,1,elsewhere_review,1961–2000,bokheim:curation:eea452b2-e068-51a0-9f67-aebfdad03ed7
American,unified:11e637ca-b753-50aa-8d1c-bfccf82ceb6e,PS3563.A31166S48,1,elsewhere_review,1961–2000,bokheim:curation:eea452b2-e068-51a0-9f67-aebfdad03ed7
American,unified:11e637ca-b753-50aa-8d1c-bfccf82ceb6e,PS3563.A31166S49,1,elsewhere_review,1961–2000,bokheim:curation:eea452b2-e068-51a0-9f67-aebfdad03ed7
American,unified:11e637ca-b753-50aa-8d1c-bfccf82ceb6e,PS3563.A31166S54,1,elsewhere_review,1961–2000,bokheim:curation:eea452b2-e068-51a0-9f67-aebfdad03ed7
American,unified:11e637ca-b753-50aa-8d1c-bfccf82ceb6e,PS3563.A31166S67,1,elsewhere_review,1961–2000,bokheim:curation:eea452b2-e068-51a0-9f67-aebfdad03ed7
American,unified:11e637ca-b753-50aa-8d1c-bfccf82ceb6e,PS3563.A31166S73,1,elsewhere_review,1961–2000,bokheim:curation:eea452b2-e068-51a0-9f67-aebfdad03ed7
American,unified:11e637ca-b753-50aa-8d1c-bfccf82ceb6e,PS3563.A31166T7,1,elsewhere_review,1961–2000,bokheim:curation:eea452b2-e068-51a0-9f67-aebfdad03ed7
American,unified:11e637ca-b753-50aa-8d1c-bfccf82ceb6e,PS3563.A31166V45,1,elsewhere_review,1961–2000,bokheim:curation:eea452b2-e068-51a0-9f67-aebfdad03ed7
American,unified:11e637ca-b753-50aa-8d1c-bfccf82ceb6e,PS3563.A31166W53,1,elsewhere_review,1961–2000,bokheim:curation:eea452b2-e068-51a0-9f67-aebfdad03ed7
American,unified:11e637ca-b753-50aa-8d1c-bfccf82ceb6e,PS3563.A31166Z46,1,elsewhere_review,1961–2000,bokheim:curation:eea452b2-e068-51a0-9f67-aebfdad03ed7
American,unified:11e637ca-b753-50aa-8d1c-bfccf82ceb6e,PS3563.A31166Z8,1,elsewhere_review,1961–2000,bokheim:curation:eea452b2-e068-51a0-9f67-aebfdad03ed7
American,unified:11e637ca-b753-50aa-8d1c-bfccf82ceb6e,PS3563.A3165B74,1,elsewhere_review,1961–2000,bokheim:curation:eea452b2-e068-51a0-9f67-aebfdad03ed7
American,unified:11e637ca-b753-50aa-8d1c-bfccf82ceb6e,PS3563.A3165G7,1,elsewhere_review,1961–2000,bokheim:curation:eea452b2-e068-51a0-9f67-aebfdad03ed7
American,unified:11e637ca-b753-50aa-8d1c-bfccf82ceb6e,PS3563.A3165H67,1,elsewhere_review,1961–2000,bokheim:curation:eea452b2-e068-51a0-9f67-aebfdad03ed7
American,unified:11e637ca-b753-50aa-8d1c-bfccf82ceb6e,PS3563.A3165L3,1,elsewhere_review,1961–2000,bokheim:curation:eea452b2-e068-51a0-9f67-aebfdad03ed7
American,unified:11e637ca-b753-50aa-8d1c-bfccf82ceb6e,PS3563.A3165N68,1,elsewhere_review,1961–2000,bokheim:curation:eea452b2-e068-51a0-9f67-aebfdad03ed7
American,unified:11e637ca-b753-50aa-8d1c-bfccf82ceb6e,PS3563.A3165S84,1,elsewhere_review,1961–2000,bokheim:curation:eea452b2-e068-51a0-9f67-aebfdad03ed7
American,unified:11e637ca-b753-50aa-8d1c-bfccf82ceb6e,PS3563.A3165W53,1,elsewhere_review,1961–2000,bokheim:curation:eea452b2-e068-51a0-9f67-aebfdad03ed7
American,unified:11e637ca-b753-50aa-8d1c-bfccf82ceb6e,PS3563.A3165Y43,1,elsewhere_review,1961–2000,bokheim:curation:eea452b2-e068-51a0-9f67-aebfdad03ed7
American,unified:11e637ca-b753-50aa-8d1c-bfccf82ceb6e,PS3563.A3165Z46,1,elsewhere_review,1961–2000,bokheim:curation:eea452b2-e068-51a0-9f67-aebfdad03ed7
American,unified:11e637ca-b753-50aa-8d1c-bfccf82ceb6e,PS3563.A31865B49,1,elsewhere_review,1961–2000,bokheim:curation:eea452b2-e068-51a0-9f67-aebfdad03ed7
American,unified:11e637ca-b753-50aa-8d1c-bfccf82ceb6e,PS3563.A31865C67,1,elsewhere_review,1961–2000,bokheim:curation:eea452b2-e068-51a0-9f67-aebfdad03ed7
American,unified:11e637ca-b753-50aa-8d1c-bfccf82ceb6e,PS3563.A31865E95,1,elsewhere_review,1961–2000,bokheim:curation:eea452b2-e068-51a0-9f67-aebfdad03ed7
American,unified:11e637ca-b753-50aa-8d1c-bfccf82ceb6e,PS3563.A31865G57,1,elsewhere_review,1961–2000,bokheim:curation:eea452b2-e068-51a0-9f67-aebfdad03ed7
American,unified:11e637ca-b753-50aa-8d1c-bfccf82ceb6e,PS3563.A31865G68,1,elsewhere_review,1961–2000,bokheim:curation:eea452b2-e068-51a0-9f67-aebfdad03ed7
American,unified:11e637ca-b753-50aa-8d1c-bfccf82ceb6e,PS3563.A31865O33,1,elsewhere_review,1961–2000,bokheim:curation:eea452b2-e068-51a0-9f67-aebfdad03ed7
American,unified:11e637ca-b753-50aa-8d1c-bfccf82ceb6e,PS3563.A31865O88,1,elsewhere_review,1961–2000,bokheim:curation:eea452b2-e068-51a0-9f67-aebfdad03ed7
American,unified:11e637ca-b753-50aa-8d1c-bfccf82ceb6e,PS3563.A31865R4,1,elsewhere_review,1961–2000,bokheim:curation:eea452b2-e068-51a0-9f67-aebfdad03ed7
American,unified:11e637ca-b753-50aa-8d1c-bfccf82ceb6e,PS3563.A31865S55,1,elsewhere_review,1961–2000,bokheim:curation:eea452b2-e068-51a0-9f67-aebfdad03ed7
American,unified:11e637ca-b753-50aa-8d1c-bfccf82ceb6e,PS3563.A31865T76,1,elsewhere_review,1961–2000,bokheim:curation:eea452b2-e068-51a0-9f67-aebfdad03ed7
American,unified:11e637ca-b753-50aa-8d1c-bfccf82ceb6e,PS3563.A31865V36,1,elsewhere_review,1961–2000,bokheim:curation:eea452b2-e068-51a0-9f67-aebfdad03ed7
American,unified:11e637ca-b753-50aa-8d1c-bfccf82ceb6e,PS3563.A31865W76,1,elsewhere_review,1961–2000,bokheim:curation:eea452b2-e068-51a0-9f67-aebfdad03ed7
American,unified:11e637ca-b753-50aa-8d1c-bfccf82ceb6e,PS3563.A674D43,1,elsewhere_review,1961–2000,bokheim:curation:eea452b2-e068-51a0-9f67-aebfdad03ed7
American,unified:11e637ca-b753-50aa-8d1c-bfccf82ceb6e,PS3563.A674L5,1,elsewhere_review,1961–2000,bokheim:curation:eea452b2-e068-51a0-9f67-aebfdad03ed7
American,unified:11e637ca-b753-50aa-8d1c-bfccf82ceb6e,PS3563.A674M46,1,elsewhere_review,1961–2000,bokheim:curation:eea452b2-e068-51a0-9f67-aebfdad03ed7
American,unified:11e637ca-b753-50aa-8d1c-bfccf82ceb6e,PS3563.A7212C45,1,elsewhere_review,1961–2000,bokheim:curation:eea452b2-e068-51a0-9f67-aebfdad03ed7
American,unified:11e637ca-b753-50aa-8d1c-bfccf82ceb6e,PS3563.A7212J8,1,elsewhere_review,1961–2000,bokheim:curation:eea452b2-e068-51a0-9f67-aebfdad03ed7
American,unified:11e637ca-b753-50aa-8d1c-bfccf82ceb6e,PS3563.A7212U54,1,elsewhere_review,1961–2000,bokheim:curation:eea452b2-e068-51a0-9f67-aebfdad03ed7
American,unified:11e637ca-b753-50aa-8d1c-bfccf82ceb6e,PS3563.A723274,1,elsewhere_review,1961–2000,bokheim:curation:eea452b2-e068-51a0-9f67-aebfdad03ed7
American,unified:11e637ca-b753-50aa-8d1c-bfccf82ceb6e,PS3563.A725W56,1,elsewhere_review,1961–2000,bokheim:curation:eea452b2-e068-51a0-9f67-aebfdad03ed7
American,unified:11e637ca-b753-50aa-8d1c-bfccf82ceb6e,PS3563.A82C6,1,elsewhere_review,1961–2000,bokheim:curation:eea452b2-e068-51a0-9f67-aebfdad03ed7
American,unified:11e637ca-b753-50aa-8d1c-bfccf82ceb6e,PS3563.A82H6,1,elsewhere_review,1961–2000,bokheim:curation:eea452b2-e068-51a0-9f67-aebfdad03ed7
American,unified:11e637ca-b753-50aa-8d1c-bfccf82ceb6e,PS3563.A82I525,1,elsewhere_review,1961–2000,bokheim:curation:eea452b2-e068-51a0-9f67-aebfdad03ed7
American,unified:11e637ca-b753-50aa-8d1c-bfccf82ceb6e,PS3563.A82P67,1,elsewhere_review,1961–2000,bokheim:curation:eea452b2-e068-51a0-9f67-aebfdad03ed7
American,unified:11e637ca-b753-50aa-8d1c-bfccf82ceb6e,PS3563.A82S77,1,elsewhere_review,1961–2000,bokheim:curation:eea452b2-e068-51a0-9f67-aebfdad03ed7
American,unified:11e637ca-b753-50aa-8d1c-bfccf82ceb6e,PS3563.A82S83,1,elsewhere_review,1961–2000,bokheim:curation:eea452b2-e068-51a0-9f67-aebfdad03ed7
American,unified:11e637ca-b753-50aa-8d1c-bfccf82ceb6e,PS3563.A845A78,1,elsewhere_review,1961–2000,bokheim:curation:eea452b2-e068-51a0-9f67-aebfdad03ed7
American,unified:11e637ca-b753-50aa-8d1c-bfccf82ceb6e,PS3563.A853D7,1,elsewhere_review,1961–2000,bokheim:curation:eea452b2-e068-51a0-9f67-aebfdad03ed7
American,unified:11e637ca-b753-50aa-8d1c-bfccf82ceb6e,PS3563.A853L59,1,elsewhere_review,1961–2000,bokheim:curation:eea452b2-e068-51a0-9f67-aebfdad03ed7
American,unified:11e637ca-b753-50aa-8d1c-bfccf82ceb6e,PS3563.A853S65,1,elsewhere_review,1961–2000,bokheim:curation:eea452b2-e068-51a0-9f67-aebfdad03ed7
American,unified:11e637ca-b753-50aa-8d1c-bfccf82ceb6e,PS3563.A899F7,1,elsewhere_review,1961–2000,bokheim:curation:eea452b2-e068-51a0-9f67-aebfdad03ed7
American,unified:11e637ca-b753-50aa-8d1c-bfccf82ceb6e,PS3563.A923A89,1,elsewhere_review,1961–2000,bokheim:curation:eea452b2-e068-51a0-9f67-aebfdad03ed7
American,unified:11e637ca-b753-50aa-8d1c-bfccf82ceb6e,PS3563.A923B7,1,elsewhere_review,1961–2000,bokheim:curation:eea452b2-e068-51a0-9f67-aebfdad03ed7
American,unified:11e637ca-b753-50aa-8d1c-bfccf82ceb6e,PS3563.A923B75,1,elsewhere_review,1961–2000,bokheim:curation:eea452b2-e068-51a0-9f67-aebfdad03ed7
American,unified:11e637ca-b753-50aa-8d1c-bfccf82ceb6e,PS3563.A923F5,1,elsewhere_review,1961–2000,bokheim:curation:eea452b2-e068-51a0-9f67-aebfdad03ed7
American,unified:11e637ca-b753-50aa-8d1c-bfccf82ceb6e,PS3563.A923M5,1,elsewhere_review,1961–2000,bokheim:curation:eea452b2-e068-51a0-9f67-aebfdad03ed7
American,unified:11e637ca-b753-50aa-8d1c-bfccf82ceb6e,PS3563.A923P7,1,elsewhere_review,1961–2000,bokheim:curation:eea452b2-e068-51a0-9f67-aebfdad03ed7
American,unified:11e637ca-b753-50aa-8d1c-bfccf82ceb6e,PS3563.A923S55,1,elsewhere_review,1961–2000,bokheim:curation:eea452b2-e068-51a0-9f67-aebfdad03ed7
American,unified:11e637ca-b753-50aa-8d1c-bfccf82ceb6e,PS3563.A923S73,1,elsewhere_review,1961–2000,bokheim:curation:eea452b2-e068-51a0-9f67-aebfdad03ed7
American,unified:11e637ca-b753-50aa-8d1c-bfccf82ceb6e,PS3563.E239,1,elsewhere_review,1961–2000,bokheim:curation:eea452b2-e068-51a0-9f67-aebfdad03ed7
American,unified:11e637ca-b753-50aa-8d1c-bfccf82ceb6e,PS3563.E747B5,1,elsewhere_review,1961–2000,bokheim:curation:eea452b2-e068-51a0-9f67-aebfdad03ed7
American,unified:11e637ca-b753-50aa-8d1c-bfccf82ceb6e,PS3563.E747C7,1,elsewhere_review,1961–2000,bokheim:curation:eea452b2-e068-51a0-9f67-aebfdad03ed7
American,unified:11e637ca-b753-50aa-8d1c-bfccf82ceb6e,PS3563.E747C79,1,elsewhere_review,1961–2000,bokheim:curation:eea452b2-e068-51a0-9f67-aebfdad03ed7
American,unified:11e637ca-b753-50aa-8d1c-bfccf82ceb6e,PS3563.E747C8,1,elsewhere_review,1961–2000,bokheim:curation:eea452b2-e068-51a0-9f67-aebfdad03ed7
American,unified:11e637ca-b753-50aa-8d1c-bfccf82ceb6e,PS3563.E747D25,1,elsewhere_review,1961–2000,bokheim:curation:eea452b2-e068-51a0-9f67-aebfdad03ed7
American,unified:11e637ca-b753-50aa-8d1c-bfccf82ceb6e,PS3563.E747D4,1,elsewhere_review,1961–2000,bokheim:curation:eea452b2-e068-51a0-9f67-aebfdad03ed7
American,unified:11e637ca-b753-50aa-8d1c-bfccf82ceb6e,PS3563.E747D42,1,elsewhere_review,1961–2000,bokheim:curation:eea452b2-e068-51a0-9f67-aebfdad03ed7
American,unified:11e637ca-b753-50aa-8d1c-bfccf82ceb6e,PS3563.E747L56,1,elsewhere_review,1961–2000,bokheim:curation:eea452b2-e068-51a0-9f67-aebfdad03ed7
American,unified:11e637ca-b753-50aa-8d1c-bfccf82ceb6e,PS3563.E747L67,1,elsewhere_review,1961–2000,bokheim:curation:eea452b2-e068-51a0-9f67-aebfdad03ed7
American,unified:11e637ca-b753-50aa-8d1c-bfccf82ceb6e,PS3563.E747O85,1,elsewhere_review,1961–2000,bokheim:curation:eea452b2-e068-51a0-9f67-aebfdad03ed7
American,unified:11e637ca-b753-50aa-8d1c-bfccf82ceb6e,PS3563.E747R58,1,elsewhere_review,1961–2000,bokheim:curation:eea452b2-e068-51a0-9f67-aebfdad03ed7
American,unified:11e637ca-b753-50aa-8d1c-bfccf82ceb6e,PS3563.E747S4,1,elsewhere_review,1961–2000,bokheim:curation:eea452b2-e068-51a0-9f67-aebfdad03ed7
American,unified:11e637ca-b753-50aa-8d1c-bfccf82ceb6e,PS3563.E747S46,1,elsewhere_review,1961–2000,bokheim:curation:eea452b2-e068-51a0-9f67-aebfdad03ed7
American,unified:11e637ca-b753-50aa-8d1c-bfccf82ceb6e,PS3563.E747S5,1,elsewhere_review,1961–2000,bokheim:curation:eea452b2-e068-51a0-9f67-aebfdad03ed7
American,unified:11e637ca-b753-50aa-8d1c-bfccf82ceb6e,PS3563.E747S64,1,elsewhere_review,1961–2000,bokheim:curation:eea452b2-e068-51a0-9f67-aebfdad03ed7
American,unified:11e637ca-b753-50aa-8d1c-bfccf82ceb6e,PS3563.E747S66,1,elsewhere_review,1961–2000,bokheim:curation:eea452b2-e068-51a0-9f67-aebfdad03ed7
American,unified:11e637ca-b753-50aa-8d1c-bfccf82ceb6e,PS3563.E747S75,1,elsewhere_review,1961–2000,bokheim:curation:eea452b2-e068-51a0-9f67-aebfdad03ed7
American,unified:11e637ca-b753-50aa-8d1c-bfccf82ceb6e,PS3563.E747T66,1,elsewhere_review,1961–2000,bokheim:curation:eea452b2-e068-51a0-9f67-aebfdad03ed7
American,unified:11e637ca-b753-50aa-8d1c-bfccf82ceb6e,PS3563.E747W5,1,elsewhere_review,1961–2000,bokheim:curation:eea452b2-e068-51a0-9f67-aebfdad03ed7
American,unified:11e637ca-b753-50aa-8d1c-bfccf82ceb6e,PS3563.E747W56,1,elsewhere_review,1961–2000,bokheim:curation:eea452b2-e068-51a0-9f67-aebfdad03ed7
American,unified:11e637ca-b753-50aa-8d1c-bfccf82ceb6e,PS3563.E747Z56,1,elsewhere_review,1961–2000,bokheim:curation:eea452b2-e068-51a0-9f67-aebfdad03ed7
American,unified:11e637ca-b753-50aa-8d1c-bfccf82ceb6e,PS3563.E986.S45,1,elsewhere_review,1961–2000,bokheim:curation:eea452b2-e068-51a0-9f67-aebfdad03ed7
American,unified:11e637ca-b753-50aa-8d1c-bfccf82ceb6e,PS3563.E986F47,1,elsewhere_review,1961–2000,bokheim:curation:eea452b2-e068-51a0-9f67-aebfdad03ed7
American,unified:11e637ca-b753-50aa-8d1c-bfccf82ceb6e,PS3563.E986R43,1,elsewhere_review,1961–2000,bokheim:curation:eea452b2-e068-51a0-9f67-aebfdad03ed7
American,unified:11e637ca-b753-50aa-8d1c-bfccf82ceb6e,PS3563.E986S39,1,elsewhere_review,1961–2000,bokheim:curation:eea452b2-e068-51a0-9f67-aebfdad03ed7
American,unified:11e637ca-b753-50aa-8d1c-bfccf82ceb6e,PS3563.E986S45,1,elsewhere_review,1961–2000,bokheim:curation:eea452b2-e068-51a0-9f67-aebfdad03ed7
American,unified:11e637ca-b753-50aa-8d1c-bfccf82ceb6e,PS3563.E986T48,1,elsewhere_review,1961–2000,bokheim:curation:eea452b2-e068-51a0-9f67-aebfdad03ed7
American,unified:11e637ca-b753-50aa-8d1c-bfccf82ceb6e,PS3563.I254P74,1,elsewhere_review,1961–2000,bokheim:curation:eea452b2-e068-51a0-9f67-aebfdad03ed7
American,unified:11e637ca-b753-50aa-8d1c-bfccf82ceb6e,PS3563.I254R43,1,elsewhere_review,1961–2000,bokheim:curation:eea452b2-e068-51a0-9f67-aebfdad03ed7
American,unified:11e637ca-b753-50aa-8d1c-bfccf82ceb6e,PS3563.I254R85,1,elsewhere_review,1961–2000,bokheim:curation:eea452b2-e068-51a0-9f67-aebfdad03ed7
American,unified:11e637ca-b753-50aa-8d1c-bfccf82ceb6e,PS3563.I27A64,1,elsewhere_review,1961–2000,bokheim:curation:eea452b2-e068-51a0-9f67-aebfdad03ed7
American,unified:11e637ca-b753-50aa-8d1c-bfccf82ceb6e,PS3563.I27C45,1,elsewhere_review,1961–2000,bokheim:curation:eea452b2-e068-51a0-9f67-aebfdad03ed7
American,unified:11e637ca-b753-50aa-8d1c-bfccf82ceb6e,PS3563.I27C49,1,elsewhere_review,1961–2000,bokheim:curation:eea452b2-e068-51a0-9f67-aebfdad03ed7
American,unified:11e637ca-b753-50aa-8d1c-bfccf82ceb6e,PS3563.I27D44,1,elsewhere_review,1961–2000,bokheim:curation:eea452b2-e068-51a0-9f67-aebfdad03ed7
American,unified:11e637ca-b753-50aa-8d1c-bfccf82ceb6e,PS3563.I27E96,1,elsewhere_review,1961–2000,bokheim:curation:eea452b2-e068-51a0-9f67-aebfdad03ed7
American,unified:11e637ca-b753-50aa-8d1c-bfccf82ceb6e,PS3563.I27F357,1,elsewhere_review,1961–2000,bokheim:curation:eea452b2-e068-51a0-9f67-aebfdad03ed7
American,unified:11e637ca-b753-50aa-8d1c-bfccf82ceb6e,PS3563.I27F36,1,elsewhere_review,1961–2000,bokheim:curation:eea452b2-e068-51a0-9f67-aebfdad03ed7
American,unified:11e637ca-b753-50aa-8d1c-bfccf82ceb6e,PS3563.I27F43,1,elsewhere_review,1961–2000,bokheim:curation:eea452b2-e068-51a0-9f67-aebfdad03ed7
American,unified:11e637ca-b753-50aa-8d1c-bfccf82ceb6e,PS3563.I27G36,1,elsewhere_review,1961–2000,bokheim:curation:eea452b2-e068-51a0-9f67-aebfdad03ed7
American,unified:11e637ca-b753-50aa-8d1c-bfccf82ceb6e,PS3563.I27H54,1,elsewhere_review,1961–2000,bokheim:curation:eea452b2-e068-51a0-9f67-aebfdad03ed7
American,unified:11e637ca-b753-50aa-8d1c-bfccf82ceb6e,PS3563.I27K45,1,elsewhere_review,1961–2000,bokheim:curation:eea452b2-e068-51a0-9f67-aebfdad03ed7
American,unified:11e637ca-b753-50aa-8d1c-bfccf82ceb6e,PS3563.I27K46,1,elsewhere_review,1961–2000,bokheim:curation:eea452b2-e068-51a0-9f67-aebfdad03ed7
American,unified:11e637ca-b753-50aa-8d1c-bfccf82ceb6e,PS3563.I27L57,1,elsewhere_review,1961–2000,bokheim:curation:eea452b2-e068-51a0-9f67-aebfdad03ed7
American,unified:11e637ca-b753-50aa-8d1c-bfccf82ceb6e,PS3563.I27N44,1,elsewhere_review,1961–2000,bokheim:curation:eea452b2-e068-51a0-9f67-aebfdad03ed7
American,unified:11e637ca-b753-50aa-8d1c-bfccf82ceb6e,PS3563.I27P53,1,elsewhere_review,1961–2000,bokheim:curation:eea452b2-e068-51a0-9f67-aebfdad03ed7
American,unified:11e637ca-b753-50aa-8d1c-bfccf82ceb6e,PS3563.I27S24,1,elsewhere_review,1961–2000,bokheim:curation:eea452b2-e068-51a0-9f67-aebfdad03ed7
American,unified:11e637ca-b753-50aa-8d1c-bfccf82ceb6e,PS3563.I27S47,1,elsewhere_review,1961–2000,bokheim:curation:eea452b2-e068-51a0-9f67-aebfdad03ed7
American,unified:11e637ca-b753-50aa-8d1c-bfccf82ceb6e,PS3563.I27S53,1,elsewhere_review,1961–2000,bokheim:curation:eea452b2-e068-51a0-9f67-aebfdad03ed7
American,unified:11e637ca-b753-50aa-8d1c-bfccf82ceb6e,PS3563.I27S68,1,elsewhere_review,1961–2000,bokheim:curation:eea452b2-e068-51a0-9f67-aebfdad03ed7
American,unified:11e637ca-b753-50aa-8d1c-bfccf82ceb6e,PS3563.I27V4,1,elsewhere_review,1961–2000,bokheim:curation:eea452b2-e068-51a0-9f67-aebfdad03ed7
American,unified:11e637ca-b753-50aa-8d1c-bfccf82ceb6e,PS3563.I27W46,1,elsewhere_review,1961–2000,bokheim:curation:eea452b2-e068-51a0-9f67-aebfdad03ed7
American,unified:11e637ca-b753-50aa-8d1c-bfccf82ceb6e,PS3563.I27W49,1,elsewhere_review,1961–2000,bokheim:curation:eea452b2-e068-51a0-9f67-aebfdad03ed7
American,unified:11e637ca-b753-50aa-8d1c-bfccf82ceb6e,PS3563.I37655,1,elsewhere_review,1961–2000,bokheim:curation:eea452b2-e068-51a0-9f67-aebfdad03ed7
American,unified:11e637ca-b753-50aa-8d1c-bfccf82ceb6e,PS3563.I379P5,1,elsewhere_review,1961–2000,bokheim:curation:eea452b2-e068-51a0-9f67-aebfdad03ed7
American,unified:11e637ca-b753-50aa-8d1c-bfccf82ceb6e,PS3563.I4125S6,1,elsewhere_review,1961–2000,bokheim:curation:eea452b2-e068-51a0-9f67-aebfdad03ed7
American,unified:11e637ca-b753-50aa-8d1c-bfccf82ceb6e,PS3563.I4125W37,1,elsewhere_review,1961–2000,bokheim:curation:eea452b2-e068-51a0-9f67-aebfdad03ed7
American,unified:11e637ca-b753-50aa-8d1c-bfccf82ceb6e,PS3563.I421447,1,elsewhere_review,1961–2000,bokheim:curation:eea452b2-e068-51a0-9f67-aebfdad03ed7
American,unified:11e637ca-b753-50aa-8d1c-bfccf82ceb6e,PS3563.O7717B8,1,elsewhere_review,1961–2000,bokheim:curation:eea452b2-e068-51a0-9f67-aebfdad03ed7
American,unified:11e637ca-b753-50aa-8d1c-bfccf82ceb6e,PS3563.O7717H69,1,elsewhere_review,1961–2000,bokheim:curation:eea452b2-e068-51a0-9f67-aebfdad03ed7
American,unified:11e637ca-b753-50aa-8d1c-bfccf82ceb6e,PS3563.O7717O54,1,elsewhere_review,1961–2000,bokheim:curation:eea452b2-e068-51a0-9f67-aebfdad03ed7
American,unified:11e637ca-b753-50aa-8d1c-bfccf82ceb6e,PS3563.O7717S65,1,elsewhere_review,1961–2000,bokheim:curation:eea452b2-e068-51a0-9f67-aebfdad03ed7
American,unified:11e637ca-b753-50aa-8d1c-bfccf82ceb6e,PS3563.O7717V4,1,elsewhere_review,1961–2000,bokheim:curation:eea452b2-e068-51a0-9f67-aebfdad03ed7
American,unified:11e637ca-b753-50aa-8d1c-bfccf82ceb6e,PS3563A28,1,elsewhere_review,1961–2000,bokheim:curation:eea452b2-e068-51a0-9f67-aebfdad03ed7
American,unified:11e637ca-b753-50aa-8d1c-bfccf82ceb6e,PS3563I254P74,1,elsewhere_review,1961–2000,bokheim:curation:eea452b2-e068-51a0-9f67-aebfdad03ed7
American,unified:11e637ca-b753-50aa-8d1c-bfccf82ceb6e,PS3563I254T34,1,elsewhere_review,1961–2000,bokheim:curation:eea452b2-e068-51a0-9f67-aebfdad03ed7
American,unified:11e637ca-b753-50aa-8d1c-bfccf82ceb6e,PS3566.A34B53,1,elsewhere_review,1961–2000,bokheim:curation:eea452b2-e068-51a0-9f67-aebfdad03ed7
American,unified:11e637ca-b753-50aa-8d1c-bfccf82ceb6e,PS3566.A34B55,1,elsewhere_review,1961–2000,bokheim:curation:eea452b2-e068-51a0-9f67-aebfdad03ed7
American,unified:11e637ca-b753-50aa-8d1c-bfccf82ceb6e,PS3566.A34G69,1,elsewhere_review,1961–2000,bokheim:curation:eea452b2-e068-51a0-9f67-aebfdad03ed7
American,unified:11e637ca-b753-50aa-8d1c-bfccf82ceb6e,PS3566.A34G7,1,elsewhere_review,1961–2000,bokheim:curation:eea452b2-e068-51a0-9f67-aebfdad03ed7
American,unified:11e637ca-b753-50aa-8d1c-bfccf82ceb6e,PS3566.A34H6,1,elsewhere_review,1961–2000,bokheim:curation:eea452b2-e068-51a0-9f67-aebfdad03ed7
American,unified:11e637ca-b753-50aa-8d1c-bfccf82ceb6e,PS3566.A34H67,1,elsewhere_review,1961–2000,bokheim:curation:eea452b2-e068-51a0-9f67-aebfdad03ed7
American,unified:11e637ca-b753-50aa-8d1c-bfccf82ceb6e,PS3566.A34K55,1,elsewhere_review,1961–2000,bokheim:curation:eea452b2-e068-51a0-9f67-aebfdad03ed7
American,unified:11e637ca-b753-50aa-8d1c-bfccf82ceb6e,PS3566.A34L689,1,elsewhere_review,1961–2000,bokheim:curation:eea452b2-e068-51a0-9f67-aebfdad03ed7
American,unified:11e637ca-b753-50aa-8d1c-bfccf82ceb6e,PS3566.A34M3,1,elsewhere_review,1961–2000,bokheim:curation:eea452b2-e068-51a0-9f67-aebfdad03ed7
American,unified:11e637ca-b753-50aa-8d1c-bfccf82ceb6e,PS3566.A34M66,1,elsewhere_review,1961–2000,bokheim:curation:eea452b2-e068-51a0-9f67-aebfdad03ed7
American,unified:11e637ca-b753-50aa-8d1c-bfccf82ceb6e,PS3566.A34N5,1,elsewhere_review,1961–2000,bokheim:curation:eea452b2-e068-51a0-9f67-aebfdad03ed7
American,unified:11e637ca-b753-50aa-8d1c-bfccf82ceb6e,PS3566.A34O64,1,elsewhere_review,1961–2000,bokheim:curation:eea452b2-e068-51a0-9f67-aebfdad03ed7
American,unified:11e637ca-b753-50aa-8d1c-bfccf82ceb6e,PS3566.A34P72,1,elsewhere_review,1961–2000,bokheim:curation:eea452b2-e068-51a0-9f67-aebfdad03ed7
American,unified:11e637ca-b753-50aa-8d1c-bfccf82ceb6e,PS3566.A34R3,1,elsewhere_review,1961–2000,bokheim:curation:eea452b2-e068-51a0-9f67-aebfdad03ed7
American,unified:11e637ca-b753-50aa-8d1c-bfccf82ceb6e,PS3566.A34R54,1,elsewhere_review,1961–2000,bokheim:curation:eea452b2-e068-51a0-9f67-aebfdad03ed7
American,unified:11e637ca-b753-50aa-8d1c-bfccf82ceb6e,PS3566.A34S48,1,elsewhere_review,1961–2000,bokheim:curation:eea452b2-e068-51a0-9f67-aebfdad03ed7
American,unified:11e637ca-b753-50aa-8d1c-bfccf82ceb6e,PS3566.A34S55,1,elsewhere_review,1961–2000,bokheim:curation:eea452b2-e068-51a0-9f67-aebfdad03ed7
American,unified:11e637ca-b753-50aa-8d1c-bfccf82ceb6e,PS3566.A34S6,1,elsewhere_review,1961–2000,bokheim:curation:eea452b2-e068-51a0-9f67-aebfdad03ed7
American,unified:11e637ca-b753-50aa-8d1c-bfccf82ceb6e,PS3566.A34T3,1,elsewhere_review,1961–2000,bokheim:curation:eea452b2-e068-51a0-9f67-aebfdad03ed7
American,unified:11e637ca-b753-50aa-8d1c-bfccf82ceb6e,PS3566.A34T38,1,elsewhere_review,1961–2000,bokheim:curation:eea452b2-e068-51a0-9f67-aebfdad03ed7
American,unified:11e637ca-b753-50aa-8d1c-bfccf82ceb6e,PS3566.A34U5,1,elsewhere_review,1961–2000,bokheim:curation:eea452b2-e068-51a0-9f67-aebfdad03ed7
American,unified:11e637ca-b753-50aa-8d1c-bfccf82ceb6e,PS3566.A34V35,1,elsewhere_review,1961–2000,bokheim:curation:eea452b2-e068-51a0-9f67-aebfdad03ed7
American,unified:11e637ca-b753-50aa-8d1c-bfccf82ceb6e,PS3566.A34W39,1,elsewhere_review,1961–2000,bokheim:curation:eea452b2-e068-51a0-9f67-aebfdad03ed7
American,unified:11e637ca-b753-50aa-8d1c-bfccf82ceb6e,PS3566.A463A82,1,elsewhere_review,1961–2000,bokheim:curation:eea452b2-e068-51a0-9f67-aebfdad03ed7
American,unified:11e637ca-b753-50aa-8d1c-bfccf82ceb6e,PS3566.A463C67,1,elsewhere_review,1961–2000,bokheim:curation:eea452b2-e068-51a0-9f67-aebfdad03ed7
American,unified:11e637ca-b753-50aa-8d1c-bfccf82ceb6e,PS3566.A463S57,1,elsewhere_review,1961–2000,bokheim:curation:eea452b2-e068-51a0-9f67-aebfdad03ed7
American,unified:11e637ca-b753-50aa-8d1c-bfccf82ceb6e,PS3566.E234.P43,1,elsewhere_review,1961–2000,bokheim:curation:eea452b2-e068-51a0-9f67-aebfdad03ed7
American,unified:11e637ca-b753-50aa-8d1c-bfccf82ceb6e,PS3566.E234.P76,1,elsewhere_review,1961–2000,bokheim:curation:eea452b2-e068-51a0-9f67-aebfdad03ed7
American,unified:11e637ca-b753-50aa-8d1c-bfccf82ceb6e,PS3566.E234A82,1,elsewhere_review,1961–2000,bokheim:curation:eea452b2-e068-51a0-9f67-aebfdad03ed7
American,unified:11e637ca-b753-50aa-8d1c-bfccf82ceb6e,PS3566.E234A88,1,elsewhere_review,1961–2000,bokheim:curation:eea452b2-e068-51a0-9f67-aebfdad03ed7
American,unified:11e637ca-b753-50aa-8d1c-bfccf82ceb6e,PS3566.E234B4,1,elsewhere_review,1961–2000,bokheim:curation:eea452b2-e068-51a0-9f67-aebfdad03ed7
American,unified:11e637ca-b753-50aa-8d1c-bfccf82ceb6e,PS3566.E234B636,1,elsewhere_review,1961–2000,bokheim:curation:eea452b2-e068-51a0-9f67-aebfdad03ed7
American,unified:11e637ca-b753-50aa-8d1c-bfccf82ceb6e,PS3566.E234C66,1,elsewhere_review,1961–2000,bokheim:curation:eea452b2-e068-51a0-9f67-aebfdad03ed7
American,unified:11e637ca-b753-50aa-8d1c-bfccf82ceb6e,PS3566.E234C88,1,elsewhere_review,1961–2000,bokheim:curation:eea452b2-e068-51a0-9f67-aebfdad03ed7
American,unified:11e637ca-b753-50aa-8d1c-bfccf82ceb6e,PS3566.E234D4,1,elsewhere_review,1961–2000,bokheim:curation:eea452b2-e068-51a0-9f67-aebfdad03ed7
American,unified:11e637ca-b753-50aa-8d1c-bfccf82ceb6e,PS3566.E234F57,1,elsewhere_review,1961–2000,bokheim:curation:eea452b2-e068-51a0-9f67-aebfdad03ed7
American,unified:11e637ca-b753-50aa-8d1c-bfccf82ceb6e,PS3566.E234H37,1,elsewhere_review,1961–2000,bokheim:curation:eea452b2-e068-51a0-9f67-aebfdad03ed7
American,unified:11e637ca-b753-50aa-8d1c-bfccf82ceb6e,PS3566.E234I5,1,elsewhere_review,1961–2000,bokheim:curation:eea452b2-e068-51a0-9f67-aebfdad03ed7
American,unified:11e637ca-b753-50aa-8d1c-bfccf82ceb6e,PS3566.E234K54,1,elsewhere_review,1961–2000,bokheim:curation:eea452b2-e068-51a0-9f67-aebfdad03ed7
American,unified:11e637ca-b753-50aa-8d1c-bfccf82ceb6e,PS3566.E234K55,1,elsewhere_review,1961–2000,bokheim:curation:eea452b2-e068-51a0-9f67-aebfdad03ed7
American,unified:11e637ca-b753-50aa-8d1c-bfccf82ceb6e,PS3566.E234K56,1,elsewhere_review,1961–2000,bokheim:curation:eea452b2-e068-51a0-9f67-aebfdad03ed7
American,unified:11e637ca-b753-50aa-8d1c-bfccf82ceb6e,PS3566.E234M54,1,elsewhere_review,1961–2000,bokheim:curation:eea452b2-e068-51a0-9f67-aebfdad03ed7
American,unified:11e637ca-b753-50aa-8d1c-bfccf82ceb6e,PS3566.E234N4,1,elsewhere_review,1961–2000,bokheim:curation:eea452b2-e068-51a0-9f67-aebfdad03ed7
American,unified:11e637ca-b753-50aa-8d1c-bfccf82ceb6e,PS3566.E234N6,1,elsewhere_review,1961–2000,bokheim:curation:eea452b2-e068-51a0-9f67-aebfdad03ed7
American,unified:11e637ca-b753-50aa-8d1c-bfccf82ceb6e,PS3566.E234P54,1,elsewhere_review,1961–2000,bokheim:curation:eea452b2-e068-51a0-9f67-aebfdad03ed7
American,unified:11e637ca-b753-50aa-8d1c-bfccf82ceb6e,PS3566.E234P76,1,elsewhere_review,1961–2000,bokheim:curation:eea452b2-e068-51a0-9f67-aebfdad03ed7
American,unified:11e637ca-b753-50aa-8d1c-bfccf82ceb6e,PS3566.E234R43,1,elsewhere_review,1961–2000,bokheim:curation:eea452b2-e068-51a0-9f67-aebfdad03ed7
American,unified:11e637ca-b753-50aa-8d1c-bfccf82ceb6e,PS3566.E234R57,1,elsewhere_review,1961–2000,bokheim:curation:eea452b2-e068-51a0-9f67-aebfdad03ed7
American,unified:11e637ca-b753-50aa-8d1c-bfccf82ceb6e,PS3566.E234S4,1,elsewhere_review,1961–2000,bokheim:curation:eea452b2-e068-51a0-9f67-aebfdad03ed7
American,unified:11e637ca-b753-50aa-8d1c-bfccf82ceb6e,PS3566.E234U53,1,elsewhere_review,1961–2000,bokheim:curation:eea452b2-e068-51a0-9f67-aebfdad03ed7
American,unified:11e637ca-b753-50aa-8d1c-bfccf82ceb6e,PS3566.E234W48,1,elsewhere_review,1961–2000,bokheim:curation:eea452b2-e068-51a0-9f67-aebfdad03ed7
American,unified:11e637ca-b753-50aa-8d1c-bfccf82ceb6e,PS3566.E235B58,1,elsewhere_review,1961–2000,bokheim:curation:eea452b2-e068-51a0-9f67-aebfdad03ed7
American,unified:11e637ca-b753-50aa-8d1c-bfccf82ceb6e,PS3566.E235C78,1,elsewhere_review,1961–2000,bokheim:curation:eea452b2-e068-51a0-9f67-aebfdad03ed7
American,unified:11e637ca-b753-50aa-8d1c-bfccf82ceb6e,PS3566.E235G58,1,elsewhere_review,1961–2000,bokheim:curation:eea452b2-e068-51a0-9f67-aebfdad03ed7
American,unified:11e637ca-b753-50aa-8d1c-bfccf82ceb6e,PS3566.E235G67,1,elsewhere_review,1961–2000,bokheim:curation:eea452b2-e068-51a0-9f67-aebfdad03ed7
American,unified:11e637ca-b753-50aa-8d1c-bfccf82ceb6e,PS3566.E235N69,1,elsewhere_review,1961–2000,bokheim:curation:eea452b2-e068-51a0-9f67-aebfdad03ed7
American,unified:11e637ca-b753-50aa-8d1c-bfccf82ceb6e,PS3566.E235O34,1,elsewhere_review,1961–2000,bokheim:curation:eea452b2-e068-51a0-9f67-aebfdad03ed7
American,unified:11e637ca-b753-50aa-8d1c-bfccf82ceb6e,PS3566.E235P65,1,elsewhere_review,1961–2000,bokheim:curation:eea452b2-e068-51a0-9f67-aebfdad03ed7
American,unified:11e637ca-b753-50aa-8d1c-bfccf82ceb6e,PS3566.E235T78,1,elsewhere_review,1961–2000,bokheim:curation:eea452b2-e068-51a0-9f67-aebfdad03ed7
American,unified:11e637ca-b753-50aa-8d1c-bfccf82ceb6e,PS3566.E42R86,1,elsewhere_review,1961–2000,bokheim:curation:eea452b2-e068-51a0-9f67-aebfdad03ed7
American,unified:11e637ca-b753-50aa-8d1c-bfccf82ceb6e,PS3566.E42W4,1,elsewhere_review,1961–2000,bokheim:curation:eea452b2-e068-51a0-9f67-aebfdad03ed7
American,unified:11e637ca-b753-50aa-8d1c-bfccf82ceb6e,PS3566.H4793,1,elsewhere_review,1961–2000,bokheim:curation:eea452b2-e068-51a0-9f67-aebfdad03ed7
American,unified:11e637ca-b753-50aa-8d1c-bfccf82ceb6e,PS3566.L2848H6,1,elsewhere_review,1961–2000,bokheim:curation:eea452b2-e068-51a0-9f67-aebfdad03ed7
American,unified:11e637ca-b753-50aa-8d1c-bfccf82ceb6e,PS3566.O36.D27,1,elsewhere_review,1961–2000,bokheim:curation:eea452b2-e068-51a0-9f67-aebfdad03ed7
American,unified:11e637ca-b753-50aa-8d1c-bfccf82ceb6e,PS3566.O36A6,1,elsewhere_review,1961–2000,bokheim:curation:eea452b2-e068-51a0-9f67-aebfdad03ed7
American,unified:11e637ca-b753-50aa-8d1c-bfccf82ceb6e,PS3566.O36A78,1,elsewhere_review,1961–2000,bokheim:curation:eea452b2-e068-51a0-9f67-aebfdad03ed7
American,unified:11e637ca-b753-50aa-8d1c-bfccf82ceb6e,PS3566.O36B48,1,elsewhere_review,1961–2000,bokheim:curation:eea452b2-e068-51a0-9f67-aebfdad03ed7
American,unified:11e637ca-b753-50aa-8d1c-bfccf82ceb6e,PS3566.O36B69,1,elsewhere_review,1961–2000,bokheim:curation:eea452b2-e068-51a0-9f67-aebfdad03ed7
American,unified:11e637ca-b753-50aa-8d1c-bfccf82ceb6e,PS3566.O36D39,1,elsewhere_review,1961–2000,bokheim:curation:eea452b2-e068-51a0-9f67-aebfdad03ed7
American,unified:11e637ca-b753-50aa-8d1c-bfccf82ceb6e,PS3566.O36F37,1,elsewhere_review,1961–2000,bokheim:curation:eea452b2-e068-51a0-9f67-aebfdad03ed7
American,unified:11e637ca-b753-50aa-8d1c-bfccf82ceb6e,PS3566.O36G3,1,elsewhere_review,1961–2000,bokheim:curation:eea452b2-e068-51a0-9f67-aebfdad03ed7
American,unified:11e637ca-b753-50aa-8d1c-bfccf82ceb6e,PS3566.O36L36,1,elsewhere_review,1961–2000,bokheim:curation:eea452b2-e068-51a0-9f67-aebfdad03ed7
American,unified:11e637ca-b753-50aa-8d1c-bfccf82ceb6e,PS3566.O36M36,1,elsewhere_review,1961–2000,bokheim:curation:eea452b2-e068-51a0-9f67-aebfdad03ed7
American,unified:11e637ca-b753-50aa-8d1c-bfccf82ceb6e,PS3566.O36M37,1,elsewhere_review,1961–2000,bokheim:curation:eea452b2-e068-51a0-9f67-aebfdad03ed7
American,unified:11e637ca-b753-50aa-8d1c-bfccf82ceb6e,PS3566.O36M47,1,elsewhere_review,1961–2000,bokheim:curation:eea452b2-e068-51a0-9f67-aebfdad03ed7
American,unified:11e637ca-b753-50aa-8d1c-bfccf82ceb6e,PS3566.O36M5,1,elsewhere_review,1961–2000,bokheim:curation:eea452b2-e068-51a0-9f67-aebfdad03ed7
American,unified:11e637ca-b753-50aa-8d1c-bfccf82ceb6e,PS3566.O36O66,1,elsewhere_review,1961–2000,bokheim:curation:eea452b2-e068-51a0-9f67-aebfdad03ed7
American,unified:11e637ca-b753-50aa-8d1c-bfccf82ceb6e,PS3566.O36O8,1,elsewhere_review,1961–2000,bokheim:curation:eea452b2-e068-51a0-9f67-aebfdad03ed7
American,unified:11e637ca-b753-50aa-8d1c-bfccf82ceb6e,PS3566.O36S52,1,elsewhere_review,1961–2000,bokheim:curation:eea452b2-e068-51a0-9f67-aebfdad03ed7
American,unified:11e637ca-b753-50aa-8d1c-bfccf82ceb6e,PS3566.O36V65,1,elsewhere_review,1961–2000,bokheim:curation:eea452b2-e068-51a0-9f67-aebfdad03ed7
American,unified:11e637ca-b753-50aa-8d1c-bfccf82ceb6e,PS3566.O5348C4,1,elsewhere_review,1961–2000,bokheim:curation:eea452b2-e068-51a0-9f67-aebfdad03ed7
American,unified:11e637ca-b753-50aa-8d1c-bfccf82ceb6e,PS3566.O5348G6,1,elsewhere_review,1961–2000,bokheim:curation:eea452b2-e068-51a0-9f67-aebfdad03ed7
American,unified:11e637ca-b753-50aa-8d1c-bfccf82ceb6e,PS3566.O5348P3,1,elsewhere_review,1961–2000,bokheim:curation:eea452b2-e068-51a0-9f67-aebfdad03ed7
American,unified:11e637ca-b753-50aa-8d1c-bfccf82ceb6e,PS3566.O5348T47,1,elsewhere_review,1961–2000,bokheim:curation:eea452b2-e068-51a0-9f67-aebfdad03ed7
American,unified:11e637ca-b753-50aa-8d1c-bfccf82ceb6e,PS3566.R575A83,1,elsewhere_review,1961–2000,bokheim:curation:eea452b2-e068-51a0-9f67-aebfdad03ed7
American,unified:11e637ca-b753-50aa-8d1c-bfccf82ceb6e,PS3566.R575C66,1,elsewhere_review,1961–2000,bokheim:curation:eea452b2-e068-51a0-9f67-aebfdad03ed7
American,unified:11e637ca-b753-50aa-8d1c-bfccf82ceb6e,PS3566.R588B4,1,elsewhere_review,1961–2000,bokheim:curation:eea452b2-e068-51a0-9f67-aebfdad03ed7
American,unified:11e637ca-b753-50aa-8d1c-bfccf82ceb6e,PS3566.R588C66,1,elsewhere_review,1961–2000,bokheim:curation:eea452b2-e068-51a0-9f67-aebfdad03ed7
American,unified:11e637ca-b753-50aa-8d1c-bfccf82ceb6e,PS3566.R588E5,1,elsewhere_review,1961–2000,bokheim:curation:eea452b2-e068-51a0-9f67-aebfdad03ed7
American,unified:11e637ca-b753-50aa-8d1c-bfccf82ceb6e,PS3566.R67B34,1,elsewhere_review,1961–2000,bokheim:curation:eea452b2-e068-51a0-9f67-aebfdad03ed7
American,unified:11e637ca-b753-50aa-8d1c-bfccf82ceb6e,PS3566.R67B47,1,elsewhere_review,1961–2000,bokheim:curation:eea452b2-e068-51a0-9f67-aebfdad03ed7
American,unified:11e637ca-b753-50aa-8d1c-bfccf82ceb6e,PS3566.R67B5,1,elsewhere_review,1961–2000,bokheim:curation:eea452b2-e068-51a0-9f67-aebfdad03ed7
American,unified:11e637ca-b753-50aa-8d1c-bfccf82ceb6e,PS3566.R67B53,1,elsewhere_review,1961–2000,bokheim:curation:eea452b2-e068-51a0-9f67-aebfdad03ed7
American,unified:11e637ca-b753-50aa-8d1c-bfccf82ceb6e,PS3566.R67B6,1,elsewhere_review,1961–2000,bokheim:curation:eea452b2-e068-51a0-9f67-aebfdad03ed7
American,unified:11e637ca-b753-50aa-8d1c-bfccf82ceb6e,PS3566.R67B66,1,elsewhere_review,1961–2000,bokheim:curation:eea452b2-e068-51a0-9f67-aebfdad03ed7
American,unified:11e637ca-b753-50aa-8d1c-bfccf82ceb6e,PS3566.R67C26,1,elsewhere_review,1961–2000,bokheim:curation:eea452b2-e068-51a0-9f67-aebfdad03ed7
American,unified:11e637ca-b753-50aa-8d1c-bfccf82ceb6e,PS3566.R67C28,1,elsewhere_review,1961–2000,bokheim:curation:eea452b2-e068-51a0-9f67-aebfdad03ed7
American,unified:11e637ca-b753-50aa-8d1c-bfccf82ceb6e,PS3566.R67D43,1,elsewhere_review,1961–2000,bokheim:curation:eea452b2-e068-51a0-9f67-aebfdad03ed7
American,unified:11e637ca-b753-50aa-8d1c-bfccf82ceb6e,PS3566.R67D6,1,elsewhere_review,1961–2000,bokheim:curation:eea452b2-e068-51a0-9f67-aebfdad03ed7
American,unified:11e637ca-b753-50aa-8d1c-bfccf82ceb6e,PS3566.R67E53,1,elsewhere_review,1961–2000,bokheim:curation:eea452b2-e068-51a0-9f67-aebfdad03ed7
American,unified:11e637ca-b753-50aa-8d1c-bfccf82ceb6e,PS3566.R67F48,1,elsewhere_review,1961–2000,bokheim:curation:eea452b2-e068-51a0-9f67-aebfdad03ed7
American,unified:11e637ca-b753-50aa-8d1c-bfccf82ceb6e,PS3566.R67F6,1,elsewhere_review,1961–2000,bokheim:curation:eea452b2-e068-51a0-9f67-aebfdad03ed7
American,unified:11e637ca-b753-50aa-8d1c-bfccf82ceb6e,PS3566.R67G58,1,elsewhere_review,1961–2000,bokheim:curation:eea452b2-e068-51a0-9f67-aebfdad03ed7
American,unified:11e637ca-b753-50aa-8d1c-bfccf82ceb6e,PS3566.R67H45,1,elsewhere_review,1961–2000,bokheim:curation:eea452b2-e068-51a0-9f67-aebfdad03ed7
American,unified:11e637ca-b753-50aa-8d1c-bfccf82ceb6e,PS3566.R67H6,1,elsewhere_review,1961–2000,bokheim:curation:eea452b2-e068-51a0-9f67-aebfdad03ed7
American,unified:11e637ca-b753-50aa-8d1c-bfccf82ceb6e,PS3566.R67I43,1,elsewhere_review,1961–2000,bokheim:curation:eea452b2-e068-51a0-9f67-aebfdad03ed7
American,unified:11e637ca-b753-50aa-8d1c-bfccf82ceb6e,PS3566.R67L3,1,elsewhere_review,1961–2000,bokheim:curation:eea452b2-e068-51a0-9f67-aebfdad03ed7
American,unified:11e637ca-b753-50aa-8d1c-bfccf82ceb6e,PS3566.R67L5,1,elsewhere_review,1961–2000,bokheim:curation:eea452b2-e068-51a0-9f67-aebfdad03ed7
American,unified:11e637ca-b753-50aa-8d1c-bfccf82ceb6e,PS3566.R67M37,1,elsewhere_review,1961–2000,bokheim:curation:eea452b2-e068-51a0-9f67-aebfdad03ed7
American,unified:11e637ca-b753-50aa-8d1c-bfccf82ceb6e,PS3566.R67M68,1,elsewhere_review,1961–2000,bokheim:curation:eea452b2-e068-51a0-9f67-aebfdad03ed7
American,unified:11e637ca-b753-50aa-8d1c-bfccf82ceb6e,PS3566.R67N45,1,elsewhere_review,1961–2000,bokheim:curation:eea452b2-e068-51a0-9f67-aebfdad03ed7
American,unified:11e637ca-b753-50aa-8d1c-bfccf82ceb6e,PS3566.R67N5,1,elsewhere_review,1961–2000,bokheim:curation:eea452b2-e068-51a0-9f67-aebfdad03ed7
American,unified:11e637ca-b753-50aa-8d1c-bfccf82ceb6e,PS3566.R67N68,1,elsewhere_review,1961–2000,bokheim:curation:eea452b2-e068-51a0-9f67-aebfdad03ed7
American,unified:11e637ca-b753-50aa-8d1c-bfccf82ceb6e,PS3566.R67P37,1,elsewhere_review,1961–2000,bokheim:curation:eea452b2-e068-51a0-9f67-aebfdad03ed7
American,unified:11e637ca-b753-50aa-8d1c-bfccf82ceb6e,PS3566.R67P7,1,elsewhere_review,1961–2000,bokheim:curation:eea452b2-e068-51a0-9f67-aebfdad03ed7
American,unified:11e637ca-b753-50aa-8d1c-bfccf82ceb6e,PS3566.R67Q5,1,elsewhere_review,1961–2000,bokheim:curation:eea452b2-e068-51a0-9f67-aebfdad03ed7
American,unified:11e637ca-b753-50aa-8d1c-bfccf82ceb6e,PS3566.R67S36,1,elsewhere_review,1961–2000,bokheim:curation:eea452b2-e068-51a0-9f67-aebfdad03ed7
American,unified:11e637ca-b753-50aa-8d1c-bfccf82ceb6e,PS3566.R67S38,1,elsewhere_review,1961–2000,bokheim:curation:eea452b2-e068-51a0-9f67-aebfdad03ed7
American,unified:11e637ca-b753-50aa-8d1c-bfccf82ceb6e,PS3566.R67S46,1,elsewhere_review,1961–2000,bokheim:curation:eea452b2-e068-51a0-9f67-aebfdad03ed7
American,unified:11e637ca-b753-50aa-8d1c-bfccf82ceb6e,PS3566.R67S53,1,elsewhere_review,1961–2000,bokheim:curation:eea452b2-e068-51a0-9f67-aebfdad03ed7
American,unified:11e637ca-b753-50aa-8d1c-bfccf82ceb6e,PS3566.R67S6,1,elsewhere_review,1961–2000,bokheim:curation:eea452b2-e068-51a0-9f67-aebfdad03ed7
American,unified:11e637ca-b753-50aa-8d1c-bfccf82ceb6e,PS3566.R67S66,1,elsewhere_review,1961–2000,bokheim:curation:eea452b2-e068-51a0-9f67-aebfdad03ed7
American,unified:11e637ca-b753-50aa-8d1c-bfccf82ceb6e,PS3566.R67V56,1,elsewhere_review,1961–2000,bokheim:curation:eea452b2-e068-51a0-9f67-aebfdad03ed7
American,unified:11e637ca-b753-50aa-8d1c-bfccf82ceb6e,PS3566.R67V59,1,elsewhere_review,1961–2000,bokheim:curation:eea452b2-e068-51a0-9f67-aebfdad03ed7
American,unified:11e637ca-b753-50aa-8d1c-bfccf82ceb6e,PS3566O36,1,elsewhere_review,1961–2000,bokheim:curation:eea452b2-e068-51a0-9f67-aebfdad03ed7
American,unified:11e637ca-b753-50aa-8d1c-bfccf82ceb6e,PS3568.A325E55,1,elsewhere_review,1961–2000,bokheim:curation:eea452b2-e068-51a0-9f67-aebfdad03ed7
American,unified:11e637ca-b753-50aa-8d1c-bfccf82ceb6e,PS3568.A325F34,1,elsewhere_review,1961–2000,bokheim:curation:eea452b2-e068-51a0-9f67-aebfdad03ed7
American,unified:11e637ca-b753-50aa-8d1c-bfccf82ceb6e,PS3568.A325G83,1,elsewhere_review,1961–2000,bokheim:curation:eea452b2-e068-51a0-9f67-aebfdad03ed7
American,unified:11e637ca-b753-50aa-8d1c-bfccf82ceb6e,PS3568.A325G833,1,elsewhere_review,1961–2000,bokheim:curation:eea452b2-e068-51a0-9f67-aebfdad03ed7
American,unified:11e637ca-b753-50aa-8d1c-bfccf82ceb6e,PS3568.A325G836,1,elsewhere_review,1961–2000,bokheim:curation:eea452b2-e068-51a0-9f67-aebfdad03ed7
American,unified:11e637ca-b753-50aa-8d1c-bfccf82ceb6e,PS3568.A325G84,1,elsewhere_review,1961–2000,bokheim:curation:eea452b2-e068-51a0-9f67-aebfdad03ed7
American,unified:11e637ca-b753-50aa-8d1c-bfccf82ceb6e,PS3568.A325G85,1,elsewhere_review,1961–2000,bokheim:curation:eea452b2-e068-51a0-9f67-aebfdad03ed7
American,unified:11e637ca-b753-50aa-8d1c-bfccf82ceb6e,PS3568.A325H68,1,elsewhere_review,1961–2000,bokheim:curation:eea452b2-e068-51a0-9f67-aebfdad03ed7
American,unified:11e637ca-b753-50aa-8d1c-bfccf82ceb6e,PS3568.A325M66,1,elsewhere_review,1961–2000,bokheim:curation:eea452b2-e068-51a0-9f67-aebfdad03ed7
American,unified:11e637ca-b753-50aa-8d1c-bfccf82ceb6e,PS3568.E367A613,1,elsewhere_review,1961–2000,bokheim:curation:eea452b2-e068-51a0-9f67-aebfdad03ed7
American,unified:11e637ca-b753-50aa-8d1c-bfccf82ceb6e,PS3568.E367B33,1,elsewhere_review,1961–2000,bokheim:curation:eea452b2-e068-51a0-9f67-aebfdad03ed7
American,unified:11e637ca-b753-50aa-8d1c-bfccf82ceb6e,PS3568.E367C38,1,elsewhere_review,1961–2000,bokheim:curation:eea452b2-e068-51a0-9f67-aebfdad03ed7
American,unified:11e637ca-b753-50aa-8d1c-bfccf82ceb6e,PS3568.E367D43,1,elsewhere_review,1961–2000,bokheim:curation:eea452b2-e068-51a0-9f67-aebfdad03ed7
American,unified:11e637ca-b753-50aa-8d1c-bfccf82ceb6e,PS3568.E367D64,1,elsewhere_review,1961–2000,bokheim:curation:eea452b2-e068-51a0-9f67-aebfdad03ed7
American,unified:11e637ca-b753-50aa-8d1c-bfccf82ceb6e,PS3568.E367E53,1,elsewhere_review,1961–2000,bokheim:curation:eea452b2-e068-51a0-9f67-aebfdad03ed7
American,unified:11e637ca-b753-50aa-8d1c-bfccf82ceb6e,PS3568.E367G66,1,elsewhere_review,1961–2000,bokheim:curation:eea452b2-e068-51a0-9f67-aebfdad03ed7
American,unified:11e637ca-b753-50aa-8d1c-bfccf82ceb6e,PS3568.E367J18,1,elsewhere_review,1961–2000,bokheim:curation:eea452b2-e068-51a0-9f67-aebfdad03ed7
American,unified:11e637ca-b753-50aa-8d1c-bfccf82ceb6e,PS3568.E367M67,1,elsewhere_review,1961–2000,bokheim:curation:eea452b2-e068-51a0-9f67-aebfdad03ed7
American,unified:11e637ca-b753-50aa-8d1c-bfccf82ceb6e,PS3568.E367S46,1,elsewhere_review,1961–2000,bokheim:curation:eea452b2-e068-51a0-9f67-aebfdad03ed7
American,unified:11e637ca-b753-50aa-8d1c-bfccf82ceb6e,PS3568.E367S76,1,elsewhere_review,1961–2000,bokheim:curation:eea452b2-e068-51a0-9f67-aebfdad03ed7
American,unified:11e637ca-b753-50aa-8d1c-bfccf82ceb6e,PS3568.E367T49,1,elsewhere_review,1961–2000,bokheim:curation:eea452b2-e068-51a0-9f67-aebfdad03ed7
American,unified:11e637ca-b753-50aa-8d1c-bfccf82ceb6e,PS3568.E367T95,1,elsewhere_review,1961–2000,bokheim:curation:eea452b2-e068-51a0-9f67-aebfdad03ed7
American,unified:11e637ca-b753-50aa-8d1c-bfccf82ceb6e,PS3568.E367W45,1,elsewhere_review,1961–2000,bokheim:curation:eea452b2-e068-51a0-9f67-aebfdad03ed7
American,unified:11e637ca-b753-50aa-8d1c-bfccf82ceb6e,PS3568.E43M3,1,elsewhere_review,1961–2000,bokheim:curation:eea452b2-e068-51a0-9f67-aebfdad03ed7
American,unified:11e637ca-b753-50aa-8d1c-bfccf82ceb6e,PS3568.E43T8,1,elsewhere_review,1961–2000,bokheim:curation:eea452b2-e068-51a0-9f67-aebfdad03ed7
American,unified:11e637ca-b753-50aa-8d1c-bfccf82ceb6e,PS3568.E4754I68,1,elsewhere_review,1961–2000,bokheim:curation:eea452b2-e068-51a0-9f67-aebfdad03ed7
American,unified:11e637ca-b753-50aa-8d1c-bfccf82ceb6e,PS3568.E517C3,1,elsewhere_review,1961–2000,bokheim:curation:eea452b2-e068-51a0-9f67-aebfdad03ed7
American,unified:11e637ca-b753-50aa-8d1c-bfccf82ceb6e,PS3568.E517C65,1,elsewhere_review,1961–2000,bokheim:curation:eea452b2-e068-51a0-9f67-aebfdad03ed7
American,unified:11e637ca-b753-50aa-8d1c-bfccf82ceb6e,PS3568.E517D5,1,elsewhere_review,1961–2000,bokheim:curation:eea452b2-e068-51a0-9f67-aebfdad03ed7
American,unified:11e637ca-b753-50aa-8d1c-bfccf82ceb6e,PS3568.E517F55,1,elsewhere_review,1961–2000,bokheim:curation:eea452b2-e068-51a0-9f67-aebfdad03ed7
American,unified:11e637ca-b753-50aa-8d1c-bfccf82ceb6e,PS3568.E517L36,1,elsewhere_review,1961–2000,bokheim:curation:eea452b2-e068-51a0-9f67-aebfdad03ed7
American,unified:11e637ca-b753-50aa-8d1c-bfccf82ceb6e,PS3568.E517P76,1,elsewhere_review,1961–2000,bokheim:curation:eea452b2-e068-51a0-9f67-aebfdad03ed7
American,unified:11e637ca-b753-50aa-8d1c-bfccf82ceb6e,PS3568.E517P87,1,elsewhere_review,1961–2000,bokheim:curation:eea452b2-e068-51a0-9f67-aebfdad03ed7
American,unified:11e637ca-b753-50aa-8d1c-bfccf82ceb6e,PS3568.E517S2,1,elsewhere_review,1961–2000,bokheim:curation:eea452b2-e068-51a0-9f67-aebfdad03ed7
American,unified:11e637ca-b753-50aa-8d1c-bfccf82ceb6e,PS3568.E517V43,1,elsewhere_review,1961–2000,bokheim:curation:eea452b2-e068-51a0-9f67-aebfdad03ed7
American,unified:11e637ca-b753-50aa-8d1c-bfccf82ceb6e,PS3568.E517W45,1,elsewhere_review,1961–2000,bokheim:curation:eea452b2-e068-51a0-9f67-aebfdad03ed7
American,unified:11e637ca-b753-50aa-8d1c-bfccf82ceb6e,PS3568.E895D4,1,elsewhere_review,1961–2000,bokheim:curation:eea452b2-e068-51a0-9f67-aebfdad03ed7
American,unified:11e637ca-b753-50aa-8d1c-bfccf82ceb6e,PS3568.I265A84,1,elsewhere_review,1961–2000,bokheim:curation:eea452b2-e068-51a0-9f67-aebfdad03ed7
American,unified:11e637ca-b753-50aa-8d1c-bfccf82ceb6e,PS3568.I265B38,1,elsewhere_review,1961–2000,bokheim:curation:eea452b2-e068-51a0-9f67-aebfdad03ed7
American,unified:11e637ca-b753-50aa-8d1c-bfccf82ceb6e,PS3568.I265B58,1,elsewhere_review,1961–2000,bokheim:curation:eea452b2-e068-51a0-9f67-aebfdad03ed7
American,unified:11e637ca-b753-50aa-8d1c-bfccf82ceb6e,PS3568.I265B63,1,elsewhere_review,1961–2000,bokheim:curation:eea452b2-e068-51a0-9f67-aebfdad03ed7
American,unified:11e637ca-b753-50aa-8d1c-bfccf82ceb6e,PS3568.I265B64,1,elsewhere_review,1961–2000,bokheim:curation:eea452b2-e068-51a0-9f67-aebfdad03ed7
American,unified:11e637ca-b753-50aa-8d1c-bfccf82ceb6e,PS3568.I265C7,1,elsewhere_review,1961–2000,bokheim:curation:eea452b2-e068-51a0-9f67-aebfdad03ed7
American,unified:11e637ca-b753-50aa-8d1c-bfccf82ceb6e,PS3568.I265E9,1,elsewhere_review,1961–2000,bokheim:curation:eea452b2-e068-51a0-9f67-aebfdad03ed7
American,unified:11e637ca-b753-50aa-8d1c-bfccf82ceb6e,PS3568.I265F4,1,elsewhere_review,1961–2000,bokheim:curation:eea452b2-e068-51a0-9f67-aebfdad03ed7
American,unified:11e637ca-b753-50aa-8d1c-bfccf82ceb6e,PS3568.I265I58,1,elsewhere_review,1961–2000,bokheim:curation:eea452b2-e068-51a0-9f67-aebfdad03ed7
American,unified:11e637ca-b753-50aa-8d1c-bfccf82ceb6e,PS3568.I265L36,1,elsewhere_review,1961–2000,bokheim:curation:eea452b2-e068-51a0-9f67-aebfdad03ed7
American,unified:11e637ca-b753-50aa-8d1c-bfccf82ceb6e,PS3568.I265M45,1,elsewhere_review,1961–2000,bokheim:curation:eea452b2-e068-51a0-9f67-aebfdad03ed7
American,unified:11e637ca-b753-50aa-8d1c-bfccf82ceb6e,PS3568.I265M86,1,elsewhere_review,1961–2000,bokheim:curation:eea452b2-e068-51a0-9f67-aebfdad03ed7
American,unified:11e637ca-b753-50aa-8d1c-bfccf82ceb6e,PS3568.I265O4,1,elsewhere_review,1961–2000,bokheim:curation:eea452b2-e068-51a0-9f67-aebfdad03ed7
American,unified:11e637ca-b753-50aa-8d1c-bfccf82ceb6e,PS3568.I265P755,1,elsewhere_review,1961–2000,bokheim:curation:eea452b2-e068-51a0-9f67-aebfdad03ed7
American,unified:11e637ca-b753-50aa-8d1c-bfccf82ceb6e,PS3568.I265P86,1,elsewhere_review,1961–2000,bokheim:curation:eea452b2-e068-51a0-9f67-aebfdad03ed7
American,unified:11e637ca-b753-50aa-8d1c-bfccf82ceb6e,PS3568.I265Q8,1,elsewhere_review,1961–2000,bokheim:curation:eea452b2-e068-51a0-9f67-aebfdad03ed7
American,unified:11e637ca-b753-50aa-8d1c-bfccf82ceb6e,PS3568.I265R36,1,elsewhere_review,1961–2000,bokheim:curation:eea452b2-e068-51a0-9f67-aebfdad03ed7
American,unified:11e637ca-b753-50aa-8d1c-bfccf82ceb6e,PS3568.I265R37,1,elsewhere_review,1961–2000,bokheim:curation:eea452b2-e068-51a0-9f67-aebfdad03ed7
American,unified:11e637ca-b753-50aa-8d1c-bfccf82ceb6e,PS3568.I265T34,1,elsewhere_review,1961–2000,bokheim:curation:eea452b2-e068-51a0-9f67-aebfdad03ed7
American,unified:11e637ca-b753-50aa-8d1c-bfccf82ceb6e,PS3568.I265T35,1,elsewhere_review,1961–2000,bokheim:curation:eea452b2-e068-51a0-9f67-aebfdad03ed7
American,unified:11e637ca-b753-50aa-8d1c-bfccf82ceb6e,PS3568.I265V27,1,elsewhere_review,1961–2000,bokheim:curation:eea452b2-e068-51a0-9f67-aebfdad03ed7
American,unified:11e637ca-b753-50aa-8d1c-bfccf82ceb6e,PS3568.I265V275,1,elsewhere_review,1961–2000,bokheim:curation:eea452b2-e068-51a0-9f67-aebfdad03ed7
American,unified:11e637ca-b753-50aa-8d1c-bfccf82ceb6e,PS3568.I265V3,1,elsewhere_review,1961–2000,bokheim:curation:eea452b2-e068-51a0-9f67-aebfdad03ed7
American,unified:11e637ca-b753-50aa-8d1c-bfccf82ceb6e,PS3568.I265V58,1,elsewhere_review,1961–2000,bokheim:curation:eea452b2-e068-51a0-9f67-aebfdad03ed7
American,unified:11e637ca-b753-50aa-8d1c-bfccf82ceb6e,PS3568.I265W5,1,elsewhere_review,1961–2000,bokheim:curation:eea452b2-e068-51a0-9f67-aebfdad03ed7
American,unified:11e637ca-b753-50aa-8d1c-bfccf82ceb6e,PS3568.I265W65,1,elsewhere_review,1961–2000,bokheim:curation:eea452b2-e068-51a0-9f67-aebfdad03ed7
American,unified:11e637ca-b753-50aa-8d1c-bfccf82ceb6e,PS3568.I265Z4626,1,elsewhere_review,1961–2000,bokheim:curation:eea452b2-e068-51a0-9f67-aebfdad03ed7
American,unified:11e637ca-b753-50aa-8d1c-bfccf82ceb6e,PS3568.I265Z463,1,elsewhere_review,1961–2000,bokheim:curation:eea452b2-e068-51a0-9f67-aebfdad03ed7
American,unified:11e637ca-b753-50aa-8d1c-bfccf82ceb6e,PS3568.I265Z54,1,elsewhere_review,1961–2000,bokheim:curation:eea452b2-e068-51a0-9f67-aebfdad03ed7
American,unified:11e637ca-b753-50aa-8d1c-bfccf82ceb6e,PS3568.I265Z68,1,elsewhere_review,1961–2000,bokheim:curation:eea452b2-e068-51a0-9f67-aebfdad03ed7
American,unified:11e637ca-b753-50aa-8d1c-bfccf82ceb6e,PS3568.I265Z74,1,elsewhere_review,1961–2000,bokheim:curation:eea452b2-e068-51a0-9f67-aebfdad03ed7
American,unified:11e637ca-b753-50aa-8d1c-bfccf82ceb6e,PS3568.I265Z76,1,elsewhere_review,1961–2000,bokheim:curation:eea452b2-e068-51a0-9f67-aebfdad03ed7
American,unified:11e637ca-b753-50aa-8d1c-bfccf82ceb6e,PS3568.I265Z8,1,elsewhere_review,1961–2000,bokheim:curation:eea452b2-e068-51a0-9f67-aebfdad03ed7
American,unified:11e637ca-b753-50aa-8d1c-bfccf82ceb6e,PS3568.I265Z82,1,elsewhere_review,1961–2000,bokheim:curation:eea452b2-e068-51a0-9f67-aebfdad03ed7
American,unified:11e637ca-b753-50aa-8d1c-bfccf82ceb6e,PS3568.I265Z84,1,elsewhere_review,1961–2000,bokheim:curation:eea452b2-e068-51a0-9f67-aebfdad03ed7
American,unified:11e637ca-b753-50aa-8d1c-bfccf82ceb6e,PS3568.I265Z85,1,elsewhere_review,1961–2000,bokheim:curation:eea452b2-e068-51a0-9f67-aebfdad03ed7
American,unified:11e637ca-b753-50aa-8d1c-bfccf82ceb6e,PS3568.I265Z86,1,elsewhere_review,1961–2000,bokheim:curation:eea452b2-e068-51a0-9f67-aebfdad03ed7
American,unified:11e637ca-b753-50aa-8d1c-bfccf82ceb6e,PS3568.I265Z88,1,elsewhere_review,1961–2000,bokheim:curation:eea452b2-e068-51a0-9f67-aebfdad03ed7
American,unified:11e637ca-b753-50aa-8d1c-bfccf82ceb6e,PS3568.I265Z9,1,elsewhere_review,1961–2000,bokheim:curation:eea452b2-e068-51a0-9f67-aebfdad03ed7
American,unified:11e637ca-b753-50aa-8d1c-bfccf82ceb6e,PS3568.O198A6,1,elsewhere_review,1961–2000,bokheim:curation:eea452b2-e068-51a0-9f67-aebfdad03ed7
American,unified:11e637ca-b753-50aa-8d1c-bfccf82ceb6e,PS3568.O198C7,1,elsewhere_review,1961–2000,bokheim:curation:eea452b2-e068-51a0-9f67-aebfdad03ed7
American,unified:11e637ca-b753-50aa-8d1c-bfccf82ceb6e,PS3568.O198C76,1,elsewhere_review,1961–2000,bokheim:curation:eea452b2-e068-51a0-9f67-aebfdad03ed7
American,unified:11e637ca-b753-50aa-8d1c-bfccf82ceb6e,PS3568.O198G8,1,elsewhere_review,1961–2000,bokheim:curation:eea452b2-e068-51a0-9f67-aebfdad03ed7
American,unified:11e637ca-b753-50aa-8d1c-bfccf82ceb6e,PS3568.O198K56,1,elsewhere_review,1961–2000,bokheim:curation:eea452b2-e068-51a0-9f67-aebfdad03ed7
American,unified:11e637ca-b753-50aa-8d1c-bfccf82ceb6e,PS3568.O198L33,1,elsewhere_review,1961–2000,bokheim:curation:eea452b2-e068-51a0-9f67-aebfdad03ed7
American,unified:11e637ca-b753-50aa-8d1c-bfccf82ceb6e,PS3568.O198N8,1,elsewhere_review,1961–2000,bokheim:curation:eea452b2-e068-51a0-9f67-aebfdad03ed7
American,unified:11e637ca-b753-50aa-8d1c-bfccf82ceb6e,PS3568.O198N86,1,elsewhere_review,1961–2000,bokheim:curation:eea452b2-e068-51a0-9f67-aebfdad03ed7
American,unified:11e637ca-b753-50aa-8d1c-bfccf82ceb6e,PS3568.O198S47,1,elsewhere_review,1961–2000,bokheim:curation:eea452b2-e068-51a0-9f67-aebfdad03ed7
American,unified:11e637ca-b753-50aa-8d1c-bfccf82ceb6e,PS3568.O198S6,1,elsewhere_review,1961–2000,bokheim:curation:eea452b2-e068-51a0-9f67-aebfdad03ed7
American,unified:11e637ca-b753-50aa-8d1c-bfccf82ceb6e,PS3568.O198S69,1,elsewhere_review,1961–2000,bokheim:curation:eea452b2-e068-51a0-9f67-aebfdad03ed7
American,unified:11e637ca-b753-50aa-8d1c-bfccf82ceb6e,PS3568.O198T75,1,elsewhere_review,1961–2000,bokheim:curation:eea452b2-e068-51a0-9f67-aebfdad03ed7
American,unified:11e637ca-b753-50aa-8d1c-bfccf82ceb6e,PS3568.O198T95,1,elsewhere_review,1961–2000,bokheim:curation:eea452b2-e068-51a0-9f67-aebfdad03ed7
American,unified:11e637ca-b753-50aa-8d1c-bfccf82ceb6e,PS3568.O198V5,1,elsewhere_review,1961–2000,bokheim:curation:eea452b2-e068-51a0-9f67-aebfdad03ed7
American,unified:11e637ca-b753-50aa-8d1c-bfccf82ceb6e,PS3568.O243.S26,1,elsewhere_review,1961–2000,bokheim:curation:eea452b2-e068-51a0-9f67-aebfdad03ed7
American,unified:11e637ca-b753-50aa-8d1c-bfccf82ceb6e,PS3568.O243A95,1,elsewhere_review,1961–2000,bokheim:curation:eea452b2-e068-51a0-9f67-aebfdad03ed7
American,unified:11e637ca-b753-50aa-8d1c-bfccf82ceb6e,PS3568.O243B39,1,elsewhere_review,1961–2000,bokheim:curation:eea452b2-e068-51a0-9f67-aebfdad03ed7
American,unified:11e637ca-b753-50aa-8d1c-bfccf82ceb6e,PS3568.O243B536,1,elsewhere_review,1961–2000,bokheim:curation:eea452b2-e068-51a0-9f67-aebfdad03ed7
American,unified:11e637ca-b753-50aa-8d1c-bfccf82ceb6e,PS3568.O243B546,1,elsewhere_review,1961–2000,bokheim:curation:eea452b2-e068-51a0-9f67-aebfdad03ed7
American,unified:11e637ca-b753-50aa-8d1c-bfccf82ceb6e,PS3568.O243B5465,1,elsewhere_review,1961–2000,bokheim:curation:eea452b2-e068-51a0-9f67-aebfdad03ed7
American,unified:11e637ca-b753-50aa-8d1c-bfccf82ceb6e,PS3568.O243B59,1,elsewhere_review,1961–2000,bokheim:curation:eea452b2-e068-51a0-9f67-aebfdad03ed7
American,unified:11e637ca-b753-50aa-8d1c-bfccf82ceb6e,PS3568.O243B6,1,elsewhere_review,1961–2000,bokheim:curation:eea452b2-e068-51a0-9f67-aebfdad03ed7
American,unified:11e637ca-b753-50aa-8d1c-bfccf82ceb6e,PS3568.O243B668,1,elsewhere_review,1961–2000,bokheim:curation:eea452b2-e068-51a0-9f67-aebfdad03ed7
American,unified:11e637ca-b753-50aa-8d1c-bfccf82ceb6e,PS3568.O243B67,1,elsewhere_review,1961–2000,bokheim:curation:eea452b2-e068-51a0-9f67-aebfdad03ed7
American,unified:11e637ca-b753-50aa-8d1c-bfccf82ceb6e,PS3568.O243B674,1,elsewhere_review,1961–2000,bokheim:curation:eea452b2-e068-51a0-9f67-aebfdad03ed7
American,unified:11e637ca-b753-50aa-8d1c-bfccf82ceb6e,PS3568.O243B675,1,elsewhere_review,1961–2000,bokheim:curation:eea452b2-e068-51a0-9f67-aebfdad03ed7
American,unified:11e637ca-b753-50aa-8d1c-bfccf82ceb6e,PS3568.O243B72,1,elsewhere_review,1961–2000,bokheim:curation:eea452b2-e068-51a0-9f67-aebfdad03ed7
American,unified:11e637ca-b753-50aa-8d1c-bfccf82ceb6e,PS3568.O243B76,1,elsewhere_review,1961–2000,bokheim:curation:eea452b2-e068-51a0-9f67-aebfdad03ed7
American,unified:11e637ca-b753-50aa-8d1c-bfccf82ceb6e,PS3568.O243C35,1,elsewhere_review,1961–2000,bokheim:curation:eea452b2-e068-51a0-9f67-aebfdad03ed7
American,unified:11e637ca-b753-50aa-8d1c-bfccf82ceb6e,PS3568.O243C37,1,elsewhere_review,1961–2000,bokheim:curation:eea452b2-e068-51a0-9f67-aebfdad03ed7
American,unified:11e637ca-b753-50aa-8d1c-bfccf82ceb6e,PS3568.O243C45,1,elsewhere_review,1961–2000,bokheim:curation:eea452b2-e068-51a0-9f67-aebfdad03ed7
American,unified:11e637ca-b753-50aa-8d1c-bfccf82ceb6e,PS3568.O243C655,1,elsewhere_review,1961–2000,bokheim:curation:eea452b2-e068-51a0-9f67-aebfdad03ed7
American,unified:11e637ca-b753-50aa-8d1c-bfccf82ceb6e,PS3568.O243C656,1,elsewhere_review,1961–2000,bokheim:curation:eea452b2-e068-51a0-9f67-aebfdad03ed7
American,unified:11e637ca-b753-50aa-8d1c-bfccf82ceb6e,PS3568.O243D364,1,elsewhere_review,1961–2000,bokheim:curation:eea452b2-e068-51a0-9f67-aebfdad03ed7
American,unified:11e637ca-b753-50aa-8d1c-bfccf82ceb6e,PS3568.O243D367,1,elsewhere_review,1961–2000,bokheim:curation:eea452b2-e068-51a0-9f67-aebfdad03ed7
American,unified:11e637ca-b753-50aa-8d1c-bfccf82ceb6e,PS3568.O243D37,1,elsewhere_review,1961–2000,bokheim:curation:eea452b2-e068-51a0-9f67-aebfdad03ed7
American,unified:11e637ca-b753-50aa-8d1c-bfccf82ceb6e,PS3568.O243D374,1,elsewhere_review,1961–2000,bokheim:curation:eea452b2-e068-51a0-9f67-aebfdad03ed7
American,unified:11e637ca-b753-50aa-8d1c-bfccf82ceb6e,PS3568.O243D45,1,elsewhere_review,1961–2000,bokheim:curation:eea452b2-e068-51a0-9f67-aebfdad03ed7
American,unified:11e637ca-b753-50aa-8d1c-bfccf82ceb6e,PS3568.O243D48,1,elsewhere_review,1961–2000,bokheim:curation:eea452b2-e068-51a0-9f67-aebfdad03ed7
American,unified:11e637ca-b753-50aa-8d1c-bfccf82ceb6e,PS3568.O243D578,1,elsewhere_review,1961–2000,bokheim:curation:eea452b2-e068-51a0-9f67-aebfdad03ed7
American,unified:11e637ca-b753-50aa-8d1c-bfccf82ceb6e,PS3568.O243E28,1,elsewhere_review,1961–2000,bokheim:curation:eea452b2-e068-51a0-9f67-aebfdad03ed7
American,unified:11e637ca-b753-50aa-8d1c-bfccf82ceb6e,PS3568.O243F32,1,elsewhere_review,1961–2000,bokheim:curation:eea452b2-e068-51a0-9f67-aebfdad03ed7
American,unified:11e637ca-b753-50aa-8d1c-bfccf82ceb6e,PS3568.O243F33,1,elsewhere_review,1961–2000,bokheim:curation:eea452b2-e068-51a0-9f67-aebfdad03ed7
American,unified:11e637ca-b753-50aa-8d1c-bfccf82ceb6e,PS3568.O243F34,1,elsewhere_review,1961–2000,bokheim:curation:eea452b2-e068-51a0-9f67-aebfdad03ed7
American,unified:11e637ca-b753-50aa-8d1c-bfccf82ceb6e,PS3568.O243F354,1,elsewhere_review,1961–2000,bokheim:curation:eea452b2-e068-51a0-9f67-aebfdad03ed7
American,unified:11e637ca-b753-50aa-8d1c-bfccf82ceb6e,PS3568.O243F36,1,elsewhere_review,1961–2000,bokheim:curation:eea452b2-e068-51a0-9f67-aebfdad03ed7
American,unified:11e637ca-b753-50aa-8d1c-bfccf82ceb6e,PS3568.O243F47,1,elsewhere_review,1961–2000,bokheim:curation:eea452b2-e068-51a0-9f67-aebfdad03ed7
American,unified:11e637ca-b753-50aa-8d1c-bfccf82ceb6e,PS3568.O243F56,1,elsewhere_review,1961–2000,bokheim:curation:eea452b2-e068-51a0-9f67-aebfdad03ed7
American,unified:11e637ca-b753-50aa-8d1c-bfccf82ceb6e,PS3568.O243F57,1,elsewhere_review,1961–2000,bokheim:curation:eea452b2-e068-51a0-9f67-aebfdad03ed7
American,unified:11e637ca-b753-50aa-8d1c-bfccf82ceb6e,PS3568.O243F674,1,elsewhere_review,1961–2000,bokheim:curation:eea452b2-e068-51a0-9f67-aebfdad03ed7
American,unified:11e637ca-b753-50aa-8d1c-bfccf82ceb6e,PS3568.O243F68,1,elsewhere_review,1961–2000,bokheim:curation:eea452b2-e068-51a0-9f67-aebfdad03ed7
American,unified:11e637ca-b753-50aa-8d1c-bfccf82ceb6e,PS3568.O243G55,1,elsewhere_review,1961–2000,bokheim:curation:eea452b2-e068-51a0-9f67-aebfdad03ed7
American,unified:11e637ca-b753-50aa-8d1c-bfccf82ceb6e,PS3568.O243H37,1,elsewhere_review,1961–2000,bokheim:curation:eea452b2-e068-51a0-9f67-aebfdad03ed7
American,unified:11e637ca-b753-50aa-8d1c-bfccf82ceb6e,PS3568.O243H42,1,elsewhere_review,1961–2000,bokheim:curation:eea452b2-e068-51a0-9f67-aebfdad03ed7
American,unified:11e637ca-b753-50aa-8d1c-bfccf82ceb6e,PS3568.O243H5,1,elsewhere_review,1961–2000,bokheim:curation:eea452b2-e068-51a0-9f67-aebfdad03ed7
American,unified:11e637ca-b753-50aa-8d1c-bfccf82ceb6e,PS3568.O243H54,1,elsewhere_review,1961–2000,bokheim:curation:eea452b2-e068-51a0-9f67-aebfdad03ed7
American,unified:11e637ca-b753-50aa-8d1c-bfccf82ceb6e,PS3568.O243H65,1,elsewhere_review,1961–2000,bokheim:curation:eea452b2-e068-51a0-9f67-aebfdad03ed7
American,unified:11e637ca-b753-50aa-8d1c-bfccf82ceb6e,PS3568.O243H655,1,elsewhere_review,1961–2000,bokheim:curation:eea452b2-e068-51a0-9f67-aebfdad03ed7
American,unified:11e637ca-b753-50aa-8d1c-bfccf82ceb6e,PS3568.O243I45,1,elsewhere_review,1961–2000,bokheim:curation:eea452b2-e068-51a0-9f67-aebfdad03ed7
American,unified:11e637ca-b753-50aa-8d1c-bfccf82ceb6e,PS3568.O243I53,1,elsewhere_review,1961–2000,bokheim:curation:eea452b2-e068-51a0-9f67-aebfdad03ed7
American,unified:11e637ca-b753-50aa-8d1c-bfccf82ceb6e,PS3568.O243I563,1,elsewhere_review,1961–2000,bokheim:curation:eea452b2-e068-51a0-9f67-aebfdad03ed7
American,unified:11e637ca-b753-50aa-8d1c-bfccf82ceb6e,PS3568.O243I73,1,elsewhere_review,1961–2000,bokheim:curation:eea452b2-e068-51a0-9f67-aebfdad03ed7
American,unified:11e637ca-b753-50aa-8d1c-bfccf82ceb6e,PS3568.O243I76,1,elsewhere_review,1961–2000,bokheim:curation:eea452b2-e068-51a0-9f67-aebfdad03ed7
American,unified:11e637ca-b753-50aa-8d1c-bfccf82ceb6e,PS3568.O243I853,1,elsewhere_review,1961–2000,bokheim:curation:eea452b2-e068-51a0-9f67-aebfdad03ed7
American,unified:11e637ca-b753-50aa-8d1c-bfccf82ceb6e,PS3568.O243J48,1,elsewhere_review,1961–2000,bokheim:curation:eea452b2-e068-51a0-9f67-aebfdad03ed7
American,unified:11e637ca-b753-50aa-8d1c-bfccf82ceb6e,PS3568.O243J49,1,elsewhere_review,1961–2000,bokheim:curation:eea452b2-e068-51a0-9f67-aebfdad03ed7
American,unified:11e637ca-b753-50aa-8d1c-bfccf82ceb6e,PS3568.O243K485,1,elsewhere_review,1961–2000,bokheim:curation:eea452b2-e068-51a0-9f67-aebfdad03ed7
American,unified:11e637ca-b753-50aa-8d1c-bfccf82ceb6e,PS3568.O243K56,1,elsewhere_review,1961–2000,bokheim:curation:eea452b2-e068-51a0-9f67-aebfdad03ed7
American,unified:11e637ca-b753-50aa-8d1c-bfccf82ceb6e,PS3568.O243L37,1,elsewhere_review,1961–2000,bokheim:curation:eea452b2-e068-51a0-9f67-aebfdad03ed7
American,unified:11e637ca-b753-50aa-8d1c-bfccf82ceb6e,PS3568.O243L49,1,elsewhere_review,1961–2000,bokheim:curation:eea452b2-e068-51a0-9f67-aebfdad03ed7
American,unified:11e637ca-b753-50aa-8d1c-bfccf82ceb6e,PS3568.O243L53,1,elsewhere_review,1961–2000,bokheim:curation:eea452b2-e068-51a0-9f67-aebfdad03ed7
American,unified:11e637ca-b753-50aa-8d1c-bfccf82ceb6e,PS3568.O243L57,1,elsewhere_review,1961–2000,bokheim:curation:eea452b2-e068-51a0-9f67-aebfdad03ed7
American,unified:11e637ca-b753-50aa-8d1c-bfccf82ceb6e,PS3568.O243L69,1,elsewhere_review,1961–2000,bokheim:curation:eea452b2-e068-51a0-9f67-aebfdad03ed7
American,unified:11e637ca-b753-50aa-8d1c-bfccf82ceb6e,PS3568.O243M5,1,elsewhere_review,1961–2000,bokheim:curation:eea452b2-e068-51a0-9f67-aebfdad03ed7
American,unified:11e637ca-b753-50aa-8d1c-bfccf82ceb6e,PS3568.O243M66,1,elsewhere_review,1961–2000,bokheim:curation:eea452b2-e068-51a0-9f67-aebfdad03ed7
American,unified:11e637ca-b753-50aa-8d1c-bfccf82ceb6e,PS3568.O243M68,1,elsewhere_review,1961–2000,bokheim:curation:eea452b2-e068-51a0-9f67-aebfdad03ed7
American,unified:11e637ca-b753-50aa-8d1c-bfccf82ceb6e,PS3568.O243N48,1,elsewhere_review,1961–2000,bokheim:curation:eea452b2-e068-51a0-9f67-aebfdad03ed7
American,unified:11e637ca-b753-50aa-8d1c-bfccf82ceb6e,PS3568.O243N56,1,elsewhere_review,1961–2000,bokheim:curation:eea452b2-e068-51a0-9f67-aebfdad03ed7
American,unified:11e637ca-b753-50aa-8d1c-bfccf82ceb6e,PS3568.O243N568,1,elsewhere_review,1961–2000,bokheim:curation:eea452b2-e068-51a0-9f67-aebfdad03ed7
American,unified:11e637ca-b753-50aa-8d1c-bfccf82ceb6e,PS3568.O243O25,1,elsewhere_review,1961–2000,bokheim:curation:eea452b2-e068-51a0-9f67-aebfdad03ed7
American,unified:11e637ca-b753-50aa-8d1c-bfccf82ceb6e,PS3568.O243O26,1,elsewhere_review,1961–2000,bokheim:curation:eea452b2-e068-51a0-9f67-aebfdad03ed7
American,unified:11e637ca-b753-50aa-8d1c-bfccf82ceb6e,PS3568.O243O75,1,elsewhere_review,1961–2000,bokheim:curation:eea452b2-e068-51a0-9f67-aebfdad03ed7
American,unified:11e637ca-b753-50aa-8d1c-bfccf82ceb6e,PS3568.O243O97,1,elsewhere_review,1961–2000,bokheim:curation:eea452b2-e068-51a0-9f67-aebfdad03ed7
American,unified:11e637ca-b753-50aa-8d1c-bfccf82ceb6e,PS3568.O243P3,1,elsewhere_review,1961–2000,bokheim:curation:eea452b2-e068-51a0-9f67-aebfdad03ed7
American,unified:11e637ca-b753-50aa-8d1c-bfccf82ceb6e,PS3568.O243P34,1,elsewhere_review,1961–2000,bokheim:curation:eea452b2-e068-51a0-9f67-aebfdad03ed7
American,unified:11e637ca-b753-50aa-8d1c-bfccf82ceb6e,PS3568.O243P73,1,elsewhere_review,1961–2000,bokheim:curation:eea452b2-e068-51a0-9f67-aebfdad03ed7
American,unified:11e637ca-b753-50aa-8d1c-bfccf82ceb6e,PS3568.O243P76,1,elsewhere_review,1961–2000,bokheim:curation:eea452b2-e068-51a0-9f67-aebfdad03ed7
American,unified:11e637ca-b753-50aa-8d1c-bfccf82ceb6e,PS3568.O243R33,1,elsewhere_review,1961–2000,bokheim:curation:eea452b2-e068-51a0-9f67-aebfdad03ed7
American,unified:11e637ca-b753-50aa-8d1c-bfccf82ceb6e,PS3568.O243R37,1,elsewhere_review,1961–2000,bokheim:curation:eea452b2-e068-51a0-9f67-aebfdad03ed7
American,unified:11e637ca-b753-50aa-8d1c-bfccf82ceb6e,PS3568.O243R43,1,elsewhere_review,1961–2000,bokheim:curation:eea452b2-e068-51a0-9f67-aebfdad03ed7
American,unified:11e637ca-b753-50aa-8d1c-bfccf82ceb6e,PS3568.O243R58,1,elsewhere_review,1961–2000,bokheim:curation:eea452b2-e068-51a0-9f67-aebfdad03ed7
American,unified:11e637ca-b753-50aa-8d1c-bfccf82ceb6e,PS3568.O243S23,1,elsewhere_review,1961–2000,bokheim:curation:eea452b2-e068-51a0-9f67-aebfdad03ed7
American,unified:11e637ca-b753-50aa-8d1c-bfccf82ceb6e,PS3568.O243S26,1,elsewhere_review,1961–2000,bokheim:curation:eea452b2-e068-51a0-9f67-aebfdad03ed7
American,unified:11e637ca-b753-50aa-8d1c-bfccf82ceb6e,PS3568.O243S35,1,elsewhere_review,1961–2000,bokheim:curation:eea452b2-e068-51a0-9f67-aebfdad03ed7
American,unified:11e637ca-b753-50aa-8d1c-bfccf82ceb6e,PS3568.O243S38,1,elsewhere_review,1961–2000,bokheim:curation:eea452b2-e068-51a0-9f67-aebfdad03ed7
American,unified:11e637ca-b753-50aa-8d1c-bfccf82ceb6e,PS3568.O243S42,1,elsewhere_review,1961–2000,bokheim:curation:eea452b2-e068-51a0-9f67-aebfdad03ed7
American,unified:11e637ca-b753-50aa-8d1c-bfccf82ceb6e,PS3568.O243S435,1,elsewhere_review,1961–2000,bokheim:curation:eea452b2-e068-51a0-9f67-aebfdad03ed7
American,unified:11e637ca-b753-50aa-8d1c-bfccf82ceb6e,PS3568.O243S477,1,elsewhere_review,1961–2000,bokheim:curation:eea452b2-e068-51a0-9f67-aebfdad03ed7
American,unified:11e637ca-b753-50aa-8d1c-bfccf82ceb6e,PS3568.O243S496,1,elsewhere_review,1961–2000,bokheim:curation:eea452b2-e068-51a0-9f67-aebfdad03ed7
American,unified:11e637ca-b753-50aa-8d1c-bfccf82ceb6e,PS3568.O243S53,1,elsewhere_review,1961–2000,bokheim:curation:eea452b2-e068-51a0-9f67-aebfdad03ed7
American,unified:11e637ca-b753-50aa-8d1c-bfccf82ceb6e,PS3568.O243S535,1,elsewhere_review,1961–2000,bokheim:curation:eea452b2-e068-51a0-9f67-aebfdad03ed7
American,unified:11e637ca-b753-50aa-8d1c-bfccf82ceb6e,PS3568.O243S73,1,elsewhere_review,1961–2000,bokheim:curation:eea452b2-e068-51a0-9f67-aebfdad03ed7
American,unified:11e637ca-b753-50aa-8d1c-bfccf82ceb6e,PS3568.O243S77,1,elsewhere_review,1961–2000,bokheim:curation:eea452b2-e068-51a0-9f67-aebfdad03ed7
American,unified:11e637ca-b753-50aa-8d1c-bfccf82ceb6e,PS3568.O243T43,1,elsewhere_review,1961–2000,bokheim:curation:eea452b2-e068-51a0-9f67-aebfdad03ed7
American,unified:11e637ca-b753-50aa-8d1c-bfccf82ceb6e,PS3568.O243T475,1,elsewhere_review,1961–2000,bokheim:curation:eea452b2-e068-51a0-9f67-aebfdad03ed7
American,unified:11e637ca-b753-50aa-8d1c-bfccf82ceb6e,PS3568.O243T56,1,elsewhere_review,1961–2000,bokheim:curation:eea452b2-e068-51a0-9f67-aebfdad03ed7
American,unified:11e637ca-b753-50aa-8d1c-bfccf82ceb6e,PS3568.O243T66,1,elsewhere_review,1961–2000,bokheim:curation:eea452b2-e068-51a0-9f67-aebfdad03ed7
American,unified:11e637ca-b753-50aa-8d1c-bfccf82ceb6e,PS3568.O243T73,1,elsewhere_review,1961–2000,bokheim:curation:eea452b2-e068-51a0-9f67-aebfdad03ed7
American,unified:11e637ca-b753-50aa-8d1c-bfccf82ceb6e,PS3568.O243T75,1,elsewhere_review,1961–2000,bokheim:curation:eea452b2-e068-51a0-9f67-aebfdad03ed7
American,unified:11e637ca-b753-50aa-8d1c-bfccf82ceb6e,PS3568.O243V54,1,elsewhere_review,1961–2000,bokheim:curation:eea452b2-e068-51a0-9f67-aebfdad03ed7
American,unified:11e637ca-b753-50aa-8d1c-bfccf82ceb6e,PS3568.O243V55,1,elsewhere_review,1961–2000,bokheim:curation:eea452b2-e068-51a0-9f67-aebfdad03ed7
American,unified:11e637ca-b753-50aa-8d1c-bfccf82ceb6e,PS3568.O243W58,1,elsewhere_review,1961–2000,bokheim:curation:eea452b2-e068-51a0-9f67-aebfdad03ed7
American,unified:11e637ca-b753-50aa-8d1c-bfccf82ceb6e,PS3568.O243Y43,1,elsewhere_review,1961–2000,bokheim:curation:eea452b2-e068-51a0-9f67-aebfdad03ed7
American,unified:11e637ca-b753-50aa-8d1c-bfccf82ceb6e,PS3568.O243Z53,1,elsewhere_review,1961–2000,bokheim:curation:eea452b2-e068-51a0-9f67-aebfdad03ed7
American,unified:11e637ca-b753-50aa-8d1c-bfccf82ceb6e,PS3568.O243Z8,1,elsewhere_review,1961–2000,bokheim:curation:eea452b2-e068-51a0-9f67-aebfdad03ed7
American,unified:11e637ca-b753-50aa-8d1c-bfccf82ceb6e,PS3568.O243Z88,1,elsewhere_review,1961–2000,bokheim:curation:eea452b2-e068-51a0-9f67-aebfdad03ed7
American,unified:11e637ca-b753-50aa-8d1c-bfccf82ceb6e,PS3568.O2493,1,elsewhere_review,1961–2000,bokheim:curation:eea452b2-e068-51a0-9f67-aebfdad03ed7
American,unified:11e637ca-b753-50aa-8d1c-bfccf82ceb6e,PS3568.O7639L5,1,elsewhere_review,1961–2000,bokheim:curation:eea452b2-e068-51a0-9f67-aebfdad03ed7
American,unified:11e637ca-b753-50aa-8d1c-bfccf82ceb6e,PS3568.O7644G65,1,elsewhere_review,1961–2000,bokheim:curation:eea452b2-e068-51a0-9f67-aebfdad03ed7
American,unified:11e637ca-b753-50aa-8d1c-bfccf82ceb6e,PS3568.O7644H35,1,elsewhere_review,1961–2000,bokheim:curation:eea452b2-e068-51a0-9f67-aebfdad03ed7
American,unified:11e637ca-b753-50aa-8d1c-bfccf82ceb6e,PS3568.O873.P31,1,elsewhere_review,1961–2000,bokheim:curation:eea452b2-e068-51a0-9f67-aebfdad03ed7
American,unified:11e637ca-b753-50aa-8d1c-bfccf82ceb6e,PS3568E367,1,elsewhere_review,1961–2000,bokheim:curation:eea452b2-e068-51a0-9f67-aebfdad03ed7
American,unified:11e637ca-b753-50aa-8d1c-bfccf82ceb6e,PS3569.A5125C29,1,elsewhere_review,1961–2000,bokheim:curation:eea452b2-e068-51a0-9f67-aebfdad03ed7
American,unified:11e637ca-b753-50aa-8d1c-bfccf82ceb6e,PS3569.A5125C3,1,elsewhere_review,1961–2000,bokheim:curation:eea452b2-e068-51a0-9f67-aebfdad03ed7
American,unified:11e637ca-b753-50aa-8d1c-bfccf82ceb6e,PS3569.A5125E5,1,elsewhere_review,1961–2000,bokheim:curation:eea452b2-e068-51a0-9f67-aebfdad03ed7
American,unified:11e637ca-b753-50aa-8d1c-bfccf82ceb6e,PS3569.A5125G85,1,elsewhere_review,1961–2000,bokheim:curation:eea452b2-e068-51a0-9f67-aebfdad03ed7
American,unified:11e637ca-b753-50aa-8d1c-bfccf82ceb6e,PS3569.A5125M34,1,elsewhere_review,1961–2000,bokheim:curation:eea452b2-e068-51a0-9f67-aebfdad03ed7
American,unified:11e637ca-b753-50aa-8d1c-bfccf82ceb6e,PS3569.A5125M342,1,elsewhere_review,1961–2000,bokheim:curation:eea452b2-e068-51a0-9f67-aebfdad03ed7
American,unified:11e637ca-b753-50aa-8d1c-bfccf82ceb6e,PS3569.A5125M345,1,elsewhere_review,1961–2000,bokheim:curation:eea452b2-e068-51a0-9f67-aebfdad03ed7
American,unified:11e637ca-b753-50aa-8d1c-bfccf82ceb6e,PS3569.A5125M35,1,elsewhere_review,1961–2000,bokheim:curation:eea452b2-e068-51a0-9f67-aebfdad03ed7
American,unified:11e637ca-b753-50aa-8d1c-bfccf82ceb6e,PS3569.A5125M357,1,elsewhere_review,1961–2000,bokheim:curation:eea452b2-e068-51a0-9f67-aebfdad03ed7
American,unified:11e637ca-b753-50aa-8d1c-bfccf82ceb6e,PS3569.A5125M36,1,elsewhere_review,1961–2000,bokheim:curation:eea452b2-e068-51a0-9f67-aebfdad03ed7
American,unified:11e637ca-b753-50aa-8d1c-bfccf82ceb6e,PS3569.A5125M37,1,elsewhere_review,1961–2000,bokheim:curation:eea452b2-e068-51a0-9f67-aebfdad03ed7
American,unified:11e637ca-b753-50aa-8d1c-bfccf82ceb6e,PS3569.A5125M38,1,elsewhere_review,1961–2000,bokheim:curation:eea452b2-e068-51a0-9f67-aebfdad03ed7
American,unified:11e637ca-b753-50aa-8d1c-bfccf82ceb6e,PS3569.A5125P3,1,elsewhere_review,1961–2000,bokheim:curation:eea452b2-e068-51a0-9f67-aebfdad03ed7
American,unified:11e637ca-b753-50aa-8d1c-bfccf82ceb6e,PS3569.A5125S2,1,elsewhere_review,1961–2000,bokheim:curation:eea452b2-e068-51a0-9f67-aebfdad03ed7
American,unified:11e637ca-b753-50aa-8d1c-bfccf82ceb6e,PS3569.A5125S48,1,elsewhere_review,1961–2000,bokheim:curation:eea452b2-e068-51a0-9f67-aebfdad03ed7
American,unified:11e637ca-b753-50aa-8d1c-bfccf82ceb6e,PS3569.A5125S86,1,elsewhere_review,1961–2000,bokheim:curation:eea452b2-e068-51a0-9f67-aebfdad03ed7
American,unified:11e637ca-b753-50aa-8d1c-bfccf82ceb6e,PS3569.A5125T4,1,elsewhere_review,1961–2000,bokheim:curation:eea452b2-e068-51a0-9f67-aebfdad03ed7
American,unified:11e637ca-b753-50aa-8d1c-bfccf82ceb6e,PS3569.A5125T53,1,elsewhere_review,1961–2000,bokheim:curation:eea452b2-e068-51a0-9f67-aebfdad03ed7
American,unified:11e637ca-b753-50aa-8d1c-bfccf82ceb6e,PS3569.A5125T56,1,elsewhere_review,1961–2000,bokheim:curation:eea452b2-e068-51a0-9f67-aebfdad03ed7
American,unified:11e637ca-b753-50aa-8d1c-bfccf82ceb6e,PS3569.A5125T58,1,elsewhere_review,1961–2000,bokheim:curation:eea452b2-e068-51a0-9f67-aebfdad03ed7
American,unified:11e637ca-b753-50aa-8d1c-bfccf82ceb6e,PS3569.A516B33,1,elsewhere_review,1961–2000,bokheim:curation:eea452b2-e068-51a0-9f67-aebfdad03ed7
American,unified:11e637ca-b753-50aa-8d1c-bfccf82ceb6e,PS3569.A516B87,1,elsewhere_review,1961–2000,bokheim:curation:eea452b2-e068-51a0-9f67-aebfdad03ed7
American,unified:11e637ca-b753-50aa-8d1c-bfccf82ceb6e,PS3569.A516C47,1,elsewhere_review,1961–2000,bokheim:curation:eea452b2-e068-51a0-9f67-aebfdad03ed7
American,unified:11e637ca-b753-50aa-8d1c-bfccf82ceb6e,PS3569.A516C5,1,elsewhere_review,1961–2000,bokheim:curation:eea452b2-e068-51a0-9f67-aebfdad03ed7
American,unified:11e637ca-b753-50aa-8d1c-bfccf82ceb6e,PS3569.A516D48,1,elsewhere_review,1961–2000,bokheim:curation:eea452b2-e068-51a0-9f67-aebfdad03ed7
American,unified:11e637ca-b753-50aa-8d1c-bfccf82ceb6e,PS3569.A516E27,1,elsewhere_review,1961–2000,bokheim:curation:eea452b2-e068-51a0-9f67-aebfdad03ed7
American,unified:11e637ca-b753-50aa-8d1c-bfccf82ceb6e,PS3569.A516E47,1,elsewhere_review,1961–2000,bokheim:curation:eea452b2-e068-51a0-9f67-aebfdad03ed7
American,unified:11e637ca-b753-50aa-8d1c-bfccf82ceb6e,PS3569.A516E83,1,elsewhere_review,1961–2000,bokheim:curation:eea452b2-e068-51a0-9f67-aebfdad03ed7
American,unified:11e637ca-b753-50aa-8d1c-bfccf82ceb6e,PS3569.A516E88,1,elsewhere_review,1961–2000,bokheim:curation:eea452b2-e068-51a0-9f67-aebfdad03ed7
American,unified:11e637ca-b753-50aa-8d1c-bfccf82ceb6e,PS3569.A516E9,1,elsewhere_review,1961–2000,bokheim:curation:eea452b2-e068-51a0-9f67-aebfdad03ed7
American,unified:11e637ca-b753-50aa-8d1c-bfccf82ceb6e,PS3569.A516F54,1,elsewhere_review,1961–2000,bokheim:curation:eea452b2-e068-51a0-9f67-aebfdad03ed7
American,unified:11e637ca-b753-50aa-8d1c-bfccf82ceb6e,PS3569.A516F66,1,elsewhere_review,1961–2000,bokheim:curation:eea452b2-e068-51a0-9f67-aebfdad03ed7
American,unified:11e637ca-b753-50aa-8d1c-bfccf82ceb6e,PS3569.A516G38,1,elsewhere_review,1961–2000,bokheim:curation:eea452b2-e068-51a0-9f67-aebfdad03ed7
American,unified:11e637ca-b753-50aa-8d1c-bfccf82ceb6e,PS3569.A516H43,1,elsewhere_review,1961–2000,bokheim:curation:eea452b2-e068-51a0-9f67-aebfdad03ed7
American,unified:11e637ca-b753-50aa-8d1c-bfccf82ceb6e,PS3569.A516H54,1,elsewhere_review,1961–2000,bokheim:curation:eea452b2-e068-51a0-9f67-aebfdad03ed7
American,unified:11e637ca-b753-50aa-8d1c-bfccf82ceb6e,PS3569.A516H65,1,elsewhere_review,1961–2000,bokheim:curation:eea452b2-e068-51a0-9f67-aebfdad03ed7
American,unified:11e637ca-b753-50aa-8d1c-bfccf82ceb6e,PS3569.A516J8,1,elsewhere_review,1961–2000,bokheim:curation:eea452b2-e068-51a0-9f67-aebfdad03ed7
American,unified:11e637ca-b753-50aa-8d1c-bfccf82ceb6e,PS3569.A516L48,1,elsewhere_review,1961–2000,bokheim:curation:eea452b2-e068-51a0-9f67-aebfdad03ed7
American,unified:11e637ca-b753-50aa-8d1c-bfccf82ceb6e,PS3569.A516M33,1,elsewhere_review,1961–2000,bokheim:curation:eea452b2-e068-51a0-9f67-aebfdad03ed7
American,unified:11e637ca-b753-50aa-8d1c-bfccf82ceb6e,PS3569.A516M56,1,elsewhere_review,1961–2000,bokheim:curation:eea452b2-e068-51a0-9f67-aebfdad03ed7
American,unified:11e637ca-b753-50aa-8d1c-bfccf82ceb6e,PS3569.A516M67,1,elsewhere_review,1961–2000,bokheim:curation:eea452b2-e068-51a0-9f67-aebfdad03ed7
American,unified:11e637ca-b753-50aa-8d1c-bfccf82ceb6e,PS3569.A516N46,1,elsewhere_review,1961–2000,bokheim:curation:eea452b2-e068-51a0-9f67-aebfdad03ed7
American,unified:11e637ca-b753-50aa-8d1c-bfccf82ceb6e,PS3569.A516N5,1,elsewhere_review,1961–2000,bokheim:curation:eea452b2-e068-51a0-9f67-aebfdad03ed7
American,unified:11e637ca-b753-50aa-8d1c-bfccf82ceb6e,PS3569.A516N53,1,elsewhere_review,1961–2000,bokheim:curation:eea452b2-e068-51a0-9f67-aebfdad03ed7
American,unified:11e637ca-b753-50aa-8d1c-bfccf82ceb6e,PS3569.A516P53,1,elsewhere_review,1961–2000,bokheim:curation:eea452b2-e068-51a0-9f67-aebfdad03ed7
American,unified:11e637ca-b753-50aa-8d1c-bfccf82ceb6e,PS3569.A516R68,1,elsewhere_review,1961–2000,bokheim:curation:eea452b2-e068-51a0-9f67-aebfdad03ed7
American,unified:11e637ca-b753-50aa-8d1c-bfccf82ceb6e,PS3569.A516R8,1,elsewhere_review,1961–2000,bokheim:curation:eea452b2-e068-51a0-9f67-aebfdad03ed7
American,unified:11e637ca-b753-50aa-8d1c-bfccf82ceb6e,PS3569.A516S28,1,elsewhere_review,1961–2000,bokheim:curation:eea452b2-e068-51a0-9f67-aebfdad03ed7
American,unified:11e637ca-b753-50aa-8d1c-bfccf82ceb6e,PS3569.A516S43,1,elsewhere_review,1961–2000,bokheim:curation:eea452b2-e068-51a0-9f67-aebfdad03ed7
American,unified:11e637ca-b753-50aa-8d1c-bfccf82ceb6e,PS3569.A516S54,1,elsewhere_review,1961–2000,bokheim:curation:eea452b2-e068-51a0-9f67-aebfdad03ed7
American,unified:11e637ca-b753-50aa-8d1c-bfccf82ceb6e,PS3569.A516S55,1,elsewhere_review,1961–2000,bokheim:curation:eea452b2-e068-51a0-9f67-aebfdad03ed7
American,unified:11e637ca-b753-50aa-8d1c-bfccf82ceb6e,PS3569.A516S57,1,elsewhere_review,1961–2000,bokheim:curation:eea452b2-e068-51a0-9f67-aebfdad03ed7
American,unified:11e637ca-b753-50aa-8d1c-bfccf82ceb6e,PS3569.A516S75,1,elsewhere_review,1961–2000,bokheim:curation:eea452b2-e068-51a0-9f67-aebfdad03ed7
American,unified:11e637ca-b753-50aa-8d1c-bfccf82ceb6e,PS3569.A516S76,1,elsewhere_review,1961–2000,bokheim:curation:eea452b2-e068-51a0-9f67-aebfdad03ed7
American,unified:11e637ca-b753-50aa-8d1c-bfccf82ceb6e,PS3569.A516S78,1,elsewhere_review,1961–2000,bokheim:curation:eea452b2-e068-51a0-9f67-aebfdad03ed7
American,unified:11e637ca-b753-50aa-8d1c-bfccf82ceb6e,PS3569.A516S8,1,elsewhere_review,1961–2000,bokheim:curation:eea452b2-e068-51a0-9f67-aebfdad03ed7
American,unified:11e637ca-b753-50aa-8d1c-bfccf82ceb6e,PS3569.A516T69,1,elsewhere_review,1961–2000,bokheim:curation:eea452b2-e068-51a0-9f67-aebfdad03ed7
American,unified:11e637ca-b753-50aa-8d1c-bfccf82ceb6e,PS3569.A516T95,1,elsewhere_review,1961–2000,bokheim:curation:eea452b2-e068-51a0-9f67-aebfdad03ed7
American,unified:11e637ca-b753-50aa-8d1c-bfccf82ceb6e,PS3569.A516W53,1,elsewhere_review,1961–2000,bokheim:curation:eea452b2-e068-51a0-9f67-aebfdad03ed7
American,unified:11e637ca-b753-50aa-8d1c-bfccf82ceb6e,PS3569.A516W56,1,elsewhere_review,1961–2000,bokheim:curation:eea452b2-e068-51a0-9f67-aebfdad03ed7
American,unified:11e637ca-b753-50aa-8d1c-bfccf82ceb6e,PS3569.C695.D36,1,elsewhere_review,1961–2000,bokheim:curation:eea452b2-e068-51a0-9f67-aebfdad03ed7
American,unified:11e637ca-b753-50aa-8d1c-bfccf82ceb6e,PS3569.E1763,1,elsewhere_review,1961–2000,bokheim:curation:eea452b2-e068-51a0-9f67-aebfdad03ed7
American,unified:11e637ca-b753-50aa-8d1c-bfccf82ceb6e,PS3569.E18A67,1,elsewhere_review,1961–2000,bokheim:curation:eea452b2-e068-51a0-9f67-aebfdad03ed7
American,unified:11e637ca-b753-50aa-8d1c-bfccf82ceb6e,PS3569.E18A79,1,elsewhere_review,1961–2000,bokheim:curation:eea452b2-e068-51a0-9f67-aebfdad03ed7
American,unified:11e637ca-b753-50aa-8d1c-bfccf82ceb6e,PS3569.E18B55,1,elsewhere_review,1961–2000,bokheim:curation:eea452b2-e068-51a0-9f67-aebfdad03ed7
American,unified:11e637ca-b753-50aa-8d1c-bfccf82ceb6e,PS3569.E18F57,1,elsewhere_review,1961–2000,bokheim:curation:eea452b2-e068-51a0-9f67-aebfdad03ed7
American,unified:11e637ca-b753-50aa-8d1c-bfccf82ceb6e,PS3569.E18K38,1,elsewhere_review,1961–2000,bokheim:curation:eea452b2-e068-51a0-9f67-aebfdad03ed7
American,unified:11e637ca-b753-50aa-8d1c-bfccf82ceb6e,PS3569.H3427O6,1,elsewhere_review,1961–2000,bokheim:curation:eea452b2-e068-51a0-9f67-aebfdad03ed7
American,unified:11e637ca-b753-50aa-8d1c-bfccf82ceb6e,PS3569.H3928R5,1,elsewhere_review,1961–2000,bokheim:curation:eea452b2-e068-51a0-9f67-aebfdad03ed7
American,unified:11e637ca-b753-50aa-8d1c-bfccf82ceb6e,PS3569.H5792E43,1,elsewhere_review,1961–2000,bokheim:curation:eea452b2-e068-51a0-9f67-aebfdad03ed7
American,unified:11e637ca-b753-50aa-8d1c-bfccf82ceb6e,PS3569.I4717M36,1,elsewhere_review,1961–2000,bokheim:curation:eea452b2-e068-51a0-9f67-aebfdad03ed7
American,unified:11e637ca-b753-50aa-8d1c-bfccf82ceb6e,PS3569.I472A79,1,elsewhere_review,1961–2000,bokheim:curation:eea452b2-e068-51a0-9f67-aebfdad03ed7
American,unified:11e637ca-b753-50aa-8d1c-bfccf82ceb6e,PS3569.I472C6,1,elsewhere_review,1961–2000,bokheim:curation:eea452b2-e068-51a0-9f67-aebfdad03ed7
American,unified:11e637ca-b753-50aa-8d1c-bfccf82ceb6e,PS3569.I472D69,1,elsewhere_review,1961–2000,bokheim:curation:eea452b2-e068-51a0-9f67-aebfdad03ed7
American,unified:11e637ca-b753-50aa-8d1c-bfccf82ceb6e,PS3569.I472D95,1,elsewhere_review,1961–2000,bokheim:curation:eea452b2-e068-51a0-9f67-aebfdad03ed7
American,unified:11e637ca-b753-50aa-8d1c-bfccf82ceb6e,PS3569.I472G5,1,elsewhere_review,1961–2000,bokheim:curation:eea452b2-e068-51a0-9f67-aebfdad03ed7
American,unified:11e637ca-b753-50aa-8d1c-bfccf82ceb6e,PS3569.I472H68,1,elsewhere_review,1961–2000,bokheim:curation:eea452b2-e068-51a0-9f67-aebfdad03ed7
American,unified:11e637ca-b753-50aa-8d1c-bfccf82ceb6e,PS3569.I472L63,1,elsewhere_review,1961–2000,bokheim:curation:eea452b2-e068-51a0-9f67-aebfdad03ed7
American,unified:11e637ca-b753-50aa-8d1c-bfccf82ceb6e,PS3569.I472L64,1,elsewhere_review,1961–2000,bokheim:curation:eea452b2-e068-51a0-9f67-aebfdad03ed7
American,unified:11e637ca-b753-50aa-8d1c-bfccf82ceb6e,PS3569.I472M3,1,elsewhere_review,1961–2000,bokheim:curation:eea452b2-e068-51a0-9f67-aebfdad03ed7
American,unified:11e637ca-b753-50aa-8d1c-bfccf82ceb6e,PS3569.I472R6,1,elsewhere_review,1961–2000,bokheim:curation:eea452b2-e068-51a0-9f67-aebfdad03ed7
American,unified:11e637ca-b753-50aa-8d1c-bfccf82ceb6e,PS3569.I472T55,1,elsewhere_review,1961–2000,bokheim:curation:eea452b2-e068-51a0-9f67-aebfdad03ed7
American,unified:11e637ca-b753-50aa-8d1c-bfccf82ceb6e,PS3569.I472T6,1,elsewhere_review,1961–2000,bokheim:curation:eea452b2-e068-51a0-9f67-aebfdad03ed7
American,unified:11e637ca-b753-50aa-8d1c-bfccf82ceb6e,PS3569.I472T66,1,elsewhere_review,1961–2000,bokheim:curation:eea452b2-e068-51a0-9f67-aebfdad03ed7
American,unified:11e637ca-b753-50aa-8d1c-bfccf82ceb6e,PS3569.I472T69,1,elsewhere_review,1961–2000,bokheim:curation:eea452b2-e068-51a0-9f67-aebfdad03ed7
American,unified:11e637ca-b753-50aa-8d1c-bfccf82ceb6e,PS3569.I472V159,1,elsewhere_review,1961–2000,bokheim:curation:eea452b2-e068-51a0-9f67-aebfdad03ed7
American,unified:11e637ca-b753-50aa-8d1c-bfccf82ceb6e,PS3569.I472W57,1,elsewhere_review,1961–2000,bokheim:curation:eea452b2-e068-51a0-9f67-aebfdad03ed7
American,unified:11e637ca-b753-50aa-8d1c-bfccf82ceb6e,PS3569.I472W6,1,elsewhere_review,1961–2000,bokheim:curation:eea452b2-e068-51a0-9f67-aebfdad03ed7
American,unified:11e637ca-b753-50aa-8d1c-bfccf82ceb6e,PS3569.I565D45,1,elsewhere_review,1961–2000,bokheim:curation:eea452b2-e068-51a0-9f67-aebfdad03ed7
American,unified:11e637ca-b753-50aa-8d1c-bfccf82ceb6e,PS3569.I565F7,1,elsewhere_review,1961–2000,bokheim:curation:eea452b2-e068-51a0-9f67-aebfdad03ed7
American,unified:11e637ca-b753-50aa-8d1c-bfccf82ceb6e,PS3569.I565F8,1,elsewhere_review,1961–2000,bokheim:curation:eea452b2-e068-51a0-9f67-aebfdad03ed7
American,unified:11e637ca-b753-50aa-8d1c-bfccf82ceb6e,PS3569.I565R69,1,elsewhere_review,1961–2000,bokheim:curation:eea452b2-e068-51a0-9f67-aebfdad03ed7
American,unified:11e637ca-b753-50aa-8d1c-bfccf82ceb6e,PS3569.I565S2,1,elsewhere_review,1961–2000,bokheim:curation:eea452b2-e068-51a0-9f67-aebfdad03ed7
American,unified:11e637ca-b753-50aa-8d1c-bfccf82ceb6e,PS3569.I565S6,1,elsewhere_review,1961–2000,bokheim:curation:eea452b2-e068-51a0-9f67-aebfdad03ed7
American,unified:11e637ca-b753-50aa-8d1c-bfccf82ceb6e,PS3569.I565S86,1,elsewhere_review,1961–2000,bokheim:curation:eea452b2-e068-51a0-9f67-aebfdad03ed7
American,unified:11e637ca-b753-50aa-8d1c-bfccf82ceb6e,PS3569.L25C66,1,elsewhere_review,1961–2000,bokheim:curation:eea452b2-e068-51a0-9f67-aebfdad03ed7
American,unified:11e637ca-b753-50aa-8d1c-bfccf82ceb6e,PS3569.L25L86,1,elsewhere_review,1961–2000,bokheim:curation:eea452b2-e068-51a0-9f67-aebfdad03ed7
American,unified:11e637ca-b753-50aa-8d1c-bfccf82ceb6e,PS3569.L25R47,1,elsewhere_review,1961–2000,bokheim:curation:eea452b2-e068-51a0-9f67-aebfdad03ed7
American,unified:11e637ca-b753-50aa-8d1c-bfccf82ceb6e,PS3569.L3.S56,1,elsewhere_review,1961–2000,bokheim:curation:eea452b2-e068-51a0-9f67-aebfdad03ed7
American,unified:11e637ca-b753-50aa-8d1c-bfccf82ceb6e,PS3569.L3A6,1,elsewhere_review,1961–2000,bokheim:curation:eea452b2-e068-51a0-9f67-aebfdad03ed7
American,unified:11e637ca-b753-50aa-8d1c-bfccf82ceb6e,PS3569.L3B5,1,elsewhere_review,1961–2000,bokheim:curation:eea452b2-e068-51a0-9f67-aebfdad03ed7
American,unified:11e637ca-b753-50aa-8d1c-bfccf82ceb6e,PS3569.L3C48,1,elsewhere_review,1961–2000,bokheim:curation:eea452b2-e068-51a0-9f67-aebfdad03ed7
American,unified:11e637ca-b753-50aa-8d1c-bfccf82ceb6e,PS3569.L3C5,1,elsewhere_review,1961–2000,bokheim:curation:eea452b2-e068-51a0-9f67-aebfdad03ed7
American,unified:11e637ca-b753-50aa-8d1c-bfccf82ceb6e,PS3569.L3C55,1,elsewhere_review,1961–2000,bokheim:curation:eea452b2-e068-51a0-9f67-aebfdad03ed7
American,unified:11e637ca-b753-50aa-8d1c-bfccf82ceb6e,PS3569.L3C58,1,elsewhere_review,1961–2000,bokheim:curation:eea452b2-e068-51a0-9f67-aebfdad03ed7
American,unified:11e637ca-b753-50aa-8d1c-bfccf82ceb6e,PS3569.L3C7,1,elsewhere_review,1961–2000,bokheim:curation:eea452b2-e068-51a0-9f67-aebfdad03ed7
American,unified:11e637ca-b753-50aa-8d1c-bfccf82ceb6e,PS3569.L3D6,1,elsewhere_review,1961–2000,bokheim:curation:eea452b2-e068-51a0-9f67-aebfdad03ed7
American,unified:11e637ca-b753-50aa-8d1c-bfccf82ceb6e,PS3569.L3D85,1,elsewhere_review,1961–2000,bokheim:curation:eea452b2-e068-51a0-9f67-aebfdad03ed7
American,unified:11e637ca-b753-50aa-8d1c-bfccf82ceb6e,PS3569.L3E28,1,elsewhere_review,1961–2000,bokheim:curation:eea452b2-e068-51a0-9f67-aebfdad03ed7
American,unified:11e637ca-b753-50aa-8d1c-bfccf82ceb6e,PS3569.L3E4,1,elsewhere_review,1961–2000,bokheim:curation:eea452b2-e068-51a0-9f67-aebfdad03ed7
American,unified:11e637ca-b753-50aa-8d1c-bfccf82ceb6e,PS3569.L3E67,1,elsewhere_review,1961–2000,bokheim:curation:eea452b2-e068-51a0-9f67-aebfdad03ed7
American,unified:11e637ca-b753-50aa-8d1c-bfccf82ceb6e,PS3569.L3F35,1,elsewhere_review,1961–2000,bokheim:curation:eea452b2-e068-51a0-9f67-aebfdad03ed7
American,unified:11e637ca-b753-50aa-8d1c-bfccf82ceb6e,PS3569.L3G54,1,elsewhere_review,1961–2000,bokheim:curation:eea452b2-e068-51a0-9f67-aebfdad03ed7
American,unified:11e637ca-b753-50aa-8d1c-bfccf82ceb6e,PS3569.L3H8,1,elsewhere_review,1961–2000,bokheim:curation:eea452b2-e068-51a0-9f67-aebfdad03ed7
American,unified:11e637ca-b753-50aa-8d1c-bfccf82ceb6e,PS3569.L3L5,1,elsewhere_review,1961–2000,bokheim:curation:eea452b2-e068-51a0-9f67-aebfdad03ed7
American,unified:11e637ca-b753-50aa-8d1c-bfccf82ceb6e,PS3569.L3O68,1,elsewhere_review,1961–2000,bokheim:curation:eea452b2-e068-51a0-9f67-aebfdad03ed7
American,unified:11e637ca-b753-50aa-8d1c-bfccf82ceb6e,PS3569.L3P64,1,elsewhere_review,1961–2000,bokheim:curation:eea452b2-e068-51a0-9f67-aebfdad03ed7
American,unified:11e637ca-b753-50aa-8d1c-bfccf82ceb6e,PS3569.L3P7,1,elsewhere_review,1961–2000,bokheim:curation:eea452b2-e068-51a0-9f67-aebfdad03ed7
American,unified:11e637ca-b753-50aa-8d1c-bfccf82ceb6e,PS3569.L3S35,1,elsewhere_review,1961–2000,bokheim:curation:eea452b2-e068-51a0-9f67-aebfdad03ed7
American,unified:11e637ca-b753-50aa-8d1c-bfccf82ceb6e,PS3569.L3S48,1,elsewhere_review,1961–2000,bokheim:curation:eea452b2-e068-51a0-9f67-aebfdad03ed7
American,unified:11e637ca-b753-50aa-8d1c-bfccf82ceb6e,PS3569.L3S5,1,elsewhere_review,1961–2000,bokheim:curation:eea452b2-e068-51a0-9f67-aebfdad03ed7
American,unified:11e637ca-b753-50aa-8d1c-bfccf82ceb6e,PS3569.L3T8,1,elsewhere_review,1961–2000,bokheim:curation:eea452b2-e068-51a0-9f67-aebfdad03ed7
American,unified:11e637ca-b753-50aa-8d1c-bfccf82ceb6e,PS3569.L3V53,1,elsewhere_review,1961–2000,bokheim:curation:eea452b2-e068-51a0-9f67-aebfdad03ed7
American,unified:11e637ca-b753-50aa-8d1c-bfccf82ceb6e,PS3569.L3W3,1,elsewhere_review,1961–2000,bokheim:curation:eea452b2-e068-51a0-9f67-aebfdad03ed7
American,unified:11e637ca-b753-50aa-8d1c-bfccf82ceb6e,PS3569.L3W55,1,elsewhere_review,1961–2000,bokheim:curation:eea452b2-e068-51a0-9f67-aebfdad03ed7
American,unified:11e637ca-b753-50aa-8d1c-bfccf82ceb6e,PS3569.M5377C36,1,elsewhere_review,1961–2000,bokheim:curation:eea452b2-e068-51a0-9f67-aebfdad03ed7
American,unified:11e637ca-b753-50aa-8d1c-bfccf82ceb6e,PS3569.M5377G57,1,elsewhere_review,1961–2000,bokheim:curation:eea452b2-e068-51a0-9f67-aebfdad03ed7
American,unified:11e637ca-b753-50aa-8d1c-bfccf82ceb6e,PS3569.M5377G97,1,elsewhere_review,1961–2000,bokheim:curation:eea452b2-e068-51a0-9f67-aebfdad03ed7
American,unified:11e637ca-b753-50aa-8d1c-bfccf82ceb6e,PS3569.M5377H38,1,elsewhere_review,1961–2000,bokheim:curation:eea452b2-e068-51a0-9f67-aebfdad03ed7
American,unified:11e637ca-b753-50aa-8d1c-bfccf82ceb6e,PS3569.M5377N5,1,elsewhere_review,1961–2000,bokheim:curation:eea452b2-e068-51a0-9f67-aebfdad03ed7
American,unified:11e637ca-b753-50aa-8d1c-bfccf82ceb6e,PS3569.M5377P65,1,elsewhere_review,1961–2000,bokheim:curation:eea452b2-e068-51a0-9f67-aebfdad03ed7
American,unified:11e637ca-b753-50aa-8d1c-bfccf82ceb6e,PS3569.M5377R44,1,elsewhere_review,1961–2000,bokheim:curation:eea452b2-e068-51a0-9f67-aebfdad03ed7
American,unified:11e637ca-b753-50aa-8d1c-bfccf82ceb6e,PS3569.M5377S73,1,elsewhere_review,1961–2000,bokheim:curation:eea452b2-e068-51a0-9f67-aebfdad03ed7
American,unified:11e637ca-b753-50aa-8d1c-bfccf82ceb6e,PS3569.M5377T38,1,elsewhere_review,1961–2000,bokheim:curation:eea452b2-e068-51a0-9f67-aebfdad03ed7
American,unified:11e637ca-b753-50aa-8d1c-bfccf82ceb6e,PS3569.M5377W65,1,elsewhere_review,1961–2000,bokheim:curation:eea452b2-e068-51a0-9f67-aebfdad03ed7
American,unified:11e637ca-b753-50aa-8d1c-bfccf82ceb6e,PS3569.M538Y68,1,elsewhere_review,1961–2000,bokheim:curation:eea452b2-e068-51a0-9f67-aebfdad03ed7
American,unified:11e637ca-b753-50aa-8d1c-bfccf82ceb6e,PS3569.O587B33,1,elsewhere_review,1961–2000,bokheim:curation:eea452b2-e068-51a0-9f67-aebfdad03ed7
American,unified:11e637ca-b753-50aa-8d1c-bfccf82ceb6e,PS3569.O587F67,1,elsewhere_review,1961–2000,bokheim:curation:eea452b2-e068-51a0-9f67-aebfdad03ed7
American,unified:11e637ca-b753-50aa-8d1c-bfccf82ceb6e,PS3569.O587F68,1,elsewhere_review,1961–2000,bokheim:curation:eea452b2-e068-51a0-9f67-aebfdad03ed7
American,unified:11e637ca-b753-50aa-8d1c-bfccf82ceb6e,PS3569.O587L37,1,elsewhere_review,1961–2000,bokheim:curation:eea452b2-e068-51a0-9f67-aebfdad03ed7
American,unified:11e637ca-b753-50aa-8d1c-bfccf82ceb6e,PS3569.O587T86,1,elsewhere_review,1961–2000,bokheim:curation:eea452b2-e068-51a0-9f67-aebfdad03ed7
American,unified:11e637ca-b753-50aa-8d1c-bfccf82ceb6e,PS3569.P25B58,1,elsewhere_review,1961–2000,bokheim:curation:eea452b2-e068-51a0-9f67-aebfdad03ed7
American,unified:11e637ca-b753-50aa-8d1c-bfccf82ceb6e,PS3569.P25G58,1,elsewhere_review,1961–2000,bokheim:curation:eea452b2-e068-51a0-9f67-aebfdad03ed7
American,unified:11e637ca-b753-50aa-8d1c-bfccf82ceb6e,PS3569.T3342T88,1,elsewhere_review,1961–2000,bokheim:curation:eea452b2-e068-51a0-9f67-aebfdad03ed7
American,unified:11e637ca-b753-50aa-8d1c-bfccf82ceb6e,PS3569.T34,1,elsewhere_review,1961–2000,bokheim:curation:eea452b2-e068-51a0-9f67-aebfdad03ed7
American,unified:11e637ca-b753-50aa-8d1c-bfccf82ceb6e,PS3569.T6965B94,1,elsewhere_review,1961–2000,bokheim:curation:eea452b2-e068-51a0-9f67-aebfdad03ed7
American,unified:11e637ca-b753-50aa-8d1c-bfccf82ceb6e,PS3569.T6965C38,1,elsewhere_review,1961–2000,bokheim:curation:eea452b2-e068-51a0-9f67-aebfdad03ed7
American,unified:11e637ca-b753-50aa-8d1c-bfccf82ceb6e,PS3569.T6965C66,1,elsewhere_review,1961–2000,bokheim:curation:eea452b2-e068-51a0-9f67-aebfdad03ed7
American,unified:11e637ca-b753-50aa-8d1c-bfccf82ceb6e,PS3569.T6965D47,1,elsewhere_review,1961–2000,bokheim:curation:eea452b2-e068-51a0-9f67-aebfdad03ed7
American,unified:11e637ca-b753-50aa-8d1c-bfccf82ceb6e,PS3569.T6965G5,1,elsewhere_review,1961–2000,bokheim:curation:eea452b2-e068-51a0-9f67-aebfdad03ed7
American,unified:11e637ca-b753-50aa-8d1c-bfccf82ceb6e,PS3569.T6965W54,1,elsewhere_review,1961–2000,bokheim:curation:eea452b2-e068-51a0-9f67-aebfdad03ed7
American,unified:11e637ca-b753-50aa-8d1c-bfccf82ceb6e,PS3569.T875A79,1,elsewhere_review,1961–2000,bokheim:curation:eea452b2-e068-51a0-9f67-aebfdad03ed7
American,unified:11e637ca-b753-50aa-8d1c-bfccf82ceb6e,PS3569.T875D7,1,elsewhere_review,1961–2000,bokheim:curation:eea452b2-e068-51a0-9f67-aebfdad03ed7
American,unified:11e637ca-b753-50aa-8d1c-bfccf82ceb6e,PS3569.T875G58,1,elsewhere_review,1961–2000,bokheim:curation:eea452b2-e068-51a0-9f67-aebfdad03ed7
American,unified:11e637ca-b753-50aa-8d1c-bfccf82ceb6e,PS3569.T875M67,1,elsewhere_review,1961–2000,bokheim:curation:eea452b2-e068-51a0-9f67-aebfdad03ed7
American,unified:11e637ca-b753-50aa-8d1c-bfccf82ceb6e,PS3569.T875T6,1,elsewhere_review,1961–2000,bokheim:curation:eea452b2-e068-51a0-9f67-aebfdad03ed7
American,unified:11e637ca-b753-50aa-8d1c-bfccf82ceb6e,PS3569.T875V4,1,elsewhere_review,1961–2000,bokheim:curation:eea452b2-e068-51a0-9f67-aebfdad03ed7
American,unified:11e637ca-b753-50aa-8d1c-bfccf82ceb6e,PS3569.T875Z63,1,elsewhere_review,1961–2000,bokheim:curation:eea452b2-e068-51a0-9f67-aebfdad03ed7
American,unified:11e637ca-b753-50aa-8d1c-bfccf82ceb6e,PS3569.U23D37,1,elsewhere_review,1961–2000,bokheim:curation:eea452b2-e068-51a0-9f67-aebfdad03ed7
American,unified:11e637ca-b753-50aa-8d1c-bfccf82ceb6e,PS3569.U23F6,1,elsewhere_review,1961–2000,bokheim:curation:eea452b2-e068-51a0-9f67-aebfdad03ed7
American,unified:11e637ca-b753-50aa-8d1c-bfccf82ceb6e,PS3569.U23J37,1,elsewhere_review,1961–2000,bokheim:curation:eea452b2-e068-51a0-9f67-aebfdad03ed7
American,unified:11e637ca-b753-50aa-8d1c-bfccf82ceb6e,PS3569.U23M66,1,elsewhere_review,1961–2000,bokheim:curation:eea452b2-e068-51a0-9f67-aebfdad03ed7
American,unified:11e637ca-b753-50aa-8d1c-bfccf82ceb6e,PS3569.U23S5,1,elsewhere_review,1961–2000,bokheim:curation:eea452b2-e068-51a0-9f67-aebfdad03ed7
American,unified:11e637ca-b753-50aa-8d1c-bfccf82ceb6e,PS3569.U23T45,1,elsewhere_review,1961–2000,bokheim:curation:eea452b2-e068-51a0-9f67-aebfdad03ed7
American,unified:11e637ca-b753-50aa-8d1c-bfccf82ceb6e,PS3569.U23V29,1,elsewhere_review,1961–2000,bokheim:curation:eea452b2-e068-51a0-9f67-aebfdad03ed7
American,unified:11e637ca-b753-50aa-8d1c-bfccf82ceb6e,PS3569.U23V33,1,elsewhere_review,1961–2000,bokheim:curation:eea452b2-e068-51a0-9f67-aebfdad03ed7
American,unified:11e637ca-b753-50aa-8d1c-bfccf82ceb6e,PS3569.U3D36,1,elsewhere_review,1961–2000,bokheim:curation:eea452b2-e068-51a0-9f67-aebfdad03ed7
American,unified:11e637ca-b753-50aa-8d1c-bfccf82ceb6e,PS3570.A943B57,1,elsewhere_review,1961–2000,bokheim:curation:eea452b2-e068-51a0-9f67-aebfdad03ed7
American,unified:11e637ca-b753-50aa-8d1c-bfccf82ceb6e,PS3570.A943C4,1,elsewhere_review,1961–2000,bokheim:curation:eea452b2-e068-51a0-9f67-aebfdad03ed7
American,unified:11e637ca-b753-50aa-8d1c-bfccf82ceb6e,PS3570.E447F35,1,elsewhere_review,1961–2000,bokheim:curation:eea452b2-e068-51a0-9f67-aebfdad03ed7
American,unified:11e637ca-b753-50aa-8d1c-bfccf82ceb6e,PS3570.E673A95,1,elsewhere_review,1961–2000,bokheim:curation:eea452b2-e068-51a0-9f67-aebfdad03ed7
American,unified:11e637ca-b753-50aa-8d1c-bfccf82ceb6e,PS3570.E673B4,1,elsewhere_review,1961–2000,bokheim:curation:eea452b2-e068-51a0-9f67-aebfdad03ed7
American,unified:11e637ca-b753-50aa-8d1c-bfccf82ceb6e,PS3570.E673C66,1,elsewhere_review,1961–2000,bokheim:curation:eea452b2-e068-51a0-9f67-aebfdad03ed7
American,unified:11e637ca-b753-50aa-8d1c-bfccf82ceb6e,PS3570.E673F36,1,elsewhere_review,1961–2000,bokheim:curation:eea452b2-e068-51a0-9f67-aebfdad03ed7
American,unified:11e637ca-b753-50aa-8d1c-bfccf82ceb6e,PS3570.E673F57,1,elsewhere_review,1961–2000,bokheim:curation:eea452b2-e068-51a0-9f67-aebfdad03ed7
American,unified:11e637ca-b753-50aa-8d1c-bfccf82ceb6e,PS3570.E673F74,1,elsewhere_review,1961–2000,bokheim:curation:eea452b2-e068-51a0-9f67-aebfdad03ed7
American,unified:11e637ca-b753-50aa-8d1c-bfccf82ceb6e,PS3570.E673G7,1,elsewhere_review,1961–2000,bokheim:curation:eea452b2-e068-51a0-9f67-aebfdad03ed7
American,unified:11e637ca-b753-50aa-8d1c-bfccf82ceb6e,PS3570.E673M37,1,elsewhere_review,1961–2000,bokheim:curation:eea452b2-e068-51a0-9f67-aebfdad03ed7
American,unified:11e637ca-b753-50aa-8d1c-bfccf82ceb6e,PS3570.E673R35,1,elsewhere_review,1961–2000,bokheim:curation:eea452b2-e068-51a0-9f67-aebfdad03ed7
American,unified:11e637ca-b753-50aa-8d1c-bfccf82ceb6e,PS3570.E673S57,1,elsewhere_review,1961–2000,bokheim:curation:eea452b2-e068-51a0-9f67-aebfdad03ed7
American,unified:11e637ca-b753-50aa-8d1c-bfccf82ceb6e,PS3570.E673S6,1,elsewhere_review,1961–2000,bokheim:curation:eea452b2-e068-51a0-9f67-aebfdad03ed7
American,unified:11e637ca-b753-50aa-8d1c-bfccf82ceb6e,PS3570.E673S68,1,elsewhere_review,1961–2000,bokheim:curation:eea452b2-e068-51a0-9f67-aebfdad03ed7
American,unified:11e637ca-b753-50aa-8d1c-bfccf82ceb6e,PS3570.E673T78,1,elsewhere_review,1961–2000,bokheim:curation:eea452b2-e068-51a0-9f67-aebfdad03ed7
American,unified:11e637ca-b753-50aa-8d1c-bfccf82ceb6e,PS3570.E673V57,1,elsewhere_review,1961–2000,bokheim:curation:eea452b2-e068-51a0-9f67-aebfdad03ed7
American,unified:11e637ca-b753-50aa-8d1c-bfccf82ceb6e,PS3570.E673W38,1,elsewhere_review,1961–2000,bokheim:curation:eea452b2-e068-51a0-9f67-aebfdad03ed7
American,unified:11e637ca-b753-50aa-8d1c-bfccf82ceb6e,PS3570.H58B3,1,elsewhere_review,1961–2000,bokheim:curation:eea452b2-e068-51a0-9f67-aebfdad03ed7
American,unified:11e637ca-b753-50aa-8d1c-bfccf82ceb6e,PS3570.H58B75,1,elsewhere_review,1961–2000,bokheim:curation:eea452b2-e068-51a0-9f67-aebfdad03ed7
American,unified:11e637ca-b753-50aa-8d1c-bfccf82ceb6e,PS3570.H58C65,1,elsewhere_review,1961–2000,bokheim:curation:eea452b2-e068-51a0-9f67-aebfdad03ed7
American,unified:11e637ca-b753-50aa-8d1c-bfccf82ceb6e,PS3570.H58F58,1,elsewhere_review,1961–2000,bokheim:curation:eea452b2-e068-51a0-9f67-aebfdad03ed7
American,unified:11e637ca-b753-50aa-8d1c-bfccf82ceb6e,PS3570.H58F66,1,elsewhere_review,1961–2000,bokheim:curation:eea452b2-e068-51a0-9f67-aebfdad03ed7
American,unified:11e637ca-b753-50aa-8d1c-bfccf82ceb6e,PS3570.H58H5,1,elsewhere_review,1961–2000,bokheim:curation:eea452b2-e068-51a0-9f67-aebfdad03ed7
American,unified:11e637ca-b753-50aa-8d1c-bfccf82ceb6e,PS3570.H58N6,1,elsewhere_review,1961–2000,bokheim:curation:eea452b2-e068-51a0-9f67-aebfdad03ed7
American,unified:11e637ca-b753-50aa-8d1c-bfccf82ceb6e,PS3570.H58P6,1,elsewhere_review,1961–2000,bokheim:curation:eea452b2-e068-51a0-9f67-aebfdad03ed7
American,unified:11e637ca-b753-50aa-8d1c-bfccf82ceb6e,PS3570.H58S4,1,elsewhere_review,1961–2000,bokheim:curation:eea452b2-e068-51a0-9f67-aebfdad03ed7
American,unified:11e637ca-b753-50aa-8d1c-bfccf82ceb6e,PS3570.H58V66,1,elsewhere_review,1961–2000,bokheim:curation:eea452b2-e068-51a0-9f67-aebfdad03ed7
American,unified:11e637ca-b753-50aa-8d1c-bfccf82ceb6e,PS3570.H58Y4,1,elsewhere_review,1961–2000,bokheim:curation:eea452b2-e068-51a0-9f67-aebfdad03ed7
American,unified:11e637ca-b753-50aa-8d1c-bfccf82ceb6e,PS3570.H65,1,elsewhere_review,1961–2000,bokheim:curation:eea452b2-e068-51a0-9f67-aebfdad03ed7
American,unified:11e637ca-b753-50aa-8d1c-bfccf82ceb6e,PS3570.I66.U6,1,elsewhere_review,1961–2000,bokheim:curation:eea452b2-e068-51a0-9f67-aebfdad03ed7
American,unified:11e637ca-b753-50aa-8d1c-bfccf82ceb6e,PS3570.I66B7,1,elsewhere_review,1961–2000,bokheim:curation:eea452b2-e068-51a0-9f67-aebfdad03ed7
American,unified:11e637ca-b753-50aa-8d1c-bfccf82ceb6e,PS3570.I66C76,1,elsewhere_review,1961–2000,bokheim:curation:eea452b2-e068-51a0-9f67-aebfdad03ed7
American,unified:11e637ca-b753-50aa-8d1c-bfccf82ceb6e,PS3570.I66S745,1,elsewhere_review,1961–2000,bokheim:curation:eea452b2-e068-51a0-9f67-aebfdad03ed7
American,unified:11e637ca-b753-50aa-8d1c-bfccf82ceb6e,PS3570.I66Z85,1,elsewhere_review,1961–2000,bokheim:curation:eea452b2-e068-51a0-9f67-aebfdad03ed7
American,unified:11e637ca-b753-50aa-8d1c-bfccf82ceb6e,PS3570.O29C6,1,elsewhere_review,1961–2000,bokheim:curation:eea452b2-e068-51a0-9f67-aebfdad03ed7
American,unified:11e637ca-b753-50aa-8d1c-bfccf82ceb6e,PS3570.O29K5,1,elsewhere_review,1961–2000,bokheim:curation:eea452b2-e068-51a0-9f67-aebfdad03ed7
American,unified:11e637ca-b753-50aa-8d1c-bfccf82ceb6e,PS3570.R339D36,1,elsewhere_review,1961–2000,bokheim:curation:eea452b2-e068-51a0-9f67-aebfdad03ed7
American,unified:11e637ca-b753-50aa-8d1c-bfccf82ceb6e,PS3570.R339L38,1,elsewhere_review,1961–2000,bokheim:curation:eea452b2-e068-51a0-9f67-aebfdad03ed7
American,unified:11e637ca-b753-50aa-8d1c-bfccf82ceb6e,PS3570.R339P4,1,elsewhere_review,1961–2000,bokheim:curation:eea452b2-e068-51a0-9f67-aebfdad03ed7
American,unified:11e637ca-b753-50aa-8d1c-bfccf82ceb6e,PS3570.R519,1,elsewhere_review,1961–2000,bokheim:curation:eea452b2-e068-51a0-9f67-aebfdad03ed7
American,unified:11e637ca-b753-50aa-8d1c-bfccf82ceb6e,PS3570.U237,1,elsewhere_review,1961–2000,bokheim:curation:eea452b2-e068-51a0-9f67-aebfdad03ed7
American,unified:11e637ca-b753-50aa-8d1c-bfccf82ceb6e,PS3570.U237M5,1,elsewhere_review,1961–2000,bokheim:curation:eea452b2-e068-51a0-9f67-aebfdad03ed7
American,unified:11e637ca-b753-50aa-8d1c-bfccf82ceb6e,PS3570.Y53C6,1,elsewhere_review,1961–2000,bokheim:curation:eea452b2-e068-51a0-9f67-aebfdad03ed7
American,unified:11e637ca-b753-50aa-8d1c-bfccf82ceb6e,PS3570.Y53L3,1,elsewhere_review,1961–2000,bokheim:curation:eea452b2-e068-51a0-9f67-aebfdad03ed7
American,unified:11e637ca-b753-50aa-8d1c-bfccf82ceb6e,PS3570.Y53R6,1,elsewhere_review,1961–2000,bokheim:curation:eea452b2-e068-51a0-9f67-aebfdad03ed7
American,unified:11e637ca-b753-50aa-8d1c-bfccf82ceb6e,PS3573.A35B5,1,elsewhere_review,1961–2000,bokheim:curation:eea452b2-e068-51a0-9f67-aebfdad03ed7
American,unified:11e637ca-b753-50aa-8d1c-bfccf82ceb6e,PS3573.A35D4,1,elsewhere_review,1961–2000,bokheim:curation:eea452b2-e068-51a0-9f67-aebfdad03ed7
American,unified:11e637ca-b753-50aa-8d1c-bfccf82ceb6e,PS3573.A35K45,1,elsewhere_review,1961–2000,bokheim:curation:eea452b2-e068-51a0-9f67-aebfdad03ed7
American,unified:11e637ca-b753-50aa-8d1c-bfccf82ceb6e,PS3573.A35S65,1,elsewhere_review,1961–2000,bokheim:curation:eea452b2-e068-51a0-9f67-aebfdad03ed7
American,unified:11e637ca-b753-50aa-8d1c-bfccf82ceb6e,PS3573.A35T86,1,elsewhere_review,1961–2000,bokheim:curation:eea452b2-e068-51a0-9f67-aebfdad03ed7
American,unified:11e637ca-b753-50aa-8d1c-bfccf82ceb6e,PS3573.A44Y43,1,elsewhere_review,1961–2000,bokheim:curation:eea452b2-e068-51a0-9f67-aebfdad03ed7
American,unified:11e637ca-b753-50aa-8d1c-bfccf82ceb6e,PS3573.A4795A6,1,elsewhere_review,1961–2000,bokheim:curation:eea452b2-e068-51a0-9f67-aebfdad03ed7
American,unified:11e637ca-b753-50aa-8d1c-bfccf82ceb6e,PS3573.A4795C37,1,elsewhere_review,1961–2000,bokheim:curation:eea452b2-e068-51a0-9f67-aebfdad03ed7
American,unified:11e637ca-b753-50aa-8d1c-bfccf82ceb6e,PS3573.A4795F37,1,elsewhere_review,1961–2000,bokheim:curation:eea452b2-e068-51a0-9f67-aebfdad03ed7
American,unified:11e637ca-b753-50aa-8d1c-bfccf82ceb6e,PS3573.A4795F6,1,elsewhere_review,1961–2000,bokheim:curation:eea452b2-e068-51a0-9f67-aebfdad03ed7
American,unified:11e637ca-b753-50aa-8d1c-bfccf82ceb6e,PS3573.A4795F64,1,elsewhere_review,1961–2000,bokheim:curation:eea452b2-e068-51a0-9f67-aebfdad03ed7
American,unified:11e637ca-b753-50aa-8d1c-bfccf82ceb6e,PS3573.A4795H6,1,elsewhere_review,1961–2000,bokheim:curation:eea452b2-e068-51a0-9f67-aebfdad03ed7
American,unified:11e637ca-b753-50aa-8d1c-bfccf82ceb6e,PS3573.A4795H69,1,elsewhere_review,1961–2000,bokheim:curation:eea452b2-e068-51a0-9f67-aebfdad03ed7
American,unified:11e637ca-b753-50aa-8d1c-bfccf82ceb6e,PS3573.A4795M29,1,elsewhere_review,1961–2000,bokheim:curation:eea452b2-e068-51a0-9f67-aebfdad03ed7
American,unified:11e637ca-b753-50aa-8d1c-bfccf82ceb6e,PS3573.A4795M3,1,elsewhere_review,1961–2000,bokheim:curation:eea452b2-e068-51a0-9f67-aebfdad03ed7
American,unified:11e637ca-b753-50aa-8d1c-bfccf82ceb6e,PS3573.A4795W73,1,elsewhere_review,1961–2000,bokheim:curation:eea452b2-e068-51a0-9f67-aebfdad03ed7
American,unified:11e637ca-b753-50aa-8d1c-bfccf82ceb6e,PS3573.A7713T4,1,elsewhere_review,1961–2000,bokheim:curation:eea452b2-e068-51a0-9f67-aebfdad03ed7
American,unified:11e637ca-b753-50aa-8d1c-bfccf82ceb6e,PS3573.A9D4,1,elsewhere_review,1961–2000,bokheim:curation:eea452b2-e068-51a0-9f67-aebfdad03ed7
American,unified:11e637ca-b753-50aa-8d1c-bfccf82ceb6e,PS3573.A9L3,1,elsewhere_review,1961–2000,bokheim:curation:eea452b2-e068-51a0-9f67-aebfdad03ed7
American,unified:11e637ca-b753-50aa-8d1c-bfccf82ceb6e,PS3573.E3979C67,1,elsewhere_review,1961–2000,bokheim:curation:eea452b2-e068-51a0-9f67-aebfdad03ed7
American,unified:11e637ca-b753-50aa-8d1c-bfccf82ceb6e,PS3573.E9A2,1,elsewhere_review,1961–2000,bokheim:curation:eea452b2-e068-51a0-9f67-aebfdad03ed7
American,unified:11e637ca-b753-50aa-8d1c-bfccf82ceb6e,PS3573.E9A6,1,elsewhere_review,1961–2000,bokheim:curation:eea452b2-e068-51a0-9f67-aebfdad03ed7
American,unified:11e637ca-b753-50aa-8d1c-bfccf82ceb6e,PS3573.E9A9,1,elsewhere_review,1961–2000,bokheim:curation:eea452b2-e068-51a0-9f67-aebfdad03ed7
American,unified:11e637ca-b753-50aa-8d1c-bfccf82ceb6e,PS3573.E9B33,1,elsewhere_review,1961–2000,bokheim:curation:eea452b2-e068-51a0-9f67-aebfdad03ed7
American,unified:11e637ca-b753-50aa-8d1c-bfccf82ceb6e,PS3573.E9B45,1,elsewhere_review,1961–2000,bokheim:curation:eea452b2-e068-51a0-9f67-aebfdad03ed7
American,unified:11e637ca-b753-50aa-8d1c-bfccf82ceb6e,PS3573.E9B56,1,elsewhere_review,1961–2000,bokheim:curation:eea452b2-e068-51a0-9f67-aebfdad03ed7
American,unified:11e637ca-b753-50aa-8d1c-bfccf82ceb6e,PS3573.E9B565,1,elsewhere_review,1961–2000,bokheim:curation:eea452b2-e068-51a0-9f67-aebfdad03ed7
American,unified:11e637ca-b753-50aa-8d1c-bfccf82ceb6e,PS3573.E9B88,1,elsewhere_review,1961–2000,bokheim:curation:eea452b2-e068-51a0-9f67-aebfdad03ed7
American,unified:11e637ca-b753-50aa-8d1c-bfccf82ceb6e,PS3573.E9D355,1,elsewhere_review,1961–2000,bokheim:curation:eea452b2-e068-51a0-9f67-aebfdad03ed7
American,unified:11e637ca-b753-50aa-8d1c-bfccf82ceb6e,PS3573.E9D36,1,elsewhere_review,1961–2000,bokheim:curation:eea452b2-e068-51a0-9f67-aebfdad03ed7
American,unified:11e637ca-b753-50aa-8d1c-bfccf82ceb6e,PS3573.E9D43,1,elsewhere_review,1961–2000,bokheim:curation:eea452b2-e068-51a0-9f67-aebfdad03ed7
American,unified:11e637ca-b753-50aa-8d1c-bfccf82ceb6e,PS3573.E9D57,1,elsewhere_review,1961–2000,bokheim:curation:eea452b2-e068-51a0-9f67-aebfdad03ed7
American,unified:11e637ca-b753-50aa-8d1c-bfccf82ceb6e,PS3573.E9D76,1,elsewhere_review,1961–2000,bokheim:curation:eea452b2-e068-51a0-9f67-aebfdad03ed7
American,unified:11e637ca-b753-50aa-8d1c-bfccf82ceb6e,PS3573.E9G48,1,elsewhere_review,1961–2000,bokheim:curation:eea452b2-e068-51a0-9f67-aebfdad03ed7
American,unified:11e637ca-b753-50aa-8d1c-bfccf82ceb6e,PS3573.E9G59,1,elsewhere_review,1961–2000,bokheim:curation:eea452b2-e068-51a0-9f67-aebfdad03ed7
American,unified:11e637ca-b753-50aa-8d1c-bfccf82ceb6e,PS3573.E9G6,1,elsewhere_review,1961–2000,bokheim:curation:eea452b2-e068-51a0-9f67-aebfdad03ed7
American,unified:11e637ca-b753-50aa-8d1c-bfccf82ceb6e,PS3573.E9G7,1,elsewhere_review,1961–2000,bokheim:curation:eea452b2-e068-51a0-9f67-aebfdad03ed7
American,unified:11e637ca-b753-50aa-8d1c-bfccf82ceb6e,PS3573.E9H3,1,elsewhere_review,1961–2000,bokheim:curation:eea452b2-e068-51a0-9f67-aebfdad03ed7
American,unified:11e637ca-b753-50aa-8d1c-bfccf82ceb6e,PS3573.E9H53,1,elsewhere_review,1961–2000,bokheim:curation:eea452b2-e068-51a0-9f67-aebfdad03ed7
American,unified:11e637ca-b753-50aa-8d1c-bfccf82ceb6e,PS3573.E9H6,1,elsewhere_review,1961–2000,bokheim:curation:eea452b2-e068-51a0-9f67-aebfdad03ed7
American,unified:11e637ca-b753-50aa-8d1c-bfccf82ceb6e,PS3573.E9H68,1,elsewhere_review,1961–2000,bokheim:curation:eea452b2-e068-51a0-9f67-aebfdad03ed7
American,unified:11e637ca-b753-50aa-8d1c-bfccf82ceb6e,PS3573.E9H78,1,elsewhere_review,1961–2000,bokheim:curation:eea452b2-e068-51a0-9f67-aebfdad03ed7
American,unified:11e637ca-b753-50aa-8d1c-bfccf82ceb6e,PS3573.E9H8,1,elsewhere_review,1961–2000,bokheim:curation:eea452b2-e068-51a0-9f67-aebfdad03ed7
American,unified:11e637ca-b753-50aa-8d1c-bfccf82ceb6e,PS3573.E9K3,1,elsewhere_review,1961–2000,bokheim:curation:eea452b2-e068-51a0-9f67-aebfdad03ed7
American,unified:11e637ca-b753-50aa-8d1c-bfccf82ceb6e,PS3573.E9L4,1,elsewhere_review,1961–2000,bokheim:curation:eea452b2-e068-51a0-9f67-aebfdad03ed7
American,unified:11e637ca-b753-50aa-8d1c-bfccf82ceb6e,PS3573.E9M55,1,elsewhere_review,1961–2000,bokheim:curation:eea452b2-e068-51a0-9f67-aebfdad03ed7
American,unified:11e637ca-b753-50aa-8d1c-bfccf82ceb6e,PS3573.E9O64,1,elsewhere_review,1961–2000,bokheim:curation:eea452b2-e068-51a0-9f67-aebfdad03ed7
American,unified:11e637ca-b753-50aa-8d1c-bfccf82ceb6e,PS3573.E9P39,1,elsewhere_review,1961–2000,bokheim:curation:eea452b2-e068-51a0-9f67-aebfdad03ed7
American,unified:11e637ca-b753-50aa-8d1c-bfccf82ceb6e,PS3573.E9P59,1,elsewhere_review,1961–2000,bokheim:curation:eea452b2-e068-51a0-9f67-aebfdad03ed7
American,unified:11e637ca-b753-50aa-8d1c-bfccf82ceb6e,PS3573.E9P88,1,elsewhere_review,1961–2000,bokheim:curation:eea452b2-e068-51a0-9f67-aebfdad03ed7
American,unified:11e637ca-b753-50aa-8d1c-bfccf82ceb6e,PS3573.E9R37,1,elsewhere_review,1961–2000,bokheim:curation:eea452b2-e068-51a0-9f67-aebfdad03ed7
American,unified:11e637ca-b753-50aa-8d1c-bfccf82ceb6e,PS3573.E9R63,1,elsewhere_review,1961–2000,bokheim:curation:eea452b2-e068-51a0-9f67-aebfdad03ed7
American,unified:11e637ca-b753-50aa-8d1c-bfccf82ceb6e,PS3573.E9S23,1,elsewhere_review,1961–2000,bokheim:curation:eea452b2-e068-51a0-9f67-aebfdad03ed7
American,unified:11e637ca-b753-50aa-8d1c-bfccf82ceb6e,PS3573.E9S5,1,elsewhere_review,1961–2000,bokheim:curation:eea452b2-e068-51a0-9f67-aebfdad03ed7
American,unified:11e637ca-b753-50aa-8d1c-bfccf82ceb6e,PS3573.E9S65,1,elsewhere_review,1961–2000,bokheim:curation:eea452b2-e068-51a0-9f67-aebfdad03ed7
American,unified:11e637ca-b753-50aa-8d1c-bfccf82ceb6e,PS3573.E9S68,1,elsewhere_review,1961–2000,bokheim:curation:eea452b2-e068-51a0-9f67-aebfdad03ed7
American,unified:11e637ca-b753-50aa-8d1c-bfccf82ceb6e,PS3573.E9T47,1,elsewhere_review,1961–2000,bokheim:curation:eea452b2-e068-51a0-9f67-aebfdad03ed7
American,unified:11e637ca-b753-50aa-8d1c-bfccf82ceb6e,PS3573.E9T66,1,elsewhere_review,1961–2000,bokheim:curation:eea452b2-e068-51a0-9f67-aebfdad03ed7
American,unified:11e637ca-b753-50aa-8d1c-bfccf82ceb6e,PS3573.E9T78,1,elsewhere_review,1961–2000,bokheim:curation:eea452b2-e068-51a0-9f67-aebfdad03ed7
American,unified:11e637ca-b753-50aa-8d1c-bfccf82ceb6e,PS3573.E9W17,1,elsewhere_review,1961–2000,bokheim:curation:eea452b2-e068-51a0-9f67-aebfdad03ed7
American,unified:11e637ca-b753-50aa-8d1c-bfccf82ceb6e,PS3573.E9W47,1,elsewhere_review,1961–2000,bokheim:curation:eea452b2-e068-51a0-9f67-aebfdad03ed7
American,unified:11e637ca-b753-50aa-8d1c-bfccf82ceb6e,PS3573.E9W5,1,elsewhere_review,1961–2000,bokheim:curation:eea452b2-e068-51a0-9f67-aebfdad03ed7
American,unified:11e637ca-b753-50aa-8d1c-bfccf82ceb6e,PS3573.H32D3,1,elsewhere_review,1961–2000,bokheim:curation:eea452b2-e068-51a0-9f67-aebfdad03ed7
American,unified:11e637ca-b753-50aa-8d1c-bfccf82ceb6e,PS3573.H32L37,1,elsewhere_review,1961–2000,bokheim:curation:eea452b2-e068-51a0-9f67-aebfdad03ed7
American,unified:11e637ca-b753-50aa-8d1c-bfccf82ceb6e,PS3573.H32M5,1,elsewhere_review,1961–2000,bokheim:curation:eea452b2-e068-51a0-9f67-aebfdad03ed7
American,unified:11e637ca-b753-50aa-8d1c-bfccf82ceb6e,PS3573.H32T5,1,elsewhere_review,1961–2000,bokheim:curation:eea452b2-e068-51a0-9f67-aebfdad03ed7
American,unified:11e637ca-b753-50aa-8d1c-bfccf82ceb6e,PS3573.O5877B57,1,elsewhere_review,1961–2000,bokheim:curation:eea452b2-e068-51a0-9f67-aebfdad03ed7
American,unified:11e637ca-b753-50aa-8d1c-bfccf82ceb6e,PS3573.O5877B88,1,elsewhere_review,1961–2000,bokheim:curation:eea452b2-e068-51a0-9f67-aebfdad03ed7
American,unified:11e637ca-b753-50aa-8d1c-bfccf82ceb6e,PS3573.O5877C5,1,elsewhere_review,1961–2000,bokheim:curation:eea452b2-e068-51a0-9f67-aebfdad03ed7
American,unified:11e637ca-b753-50aa-8d1c-bfccf82ceb6e,PS3573.O5877C87,1,elsewhere_review,1961–2000,bokheim:curation:eea452b2-e068-51a0-9f67-aebfdad03ed7
American,unified:11e637ca-b753-50aa-8d1c-bfccf82ceb6e,PS3573.O5877D38,1,elsewhere_review,1961–2000,bokheim:curation:eea452b2-e068-51a0-9f67-aebfdad03ed7
American,unified:11e637ca-b753-50aa-8d1c-bfccf82ceb6e,PS3573.O5877D58,1,elsewhere_review,1961–2000,bokheim:curation:eea452b2-e068-51a0-9f67-aebfdad03ed7
American,unified:11e637ca-b753-50aa-8d1c-bfccf82ceb6e,PS3573.O5877D6,1,elsewhere_review,1961–2000,bokheim:curation:eea452b2-e068-51a0-9f67-aebfdad03ed7
American,unified:11e637ca-b753-50aa-8d1c-bfccf82ceb6e,PS3573.O5877F37,1,elsewhere_review,1961–2000,bokheim:curation:eea452b2-e068-51a0-9f67-aebfdad03ed7
American,unified:11e637ca-b753-50aa-8d1c-bfccf82ceb6e,PS3573.O5877H68,1,elsewhere_review,1961–2000,bokheim:curation:eea452b2-e068-51a0-9f67-aebfdad03ed7
American,unified:11e637ca-b753-50aa-8d1c-bfccf82ceb6e,PS3573.O5877L36,1,elsewhere_review,1961–2000,bokheim:curation:eea452b2-e068-51a0-9f67-aebfdad03ed7
American,unified:11e637ca-b753-50aa-8d1c-bfccf82ceb6e,PS3573.O5877M34,1,elsewhere_review,1961–2000,bokheim:curation:eea452b2-e068-51a0-9f67-aebfdad03ed7
American,unified:11e637ca-b753-50aa-8d1c-bfccf82ceb6e,PS3573.O5877N54,1,elsewhere_review,1961–2000,bokheim:curation:eea452b2-e068-51a0-9f67-aebfdad03ed7
American,unified:11e637ca-b753-50aa-8d1c-bfccf82ceb6e,PS3573.O5877P75,1,elsewhere_review,1961–2000,bokheim:curation:eea452b2-e068-51a0-9f67-aebfdad03ed7
American,unified:11e637ca-b753-50aa-8d1c-bfccf82ceb6e,PS3573.O5877R35,1,elsewhere_review,1961–2000,bokheim:curation:eea452b2-e068-51a0-9f67-aebfdad03ed7
American,unified:11e637ca-b753-50aa-8d1c-bfccf82ceb6e,PS3573.O5877S23,1,elsewhere_review,1961–2000,bokheim:curation:eea452b2-e068-51a0-9f67-aebfdad03ed7
American,unified:11e637ca-b753-50aa-8d1c-bfccf82ceb6e,PS3573.O5877S47,1,elsewhere_review,1961–2000,bokheim:curation:eea452b2-e068-51a0-9f67-aebfdad03ed7
American,unified:11e637ca-b753-50aa-8d1c-bfccf82ceb6e,PS3573.O5877S6,1,elsewhere_review,1961–2000,bokheim:curation:eea452b2-e068-51a0-9f67-aebfdad03ed7
American,unified:11e637ca-b753-50aa-8d1c-bfccf82ceb6e,PS3573.O5877S73,1,elsewhere_review,1961–2000,bokheim:curation:eea452b2-e068-51a0-9f67-aebfdad03ed7
American,unified:11e637ca-b753-50aa-8d1c-bfccf82ceb6e,PS3573.O5877V48,1,elsewhere_review,1961–2000,bokheim:curation:eea452b2-e068-51a0-9f67-aebfdad03ed7
American,unified:11e637ca-b753-50aa-8d1c-bfccf82ceb6e,PS3573.O5877W3,1,elsewhere_review,1961–2000,bokheim:curation:eea452b2-e068-51a0-9f67-aebfdad03ed7
American,unified:11e637ca-b753-50aa-8d1c-bfccf82ceb6e,PS3573.O5877W66,1,elsewhere_review,1961–2000,bokheim:curation:eea452b2-e068-51a0-9f67-aebfdad03ed7
American,unified:11e637ca-b753-50aa-8d1c-bfccf82ceb6e,PS3573.O5877Y47,1,elsewhere_review,1961–2000,bokheim:curation:eea452b2-e068-51a0-9f67-aebfdad03ed7
American,unified:11e637ca-b753-50aa-8d1c-bfccf82ceb6e,Ps3553.R48,1,elsewhere_review,1961–2000,bokheim:curation:eea452b2-e068-51a0-9f67-aebfdad03ed7
American,unified:11e637ca-b753-50aa-8d1c-bfccf82ceb6e,Ps3561.E3975D3,1,elsewhere_review,1961–2000,bokheim:curation:eea452b2-e068-51a0-9f67-aebfdad03ed7
Film,unified:3a5d2554-58b3-548b-8c98-54f02e7a0e87,PN1993.5.U6,1487,existing_child,History & Criticism,unified:fc752935-9d26-51f2-829c-195160e8c691
Film,unified:3a5d2554-58b3-548b-8c98-54f02e7a0e87,PN1993.5.A1,1340,existing_child,History & Criticism,unified:fc752935-9d26-51f2-829c-195160e8c691
Film,unified:3a5d2554-58b3-548b-8c98-54f02e7a0e87,PN1993.5.I8,699,existing_child,History & Criticism,unified:fc752935-9d26-51f2-829c-195160e8c691
Film,unified:3a5d2554-58b3-548b-8c98-54f02e7a0e87,PN1993.5.U65,563,existing_child,History & Criticism,unified:fc752935-9d26-51f2-829c-195160e8c691
Film,unified:3a5d2554-58b3-548b-8c98-54f02e7a0e87,PN1997.A1,443,elsewhere_review,Screenplays,unified:d832b7ca-1810-5c0b-9179-afcb3e6ee753
Film,unified:3a5d2554-58b3-548b-8c98-54f02e7a0e87,PN1993.5.I84,46,existing_child,History & Criticism,unified:fc752935-9d26-51f2-829c-195160e8c691
Film,unified:3a5d2554-58b3-548b-8c98-54f02e7a0e87,PN1998.A1,46,existing_child,History & Criticism,unified:fc752935-9d26-51f2-829c-195160e8c691
Film,unified:3a5d2554-58b3-548b-8c98-54f02e7a0e87,PN1993.5.E19,44,existing_child,History & Criticism,unified:fc752935-9d26-51f2-829c-195160e8c691
Film,unified:3a5d2554-58b3-548b-8c98-54f02e7a0e87,PN1993.5.T5,23,existing_child,History & Criticism,unified:fc752935-9d26-51f2-829c-195160e8c691
Film,unified:3a5d2554-58b3-548b-8c98-54f02e7a0e87,PN1993.5A1,15,existing_child,History & Criticism,unified:fc752935-9d26-51f2-829c-195160e8c691
Film,unified:3a5d2554-58b3-548b-8c98-54f02e7a0e87,PN1993.5.A1D53,7,existing_child,History & Criticism,unified:fc752935-9d26-51f2-829c-195160e8c691
Film,unified:3a5d2554-58b3-548b-8c98-54f02e7a0e87,PN1993.5.A1T45,7,existing_child,History & Criticism,unified:fc752935-9d26-51f2-829c-195160e8c691
Film,unified:3a5d2554-58b3-548b-8c98-54f02e7a0e87,PN1993.5.A1G54,5,existing_child,History & Criticism,unified:fc752935-9d26-51f2-829c-195160e8c691
Film,unified:3a5d2554-58b3-548b-8c98-54f02e7a0e87,PN1993.5.U6B365,5,existing_child,History & Criticism,unified:fc752935-9d26-51f2-829c-195160e8c691
Film,unified:3a5d2554-58b3-548b-8c98-54f02e7a0e87,PN1993.5.U6W4915,5,existing_child,History & Criticism,unified:fc752935-9d26-51f2-829c-195160e8c691
Film,unified:3a5d2554-58b3-548b-8c98-54f02e7a0e87,PN1997A1,5,elsewhere_review,Screenplays,unified:d832b7ca-1810-5c0b-9179-afcb3e6ee753
Film,unified:3a5d2554-58b3-548b-8c98-54f02e7a0e87,PN1993.5.A1B265,4,existing_child,History & Criticism,unified:fc752935-9d26-51f2-829c-195160e8c691
Film,unified:3a5d2554-58b3-548b-8c98-54f02e7a0e87,PN1993.5.A1E4,4,existing_child,History & Criticism,unified:fc752935-9d26-51f2-829c-195160e8c691
Film,unified:3a5d2554-58b3-548b-8c98-54f02e7a0e87,PN1993.5.A1M39,4,existing_child,History & Criticism,unified:fc752935-9d26-51f2-829c-195160e8c691
Film,unified:3a5d2554-58b3-548b-8c98-54f02e7a0e87,PN1993.5.S64,4,existing_child,History & Criticism,unified:fc752935-9d26-51f2-829c-195160e8c691
Film,unified:3a5d2554-58b3-548b-8c98-54f02e7a0e87,PN1993.5.U6G34,4,existing_child,History & Criticism,unified:fc752935-9d26-51f2-829c-195160e8c691
Film,unified:3a5d2554-58b3-548b-8c98-54f02e7a0e87,PN1993.5.U6G74,4,existing_child,History & Criticism,unified:fc752935-9d26-51f2-829c-195160e8c691
Film,unified:3a5d2554-58b3-548b-8c98-54f02e7a0e87,PN1993.5.U6S539,4,existing_child,History & Criticism,unified:fc752935-9d26-51f2-829c-195160e8c691
Film,unified:3a5d2554-58b3-548b-8c98-54f02e7a0e87,PN1993.5.U6T9,4,existing_child,History & Criticism,unified:fc752935-9d26-51f2-829c-195160e8c691
Film,unified:3a5d2554-58b3-548b-8c98-54f02e7a0e87,PN1993.5.A1C64,3,existing_child,History & Criticism,unified:fc752935-9d26-51f2-829c-195160e8c691
Film,unified:3a5d2554-58b3-548b-8c98-54f02e7a0e87,PN1993.5.A1C65,3,existing_child,History & Criticism,unified:fc752935-9d26-51f2-829c-195160e8c691
Film,unified:3a5d2554-58b3-548b-8c98-54f02e7a0e87,PN1993.5.A1F513,3,existing_child,History & Criticism,unified:fc752935-9d26-51f2-829c-195160e8c691
Film,unified:3a5d2554-58b3-548b-8c98-54f02e7a0e87,PN1993.5.A1G636,3,existing_child,History & Criticism,unified:fc752935-9d26-51f2-829c-195160e8c691
Film,unified:3a5d2554-58b3-548b-8c98-54f02e7a0e87,PN1993.5.A1H547,3,existing_child,History & Criticism,unified:fc752935-9d26-51f2-829c-195160e8c691
Film,unified:3a5d2554-58b3-548b-8c98-54f02e7a0e87,PN1993.5.I8B595,3,existing_child,History & Criticism,unified:fc752935-9d26-51f2-829c-195160e8c691
Film,unified:3a5d2554-58b3-548b-8c98-54f02e7a0e87,PN1993.5.I8I54,3,existing_child,History & Criticism,unified:fc752935-9d26-51f2-829c-195160e8c691
Film,unified:3a5d2554-58b3-548b-8c98-54f02e7a0e87,PN1993.5.I8M39,3,existing_child,History & Criticism,unified:fc752935-9d26-51f2-829c-195160e8c691
Film,unified:3a5d2554-58b3-548b-8c98-54f02e7a0e87,PN1993.5.I8S57565,3,existing_child,History & Criticism,unified:fc752935-9d26-51f2-829c-195160e8c691
Film,unified:3a5d2554-58b3-548b-8c98-54f02e7a0e87,PN1993.5.I8V57,3,existing_child,History & Criticism,unified:fc752935-9d26-51f2-829c-195160e8c691
Film,unified:3a5d2554-58b3-548b-8c98-54f02e7a0e87,PN1993.5.S644,3,existing_child,History & Criticism,unified:fc752935-9d26-51f2-829c-195160e8c691
Film,unified:3a5d2554-58b3-548b-8c98-54f02e7a0e87,PN1993.5.U65B655,3,existing_child,History & Criticism,unified:fc752935-9d26-51f2-829c-195160e8c691
Film,unified:3a5d2554-58b3-548b-8c98-54f02e7a0e87,PN1993.5.U65C38,3,existing_child,History & Criticism,unified:fc752935-9d26-51f2-829c-195160e8c691
Film,unified:3a5d2554-58b3-548b-8c98-54f02e7a0e87,PN1993.5.U65M29,3,existing_child,History & Criticism,unified:fc752935-9d26-51f2-829c-195160e8c691
Film,unified:3a5d2554-58b3-548b-8c98-54f02e7a0e87,PN1993.5.U6A85735,3,existing_child,History & Criticism,unified:fc752935-9d26-51f2-829c-195160e8c691
Film,unified:3a5d2554-58b3-548b-8c98-54f02e7a0e87,PN1993.5.U6A8576,3,existing_child,History & Criticism,unified:fc752935-9d26-51f2-829c-195160e8c691
Film,unified:3a5d2554-58b3-548b-8c98-54f02e7a0e87,PN1993.5.U6A8577,3,existing_child,History & Criticism,unified:fc752935-9d26-51f2-829c-195160e8c691
Film,unified:3a5d2554-58b3-548b-8c98-54f02e7a0e87,PN1993.5.U6A8578,3,existing_child,History & Criticism,unified:fc752935-9d26-51f2-829c-195160e8c691
Film,unified:3a5d2554-58b3-548b-8c98-54f02e7a0e87,PN1993.5.U6K57,3,existing_child,History & Criticism,unified:fc752935-9d26-51f2-829c-195160e8c691
Film,unified:3a5d2554-58b3-548b-8c98-54f02e7a0e87,PN1993.5.U6L39,3,existing_child,History & Criticism,unified:fc752935-9d26-51f2-829c-195160e8c691
Film,unified:3a5d2554-58b3-548b-8c98-54f02e7a0e87,PN1993.5.U6M35,3,existing_child,History & Criticism,unified:fc752935-9d26-51f2-829c-195160e8c691
Film,unified:3a5d2554-58b3-548b-8c98-54f02e7a0e87,PN1993.5.U6M666,3,existing_child,History & Criticism,unified:fc752935-9d26-51f2-829c-195160e8c691
Film,unified:3a5d2554-58b3-548b-8c98-54f02e7a0e87,PN1993.5.U6N39,3,existing_child,History & Criticism,unified:fc752935-9d26-51f2-829c-195160e8c691
Film,unified:3a5d2554-58b3-548b-8c98-54f02e7a0e87,PN1993.5.U6S23,3,existing_child,History & Criticism,unified:fc752935-9d26-51f2-829c-195160e8c691
Film,unified:3a5d2554-58b3-548b-8c98-54f02e7a0e87,PN1993.5.U6W33,3,existing_child,History & Criticism,unified:fc752935-9d26-51f2-829c-195160e8c691
Film,unified:3a5d2554-58b3-548b-8c98-54f02e7a0e87,PN1993.5U6,3,existing_child,History & Criticism,unified:fc752935-9d26-51f2-829c-195160e8c691
Film,unified:3a5d2554-58b3-548b-8c98-54f02e7a0e87,PN1997.A1R57,3,elsewhere_review,Screenplays,unified:d832b7ca-1810-5c0b-9179-afcb3e6ee753
Film,unified:3a5d2554-58b3-548b-8c98-54f02e7a0e87,PN1993.5.A1.M37,2,existing_child,History & Criticism,unified:fc752935-9d26-51f2-829c-195160e8c691
Film,unified:3a5d2554-58b3-548b-8c98-54f02e7a0e87,PN1993.5.A1B6,2,existing_child,History & Criticism,unified:fc752935-9d26-51f2-829c-195160e8c691
Film,unified:3a5d2554-58b3-548b-8c98-54f02e7a0e87,PN1993.5.A1B67,2,existing_child,History & Criticism,unified:fc752935-9d26-51f2-829c-195160e8c691
Film,unified:3a5d2554-58b3-548b-8c98-54f02e7a0e87,PN1993.5.A1C63,2,existing_child,History & Criticism,unified:fc752935-9d26-51f2-829c-195160e8c691
Film,unified:3a5d2554-58b3-548b-8c98-54f02e7a0e87,PN1993.5.A1D465,2,existing_child,History & Criticism,unified:fc752935-9d26-51f2-829c-195160e8c691
Film,unified:3a5d2554-58b3-548b-8c98-54f02e7a0e87,PN1993.5.A1H58,2,existing_child,History & Criticism,unified:fc752935-9d26-51f2-829c-195160e8c691
Film,unified:3a5d2554-58b3-548b-8c98-54f02e7a0e87,PN1993.5.A1I49,2,existing_child,History & Criticism,unified:fc752935-9d26-51f2-829c-195160e8c691
Film,unified:3a5d2554-58b3-548b-8c98-54f02e7a0e87,PN1993.5.A1K644,2,existing_child,History & Criticism,unified:fc752935-9d26-51f2-829c-195160e8c691
Film,unified:3a5d2554-58b3-548b-8c98-54f02e7a0e87,PN1993.5.A1M3255,2,existing_child,History & Criticism,unified:fc752935-9d26-51f2-829c-195160e8c691
Film,unified:3a5d2554-58b3-548b-8c98-54f02e7a0e87,PN1993.5.A1M55,2,existing_child,History & Criticism,unified:fc752935-9d26-51f2-829c-195160e8c691
Film,unified:3a5d2554-58b3-548b-8c98-54f02e7a0e87,PN1993.5.A1S55,2,existing_child,History & Criticism,unified:fc752935-9d26-51f2-829c-195160e8c691
Film,unified:3a5d2554-58b3-548b-8c98-54f02e7a0e87,PN1993.5.A1V38,2,existing_child,History & Criticism,unified:fc752935-9d26-51f2-829c-195160e8c691
Film,unified:3a5d2554-58b3-548b-8c98-54f02e7a0e87,PN1993.5.A1W2,2,existing_child,History & Criticism,unified:fc752935-9d26-51f2-829c-195160e8c691
Film,unified:3a5d2554-58b3-548b-8c98-54f02e7a0e87,PN1993.5.E19D43,2,existing_child,History & Criticism,unified:fc752935-9d26-51f2-829c-195160e8c691
Film,unified:3a5d2554-58b3-548b-8c98-54f02e7a0e87,PN1993.5.E19K53,2,existing_child,History & Criticism,unified:fc752935-9d26-51f2-829c-195160e8c691
Film,unified:3a5d2554-58b3-548b-8c98-54f02e7a0e87,PN1993.5.I8A783,2,existing_child,History & Criticism,unified:fc752935-9d26-51f2-829c-195160e8c691
Film,unified:3a5d2554-58b3-548b-8c98-54f02e7a0e87,PN1993.5.I8B424,2,existing_child,History & Criticism,unified:fc752935-9d26-51f2-829c-195160e8c691
Film,unified:3a5d2554-58b3-548b-8c98-54f02e7a0e87,PN1993.5.I8B5925,2,existing_child,History & Criticism,unified:fc752935-9d26-51f2-829c-195160e8c691
Film,unified:3a5d2554-58b3-548b-8c98-54f02e7a0e87,PN1993.5.I8C66,2,existing_child,History & Criticism,unified:fc752935-9d26-51f2-829c-195160e8c691
Film,unified:3a5d2554-58b3-548b-8c98-54f02e7a0e87,PN1993.5.I8D284,2,existing_child,History & Criticism,unified:fc752935-9d26-51f2-829c-195160e8c691
Film,unified:3a5d2554-58b3-548b-8c98-54f02e7a0e87,PN1993.5.I8D395,2,existing_child,History & Criticism,unified:fc752935-9d26-51f2-829c-195160e8c691
Film,unified:3a5d2554-58b3-548b-8c98-54f02e7a0e87,PN1993.5.I8D48,2,existing_child,History & Criticism,unified:fc752935-9d26-51f2-829c-195160e8c691
Film,unified:3a5d2554-58b3-548b-8c98-54f02e7a0e87,PN1993.5.I8D485,2,existing_child,History & Criticism,unified:fc752935-9d26-51f2-829c-195160e8c691
Film,unified:3a5d2554-58b3-548b-8c98-54f02e7a0e87,PN1993.5.I8G28,2,existing_child,History & Criticism,unified:fc752935-9d26-51f2-829c-195160e8c691
Film,unified:3a5d2554-58b3-548b-8c98-54f02e7a0e87,PN1993.5.I8G43,2,existing_child,History & Criticism,unified:fc752935-9d26-51f2-829c-195160e8c691
Film,unified:3a5d2554-58b3-548b-8c98-54f02e7a0e87,PN1993.5.I8G44,2,existing_child,History & Criticism,unified:fc752935-9d26-51f2-829c-195160e8c691
Film,unified:3a5d2554-58b3-548b-8c98-54f02e7a0e87,PN1993.5.I8G54,2,existing_child,History & Criticism,unified:fc752935-9d26-51f2-829c-195160e8c691
Film,unified:3a5d2554-58b3-548b-8c98-54f02e7a0e87,PN1993.5.I8H64,2,existing_child,History & Criticism,unified:fc752935-9d26-51f2-829c-195160e8c691
Film,unified:3a5d2554-58b3-548b-8c98-54f02e7a0e87,PN1993.5.I8I5,2,existing_child,History & Criticism,unified:fc752935-9d26-51f2-829c-195160e8c691
Film,unified:3a5d2554-58b3-548b-8c98-54f02e7a0e87,PN1993.5.I8J29,2,existing_child,History & Criticism,unified:fc752935-9d26-51f2-829c-195160e8c691
Film,unified:3a5d2554-58b3-548b-8c98-54f02e7a0e87,PN1993.5.I8J673,2,existing_child,History & Criticism,unified:fc752935-9d26-51f2-829c-195160e8c691
Film,unified:3a5d2554-58b3-548b-8c98-54f02e7a0e87,PN1993.5.I8K484,2,existing_child,History & Criticism,unified:fc752935-9d26-51f2-829c-195160e8c691
Film,unified:3a5d2554-58b3-548b-8c98-54f02e7a0e87,PN1993.5.I8M346,2,existing_child,History & Criticism,unified:fc752935-9d26-51f2-829c-195160e8c691
Film,unified:3a5d2554-58b3-548b-8c98-54f02e7a0e87,PN1993.5.I8M415,2,existing_child,History & Criticism,unified:fc752935-9d26-51f2-829c-195160e8c691
Film,unified:3a5d2554-58b3-548b-8c98-54f02e7a0e87,PN1993.5.I8M844,2,existing_child,History & Criticism,unified:fc752935-9d26-51f2-829c-195160e8c691
Film,unified:3a5d2554-58b3-548b-8c98-54f02e7a0e87,PN1993.5.I8P274,2,existing_child,History & Criticism,unified:fc752935-9d26-51f2-829c-195160e8c691
Film,unified:3a5d2554-58b3-548b-8c98-54f02e7a0e87,PN1993.5.I8P43,2,existing_child,History & Criticism,unified:fc752935-9d26-51f2-829c-195160e8c691
Film,unified:3a5d2554-58b3-548b-8c98-54f02e7a0e87,PN1993.5.I8P48,2,existing_child,History & Criticism,unified:fc752935-9d26-51f2-829c-195160e8c691
Film,unified:3a5d2554-58b3-548b-8c98-54f02e7a0e87,PN1993.5.I8P655,2,existing_child,History & Criticism,unified:fc752935-9d26-51f2-829c-195160e8c691
Film,unified:3a5d2554-58b3-548b-8c98-54f02e7a0e87,PN1993.5.I8R63,2,existing_child,History & Criticism,unified:fc752935-9d26-51f2-829c-195160e8c691
Film,unified:3a5d2554-58b3-548b-8c98-54f02e7a0e87,PN1993.5.I8S5,2,existing_child,History & Criticism,unified:fc752935-9d26-51f2-829c-195160e8c691
Film,unified:3a5d2554-58b3-548b-8c98-54f02e7a0e87,PN1993.5.I8S674,2,existing_child,History & Criticism,unified:fc752935-9d26-51f2-829c-195160e8c691
Film,unified:3a5d2554-58b3-548b-8c98-54f02e7a0e87,PN1993.5.I8T28,2,existing_child,History & Criticism,unified:fc752935-9d26-51f2-829c-195160e8c691
Film,unified:3a5d2554-58b3-548b-8c98-54f02e7a0e87,PN1993.5.I8T79,2,existing_child,History & Criticism,unified:fc752935-9d26-51f2-829c-195160e8c691
Film,unified:3a5d2554-58b3-548b-8c98-54f02e7a0e87,PN1993.5.S64S67,2,existing_child,History & Criticism,unified:fc752935-9d26-51f2-829c-195160e8c691
Film,unified:3a5d2554-58b3-548b-8c98-54f02e7a0e87,PN1993.5.U65A485,2,existing_child,History & Criticism,unified:fc752935-9d26-51f2-829c-195160e8c691
Film,unified:3a5d2554-58b3-548b-8c98-54f02e7a0e87,PN1993.5.U65A513,2,existing_child,History & Criticism,unified:fc752935-9d26-51f2-829c-195160e8c691
Film,unified:3a5d2554-58b3-548b-8c98-54f02e7a0e87,PN1993.5.U65C49,2,existing_child,History & Criticism,unified:fc752935-9d26-51f2-829c-195160e8c691
Film,unified:3a5d2554-58b3-548b-8c98-54f02e7a0e87,PN1993.5.U65C64,2,existing_child,History & Criticism,unified:fc752935-9d26-51f2-829c-195160e8c691
Film,unified:3a5d2554-58b3-548b-8c98-54f02e7a0e87,PN1993.5.U65G6355,2,existing_child,History & Criticism,unified:fc752935-9d26-51f2-829c-195160e8c691
Film,unified:3a5d2554-58b3-548b-8c98-54f02e7a0e87,PN1993.5.U65H455,2,existing_child,History & Criticism,unified:fc752935-9d26-51f2-829c-195160e8c691
Film,unified:3a5d2554-58b3-548b-8c98-54f02e7a0e87,PN1993.5.U65H572,2,existing_child,History & Criticism,unified:fc752935-9d26-51f2-829c-195160e8c691
Film,unified:3a5d2554-58b3-548b-8c98-54f02e7a0e87,PN1993.5.U65K34,2,existing_child,History & Criticism,unified:fc752935-9d26-51f2-829c-195160e8c691
Film,unified:3a5d2554-58b3-548b-8c98-54f02e7a0e87,PN1993.5.U65K76,2,existing_child,History & Criticism,unified:fc752935-9d26-51f2-829c-195160e8c691
Film,unified:3a5d2554-58b3-548b-8c98-54f02e7a0e87,PN1993.5.U65M386,2,existing_child,History & Criticism,unified:fc752935-9d26-51f2-829c-195160e8c691
Film,unified:3a5d2554-58b3-548b-8c98-54f02e7a0e87,PN1993.5.U65M463,2,existing_child,History & Criticism,unified:fc752935-9d26-51f2-829c-195160e8c691
Film,unified:3a5d2554-58b3-548b-8c98-54f02e7a0e87,PN1993.5.U65P365,2,existing_child,History & Criticism,unified:fc752935-9d26-51f2-829c-195160e8c691
Film,unified:3a5d2554-58b3-548b-8c98-54f02e7a0e87,PN1993.5.U65R44,2,existing_child,History & Criticism,unified:fc752935-9d26-51f2-829c-195160e8c691
Film,unified:3a5d2554-58b3-548b-8c98-54f02e7a0e87,PN1993.5.U65R575,2,existing_child,History & Criticism,unified:fc752935-9d26-51f2-829c-195160e8c691
Film,unified:3a5d2554-58b3-548b-8c98-54f02e7a0e87,PN1993.5.U65S3,2,existing_child,History & Criticism,unified:fc752935-9d26-51f2-829c-195160e8c691
Film,unified:3a5d2554-58b3-548b-8c98-54f02e7a0e87,PN1993.5.U65S52,2,existing_child,History & Criticism,unified:fc752935-9d26-51f2-829c-195160e8c691
Film,unified:3a5d2554-58b3-548b-8c98-54f02e7a0e87,PN1993.5.U65W47,2,existing_child,History & Criticism,unified:fc752935-9d26-51f2-829c-195160e8c691
Film,unified:3a5d2554-58b3-548b-8c98-54f02e7a0e87,PN1993.5.U6A676,2,existing_child,History & Criticism,unified:fc752935-9d26-51f2-829c-195160e8c691
Film,unified:3a5d2554-58b3-548b-8c98-54f02e7a0e87,PN1993.5.U6A74,2,existing_child,History & Criticism,unified:fc752935-9d26-51f2-829c-195160e8c691
Film,unified:3a5d2554-58b3-548b-8c98-54f02e7a0e87,PN1993.5.U6A825,2,existing_child,History & Criticism,unified:fc752935-9d26-51f2-829c-195160e8c691
Film,unified:3a5d2554-58b3-548b-8c98-54f02e7a0e87,PN1993.5.U6A8573,2,existing_child,History & Criticism,unified:fc752935-9d26-51f2-829c-195160e8c691
Film,unified:3a5d2554-58b3-548b-8c98-54f02e7a0e87,PN1993.5.U6A85733,2,existing_child,History & Criticism,unified:fc752935-9d26-51f2-829c-195160e8c691
Film,unified:3a5d2554-58b3-548b-8c98-54f02e7a0e87,PN1993.5.U6A8579,2,existing_child,History & Criticism,unified:fc752935-9d26-51f2-829c-195160e8c691
Film,unified:3a5d2554-58b3-548b-8c98-54f02e7a0e87,PN1993.5.U6A857955,2,existing_child,History & Criticism,unified:fc752935-9d26-51f2-829c-195160e8c691
Film,unified:3a5d2554-58b3-548b-8c98-54f02e7a0e87,PN1993.5.U6A8582,2,existing_child,History & Criticism,unified:fc752935-9d26-51f2-829c-195160e8c691
Film,unified:3a5d2554-58b3-548b-8c98-54f02e7a0e87,PN1993.5.U6A865,2,existing_child,History & Criticism,unified:fc752935-9d26-51f2-829c-195160e8c691
Film,unified:3a5d2554-58b3-548b-8c98-54f02e7a0e87,PN1993.5.U6A8656,2,existing_child,History & Criticism,unified:fc752935-9d26-51f2-829c-195160e8c691
Film,unified:3a5d2554-58b3-548b-8c98-54f02e7a0e87,PN1993.5.U6B34,2,existing_child,History & Criticism,unified:fc752935-9d26-51f2-829c-195160e8c691
Film,unified:3a5d2554-58b3-548b-8c98-54f02e7a0e87,PN1993.5.U6C263,2,existing_child,History & Criticism,unified:fc752935-9d26-51f2-829c-195160e8c691
Film,unified:3a5d2554-58b3-548b-8c98-54f02e7a0e87,PN1993.5.U6C315,2,existing_child,History & Criticism,unified:fc752935-9d26-51f2-829c-195160e8c691
Film,unified:3a5d2554-58b3-548b-8c98-54f02e7a0e87,PN1993.5.U6C5285,2,existing_child,History & Criticism,unified:fc752935-9d26-51f2-829c-195160e8c691
Film,unified:3a5d2554-58b3-548b-8c98-54f02e7a0e87,PN1993.5.U6C634,2,existing_child,History & Criticism,unified:fc752935-9d26-51f2-829c-195160e8c691
Film,unified:3a5d2554-58b3-548b-8c98-54f02e7a0e87,PN1993.5.U6C636,2,existing_child,History & Criticism,unified:fc752935-9d26-51f2-829c-195160e8c691
Film,unified:3a5d2554-58b3-548b-8c98-54f02e7a0e87,PN1993.5.U6D34,2,existing_child,History & Criticism,unified:fc752935-9d26-51f2-829c-195160e8c691
Film,unified:3a5d2554-58b3-548b-8c98-54f02e7a0e87,PN1993.5.U6D35,2,existing_child,History & Criticism,unified:fc752935-9d26-51f2-829c-195160e8c691
Film,unified:3a5d2554-58b3-548b-8c98-54f02e7a0e87,PN1993.5.U6D36,2,existing_child,History & Criticism,unified:fc752935-9d26-51f2-829c-195160e8c691
Film,unified:3a5d2554-58b3-548b-8c98-54f02e7a0e87,PN1993.5.U6D46,2,existing_child,History & Criticism,unified:fc752935-9d26-51f2-829c-195160e8c691
Film,unified:3a5d2554-58b3-548b-8c98-54f02e7a0e87,PN1993.5.U6D47,2,existing_child,History & Criticism,unified:fc752935-9d26-51f2-829c-195160e8c691
Film,unified:3a5d2554-58b3-548b-8c98-54f02e7a0e87,PN1993.5.U6D53,2,existing_child,History & Criticism,unified:fc752935-9d26-51f2-829c-195160e8c691
Film,unified:3a5d2554-58b3-548b-8c98-54f02e7a0e87,PN1993.5.U6E75,2,existing_child,History & Criticism,unified:fc752935-9d26-51f2-829c-195160e8c691
Film,unified:3a5d2554-58b3-548b-8c98-54f02e7a0e87,PN1993.5.U6F43,2,existing_child,History & Criticism,unified:fc752935-9d26-51f2-829c-195160e8c691
Film,unified:3a5d2554-58b3-548b-8c98-54f02e7a0e87,PN1993.5.U6F75,2,existing_child,History & Criticism,unified:fc752935-9d26-51f2-829c-195160e8c691
Film,unified:3a5d2554-58b3-548b-8c98-54f02e7a0e87,PN1993.5.U6F765,2,existing_child,History & Criticism,unified:fc752935-9d26-51f2-829c-195160e8c691
Film,unified:3a5d2554-58b3-548b-8c98-54f02e7a0e87,PN1993.5.U6G32,2,existing_child,History & Criticism,unified:fc752935-9d26-51f2-829c-195160e8c691
Film,unified:3a5d2554-58b3-548b-8c98-54f02e7a0e87,PN1993.5.U6G457,2,existing_child,History & Criticism,unified:fc752935-9d26-51f2-829c-195160e8c691
Film,unified:3a5d2554-58b3-548b-8c98-54f02e7a0e87,PN1993.5.U6H274,2,existing_child,History & Criticism,unified:fc752935-9d26-51f2-829c-195160e8c691
Film,unified:3a5d2554-58b3-548b-8c98-54f02e7a0e87,PN1993.5.U6H47,2,existing_child,History & Criticism,unified:fc752935-9d26-51f2-829c-195160e8c691
Film,unified:3a5d2554-58b3-548b-8c98-54f02e7a0e87,PN1993.5.U6H55,2,existing_child,History & Criticism,unified:fc752935-9d26-51f2-829c-195160e8c691
Film,unified:3a5d2554-58b3-548b-8c98-54f02e7a0e87,PN1993.5.U6J225,2,existing_child,History & Criticism,unified:fc752935-9d26-51f2-829c-195160e8c691
Film,unified:3a5d2554-58b3-548b-8c98-54f02e7a0e87,PN1993.5.U6J57,2,existing_child,History & Criticism,unified:fc752935-9d26-51f2-829c-195160e8c691
Film,unified:3a5d2554-58b3-548b-8c98-54f02e7a0e87,PN1993.5.U6K466,2,existing_child,History & Criticism,unified:fc752935-9d26-51f2-829c-195160e8c691
Film,unified:3a5d2554-58b3-548b-8c98-54f02e7a0e87,PN1993.5.U6K49,2,existing_child,History & Criticism,unified:fc752935-9d26-51f2-829c-195160e8c691
Film,unified:3a5d2554-58b3-548b-8c98-54f02e7a0e87,PN1993.5.U6K525,2,existing_child,History & Criticism,unified:fc752935-9d26-51f2-829c-195160e8c691
Film,unified:3a5d2554-58b3-548b-8c98-54f02e7a0e87,PN1993.5.U6L46,2,existing_child,History & Criticism,unified:fc752935-9d26-51f2-829c-195160e8c691
Film,unified:3a5d2554-58b3-548b-8c98-54f02e7a0e87,PN1993.5.U6L54,2,existing_child,History & Criticism,unified:fc752935-9d26-51f2-829c-195160e8c691
Film,unified:3a5d2554-58b3-548b-8c98-54f02e7a0e87,PN1993.5.U6L58,2,existing_child,History & Criticism,unified:fc752935-9d26-51f2-829c-195160e8c691
Film,unified:3a5d2554-58b3-548b-8c98-54f02e7a0e87,PN1993.5.U6M2296,2,existing_child,History & Criticism,unified:fc752935-9d26-51f2-829c-195160e8c691
Film,unified:3a5d2554-58b3-548b-8c98-54f02e7a0e87,PN1993.5.U6M79,2,existing_child,History & Criticism,unified:fc752935-9d26-51f2-829c-195160e8c691
Film,unified:3a5d2554-58b3-548b-8c98-54f02e7a0e87,PN1993.5.U6N34,2,existing_child,History & Criticism,unified:fc752935-9d26-51f2-829c-195160e8c691
Film,unified:3a5d2554-58b3-548b-8c98-54f02e7a0e87,PN1993.5.U6N43,2,existing_child,History & Criticism,unified:fc752935-9d26-51f2-829c-195160e8c691
Film,unified:3a5d2554-58b3-548b-8c98-54f02e7a0e87,PN1993.5.U6N49,2,existing_child,History & Criticism,unified:fc752935-9d26-51f2-829c-195160e8c691
Film,unified:3a5d2554-58b3-548b-8c98-54f02e7a0e87,PN1993.5.U6O76,2,existing_child,History & Criticism,unified:fc752935-9d26-51f2-829c-195160e8c691
Film,unified:3a5d2554-58b3-548b-8c98-54f02e7a0e87,PN1993.5.U6P28,2,existing_child,History & Criticism,unified:fc752935-9d26-51f2-829c-195160e8c691
Film,unified:3a5d2554-58b3-548b-8c98-54f02e7a0e87,PN1993.5.U6P47,2,existing_child,History & Criticism,unified:fc752935-9d26-51f2-829c-195160e8c691
Film,unified:3a5d2554-58b3-548b-8c98-54f02e7a0e87,PN1993.5.U6P53,2,existing_child,History & Criticism,unified:fc752935-9d26-51f2-829c-195160e8c691
Film,unified:3a5d2554-58b3-548b-8c98-54f02e7a0e87,PN1993.5.U6P6713,2,existing_child,History & Criticism,unified:fc752935-9d26-51f2-829c-195160e8c691
Film,unified:3a5d2554-58b3-548b-8c98-54f02e7a0e87,PN1993.5.U6R34,2,existing_child,History & Criticism,unified:fc752935-9d26-51f2-829c-195160e8c691
Film,unified:3a5d2554-58b3-548b-8c98-54f02e7a0e87,PN1993.5.U6R6,2,existing_child,History & Criticism,unified:fc752935-9d26-51f2-829c-195160e8c691
Film,unified:3a5d2554-58b3-548b-8c98-54f02e7a0e87,PN1993.5.U6S493,2,existing_child,History & Criticism,unified:fc752935-9d26-51f2-829c-195160e8c691
Film,unified:3a5d2554-58b3-548b-8c98-54f02e7a0e87,PN1993.5.U6S53,2,existing_child,History & Criticism,unified:fc752935-9d26-51f2-829c-195160e8c691
Film,unified:3a5d2554-58b3-548b-8c98-54f02e7a0e87,PN1993.5.U6S5535,2,existing_child,History & Criticism,unified:fc752935-9d26-51f2-829c-195160e8c691
Film,unified:3a5d2554-58b3-548b-8c98-54f02e7a0e87,PN1993.5.U6S73,2,existing_child,History & Criticism,unified:fc752935-9d26-51f2-829c-195160e8c691
Film,unified:3a5d2554-58b3-548b-8c98-54f02e7a0e87,PN1993.5.U6T463,2,existing_child,History & Criticism,unified:fc752935-9d26-51f2-829c-195160e8c691
Film,unified:3a5d2554-58b3-548b-8c98-54f02e7a0e87,PN1993.5.U6T79,2,existing_child,History & Criticism,unified:fc752935-9d26-51f2-829c-195160e8c691
Film,unified:3a5d2554-58b3-548b-8c98-54f02e7a0e87,PN1993.5.U6V455,2,existing_child,History & Criticism,unified:fc752935-9d26-51f2-829c-195160e8c691
Film,unified:3a5d2554-58b3-548b-8c98-54f02e7a0e87,PN1993.5.U6W293,2,existing_child,History & Criticism,unified:fc752935-9d26-51f2-829c-195160e8c691
Film,unified:3a5d2554-58b3-548b-8c98-54f02e7a0e87,PN1993.5.U6W35,2,existing_child,History & Criticism,unified:fc752935-9d26-51f2-829c-195160e8c691
Film,unified:3a5d2554-58b3-548b-8c98-54f02e7a0e87,PN1993.5.U6W37,2,existing_child,History & Criticism,unified:fc752935-9d26-51f2-829c-195160e8c691
Film,unified:3a5d2554-58b3-548b-8c98-54f02e7a0e87,PN1993.5.U6W64,2,existing_child,History & Criticism,unified:fc752935-9d26-51f2-829c-195160e8c691
Film,unified:3a5d2554-58b3-548b-8c98-54f02e7a0e87,PN1993.5.U6Y68,2,existing_child,History & Criticism,unified:fc752935-9d26-51f2-829c-195160e8c691
Film,unified:3a5d2554-58b3-548b-8c98-54f02e7a0e87,PN1993.5U65,2,existing_child,History & Criticism,unified:fc752935-9d26-51f2-829c-195160e8c691
Film,unified:3a5d2554-58b3-548b-8c98-54f02e7a0e87,PN1997.A1T69,2,elsewhere_review,Screenplays,unified:d832b7ca-1810-5c0b-9179-afcb3e6ee753
Film,unified:3a5d2554-58b3-548b-8c98-54f02e7a0e87,PN1998.A1F4815,2,existing_child,History & Criticism,unified:fc752935-9d26-51f2-829c-195160e8c691
Film,unified:3a5d2554-58b3-548b-8c98-54f02e7a0e87,PN1993.5.A1.C795,1,existing_child,History & Criticism,unified:fc752935-9d26-51f2-829c-195160e8c691
Film,unified:3a5d2554-58b3-548b-8c98-54f02e7a0e87,PN1993.5.A1.D53,1,existing_child,History & Criticism,unified:fc752935-9d26-51f2-829c-195160e8c691
Film,unified:3a5d2554-58b3-548b-8c98-54f02e7a0e87,PN1993.5.A1.F38,1,existing_child,History & Criticism,unified:fc752935-9d26-51f2-829c-195160e8c691
Film,unified:3a5d2554-58b3-548b-8c98-54f02e7a0e87,PN1993.5.A1.L57,1,existing_child,History & Criticism,unified:fc752935-9d26-51f2-829c-195160e8c691
Film,unified:3a5d2554-58b3-548b-8c98-54f02e7a0e87,PN1993.5.A1.R46,1,existing_child,History & Criticism,unified:fc752935-9d26-51f2-829c-195160e8c691
Film,unified:3a5d2554-58b3-548b-8c98-54f02e7a0e87,PN1993.5.A1.S55,1,existing_child,History & Criticism,unified:fc752935-9d26-51f2-829c-195160e8c691
Film,unified:3a5d2554-58b3-548b-8c98-54f02e7a0e87,PN1993.5.A1A3,1,existing_child,History & Criticism,unified:fc752935-9d26-51f2-829c-195160e8c691
Film,unified:3a5d2554-58b3-548b-8c98-54f02e7a0e87,PN1993.5.A1B3,1,existing_child,History & Criticism,unified:fc752935-9d26-51f2-829c-195160e8c691
Film,unified:3a5d2554-58b3-548b-8c98-54f02e7a0e87,PN1993.5.A1B4,1,existing_child,History & Criticism,unified:fc752935-9d26-51f2-829c-195160e8c691
Film,unified:3a5d2554-58b3-548b-8c98-54f02e7a0e87,PN1993.5.A1B45613,1,existing_child,History & Criticism,unified:fc752935-9d26-51f2-829c-195160e8c691
Film,unified:3a5d2554-58b3-548b-8c98-54f02e7a0e87,PN1993.5.A1B585,1,existing_child,History & Criticism,unified:fc752935-9d26-51f2-829c-195160e8c691
Film,unified:3a5d2554-58b3-548b-8c98-54f02e7a0e87,PN1993.5.A1B69,1,existing_child,History & Criticism,unified:fc752935-9d26-51f2-829c-195160e8c691
Film,unified:3a5d2554-58b3-548b-8c98-54f02e7a0e87,PN1993.5.A1C334,1,existing_child,History & Criticism,unified:fc752935-9d26-51f2-829c-195160e8c691
Film,unified:3a5d2554-58b3-548b-8c98-54f02e7a0e87,PN1993.5.A1C37413,1,existing_child,History & Criticism,unified:fc752935-9d26-51f2-829c-195160e8c691
Film,unified:3a5d2554-58b3-548b-8c98-54f02e7a0e87,PN1993.5.A1C4,1,existing_child,History & Criticism,unified:fc752935-9d26-51f2-829c-195160e8c691
Film,unified:3a5d2554-58b3-548b-8c98-54f02e7a0e87,PN1993.5.A1C547,1,existing_child,History & Criticism,unified:fc752935-9d26-51f2-829c-195160e8c691
Film,unified:3a5d2554-58b3-548b-8c98-54f02e7a0e87,PN1993.5.A1C566,1,existing_child,History & Criticism,unified:fc752935-9d26-51f2-829c-195160e8c691
Film,unified:3a5d2554-58b3-548b-8c98-54f02e7a0e87,PN1993.5.A1C62,1,existing_child,History & Criticism,unified:fc752935-9d26-51f2-829c-195160e8c691
Film,unified:3a5d2554-58b3-548b-8c98-54f02e7a0e87,PN1993.5.A1C75,1,existing_child,History & Criticism,unified:fc752935-9d26-51f2-829c-195160e8c691
Film,unified:3a5d2554-58b3-548b-8c98-54f02e7a0e87,PN1993.5.A1C787,1,existing_child,History & Criticism,unified:fc752935-9d26-51f2-829c-195160e8c691
Film,unified:3a5d2554-58b3-548b-8c98-54f02e7a0e87,PN1993.5.A1C86,1,existing_child,History & Criticism,unified:fc752935-9d26-51f2-829c-195160e8c691
Film,unified:3a5d2554-58b3-548b-8c98-54f02e7a0e87,PN1993.5.A1C87,1,existing_child,History & Criticism,unified:fc752935-9d26-51f2-829c-195160e8c691
Film,unified:3a5d2554-58b3-548b-8c98-54f02e7a0e87,PN1993.5.A1D47,1,existing_child,History & Criticism,unified:fc752935-9d26-51f2-829c-195160e8c691
Film,unified:3a5d2554-58b3-548b-8c98-54f02e7a0e87,PN1993.5.A1D739,1,existing_child,History & Criticism,unified:fc752935-9d26-51f2-829c-195160e8c691
Film,unified:3a5d2554-58b3-548b-8c98-54f02e7a0e87,PN1993.5.A1E34,1,existing_child,History & Criticism,unified:fc752935-9d26-51f2-829c-195160e8c691
Film,unified:3a5d2554-58b3-548b-8c98-54f02e7a0e87,PN1993.5.A1E345,1,existing_child,History & Criticism,unified:fc752935-9d26-51f2-829c-195160e8c691
Film,unified:3a5d2554-58b3-548b-8c98-54f02e7a0e87,PN1993.5.A1E7813,1,existing_child,History & Criticism,unified:fc752935-9d26-51f2-829c-195160e8c691
Film,unified:3a5d2554-58b3-548b-8c98-54f02e7a0e87,PN1993.5.A1F47,1,existing_child,History & Criticism,unified:fc752935-9d26-51f2-829c-195160e8c691
Film,unified:3a5d2554-58b3-548b-8c98-54f02e7a0e87,PN1993.5.A1F517,1,existing_child,History & Criticism,unified:fc752935-9d26-51f2-829c-195160e8c691
Film,unified:3a5d2554-58b3-548b-8c98-54f02e7a0e87,PN1993.5.A1F518,1,existing_child,History & Criticism,unified:fc752935-9d26-51f2-829c-195160e8c691
Film,unified:3a5d2554-58b3-548b-8c98-54f02e7a0e87,PN1993.5.A1F67,1,existing_child,History & Criticism,unified:fc752935-9d26-51f2-829c-195160e8c691
Film,unified:3a5d2554-58b3-548b-8c98-54f02e7a0e87,PN1993.5.A1F725,1,existing_child,History & Criticism,unified:fc752935-9d26-51f2-829c-195160e8c691
Film,unified:3a5d2554-58b3-548b-8c98-54f02e7a0e87,PN1993.5.A1G39,1,existing_child,History & Criticism,unified:fc752935-9d26-51f2-829c-195160e8c691
Film,unified:3a5d2554-58b3-548b-8c98-54f02e7a0e87,PN1993.5.A1G546,1,existing_child,History & Criticism,unified:fc752935-9d26-51f2-829c-195160e8c691
Film,unified:3a5d2554-58b3-548b-8c98-54f02e7a0e87,PN1993.5.A1G548,1,existing_child,History & Criticism,unified:fc752935-9d26-51f2-829c-195160e8c691
Film,unified:3a5d2554-58b3-548b-8c98-54f02e7a0e87,PN1993.5.A1G68,1,existing_child,History & Criticism,unified:fc752935-9d26-51f2-829c-195160e8c691
Film,unified:3a5d2554-58b3-548b-8c98-54f02e7a0e87,PN1993.5.A1G783,1,existing_child,History & Criticism,unified:fc752935-9d26-51f2-829c-195160e8c691
Film,unified:3a5d2554-58b3-548b-8c98-54f02e7a0e87,PN1993.5.A1H28,1,existing_child,History & Criticism,unified:fc752935-9d26-51f2-829c-195160e8c691
Film,unified:3a5d2554-58b3-548b-8c98-54f02e7a0e87,PN1993.5.A1H3,1,existing_child,History & Criticism,unified:fc752935-9d26-51f2-829c-195160e8c691
Film,unified:3a5d2554-58b3-548b-8c98-54f02e7a0e87,PN1993.5.A1H5475,1,existing_child,History & Criticism,unified:fc752935-9d26-51f2-829c-195160e8c691
Film,unified:3a5d2554-58b3-548b-8c98-54f02e7a0e87,PN1993.5.A1H67,1,existing_child,History & Criticism,unified:fc752935-9d26-51f2-829c-195160e8c691
Film,unified:3a5d2554-58b3-548b-8c98-54f02e7a0e87,PN1993.5.A1I54,1,existing_child,History & Criticism,unified:fc752935-9d26-51f2-829c-195160e8c691
Film,unified:3a5d2554-58b3-548b-8c98-54f02e7a0e87,PN1993.5.A1J37,1,existing_child,History & Criticism,unified:fc752935-9d26-51f2-829c-195160e8c691
Film,unified:3a5d2554-58b3-548b-8c98-54f02e7a0e87,PN1993.5.A1J64,1,existing_child,History & Criticism,unified:fc752935-9d26-51f2-829c-195160e8c691
Film,unified:3a5d2554-58b3-548b-8c98-54f02e7a0e87,PN1993.5.A1M29,1,existing_child,History & Criticism,unified:fc752935-9d26-51f2-829c-195160e8c691
Film,unified:3a5d2554-58b3-548b-8c98-54f02e7a0e87,PN1993.5.A1M323,1,existing_child,History & Criticism,unified:fc752935-9d26-51f2-829c-195160e8c691
Film,unified:3a5d2554-58b3-548b-8c98-54f02e7a0e87,PN1993.5.A1M34,1,existing_child,History & Criticism,unified:fc752935-9d26-51f2-829c-195160e8c691
Film,unified:3a5d2554-58b3-548b-8c98-54f02e7a0e87,PN1993.5.A1M37,1,existing_child,History & Criticism,unified:fc752935-9d26-51f2-829c-195160e8c691
Film,unified:3a5d2554-58b3-548b-8c98-54f02e7a0e87,PN1993.5.A1M393,1,existing_child,History & Criticism,unified:fc752935-9d26-51f2-829c-195160e8c691
Film,unified:3a5d2554-58b3-548b-8c98-54f02e7a0e87,PN1993.5.A1M423,1,existing_child,History & Criticism,unified:fc752935-9d26-51f2-829c-195160e8c691
Film,unified:3a5d2554-58b3-548b-8c98-54f02e7a0e87,PN1993.5.A1M67618,1,existing_child,History & Criticism,unified:fc752935-9d26-51f2-829c-195160e8c691
Film,unified:3a5d2554-58b3-548b-8c98-54f02e7a0e87,PN1993.5.A1O64,1,existing_child,History & Criticism,unified:fc752935-9d26-51f2-829c-195160e8c691
Film,unified:3a5d2554-58b3-548b-8c98-54f02e7a0e87,PN1993.5.A1O96,1,existing_child,History & Criticism,unified:fc752935-9d26-51f2-829c-195160e8c691
Film,unified:3a5d2554-58b3-548b-8c98-54f02e7a0e87,PN1993.5.A1P25,1,existing_child,History & Criticism,unified:fc752935-9d26-51f2-829c-195160e8c691
Film,unified:3a5d2554-58b3-548b-8c98-54f02e7a0e87,PN1993.5.A1R68,1,existing_child,History & Criticism,unified:fc752935-9d26-51f2-829c-195160e8c691
Film,unified:3a5d2554-58b3-548b-8c98-54f02e7a0e87,PN1993.5.A1R75,1,existing_child,History & Criticism,unified:fc752935-9d26-51f2-829c-195160e8c691
Film,unified:3a5d2554-58b3-548b-8c98-54f02e7a0e87,PN1993.5.A1S35,1,existing_child,History & Criticism,unified:fc752935-9d26-51f2-829c-195160e8c691
Film,unified:3a5d2554-58b3-548b-8c98-54f02e7a0e87,PN1993.5.A1S388,1,existing_child,History & Criticism,unified:fc752935-9d26-51f2-829c-195160e8c691
Film,unified:3a5d2554-58b3-548b-8c98-54f02e7a0e87,PN1993.5.A1S519,1,existing_child,History & Criticism,unified:fc752935-9d26-51f2-829c-195160e8c691
Film,unified:3a5d2554-58b3-548b-8c98-54f02e7a0e87,PN1993.5.A1S53,1,existing_child,History & Criticism,unified:fc752935-9d26-51f2-829c-195160e8c691
Film,unified:3a5d2554-58b3-548b-8c98-54f02e7a0e87,PN1993.5.A1S555,1,existing_child,History & Criticism,unified:fc752935-9d26-51f2-829c-195160e8c691
Film,unified:3a5d2554-58b3-548b-8c98-54f02e7a0e87,PN1993.5.A1S573,1,existing_child,History & Criticism,unified:fc752935-9d26-51f2-829c-195160e8c691
Film,unified:3a5d2554-58b3-548b-8c98-54f02e7a0e87,PN1993.5.A1S858,1,existing_child,History & Criticism,unified:fc752935-9d26-51f2-829c-195160e8c691
Film,unified:3a5d2554-58b3-548b-8c98-54f02e7a0e87,PN1993.5.A1T723,1,existing_child,History & Criticism,unified:fc752935-9d26-51f2-829c-195160e8c691
Film,unified:3a5d2554-58b3-548b-8c98-54f02e7a0e87,PN1993.5.A1V3,1,existing_child,History & Criticism,unified:fc752935-9d26-51f2-829c-195160e8c691
Film,unified:3a5d2554-58b3-548b-8c98-54f02e7a0e87,PN1993.5.A1W87,1,existing_child,History & Criticism,unified:fc752935-9d26-51f2-829c-195160e8c691
Film,unified:3a5d2554-58b3-548b-8c98-54f02e7a0e87,PN1993.5.A1W95,1,existing_child,History & Criticism,unified:fc752935-9d26-51f2-829c-195160e8c691
Film,unified:3a5d2554-58b3-548b-8c98-54f02e7a0e87,PN1993.5.B35,1,existing_child,History & Criticism,unified:fc752935-9d26-51f2-829c-195160e8c691
Film,unified:3a5d2554-58b3-548b-8c98-54f02e7a0e87,PN1993.5.E19E27,1,existing_child,History & Criticism,unified:fc752935-9d26-51f2-829c-195160e8c691
Film,unified:3a5d2554-58b3-548b-8c98-54f02e7a0e87,PN1993.5.E19E285,1,existing_child,History & Criticism,unified:fc752935-9d26-51f2-829c-195160e8c691
Film,unified:3a5d2554-58b3-548b-8c98-54f02e7a0e87,PN1993.5.E19Y68,1,existing_child,History & Criticism,unified:fc752935-9d26-51f2-829c-195160e8c691
Film,unified:3a5d2554-58b3-548b-8c98-54f02e7a0e87,PN1993.5.I8.B36,1,existing_child,History & Criticism,unified:fc752935-9d26-51f2-829c-195160e8c691
Film,unified:3a5d2554-58b3-548b-8c98-54f02e7a0e87,PN1993.5.I8.C48,1,existing_child,History & Criticism,unified:fc752935-9d26-51f2-829c-195160e8c691
Film,unified:3a5d2554-58b3-548b-8c98-54f02e7a0e87,PN1993.5.I8.N2643,1,existing_child,History & Criticism,unified:fc752935-9d26-51f2-829c-195160e8c691
Film,unified:3a5d2554-58b3-548b-8c98-54f02e7a0e87,PN1993.5.I8.R277,1,existing_child,History & Criticism,unified:fc752935-9d26-51f2-829c-195160e8c691
Film,unified:3a5d2554-58b3-548b-8c98-54f02e7a0e87,PN1993.5.I8.S27,1,existing_child,History & Criticism,unified:fc752935-9d26-51f2-829c-195160e8c691
Film,unified:3a5d2554-58b3-548b-8c98-54f02e7a0e87,PN1993.5.I84.M86,1,existing_child,History & Criticism,unified:fc752935-9d26-51f2-829c-195160e8c691
Film,unified:3a5d2554-58b3-548b-8c98-54f02e7a0e87,PN1993.5.I84H45,1,existing_child,History & Criticism,unified:fc752935-9d26-51f2-829c-195160e8c691
Film,unified:3a5d2554-58b3-548b-8c98-54f02e7a0e87,PN1993.5.I84S46,1,existing_child,History & Criticism,unified:fc752935-9d26-51f2-829c-195160e8c691
Film,unified:3a5d2554-58b3-548b-8c98-54f02e7a0e87,PN1993.5.I84bP73,1,existing_child,History & Criticism,unified:fc752935-9d26-51f2-829c-195160e8c691
Film,unified:3a5d2554-58b3-548b-8c98-54f02e7a0e87,PN1993.5.I8A73,1,existing_child,History & Criticism,unified:fc752935-9d26-51f2-829c-195160e8c691
Film,unified:3a5d2554-58b3-548b-8c98-54f02e7a0e87,PN1993.5.I8A8213,1,existing_child,History & Criticism,unified:fc752935-9d26-51f2-829c-195160e8c691
Film,unified:3a5d2554-58b3-548b-8c98-54f02e7a0e87,PN1993.5.I8A87,1,existing_child,History & Criticism,unified:fc752935-9d26-51f2-829c-195160e8c691
Film,unified:3a5d2554-58b3-548b-8c98-54f02e7a0e87,PN1993.5.I8B27,1,existing_child,History & Criticism,unified:fc752935-9d26-51f2-829c-195160e8c691
Film,unified:3a5d2554-58b3-548b-8c98-54f02e7a0e87,PN1993.5.I8B28,1,existing_child,History & Criticism,unified:fc752935-9d26-51f2-829c-195160e8c691
Film,unified:3a5d2554-58b3-548b-8c98-54f02e7a0e87,PN1993.5.I8B3,1,existing_child,History & Criticism,unified:fc752935-9d26-51f2-829c-195160e8c691
Film,unified:3a5d2554-58b3-548b-8c98-54f02e7a0e87,PN1993.5.I8B4,1,existing_child,History & Criticism,unified:fc752935-9d26-51f2-829c-195160e8c691
Film,unified:3a5d2554-58b3-548b-8c98-54f02e7a0e87,PN1993.5.I8B5928,1,existing_child,History & Criticism,unified:fc752935-9d26-51f2-829c-195160e8c691
Film,unified:3a5d2554-58b3-548b-8c98-54f02e7a0e87,PN1993.5.I8B5935,1,existing_child,History & Criticism,unified:fc752935-9d26-51f2-829c-195160e8c691
Film,unified:3a5d2554-58b3-548b-8c98-54f02e7a0e87,PN1993.5.I8B67,1,existing_child,History & Criticism,unified:fc752935-9d26-51f2-829c-195160e8c691
Film,unified:3a5d2554-58b3-548b-8c98-54f02e7a0e87,PN1993.5.I8B73,1,existing_child,History & Criticism,unified:fc752935-9d26-51f2-829c-195160e8c691
Film,unified:3a5d2554-58b3-548b-8c98-54f02e7a0e87,PN1993.5.I8C43,1,existing_child,History & Criticism,unified:fc752935-9d26-51f2-829c-195160e8c691
Film,unified:3a5d2554-58b3-548b-8c98-54f02e7a0e87,PN1993.5.I8C47,1,existing_child,History & Criticism,unified:fc752935-9d26-51f2-829c-195160e8c691
Film,unified:3a5d2554-58b3-548b-8c98-54f02e7a0e87,PN1993.5.I8C48,1,existing_child,History & Criticism,unified:fc752935-9d26-51f2-829c-195160e8c691
Film,unified:3a5d2554-58b3-548b-8c98-54f02e7a0e87,PN1993.5.I8C516,1,existing_child,History & Criticism,unified:fc752935-9d26-51f2-829c-195160e8c691
Film,unified:3a5d2554-58b3-548b-8c98-54f02e7a0e87,PN1993.5.I8C5168,1,existing_child,History & Criticism,unified:fc752935-9d26-51f2-829c-195160e8c691
Film,unified:3a5d2554-58b3-548b-8c98-54f02e7a0e87,PN1993.5.I8C576,1,existing_child,History & Criticism,unified:fc752935-9d26-51f2-829c-195160e8c691
Film,unified:3a5d2554-58b3-548b-8c98-54f02e7a0e87,PN1993.5.I8D277,1,existing_child,History & Criticism,unified:fc752935-9d26-51f2-829c-195160e8c691
Film,unified:3a5d2554-58b3-548b-8c98-54f02e7a0e87,PN1993.5.I8D38,1,existing_child,History & Criticism,unified:fc752935-9d26-51f2-829c-195160e8c691
Film,unified:3a5d2554-58b3-548b-8c98-54f02e7a0e87,PN1993.5.I8D4,1,existing_child,History & Criticism,unified:fc752935-9d26-51f2-829c-195160e8c691
Film,unified:3a5d2554-58b3-548b-8c98-54f02e7a0e87,PN1993.5.I8D47,1,existing_child,History & Criticism,unified:fc752935-9d26-51f2-829c-195160e8c691
Film,unified:3a5d2554-58b3-548b-8c98-54f02e7a0e87,PN1993.5.I8D83,1,existing_child,History & Criticism,unified:fc752935-9d26-51f2-829c-195160e8c691
Film,unified:3a5d2554-58b3-548b-8c98-54f02e7a0e87,PN1993.5.I8D85,1,existing_child,History & Criticism,unified:fc752935-9d26-51f2-829c-195160e8c691
Film,unified:3a5d2554-58b3-548b-8c98-54f02e7a0e87,PN1993.5.I8D96,1,existing_child,History & Criticism,unified:fc752935-9d26-51f2-829c-195160e8c691
Film,unified:3a5d2554-58b3-548b-8c98-54f02e7a0e87,PN1993.5.I8F4,1,existing_child,History & Criticism,unified:fc752935-9d26-51f2-829c-195160e8c691
Film,unified:3a5d2554-58b3-548b-8c98-54f02e7a0e87,PN1993.5.I8F55,1,existing_child,History & Criticism,unified:fc752935-9d26-51f2-829c-195160e8c691
Film,unified:3a5d2554-58b3-548b-8c98-54f02e7a0e87,PN1993.5.I8F5735,1,existing_child,History & Criticism,unified:fc752935-9d26-51f2-829c-195160e8c691
Film,unified:3a5d2554-58b3-548b-8c98-54f02e7a0e87,PN1993.5.I8G27,1,existing_child,History & Criticism,unified:fc752935-9d26-51f2-829c-195160e8c691
Film,unified:3a5d2554-58b3-548b-8c98-54f02e7a0e87,PN1993.5.I8G46,1,existing_child,History & Criticism,unified:fc752935-9d26-51f2-829c-195160e8c691
Film,unified:3a5d2554-58b3-548b-8c98-54f02e7a0e87,PN1993.5.I8G53,1,existing_child,History & Criticism,unified:fc752935-9d26-51f2-829c-195160e8c691
Film,unified:3a5d2554-58b3-548b-8c98-54f02e7a0e87,PN1993.5.I8G565,1,existing_child,History & Criticism,unified:fc752935-9d26-51f2-829c-195160e8c691
Film,unified:3a5d2554-58b3-548b-8c98-54f02e7a0e87,PN1993.5.I8G568,1,existing_child,History & Criticism,unified:fc752935-9d26-51f2-829c-195160e8c691
Film,unified:3a5d2554-58b3-548b-8c98-54f02e7a0e87,PN1993.5.I8G79,1,existing_child,History & Criticism,unified:fc752935-9d26-51f2-829c-195160e8c691
Film,unified:3a5d2554-58b3-548b-8c98-54f02e7a0e87,PN1993.5.I8H27,1,existing_child,History & Criticism,unified:fc752935-9d26-51f2-829c-195160e8c691
Film,unified:3a5d2554-58b3-548b-8c98-54f02e7a0e87,PN1993.5.I8H5,1,existing_child,History & Criticism,unified:fc752935-9d26-51f2-829c-195160e8c691
Film,unified:3a5d2554-58b3-548b-8c98-54f02e7a0e87,PN1993.5.I8I4943,1,existing_child,History & Criticism,unified:fc752935-9d26-51f2-829c-195160e8c691
Film,unified:3a5d2554-58b3-548b-8c98-54f02e7a0e87,PN1993.5.I8I629,1,existing_child,History & Criticism,unified:fc752935-9d26-51f2-829c-195160e8c691
Film,unified:3a5d2554-58b3-548b-8c98-54f02e7a0e87,PN1993.5.I8J28,1,existing_child,History & Criticism,unified:fc752935-9d26-51f2-829c-195160e8c691
Film,unified:3a5d2554-58b3-548b-8c98-54f02e7a0e87,PN1993.5.I8J368,1,existing_child,History & Criticism,unified:fc752935-9d26-51f2-829c-195160e8c691
Film,unified:3a5d2554-58b3-548b-8c98-54f02e7a0e87,PN1993.5.I8J56,1,existing_child,History & Criticism,unified:fc752935-9d26-51f2-829c-195160e8c691
Film,unified:3a5d2554-58b3-548b-8c98-54f02e7a0e87,PN1993.5.I8K43,1,existing_child,History & Criticism,unified:fc752935-9d26-51f2-829c-195160e8c691
Film,unified:3a5d2554-58b3-548b-8c98-54f02e7a0e87,PN1993.5.I8M326,1,existing_child,History & Criticism,unified:fc752935-9d26-51f2-829c-195160e8c691
Film,unified:3a5d2554-58b3-548b-8c98-54f02e7a0e87,PN1993.5.I8M34,1,existing_child,History & Criticism,unified:fc752935-9d26-51f2-829c-195160e8c691
Film,unified:3a5d2554-58b3-548b-8c98-54f02e7a0e87,PN1993.5.I8M36,1,existing_child,History & Criticism,unified:fc752935-9d26-51f2-829c-195160e8c691
Film,unified:3a5d2554-58b3-548b-8c98-54f02e7a0e87,PN1993.5.I8M376,1,existing_child,History & Criticism,unified:fc752935-9d26-51f2-829c-195160e8c691
Film,unified:3a5d2554-58b3-548b-8c98-54f02e7a0e87,PN1993.5.I8M46,1,existing_child,History & Criticism,unified:fc752935-9d26-51f2-829c-195160e8c691
Film,unified:3a5d2554-58b3-548b-8c98-54f02e7a0e87,PN1993.5.I8M4655,1,existing_child,History & Criticism,unified:fc752935-9d26-51f2-829c-195160e8c691
Film,unified:3a5d2554-58b3-548b-8c98-54f02e7a0e87,PN1993.5.I8M47,1,existing_child,History & Criticism,unified:fc752935-9d26-51f2-829c-195160e8c691
Film,unified:3a5d2554-58b3-548b-8c98-54f02e7a0e87,PN1993.5.I8M65,1,existing_child,History & Criticism,unified:fc752935-9d26-51f2-829c-195160e8c691
Film,unified:3a5d2554-58b3-548b-8c98-54f02e7a0e87,PN1993.5.I8P2888,1,existing_child,History & Criticism,unified:fc752935-9d26-51f2-829c-195160e8c691
Film,unified:3a5d2554-58b3-548b-8c98-54f02e7a0e87,PN1993.5.I8P735,1,existing_child,History & Criticism,unified:fc752935-9d26-51f2-829c-195160e8c691
Film,unified:3a5d2554-58b3-548b-8c98-54f02e7a0e87,PN1993.5.I8R272,1,existing_child,History & Criticism,unified:fc752935-9d26-51f2-829c-195160e8c691
Film,unified:3a5d2554-58b3-548b-8c98-54f02e7a0e87,PN1993.5.I8R275,1,existing_child,History & Criticism,unified:fc752935-9d26-51f2-829c-195160e8c691
Film,unified:3a5d2554-58b3-548b-8c98-54f02e7a0e87,PN1993.5.I8R276,1,existing_child,History & Criticism,unified:fc752935-9d26-51f2-829c-195160e8c691
Film,unified:3a5d2554-58b3-548b-8c98-54f02e7a0e87,PN1993.5.I8R277,1,existing_child,History & Criticism,unified:fc752935-9d26-51f2-829c-195160e8c691
Film,unified:3a5d2554-58b3-548b-8c98-54f02e7a0e87,PN1993.5.I8R285,1,existing_child,History & Criticism,unified:fc752935-9d26-51f2-829c-195160e8c691
Film,unified:3a5d2554-58b3-548b-8c98-54f02e7a0e87,PN1993.5.I8R34,1,existing_child,History & Criticism,unified:fc752935-9d26-51f2-829c-195160e8c691
Film,unified:3a5d2554-58b3-548b-8c98-54f02e7a0e87,PN1993.5.I8R626,1,existing_child,History & Criticism,unified:fc752935-9d26-51f2-829c-195160e8c691
Film,unified:3a5d2554-58b3-548b-8c98-54f02e7a0e87,PN1993.5.I8S4,1,existing_child,History & Criticism,unified:fc752935-9d26-51f2-829c-195160e8c691
Film,unified:3a5d2554-58b3-548b-8c98-54f02e7a0e87,PN1993.5.I8S437,1,existing_child,History & Criticism,unified:fc752935-9d26-51f2-829c-195160e8c691
Film,unified:3a5d2554-58b3-548b-8c98-54f02e7a0e87,PN1993.5.I8S53325,1,existing_child,History & Criticism,unified:fc752935-9d26-51f2-829c-195160e8c691
Film,unified:3a5d2554-58b3-548b-8c98-54f02e7a0e87,PN1993.5.I8S68,1,existing_child,History & Criticism,unified:fc752935-9d26-51f2-829c-195160e8c691
Film,unified:3a5d2554-58b3-548b-8c98-54f02e7a0e87,PN1993.5.I8S76,1,existing_child,History & Criticism,unified:fc752935-9d26-51f2-829c-195160e8c691
Film,unified:3a5d2554-58b3-548b-8c98-54f02e7a0e87,PN1993.5.I8T277,1,existing_child,History & Criticism,unified:fc752935-9d26-51f2-829c-195160e8c691
Film,unified:3a5d2554-58b3-548b-8c98-54f02e7a0e87,PN1993.5.I8T4913,1,existing_child,History & Criticism,unified:fc752935-9d26-51f2-829c-195160e8c691
Film,unified:3a5d2554-58b3-548b-8c98-54f02e7a0e87,PN1993.5.I8T67,1,existing_child,History & Criticism,unified:fc752935-9d26-51f2-829c-195160e8c691
Film,unified:3a5d2554-58b3-548b-8c98-54f02e7a0e87,PN1993.5.I8V268,1,existing_child,History & Criticism,unified:fc752935-9d26-51f2-829c-195160e8c691
Film,unified:3a5d2554-58b3-548b-8c98-54f02e7a0e87,PN1993.5.I8V575,1,existing_child,History & Criticism,unified:fc752935-9d26-51f2-829c-195160e8c691
Film,unified:3a5d2554-58b3-548b-8c98-54f02e7a0e87,PN1993.5.S644F47,1,existing_child,History & Criticism,unified:fc752935-9d26-51f2-829c-195160e8c691
Film,unified:3a5d2554-58b3-548b-8c98-54f02e7a0e87,PN1993.5.S644Y54,1,existing_child,History & Criticism,unified:fc752935-9d26-51f2-829c-195160e8c691
Film,unified:3a5d2554-58b3-548b-8c98-54f02e7a0e87,PN1993.5.T5A55,1,existing_child,History & Criticism,unified:fc752935-9d26-51f2-829c-195160e8c691
Film,unified:3a5d2554-58b3-548b-8c98-54f02e7a0e87,PN1993.5.T5F847,1,existing_child,History & Criticism,unified:fc752935-9d26-51f2-829c-195160e8c691
Film,unified:3a5d2554-58b3-548b-8c98-54f02e7a0e87,PN1993.5.U6.A68,1,existing_child,History & Criticism,unified:fc752935-9d26-51f2-829c-195160e8c691
Film,unified:3a5d2554-58b3-548b-8c98-54f02e7a0e87,PN1993.5.U6.B38,1,existing_child,History & Criticism,unified:fc752935-9d26-51f2-829c-195160e8c691
Film,unified:3a5d2554-58b3-548b-8c98-54f02e7a0e87,PN1993.5.U6.B39,1,existing_child,History & Criticism,unified:fc752935-9d26-51f2-829c-195160e8c691
Film,unified:3a5d2554-58b3-548b-8c98-54f02e7a0e87,PN1993.5.U6.C315,1,existing_child,History & Criticism,unified:fc752935-9d26-51f2-829c-195160e8c691
Film,unified:3a5d2554-58b3-548b-8c98-54f02e7a0e87,PN1993.5.U6.C68,1,existing_child,History & Criticism,unified:fc752935-9d26-51f2-829c-195160e8c691
Film,unified:3a5d2554-58b3-548b-8c98-54f02e7a0e87,PN1993.5.U6.D38,1,existing_child,History & Criticism,unified:fc752935-9d26-51f2-829c-195160e8c691
Film,unified:3a5d2554-58b3-548b-8c98-54f02e7a0e87,PN1993.5.U6.E243,1,existing_child,History & Criticism,unified:fc752935-9d26-51f2-829c-195160e8c691
Film,unified:3a5d2554-58b3-548b-8c98-54f02e7a0e87,PN1993.5.U6.E34,1,existing_child,History & Criticism,unified:fc752935-9d26-51f2-829c-195160e8c691
Film,unified:3a5d2554-58b3-548b-8c98-54f02e7a0e87,PN1993.5.U6.F5,1,existing_child,History & Criticism,unified:fc752935-9d26-51f2-829c-195160e8c691
Film,unified:3a5d2554-58b3-548b-8c98-54f02e7a0e87,PN1993.5.U6.J67,1,existing_child,History & Criticism,unified:fc752935-9d26-51f2-829c-195160e8c691
Film,unified:3a5d2554-58b3-548b-8c98-54f02e7a0e87,PN1993.5.U6.K474,1,existing_child,History & Criticism,unified:fc752935-9d26-51f2-829c-195160e8c691
Film,unified:3a5d2554-58b3-548b-8c98-54f02e7a0e87,PN1993.5.U6.K48,1,existing_child,History & Criticism,unified:fc752935-9d26-51f2-829c-195160e8c691
Film,unified:3a5d2554-58b3-548b-8c98-54f02e7a0e87,PN1993.5.U6.K58,1,existing_child,History & Criticism,unified:fc752935-9d26-51f2-829c-195160e8c691
Film,unified:3a5d2554-58b3-548b-8c98-54f02e7a0e87,PN1993.5.U6.N4,1,existing_child,History & Criticism,unified:fc752935-9d26-51f2-829c-195160e8c691
Film,unified:3a5d2554-58b3-548b-8c98-54f02e7a0e87,PN1993.5.U6.S49,1,existing_child,History & Criticism,unified:fc752935-9d26-51f2-829c-195160e8c691
Film,unified:3a5d2554-58b3-548b-8c98-54f02e7a0e87,PN1993.5.U6.W45,1,existing_child,History & Criticism,unified:fc752935-9d26-51f2-829c-195160e8c691
Film,unified:3a5d2554-58b3-548b-8c98-54f02e7a0e87,PN1993.5.U6.W46,1,existing_child,History & Criticism,unified:fc752935-9d26-51f2-829c-195160e8c691
Film,unified:3a5d2554-58b3-548b-8c98-54f02e7a0e87,PN1993.5.U6.W47,1,existing_child,History & Criticism,unified:fc752935-9d26-51f2-829c-195160e8c691
Film,unified:3a5d2554-58b3-548b-8c98-54f02e7a0e87,PN1993.5.U65.G554,1,existing_child,History & Criticism,unified:fc752935-9d26-51f2-829c-195160e8c691
Film,unified:3a5d2554-58b3-548b-8c98-54f02e7a0e87,PN1993.5.U65.H45,1,existing_child,History & Criticism,unified:fc752935-9d26-51f2-829c-195160e8c691
Film,unified:3a5d2554-58b3-548b-8c98-54f02e7a0e87,PN1993.5.U65A37,1,existing_child,History & Criticism,unified:fc752935-9d26-51f2-829c-195160e8c691
Film,unified:3a5d2554-58b3-548b-8c98-54f02e7a0e87,PN1993.5.U65A48,1,existing_child,History & Criticism,unified:fc752935-9d26-51f2-829c-195160e8c691
Film,unified:3a5d2554-58b3-548b-8c98-54f02e7a0e87,PN1993.5.U65A78,1,existing_child,History & Criticism,unified:fc752935-9d26-51f2-829c-195160e8c691
Film,unified:3a5d2554-58b3-548b-8c98-54f02e7a0e87,PN1993.5.U65A94,1,existing_child,History & Criticism,unified:fc752935-9d26-51f2-829c-195160e8c691
Film,unified:3a5d2554-58b3-548b-8c98-54f02e7a0e87,PN1993.5.U65B325,1,existing_child,History & Criticism,unified:fc752935-9d26-51f2-829c-195160e8c691
Film,unified:3a5d2554-58b3-548b-8c98-54f02e7a0e87,PN1993.5.U65B63,1,existing_child,History & Criticism,unified:fc752935-9d26-51f2-829c-195160e8c691
Film,unified:3a5d2554-58b3-548b-8c98-54f02e7a0e87,PN1993.5.U65B65,1,existing_child,History & Criticism,unified:fc752935-9d26-51f2-829c-195160e8c691
Film,unified:3a5d2554-58b3-548b-8c98-54f02e7a0e87,PN1993.5.U65B654,1,existing_child,History & Criticism,unified:fc752935-9d26-51f2-829c-195160e8c691
Film,unified:3a5d2554-58b3-548b-8c98-54f02e7a0e87,PN1993.5.U65B675,1,existing_child,History & Criticism,unified:fc752935-9d26-51f2-829c-195160e8c691
Film,unified:3a5d2554-58b3-548b-8c98-54f02e7a0e87,PN1993.5.U65B73,1,existing_child,History & Criticism,unified:fc752935-9d26-51f2-829c-195160e8c691
Film,unified:3a5d2554-58b3-548b-8c98-54f02e7a0e87,PN1993.5.U65B76,1,existing_child,History & Criticism,unified:fc752935-9d26-51f2-829c-195160e8c691
Film,unified:3a5d2554-58b3-548b-8c98-54f02e7a0e87,PN1993.5.U65B77,1,existing_child,History & Criticism,unified:fc752935-9d26-51f2-829c-195160e8c691
Film,unified:3a5d2554-58b3-548b-8c98-54f02e7a0e87,PN1993.5.U65C35,1,existing_child,History & Criticism,unified:fc752935-9d26-51f2-829c-195160e8c691
Film,unified:3a5d2554-58b3-548b-8c98-54f02e7a0e87,PN1993.5.U65C36,1,existing_child,History & Criticism,unified:fc752935-9d26-51f2-829c-195160e8c691
Film,unified:3a5d2554-58b3-548b-8c98-54f02e7a0e87,PN1993.5.U65C413,1,existing_child,History & Criticism,unified:fc752935-9d26-51f2-829c-195160e8c691
Film,unified:3a5d2554-58b3-548b-8c98-54f02e7a0e87,PN1993.5.U65C56,1,existing_child,History & Criticism,unified:fc752935-9d26-51f2-829c-195160e8c691
Film,unified:3a5d2554-58b3-548b-8c98-54f02e7a0e87,PN1993.5.U65C565,1,existing_child,History & Criticism,unified:fc752935-9d26-51f2-829c-195160e8c691
Film,unified:3a5d2554-58b3-548b-8c98-54f02e7a0e87,PN1993.5.U65C58,1,existing_child,History & Criticism,unified:fc752935-9d26-51f2-829c-195160e8c691
Film,unified:3a5d2554-58b3-548b-8c98-54f02e7a0e87,PN1993.5.U65C6,1,existing_child,History & Criticism,unified:fc752935-9d26-51f2-829c-195160e8c691
Film,unified:3a5d2554-58b3-548b-8c98-54f02e7a0e87,PN1993.5.U65D34,1,existing_child,History & Criticism,unified:fc752935-9d26-51f2-829c-195160e8c691
Film,unified:3a5d2554-58b3-548b-8c98-54f02e7a0e87,PN1993.5.U65D44,1,existing_child,History & Criticism,unified:fc752935-9d26-51f2-829c-195160e8c691
Film,unified:3a5d2554-58b3-548b-8c98-54f02e7a0e87,PN1993.5.U65D56,1,existing_child,History & Criticism,unified:fc752935-9d26-51f2-829c-195160e8c691
Film,unified:3a5d2554-58b3-548b-8c98-54f02e7a0e87,PN1993.5.U65D59,1,existing_child,History & Criticism,unified:fc752935-9d26-51f2-829c-195160e8c691
Film,unified:3a5d2554-58b3-548b-8c98-54f02e7a0e87,PN1993.5.U65E67,1,existing_child,History & Criticism,unified:fc752935-9d26-51f2-829c-195160e8c691
Film,unified:3a5d2554-58b3-548b-8c98-54f02e7a0e87,PN1993.5.U65F36,1,existing_child,History & Criticism,unified:fc752935-9d26-51f2-829c-195160e8c691
Film,unified:3a5d2554-58b3-548b-8c98-54f02e7a0e87,PN1993.5.U65F5613,1,existing_child,History & Criticism,unified:fc752935-9d26-51f2-829c-195160e8c691
Film,unified:3a5d2554-58b3-548b-8c98-54f02e7a0e87,PN1993.5.U65F75,1,existing_child,History & Criticism,unified:fc752935-9d26-51f2-829c-195160e8c691
Film,unified:3a5d2554-58b3-548b-8c98-54f02e7a0e87,PN1993.5.U65G28,1,existing_child,History & Criticism,unified:fc752935-9d26-51f2-829c-195160e8c691
Film,unified:3a5d2554-58b3-548b-8c98-54f02e7a0e87,PN1993.5.U65G552,1,existing_child,History & Criticism,unified:fc752935-9d26-51f2-829c-195160e8c691
Film,unified:3a5d2554-58b3-548b-8c98-54f02e7a0e87,PN1993.5.U65G554,1,existing_child,History & Criticism,unified:fc752935-9d26-51f2-829c-195160e8c691
Film,unified:3a5d2554-58b3-548b-8c98-54f02e7a0e87,PN1993.5.U65G5556,1,existing_child,History & Criticism,unified:fc752935-9d26-51f2-829c-195160e8c691
Film,unified:3a5d2554-58b3-548b-8c98-54f02e7a0e87,PN1993.5.U65G556,1,existing_child,History & Criticism,unified:fc752935-9d26-51f2-829c-195160e8c691
Film,unified:3a5d2554-58b3-548b-8c98-54f02e7a0e87,PN1993.5.U65H35,1,existing_child,History & Criticism,unified:fc752935-9d26-51f2-829c-195160e8c691
Film,unified:3a5d2554-58b3-548b-8c98-54f02e7a0e87,PN1993.5.U65H37,1,existing_child,History & Criticism,unified:fc752935-9d26-51f2-829c-195160e8c691
Film,unified:3a5d2554-58b3-548b-8c98-54f02e7a0e87,PN1993.5.U65H372,1,existing_child,History & Criticism,unified:fc752935-9d26-51f2-829c-195160e8c691
Film,unified:3a5d2554-58b3-548b-8c98-54f02e7a0e87,PN1993.5.U65H373,1,existing_child,History & Criticism,unified:fc752935-9d26-51f2-829c-195160e8c691
Film,unified:3a5d2554-58b3-548b-8c98-54f02e7a0e87,PN1993.5.U65H38,1,existing_child,History & Criticism,unified:fc752935-9d26-51f2-829c-195160e8c691
Film,unified:3a5d2554-58b3-548b-8c98-54f02e7a0e87,PN1993.5.U65H39,1,existing_child,History & Criticism,unified:fc752935-9d26-51f2-829c-195160e8c691
Film,unified:3a5d2554-58b3-548b-8c98-54f02e7a0e87,PN1993.5.U65H593,1,existing_child,History & Criticism,unified:fc752935-9d26-51f2-829c-195160e8c691
Film,unified:3a5d2554-58b3-548b-8c98-54f02e7a0e87,PN1993.5.U65H594,1,existing_child,History & Criticism,unified:fc752935-9d26-51f2-829c-195160e8c691
Film,unified:3a5d2554-58b3-548b-8c98-54f02e7a0e87,PN1993.5.U65H598,1,existing_child,History & Criticism,unified:fc752935-9d26-51f2-829c-195160e8c691
Film,unified:3a5d2554-58b3-548b-8c98-54f02e7a0e87,PN1993.5.U65H67,1,existing_child,History & Criticism,unified:fc752935-9d26-51f2-829c-195160e8c691
Film,unified:3a5d2554-58b3-548b-8c98-54f02e7a0e87,PN1993.5.U65J23,1,existing_child,History & Criticism,unified:fc752935-9d26-51f2-829c-195160e8c691
Film,unified:3a5d2554-58b3-548b-8c98-54f02e7a0e87,PN1993.5.U65J67,1,existing_child,History & Criticism,unified:fc752935-9d26-51f2-829c-195160e8c691
Film,unified:3a5d2554-58b3-548b-8c98-54f02e7a0e87,PN1993.5.U65J87,1,existing_child,History & Criticism,unified:fc752935-9d26-51f2-829c-195160e8c691
Film,unified:3a5d2554-58b3-548b-8c98-54f02e7a0e87,PN1993.5.U65K36,1,existing_child,History & Criticism,unified:fc752935-9d26-51f2-829c-195160e8c691
Film,unified:3a5d2554-58b3-548b-8c98-54f02e7a0e87,PN1993.5.U65K56,1,existing_child,History & Criticism,unified:fc752935-9d26-51f2-829c-195160e8c691
Film,unified:3a5d2554-58b3-548b-8c98-54f02e7a0e87,PN1993.5.U65K68,1,existing_child,History & Criticism,unified:fc752935-9d26-51f2-829c-195160e8c691
Film,unified:3a5d2554-58b3-548b-8c98-54f02e7a0e87,PN1993.5.U65L36,1,existing_child,History & Criticism,unified:fc752935-9d26-51f2-829c-195160e8c691
Film,unified:3a5d2554-58b3-548b-8c98-54f02e7a0e87,PN1993.5.U65L38,1,existing_child,History & Criticism,unified:fc752935-9d26-51f2-829c-195160e8c691
Film,unified:3a5d2554-58b3-548b-8c98-54f02e7a0e87,PN1993.5.U65L44,1,existing_child,History & Criticism,unified:fc752935-9d26-51f2-829c-195160e8c691
Film,unified:3a5d2554-58b3-548b-8c98-54f02e7a0e87,PN1993.5.U65L5,1,existing_child,History & Criticism,unified:fc752935-9d26-51f2-829c-195160e8c691
Film,unified:3a5d2554-58b3-548b-8c98-54f02e7a0e87,PN1993.5.U65M286,1,existing_child,History & Criticism,unified:fc752935-9d26-51f2-829c-195160e8c691
Film,unified:3a5d2554-58b3-548b-8c98-54f02e7a0e87,PN1993.5.U65M33,1,existing_child,History & Criticism,unified:fc752935-9d26-51f2-829c-195160e8c691
Film,unified:3a5d2554-58b3-548b-8c98-54f02e7a0e87,PN1993.5.U65M38,1,existing_child,History & Criticism,unified:fc752935-9d26-51f2-829c-195160e8c691
Film,unified:3a5d2554-58b3-548b-8c98-54f02e7a0e87,PN1993.5.U65M55,1,existing_child,History & Criticism,unified:fc752935-9d26-51f2-829c-195160e8c691
Film,unified:3a5d2554-58b3-548b-8c98-54f02e7a0e87,PN1993.5.U65M64,1,existing_child,History & Criticism,unified:fc752935-9d26-51f2-829c-195160e8c691
Film,unified:3a5d2554-58b3-548b-8c98-54f02e7a0e87,PN1993.5.U65M65,1,existing_child,History & Criticism,unified:fc752935-9d26-51f2-829c-195160e8c691
Film,unified:3a5d2554-58b3-548b-8c98-54f02e7a0e87,PN1993.5.U65M67,1,existing_child,History & Criticism,unified:fc752935-9d26-51f2-829c-195160e8c691
Film,unified:3a5d2554-58b3-548b-8c98-54f02e7a0e87,PN1993.5.U65M86,1,existing_child,History & Criticism,unified:fc752935-9d26-51f2-829c-195160e8c691
Film,unified:3a5d2554-58b3-548b-8c98-54f02e7a0e87,PN1993.5.U65N43,1,existing_child,History & Criticism,unified:fc752935-9d26-51f2-829c-195160e8c691
Film,unified:3a5d2554-58b3-548b-8c98-54f02e7a0e87,PN1993.5.U65N67,1,existing_child,History & Criticism,unified:fc752935-9d26-51f2-829c-195160e8c691
Film,unified:3a5d2554-58b3-548b-8c98-54f02e7a0e87,PN1993.5.U65O47,1,existing_child,History & Criticism,unified:fc752935-9d26-51f2-829c-195160e8c691
Film,unified:3a5d2554-58b3-548b-8c98-54f02e7a0e87,PN1993.5.U65O74,1,existing_child,History & Criticism,unified:fc752935-9d26-51f2-829c-195160e8c691
Film,unified:3a5d2554-58b3-548b-8c98-54f02e7a0e87,PN1993.5.U65P37,1,existing_child,History & Criticism,unified:fc752935-9d26-51f2-829c-195160e8c691
Film,unified:3a5d2554-58b3-548b-8c98-54f02e7a0e87,PN1993.5.U65P46,1,existing_child,History & Criticism,unified:fc752935-9d26-51f2-829c-195160e8c691
Film,unified:3a5d2554-58b3-548b-8c98-54f02e7a0e87,PN1993.5.U65P48,1,existing_child,History & Criticism,unified:fc752935-9d26-51f2-829c-195160e8c691
Film,unified:3a5d2554-58b3-548b-8c98-54f02e7a0e87,PN1993.5.U65R28,1,existing_child,History & Criticism,unified:fc752935-9d26-51f2-829c-195160e8c691
Film,unified:3a5d2554-58b3-548b-8c98-54f02e7a0e87,PN1993.5.U65R425,1,existing_child,History & Criticism,unified:fc752935-9d26-51f2-829c-195160e8c691
Film,unified:3a5d2554-58b3-548b-8c98-54f02e7a0e87,PN1993.5.U65R75,1,existing_child,History & Criticism,unified:fc752935-9d26-51f2-829c-195160e8c691
Film,unified:3a5d2554-58b3-548b-8c98-54f02e7a0e87,PN1993.5.U65S26,1,existing_child,History & Criticism,unified:fc752935-9d26-51f2-829c-195160e8c691
Film,unified:3a5d2554-58b3-548b-8c98-54f02e7a0e87,PN1993.5.U65S33,1,existing_child,History & Criticism,unified:fc752935-9d26-51f2-829c-195160e8c691
Film,unified:3a5d2554-58b3-548b-8c98-54f02e7a0e87,PN1993.5.U65S35,1,existing_child,History & Criticism,unified:fc752935-9d26-51f2-829c-195160e8c691
Film,unified:3a5d2554-58b3-548b-8c98-54f02e7a0e87,PN1993.5.U65S46,1,existing_child,History & Criticism,unified:fc752935-9d26-51f2-829c-195160e8c691
Film,unified:3a5d2554-58b3-548b-8c98-54f02e7a0e87,PN1993.5.U65S5,1,existing_child,History & Criticism,unified:fc752935-9d26-51f2-829c-195160e8c691
Film,unified:3a5d2554-58b3-548b-8c98-54f02e7a0e87,PN1993.5.U65S545,1,existing_child,History & Criticism,unified:fc752935-9d26-51f2-829c-195160e8c691
Film,unified:3a5d2554-58b3-548b-8c98-54f02e7a0e87,PN1993.5.U65S7,1,existing_child,History & Criticism,unified:fc752935-9d26-51f2-829c-195160e8c691
Film,unified:3a5d2554-58b3-548b-8c98-54f02e7a0e87,PN1993.5.U65S73,1,existing_child,History & Criticism,unified:fc752935-9d26-51f2-829c-195160e8c691
Film,unified:3a5d2554-58b3-548b-8c98-54f02e7a0e87,PN1993.5.U65S75,1,existing_child,History & Criticism,unified:fc752935-9d26-51f2-829c-195160e8c691
Film,unified:3a5d2554-58b3-548b-8c98-54f02e7a0e87,PN1993.5.U65S77,1,existing_child,History & Criticism,unified:fc752935-9d26-51f2-829c-195160e8c691
Film,unified:3a5d2554-58b3-548b-8c98-54f02e7a0e87,PN1993.5.U65T26,1,existing_child,History & Criticism,unified:fc752935-9d26-51f2-829c-195160e8c691
Film,unified:3a5d2554-58b3-548b-8c98-54f02e7a0e87,PN1993.5.U65T56,1,existing_child,History & Criticism,unified:fc752935-9d26-51f2-829c-195160e8c691
Film,unified:3a5d2554-58b3-548b-8c98-54f02e7a0e87,PN1993.5.U65T68,1,existing_child,History & Criticism,unified:fc752935-9d26-51f2-829c-195160e8c691
Film,unified:3a5d2554-58b3-548b-8c98-54f02e7a0e87,PN1993.5.U65V37,1,existing_child,History & Criticism,unified:fc752935-9d26-51f2-829c-195160e8c691
Film,unified:3a5d2554-58b3-548b-8c98-54f02e7a0e87,PN1993.5.U65V47,1,existing_child,History & Criticism,unified:fc752935-9d26-51f2-829c-195160e8c691
Film,unified:3a5d2554-58b3-548b-8c98-54f02e7a0e87,PN1993.5.U65W288,1,existing_child,History & Criticism,unified:fc752935-9d26-51f2-829c-195160e8c691
Film,unified:3a5d2554-58b3-548b-8c98-54f02e7a0e87,PN1993.5.U65W29,1,existing_child,History & Criticism,unified:fc752935-9d26-51f2-829c-195160e8c691
Film,unified:3a5d2554-58b3-548b-8c98-54f02e7a0e87,PN1993.5.U65W325,1,existing_child,History & Criticism,unified:fc752935-9d26-51f2-829c-195160e8c691
Film,unified:3a5d2554-58b3-548b-8c98-54f02e7a0e87,PN1993.5.U65W33,1,existing_child,History & Criticism,unified:fc752935-9d26-51f2-829c-195160e8c691
Film,unified:3a5d2554-58b3-548b-8c98-54f02e7a0e87,PN1993.5.U65W35,1,existing_child,History & Criticism,unified:fc752935-9d26-51f2-829c-195160e8c691
Film,unified:3a5d2554-58b3-548b-8c98-54f02e7a0e87,PN1993.5.U65W36,1,existing_child,History & Criticism,unified:fc752935-9d26-51f2-829c-195160e8c691
Film,unified:3a5d2554-58b3-548b-8c98-54f02e7a0e87,PN1993.5.U65W6,1,existing_child,History & Criticism,unified:fc752935-9d26-51f2-829c-195160e8c691
Film,unified:3a5d2554-58b3-548b-8c98-54f02e7a0e87,PN1993.5.U65Z65,1,existing_child,History & Criticism,unified:fc752935-9d26-51f2-829c-195160e8c691
Film,unified:3a5d2554-58b3-548b-8c98-54f02e7a0e87,PN1993.5.U6A33,1,existing_child,History & Criticism,unified:fc752935-9d26-51f2-829c-195160e8c691
Film,unified:3a5d2554-58b3-548b-8c98-54f02e7a0e87,PN1993.5.U6A64,1,existing_child,History & Criticism,unified:fc752935-9d26-51f2-829c-195160e8c691
Film,unified:3a5d2554-58b3-548b-8c98-54f02e7a0e87,PN1993.5.U6A68,1,existing_child,History & Criticism,unified:fc752935-9d26-51f2-829c-195160e8c691
Film,unified:3a5d2554-58b3-548b-8c98-54f02e7a0e87,PN1993.5.U6A827,1,existing_child,History & Criticism,unified:fc752935-9d26-51f2-829c-195160e8c691
Film,unified:3a5d2554-58b3-548b-8c98-54f02e7a0e87,PN1993.5.U6A84,1,existing_child,History & Criticism,unified:fc752935-9d26-51f2-829c-195160e8c691
Film,unified:3a5d2554-58b3-548b-8c98-54f02e7a0e87,PN1993.5.U6A852,1,existing_child,History & Criticism,unified:fc752935-9d26-51f2-829c-195160e8c691
Film,unified:3a5d2554-58b3-548b-8c98-54f02e7a0e87,PN1993.5.U6A854,1,existing_child,History & Criticism,unified:fc752935-9d26-51f2-829c-195160e8c691
Film,unified:3a5d2554-58b3-548b-8c98-54f02e7a0e87,PN1993.5.U6A85734,1,existing_child,History & Criticism,unified:fc752935-9d26-51f2-829c-195160e8c691
Film,unified:3a5d2554-58b3-548b-8c98-54f02e7a0e87,PN1993.5.U6A8574,1,existing_child,History & Criticism,unified:fc752935-9d26-51f2-829c-195160e8c691
Film,unified:3a5d2554-58b3-548b-8c98-54f02e7a0e87,PN1993.5.U6A8575,1,existing_child,History & Criticism,unified:fc752935-9d26-51f2-829c-195160e8c691
Film,unified:3a5d2554-58b3-548b-8c98-54f02e7a0e87,PN1993.5.U6A85795,1,existing_child,History & Criticism,unified:fc752935-9d26-51f2-829c-195160e8c691
Film,unified:3a5d2554-58b3-548b-8c98-54f02e7a0e87,PN1993.5.U6A85812,1,existing_child,History & Criticism,unified:fc752935-9d26-51f2-829c-195160e8c691
Film,unified:3a5d2554-58b3-548b-8c98-54f02e7a0e87,PN1993.5.U6A8585,1,existing_child,History & Criticism,unified:fc752935-9d26-51f2-829c-195160e8c691
Film,unified:3a5d2554-58b3-548b-8c98-54f02e7a0e87,PN1993.5.U6A87,1,existing_child,History & Criticism,unified:fc752935-9d26-51f2-829c-195160e8c691
Film,unified:3a5d2554-58b3-548b-8c98-54f02e7a0e87,PN1993.5.U6A875,1,existing_child,History & Criticism,unified:fc752935-9d26-51f2-829c-195160e8c691
Film,unified:3a5d2554-58b3-548b-8c98-54f02e7a0e87,PN1993.5.U6A87553,1,existing_child,History & Criticism,unified:fc752935-9d26-51f2-829c-195160e8c691
Film,unified:3a5d2554-58b3-548b-8c98-54f02e7a0e87,PN1993.5.U6A96,1,existing_child,History & Criticism,unified:fc752935-9d26-51f2-829c-195160e8c691
Film,unified:3a5d2554-58b3-548b-8c98-54f02e7a0e87,PN1993.5.U6B28,1,existing_child,History & Criticism,unified:fc752935-9d26-51f2-829c-195160e8c691
Film,unified:3a5d2554-58b3-548b-8c98-54f02e7a0e87,PN1993.5.U6B294,1,existing_child,History & Criticism,unified:fc752935-9d26-51f2-829c-195160e8c691
Film,unified:3a5d2554-58b3-548b-8c98-54f02e7a0e87,PN1993.5.U6B2975,1,existing_child,History & Criticism,unified:fc752935-9d26-51f2-829c-195160e8c691
Film,unified:3a5d2554-58b3-548b-8c98-54f02e7a0e87,PN1993.5.U6B2977,1,existing_child,History & Criticism,unified:fc752935-9d26-51f2-829c-195160e8c691
Film,unified:3a5d2554-58b3-548b-8c98-54f02e7a0e87,PN1993.5.U6B298,1,existing_child,History & Criticism,unified:fc752935-9d26-51f2-829c-195160e8c691
Film,unified:3a5d2554-58b3-548b-8c98-54f02e7a0e87,PN1993.5.U6B314,1,existing_child,History & Criticism,unified:fc752935-9d26-51f2-829c-195160e8c691
Film,unified:3a5d2554-58b3-548b-8c98-54f02e7a0e87,PN1993.5.U6B319,1,existing_child,History & Criticism,unified:fc752935-9d26-51f2-829c-195160e8c691
Film,unified:3a5d2554-58b3-548b-8c98-54f02e7a0e87,PN1993.5.U6B32,1,existing_child,History & Criticism,unified:fc752935-9d26-51f2-829c-195160e8c691
Film,unified:3a5d2554-58b3-548b-8c98-54f02e7a0e87,PN1993.5.U6B36,1,existing_child,History & Criticism,unified:fc752935-9d26-51f2-829c-195160e8c691
Film,unified:3a5d2554-58b3-548b-8c98-54f02e7a0e87,PN1993.5.U6B38,1,existing_child,History & Criticism,unified:fc752935-9d26-51f2-829c-195160e8c691
Film,unified:3a5d2554-58b3-548b-8c98-54f02e7a0e87,PN1993.5.U6B653,1,existing_child,History & Criticism,unified:fc752935-9d26-51f2-829c-195160e8c691
Film,unified:3a5d2554-58b3-548b-8c98-54f02e7a0e87,PN1993.5.U6B655,1,existing_child,History & Criticism,unified:fc752935-9d26-51f2-829c-195160e8c691
Film,unified:3a5d2554-58b3-548b-8c98-54f02e7a0e87,PN1993.5.U6B667,1,existing_child,History & Criticism,unified:fc752935-9d26-51f2-829c-195160e8c691
Film,unified:3a5d2554-58b3-548b-8c98-54f02e7a0e87,PN1993.5.U6B674,1,existing_child,History & Criticism,unified:fc752935-9d26-51f2-829c-195160e8c691
Film,unified:3a5d2554-58b3-548b-8c98-54f02e7a0e87,PN1993.5.U6B6745,1,existing_child,History & Criticism,unified:fc752935-9d26-51f2-829c-195160e8c691
Film,unified:3a5d2554-58b3-548b-8c98-54f02e7a0e87,PN1993.5.U6B6748,1,existing_child,History & Criticism,unified:fc752935-9d26-51f2-829c-195160e8c691
Film,unified:3a5d2554-58b3-548b-8c98-54f02e7a0e87,PN1993.5.U6B675,1,existing_child,History & Criticism,unified:fc752935-9d26-51f2-829c-195160e8c691
Film,unified:3a5d2554-58b3-548b-8c98-54f02e7a0e87,PN1993.5.U6B687,1,existing_child,History & Criticism,unified:fc752935-9d26-51f2-829c-195160e8c691
Film,unified:3a5d2554-58b3-548b-8c98-54f02e7a0e87,PN1993.5.U6B758,1,existing_child,History & Criticism,unified:fc752935-9d26-51f2-829c-195160e8c691
Film,unified:3a5d2554-58b3-548b-8c98-54f02e7a0e87,PN1993.5.U6B84,1,existing_child,History & Criticism,unified:fc752935-9d26-51f2-829c-195160e8c691
Film,unified:3a5d2554-58b3-548b-8c98-54f02e7a0e87,PN1993.5.U6C34,1,existing_child,History & Criticism,unified:fc752935-9d26-51f2-829c-195160e8c691
Film,unified:3a5d2554-58b3-548b-8c98-54f02e7a0e87,PN1993.5.U6C347,1,existing_child,History & Criticism,unified:fc752935-9d26-51f2-829c-195160e8c691
Film,unified:3a5d2554-58b3-548b-8c98-54f02e7a0e87,PN1993.5.U6C4,1,existing_child,History & Criticism,unified:fc752935-9d26-51f2-829c-195160e8c691
Film,unified:3a5d2554-58b3-548b-8c98-54f02e7a0e87,PN1993.5.U6C54,1,existing_child,History & Criticism,unified:fc752935-9d26-51f2-829c-195160e8c691
Film,unified:3a5d2554-58b3-548b-8c98-54f02e7a0e87,PN1993.5.U6C56,1,existing_child,History & Criticism,unified:fc752935-9d26-51f2-829c-195160e8c691
Film,unified:3a5d2554-58b3-548b-8c98-54f02e7a0e87,PN1993.5.U6C623,1,existing_child,History & Criticism,unified:fc752935-9d26-51f2-829c-195160e8c691
Film,unified:3a5d2554-58b3-548b-8c98-54f02e7a0e87,PN1993.5.U6C6356,1,existing_child,History & Criticism,unified:fc752935-9d26-51f2-829c-195160e8c691
Film,unified:3a5d2554-58b3-548b-8c98-54f02e7a0e87,PN1993.5.U6C64,1,existing_child,History & Criticism,unified:fc752935-9d26-51f2-829c-195160e8c691
Film,unified:3a5d2554-58b3-548b-8c98-54f02e7a0e87,PN1993.5.U6C68,1,existing_child,History & Criticism,unified:fc752935-9d26-51f2-829c-195160e8c691
Film,unified:3a5d2554-58b3-548b-8c98-54f02e7a0e87,PN1993.5.U6C825,1,existing_child,History & Criticism,unified:fc752935-9d26-51f2-829c-195160e8c691
Film,unified:3a5d2554-58b3-548b-8c98-54f02e7a0e87,PN1993.5.U6C87,1,existing_child,History & Criticism,unified:fc752935-9d26-51f2-829c-195160e8c691
Film,unified:3a5d2554-58b3-548b-8c98-54f02e7a0e87,PN1993.5.U6D29,1,existing_child,History & Criticism,unified:fc752935-9d26-51f2-829c-195160e8c691
Film,unified:3a5d2554-58b3-548b-8c98-54f02e7a0e87,PN1993.5.U6D355,1,existing_child,History & Criticism,unified:fc752935-9d26-51f2-829c-195160e8c691
Film,unified:3a5d2554-58b3-548b-8c98-54f02e7a0e87,PN1993.5.U6D4,1,existing_child,History & Criticism,unified:fc752935-9d26-51f2-829c-195160e8c691
Film,unified:3a5d2554-58b3-548b-8c98-54f02e7a0e87,PN1993.5.U6D475,1,existing_child,History & Criticism,unified:fc752935-9d26-51f2-829c-195160e8c691
Film,unified:3a5d2554-58b3-548b-8c98-54f02e7a0e87,PN1993.5.U6D48,1,existing_child,History & Criticism,unified:fc752935-9d26-51f2-829c-195160e8c691
Film,unified:3a5d2554-58b3-548b-8c98-54f02e7a0e87,PN1993.5.U6D5,1,existing_child,History & Criticism,unified:fc752935-9d26-51f2-829c-195160e8c691
Film,unified:3a5d2554-58b3-548b-8c98-54f02e7a0e87,PN1993.5.U6D525,1,existing_child,History & Criticism,unified:fc752935-9d26-51f2-829c-195160e8c691
Film,unified:3a5d2554-58b3-548b-8c98-54f02e7a0e87,PN1993.5.U6D6,1,existing_child,History & Criticism,unified:fc752935-9d26-51f2-829c-195160e8c691
Film,unified:3a5d2554-58b3-548b-8c98-54f02e7a0e87,PN1993.5.U6E15,1,existing_child,History & Criticism,unified:fc752935-9d26-51f2-829c-195160e8c691
Film,unified:3a5d2554-58b3-548b-8c98-54f02e7a0e87,PN1993.5.U6E24,1,existing_child,History & Criticism,unified:fc752935-9d26-51f2-829c-195160e8c691
Film,unified:3a5d2554-58b3-548b-8c98-54f02e7a0e87,PN1993.5.U6E26,1,existing_child,History & Criticism,unified:fc752935-9d26-51f2-829c-195160e8c691
Film,unified:3a5d2554-58b3-548b-8c98-54f02e7a0e87,PN1993.5.U6E335,1,existing_child,History & Criticism,unified:fc752935-9d26-51f2-829c-195160e8c691
Film,unified:3a5d2554-58b3-548b-8c98-54f02e7a0e87,PN1993.5.U6E44,1,existing_child,History & Criticism,unified:fc752935-9d26-51f2-829c-195160e8c691
Film,unified:3a5d2554-58b3-548b-8c98-54f02e7a0e87,PN1993.5.U6E5,1,existing_child,History & Criticism,unified:fc752935-9d26-51f2-829c-195160e8c691
Film,unified:3a5d2554-58b3-548b-8c98-54f02e7a0e87,PN1993.5.U6E53,1,existing_child,History & Criticism,unified:fc752935-9d26-51f2-829c-195160e8c691
Film,unified:3a5d2554-58b3-548b-8c98-54f02e7a0e87,PN1993.5.U6E9,1,existing_child,History & Criticism,unified:fc752935-9d26-51f2-829c-195160e8c691
Film,unified:3a5d2554-58b3-548b-8c98-54f02e7a0e87,PN1993.5.U6E96,1,existing_child,History & Criticism,unified:fc752935-9d26-51f2-829c-195160e8c691
Film,unified:3a5d2554-58b3-548b-8c98-54f02e7a0e87,PN1993.5.U6F34,1,existing_child,History & Criticism,unified:fc752935-9d26-51f2-829c-195160e8c691
Film,unified:3a5d2554-58b3-548b-8c98-54f02e7a0e87,PN1993.5.U6F347,1,existing_child,History & Criticism,unified:fc752935-9d26-51f2-829c-195160e8c691
Film,unified:3a5d2554-58b3-548b-8c98-54f02e7a0e87,PN1993.5.U6F45,1,existing_child,History & Criticism,unified:fc752935-9d26-51f2-829c-195160e8c691
Film,unified:3a5d2554-58b3-548b-8c98-54f02e7a0e87,PN1993.5.U6F465,1,existing_child,History & Criticism,unified:fc752935-9d26-51f2-829c-195160e8c691
Film,unified:3a5d2554-58b3-548b-8c98-54f02e7a0e87,PN1993.5.U6F477,1,existing_child,History & Criticism,unified:fc752935-9d26-51f2-829c-195160e8c691
Film,unified:3a5d2554-58b3-548b-8c98-54f02e7a0e87,PN1993.5.U6F495,1,existing_child,History & Criticism,unified:fc752935-9d26-51f2-829c-195160e8c691
Film,unified:3a5d2554-58b3-548b-8c98-54f02e7a0e87,PN1993.5.U6F53,1,existing_child,History & Criticism,unified:fc752935-9d26-51f2-829c-195160e8c691
Film,unified:3a5d2554-58b3-548b-8c98-54f02e7a0e87,PN1993.5.U6F54,1,existing_child,History & Criticism,unified:fc752935-9d26-51f2-829c-195160e8c691
Film,unified:3a5d2554-58b3-548b-8c98-54f02e7a0e87,PN1993.5.U6F5445,1,existing_child,History & Criticism,unified:fc752935-9d26-51f2-829c-195160e8c691
Film,unified:3a5d2554-58b3-548b-8c98-54f02e7a0e87,PN1993.5.U6F5447,1,existing_child,History & Criticism,unified:fc752935-9d26-51f2-829c-195160e8c691
Film,unified:3a5d2554-58b3-548b-8c98-54f02e7a0e87,PN1993.5.U6F54475,1,existing_child,History & Criticism,unified:fc752935-9d26-51f2-829c-195160e8c691
Film,unified:3a5d2554-58b3-548b-8c98-54f02e7a0e87,PN1993.5.U6F545,1,existing_child,History & Criticism,unified:fc752935-9d26-51f2-829c-195160e8c691
Film,unified:3a5d2554-58b3-548b-8c98-54f02e7a0e87,PN1993.5.U6F77,1,existing_child,History & Criticism,unified:fc752935-9d26-51f2-829c-195160e8c691
Film,unified:3a5d2554-58b3-548b-8c98-54f02e7a0e87,PN1993.5.U6G33,1,existing_child,History & Criticism,unified:fc752935-9d26-51f2-829c-195160e8c691
Film,unified:3a5d2554-58b3-548b-8c98-54f02e7a0e87,PN1993.5.U6G57,1,existing_child,History & Criticism,unified:fc752935-9d26-51f2-829c-195160e8c691
Film,unified:3a5d2554-58b3-548b-8c98-54f02e7a0e87,PN1993.5.U6G58,1,existing_child,History & Criticism,unified:fc752935-9d26-51f2-829c-195160e8c691
Film,unified:3a5d2554-58b3-548b-8c98-54f02e7a0e87,PN1993.5.U6G59,1,existing_child,History & Criticism,unified:fc752935-9d26-51f2-829c-195160e8c691
Film,unified:3a5d2554-58b3-548b-8c98-54f02e7a0e87,PN1993.5.U6G65,1,existing_child,History & Criticism,unified:fc752935-9d26-51f2-829c-195160e8c691
Film,unified:3a5d2554-58b3-548b-8c98-54f02e7a0e87,PN1993.5.U6H27,1,existing_child,History & Criticism,unified:fc752935-9d26-51f2-829c-195160e8c691
Film,unified:3a5d2554-58b3-548b-8c98-54f02e7a0e87,PN1993.5.U6H3,1,existing_child,History & Criticism,unified:fc752935-9d26-51f2-829c-195160e8c691
Film,unified:3a5d2554-58b3-548b-8c98-54f02e7a0e87,PN1993.5.U6H336,1,existing_child,History & Criticism,unified:fc752935-9d26-51f2-829c-195160e8c691
Film,unified:3a5d2554-58b3-548b-8c98-54f02e7a0e87,PN1993.5.U6H34,1,existing_child,History & Criticism,unified:fc752935-9d26-51f2-829c-195160e8c691
Film,unified:3a5d2554-58b3-548b-8c98-54f02e7a0e87,PN1993.5.U6H343,1,existing_child,History & Criticism,unified:fc752935-9d26-51f2-829c-195160e8c691
Film,unified:3a5d2554-58b3-548b-8c98-54f02e7a0e87,PN1993.5.U6H37,1,existing_child,History & Criticism,unified:fc752935-9d26-51f2-829c-195160e8c691
Film,unified:3a5d2554-58b3-548b-8c98-54f02e7a0e87,PN1993.5.U6H48,1,existing_child,History & Criticism,unified:fc752935-9d26-51f2-829c-195160e8c691
Film,unified:3a5d2554-58b3-548b-8c98-54f02e7a0e87,PN1993.5.U6H54,1,existing_child,History & Criticism,unified:fc752935-9d26-51f2-829c-195160e8c691
Film,unified:3a5d2554-58b3-548b-8c98-54f02e7a0e87,PN1993.5.U6H545,1,existing_child,History & Criticism,unified:fc752935-9d26-51f2-829c-195160e8c691
Film,unified:3a5d2554-58b3-548b-8c98-54f02e7a0e87,PN1993.5.U6H56,1,existing_child,History & Criticism,unified:fc752935-9d26-51f2-829c-195160e8c691
Film,unified:3a5d2554-58b3-548b-8c98-54f02e7a0e87,PN1993.5.U6H565,1,existing_child,History & Criticism,unified:fc752935-9d26-51f2-829c-195160e8c691
Film,unified:3a5d2554-58b3-548b-8c98-54f02e7a0e87,PN1993.5.U6H57,1,existing_child,History & Criticism,unified:fc752935-9d26-51f2-829c-195160e8c691
Film,unified:3a5d2554-58b3-548b-8c98-54f02e7a0e87,PN1993.5.U6H588,1,existing_child,History & Criticism,unified:fc752935-9d26-51f2-829c-195160e8c691
Film,unified:3a5d2554-58b3-548b-8c98-54f02e7a0e87,PN1993.5.U6H59135,1,existing_child,History & Criticism,unified:fc752935-9d26-51f2-829c-195160e8c691
Film,unified:3a5d2554-58b3-548b-8c98-54f02e7a0e87,PN1993.5.U6H5914,1,existing_child,History & Criticism,unified:fc752935-9d26-51f2-829c-195160e8c691
Film,unified:3a5d2554-58b3-548b-8c98-54f02e7a0e87,PN1993.5.U6H5965,1,existing_child,History & Criticism,unified:fc752935-9d26-51f2-829c-195160e8c691
Film,unified:3a5d2554-58b3-548b-8c98-54f02e7a0e87,PN1993.5.U6H68,1,existing_child,History & Criticism,unified:fc752935-9d26-51f2-829c-195160e8c691
Film,unified:3a5d2554-58b3-548b-8c98-54f02e7a0e87,PN1993.5.U6HM623HM40,1,existing_child,History & Criticism,unified:fc752935-9d26-51f2-829c-195160e8c691
Film,unified:3a5d2554-58b3-548b-8c98-54f02e7a0e87,PN1993.5.U6I45,1,existing_child,History & Criticism,unified:fc752935-9d26-51f2-829c-195160e8c691
Film,unified:3a5d2554-58b3-548b-8c98-54f02e7a0e87,PN1993.5.U6I97,1,existing_child,History & Criticism,unified:fc752935-9d26-51f2-829c-195160e8c691
Film,unified:3a5d2554-58b3-548b-8c98-54f02e7a0e87,PN1993.5.U6J198,1,existing_child,History & Criticism,unified:fc752935-9d26-51f2-829c-195160e8c691
Film,unified:3a5d2554-58b3-548b-8c98-54f02e7a0e87,PN1993.5.U6J23,1,existing_child,History & Criticism,unified:fc752935-9d26-51f2-829c-195160e8c691
Film,unified:3a5d2554-58b3-548b-8c98-54f02e7a0e87,PN1993.5.U6J25,1,existing_child,History & Criticism,unified:fc752935-9d26-51f2-829c-195160e8c691
Film,unified:3a5d2554-58b3-548b-8c98-54f02e7a0e87,PN1993.5.U6J27,1,existing_child,History & Criticism,unified:fc752935-9d26-51f2-829c-195160e8c691
Film,unified:3a5d2554-58b3-548b-8c98-54f02e7a0e87,PN1993.5.U6J38,1,existing_child,History & Criticism,unified:fc752935-9d26-51f2-829c-195160e8c691
Film,unified:3a5d2554-58b3-548b-8c98-54f02e7a0e87,PN1993.5.U6J49,1,existing_child,History & Criticism,unified:fc752935-9d26-51f2-829c-195160e8c691
Film,unified:3a5d2554-58b3-548b-8c98-54f02e7a0e87,PN1993.5.U6J68,1,existing_child,History & Criticism,unified:fc752935-9d26-51f2-829c-195160e8c691
Film,unified:3a5d2554-58b3-548b-8c98-54f02e7a0e87,PN1993.5.U6K34,1,existing_child,History & Criticism,unified:fc752935-9d26-51f2-829c-195160e8c691
Film,unified:3a5d2554-58b3-548b-8c98-54f02e7a0e87,PN1993.5.U6K39,1,existing_child,History & Criticism,unified:fc752935-9d26-51f2-829c-195160e8c691
Film,unified:3a5d2554-58b3-548b-8c98-54f02e7a0e87,PN1993.5.U6K465,1,existing_child,History & Criticism,unified:fc752935-9d26-51f2-829c-195160e8c691
Film,unified:3a5d2554-58b3-548b-8c98-54f02e7a0e87,PN1993.5.U6K47,1,existing_child,History & Criticism,unified:fc752935-9d26-51f2-829c-195160e8c691
Film,unified:3a5d2554-58b3-548b-8c98-54f02e7a0e87,PN1993.5.U6K474,1,existing_child,History & Criticism,unified:fc752935-9d26-51f2-829c-195160e8c691
Film,unified:3a5d2554-58b3-548b-8c98-54f02e7a0e87,PN1993.5.U6K575,1,existing_child,History & Criticism,unified:fc752935-9d26-51f2-829c-195160e8c691
Film,unified:3a5d2554-58b3-548b-8c98-54f02e7a0e87,PN1993.5.U6K585,1,existing_child,History & Criticism,unified:fc752935-9d26-51f2-829c-195160e8c691
Film,unified:3a5d2554-58b3-548b-8c98-54f02e7a0e87,PN1993.5.U6K86,1,existing_child,History & Criticism,unified:fc752935-9d26-51f2-829c-195160e8c691
Film,unified:3a5d2554-58b3-548b-8c98-54f02e7a0e87,PN1993.5.U6L277,1,existing_child,History & Criticism,unified:fc752935-9d26-51f2-829c-195160e8c691
Film,unified:3a5d2554-58b3-548b-8c98-54f02e7a0e87,PN1993.5.U6L44,1,existing_child,History & Criticism,unified:fc752935-9d26-51f2-829c-195160e8c691
Film,unified:3a5d2554-58b3-548b-8c98-54f02e7a0e87,PN1993.5.U6L445,1,existing_child,History & Criticism,unified:fc752935-9d26-51f2-829c-195160e8c691
Film,unified:3a5d2554-58b3-548b-8c98-54f02e7a0e87,PN1993.5.U6L53,1,existing_child,History & Criticism,unified:fc752935-9d26-51f2-829c-195160e8c691
Film,unified:3a5d2554-58b3-548b-8c98-54f02e7a0e87,PN1993.5.U6L545,1,existing_child,History & Criticism,unified:fc752935-9d26-51f2-829c-195160e8c691
Film,unified:3a5d2554-58b3-548b-8c98-54f02e7a0e87,PN1993.5.U6L56,1,existing_child,History & Criticism,unified:fc752935-9d26-51f2-829c-195160e8c691
Film,unified:3a5d2554-58b3-548b-8c98-54f02e7a0e87,PN1993.5.U6L595,1,existing_child,History & Criticism,unified:fc752935-9d26-51f2-829c-195160e8c691
Film,unified:3a5d2554-58b3-548b-8c98-54f02e7a0e87,PN1993.5.U6L96,1,existing_child,History & Criticism,unified:fc752935-9d26-51f2-829c-195160e8c691
Film,unified:3a5d2554-58b3-548b-8c98-54f02e7a0e87,PN1993.5.U6M2125,1,existing_child,History & Criticism,unified:fc752935-9d26-51f2-829c-195160e8c691
Film,unified:3a5d2554-58b3-548b-8c98-54f02e7a0e87,PN1993.5.U6M214,1,existing_child,History & Criticism,unified:fc752935-9d26-51f2-829c-195160e8c691
Film,unified:3a5d2554-58b3-548b-8c98-54f02e7a0e87,PN1993.5.U6M2285,1,existing_child,History & Criticism,unified:fc752935-9d26-51f2-829c-195160e8c691
Film,unified:3a5d2554-58b3-548b-8c98-54f02e7a0e87,PN1993.5.U6M263,1,existing_child,History & Criticism,unified:fc752935-9d26-51f2-829c-195160e8c691
Film,unified:3a5d2554-58b3-548b-8c98-54f02e7a0e87,PN1993.5.U6M28,1,existing_child,History & Criticism,unified:fc752935-9d26-51f2-829c-195160e8c691
Film,unified:3a5d2554-58b3-548b-8c98-54f02e7a0e87,PN1993.5.U6M3135,1,existing_child,History & Criticism,unified:fc752935-9d26-51f2-829c-195160e8c691
Film,unified:3a5d2554-58b3-548b-8c98-54f02e7a0e87,PN1993.5.U6M3255,1,existing_child,History & Criticism,unified:fc752935-9d26-51f2-829c-195160e8c691
Film,unified:3a5d2554-58b3-548b-8c98-54f02e7a0e87,PN1993.5.U6M47,1,existing_child,History & Criticism,unified:fc752935-9d26-51f2-829c-195160e8c691
Film,unified:3a5d2554-58b3-548b-8c98-54f02e7a0e87,PN1993.5.U6M6554,1,existing_child,History & Criticism,unified:fc752935-9d26-51f2-829c-195160e8c691
Film,unified:3a5d2554-58b3-548b-8c98-54f02e7a0e87,PN1993.5.U6M656,1,existing_child,History & Criticism,unified:fc752935-9d26-51f2-829c-195160e8c691
Film,unified:3a5d2554-58b3-548b-8c98-54f02e7a0e87,PN1993.5.U6M669,1,existing_child,History & Criticism,unified:fc752935-9d26-51f2-829c-195160e8c691
Film,unified:3a5d2554-58b3-548b-8c98-54f02e7a0e87,PN1993.5.U6M6695,1,existing_child,History & Criticism,unified:fc752935-9d26-51f2-829c-195160e8c691
Film,unified:3a5d2554-58b3-548b-8c98-54f02e7a0e87,PN1993.5.U6M68,1,existing_child,History & Criticism,unified:fc752935-9d26-51f2-829c-195160e8c691
Film,unified:3a5d2554-58b3-548b-8c98-54f02e7a0e87,PN1993.5.U6M8,1,existing_child,History & Criticism,unified:fc752935-9d26-51f2-829c-195160e8c691
Film,unified:3a5d2554-58b3-548b-8c98-54f02e7a0e87,PN1993.5.U6N4,1,existing_child,History & Criticism,unified:fc752935-9d26-51f2-829c-195160e8c691
Film,unified:3a5d2554-58b3-548b-8c98-54f02e7a0e87,PN1993.5.U6N47,1,existing_child,History & Criticism,unified:fc752935-9d26-51f2-829c-195160e8c691
Film,unified:3a5d2554-58b3-548b-8c98-54f02e7a0e87,PN1993.5.U6N4855,1,existing_child,History & Criticism,unified:fc752935-9d26-51f2-829c-195160e8c691
Film,unified:3a5d2554-58b3-548b-8c98-54f02e7a0e87,PN1993.5.U6N54,1,existing_child,History & Criticism,unified:fc752935-9d26-51f2-829c-195160e8c691
Film,unified:3a5d2554-58b3-548b-8c98-54f02e7a0e87,PN1993.5.U6O29,1,existing_child,History & Criticism,unified:fc752935-9d26-51f2-829c-195160e8c691
Film,unified:3a5d2554-58b3-548b-8c98-54f02e7a0e87,PN1993.5.U6O33,1,existing_child,History & Criticism,unified:fc752935-9d26-51f2-829c-195160e8c691
Film,unified:3a5d2554-58b3-548b-8c98-54f02e7a0e87,PN1993.5.U6O46,1,existing_child,History & Criticism,unified:fc752935-9d26-51f2-829c-195160e8c691
Film,unified:3a5d2554-58b3-548b-8c98-54f02e7a0e87,PN1993.5.U6O93,1,existing_child,History & Criticism,unified:fc752935-9d26-51f2-829c-195160e8c691
Film,unified:3a5d2554-58b3-548b-8c98-54f02e7a0e87,PN1993.5.U6O97,1,existing_child,History & Criticism,unified:fc752935-9d26-51f2-829c-195160e8c691
Film,unified:3a5d2554-58b3-548b-8c98-54f02e7a0e87,PN1993.5.U6P745,1,existing_child,History & Criticism,unified:fc752935-9d26-51f2-829c-195160e8c691
Film,unified:3a5d2554-58b3-548b-8c98-54f02e7a0e87,PN1993.5.U6P76,1,existing_child,History & Criticism,unified:fc752935-9d26-51f2-829c-195160e8c691
Film,unified:3a5d2554-58b3-548b-8c98-54f02e7a0e87,PN1993.5.U6P88,1,existing_child,History & Criticism,unified:fc752935-9d26-51f2-829c-195160e8c691
Film,unified:3a5d2554-58b3-548b-8c98-54f02e7a0e87,PN1993.5.U6P885,1,existing_child,History & Criticism,unified:fc752935-9d26-51f2-829c-195160e8c691
Film,unified:3a5d2554-58b3-548b-8c98-54f02e7a0e87,PN1993.5.U6PN1995HM4,1,existing_child,History & Criticism,unified:fc752935-9d26-51f2-829c-195160e8c691
Film,unified:3a5d2554-58b3-548b-8c98-54f02e7a0e87,PN1993.5.U6R35,1,existing_child,History & Criticism,unified:fc752935-9d26-51f2-829c-195160e8c691
Film,unified:3a5d2554-58b3-548b-8c98-54f02e7a0e87,PN1993.5.U6R365,1,existing_child,History & Criticism,unified:fc752935-9d26-51f2-829c-195160e8c691
Film,unified:3a5d2554-58b3-548b-8c98-54f02e7a0e87,PN1993.5.U6R377,1,existing_child,History & Criticism,unified:fc752935-9d26-51f2-829c-195160e8c691
Film,unified:3a5d2554-58b3-548b-8c98-54f02e7a0e87,PN1993.5.U6R38,1,existing_child,History & Criticism,unified:fc752935-9d26-51f2-829c-195160e8c691
Film,unified:3a5d2554-58b3-548b-8c98-54f02e7a0e87,PN1993.5.U6R44,1,existing_child,History & Criticism,unified:fc752935-9d26-51f2-829c-195160e8c691
Film,unified:3a5d2554-58b3-548b-8c98-54f02e7a0e87,PN1993.5.U6R443,1,existing_child,History & Criticism,unified:fc752935-9d26-51f2-829c-195160e8c691
Film,unified:3a5d2554-58b3-548b-8c98-54f02e7a0e87,PN1993.5.U6R46,1,existing_child,History & Criticism,unified:fc752935-9d26-51f2-829c-195160e8c691
Film,unified:3a5d2554-58b3-548b-8c98-54f02e7a0e87,PN1993.5.U6R495,1,existing_child,History & Criticism,unified:fc752935-9d26-51f2-829c-195160e8c691
Film,unified:3a5d2554-58b3-548b-8c98-54f02e7a0e87,PN1993.5.U6R59,1,existing_child,History & Criticism,unified:fc752935-9d26-51f2-829c-195160e8c691
Film,unified:3a5d2554-58b3-548b-8c98-54f02e7a0e87,PN1993.5.U6R596,1,existing_child,History & Criticism,unified:fc752935-9d26-51f2-829c-195160e8c691
Film,unified:3a5d2554-58b3-548b-8c98-54f02e7a0e87,PN1993.5.U6R64,1,existing_child,History & Criticism,unified:fc752935-9d26-51f2-829c-195160e8c691
Film,unified:3a5d2554-58b3-548b-8c98-54f02e7a0e87,PN1993.5.U6R68,1,existing_child,History & Criticism,unified:fc752935-9d26-51f2-829c-195160e8c691
Film,unified:3a5d2554-58b3-548b-8c98-54f02e7a0e87,PN1993.5.U6R83,1,existing_child,History & Criticism,unified:fc752935-9d26-51f2-829c-195160e8c691
Film,unified:3a5d2554-58b3-548b-8c98-54f02e7a0e87,PN1993.5.U6R92,1,existing_child,History & Criticism,unified:fc752935-9d26-51f2-829c-195160e8c691
Film,unified:3a5d2554-58b3-548b-8c98-54f02e7a0e87,PN1993.5.U6R93,1,existing_child,History & Criticism,unified:fc752935-9d26-51f2-829c-195160e8c691
Film,unified:3a5d2554-58b3-548b-8c98-54f02e7a0e87,PN1993.5.U6R97,1,existing_child,History & Criticism,unified:fc752935-9d26-51f2-829c-195160e8c691
Film,unified:3a5d2554-58b3-548b-8c98-54f02e7a0e87,PN1993.5.U6S326,1,existing_child,History & Criticism,unified:fc752935-9d26-51f2-829c-195160e8c691
Film,unified:3a5d2554-58b3-548b-8c98-54f02e7a0e87,PN1993.5.U6S327,1,existing_child,History & Criticism,unified:fc752935-9d26-51f2-829c-195160e8c691
Film,unified:3a5d2554-58b3-548b-8c98-54f02e7a0e87,PN1993.5.U6S37,1,existing_child,History & Criticism,unified:fc752935-9d26-51f2-829c-195160e8c691
Film,unified:3a5d2554-58b3-548b-8c98-54f02e7a0e87,PN1993.5.U6S43,1,existing_child,History & Criticism,unified:fc752935-9d26-51f2-829c-195160e8c691
Film,unified:3a5d2554-58b3-548b-8c98-54f02e7a0e87,PN1993.5.U6S44,1,existing_child,History & Criticism,unified:fc752935-9d26-51f2-829c-195160e8c691
Film,unified:3a5d2554-58b3-548b-8c98-54f02e7a0e87,PN1993.5.U6S46,1,existing_child,History & Criticism,unified:fc752935-9d26-51f2-829c-195160e8c691
Film,unified:3a5d2554-58b3-548b-8c98-54f02e7a0e87,PN1993.5.U6S47,1,existing_child,History & Criticism,unified:fc752935-9d26-51f2-829c-195160e8c691
Film,unified:3a5d2554-58b3-548b-8c98-54f02e7a0e87,PN1993.5.U6S475,1,existing_child,History & Criticism,unified:fc752935-9d26-51f2-829c-195160e8c691
Film,unified:3a5d2554-58b3-548b-8c98-54f02e7a0e87,PN1993.5.U6S4927,1,existing_child,History & Criticism,unified:fc752935-9d26-51f2-829c-195160e8c691
Film,unified:3a5d2554-58b3-548b-8c98-54f02e7a0e87,PN1993.5.U6S494,1,existing_child,History & Criticism,unified:fc752935-9d26-51f2-829c-195160e8c691
Film,unified:3a5d2554-58b3-548b-8c98-54f02e7a0e87,PN1993.5.U6S52,1,existing_child,History & Criticism,unified:fc752935-9d26-51f2-829c-195160e8c691
Film,unified:3a5d2554-58b3-548b-8c98-54f02e7a0e87,PN1993.5.U6S55,1,existing_child,History & Criticism,unified:fc752935-9d26-51f2-829c-195160e8c691
Film,unified:3a5d2554-58b3-548b-8c98-54f02e7a0e87,PN1993.5.U6S655,1,existing_child,History & Criticism,unified:fc752935-9d26-51f2-829c-195160e8c691
Film,unified:3a5d2554-58b3-548b-8c98-54f02e7a0e87,PN1993.5.U6T278,1,existing_child,History & Criticism,unified:fc752935-9d26-51f2-829c-195160e8c691
Film,unified:3a5d2554-58b3-548b-8c98-54f02e7a0e87,PN1993.5.U6T295,1,existing_child,History & Criticism,unified:fc752935-9d26-51f2-829c-195160e8c691
Film,unified:3a5d2554-58b3-548b-8c98-54f02e7a0e87,PN1993.5.U6T453,1,existing_child,History & Criticism,unified:fc752935-9d26-51f2-829c-195160e8c691
Film,unified:3a5d2554-58b3-548b-8c98-54f02e7a0e87,PN1993.5.U6T46,1,existing_child,History & Criticism,unified:fc752935-9d26-51f2-829c-195160e8c691
Film,unified:3a5d2554-58b3-548b-8c98-54f02e7a0e87,PN1993.5.U6T47,1,existing_child,History & Criticism,unified:fc752935-9d26-51f2-829c-195160e8c691
Film,unified:3a5d2554-58b3-548b-8c98-54f02e7a0e87,PN1993.5.U6T5,1,existing_child,History & Criticism,unified:fc752935-9d26-51f2-829c-195160e8c691
Film,unified:3a5d2554-58b3-548b-8c98-54f02e7a0e87,PN1993.5.U6T6213,1,existing_child,History & Criticism,unified:fc752935-9d26-51f2-829c-195160e8c691
Film,unified:3a5d2554-58b3-548b-8c98-54f02e7a0e87,PN1993.5.U6T99,1,existing_child,History & Criticism,unified:fc752935-9d26-51f2-829c-195160e8c691
Film,unified:3a5d2554-58b3-548b-8c98-54f02e7a0e87,PN1993.5.U6U15,1,existing_child,History & Criticism,unified:fc752935-9d26-51f2-829c-195160e8c691
Film,unified:3a5d2554-58b3-548b-8c98-54f02e7a0e87,PN1993.5.U6V36,1,existing_child,History & Criticism,unified:fc752935-9d26-51f2-829c-195160e8c691
Film,unified:3a5d2554-58b3-548b-8c98-54f02e7a0e87,PN1993.5.U6V38,1,existing_child,History & Criticism,unified:fc752935-9d26-51f2-829c-195160e8c691
Film,unified:3a5d2554-58b3-548b-8c98-54f02e7a0e87,PN1993.5.U6V49,1,existing_child,History & Criticism,unified:fc752935-9d26-51f2-829c-195160e8c691
Film,unified:3a5d2554-58b3-548b-8c98-54f02e7a0e87,PN1993.5.U6W284,1,existing_child,History & Criticism,unified:fc752935-9d26-51f2-829c-195160e8c691
Film,unified:3a5d2554-58b3-548b-8c98-54f02e7a0e87,PN1993.5.U6W34,1,existing_child,History & Criticism,unified:fc752935-9d26-51f2-829c-195160e8c691
Film,unified:3a5d2554-58b3-548b-8c98-54f02e7a0e87,PN1993.5.U6W38,1,existing_child,History & Criticism,unified:fc752935-9d26-51f2-829c-195160e8c691
Film,unified:3a5d2554-58b3-548b-8c98-54f02e7a0e87,PN1993.5.U6W39,1,existing_child,History & Criticism,unified:fc752935-9d26-51f2-829c-195160e8c691
Film,unified:3a5d2554-58b3-548b-8c98-54f02e7a0e87,PN1993.5.U6W42,1,existing_child,History & Criticism,unified:fc752935-9d26-51f2-829c-195160e8c691
Film,unified:3a5d2554-58b3-548b-8c98-54f02e7a0e87,PN1993.5.U6W45,1,existing_child,History & Criticism,unified:fc752935-9d26-51f2-829c-195160e8c691
Film,unified:3a5d2554-58b3-548b-8c98-54f02e7a0e87,PN1993.5.U6W49,1,existing_child,History & Criticism,unified:fc752935-9d26-51f2-829c-195160e8c691
Film,unified:3a5d2554-58b3-548b-8c98-54f02e7a0e87,PN1993.5.U6W492,1,existing_child,History & Criticism,unified:fc752935-9d26-51f2-829c-195160e8c691
Film,unified:3a5d2554-58b3-548b-8c98-54f02e7a0e87,PN1993.5.U6W494,1,existing_child,History & Criticism,unified:fc752935-9d26-51f2-829c-195160e8c691
Film,unified:3a5d2554-58b3-548b-8c98-54f02e7a0e87,PN1993.5.U6W4942,1,existing_child,History & Criticism,unified:fc752935-9d26-51f2-829c-195160e8c691
Film,unified:3a5d2554-58b3-548b-8c98-54f02e7a0e87,PN1993.5.U6W496,1,existing_child,History & Criticism,unified:fc752935-9d26-51f2-829c-195160e8c691
Film,unified:3a5d2554-58b3-548b-8c98-54f02e7a0e87,PN1993.5.U6W5,1,existing_child,History & Criticism,unified:fc752935-9d26-51f2-829c-195160e8c691
Film,unified:3a5d2554-58b3-548b-8c98-54f02e7a0e87,PN1993.5.U6W56,1,existing_child,History & Criticism,unified:fc752935-9d26-51f2-829c-195160e8c691
Film,unified:3a5d2554-58b3-548b-8c98-54f02e7a0e87,PN1993.5.U6W565,1,existing_child,History & Criticism,unified:fc752935-9d26-51f2-829c-195160e8c691
Film,unified:3a5d2554-58b3-548b-8c98-54f02e7a0e87,PN1993.5U6G53,1,existing_child,History & Criticism,unified:fc752935-9d26-51f2-829c-195160e8c691
Film,unified:3a5d2554-58b3-548b-8c98-54f02e7a0e87,PN1993.5U6H5,1,existing_child,History & Criticism,unified:fc752935-9d26-51f2-829c-195160e8c691
Film,unified:3a5d2554-58b3-548b-8c98-54f02e7a0e87,PN1997.A1A78,1,elsewhere_review,Screenplays,unified:d832b7ca-1810-5c0b-9179-afcb3e6ee753
Film,unified:3a5d2554-58b3-548b-8c98-54f02e7a0e87,PN1997.A1B84,1,elsewhere_review,Screenplays,unified:d832b7ca-1810-5c0b-9179-afcb3e6ee753
Film,unified:3a5d2554-58b3-548b-8c98-54f02e7a0e87,PN1997.A1C5813,1,elsewhere_review,Screenplays,unified:d832b7ca-1810-5c0b-9179-afcb3e6ee753
Film,unified:3a5d2554-58b3-548b-8c98-54f02e7a0e87,PN1997.A1C6,1,elsewhere_review,Screenplays,unified:d832b7ca-1810-5c0b-9179-afcb3e6ee753
Film,unified:3a5d2554-58b3-548b-8c98-54f02e7a0e87,PN1997.A1C63,1,elsewhere_review,Screenplays,unified:d832b7ca-1810-5c0b-9179-afcb3e6ee753
Film,unified:3a5d2554-58b3-548b-8c98-54f02e7a0e87,PN1997.A1C76,1,elsewhere_review,Screenplays,unified:d832b7ca-1810-5c0b-9179-afcb3e6ee753
Film,unified:3a5d2554-58b3-548b-8c98-54f02e7a0e87,PN1997.A1D34,1,elsewhere_review,Screenplays,unified:d832b7ca-1810-5c0b-9179-afcb3e6ee753
Film,unified:3a5d2554-58b3-548b-8c98-54f02e7a0e87,PN1997.A1E86,1,elsewhere_review,Screenplays,unified:d832b7ca-1810-5c0b-9179-afcb3e6ee753
Film,unified:3a5d2554-58b3-548b-8c98-54f02e7a0e87,PN1997.A1F44,1,elsewhere_review,Screenplays,unified:d832b7ca-1810-5c0b-9179-afcb3e6ee753
Film,unified:3a5d2554-58b3-548b-8c98-54f02e7a0e87,PN1997.A1F46,1,elsewhere_review,Screenplays,unified:d832b7ca-1810-5c0b-9179-afcb3e6ee753
Film,unified:3a5d2554-58b3-548b-8c98-54f02e7a0e87,PN1997.A1H365,1,elsewhere_review,Screenplays,unified:d832b7ca-1810-5c0b-9179-afcb3e6ee753
Film,unified:3a5d2554-58b3-548b-8c98-54f02e7a0e87,PN1997.A1H37,1,elsewhere_review,Screenplays,unified:d832b7ca-1810-5c0b-9179-afcb3e6ee753
Film,unified:3a5d2554-58b3-548b-8c98-54f02e7a0e87,PN1997.A1H64,1,elsewhere_review,Screenplays,unified:d832b7ca-1810-5c0b-9179-afcb3e6ee753
Film,unified:3a5d2554-58b3-548b-8c98-54f02e7a0e87,PN1997.A1J37,1,elsewhere_review,Screenplays,unified:d832b7ca-1810-5c0b-9179-afcb3e6ee753
Film,unified:3a5d2554-58b3-548b-8c98-54f02e7a0e87,PN1997.A1K64,1,elsewhere_review,Screenplays,unified:d832b7ca-1810-5c0b-9179-afcb3e6ee753
Film,unified:3a5d2554-58b3-548b-8c98-54f02e7a0e87,PN1997.A1L56,1,elsewhere_review,Screenplays,unified:d832b7ca-1810-5c0b-9179-afcb3e6ee753
Film,unified:3a5d2554-58b3-548b-8c98-54f02e7a0e87,PN1997.A1M218,1,elsewhere_review,Screenplays,unified:d832b7ca-1810-5c0b-9179-afcb3e6ee753
Film,unified:3a5d2554-58b3-548b-8c98-54f02e7a0e87,PN1997.A1O34,1,elsewhere_review,Screenplays,unified:d832b7ca-1810-5c0b-9179-afcb3e6ee753
Film,unified:3a5d2554-58b3-548b-8c98-54f02e7a0e87,PN1997.A1P26,1,elsewhere_review,Screenplays,unified:d832b7ca-1810-5c0b-9179-afcb3e6ee753
Film,unified:3a5d2554-58b3-548b-8c98-54f02e7a0e87,PN1997.A1P5,1,elsewhere_review,Screenplays,unified:d832b7ca-1810-5c0b-9179-afcb3e6ee753
Film,unified:3a5d2554-58b3-548b-8c98-54f02e7a0e87,PN1997.A1R38,1,elsewhere_review,Screenplays,unified:d832b7ca-1810-5c0b-9179-afcb3e6ee753
Film,unified:3a5d2554-58b3-548b-8c98-54f02e7a0e87,PN1997.A1R792,1,elsewhere_review,Screenplays,unified:d832b7ca-1810-5c0b-9179-afcb3e6ee753
Film,unified:3a5d2554-58b3-548b-8c98-54f02e7a0e87,PN1997.A1S34,1,elsewhere_review,Screenplays,unified:d832b7ca-1810-5c0b-9179-afcb3e6ee753
Film,unified:3a5d2554-58b3-548b-8c98-54f02e7a0e87,PN1997.A1S357,1,elsewhere_review,Screenplays,unified:d832b7ca-1810-5c0b-9179-afcb3e6ee753
Film,unified:3a5d2554-58b3-548b-8c98-54f02e7a0e87,PN1997.A1S36,1,elsewhere_review,Screenplays,unified:d832b7ca-1810-5c0b-9179-afcb3e6ee753
Film,unified:3a5d2554-58b3-548b-8c98-54f02e7a0e87,PN1997.A1S85,1,elsewhere_review,Screenplays,unified:d832b7ca-1810-5c0b-9179-afcb3e6ee753
Film,unified:3a5d2554-58b3-548b-8c98-54f02e7a0e87,PN1997.A1T287,1,elsewhere_review,Screenplays,unified:d832b7ca-1810-5c0b-9179-afcb3e6ee753
Film,unified:3a5d2554-58b3-548b-8c98-54f02e7a0e87,PN1997.A1T86,1,elsewhere_review,Screenplays,unified:d832b7ca-1810-5c0b-9179-afcb3e6ee753
Film,unified:3a5d2554-58b3-548b-8c98-54f02e7a0e87,PN1997.A1V5,1,elsewhere_review,Screenplays,unified:d832b7ca-1810-5c0b-9179-afcb3e6ee753
Film,unified:3a5d2554-58b3-548b-8c98-54f02e7a0e87,PN1998.A1.S6,1,existing_child,History & Criticism,unified:fc752935-9d26-51f2-829c-195160e8c691
Film,unified:3a5d2554-58b3-548b-8c98-54f02e7a0e87,PN1998.A1C6,1,existing_child,History & Criticism,unified:fc752935-9d26-51f2-829c-195160e8c691
Film,unified:3a5d2554-58b3-548b-8c98-54f02e7a0e87,PN1998.A1D36,1,existing_child,History & Criticism,unified:fc752935-9d26-51f2-829c-195160e8c691
Film,unified:3a5d2554-58b3-548b-8c98-54f02e7a0e87,PN1998.A1M39,1,existing_child,History & Criticism,unified:fc752935-9d26-51f2-829c-195160e8c691
Film,unified:3a5d2554-58b3-548b-8c98-54f02e7a0e87,PN1998A1,1,existing_child,History & Criticism,unified:fc752935-9d26-51f2-829c-195160e8c691
Latin America,unified:1934d328-cf65-57fa-95b1-1c7e93cf34c3,F3031.5,763,existing_child,Argentina,bokheim:history-lcc-full:77d6cba6-921d-5aba-b601-4a74c440a095
Latin America,unified:1934d328-cf65-57fa-95b1-1c7e93cf34c3,F2849,593,existing_child,Argentina,bokheim:history-lcc-full:77d6cba6-921d-5aba-b601-4a74c440a095
Latin America,unified:1934d328-cf65-57fa-95b1-1c7e93cf34c3,F2936,425,existing_child,Argentina,bokheim:history-lcc-full:77d6cba6-921d-5aba-b601-4a74c440a095
Latin America,unified:1934d328-cf65-57fa-95b1-1c7e93cf34c3,F2810,382,existing_child,Argentina,bokheim:history-lcc-full:77d6cba6-921d-5aba-b601-4a74c440a095
Latin America,unified:1934d328-cf65-57fa-95b1-1c7e93cf34c3,F2848,378,existing_child,Argentina,bokheim:history-lcc-full:77d6cba6-921d-5aba-b601-4a74c440a095
Latin America,unified:1934d328-cf65-57fa-95b1-1c7e93cf34c3,F2845,296,existing_child,Argentina,bokheim:history-lcc-full:77d6cba6-921d-5aba-b601-4a74c440a095
Latin America,unified:1934d328-cf65-57fa-95b1-1c7e93cf34c3,F2843,248,existing_child,Argentina,bokheim:history-lcc-full:77d6cba6-921d-5aba-b601-4a74c440a095
Latin America,unified:1934d328-cf65-57fa-95b1-1c7e93cf34c3,F2849.P37,213,existing_child,Argentina,bokheim:history-lcc-full:77d6cba6-921d-5aba-b601-4a74c440a095
Latin America,unified:1934d328-cf65-57fa-95b1-1c7e93cf34c3,F2846,211,existing_child,Argentina,bokheim:history-lcc-full:77d6cba6-921d-5aba-b601-4a74c440a095
Latin America,unified:1934d328-cf65-57fa-95b1-1c7e93cf34c3,F2847,174,existing_child,Argentina,bokheim:history-lcc-full:77d6cba6-921d-5aba-b601-4a74c440a095
Latin America,unified:1934d328-cf65-57fa-95b1-1c7e93cf34c3,F2849.P48,167,existing_child,Argentina,bokheim:history-lcc-full:77d6cba6-921d-5aba-b601-4a74c440a095
Latin America,unified:1934d328-cf65-57fa-95b1-1c7e93cf34c3,F2986,148,existing_child,Argentina,bokheim:history-lcc-full:77d6cba6-921d-5aba-b601-4a74c440a095
Latin America,unified:1934d328-cf65-57fa-95b1-1c7e93cf34c3,F2841,116,existing_child,Argentina,bokheim:history-lcc-full:77d6cba6-921d-5aba-b601-4a74c440a095
Latin America,unified:1934d328-cf65-57fa-95b1-1c7e93cf34c3,F2861,116,existing_child,Argentina,bokheim:history-lcc-full:77d6cba6-921d-5aba-b601-4a74c440a095
Latin America,unified:1934d328-cf65-57fa-95b1-1c7e93cf34c3,F2886,100,existing_child,Argentina,bokheim:history-lcc-full:77d6cba6-921d-5aba-b601-4a74c440a095
Latin America,unified:1934d328-cf65-57fa-95b1-1c7e93cf34c3,F2909,96,existing_child,Argentina,bokheim:history-lcc-full:77d6cba6-921d-5aba-b601-4a74c440a095
Latin America,unified:1934d328-cf65-57fa-95b1-1c7e93cf34c3,F3011.C7,95,existing_child,Argentina,bokheim:history-lcc-full:77d6cba6-921d-5aba-b601-4a74c440a095
Latin America,unified:1934d328-cf65-57fa-95b1-1c7e93cf34c3,F2991,88,existing_child,Argentina,bokheim:history-lcc-full:77d6cba6-921d-5aba-b601-4a74c440a095
Latin America,unified:1934d328-cf65-57fa-95b1-1c7e93cf34c3,F3001,76,existing_child,Argentina,bokheim:history-lcc-full:77d6cba6-921d-5aba-b601-4a74c440a095
Latin America,unified:1934d328-cf65-57fa-95b1-1c7e93cf34c3,F2891,73,existing_child,Argentina,bokheim:history-lcc-full:77d6cba6-921d-5aba-b601-4a74c440a095
Latin America,unified:1934d328-cf65-57fa-95b1-1c7e93cf34c3,F3001.A4,70,existing_child,Argentina,bokheim:history-lcc-full:77d6cba6-921d-5aba-b601-4a74c440a095
Latin America,unified:1934d328-cf65-57fa-95b1-1c7e93cf34c3,F3011.R7,70,existing_child,Argentina,bokheim:history-lcc-full:77d6cba6-921d-5aba-b601-4a74c440a095
Latin America,unified:1934d328-cf65-57fa-95b1-1c7e93cf34c3,F2846.S26,69,existing_child,Argentina,bokheim:history-lcc-full:77d6cba6-921d-5aba-b601-4a74c440a095
Latin America,unified:1934d328-cf65-57fa-95b1-1c7e93cf34c3,F2926,65,existing_child,Argentina,bokheim:history-lcc-full:77d6cba6-921d-5aba-b601-4a74c440a095
Latin America,unified:1934d328-cf65-57fa-95b1-1c7e93cf34c3,F2911,64,existing_child,Argentina,bokheim:history-lcc-full:77d6cba6-921d-5aba-b601-4a74c440a095
Latin America,unified:1934d328-cf65-57fa-95b1-1c7e93cf34c3,F1874,60,existing_child,Jamaica,unified:c2541453-e123-532e-94a4-30c8c4238f76
Latin America,unified:1934d328-cf65-57fa-95b1-1c7e93cf34c3,F1887,58,existing_child,Jamaica,unified:c2541453-e123-532e-94a4-30c8c4238f76
Latin America,unified:1934d328-cf65-57fa-95b1-1c7e93cf34c3,F2822,55,existing_child,Argentina,bokheim:history-lcc-full:77d6cba6-921d-5aba-b601-4a74c440a095
Latin America,unified:1934d328-cf65-57fa-95b1-1c7e93cf34c3,F2846.3,51,existing_child,Argentina,bokheim:history-lcc-full:77d6cba6-921d-5aba-b601-4a74c440a095
Latin America,unified:1934d328-cf65-57fa-95b1-1c7e93cf34c3,F2876,50,existing_child,Argentina,bokheim:history-lcc-full:77d6cba6-921d-5aba-b601-4a74c440a095
Latin America,unified:1934d328-cf65-57fa-95b1-1c7e93cf34c3,F2976,49,existing_child,Argentina,bokheim:history-lcc-full:77d6cba6-921d-5aba-b601-4a74c440a095
Latin America,unified:1934d328-cf65-57fa-95b1-1c7e93cf34c3,F2845.B378,48,existing_child,Argentina,bokheim:history-lcc-full:77d6cba6-921d-5aba-b601-4a74c440a095
Latin America,unified:1934d328-cf65-57fa-95b1-1c7e93cf34c3,F2916,48,existing_child,Argentina,bokheim:history-lcc-full:77d6cba6-921d-5aba-b601-4a74c440a095
Latin America,unified:1934d328-cf65-57fa-95b1-1c7e93cf34c3,F2958,48,existing_child,Argentina,bokheim:history-lcc-full:77d6cba6-921d-5aba-b601-4a74c440a095
Latin America,unified:1934d328-cf65-57fa-95b1-1c7e93cf34c3,F2846.3.R7,47,existing_child,Argentina,bokheim:history-lcc-full:77d6cba6-921d-5aba-b601-4a74c440a095
Latin America,unified:1934d328-cf65-57fa-95b1-1c7e93cf34c3,F2906,41,existing_child,Argentina,bokheim:history-lcc-full:77d6cba6-921d-5aba-b601-4a74c440a095
Latin America,unified:1934d328-cf65-57fa-95b1-1c7e93cf34c3,F2851,38,existing_child,Argentina,bokheim:history-lcc-full:77d6cba6-921d-5aba-b601-4a74c440a095
Latin America,unified:1934d328-cf65-57fa-95b1-1c7e93cf34c3,F2924,36,existing_child,Argentina,bokheim:history-lcc-full:77d6cba6-921d-5aba-b601-4a74c440a095
Latin America,unified:1934d328-cf65-57fa-95b1-1c7e93cf34c3,F1886,35,existing_child,Jamaica,unified:c2541453-e123-532e-94a4-30c8c4238f76
Latin America,unified:1934d328-cf65-57fa-95b1-1c7e93cf34c3,F3011.M29,35,existing_child,Argentina,bokheim:history-lcc-full:77d6cba6-921d-5aba-b601-4a74c440a095
Latin America,unified:1934d328-cf65-57fa-95b1-1c7e93cf34c3,F2896,34,existing_child,Argentina,bokheim:history-lcc-full:77d6cba6-921d-5aba-b601-4a74c440a095
Latin America,unified:1934d328-cf65-57fa-95b1-1c7e93cf34c3,F1884,32,existing_child,Jamaica,unified:c2541453-e123-532e-94a4-30c8c4238f76
Latin America,unified:1934d328-cf65-57fa-95b1-1c7e93cf34c3,F2871,32,existing_child,Argentina,bokheim:history-lcc-full:77d6cba6-921d-5aba-b601-4a74c440a095
Latin America,unified:1934d328-cf65-57fa-95b1-1c7e93cf34c3,F1896.N4,31,existing_child,Jamaica,unified:c2541453-e123-532e-94a4-30c8c4238f76
Latin America,unified:1934d328-cf65-57fa-95b1-1c7e93cf34c3,F2956,29,existing_child,Argentina,bokheim:history-lcc-full:77d6cba6-921d-5aba-b601-4a74c440a095
Latin America,unified:1934d328-cf65-57fa-95b1-1c7e93cf34c3,F2961,29,existing_child,Argentina,bokheim:history-lcc-full:77d6cba6-921d-5aba-b601-4a74c440a095
Latin America,unified:1934d328-cf65-57fa-95b1-1c7e93cf34c3,F3011.S26,29,existing_child,Argentina,bokheim:history-lcc-full:77d6cba6-921d-5aba-b601-4a74c440a095
Latin America,unified:1934d328-cf65-57fa-95b1-1c7e93cf34c3,F2848.I75,28,existing_child,Argentina,bokheim:history-lcc-full:77d6cba6-921d-5aba-b601-4a74c440a095
Latin America,unified:1934d328-cf65-57fa-95b1-1c7e93cf34c3,F3011.L4,28,existing_child,Argentina,bokheim:history-lcc-full:77d6cba6-921d-5aba-b601-4a74c440a095
Latin America,unified:1934d328-cf65-57fa-95b1-1c7e93cf34c3,F2845.G93,26,existing_child,Argentina,bokheim:history-lcc-full:77d6cba6-921d-5aba-b601-4a74c440a095
Latin America,unified:1934d328-cf65-57fa-95b1-1c7e93cf34c3,F2921,26,existing_child,Argentina,bokheim:history-lcc-full:77d6cba6-921d-5aba-b601-4a74c440a095
Latin America,unified:1934d328-cf65-57fa-95b1-1c7e93cf34c3,F2951,26,existing_child,Argentina,bokheim:history-lcc-full:77d6cba6-921d-5aba-b601-4a74c440a095
Latin America,unified:1934d328-cf65-57fa-95b1-1c7e93cf34c3,F2966,26,existing_child,Argentina,bokheim:history-lcc-full:77d6cba6-921d-5aba-b601-4a74c440a095
Latin America,unified:1934d328-cf65-57fa-95b1-1c7e93cf34c3,F2981,25,existing_child,Argentina,bokheim:history-lcc-full:77d6cba6-921d-5aba-b601-4a74c440a095
Latin America,unified:1934d328-cf65-57fa-95b1-1c7e93cf34c3,F2848.J39,22,existing_child,Argentina,bokheim:history-lcc-full:77d6cba6-921d-5aba-b601-4a74c440a095
Latin America,unified:1934d328-cf65-57fa-95b1-1c7e93cf34c3,F2922,21,existing_child,Argentina,bokheim:history-lcc-full:77d6cba6-921d-5aba-b601-4a74c440a095
Latin America,unified:1934d328-cf65-57fa-95b1-1c7e93cf34c3,F3011.M45,21,existing_child,Argentina,bokheim:history-lcc-full:77d6cba6-921d-5aba-b601-4a74c440a095
Latin America,unified:1934d328-cf65-57fa-95b1-1c7e93cf34c3,F2845.M845,19,existing_child,Argentina,bokheim:history-lcc-full:77d6cba6-921d-5aba-b601-4a74c440a095
Latin America,unified:1934d328-cf65-57fa-95b1-1c7e93cf34c3,F2846.D683,19,existing_child,Argentina,bokheim:history-lcc-full:77d6cba6-921d-5aba-b601-4a74c440a095
Latin America,unified:1934d328-cf65-57fa-95b1-1c7e93cf34c3,F3011.T89,15,existing_child,Argentina,bokheim:history-lcc-full:77d6cba6-921d-5aba-b601-4a74c440a095
Latin America,unified:1934d328-cf65-57fa-95b1-1c7e93cf34c3,F1895.K5,13,existing_child,Jamaica,unified:c2541453-e123-532e-94a4-30c8c4238f76
Latin America,unified:1934d328-cf65-57fa-95b1-1c7e93cf34c3,F2809,13,existing_child,Argentina,bokheim:history-lcc-full:77d6cba6-921d-5aba-b601-4a74c440a095
Latin America,unified:1934d328-cf65-57fa-95b1-1c7e93cf34c3,F2810.9,13,existing_child,Argentina,bokheim:history-lcc-full:77d6cba6-921d-5aba-b601-4a74c440a095
Latin America,unified:1934d328-cf65-57fa-95b1-1c7e93cf34c3,F2846.S24745,13,existing_child,Argentina,bokheim:history-lcc-full:77d6cba6-921d-5aba-b601-4a74c440a095
Latin America,unified:1934d328-cf65-57fa-95b1-1c7e93cf34c3,F2847.P44,13,existing_child,Argentina,bokheim:history-lcc-full:77d6cba6-921d-5aba-b601-4a74c440a095
Latin America,unified:1934d328-cf65-57fa-95b1-1c7e93cf34c3,F2847.R6,13,existing_child,Argentina,bokheim:history-lcc-full:77d6cba6-921d-5aba-b601-4a74c440a095
Latin America,unified:1934d328-cf65-57fa-95b1-1c7e93cf34c3,F3011.S2,13,existing_child,Argentina,bokheim:history-lcc-full:77d6cba6-921d-5aba-b601-4a74c440a095
Latin America,unified:1934d328-cf65-57fa-95b1-1c7e93cf34c3,F2846.A3033,12,existing_child,Argentina,bokheim:history-lcc-full:77d6cba6-921d-5aba-b601-4a74c440a095
Latin America,unified:1934d328-cf65-57fa-95b1-1c7e93cf34c3,F2846.Q74,12,existing_child,Argentina,bokheim:history-lcc-full:77d6cba6-921d-5aba-b601-4a74c440a095
Latin America,unified:1934d328-cf65-57fa-95b1-1c7e93cf34c3,F2857.A2,12,existing_child,Argentina,bokheim:history-lcc-full:77d6cba6-921d-5aba-b601-4a74c440a095
Latin America,unified:1934d328-cf65-57fa-95b1-1c7e93cf34c3,F2921.5,12,existing_child,Argentina,bokheim:history-lcc-full:77d6cba6-921d-5aba-b601-4a74c440a095
Latin America,unified:1934d328-cf65-57fa-95b1-1c7e93cf34c3,F2847.M5,11,existing_child,Argentina,bokheim:history-lcc-full:77d6cba6-921d-5aba-b601-4a74c440a095
Latin America,unified:1934d328-cf65-57fa-95b1-1c7e93cf34c3,F2971,11,existing_child,Argentina,bokheim:history-lcc-full:77d6cba6-921d-5aba-b601-4a74c440a095
Latin America,unified:1934d328-cf65-57fa-95b1-1c7e93cf34c3,F3011.L8,11,existing_child,Argentina,bokheim:history-lcc-full:77d6cba6-921d-5aba-b601-4a74c440a095
Latin America,unified:1934d328-cf65-57fa-95b1-1c7e93cf34c3,F1895.P6,10,existing_child,Jamaica,unified:c2541453-e123-532e-94a4-30c8c4238f76
Latin America,unified:1934d328-cf65-57fa-95b1-1c7e93cf34c3,F2848.A55,10,existing_child,Argentina,bokheim:history-lcc-full:77d6cba6-921d-5aba-b601-4a74c440a095
Latin America,unified:1934d328-cf65-57fa-95b1-1c7e93cf34c3,F2849.B284,10,existing_child,Argentina,bokheim:history-lcc-full:77d6cba6-921d-5aba-b601-4a74c440a095
Latin America,unified:1934d328-cf65-57fa-95b1-1c7e93cf34c3,F3011.S218,10,existing_child,Argentina,bokheim:history-lcc-full:77d6cba6-921d-5aba-b601-4a74c440a095
Latin America,unified:1934d328-cf65-57fa-95b1-1c7e93cf34c3,F1887.M29,9,existing_child,Jamaica,unified:c2541453-e123-532e-94a4-30c8c4238f76
Latin America,unified:1934d328-cf65-57fa-95b1-1c7e93cf34c3,F2845.L75,9,existing_child,Argentina,bokheim:history-lcc-full:77d6cba6-921d-5aba-b601-4a74c440a095
Latin America,unified:1934d328-cf65-57fa-95b1-1c7e93cf34c3,F2846.P44,9,existing_child,Argentina,bokheim:history-lcc-full:77d6cba6-921d-5aba-b601-4a74c440a095
Latin America,unified:1934d328-cf65-57fa-95b1-1c7e93cf34c3,F2847.M66,9,existing_child,Argentina,bokheim:history-lcc-full:77d6cba6-921d-5aba-b601-4a74c440a095
Latin America,unified:1934d328-cf65-57fa-95b1-1c7e93cf34c3,F2849.C64,9,existing_child,Argentina,bokheim:history-lcc-full:77d6cba6-921d-5aba-b601-4a74c440a095
Latin America,unified:1934d328-cf65-57fa-95b1-1c7e93cf34c3,F2848.G62,8,existing_child,Argentina,bokheim:history-lcc-full:77d6cba6-921d-5aba-b601-4a74c440a095
Latin America,unified:1934d328-cf65-57fa-95b1-1c7e93cf34c3,F2849.P47,8,existing_child,Argentina,bokheim:history-lcc-full:77d6cba6-921d-5aba-b601-4a74c440a095
Latin America,unified:1934d328-cf65-57fa-95b1-1c7e93cf34c3,F2846.U73,7,existing_child,Argentina,bokheim:history-lcc-full:77d6cba6-921d-5aba-b601-4a74c440a095
Latin America,unified:1934d328-cf65-57fa-95b1-1c7e93cf34c3,F2849.B69,7,existing_child,Argentina,bokheim:history-lcc-full:77d6cba6-921d-5aba-b601-4a74c440a095
Latin America,unified:1934d328-cf65-57fa-95b1-1c7e93cf34c3,F2966.R6,7,existing_child,Argentina,bokheim:history-lcc-full:77d6cba6-921d-5aba-b601-4a74c440a095
Latin America,unified:1934d328-cf65-57fa-95b1-1c7e93cf34c3,F3011.L45,7,existing_child,Argentina,bokheim:history-lcc-full:77d6cba6-921d-5aba-b601-4a74c440a095
Latin America,unified:1934d328-cf65-57fa-95b1-1c7e93cf34c3,F3030,7,existing_child,Argentina,bokheim:history-lcc-full:77d6cba6-921d-5aba-b601-4a74c440a095
Latin America,unified:1934d328-cf65-57fa-95b1-1c7e93cf34c3,F1896.J48,6,existing_child,Jamaica,unified:c2541453-e123-532e-94a4-30c8c4238f76
Latin America,unified:1934d328-cf65-57fa-95b1-1c7e93cf34c3,F2846.A463,6,existing_child,Argentina,bokheim:history-lcc-full:77d6cba6-921d-5aba-b601-4a74c440a095
Latin America,unified:1934d328-cf65-57fa-95b1-1c7e93cf34c3,F2846.S247,6,existing_child,Argentina,bokheim:history-lcc-full:77d6cba6-921d-5aba-b601-4a74c440a095
Latin America,unified:1934d328-cf65-57fa-95b1-1c7e93cf34c3,F2848.J79,6,existing_child,Argentina,bokheim:history-lcc-full:77d6cba6-921d-5aba-b601-4a74c440a095
Latin America,unified:1934d328-cf65-57fa-95b1-1c7e93cf34c3,F3001.A3,6,existing_child,Argentina,bokheim:history-lcc-full:77d6cba6-921d-5aba-b601-4a74c440a095
Latin America,unified:1934d328-cf65-57fa-95b1-1c7e93cf34c3,F3030.3,6,existing_child,Argentina,bokheim:history-lcc-full:77d6cba6-921d-5aba-b601-4a74c440a095
Latin America,unified:1934d328-cf65-57fa-95b1-1c7e93cf34c3,F1875,5,existing_child,Jamaica,unified:c2541453-e123-532e-94a4-30c8c4238f76
Latin America,unified:1934d328-cf65-57fa-95b1-1c7e93cf34c3,F2846.3.O35,5,existing_child,Argentina,bokheim:history-lcc-full:77d6cba6-921d-5aba-b601-4a74c440a095
Latin America,unified:1934d328-cf65-57fa-95b1-1c7e93cf34c3,F2846.S27,5,existing_child,Argentina,bokheim:history-lcc-full:77d6cba6-921d-5aba-b601-4a74c440a095
Latin America,unified:1934d328-cf65-57fa-95b1-1c7e93cf34c3,F2847.A65,5,existing_child,Argentina,bokheim:history-lcc-full:77d6cba6-921d-5aba-b601-4a74c440a095
Latin America,unified:1934d328-cf65-57fa-95b1-1c7e93cf34c3,F2847.V3,5,existing_child,Argentina,bokheim:history-lcc-full:77d6cba6-921d-5aba-b601-4a74c440a095
Latin America,unified:1934d328-cf65-57fa-95b1-1c7e93cf34c3,F2847.Z43,5,existing_child,Argentina,bokheim:history-lcc-full:77d6cba6-921d-5aba-b601-4a74c440a095
Latin America,unified:1934d328-cf65-57fa-95b1-1c7e93cf34c3,F2848.A34,5,existing_child,Argentina,bokheim:history-lcc-full:77d6cba6-921d-5aba-b601-4a74c440a095
Latin America,unified:1934d328-cf65-57fa-95b1-1c7e93cf34c3,F2848.S282,5,existing_child,Argentina,bokheim:history-lcc-full:77d6cba6-921d-5aba-b601-4a74c440a095
Latin America,unified:1934d328-cf65-57fa-95b1-1c7e93cf34c3,F2848.T6,5,existing_child,Argentina,bokheim:history-lcc-full:77d6cba6-921d-5aba-b601-4a74c440a095
Latin America,unified:1934d328-cf65-57fa-95b1-1c7e93cf34c3,F1884.C8,4,existing_child,Jamaica,unified:c2541453-e123-532e-94a4-30c8c4238f76
Latin America,unified:1934d328-cf65-57fa-95b1-1c7e93cf34c3,F1884.N36,4,existing_child,Jamaica,unified:c2541453-e123-532e-94a4-30c8c4238f76
Latin America,unified:1934d328-cf65-57fa-95b1-1c7e93cf34c3,F2841.G2,4,existing_child,Argentina,bokheim:history-lcc-full:77d6cba6-921d-5aba-b601-4a74c440a095
Latin America,unified:1934d328-cf65-57fa-95b1-1c7e93cf34c3,F2841.H47,4,existing_child,Argentina,bokheim:history-lcc-full:77d6cba6-921d-5aba-b601-4a74c440a095
Latin America,unified:1934d328-cf65-57fa-95b1-1c7e93cf34c3,F2841.M56,4,existing_child,Argentina,bokheim:history-lcc-full:77d6cba6-921d-5aba-b601-4a74c440a095
Latin America,unified:1934d328-cf65-57fa-95b1-1c7e93cf34c3,F2845.B79,4,existing_child,Argentina,bokheim:history-lcc-full:77d6cba6-921d-5aba-b601-4a74c440a095
Latin America,unified:1934d328-cf65-57fa-95b1-1c7e93cf34c3,F2845.P27,4,existing_child,Argentina,bokheim:history-lcc-full:77d6cba6-921d-5aba-b601-4a74c440a095
Latin America,unified:1934d328-cf65-57fa-95b1-1c7e93cf34c3,F2846.R154,4,existing_child,Argentina,bokheim:history-lcc-full:77d6cba6-921d-5aba-b601-4a74c440a095
Latin America,unified:1934d328-cf65-57fa-95b1-1c7e93cf34c3,F2846.R6263,4,existing_child,Argentina,bokheim:history-lcc-full:77d6cba6-921d-5aba-b601-4a74c440a095
Latin America,unified:1934d328-cf65-57fa-95b1-1c7e93cf34c3,F2846.V418,4,existing_child,Argentina,bokheim:history-lcc-full:77d6cba6-921d-5aba-b601-4a74c440a095
Latin America,unified:1934d328-cf65-57fa-95b1-1c7e93cf34c3,F2847.V25,4,existing_child,Argentina,bokheim:history-lcc-full:77d6cba6-921d-5aba-b601-4a74c440a095
Latin America,unified:1934d328-cf65-57fa-95b1-1c7e93cf34c3,F2848.R6613,4,existing_child,Argentina,bokheim:history-lcc-full:77d6cba6-921d-5aba-b601-4a74c440a095
Latin America,unified:1934d328-cf65-57fa-95b1-1c7e93cf34c3,F2848.T67,4,existing_child,Argentina,bokheim:history-lcc-full:77d6cba6-921d-5aba-b601-4a74c440a095
Latin America,unified:1934d328-cf65-57fa-95b1-1c7e93cf34c3,F2849.M427,4,existing_child,Argentina,bokheim:history-lcc-full:77d6cba6-921d-5aba-b601-4a74c440a095
Latin America,unified:1934d328-cf65-57fa-95b1-1c7e93cf34c3,F2849.P28,4,existing_child,Argentina,bokheim:history-lcc-full:77d6cba6-921d-5aba-b601-4a74c440a095
Latin America,unified:1934d328-cf65-57fa-95b1-1c7e93cf34c3,F2886.M25,4,existing_child,Argentina,bokheim:history-lcc-full:77d6cba6-921d-5aba-b601-4a74c440a095
Latin America,unified:1934d328-cf65-57fa-95b1-1c7e93cf34c3,F2896.L6,4,existing_child,Argentina,bokheim:history-lcc-full:77d6cba6-921d-5aba-b601-4a74c440a095
Latin America,unified:1934d328-cf65-57fa-95b1-1c7e93cf34c3,F2901,4,existing_child,Argentina,bokheim:history-lcc-full:77d6cba6-921d-5aba-b601-4a74c440a095
Latin America,unified:1934d328-cf65-57fa-95b1-1c7e93cf34c3,F2986.P6,4,existing_child,Argentina,bokheim:history-lcc-full:77d6cba6-921d-5aba-b601-4a74c440a095
Latin America,unified:1934d328-cf65-57fa-95b1-1c7e93cf34c3,F2991.O7,4,existing_child,Argentina,bokheim:history-lcc-full:77d6cba6-921d-5aba-b601-4a74c440a095
Latin America,unified:1934d328-cf65-57fa-95b1-1c7e93cf34c3,F3011.A9,4,existing_child,Argentina,bokheim:history-lcc-full:77d6cba6-921d-5aba-b601-4a74c440a095
Latin America,unified:1934d328-cf65-57fa-95b1-1c7e93cf34c3,F1657.2,3,existing_child,Bahamas,unified:33f827a7-71e3-51d2-bc95-7703fac9de8f
Latin America,unified:1934d328-cf65-57fa-95b1-1c7e93cf34c3,F1886.C53,3,existing_child,Jamaica,unified:c2541453-e123-532e-94a4-30c8c4238f76
Latin America,unified:1934d328-cf65-57fa-95b1-1c7e93cf34c3,F1887.M3,3,existing_child,Jamaica,unified:c2541453-e123-532e-94a4-30c8c4238f76
Latin America,unified:1934d328-cf65-57fa-95b1-1c7e93cf34c3,F1887.P37,3,existing_child,Jamaica,unified:c2541453-e123-532e-94a4-30c8c4238f76
Latin America,unified:1934d328-cf65-57fa-95b1-1c7e93cf34c3,F1887.S42,3,existing_child,Jamaica,unified:c2541453-e123-532e-94a4-30c8c4238f76
Latin America,unified:1934d328-cf65-57fa-95b1-1c7e93cf34c3,F1895.S7,3,existing_child,Jamaica,unified:c2541453-e123-532e-94a4-30c8c4238f76
Latin America,unified:1934d328-cf65-57fa-95b1-1c7e93cf34c3,F2841.C37,3,existing_child,Argentina,bokheim:history-lcc-full:77d6cba6-921d-5aba-b601-4a74c440a095
Latin America,unified:1934d328-cf65-57fa-95b1-1c7e93cf34c3,F2845.B49,3,existing_child,Argentina,bokheim:history-lcc-full:77d6cba6-921d-5aba-b601-4a74c440a095
Latin America,unified:1934d328-cf65-57fa-95b1-1c7e93cf34c3,F2845.G935,3,existing_child,Argentina,bokheim:history-lcc-full:77d6cba6-921d-5aba-b601-4a74c440a095
Latin America,unified:1934d328-cf65-57fa-95b1-1c7e93cf34c3,F2845.M78,3,existing_child,Argentina,bokheim:history-lcc-full:77d6cba6-921d-5aba-b601-4a74c440a095
Latin America,unified:1934d328-cf65-57fa-95b1-1c7e93cf34c3,F2846.G95,3,existing_child,Argentina,bokheim:history-lcc-full:77d6cba6-921d-5aba-b601-4a74c440a095
Latin America,unified:1934d328-cf65-57fa-95b1-1c7e93cf34c3,F2846.L4,3,existing_child,Argentina,bokheim:history-lcc-full:77d6cba6-921d-5aba-b601-4a74c440a095
Latin America,unified:1934d328-cf65-57fa-95b1-1c7e93cf34c3,F2846.L44,3,existing_child,Argentina,bokheim:history-lcc-full:77d6cba6-921d-5aba-b601-4a74c440a095
Latin America,unified:1934d328-cf65-57fa-95b1-1c7e93cf34c3,F2846.R447,3,existing_child,Argentina,bokheim:history-lcc-full:77d6cba6-921d-5aba-b601-4a74c440a095
Latin America,unified:1934d328-cf65-57fa-95b1-1c7e93cf34c3,F2846.R8,3,existing_child,Argentina,bokheim:history-lcc-full:77d6cba6-921d-5aba-b601-4a74c440a095
Latin America,unified:1934d328-cf65-57fa-95b1-1c7e93cf34c3,F2846.U77,3,existing_child,Argentina,bokheim:history-lcc-full:77d6cba6-921d-5aba-b601-4a74c440a095
Latin America,unified:1934d328-cf65-57fa-95b1-1c7e93cf34c3,F2846.Z8,3,existing_child,Argentina,bokheim:history-lcc-full:77d6cba6-921d-5aba-b601-4a74c440a095
Latin America,unified:1934d328-cf65-57fa-95b1-1c7e93cf34c3,F2847.A34,3,existing_child,Argentina,bokheim:history-lcc-full:77d6cba6-921d-5aba-b601-4a74c440a095
Latin America,unified:1934d328-cf65-57fa-95b1-1c7e93cf34c3,F2847.A596,3,existing_child,Argentina,bokheim:history-lcc-full:77d6cba6-921d-5aba-b601-4a74c440a095
Latin America,unified:1934d328-cf65-57fa-95b1-1c7e93cf34c3,F2847.A94,3,existing_child,Argentina,bokheim:history-lcc-full:77d6cba6-921d-5aba-b601-4a74c440a095
Latin America,unified:1934d328-cf65-57fa-95b1-1c7e93cf34c3,F2847.B37,3,existing_child,Argentina,bokheim:history-lcc-full:77d6cba6-921d-5aba-b601-4a74c440a095
Latin America,unified:1934d328-cf65-57fa-95b1-1c7e93cf34c3,F2847.G65,3,existing_child,Argentina,bokheim:history-lcc-full:77d6cba6-921d-5aba-b601-4a74c440a095
Latin America,unified:1934d328-cf65-57fa-95b1-1c7e93cf34c3,F2847.L37,3,existing_child,Argentina,bokheim:history-lcc-full:77d6cba6-921d-5aba-b601-4a74c440a095
Latin America,unified:1934d328-cf65-57fa-95b1-1c7e93cf34c3,F2847.M29,3,existing_child,Argentina,bokheim:history-lcc-full:77d6cba6-921d-5aba-b601-4a74c440a095
Latin America,unified:1934d328-cf65-57fa-95b1-1c7e93cf34c3,F2847.M3,3,existing_child,Argentina,bokheim:history-lcc-full:77d6cba6-921d-5aba-b601-4a74c440a095
Latin America,unified:1934d328-cf65-57fa-95b1-1c7e93cf34c3,F2847.R635,3,existing_child,Argentina,bokheim:history-lcc-full:77d6cba6-921d-5aba-b601-4a74c440a095
Latin America,unified:1934d328-cf65-57fa-95b1-1c7e93cf34c3,F2848.P52,3,existing_child,Argentina,bokheim:history-lcc-full:77d6cba6-921d-5aba-b601-4a74c440a095
Latin America,unified:1934d328-cf65-57fa-95b1-1c7e93cf34c3,F2849.C196,3,existing_child,Argentina,bokheim:history-lcc-full:77d6cba6-921d-5aba-b601-4a74c440a095
Latin America,unified:1934d328-cf65-57fa-95b1-1c7e93cf34c3,F2849.C22,3,existing_child,Argentina,bokheim:history-lcc-full:77d6cba6-921d-5aba-b601-4a74c440a095
Latin America,unified:1934d328-cf65-57fa-95b1-1c7e93cf34c3,F2849.G387,3,existing_child,Argentina,bokheim:history-lcc-full:77d6cba6-921d-5aba-b601-4a74c440a095
Latin America,unified:1934d328-cf65-57fa-95b1-1c7e93cf34c3,F2849.H47,3,existing_child,Argentina,bokheim:history-lcc-full:77d6cba6-921d-5aba-b601-4a74c440a095
Latin America,unified:1934d328-cf65-57fa-95b1-1c7e93cf34c3,F2849.L374,3,existing_child,Argentina,bokheim:history-lcc-full:77d6cba6-921d-5aba-b601-4a74c440a095
Latin America,unified:1934d328-cf65-57fa-95b1-1c7e93cf34c3,F2849.P495,3,existing_child,Argentina,bokheim:history-lcc-full:77d6cba6-921d-5aba-b601-4a74c440a095
Latin America,unified:1934d328-cf65-57fa-95b1-1c7e93cf34c3,F2849.P82,3,existing_child,Argentina,bokheim:history-lcc-full:77d6cba6-921d-5aba-b601-4a74c440a095
Latin America,unified:1934d328-cf65-57fa-95b1-1c7e93cf34c3,F2849.W3,3,existing_child,Argentina,bokheim:history-lcc-full:77d6cba6-921d-5aba-b601-4a74c440a095
Latin America,unified:1934d328-cf65-57fa-95b1-1c7e93cf34c3,F2861.B45,3,existing_child,Argentina,bokheim:history-lcc-full:77d6cba6-921d-5aba-b601-4a74c440a095
Latin America,unified:1934d328-cf65-57fa-95b1-1c7e93cf34c3,F2886.A46,3,existing_child,Argentina,bokheim:history-lcc-full:77d6cba6-921d-5aba-b601-4a74c440a095
Latin America,unified:1934d328-cf65-57fa-95b1-1c7e93cf34c3,F2886.S17,3,existing_child,Argentina,bokheim:history-lcc-full:77d6cba6-921d-5aba-b601-4a74c440a095
Latin America,unified:1934d328-cf65-57fa-95b1-1c7e93cf34c3,F2936.A5653,3,existing_child,Argentina,bokheim:history-lcc-full:77d6cba6-921d-5aba-b601-4a74c440a095
Latin America,unified:1934d328-cf65-57fa-95b1-1c7e93cf34c3,F2976.B56,3,existing_child,Argentina,bokheim:history-lcc-full:77d6cba6-921d-5aba-b601-4a74c440a095
Latin America,unified:1934d328-cf65-57fa-95b1-1c7e93cf34c3,F2986.B87,3,existing_child,Argentina,bokheim:history-lcc-full:77d6cba6-921d-5aba-b601-4a74c440a095
Latin America,unified:1934d328-cf65-57fa-95b1-1c7e93cf34c3,F2991.B97,3,existing_child,Argentina,bokheim:history-lcc-full:77d6cba6-921d-5aba-b601-4a74c440a095
Latin America,unified:1934d328-cf65-57fa-95b1-1c7e93cf34c3,F1874.5.C74,2,existing_child,Jamaica,unified:c2541453-e123-532e-94a4-30c8c4238f76
Latin America,unified:1934d328-cf65-57fa-95b1-1c7e93cf34c3,F1874.M67,2,existing_child,Jamaica,unified:c2541453-e123-532e-94a4-30c8c4238f76
Latin America,unified:1934d328-cf65-57fa-95b1-1c7e93cf34c3,F1874.T46,2,existing_child,Jamaica,unified:c2541453-e123-532e-94a4-30c8c4238f76
Latin America,unified:1934d328-cf65-57fa-95b1-1c7e93cf34c3,F1874.W55,2,existing_child,Jamaica,unified:c2541453-e123-532e-94a4-30c8c4238f76
Latin America,unified:1934d328-cf65-57fa-95b1-1c7e93cf34c3,F1874T45,2,existing_child,Jamaica,unified:c2541453-e123-532e-94a4-30c8c4238f76
Latin America,unified:1934d328-cf65-57fa-95b1-1c7e93cf34c3,F1886.C53W35,2,existing_child,Jamaica,unified:c2541453-e123-532e-94a4-30c8c4238f76
Latin America,unified:1934d328-cf65-57fa-95b1-1c7e93cf34c3,F1886.H37,2,existing_child,Jamaica,unified:c2541453-e123-532e-94a4-30c8c4238f76
Latin America,unified:1934d328-cf65-57fa-95b1-1c7e93cf34c3,F1886.M34,2,existing_child,Jamaica,unified:c2541453-e123-532e-94a4-30c8c4238f76
Latin America,unified:1934d328-cf65-57fa-95b1-1c7e93cf34c3,F1886.P35,2,existing_child,Jamaica,unified:c2541453-e123-532e-94a4-30c8c4238f76
Latin America,unified:1934d328-cf65-57fa-95b1-1c7e93cf34c3,F1886.V53,2,existing_child,Jamaica,unified:c2541453-e123-532e-94a4-30c8c4238f76
Latin America,unified:1934d328-cf65-57fa-95b1-1c7e93cf34c3,F1886.W56,2,existing_child,Jamaica,unified:c2541453-e123-532e-94a4-30c8c4238f76
Latin America,unified:1934d328-cf65-57fa-95b1-1c7e93cf34c3,F1887.B83,2,existing_child,Jamaica,unified:c2541453-e123-532e-94a4-30c8c4238f76
Latin America,unified:1934d328-cf65-57fa-95b1-1c7e93cf34c3,F1887.B8716,2,existing_child,Jamaica,unified:c2541453-e123-532e-94a4-30c8c4238f76
Latin America,unified:1934d328-cf65-57fa-95b1-1c7e93cf34c3,F1887.C66,2,existing_child,Jamaica,unified:c2541453-e123-532e-94a4-30c8c4238f76
Latin America,unified:1934d328-cf65-57fa-95b1-1c7e93cf34c3,F1887.P39,2,existing_child,Jamaica,unified:c2541453-e123-532e-94a4-30c8c4238f76
Latin America,unified:1934d328-cf65-57fa-95b1-1c7e93cf34c3,F1887.S43,2,existing_child,Jamaica,unified:c2541453-e123-532e-94a4-30c8c4238f76
Latin America,unified:1934d328-cf65-57fa-95b1-1c7e93cf34c3,F1887.W38,2,existing_child,Jamaica,unified:c2541453-e123-532e-94a4-30c8c4238f76
Latin America,unified:1934d328-cf65-57fa-95b1-1c7e93cf34c3,F1887M3,2,existing_child,Jamaica,unified:c2541453-e123-532e-94a4-30c8c4238f76
Latin America,unified:1934d328-cf65-57fa-95b1-1c7e93cf34c3,F1896.E2,2,existing_child,Jamaica,unified:c2541453-e123-532e-94a4-30c8c4238f76
Latin America,unified:1934d328-cf65-57fa-95b1-1c7e93cf34c3,F1896.N4M38,2,existing_child,Jamaica,unified:c2541453-e123-532e-94a4-30c8c4238f76
Latin America,unified:1934d328-cf65-57fa-95b1-1c7e93cf34c3,F1896.N4R6,2,existing_child,Jamaica,unified:c2541453-e123-532e-94a4-30c8c4238f76
Latin America,unified:1934d328-cf65-57fa-95b1-1c7e93cf34c3,F1896.N4T48,2,existing_child,Jamaica,unified:c2541453-e123-532e-94a4-30c8c4238f76
Latin America,unified:1934d328-cf65-57fa-95b1-1c7e93cf34c3,F2810.9.H65,2,existing_child,Argentina,bokheim:history-lcc-full:77d6cba6-921d-5aba-b601-4a74c440a095
Latin America,unified:1934d328-cf65-57fa-95b1-1c7e93cf34c3,F2810.K55,2,existing_child,Argentina,bokheim:history-lcc-full:77d6cba6-921d-5aba-b601-4a74c440a095
Latin America,unified:1934d328-cf65-57fa-95b1-1c7e93cf34c3,F2810.N53,2,existing_child,Argentina,bokheim:history-lcc-full:77d6cba6-921d-5aba-b601-4a74c440a095
Latin America,unified:1934d328-cf65-57fa-95b1-1c7e93cf34c3,F2810.N54,2,existing_child,Argentina,bokheim:history-lcc-full:77d6cba6-921d-5aba-b601-4a74c440a095
Latin America,unified:1934d328-cf65-57fa-95b1-1c7e93cf34c3,F2822.R67413,2,existing_child,Argentina,bokheim:history-lcc-full:77d6cba6-921d-5aba-b601-4a74c440a095
Latin America,unified:1934d328-cf65-57fa-95b1-1c7e93cf34c3,F2841.F45,2,existing_child,Argentina,bokheim:history-lcc-full:77d6cba6-921d-5aba-b601-4a74c440a095
Latin America,unified:1934d328-cf65-57fa-95b1-1c7e93cf34c3,F2841.G88,2,existing_child,Argentina,bokheim:history-lcc-full:77d6cba6-921d-5aba-b601-4a74c440a095
Latin America,unified:1934d328-cf65-57fa-95b1-1c7e93cf34c3,F2841.H57,2,existing_child,Argentina,bokheim:history-lcc-full:77d6cba6-921d-5aba-b601-4a74c440a095
Latin America,unified:1934d328-cf65-57fa-95b1-1c7e93cf34c3,F2841.M64,2,existing_child,Argentina,bokheim:history-lcc-full:77d6cba6-921d-5aba-b601-4a74c440a095
Latin America,unified:1934d328-cf65-57fa-95b1-1c7e93cf34c3,F2841.N93,2,existing_child,Argentina,bokheim:history-lcc-full:77d6cba6-921d-5aba-b601-4a74c440a095
Latin America,unified:1934d328-cf65-57fa-95b1-1c7e93cf34c3,F2841.S7,2,existing_child,Argentina,bokheim:history-lcc-full:77d6cba6-921d-5aba-b601-4a74c440a095
Latin America,unified:1934d328-cf65-57fa-95b1-1c7e93cf34c3,F2843.M33,2,existing_child,Argentina,bokheim:history-lcc-full:77d6cba6-921d-5aba-b601-4a74c440a095
Latin America,unified:1934d328-cf65-57fa-95b1-1c7e93cf34c3,F2845.A39,2,existing_child,Argentina,bokheim:history-lcc-full:77d6cba6-921d-5aba-b601-4a74c440a095
Latin America,unified:1934d328-cf65-57fa-95b1-1c7e93cf34c3,F2845.A77,2,existing_child,Argentina,bokheim:history-lcc-full:77d6cba6-921d-5aba-b601-4a74c440a095
Latin America,unified:1934d328-cf65-57fa-95b1-1c7e93cf34c3,F2845.B4,2,existing_child,Argentina,bokheim:history-lcc-full:77d6cba6-921d-5aba-b601-4a74c440a095
Latin America,unified:1934d328-cf65-57fa-95b1-1c7e93cf34c3,F2845.B825,2,existing_child,Argentina,bokheim:history-lcc-full:77d6cba6-921d-5aba-b601-4a74c440a095
Latin America,unified:1934d328-cf65-57fa-95b1-1c7e93cf34c3,F2845.B828,2,existing_child,Argentina,bokheim:history-lcc-full:77d6cba6-921d-5aba-b601-4a74c440a095
Latin America,unified:1934d328-cf65-57fa-95b1-1c7e93cf34c3,F2845.B982,2,existing_child,Argentina,bokheim:history-lcc-full:77d6cba6-921d-5aba-b601-4a74c440a095
Latin America,unified:1934d328-cf65-57fa-95b1-1c7e93cf34c3,F2845.C366,2,existing_child,Argentina,bokheim:history-lcc-full:77d6cba6-921d-5aba-b601-4a74c440a095
Latin America,unified:1934d328-cf65-57fa-95b1-1c7e93cf34c3,F2845.G275,2,existing_child,Argentina,bokheim:history-lcc-full:77d6cba6-921d-5aba-b601-4a74c440a095
Latin America,unified:1934d328-cf65-57fa-95b1-1c7e93cf34c3,F2845.G84,2,existing_child,Argentina,bokheim:history-lcc-full:77d6cba6-921d-5aba-b601-4a74c440a095
Latin America,unified:1934d328-cf65-57fa-95b1-1c7e93cf34c3,F2845.M66,2,existing_child,Argentina,bokheim:history-lcc-full:77d6cba6-921d-5aba-b601-4a74c440a095
Latin America,unified:1934d328-cf65-57fa-95b1-1c7e93cf34c3,F2845.P97,2,existing_child,Argentina,bokheim:history-lcc-full:77d6cba6-921d-5aba-b601-4a74c440a095
Latin America,unified:1934d328-cf65-57fa-95b1-1c7e93cf34c3,F2845.V54,2,existing_child,Argentina,bokheim:history-lcc-full:77d6cba6-921d-5aba-b601-4a74c440a095
Latin America,unified:1934d328-cf65-57fa-95b1-1c7e93cf34c3,F2845D5,2,existing_child,Argentina,bokheim:history-lcc-full:77d6cba6-921d-5aba-b601-4a74c440a095
Latin America,unified:1934d328-cf65-57fa-95b1-1c7e93cf34c3,F2846.3.G37,2,existing_child,Argentina,bokheim:history-lcc-full:77d6cba6-921d-5aba-b601-4a74c440a095
Latin America,unified:1934d328-cf65-57fa-95b1-1c7e93cf34c3,F2846.3.R67,2,existing_child,Argentina,bokheim:history-lcc-full:77d6cba6-921d-5aba-b601-4a74c440a095
Latin America,unified:1934d328-cf65-57fa-95b1-1c7e93cf34c3,F2846.3.R7L93,2,existing_child,Argentina,bokheim:history-lcc-full:77d6cba6-921d-5aba-b601-4a74c440a095
Latin America,unified:1934d328-cf65-57fa-95b1-1c7e93cf34c3,F2846.A264,2,existing_child,Argentina,bokheim:history-lcc-full:77d6cba6-921d-5aba-b601-4a74c440a095
Latin America,unified:1934d328-cf65-57fa-95b1-1c7e93cf34c3,F2846.A329,2,existing_child,Argentina,bokheim:history-lcc-full:77d6cba6-921d-5aba-b601-4a74c440a095
Latin America,unified:1934d328-cf65-57fa-95b1-1c7e93cf34c3,F2846.B992,2,existing_child,Argentina,bokheim:history-lcc-full:77d6cba6-921d-5aba-b601-4a74c440a095
Latin America,unified:1934d328-cf65-57fa-95b1-1c7e93cf34c3,F2846.D67,2,existing_child,Argentina,bokheim:history-lcc-full:77d6cba6-921d-5aba-b601-4a74c440a095
Latin America,unified:1934d328-cf65-57fa-95b1-1c7e93cf34c3,F2846.F79,2,existing_child,Argentina,bokheim:history-lcc-full:77d6cba6-921d-5aba-b601-4a74c440a095
Latin America,unified:1934d328-cf65-57fa-95b1-1c7e93cf34c3,F2846.I68,2,existing_child,Argentina,bokheim:history-lcc-full:77d6cba6-921d-5aba-b601-4a74c440a095
Latin America,unified:1934d328-cf65-57fa-95b1-1c7e93cf34c3,F2846.P47,2,existing_child,Argentina,bokheim:history-lcc-full:77d6cba6-921d-5aba-b601-4a74c440a095
Latin America,unified:1934d328-cf65-57fa-95b1-1c7e93cf34c3,F2846.R698,2,existing_child,Argentina,bokheim:history-lcc-full:77d6cba6-921d-5aba-b601-4a74c440a095
Latin America,unified:1934d328-cf65-57fa-95b1-1c7e93cf34c3,F2846.R82,2,existing_child,Argentina,bokheim:history-lcc-full:77d6cba6-921d-5aba-b601-4a74c440a095
Latin America,unified:1934d328-cf65-57fa-95b1-1c7e93cf34c3,F2846.R842,2,existing_child,Argentina,bokheim:history-lcc-full:77d6cba6-921d-5aba-b601-4a74c440a095
Latin America,unified:1934d328-cf65-57fa-95b1-1c7e93cf34c3,F2846.S24583,2,existing_child,Argentina,bokheim:history-lcc-full:77d6cba6-921d-5aba-b601-4a74c440a095
Latin America,unified:1934d328-cf65-57fa-95b1-1c7e93cf34c3,F2846.S2472,2,existing_child,Argentina,bokheim:history-lcc-full:77d6cba6-921d-5aba-b601-4a74c440a095
Latin America,unified:1934d328-cf65-57fa-95b1-1c7e93cf34c3,F2846.S247G6,2,existing_child,Argentina,bokheim:history-lcc-full:77d6cba6-921d-5aba-b601-4a74c440a095
Latin America,unified:1934d328-cf65-57fa-95b1-1c7e93cf34c3,F2846.S282,2,existing_child,Argentina,bokheim:history-lcc-full:77d6cba6-921d-5aba-b601-4a74c440a095
Latin America,unified:1934d328-cf65-57fa-95b1-1c7e93cf34c3,F2846.U7,2,existing_child,Argentina,bokheim:history-lcc-full:77d6cba6-921d-5aba-b601-4a74c440a095
Latin America,unified:1934d328-cf65-57fa-95b1-1c7e93cf34c3,F2846.U7228,2,existing_child,Argentina,bokheim:history-lcc-full:77d6cba6-921d-5aba-b601-4a74c440a095
Latin America,unified:1934d328-cf65-57fa-95b1-1c7e93cf34c3,F2846.U736,2,existing_child,Argentina,bokheim:history-lcc-full:77d6cba6-921d-5aba-b601-4a74c440a095
Latin America,unified:1934d328-cf65-57fa-95b1-1c7e93cf34c3,F2846.V82,2,existing_child,Argentina,bokheim:history-lcc-full:77d6cba6-921d-5aba-b601-4a74c440a095
Latin America,unified:1934d328-cf65-57fa-95b1-1c7e93cf34c3,F2847.C345,2,existing_child,Argentina,bokheim:history-lcc-full:77d6cba6-921d-5aba-b601-4a74c440a095
Latin America,unified:1934d328-cf65-57fa-95b1-1c7e93cf34c3,F2847.E24,2,existing_child,Argentina,bokheim:history-lcc-full:77d6cba6-921d-5aba-b601-4a74c440a095
Latin America,unified:1934d328-cf65-57fa-95b1-1c7e93cf34c3,F2847.F535,2,existing_child,Argentina,bokheim:history-lcc-full:77d6cba6-921d-5aba-b601-4a74c440a095
Latin America,unified:1934d328-cf65-57fa-95b1-1c7e93cf34c3,F2847.F66,2,existing_child,Argentina,bokheim:history-lcc-full:77d6cba6-921d-5aba-b601-4a74c440a095
Latin America,unified:1934d328-cf65-57fa-95b1-1c7e93cf34c3,F2847.F68,2,existing_child,Argentina,bokheim:history-lcc-full:77d6cba6-921d-5aba-b601-4a74c440a095
Latin America,unified:1934d328-cf65-57fa-95b1-1c7e93cf34c3,F2847.H4,2,existing_child,Argentina,bokheim:history-lcc-full:77d6cba6-921d-5aba-b601-4a74c440a095
Latin America,unified:1934d328-cf65-57fa-95b1-1c7e93cf34c3,F2847.M68,2,existing_child,Argentina,bokheim:history-lcc-full:77d6cba6-921d-5aba-b601-4a74c440a095
Latin America,unified:1934d328-cf65-57fa-95b1-1c7e93cf34c3,F2847.P38,2,existing_child,Argentina,bokheim:history-lcc-full:77d6cba6-921d-5aba-b601-4a74c440a095
Latin America,unified:1934d328-cf65-57fa-95b1-1c7e93cf34c3,F2847.Q57,2,existing_child,Argentina,bokheim:history-lcc-full:77d6cba6-921d-5aba-b601-4a74c440a095
Latin America,unified:1934d328-cf65-57fa-95b1-1c7e93cf34c3,F2847.S23,2,existing_child,Argentina,bokheim:history-lcc-full:77d6cba6-921d-5aba-b601-4a74c440a095
Latin America,unified:1934d328-cf65-57fa-95b1-1c7e93cf34c3,F2847.U33,2,existing_child,Argentina,bokheim:history-lcc-full:77d6cba6-921d-5aba-b601-4a74c440a095
Latin America,unified:1934d328-cf65-57fa-95b1-1c7e93cf34c3,F2847.V44,2,existing_child,Argentina,bokheim:history-lcc-full:77d6cba6-921d-5aba-b601-4a74c440a095
Latin America,unified:1934d328-cf65-57fa-95b1-1c7e93cf34c3,F2847.W5,2,existing_child,Argentina,bokheim:history-lcc-full:77d6cba6-921d-5aba-b601-4a74c440a095
Latin America,unified:1934d328-cf65-57fa-95b1-1c7e93cf34c3,F2847P44,2,existing_child,Argentina,bokheim:history-lcc-full:77d6cba6-921d-5aba-b601-4a74c440a095
Latin America,unified:1934d328-cf65-57fa-95b1-1c7e93cf34c3,F2848.B23,2,existing_child,Argentina,bokheim:history-lcc-full:77d6cba6-921d-5aba-b601-4a74c440a095
Latin America,unified:1934d328-cf65-57fa-95b1-1c7e93cf34c3,F2848.C22,2,existing_child,Argentina,bokheim:history-lcc-full:77d6cba6-921d-5aba-b601-4a74c440a095
Latin America,unified:1934d328-cf65-57fa-95b1-1c7e93cf34c3,F2848.C765,2,existing_child,Argentina,bokheim:history-lcc-full:77d6cba6-921d-5aba-b601-4a74c440a095
Latin America,unified:1934d328-cf65-57fa-95b1-1c7e93cf34c3,F2848.D65,2,existing_child,Argentina,bokheim:history-lcc-full:77d6cba6-921d-5aba-b601-4a74c440a095
Latin America,unified:1934d328-cf65-57fa-95b1-1c7e93cf34c3,F2848.L55,2,existing_child,Argentina,bokheim:history-lcc-full:77d6cba6-921d-5aba-b601-4a74c440a095
Latin America,unified:1934d328-cf65-57fa-95b1-1c7e93cf34c3,F2848.L56,2,existing_child,Argentina,bokheim:history-lcc-full:77d6cba6-921d-5aba-b601-4a74c440a095
Latin America,unified:1934d328-cf65-57fa-95b1-1c7e93cf34c3,F2848.M45,2,existing_child,Argentina,bokheim:history-lcc-full:77d6cba6-921d-5aba-b601-4a74c440a095
Latin America,unified:1934d328-cf65-57fa-95b1-1c7e93cf34c3,F2848.O84,2,existing_child,Argentina,bokheim:history-lcc-full:77d6cba6-921d-5aba-b601-4a74c440a095
Latin America,unified:1934d328-cf65-57fa-95b1-1c7e93cf34c3,F2848.P3,2,existing_child,Argentina,bokheim:history-lcc-full:77d6cba6-921d-5aba-b601-4a74c440a095
Latin America,unified:1934d328-cf65-57fa-95b1-1c7e93cf34c3,F2848.P48,2,existing_child,Argentina,bokheim:history-lcc-full:77d6cba6-921d-5aba-b601-4a74c440a095
Latin America,unified:1934d328-cf65-57fa-95b1-1c7e93cf34c3,F2848.S18,2,existing_child,Argentina,bokheim:history-lcc-full:77d6cba6-921d-5aba-b601-4a74c440a095
Latin America,unified:1934d328-cf65-57fa-95b1-1c7e93cf34c3,F2848.T33,2,existing_child,Argentina,bokheim:history-lcc-full:77d6cba6-921d-5aba-b601-4a74c440a095
Latin America,unified:1934d328-cf65-57fa-95b1-1c7e93cf34c3,F2848.U72,2,existing_child,Argentina,bokheim:history-lcc-full:77d6cba6-921d-5aba-b601-4a74c440a095
Latin America,unified:1934d328-cf65-57fa-95b1-1c7e93cf34c3,F2848.V47,2,existing_child,Argentina,bokheim:history-lcc-full:77d6cba6-921d-5aba-b601-4a74c440a095
Latin America,unified:1934d328-cf65-57fa-95b1-1c7e93cf34c3,F2849.B295,2,existing_child,Argentina,bokheim:history-lcc-full:77d6cba6-921d-5aba-b601-4a74c440a095
Latin America,unified:1934d328-cf65-57fa-95b1-1c7e93cf34c3,F2849.F483,2,existing_child,Argentina,bokheim:history-lcc-full:77d6cba6-921d-5aba-b601-4a74c440a095
Latin America,unified:1934d328-cf65-57fa-95b1-1c7e93cf34c3,F2849.G88,2,existing_child,Argentina,bokheim:history-lcc-full:77d6cba6-921d-5aba-b601-4a74c440a095
Latin America,unified:1934d328-cf65-57fa-95b1-1c7e93cf34c3,F2849.H43,2,existing_child,Argentina,bokheim:history-lcc-full:77d6cba6-921d-5aba-b601-4a74c440a095
Latin America,unified:1934d328-cf65-57fa-95b1-1c7e93cf34c3,F2849.J39,2,existing_child,Argentina,bokheim:history-lcc-full:77d6cba6-921d-5aba-b601-4a74c440a095
Latin America,unified:1934d328-cf65-57fa-95b1-1c7e93cf34c3,F2849.L32,2,existing_child,Argentina,bokheim:history-lcc-full:77d6cba6-921d-5aba-b601-4a74c440a095
Latin America,unified:1934d328-cf65-57fa-95b1-1c7e93cf34c3,F2849.M425,2,existing_child,Argentina,bokheim:history-lcc-full:77d6cba6-921d-5aba-b601-4a74c440a095
Latin America,unified:1934d328-cf65-57fa-95b1-1c7e93cf34c3,F2849.P37F38,2,existing_child,Argentina,bokheim:history-lcc-full:77d6cba6-921d-5aba-b601-4a74c440a095
Latin America,unified:1934d328-cf65-57fa-95b1-1c7e93cf34c3,F2849.P5813,2,existing_child,Argentina,bokheim:history-lcc-full:77d6cba6-921d-5aba-b601-4a74c440a095
Latin America,unified:1934d328-cf65-57fa-95b1-1c7e93cf34c3,F2849.R58,2,existing_child,Argentina,bokheim:history-lcc-full:77d6cba6-921d-5aba-b601-4a74c440a095
Latin America,unified:1934d328-cf65-57fa-95b1-1c7e93cf34c3,F2849P48,2,existing_child,Argentina,bokheim:history-lcc-full:77d6cba6-921d-5aba-b601-4a74c440a095
Latin America,unified:1934d328-cf65-57fa-95b1-1c7e93cf34c3,F2850,2,existing_child,Argentina,bokheim:history-lcc-full:77d6cba6-921d-5aba-b601-4a74c440a095
Latin America,unified:1934d328-cf65-57fa-95b1-1c7e93cf34c3,F2853,2,existing_child,Argentina,bokheim:history-lcc-full:77d6cba6-921d-5aba-b601-4a74c440a095
Latin America,unified:1934d328-cf65-57fa-95b1-1c7e93cf34c3,F2876.G67,2,existing_child,Argentina,bokheim:history-lcc-full:77d6cba6-921d-5aba-b601-4a74c440a095
Latin America,unified:1934d328-cf65-57fa-95b1-1c7e93cf34c3,F2886.F45,2,existing_child,Argentina,bokheim:history-lcc-full:77d6cba6-921d-5aba-b601-4a74c440a095
Latin America,unified:1934d328-cf65-57fa-95b1-1c7e93cf34c3,F2891.A57,2,existing_child,Argentina,bokheim:history-lcc-full:77d6cba6-921d-5aba-b601-4a74c440a095
Latin America,unified:1934d328-cf65-57fa-95b1-1c7e93cf34c3,F2891.C66,2,existing_child,Argentina,bokheim:history-lcc-full:77d6cba6-921d-5aba-b601-4a74c440a095
Latin America,unified:1934d328-cf65-57fa-95b1-1c7e93cf34c3,F2891.L66,2,existing_child,Argentina,bokheim:history-lcc-full:77d6cba6-921d-5aba-b601-4a74c440a095
Latin America,unified:1934d328-cf65-57fa-95b1-1c7e93cf34c3,F2891.R36,2,existing_child,Argentina,bokheim:history-lcc-full:77d6cba6-921d-5aba-b601-4a74c440a095
Latin America,unified:1934d328-cf65-57fa-95b1-1c7e93cf34c3,F2891.R366,2,existing_child,Argentina,bokheim:history-lcc-full:77d6cba6-921d-5aba-b601-4a74c440a095
Latin America,unified:1934d328-cf65-57fa-95b1-1c7e93cf34c3,F2909.S33,2,existing_child,Argentina,bokheim:history-lcc-full:77d6cba6-921d-5aba-b601-4a74c440a095
Latin America,unified:1934d328-cf65-57fa-95b1-1c7e93cf34c3,F2911.G33,2,existing_child,Argentina,bokheim:history-lcc-full:77d6cba6-921d-5aba-b601-4a74c440a095
Latin America,unified:1934d328-cf65-57fa-95b1-1c7e93cf34c3,F2936.C47,2,existing_child,Argentina,bokheim:history-lcc-full:77d6cba6-921d-5aba-b601-4a74c440a095
Latin America,unified:1934d328-cf65-57fa-95b1-1c7e93cf34c3,F2936.C473,2,existing_child,Argentina,bokheim:history-lcc-full:77d6cba6-921d-5aba-b601-4a74c440a095
Latin America,unified:1934d328-cf65-57fa-95b1-1c7e93cf34c3,F2956.C58,2,existing_child,Argentina,bokheim:history-lcc-full:77d6cba6-921d-5aba-b601-4a74c440a095
Latin America,unified:1934d328-cf65-57fa-95b1-1c7e93cf34c3,F2961.E8,2,existing_child,Argentina,bokheim:history-lcc-full:77d6cba6-921d-5aba-b601-4a74c440a095
Latin America,unified:1934d328-cf65-57fa-95b1-1c7e93cf34c3,F2971.C47,2,existing_child,Argentina,bokheim:history-lcc-full:77d6cba6-921d-5aba-b601-4a74c440a095
Latin America,unified:1934d328-cf65-57fa-95b1-1c7e93cf34c3,F2976.O76,2,existing_child,Argentina,bokheim:history-lcc-full:77d6cba6-921d-5aba-b601-4a74c440a095
Latin America,unified:1934d328-cf65-57fa-95b1-1c7e93cf34c3,F2991.S67,2,existing_child,Argentina,bokheim:history-lcc-full:77d6cba6-921d-5aba-b601-4a74c440a095
Latin America,unified:1934d328-cf65-57fa-95b1-1c7e93cf34c3,F3001.A4L86,2,existing_child,Argentina,bokheim:history-lcc-full:77d6cba6-921d-5aba-b601-4a74c440a095
Latin America,unified:1934d328-cf65-57fa-95b1-1c7e93cf34c3,F3011.B3,2,existing_child,Argentina,bokheim:history-lcc-full:77d6cba6-921d-5aba-b601-4a74c440a095
Latin America,unified:1934d328-cf65-57fa-95b1-1c7e93cf34c3,F3031.5.A87,2,existing_child,Argentina,bokheim:history-lcc-full:77d6cba6-921d-5aba-b601-4a74c440a095
Latin America,unified:1934d328-cf65-57fa-95b1-1c7e93cf34c3,F3031.5.F327,2,existing_child,Argentina,bokheim:history-lcc-full:77d6cba6-921d-5aba-b601-4a74c440a095
Latin America,unified:1934d328-cf65-57fa-95b1-1c7e93cf34c3,F3031.5.L39,2,existing_child,Argentina,bokheim:history-lcc-full:77d6cba6-921d-5aba-b601-4a74c440a095
Latin America,unified:1934d328-cf65-57fa-95b1-1c7e93cf34c3,F3031.5.L39L39,2,existing_child,Argentina,bokheim:history-lcc-full:77d6cba6-921d-5aba-b601-4a74c440a095
Latin America,unified:1934d328-cf65-57fa-95b1-1c7e93cf34c3,F3031.5.M4676,2,existing_child,Argentina,bokheim:history-lcc-full:77d6cba6-921d-5aba-b601-4a74c440a095
Latin America,unified:1934d328-cf65-57fa-95b1-1c7e93cf34c3,F3031.5.O35,2,existing_child,Argentina,bokheim:history-lcc-full:77d6cba6-921d-5aba-b601-4a74c440a095
Latin America,unified:1934d328-cf65-57fa-95b1-1c7e93cf34c3,F3031.5.V363,2,existing_child,Argentina,bokheim:history-lcc-full:77d6cba6-921d-5aba-b601-4a74c440a095
Latin America,unified:1934d328-cf65-57fa-95b1-1c7e93cf34c3,F3031.5.W37,2,existing_child,Argentina,bokheim:history-lcc-full:77d6cba6-921d-5aba-b601-4a74c440a095
Latin America,unified:1934d328-cf65-57fa-95b1-1c7e93cf34c3,F1874.5,1,existing_child,Jamaica,unified:c2541453-e123-532e-94a4-30c8c4238f76
Latin America,unified:1934d328-cf65-57fa-95b1-1c7e93cf34c3,F1874.A45,1,existing_child,Jamaica,unified:c2541453-e123-532e-94a4-30c8c4238f76
Latin America,unified:1934d328-cf65-57fa-95b1-1c7e93cf34c3,F1874.B8,1,existing_child,Jamaica,unified:c2541453-e123-532e-94a4-30c8c4238f76
Latin America,unified:1934d328-cf65-57fa-95b1-1c7e93cf34c3,F1874.C66,1,existing_child,Jamaica,unified:c2541453-e123-532e-94a4-30c8c4238f76
Latin America,unified:1934d328-cf65-57fa-95b1-1c7e93cf34c3,F1874.H35,1,existing_child,Jamaica,unified:c2541453-e123-532e-94a4-30c8c4238f76
Latin America,unified:1934d328-cf65-57fa-95b1-1c7e93cf34c3,F1874.H83,1,existing_child,Jamaica,unified:c2541453-e123-532e-94a4-30c8c4238f76
Latin America,unified:1934d328-cf65-57fa-95b1-1c7e93cf34c3,F1874.M66,1,existing_child,Jamaica,unified:c2541453-e123-532e-94a4-30c8c4238f76
Latin America,unified:1934d328-cf65-57fa-95b1-1c7e93cf34c3,F1874.N47,1,existing_child,Jamaica,unified:c2541453-e123-532e-94a4-30c8c4238f76
Latin America,unified:1934d328-cf65-57fa-95b1-1c7e93cf34c3,F1874.R43,1,existing_child,Jamaica,unified:c2541453-e123-532e-94a4-30c8c4238f76
Latin America,unified:1934d328-cf65-57fa-95b1-1c7e93cf34c3,F1874.S72,1,existing_child,Jamaica,unified:c2541453-e123-532e-94a4-30c8c4238f76
Latin America,unified:1934d328-cf65-57fa-95b1-1c7e93cf34c3,F1874.T466,1,existing_child,Jamaica,unified:c2541453-e123-532e-94a4-30c8c4238f76
Latin America,unified:1934d328-cf65-57fa-95b1-1c7e93cf34c3,F1875.A44,1,existing_child,Jamaica,unified:c2541453-e123-532e-94a4-30c8c4238f76
Latin America,unified:1934d328-cf65-57fa-95b1-1c7e93cf34c3,F1875.A7,1,existing_child,Jamaica,unified:c2541453-e123-532e-94a4-30c8c4238f76
Latin America,unified:1934d328-cf65-57fa-95b1-1c7e93cf34c3,F1875.D45,1,existing_child,Jamaica,unified:c2541453-e123-532e-94a4-30c8c4238f76
Latin America,unified:1934d328-cf65-57fa-95b1-1c7e93cf34c3,F1884.B87,1,existing_child,Jamaica,unified:c2541453-e123-532e-94a4-30c8c4238f76
Latin America,unified:1934d328-cf65-57fa-95b1-1c7e93cf34c3,F1884.D14,1,existing_child,Jamaica,unified:c2541453-e123-532e-94a4-30c8c4238f76
Latin America,unified:1934d328-cf65-57fa-95b1-1c7e93cf34c3,F1884.K48,1,existing_child,Jamaica,unified:c2541453-e123-532e-94a4-30c8c4238f76
Latin America,unified:1934d328-cf65-57fa-95b1-1c7e93cf34c3,F1884.N36G6,1,existing_child,Jamaica,unified:c2541453-e123-532e-94a4-30c8c4238f76
Latin America,unified:1934d328-cf65-57fa-95b1-1c7e93cf34c3,F1884.R6,1,existing_child,Jamaica,unified:c2541453-e123-532e-94a4-30c8c4238f76
Latin America,unified:1934d328-cf65-57fa-95b1-1c7e93cf34c3,F1884.T39,1,existing_child,Jamaica,unified:c2541453-e123-532e-94a4-30c8c4238f76
Latin America,unified:1934d328-cf65-57fa-95b1-1c7e93cf34c3,F1886.B35,1,existing_child,Jamaica,unified:c2541453-e123-532e-94a4-30c8c4238f76
Latin America,unified:1934d328-cf65-57fa-95b1-1c7e93cf34c3,F1886.B96,1,existing_child,Jamaica,unified:c2541453-e123-532e-94a4-30c8c4238f76
Latin America,unified:1934d328-cf65-57fa-95b1-1c7e93cf34c3,F1886.C36,1,existing_child,Jamaica,unified:c2541453-e123-532e-94a4-30c8c4238f76
Latin America,unified:1934d328-cf65-57fa-95b1-1c7e93cf34c3,F1886.H48,1,existing_child,Jamaica,unified:c2541453-e123-532e-94a4-30c8c4238f76
Latin America,unified:1934d328-cf65-57fa-95b1-1c7e93cf34c3,F1886.H88,1,existing_child,Jamaica,unified:c2541453-e123-532e-94a4-30c8c4238f76
Latin America,unified:1934d328-cf65-57fa-95b1-1c7e93cf34c3,F1886.J23,1,existing_child,Jamaica,unified:c2541453-e123-532e-94a4-30c8c4238f76
Latin America,unified:1934d328-cf65-57fa-95b1-1c7e93cf34c3,F1886.M36,1,existing_child,Jamaica,unified:c2541453-e123-532e-94a4-30c8c4238f76
Latin America,unified:1934d328-cf65-57fa-95b1-1c7e93cf34c3,F1886.M65,1,existing_child,Jamaica,unified:c2541453-e123-532e-94a4-30c8c4238f76
Latin America,unified:1934d328-cf65-57fa-95b1-1c7e93cf34c3,F1887.B73,1,existing_child,Jamaica,unified:c2541453-e123-532e-94a4-30c8c4238f76
Latin America,unified:1934d328-cf65-57fa-95b1-1c7e93cf34c3,F1887.B8716B8,1,existing_child,Jamaica,unified:c2541453-e123-532e-94a4-30c8c4238f76
Latin America,unified:1934d328-cf65-57fa-95b1-1c7e93cf34c3,F1887.B872,1,existing_child,Jamaica,unified:c2541453-e123-532e-94a4-30c8c4238f76
Latin America,unified:1934d328-cf65-57fa-95b1-1c7e93cf34c3,F1887.H467,1,existing_child,Jamaica,unified:c2541453-e123-532e-94a4-30c8c4238f76
Latin America,unified:1934d328-cf65-57fa-95b1-1c7e93cf34c3,F1887.J36,1,existing_child,Jamaica,unified:c2541453-e123-532e-94a4-30c8c4238f76
Latin America,unified:1934d328-cf65-57fa-95b1-1c7e93cf34c3,F1887.M2,1,existing_child,Jamaica,unified:c2541453-e123-532e-94a4-30c8c4238f76
Latin America,unified:1934d328-cf65-57fa-95b1-1c7e93cf34c3,F1887.M29A4,1,existing_child,Jamaica,unified:c2541453-e123-532e-94a4-30c8c4238f76
Latin America,unified:1934d328-cf65-57fa-95b1-1c7e93cf34c3,F1887.M29P47,1,existing_child,Jamaica,unified:c2541453-e123-532e-94a4-30c8c4238f76
Latin America,unified:1934d328-cf65-57fa-95b1-1c7e93cf34c3,F1887.M315,1,existing_child,Jamaica,unified:c2541453-e123-532e-94a4-30c8c4238f76
Latin America,unified:1934d328-cf65-57fa-95b1-1c7e93cf34c3,F1887.M33,1,existing_child,Jamaica,unified:c2541453-e123-532e-94a4-30c8c4238f76
Latin America,unified:1934d328-cf65-57fa-95b1-1c7e93cf34c3,F1887.M36,1,existing_child,Jamaica,unified:c2541453-e123-532e-94a4-30c8c4238f76
Latin America,unified:1934d328-cf65-57fa-95b1-1c7e93cf34c3,F1887.P38A3,1,existing_child,Jamaica,unified:c2541453-e123-532e-94a4-30c8c4238f76
Latin America,unified:1934d328-cf65-57fa-95b1-1c7e93cf34c3,F1887.S54,1,existing_child,Jamaica,unified:c2541453-e123-532e-94a4-30c8c4238f76
Latin America,unified:1934d328-cf65-57fa-95b1-1c7e93cf34c3,F1887.T34,1,existing_child,Jamaica,unified:c2541453-e123-532e-94a4-30c8c4238f76
Latin America,unified:1934d328-cf65-57fa-95b1-1c7e93cf34c3,F1887.T466,1,existing_child,Jamaica,unified:c2541453-e123-532e-94a4-30c8c4238f76
Latin America,unified:1934d328-cf65-57fa-95b1-1c7e93cf34c3,F1887.T84A3,1,existing_child,Jamaica,unified:c2541453-e123-532e-94a4-30c8c4238f76
Latin America,unified:1934d328-cf65-57fa-95b1-1c7e93cf34c3,F1895.P6D66,1,existing_child,Jamaica,unified:c2541453-e123-532e-94a4-30c8c4238f76
Latin America,unified:1934d328-cf65-57fa-95b1-1c7e93cf34c3,F1895.P6S65,1,existing_child,Jamaica,unified:c2541453-e123-532e-94a4-30c8c4238f76
Latin America,unified:1934d328-cf65-57fa-95b1-1c7e93cf34c3,F1896.C5,1,existing_child,Jamaica,unified:c2541453-e123-532e-94a4-30c8c4238f76
Latin America,unified:1934d328-cf65-57fa-95b1-1c7e93cf34c3,F1896.E87,1,existing_child,Jamaica,unified:c2541453-e123-532e-94a4-30c8c4238f76
Latin America,unified:1934d328-cf65-57fa-95b1-1c7e93cf34c3,F1896.J48A73,1,existing_child,Jamaica,unified:c2541453-e123-532e-94a4-30c8c4238f76
Latin America,unified:1934d328-cf65-57fa-95b1-1c7e93cf34c3,F1896.N4B4,1,existing_child,Jamaica,unified:c2541453-e123-532e-94a4-30c8c4238f76
Latin America,unified:1934d328-cf65-57fa-95b1-1c7e93cf34c3,F1896.N4Z5713,1,existing_child,Jamaica,unified:c2541453-e123-532e-94a4-30c8c4238f76
Latin America,unified:1934d328-cf65-57fa-95b1-1c7e93cf34c3,F1896.S34,1,existing_child,Jamaica,unified:c2541453-e123-532e-94a4-30c8c4238f76
Latin America,unified:1934d328-cf65-57fa-95b1-1c7e93cf34c3,F2810.A63,1,existing_child,Argentina,bokheim:history-lcc-full:77d6cba6-921d-5aba-b601-4a74c440a095
Latin America,unified:1934d328-cf65-57fa-95b1-1c7e93cf34c3,F2810.A646,1,existing_child,Argentina,bokheim:history-lcc-full:77d6cba6-921d-5aba-b601-4a74c440a095
Latin America,unified:1934d328-cf65-57fa-95b1-1c7e93cf34c3,F2810.C54,1,existing_child,Argentina,bokheim:history-lcc-full:77d6cba6-921d-5aba-b601-4a74c440a095
Latin America,unified:1934d328-cf65-57fa-95b1-1c7e93cf34c3,F2810.C55,1,existing_child,Argentina,bokheim:history-lcc-full:77d6cba6-921d-5aba-b601-4a74c440a095
Latin America,unified:1934d328-cf65-57fa-95b1-1c7e93cf34c3,F2810.M344,1,existing_child,Argentina,bokheim:history-lcc-full:77d6cba6-921d-5aba-b601-4a74c440a095
Latin America,unified:1934d328-cf65-57fa-95b1-1c7e93cf34c3,F2810.P76,1,existing_child,Argentina,bokheim:history-lcc-full:77d6cba6-921d-5aba-b601-4a74c440a095
Latin America,unified:1934d328-cf65-57fa-95b1-1c7e93cf34c3,F2822.A748,1,existing_child,Argentina,bokheim:history-lcc-full:77d6cba6-921d-5aba-b601-4a74c440a095
Latin America,unified:1934d328-cf65-57fa-95b1-1c7e93cf34c3,F2841.A995,1,existing_child,Argentina,bokheim:history-lcc-full:77d6cba6-921d-5aba-b601-4a74c440a095
Latin America,unified:1934d328-cf65-57fa-95b1-1c7e93cf34c3,F2841.E73,1,existing_child,Argentina,bokheim:history-lcc-full:77d6cba6-921d-5aba-b601-4a74c440a095
Latin America,unified:1934d328-cf65-57fa-95b1-1c7e93cf34c3,F2841.M37,1,existing_child,Argentina,bokheim:history-lcc-full:77d6cba6-921d-5aba-b601-4a74c440a095
Latin America,unified:1934d328-cf65-57fa-95b1-1c7e93cf34c3,F2841.P38,1,existing_child,Argentina,bokheim:history-lcc-full:77d6cba6-921d-5aba-b601-4a74c440a095
Latin America,unified:1934d328-cf65-57fa-95b1-1c7e93cf34c3,F2841.R3,1,existing_child,Argentina,bokheim:history-lcc-full:77d6cba6-921d-5aba-b601-4a74c440a095
Latin America,unified:1934d328-cf65-57fa-95b1-1c7e93cf34c3,F2841.S189,1,existing_child,Argentina,bokheim:history-lcc-full:77d6cba6-921d-5aba-b601-4a74c440a095
Latin America,unified:1934d328-cf65-57fa-95b1-1c7e93cf34c3,F2841.S672,1,existing_child,Argentina,bokheim:history-lcc-full:77d6cba6-921d-5aba-b601-4a74c440a095
Latin America,unified:1934d328-cf65-57fa-95b1-1c7e93cf34c3,F2841.V55,1,existing_child,Argentina,bokheim:history-lcc-full:77d6cba6-921d-5aba-b601-4a74c440a095
Latin America,unified:1934d328-cf65-57fa-95b1-1c7e93cf34c3,F2841.V72,1,existing_child,Argentina,bokheim:history-lcc-full:77d6cba6-921d-5aba-b601-4a74c440a095
Latin America,unified:1934d328-cf65-57fa-95b1-1c7e93cf34c3,F2843.C27,1,existing_child,Argentina,bokheim:history-lcc-full:77d6cba6-921d-5aba-b601-4a74c440a095
Latin America,unified:1934d328-cf65-57fa-95b1-1c7e93cf34c3,F2843.R425,1,existing_child,Argentina,bokheim:history-lcc-full:77d6cba6-921d-5aba-b601-4a74c440a095
Latin America,unified:1934d328-cf65-57fa-95b1-1c7e93cf34c3,F2843.S47,1,existing_child,Argentina,bokheim:history-lcc-full:77d6cba6-921d-5aba-b601-4a74c440a095
Latin America,unified:1934d328-cf65-57fa-95b1-1c7e93cf34c3,F2845.A29,1,existing_child,Argentina,bokheim:history-lcc-full:77d6cba6-921d-5aba-b601-4a74c440a095
Latin America,unified:1934d328-cf65-57fa-95b1-1c7e93cf34c3,F2845.A361,1,existing_child,Argentina,bokheim:history-lcc-full:77d6cba6-921d-5aba-b601-4a74c440a095
Latin America,unified:1934d328-cf65-57fa-95b1-1c7e93cf34c3,F2845.A364,1,existing_child,Argentina,bokheim:history-lcc-full:77d6cba6-921d-5aba-b601-4a74c440a095
Latin America,unified:1934d328-cf65-57fa-95b1-1c7e93cf34c3,F2845.A389,1,existing_child,Argentina,bokheim:history-lcc-full:77d6cba6-921d-5aba-b601-4a74c440a095
Latin America,unified:1934d328-cf65-57fa-95b1-1c7e93cf34c3,F2845.A74,1,existing_child,Argentina,bokheim:history-lcc-full:77d6cba6-921d-5aba-b601-4a74c440a095
Latin America,unified:1934d328-cf65-57fa-95b1-1c7e93cf34c3,F2845.A74A48,1,existing_child,Argentina,bokheim:history-lcc-full:77d6cba6-921d-5aba-b601-4a74c440a095
Latin America,unified:1934d328-cf65-57fa-95b1-1c7e93cf34c3,F2845.B27,1,existing_child,Argentina,bokheim:history-lcc-full:77d6cba6-921d-5aba-b601-4a74c440a095
Latin America,unified:1934d328-cf65-57fa-95b1-1c7e93cf34c3,F2845.B45,1,existing_child,Argentina,bokheim:history-lcc-full:77d6cba6-921d-5aba-b601-4a74c440a095
Latin America,unified:1934d328-cf65-57fa-95b1-1c7e93cf34c3,F2845.B734,1,existing_child,Argentina,bokheim:history-lcc-full:77d6cba6-921d-5aba-b601-4a74c440a095
Latin America,unified:1934d328-cf65-57fa-95b1-1c7e93cf34c3,F2845.B828I74,1,existing_child,Argentina,bokheim:history-lcc-full:77d6cba6-921d-5aba-b601-4a74c440a095
Latin America,unified:1934d328-cf65-57fa-95b1-1c7e93cf34c3,F2845.B87,1,existing_child,Argentina,bokheim:history-lcc-full:77d6cba6-921d-5aba-b601-4a74c440a095
Latin America,unified:1934d328-cf65-57fa-95b1-1c7e93cf34c3,F2845.C362,1,existing_child,Argentina,bokheim:history-lcc-full:77d6cba6-921d-5aba-b601-4a74c440a095
Latin America,unified:1934d328-cf65-57fa-95b1-1c7e93cf34c3,F2845.C38,1,existing_child,Argentina,bokheim:history-lcc-full:77d6cba6-921d-5aba-b601-4a74c440a095
Latin America,unified:1934d328-cf65-57fa-95b1-1c7e93cf34c3,F2845.C67E37,1,existing_child,Argentina,bokheim:history-lcc-full:77d6cba6-921d-5aba-b601-4a74c440a095
Latin America,unified:1934d328-cf65-57fa-95b1-1c7e93cf34c3,F2845.E24,1,existing_child,Argentina,bokheim:history-lcc-full:77d6cba6-921d-5aba-b601-4a74c440a095
Latin America,unified:1934d328-cf65-57fa-95b1-1c7e93cf34c3,F2845.E8,1,existing_child,Argentina,bokheim:history-lcc-full:77d6cba6-921d-5aba-b601-4a74c440a095
Latin America,unified:1934d328-cf65-57fa-95b1-1c7e93cf34c3,F2845.G62,1,existing_child,Argentina,bokheim:history-lcc-full:77d6cba6-921d-5aba-b601-4a74c440a095
Latin America,unified:1934d328-cf65-57fa-95b1-1c7e93cf34c3,F2845.G68,1,existing_child,Argentina,bokheim:history-lcc-full:77d6cba6-921d-5aba-b601-4a74c440a095
Latin America,unified:1934d328-cf65-57fa-95b1-1c7e93cf34c3,F2845.G919,1,existing_child,Argentina,bokheim:history-lcc-full:77d6cba6-921d-5aba-b601-4a74c440a095
Latin America,unified:1934d328-cf65-57fa-95b1-1c7e93cf34c3,F2845.G93L44,1,existing_child,Argentina,bokheim:history-lcc-full:77d6cba6-921d-5aba-b601-4a74c440a095
Latin America,unified:1934d328-cf65-57fa-95b1-1c7e93cf34c3,F2845.L74,1,existing_child,Argentina,bokheim:history-lcc-full:77d6cba6-921d-5aba-b601-4a74c440a095
Latin America,unified:1934d328-cf65-57fa-95b1-1c7e93cf34c3,F2845.L898,1,existing_child,Argentina,bokheim:history-lcc-full:77d6cba6-921d-5aba-b601-4a74c440a095
Latin America,unified:1934d328-cf65-57fa-95b1-1c7e93cf34c3,F2845.M34,1,existing_child,Argentina,bokheim:history-lcc-full:77d6cba6-921d-5aba-b601-4a74c440a095
Latin America,unified:1934d328-cf65-57fa-95b1-1c7e93cf34c3,F2845.M39,1,existing_child,Argentina,bokheim:history-lcc-full:77d6cba6-921d-5aba-b601-4a74c440a095
Latin America,unified:1934d328-cf65-57fa-95b1-1c7e93cf34c3,F2845.M7663,1,existing_child,Argentina,bokheim:history-lcc-full:77d6cba6-921d-5aba-b601-4a74c440a095
Latin America,unified:1934d328-cf65-57fa-95b1-1c7e93cf34c3,F2845.M7664,1,existing_child,Argentina,bokheim:history-lcc-full:77d6cba6-921d-5aba-b601-4a74c440a095
Latin America,unified:1934d328-cf65-57fa-95b1-1c7e93cf34c3,F2845.M84353,1,existing_child,Argentina,bokheim:history-lcc-full:77d6cba6-921d-5aba-b601-4a74c440a095
Latin America,unified:1934d328-cf65-57fa-95b1-1c7e93cf34c3,F2845.O43,1,existing_child,Argentina,bokheim:history-lcc-full:77d6cba6-921d-5aba-b601-4a74c440a095
Latin America,unified:1934d328-cf65-57fa-95b1-1c7e93cf34c3,F2845.R29,1,existing_child,Argentina,bokheim:history-lcc-full:77d6cba6-921d-5aba-b601-4a74c440a095
Latin America,unified:1934d328-cf65-57fa-95b1-1c7e93cf34c3,F2845.R56,1,existing_child,Argentina,bokheim:history-lcc-full:77d6cba6-921d-5aba-b601-4a74c440a095
Latin America,unified:1934d328-cf65-57fa-95b1-1c7e93cf34c3,F2845.T43,1,existing_child,Argentina,bokheim:history-lcc-full:77d6cba6-921d-5aba-b601-4a74c440a095
Latin America,unified:1934d328-cf65-57fa-95b1-1c7e93cf34c3,F2845.V35,1,existing_child,Argentina,bokheim:history-lcc-full:77d6cba6-921d-5aba-b601-4a74c440a095
Latin America,unified:1934d328-cf65-57fa-95b1-1c7e93cf34c3,F2845.V53,1,existing_child,Argentina,bokheim:history-lcc-full:77d6cba6-921d-5aba-b601-4a74c440a095
Latin America,unified:1934d328-cf65-57fa-95b1-1c7e93cf34c3,F2845.W37,1,existing_child,Argentina,bokheim:history-lcc-full:77d6cba6-921d-5aba-b601-4a74c440a095
Latin America,unified:1934d328-cf65-57fa-95b1-1c7e93cf34c3,F2845.Y38,1,existing_child,Argentina,bokheim:history-lcc-full:77d6cba6-921d-5aba-b601-4a74c440a095
Latin America,unified:1934d328-cf65-57fa-95b1-1c7e93cf34c3,F2846.3.A42,1,existing_child,Argentina,bokheim:history-lcc-full:77d6cba6-921d-5aba-b601-4a74c440a095
Latin America,unified:1934d328-cf65-57fa-95b1-1c7e93cf34c3,F2846.3.E895,1,existing_child,Argentina,bokheim:history-lcc-full:77d6cba6-921d-5aba-b601-4a74c440a095
Latin America,unified:1934d328-cf65-57fa-95b1-1c7e93cf34c3,F2846.3.E93,1,existing_child,Argentina,bokheim:history-lcc-full:77d6cba6-921d-5aba-b601-4a74c440a095
Latin America,unified:1934d328-cf65-57fa-95b1-1c7e93cf34c3,F2846.3.G35,1,existing_child,Argentina,bokheim:history-lcc-full:77d6cba6-921d-5aba-b601-4a74c440a095
Latin America,unified:1934d328-cf65-57fa-95b1-1c7e93cf34c3,F2846.3.K38,1,existing_child,Argentina,bokheim:history-lcc-full:77d6cba6-921d-5aba-b601-4a74c440a095
Latin America,unified:1934d328-cf65-57fa-95b1-1c7e93cf34c3,F2846.3.R47,1,existing_child,Argentina,bokheim:history-lcc-full:77d6cba6-921d-5aba-b601-4a74c440a095
Latin America,unified:1934d328-cf65-57fa-95b1-1c7e93cf34c3,F2846.3.R698,1,existing_child,Argentina,bokheim:history-lcc-full:77d6cba6-921d-5aba-b601-4a74c440a095
Latin America,unified:1934d328-cf65-57fa-95b1-1c7e93cf34c3,F2846.3.R7.L93,1,existing_child,Argentina,bokheim:history-lcc-full:77d6cba6-921d-5aba-b601-4a74c440a095
Latin America,unified:1934d328-cf65-57fa-95b1-1c7e93cf34c3,F2846.3.R7A4,1,existing_child,Argentina,bokheim:history-lcc-full:77d6cba6-921d-5aba-b601-4a74c440a095
Latin America,unified:1934d328-cf65-57fa-95b1-1c7e93cf34c3,F2846.A33,1,existing_child,Argentina,bokheim:history-lcc-full:77d6cba6-921d-5aba-b601-4a74c440a095
Latin America,unified:1934d328-cf65-57fa-95b1-1c7e93cf34c3,F2846.A3303,1,existing_child,Argentina,bokheim:history-lcc-full:77d6cba6-921d-5aba-b601-4a74c440a095
Latin America,unified:1934d328-cf65-57fa-95b1-1c7e93cf34c3,F2846.A43S27,1,existing_child,Argentina,bokheim:history-lcc-full:77d6cba6-921d-5aba-b601-4a74c440a095
Latin America,unified:1934d328-cf65-57fa-95b1-1c7e93cf34c3,F2846.A4815,1,existing_child,Argentina,bokheim:history-lcc-full:77d6cba6-921d-5aba-b601-4a74c440a095
Latin America,unified:1934d328-cf65-57fa-95b1-1c7e93cf34c3,F2846.A53,1,existing_child,Argentina,bokheim:history-lcc-full:77d6cba6-921d-5aba-b601-4a74c440a095
Latin America,unified:1934d328-cf65-57fa-95b1-1c7e93cf34c3,F2846.A76,1,existing_child,Argentina,bokheim:history-lcc-full:77d6cba6-921d-5aba-b601-4a74c440a095
Latin America,unified:1934d328-cf65-57fa-95b1-1c7e93cf34c3,F2846.B68,1,existing_child,Argentina,bokheim:history-lcc-full:77d6cba6-921d-5aba-b601-4a74c440a095
Latin America,unified:1934d328-cf65-57fa-95b1-1c7e93cf34c3,F2846.B715,1,existing_child,Argentina,bokheim:history-lcc-full:77d6cba6-921d-5aba-b601-4a74c440a095
Latin America,unified:1934d328-cf65-57fa-95b1-1c7e93cf34c3,F2846.C314,1,existing_child,Argentina,bokheim:history-lcc-full:77d6cba6-921d-5aba-b601-4a74c440a095
Latin America,unified:1934d328-cf65-57fa-95b1-1c7e93cf34c3,F2846.D47,1,existing_child,Argentina,bokheim:history-lcc-full:77d6cba6-921d-5aba-b601-4a74c440a095
Latin America,unified:1934d328-cf65-57fa-95b1-1c7e93cf34c3,F2846.D49,1,existing_child,Argentina,bokheim:history-lcc-full:77d6cba6-921d-5aba-b601-4a74c440a095
Latin America,unified:1934d328-cf65-57fa-95b1-1c7e93cf34c3,F2846.D677,1,existing_child,Argentina,bokheim:history-lcc-full:77d6cba6-921d-5aba-b601-4a74c440a095
Latin America,unified:1934d328-cf65-57fa-95b1-1c7e93cf34c3,F2846.D678,1,existing_child,Argentina,bokheim:history-lcc-full:77d6cba6-921d-5aba-b601-4a74c440a095
Latin America,unified:1934d328-cf65-57fa-95b1-1c7e93cf34c3,F2846.E24,1,existing_child,Argentina,bokheim:history-lcc-full:77d6cba6-921d-5aba-b601-4a74c440a095
Latin America,unified:1934d328-cf65-57fa-95b1-1c7e93cf34c3,F2846.E795,1,existing_child,Argentina,bokheim:history-lcc-full:77d6cba6-921d-5aba-b601-4a74c440a095
Latin America,unified:1934d328-cf65-57fa-95b1-1c7e93cf34c3,F2846.F77,1,existing_child,Argentina,bokheim:history-lcc-full:77d6cba6-921d-5aba-b601-4a74c440a095
Latin America,unified:1934d328-cf65-57fa-95b1-1c7e93cf34c3,F2846.G185,1,existing_child,Argentina,bokheim:history-lcc-full:77d6cba6-921d-5aba-b601-4a74c440a095
Latin America,unified:1934d328-cf65-57fa-95b1-1c7e93cf34c3,F2846.G545,1,existing_child,Argentina,bokheim:history-lcc-full:77d6cba6-921d-5aba-b601-4a74c440a095
Latin America,unified:1934d328-cf65-57fa-95b1-1c7e93cf34c3,F2846.G55,1,existing_child,Argentina,bokheim:history-lcc-full:77d6cba6-921d-5aba-b601-4a74c440a095
Latin America,unified:1934d328-cf65-57fa-95b1-1c7e93cf34c3,F2846.G98,1,existing_child,Argentina,bokheim:history-lcc-full:77d6cba6-921d-5aba-b601-4a74c440a095
Latin America,unified:1934d328-cf65-57fa-95b1-1c7e93cf34c3,F2846.L3,1,existing_child,Argentina,bokheim:history-lcc-full:77d6cba6-921d-5aba-b601-4a74c440a095
Latin America,unified:1934d328-cf65-57fa-95b1-1c7e93cf34c3,F2846.L38,1,existing_child,Argentina,bokheim:history-lcc-full:77d6cba6-921d-5aba-b601-4a74c440a095
Latin America,unified:1934d328-cf65-57fa-95b1-1c7e93cf34c3,F2846.L83,1,existing_child,Argentina,bokheim:history-lcc-full:77d6cba6-921d-5aba-b601-4a74c440a095
Latin America,unified:1934d328-cf65-57fa-95b1-1c7e93cf34c3,F2846.L87,1,existing_child,Argentina,bokheim:history-lcc-full:77d6cba6-921d-5aba-b601-4a74c440a095
Latin America,unified:1934d328-cf65-57fa-95b1-1c7e93cf34c3,F2846.L87L47,1,existing_child,Argentina,bokheim:history-lcc-full:77d6cba6-921d-5aba-b601-4a74c440a095
Latin America,unified:1934d328-cf65-57fa-95b1-1c7e93cf34c3,F2846.M289,1,existing_child,Argentina,bokheim:history-lcc-full:77d6cba6-921d-5aba-b601-4a74c440a095
Latin America,unified:1934d328-cf65-57fa-95b1-1c7e93cf34c3,F2846.O38,1,existing_child,Argentina,bokheim:history-lcc-full:77d6cba6-921d-5aba-b601-4a74c440a095
Latin America,unified:1934d328-cf65-57fa-95b1-1c7e93cf34c3,F2846.P215,1,existing_child,Argentina,bokheim:history-lcc-full:77d6cba6-921d-5aba-b601-4a74c440a095
Latin America,unified:1934d328-cf65-57fa-95b1-1c7e93cf34c3,F2846.P36,1,existing_child,Argentina,bokheim:history-lcc-full:77d6cba6-921d-5aba-b601-4a74c440a095
Latin America,unified:1934d328-cf65-57fa-95b1-1c7e93cf34c3,F2846.P39,1,existing_child,Argentina,bokheim:history-lcc-full:77d6cba6-921d-5aba-b601-4a74c440a095
Latin America,unified:1934d328-cf65-57fa-95b1-1c7e93cf34c3,F2846.P44S27,1,existing_child,Argentina,bokheim:history-lcc-full:77d6cba6-921d-5aba-b601-4a74c440a095
Latin America,unified:1934d328-cf65-57fa-95b1-1c7e93cf34c3,F2846.P46,1,existing_child,Argentina,bokheim:history-lcc-full:77d6cba6-921d-5aba-b601-4a74c440a095
Latin America,unified:1934d328-cf65-57fa-95b1-1c7e93cf34c3,F2846.P9,1,existing_child,Argentina,bokheim:history-lcc-full:77d6cba6-921d-5aba-b601-4a74c440a095
Latin America,unified:1934d328-cf65-57fa-95b1-1c7e93cf34c3,F2846.Q57,1,existing_child,Argentina,bokheim:history-lcc-full:77d6cba6-921d-5aba-b601-4a74c440a095
Latin America,unified:1934d328-cf65-57fa-95b1-1c7e93cf34c3,F2846.R28,1,existing_child,Argentina,bokheim:history-lcc-full:77d6cba6-921d-5aba-b601-4a74c440a095
Latin America,unified:1934d328-cf65-57fa-95b1-1c7e93cf34c3,F2846.S1185,1,existing_child,Argentina,bokheim:history-lcc-full:77d6cba6-921d-5aba-b601-4a74c440a095
Latin America,unified:1934d328-cf65-57fa-95b1-1c7e93cf34c3,F2846.S24,1,existing_child,Argentina,bokheim:history-lcc-full:77d6cba6-921d-5aba-b601-4a74c440a095
Latin America,unified:1934d328-cf65-57fa-95b1-1c7e93cf34c3,F2846.S26.B84,1,existing_child,Argentina,bokheim:history-lcc-full:77d6cba6-921d-5aba-b601-4a74c440a095
Latin America,unified:1934d328-cf65-57fa-95b1-1c7e93cf34c3,F2846.S26S27,1,existing_child,Argentina,bokheim:history-lcc-full:77d6cba6-921d-5aba-b601-4a74c440a095
Latin America,unified:1934d328-cf65-57fa-95b1-1c7e93cf34c3,F2846.S27A3,1,existing_child,Argentina,bokheim:history-lcc-full:77d6cba6-921d-5aba-b601-4a74c440a095
Latin America,unified:1934d328-cf65-57fa-95b1-1c7e93cf34c3,F2846.S28,1,existing_child,Argentina,bokheim:history-lcc-full:77d6cba6-921d-5aba-b601-4a74c440a095
Latin America,unified:1934d328-cf65-57fa-95b1-1c7e93cf34c3,F2846.S3,1,existing_child,Argentina,bokheim:history-lcc-full:77d6cba6-921d-5aba-b601-4a74c440a095
Latin America,unified:1934d328-cf65-57fa-95b1-1c7e93cf34c3,F2846.S375,1,existing_child,Argentina,bokheim:history-lcc-full:77d6cba6-921d-5aba-b601-4a74c440a095
Latin America,unified:1934d328-cf65-57fa-95b1-1c7e93cf34c3,F2846.S46,1,existing_child,Argentina,bokheim:history-lcc-full:77d6cba6-921d-5aba-b601-4a74c440a095
Latin America,unified:1934d328-cf65-57fa-95b1-1c7e93cf34c3,F2846.U79,1,existing_child,Argentina,bokheim:history-lcc-full:77d6cba6-921d-5aba-b601-4a74c440a095
Latin America,unified:1934d328-cf65-57fa-95b1-1c7e93cf34c3,F2846.W368,1,existing_child,Argentina,bokheim:history-lcc-full:77d6cba6-921d-5aba-b601-4a74c440a095
Latin America,unified:1934d328-cf65-57fa-95b1-1c7e93cf34c3,F2846D683,1,existing_child,Argentina,bokheim:history-lcc-full:77d6cba6-921d-5aba-b601-4a74c440a095
Latin America,unified:1934d328-cf65-57fa-95b1-1c7e93cf34c3,F2847.A694,1,existing_child,Argentina,bokheim:history-lcc-full:77d6cba6-921d-5aba-b601-4a74c440a095
Latin America,unified:1934d328-cf65-57fa-95b1-1c7e93cf34c3,F2847.A73,1,existing_child,Argentina,bokheim:history-lcc-full:77d6cba6-921d-5aba-b601-4a74c440a095
Latin America,unified:1934d328-cf65-57fa-95b1-1c7e93cf34c3,F2847.A935,1,existing_child,Argentina,bokheim:history-lcc-full:77d6cba6-921d-5aba-b601-4a74c440a095
Latin America,unified:1934d328-cf65-57fa-95b1-1c7e93cf34c3,F2847.C333,1,existing_child,Argentina,bokheim:history-lcc-full:77d6cba6-921d-5aba-b601-4a74c440a095
Latin America,unified:1934d328-cf65-57fa-95b1-1c7e93cf34c3,F2847.C344,1,existing_child,Argentina,bokheim:history-lcc-full:77d6cba6-921d-5aba-b601-4a74c440a095
Latin America,unified:1934d328-cf65-57fa-95b1-1c7e93cf34c3,F2847.C346,1,existing_child,Argentina,bokheim:history-lcc-full:77d6cba6-921d-5aba-b601-4a74c440a095
Latin America,unified:1934d328-cf65-57fa-95b1-1c7e93cf34c3,F2847.C67,1,existing_child,Argentina,bokheim:history-lcc-full:77d6cba6-921d-5aba-b601-4a74c440a095
Latin America,unified:1934d328-cf65-57fa-95b1-1c7e93cf34c3,F2847.C7,1,existing_child,Argentina,bokheim:history-lcc-full:77d6cba6-921d-5aba-b601-4a74c440a095
Latin America,unified:1934d328-cf65-57fa-95b1-1c7e93cf34c3,F2847.D48,1,existing_child,Argentina,bokheim:history-lcc-full:77d6cba6-921d-5aba-b601-4a74c440a095
Latin America,unified:1934d328-cf65-57fa-95b1-1c7e93cf34c3,F2847.D483,1,existing_child,Argentina,bokheim:history-lcc-full:77d6cba6-921d-5aba-b601-4a74c440a095
Latin America,unified:1934d328-cf65-57fa-95b1-1c7e93cf34c3,F2847.D87,1,existing_child,Argentina,bokheim:history-lcc-full:77d6cba6-921d-5aba-b601-4a74c440a095
Latin America,unified:1934d328-cf65-57fa-95b1-1c7e93cf34c3,F2847.F54,1,existing_child,Argentina,bokheim:history-lcc-full:77d6cba6-921d-5aba-b601-4a74c440a095
Latin America,unified:1934d328-cf65-57fa-95b1-1c7e93cf34c3,F2847.G359,1,existing_child,Argentina,bokheim:history-lcc-full:77d6cba6-921d-5aba-b601-4a74c440a095
Latin America,unified:1934d328-cf65-57fa-95b1-1c7e93cf34c3,F2847.H382,1,existing_child,Argentina,bokheim:history-lcc-full:77d6cba6-921d-5aba-b601-4a74c440a095
Latin America,unified:1934d328-cf65-57fa-95b1-1c7e93cf34c3,F2847.I75,1,existing_child,Argentina,bokheim:history-lcc-full:77d6cba6-921d-5aba-b601-4a74c440a095
Latin America,unified:1934d328-cf65-57fa-95b1-1c7e93cf34c3,F2847.J84,1,existing_child,Argentina,bokheim:history-lcc-full:77d6cba6-921d-5aba-b601-4a74c440a095
Latin America,unified:1934d328-cf65-57fa-95b1-1c7e93cf34c3,F2847.L38,1,existing_child,Argentina,bokheim:history-lcc-full:77d6cba6-921d-5aba-b601-4a74c440a095
Latin America,unified:1934d328-cf65-57fa-95b1-1c7e93cf34c3,F2847.L67,1,existing_child,Argentina,bokheim:history-lcc-full:77d6cba6-921d-5aba-b601-4a74c440a095
Latin America,unified:1934d328-cf65-57fa-95b1-1c7e93cf34c3,F2847.M657,1,existing_child,Argentina,bokheim:history-lcc-full:77d6cba6-921d-5aba-b601-4a74c440a095
Latin America,unified:1934d328-cf65-57fa-95b1-1c7e93cf34c3,F2847.P33,1,existing_child,Argentina,bokheim:history-lcc-full:77d6cba6-921d-5aba-b601-4a74c440a095
Latin America,unified:1934d328-cf65-57fa-95b1-1c7e93cf34c3,F2847.P45,1,existing_child,Argentina,bokheim:history-lcc-full:77d6cba6-921d-5aba-b601-4a74c440a095
Latin America,unified:1934d328-cf65-57fa-95b1-1c7e93cf34c3,F2847.P49,1,existing_child,Argentina,bokheim:history-lcc-full:77d6cba6-921d-5aba-b601-4a74c440a095
Latin America,unified:1934d328-cf65-57fa-95b1-1c7e93cf34c3,F2847.P54,1,existing_child,Argentina,bokheim:history-lcc-full:77d6cba6-921d-5aba-b601-4a74c440a095
Latin America,unified:1934d328-cf65-57fa-95b1-1c7e93cf34c3,F2847.P65,1,existing_child,Argentina,bokheim:history-lcc-full:77d6cba6-921d-5aba-b601-4a74c440a095
Latin America,unified:1934d328-cf65-57fa-95b1-1c7e93cf34c3,F2847.Q47,1,existing_child,Argentina,bokheim:history-lcc-full:77d6cba6-921d-5aba-b601-4a74c440a095
Latin America,unified:1934d328-cf65-57fa-95b1-1c7e93cf34c3,F2847.R49,1,existing_child,Argentina,bokheim:history-lcc-full:77d6cba6-921d-5aba-b601-4a74c440a095
Latin America,unified:1934d328-cf65-57fa-95b1-1c7e93cf34c3,F2847.R53,1,existing_child,Argentina,bokheim:history-lcc-full:77d6cba6-921d-5aba-b601-4a74c440a095
Latin America,unified:1934d328-cf65-57fa-95b1-1c7e93cf34c3,F2847.R639,1,existing_child,Argentina,bokheim:history-lcc-full:77d6cba6-921d-5aba-b601-4a74c440a095
Latin America,unified:1934d328-cf65-57fa-95b1-1c7e93cf34c3,F2847.R675,1,existing_child,Argentina,bokheim:history-lcc-full:77d6cba6-921d-5aba-b601-4a74c440a095
Latin America,unified:1934d328-cf65-57fa-95b1-1c7e93cf34c3,F2847.R6R66,1,existing_child,Argentina,bokheim:history-lcc-full:77d6cba6-921d-5aba-b601-4a74c440a095
Latin America,unified:1934d328-cf65-57fa-95b1-1c7e93cf34c3,F2847.S27,1,existing_child,Argentina,bokheim:history-lcc-full:77d6cba6-921d-5aba-b601-4a74c440a095
Latin America,unified:1934d328-cf65-57fa-95b1-1c7e93cf34c3,F2847.S35,1,existing_child,Argentina,bokheim:history-lcc-full:77d6cba6-921d-5aba-b601-4a74c440a095
Latin America,unified:1934d328-cf65-57fa-95b1-1c7e93cf34c3,F2847.S74,1,existing_child,Argentina,bokheim:history-lcc-full:77d6cba6-921d-5aba-b601-4a74c440a095
Latin America,unified:1934d328-cf65-57fa-95b1-1c7e93cf34c3,F2847.T47,1,existing_child,Argentina,bokheim:history-lcc-full:77d6cba6-921d-5aba-b601-4a74c440a095
Latin America,unified:1934d328-cf65-57fa-95b1-1c7e93cf34c3,F2848.A34P73,1,existing_child,Argentina,bokheim:history-lcc-full:77d6cba6-921d-5aba-b601-4a74c440a095
Latin America,unified:1934d328-cf65-57fa-95b1-1c7e93cf34c3,F2848.A5465,1,existing_child,Argentina,bokheim:history-lcc-full:77d6cba6-921d-5aba-b601-4a74c440a095
Latin America,unified:1934d328-cf65-57fa-95b1-1c7e93cf34c3,F2848.A6,1,existing_child,Argentina,bokheim:history-lcc-full:77d6cba6-921d-5aba-b601-4a74c440a095
Latin America,unified:1934d328-cf65-57fa-95b1-1c7e93cf34c3,F2848.A7325,1,existing_child,Argentina,bokheim:history-lcc-full:77d6cba6-921d-5aba-b601-4a74c440a095
Latin America,unified:1934d328-cf65-57fa-95b1-1c7e93cf34c3,F2848.A735,1,existing_child,Argentina,bokheim:history-lcc-full:77d6cba6-921d-5aba-b601-4a74c440a095
Latin America,unified:1934d328-cf65-57fa-95b1-1c7e93cf34c3,F2848.A74,1,existing_child,Argentina,bokheim:history-lcc-full:77d6cba6-921d-5aba-b601-4a74c440a095
Latin America,unified:1934d328-cf65-57fa-95b1-1c7e93cf34c3,F2848.A785,1,existing_child,Argentina,bokheim:history-lcc-full:77d6cba6-921d-5aba-b601-4a74c440a095
Latin America,unified:1934d328-cf65-57fa-95b1-1c7e93cf34c3,F2848.B4663,1,existing_child,Argentina,bokheim:history-lcc-full:77d6cba6-921d-5aba-b601-4a74c440a095
Latin America,unified:1934d328-cf65-57fa-95b1-1c7e93cf34c3,F2848.B728,1,existing_child,Argentina,bokheim:history-lcc-full:77d6cba6-921d-5aba-b601-4a74c440a095
Latin America,unified:1934d328-cf65-57fa-95b1-1c7e93cf34c3,F2848.B833,1,existing_child,Argentina,bokheim:history-lcc-full:77d6cba6-921d-5aba-b601-4a74c440a095
Latin America,unified:1934d328-cf65-57fa-95b1-1c7e93cf34c3,F2848.C15,1,existing_child,Argentina,bokheim:history-lcc-full:77d6cba6-921d-5aba-b601-4a74c440a095
Latin America,unified:1934d328-cf65-57fa-95b1-1c7e93cf34c3,F2848.C156,1,existing_child,Argentina,bokheim:history-lcc-full:77d6cba6-921d-5aba-b601-4a74c440a095
Latin America,unified:1934d328-cf65-57fa-95b1-1c7e93cf34c3,F2848.C2474,1,existing_child,Argentina,bokheim:history-lcc-full:77d6cba6-921d-5aba-b601-4a74c440a095
Latin America,unified:1934d328-cf65-57fa-95b1-1c7e93cf34c3,F2848.C5413,1,existing_child,Argentina,bokheim:history-lcc-full:77d6cba6-921d-5aba-b601-4a74c440a095
Latin America,unified:1934d328-cf65-57fa-95b1-1c7e93cf34c3,F2848.D683,1,existing_child,Argentina,bokheim:history-lcc-full:77d6cba6-921d-5aba-b601-4a74c440a095
Latin America,unified:1934d328-cf65-57fa-95b1-1c7e93cf34c3,F2848.F566,1,existing_child,Argentina,bokheim:history-lcc-full:77d6cba6-921d-5aba-b601-4a74c440a095
Latin America,unified:1934d328-cf65-57fa-95b1-1c7e93cf34c3,F2848.F68,1,existing_child,Argentina,bokheim:history-lcc-full:77d6cba6-921d-5aba-b601-4a74c440a095
Latin America,unified:1934d328-cf65-57fa-95b1-1c7e93cf34c3,F2848.G615,1,existing_child,Argentina,bokheim:history-lcc-full:77d6cba6-921d-5aba-b601-4a74c440a095
Latin America,unified:1934d328-cf65-57fa-95b1-1c7e93cf34c3,F2848.H67,1,existing_child,Argentina,bokheim:history-lcc-full:77d6cba6-921d-5aba-b601-4a74c440a095
Latin America,unified:1934d328-cf65-57fa-95b1-1c7e93cf34c3,F2848.H675,1,existing_child,Argentina,bokheim:history-lcc-full:77d6cba6-921d-5aba-b601-4a74c440a095
Latin America,unified:1934d328-cf65-57fa-95b1-1c7e93cf34c3,F2848.L24,1,existing_child,Argentina,bokheim:history-lcc-full:77d6cba6-921d-5aba-b601-4a74c440a095
Latin America,unified:1934d328-cf65-57fa-95b1-1c7e93cf34c3,F2848.M59,1,existing_child,Argentina,bokheim:history-lcc-full:77d6cba6-921d-5aba-b601-4a74c440a095
Latin America,unified:1934d328-cf65-57fa-95b1-1c7e93cf34c3,F2848.N315,1,existing_child,Argentina,bokheim:history-lcc-full:77d6cba6-921d-5aba-b601-4a74c440a095
Latin America,unified:1934d328-cf65-57fa-95b1-1c7e93cf34c3,F2848.N4,1,existing_child,Argentina,bokheim:history-lcc-full:77d6cba6-921d-5aba-b601-4a74c440a095
Latin America,unified:1934d328-cf65-57fa-95b1-1c7e93cf34c3,F2848.N53,1,existing_child,Argentina,bokheim:history-lcc-full:77d6cba6-921d-5aba-b601-4a74c440a095
Latin America,unified:1934d328-cf65-57fa-95b1-1c7e93cf34c3,F2848.P273,1,existing_child,Argentina,bokheim:history-lcc-full:77d6cba6-921d-5aba-b601-4a74c440a095
Latin America,unified:1934d328-cf65-57fa-95b1-1c7e93cf34c3,F2848.P28,1,existing_child,Argentina,bokheim:history-lcc-full:77d6cba6-921d-5aba-b601-4a74c440a095
Latin America,unified:1934d328-cf65-57fa-95b1-1c7e93cf34c3,F2848.P35,1,existing_child,Argentina,bokheim:history-lcc-full:77d6cba6-921d-5aba-b601-4a74c440a095
Latin America,unified:1934d328-cf65-57fa-95b1-1c7e93cf34c3,F2848.R53,1,existing_child,Argentina,bokheim:history-lcc-full:77d6cba6-921d-5aba-b601-4a74c440a095
Latin America,unified:1934d328-cf65-57fa-95b1-1c7e93cf34c3,F2848.R57,1,existing_child,Argentina,bokheim:history-lcc-full:77d6cba6-921d-5aba-b601-4a74c440a095
Latin America,unified:1934d328-cf65-57fa-95b1-1c7e93cf34c3,F2848.R63,1,existing_child,Argentina,bokheim:history-lcc-full:77d6cba6-921d-5aba-b601-4a74c440a095
Latin America,unified:1934d328-cf65-57fa-95b1-1c7e93cf34c3,F2848.R85,1,existing_child,Argentina,bokheim:history-lcc-full:77d6cba6-921d-5aba-b601-4a74c440a095
Latin America,unified:1934d328-cf65-57fa-95b1-1c7e93cf34c3,F2848.S33,1,existing_child,Argentina,bokheim:history-lcc-full:77d6cba6-921d-5aba-b601-4a74c440a095
Latin America,unified:1934d328-cf65-57fa-95b1-1c7e93cf34c3,F2848.T4,1,existing_child,Argentina,bokheim:history-lcc-full:77d6cba6-921d-5aba-b601-4a74c440a095
Latin America,unified:1934d328-cf65-57fa-95b1-1c7e93cf34c3,F2848.V47N3,1,existing_child,Argentina,bokheim:history-lcc-full:77d6cba6-921d-5aba-b601-4a74c440a095
Latin America,unified:1934d328-cf65-57fa-95b1-1c7e93cf34c3,F2848.W45,1,existing_child,Argentina,bokheim:history-lcc-full:77d6cba6-921d-5aba-b601-4a74c440a095
Latin America,unified:1934d328-cf65-57fa-95b1-1c7e93cf34c3,F2849.A7,1,existing_child,Argentina,bokheim:history-lcc-full:77d6cba6-921d-5aba-b601-4a74c440a095
Latin America,unified:1934d328-cf65-57fa-95b1-1c7e93cf34c3,F2849.A94,1,existing_child,Argentina,bokheim:history-lcc-full:77d6cba6-921d-5aba-b601-4a74c440a095
Latin America,unified:1934d328-cf65-57fa-95b1-1c7e93cf34c3,F2849.B38,1,existing_child,Argentina,bokheim:history-lcc-full:77d6cba6-921d-5aba-b601-4a74c440a095
Latin America,unified:1934d328-cf65-57fa-95b1-1c7e93cf34c3,F2849.B665,1,existing_child,Argentina,bokheim:history-lcc-full:77d6cba6-921d-5aba-b601-4a74c440a095
Latin America,unified:1934d328-cf65-57fa-95b1-1c7e93cf34c3,F2849.B745,1,existing_child,Argentina,bokheim:history-lcc-full:77d6cba6-921d-5aba-b601-4a74c440a095
Latin America,unified:1934d328-cf65-57fa-95b1-1c7e93cf34c3,F2849.B78,1,existing_child,Argentina,bokheim:history-lcc-full:77d6cba6-921d-5aba-b601-4a74c440a095
Latin America,unified:1934d328-cf65-57fa-95b1-1c7e93cf34c3,F2849.C197,1,existing_child,Argentina,bokheim:history-lcc-full:77d6cba6-921d-5aba-b601-4a74c440a095
Latin America,unified:1934d328-cf65-57fa-95b1-1c7e93cf34c3,F2849.C236,1,existing_child,Argentina,bokheim:history-lcc-full:77d6cba6-921d-5aba-b601-4a74c440a095
Latin America,unified:1934d328-cf65-57fa-95b1-1c7e93cf34c3,F2849.C34,1,existing_child,Argentina,bokheim:history-lcc-full:77d6cba6-921d-5aba-b601-4a74c440a095
Latin America,unified:1934d328-cf65-57fa-95b1-1c7e93cf34c3,F2849.C63,1,existing_child,Argentina,bokheim:history-lcc-full:77d6cba6-921d-5aba-b601-4a74c440a095
Latin America,unified:1934d328-cf65-57fa-95b1-1c7e93cf34c3,F2849.D373,1,existing_child,Argentina,bokheim:history-lcc-full:77d6cba6-921d-5aba-b601-4a74c440a095
Latin America,unified:1934d328-cf65-57fa-95b1-1c7e93cf34c3,F2849.D43,1,existing_child,Argentina,bokheim:history-lcc-full:77d6cba6-921d-5aba-b601-4a74c440a095
Latin America,unified:1934d328-cf65-57fa-95b1-1c7e93cf34c3,F2849.D83,1,existing_child,Argentina,bokheim:history-lcc-full:77d6cba6-921d-5aba-b601-4a74c440a095
Latin America,unified:1934d328-cf65-57fa-95b1-1c7e93cf34c3,F2849.D85,1,existing_child,Argentina,bokheim:history-lcc-full:77d6cba6-921d-5aba-b601-4a74c440a095
Latin America,unified:1934d328-cf65-57fa-95b1-1c7e93cf34c3,F2849.E54,1,existing_child,Argentina,bokheim:history-lcc-full:77d6cba6-921d-5aba-b601-4a74c440a095
Latin America,unified:1934d328-cf65-57fa-95b1-1c7e93cf34c3,F2849.F69,1,existing_child,Argentina,bokheim:history-lcc-full:77d6cba6-921d-5aba-b601-4a74c440a095
Latin America,unified:1934d328-cf65-57fa-95b1-1c7e93cf34c3,F2849.G375,1,existing_child,Argentina,bokheim:history-lcc-full:77d6cba6-921d-5aba-b601-4a74c440a095
Latin America,unified:1934d328-cf65-57fa-95b1-1c7e93cf34c3,F2849.G43,1,existing_child,Argentina,bokheim:history-lcc-full:77d6cba6-921d-5aba-b601-4a74c440a095
Latin America,unified:1934d328-cf65-57fa-95b1-1c7e93cf34c3,F2849.G547,1,existing_child,Argentina,bokheim:history-lcc-full:77d6cba6-921d-5aba-b601-4a74c440a095
Latin America,unified:1934d328-cf65-57fa-95b1-1c7e93cf34c3,F2849.G58,1,existing_child,Argentina,bokheim:history-lcc-full:77d6cba6-921d-5aba-b601-4a74c440a095
Latin America,unified:1934d328-cf65-57fa-95b1-1c7e93cf34c3,F2849.G815,1,existing_child,Argentina,bokheim:history-lcc-full:77d6cba6-921d-5aba-b601-4a74c440a095
Latin America,unified:1934d328-cf65-57fa-95b1-1c7e93cf34c3,F2849.H45,1,existing_child,Argentina,bokheim:history-lcc-full:77d6cba6-921d-5aba-b601-4a74c440a095
Latin America,unified:1934d328-cf65-57fa-95b1-1c7e93cf34c3,F2849.H6,1,existing_child,Argentina,bokheim:history-lcc-full:77d6cba6-921d-5aba-b601-4a74c440a095
Latin America,unified:1934d328-cf65-57fa-95b1-1c7e93cf34c3,F2849.I54,1,existing_child,Argentina,bokheim:history-lcc-full:77d6cba6-921d-5aba-b601-4a74c440a095
Latin America,unified:1934d328-cf65-57fa-95b1-1c7e93cf34c3,F2849.L35,1,existing_child,Argentina,bokheim:history-lcc-full:77d6cba6-921d-5aba-b601-4a74c440a095
Latin America,unified:1934d328-cf65-57fa-95b1-1c7e93cf34c3,F2849.L58,1,existing_child,Argentina,bokheim:history-lcc-full:77d6cba6-921d-5aba-b601-4a74c440a095
Latin America,unified:1934d328-cf65-57fa-95b1-1c7e93cf34c3,F2849.M337,1,existing_child,Argentina,bokheim:history-lcc-full:77d6cba6-921d-5aba-b601-4a74c440a095
Latin America,unified:1934d328-cf65-57fa-95b1-1c7e93cf34c3,F2849.M35,1,existing_child,Argentina,bokheim:history-lcc-full:77d6cba6-921d-5aba-b601-4a74c440a095
Latin America,unified:1934d328-cf65-57fa-95b1-1c7e93cf34c3,F2849.M393,1,existing_child,Argentina,bokheim:history-lcc-full:77d6cba6-921d-5aba-b601-4a74c440a095
Latin America,unified:1934d328-cf65-57fa-95b1-1c7e93cf34c3,F2849.N49,1,existing_child,Argentina,bokheim:history-lcc-full:77d6cba6-921d-5aba-b601-4a74c440a095
Latin America,unified:1934d328-cf65-57fa-95b1-1c7e93cf34c3,F2849.N8,1,existing_child,Argentina,bokheim:history-lcc-full:77d6cba6-921d-5aba-b601-4a74c440a095
Latin America,unified:1934d328-cf65-57fa-95b1-1c7e93cf34c3,F2849.O24,1,existing_child,Argentina,bokheim:history-lcc-full:77d6cba6-921d-5aba-b601-4a74c440a095
Latin America,unified:1934d328-cf65-57fa-95b1-1c7e93cf34c3,F2849.P25,1,existing_child,Argentina,bokheim:history-lcc-full:77d6cba6-921d-5aba-b601-4a74c440a095
Latin America,unified:1934d328-cf65-57fa-95b1-1c7e93cf34c3,F2849.P37.F7,1,existing_child,Argentina,bokheim:history-lcc-full:77d6cba6-921d-5aba-b601-4a74c440a095
Latin America,unified:1934d328-cf65-57fa-95b1-1c7e93cf34c3,F2849.P37154,1,existing_child,Argentina,bokheim:history-lcc-full:77d6cba6-921d-5aba-b601-4a74c440a095
Latin America,unified:1934d328-cf65-57fa-95b1-1c7e93cf34c3,F2849.P37B3,1,existing_child,Argentina,bokheim:history-lcc-full:77d6cba6-921d-5aba-b601-4a74c440a095
Latin America,unified:1934d328-cf65-57fa-95b1-1c7e93cf34c3,F2849.P37B44,1,existing_child,Argentina,bokheim:history-lcc-full:77d6cba6-921d-5aba-b601-4a74c440a095
Latin America,unified:1934d328-cf65-57fa-95b1-1c7e93cf34c3,F2849.P37D8413,1,existing_child,Argentina,bokheim:history-lcc-full:77d6cba6-921d-5aba-b601-4a74c440a095
Latin America,unified:1934d328-cf65-57fa-95b1-1c7e93cf34c3,F2849.P37E95913,1,existing_child,Argentina,bokheim:history-lcc-full:77d6cba6-921d-5aba-b601-4a74c440a095
Latin America,unified:1934d328-cf65-57fa-95b1-1c7e93cf34c3,F2849.P37F7,1,existing_child,Argentina,bokheim:history-lcc-full:77d6cba6-921d-5aba-b601-4a74c440a095
Latin America,unified:1934d328-cf65-57fa-95b1-1c7e93cf34c3,F2849.P37L3,1,existing_child,Argentina,bokheim:history-lcc-full:77d6cba6-921d-5aba-b601-4a74c440a095
Latin America,unified:1934d328-cf65-57fa-95b1-1c7e93cf34c3,F2849.P37M47,1,existing_child,Argentina,bokheim:history-lcc-full:77d6cba6-921d-5aba-b601-4a74c440a095
Latin America,unified:1934d328-cf65-57fa-95b1-1c7e93cf34c3,F2849.P37P413,1,existing_child,Argentina,bokheim:history-lcc-full:77d6cba6-921d-5aba-b601-4a74c440a095
Latin America,unified:1934d328-cf65-57fa-95b1-1c7e93cf34c3,F2849.P37P53,1,existing_child,Argentina,bokheim:history-lcc-full:77d6cba6-921d-5aba-b601-4a74c440a095
Latin America,unified:1934d328-cf65-57fa-95b1-1c7e93cf34c3,F2849.P37P54,1,existing_child,Argentina,bokheim:history-lcc-full:77d6cba6-921d-5aba-b601-4a74c440a095
Latin America,unified:1934d328-cf65-57fa-95b1-1c7e93cf34c3,F2849.P37P545,1,existing_child,Argentina,bokheim:history-lcc-full:77d6cba6-921d-5aba-b601-4a74c440a095
Latin America,unified:1934d328-cf65-57fa-95b1-1c7e93cf34c3,F2849.P37S64,1,existing_child,Argentina,bokheim:history-lcc-full:77d6cba6-921d-5aba-b601-4a74c440a095
Latin America,unified:1934d328-cf65-57fa-95b1-1c7e93cf34c3,F2849.P37S85,1,existing_child,Argentina,bokheim:history-lcc-full:77d6cba6-921d-5aba-b601-4a74c440a095
Latin America,unified:1934d328-cf65-57fa-95b1-1c7e93cf34c3,F2849.P4,1,existing_child,Argentina,bokheim:history-lcc-full:77d6cba6-921d-5aba-b601-4a74c440a095
Latin America,unified:1934d328-cf65-57fa-95b1-1c7e93cf34c3,F2849.P48A59,1,existing_child,Argentina,bokheim:history-lcc-full:77d6cba6-921d-5aba-b601-4a74c440a095
Latin America,unified:1934d328-cf65-57fa-95b1-1c7e93cf34c3,F2849.P48C73,1,existing_child,Argentina,bokheim:history-lcc-full:77d6cba6-921d-5aba-b601-4a74c440a095
Latin America,unified:1934d328-cf65-57fa-95b1-1c7e93cf34c3,F2849.P48M28,1,existing_child,Argentina,bokheim:history-lcc-full:77d6cba6-921d-5aba-b601-4a74c440a095
Latin America,unified:1934d328-cf65-57fa-95b1-1c7e93cf34c3,F2849.P48P524,1,existing_child,Argentina,bokheim:history-lcc-full:77d6cba6-921d-5aba-b601-4a74c440a095
Latin America,unified:1934d328-cf65-57fa-95b1-1c7e93cf34c3,F2849.P492,1,existing_child,Argentina,bokheim:history-lcc-full:77d6cba6-921d-5aba-b601-4a74c440a095
Latin America,unified:1934d328-cf65-57fa-95b1-1c7e93cf34c3,F2849.S39,1,existing_child,Argentina,bokheim:history-lcc-full:77d6cba6-921d-5aba-b601-4a74c440a095
Latin America,unified:1934d328-cf65-57fa-95b1-1c7e93cf34c3,F2849.T47,1,existing_child,Argentina,bokheim:history-lcc-full:77d6cba6-921d-5aba-b601-4a74c440a095
Latin America,unified:1934d328-cf65-57fa-95b1-1c7e93cf34c3,F2849.V43,1,existing_child,Argentina,bokheim:history-lcc-full:77d6cba6-921d-5aba-b601-4a74c440a095
Latin America,unified:1934d328-cf65-57fa-95b1-1c7e93cf34c3,F2851.C78,1,existing_child,Argentina,bokheim:history-lcc-full:77d6cba6-921d-5aba-b601-4a74c440a095
Latin America,unified:1934d328-cf65-57fa-95b1-1c7e93cf34c3,F2851.R85,1,existing_child,Argentina,bokheim:history-lcc-full:77d6cba6-921d-5aba-b601-4a74c440a095
Latin America,unified:1934d328-cf65-57fa-95b1-1c7e93cf34c3,F2857.B6,1,existing_child,Argentina,bokheim:history-lcc-full:77d6cba6-921d-5aba-b601-4a74c440a095
Latin America,unified:1934d328-cf65-57fa-95b1-1c7e93cf34c3,F2861.B55,1,existing_child,Argentina,bokheim:history-lcc-full:77d6cba6-921d-5aba-b601-4a74c440a095
Latin America,unified:1934d328-cf65-57fa-95b1-1c7e93cf34c3,F2861.C255,1,existing_child,Argentina,bokheim:history-lcc-full:77d6cba6-921d-5aba-b601-4a74c440a095
Latin America,unified:1934d328-cf65-57fa-95b1-1c7e93cf34c3,F2861.G36,1,existing_child,Argentina,bokheim:history-lcc-full:77d6cba6-921d-5aba-b601-4a74c440a095
Latin America,unified:1934d328-cf65-57fa-95b1-1c7e93cf34c3,F2861.L34,1,existing_child,Argentina,bokheim:history-lcc-full:77d6cba6-921d-5aba-b601-4a74c440a095
Latin America,unified:1934d328-cf65-57fa-95b1-1c7e93cf34c3,F2861.M37,1,existing_child,Argentina,bokheim:history-lcc-full:77d6cba6-921d-5aba-b601-4a74c440a095
Latin America,unified:1934d328-cf65-57fa-95b1-1c7e93cf34c3,F2861.M39,1,existing_child,Argentina,bokheim:history-lcc-full:77d6cba6-921d-5aba-b601-4a74c440a095
Latin America,unified:1934d328-cf65-57fa-95b1-1c7e93cf34c3,F2861.M685,1,existing_child,Argentina,bokheim:history-lcc-full:77d6cba6-921d-5aba-b601-4a74c440a095
Latin America,unified:1934d328-cf65-57fa-95b1-1c7e93cf34c3,F2861.P67,1,existing_child,Argentina,bokheim:history-lcc-full:77d6cba6-921d-5aba-b601-4a74c440a095
Latin America,unified:1934d328-cf65-57fa-95b1-1c7e93cf34c3,F2861.R673,1,existing_child,Argentina,bokheim:history-lcc-full:77d6cba6-921d-5aba-b601-4a74c440a095
Latin America,unified:1934d328-cf65-57fa-95b1-1c7e93cf34c3,F2861.U36,1,existing_child,Argentina,bokheim:history-lcc-full:77d6cba6-921d-5aba-b601-4a74c440a095
Latin America,unified:1934d328-cf65-57fa-95b1-1c7e93cf34c3,F2871.A84,1,existing_child,Argentina,bokheim:history-lcc-full:77d6cba6-921d-5aba-b601-4a74c440a095
Latin America,unified:1934d328-cf65-57fa-95b1-1c7e93cf34c3,F2871.A84J352,1,existing_child,Argentina,bokheim:history-lcc-full:77d6cba6-921d-5aba-b601-4a74c440a095
Latin America,unified:1934d328-cf65-57fa-95b1-1c7e93cf34c3,F2871.C375,1,existing_child,Argentina,bokheim:history-lcc-full:77d6cba6-921d-5aba-b601-4a74c440a095
Latin America,unified:1934d328-cf65-57fa-95b1-1c7e93cf34c3,F2871.I94,1,existing_child,Argentina,bokheim:history-lcc-full:77d6cba6-921d-5aba-b601-4a74c440a095
Latin America,unified:1934d328-cf65-57fa-95b1-1c7e93cf34c3,F2871.P57,1,existing_child,Argentina,bokheim:history-lcc-full:77d6cba6-921d-5aba-b601-4a74c440a095
Latin America,unified:1934d328-cf65-57fa-95b1-1c7e93cf34c3,F2876.C26,1,existing_child,Argentina,bokheim:history-lcc-full:77d6cba6-921d-5aba-b601-4a74c440a095
Latin America,unified:1934d328-cf65-57fa-95b1-1c7e93cf34c3,F2876.C33,1,existing_child,Argentina,bokheim:history-lcc-full:77d6cba6-921d-5aba-b601-4a74c440a095
Latin America,unified:1934d328-cf65-57fa-95b1-1c7e93cf34c3,F2886.G37,1,existing_child,Argentina,bokheim:history-lcc-full:77d6cba6-921d-5aba-b601-4a74c440a095
Latin America,unified:1934d328-cf65-57fa-95b1-1c7e93cf34c3,F2891.A73,1,existing_child,Argentina,bokheim:history-lcc-full:77d6cba6-921d-5aba-b601-4a74c440a095
Latin America,unified:1934d328-cf65-57fa-95b1-1c7e93cf34c3,F2891.F37,1,existing_child,Argentina,bokheim:history-lcc-full:77d6cba6-921d-5aba-b601-4a74c440a095
Latin America,unified:1934d328-cf65-57fa-95b1-1c7e93cf34c3,F2891.P57,1,existing_child,Argentina,bokheim:history-lcc-full:77d6cba6-921d-5aba-b601-4a74c440a095
Latin America,unified:1934d328-cf65-57fa-95b1-1c7e93cf34c3,F2891.P85,1,existing_child,Argentina,bokheim:history-lcc-full:77d6cba6-921d-5aba-b601-4a74c440a095
Latin America,unified:1934d328-cf65-57fa-95b1-1c7e93cf34c3,F2891.S67,1,existing_child,Argentina,bokheim:history-lcc-full:77d6cba6-921d-5aba-b601-4a74c440a095
Latin America,unified:1934d328-cf65-57fa-95b1-1c7e93cf34c3,F2896.B47,1,existing_child,Argentina,bokheim:history-lcc-full:77d6cba6-921d-5aba-b601-4a74c440a095
Latin America,unified:1934d328-cf65-57fa-95b1-1c7e93cf34c3,F2896.P49,1,existing_child,Argentina,bokheim:history-lcc-full:77d6cba6-921d-5aba-b601-4a74c440a095
Latin America,unified:1934d328-cf65-57fa-95b1-1c7e93cf34c3,F2906.G89,1,existing_child,Argentina,bokheim:history-lcc-full:77d6cba6-921d-5aba-b601-4a74c440a095
Latin America,unified:1934d328-cf65-57fa-95b1-1c7e93cf34c3,F2909.I47,1,existing_child,Argentina,bokheim:history-lcc-full:77d6cba6-921d-5aba-b601-4a74c440a095
Latin America,unified:1934d328-cf65-57fa-95b1-1c7e93cf34c3,F2909.M39,1,existing_child,Argentina,bokheim:history-lcc-full:77d6cba6-921d-5aba-b601-4a74c440a095
Latin America,unified:1934d328-cf65-57fa-95b1-1c7e93cf34c3,F2911.L36,1,existing_child,Argentina,bokheim:history-lcc-full:77d6cba6-921d-5aba-b601-4a74c440a095
Latin America,unified:1934d328-cf65-57fa-95b1-1c7e93cf34c3,F2911.S57,1,existing_child,Argentina,bokheim:history-lcc-full:77d6cba6-921d-5aba-b601-4a74c440a095
Latin America,unified:1934d328-cf65-57fa-95b1-1c7e93cf34c3,F2916.A46,1,existing_child,Argentina,bokheim:history-lcc-full:77d6cba6-921d-5aba-b601-4a74c440a095
Latin America,unified:1934d328-cf65-57fa-95b1-1c7e93cf34c3,F2916.C85,1,existing_child,Argentina,bokheim:history-lcc-full:77d6cba6-921d-5aba-b601-4a74c440a095
Latin America,unified:1934d328-cf65-57fa-95b1-1c7e93cf34c3,F2916.M442,1,existing_child,Argentina,bokheim:history-lcc-full:77d6cba6-921d-5aba-b601-4a74c440a095
Latin America,unified:1934d328-cf65-57fa-95b1-1c7e93cf34c3,F2916.R63,1,existing_child,Argentina,bokheim:history-lcc-full:77d6cba6-921d-5aba-b601-4a74c440a095
Latin America,unified:1934d328-cf65-57fa-95b1-1c7e93cf34c3,F2921.5.M37,1,existing_child,Argentina,bokheim:history-lcc-full:77d6cba6-921d-5aba-b601-4a74c440a095
Latin America,unified:1934d328-cf65-57fa-95b1-1c7e93cf34c3,F2926.B44,1,existing_child,Argentina,bokheim:history-lcc-full:77d6cba6-921d-5aba-b601-4a74c440a095
Latin America,unified:1934d328-cf65-57fa-95b1-1c7e93cf34c3,F2926.B78,1,existing_child,Argentina,bokheim:history-lcc-full:77d6cba6-921d-5aba-b601-4a74c440a095
Latin America,unified:1934d328-cf65-57fa-95b1-1c7e93cf34c3,F2936.A5651,1,existing_child,Argentina,bokheim:history-lcc-full:77d6cba6-921d-5aba-b601-4a74c440a095
Latin America,unified:1934d328-cf65-57fa-95b1-1c7e93cf34c3,F2936.A95,1,existing_child,Argentina,bokheim:history-lcc-full:77d6cba6-921d-5aba-b601-4a74c440a095
Latin America,unified:1934d328-cf65-57fa-95b1-1c7e93cf34c3,F2936.C466,1,existing_child,Argentina,bokheim:history-lcc-full:77d6cba6-921d-5aba-b601-4a74c440a095
Latin America,unified:1934d328-cf65-57fa-95b1-1c7e93cf34c3,F2936.C535,1,existing_child,Argentina,bokheim:history-lcc-full:77d6cba6-921d-5aba-b601-4a74c440a095
Latin America,unified:1934d328-cf65-57fa-95b1-1c7e93cf34c3,F2936.G79,1,existing_child,Argentina,bokheim:history-lcc-full:77d6cba6-921d-5aba-b601-4a74c440a095
Latin America,unified:1934d328-cf65-57fa-95b1-1c7e93cf34c3,F2936.H37,1,existing_child,Argentina,bokheim:history-lcc-full:77d6cba6-921d-5aba-b601-4a74c440a095
Latin America,unified:1934d328-cf65-57fa-95b1-1c7e93cf34c3,F2936.L44,1,existing_child,Argentina,bokheim:history-lcc-full:77d6cba6-921d-5aba-b601-4a74c440a095
Latin America,unified:1934d328-cf65-57fa-95b1-1c7e93cf34c3,F2936.L57,1,existing_child,Argentina,bokheim:history-lcc-full:77d6cba6-921d-5aba-b601-4a74c440a095
Latin America,unified:1934d328-cf65-57fa-95b1-1c7e93cf34c3,F2936.M15,1,existing_child,Argentina,bokheim:history-lcc-full:77d6cba6-921d-5aba-b601-4a74c440a095
Latin America,unified:1934d328-cf65-57fa-95b1-1c7e93cf34c3,F2936.M37,1,existing_child,Argentina,bokheim:history-lcc-full:77d6cba6-921d-5aba-b601-4a74c440a095
Latin America,unified:1934d328-cf65-57fa-95b1-1c7e93cf34c3,F2936.M88,1,existing_child,Argentina,bokheim:history-lcc-full:77d6cba6-921d-5aba-b601-4a74c440a095
Latin America,unified:1934d328-cf65-57fa-95b1-1c7e93cf34c3,F2936.N53,1,existing_child,Argentina,bokheim:history-lcc-full:77d6cba6-921d-5aba-b601-4a74c440a095
Latin America,unified:1934d328-cf65-57fa-95b1-1c7e93cf34c3,F2936.P3156,1,existing_child,Argentina,bokheim:history-lcc-full:77d6cba6-921d-5aba-b601-4a74c440a095
Latin America,unified:1934d328-cf65-57fa-95b1-1c7e93cf34c3,F2936.P3157,1,existing_child,Argentina,bokheim:history-lcc-full:77d6cba6-921d-5aba-b601-4a74c440a095
Latin America,unified:1934d328-cf65-57fa-95b1-1c7e93cf34c3,F2936.P497,1,existing_child,Argentina,bokheim:history-lcc-full:77d6cba6-921d-5aba-b601-4a74c440a095
Latin America,unified:1934d328-cf65-57fa-95b1-1c7e93cf34c3,F2936.S537,1,existing_child,Argentina,bokheim:history-lcc-full:77d6cba6-921d-5aba-b601-4a74c440a095
Latin America,unified:1934d328-cf65-57fa-95b1-1c7e93cf34c3,F2936.T3,1,existing_child,Argentina,bokheim:history-lcc-full:77d6cba6-921d-5aba-b601-4a74c440a095
Latin America,unified:1934d328-cf65-57fa-95b1-1c7e93cf34c3,F2936.U54,1,existing_child,Argentina,bokheim:history-lcc-full:77d6cba6-921d-5aba-b601-4a74c440a095
Latin America,unified:1934d328-cf65-57fa-95b1-1c7e93cf34c3,F2951.P34,1,existing_child,Argentina,bokheim:history-lcc-full:77d6cba6-921d-5aba-b601-4a74c440a095
Latin America,unified:1934d328-cf65-57fa-95b1-1c7e93cf34c3,F2956.D45,1,existing_child,Argentina,bokheim:history-lcc-full:77d6cba6-921d-5aba-b601-4a74c440a095
Latin America,unified:1934d328-cf65-57fa-95b1-1c7e93cf34c3,F2956.P36,1,existing_child,Argentina,bokheim:history-lcc-full:77d6cba6-921d-5aba-b601-4a74c440a095
Latin America,unified:1934d328-cf65-57fa-95b1-1c7e93cf34c3,F2956.R66,1,existing_child,Argentina,bokheim:history-lcc-full:77d6cba6-921d-5aba-b601-4a74c440a095
Latin America,unified:1934d328-cf65-57fa-95b1-1c7e93cf34c3,F2956.V34,1,existing_child,Argentina,bokheim:history-lcc-full:77d6cba6-921d-5aba-b601-4a74c440a095
Latin America,unified:1934d328-cf65-57fa-95b1-1c7e93cf34c3,F2958.Z47,1,existing_child,Argentina,bokheim:history-lcc-full:77d6cba6-921d-5aba-b601-4a74c440a095
Latin America,unified:1934d328-cf65-57fa-95b1-1c7e93cf34c3,F2961.F35,1,existing_child,Argentina,bokheim:history-lcc-full:77d6cba6-921d-5aba-b601-4a74c440a095
Latin America,unified:1934d328-cf65-57fa-95b1-1c7e93cf34c3,F2961.S238,1,existing_child,Argentina,bokheim:history-lcc-full:77d6cba6-921d-5aba-b601-4a74c440a095
Latin America,unified:1934d328-cf65-57fa-95b1-1c7e93cf34c3,F2961.S24,1,existing_child,Argentina,bokheim:history-lcc-full:77d6cba6-921d-5aba-b601-4a74c440a095
Latin America,unified:1934d328-cf65-57fa-95b1-1c7e93cf34c3,F2961.S2413,1,existing_child,Argentina,bokheim:history-lcc-full:77d6cba6-921d-5aba-b601-4a74c440a095
Latin America,unified:1934d328-cf65-57fa-95b1-1c7e93cf34c3,F2966.B35,1,existing_child,Argentina,bokheim:history-lcc-full:77d6cba6-921d-5aba-b601-4a74c440a095
Latin America,unified:1934d328-cf65-57fa-95b1-1c7e93cf34c3,F2966.S67,1,existing_child,Argentina,bokheim:history-lcc-full:77d6cba6-921d-5aba-b601-4a74c440a095
Latin America,unified:1934d328-cf65-57fa-95b1-1c7e93cf34c3,F2976.B39,1,existing_child,Argentina,bokheim:history-lcc-full:77d6cba6-921d-5aba-b601-4a74c440a095
Latin America,unified:1934d328-cf65-57fa-95b1-1c7e93cf34c3,F2976.B44,1,existing_child,Argentina,bokheim:history-lcc-full:77d6cba6-921d-5aba-b601-4a74c440a095
Latin America,unified:1934d328-cf65-57fa-95b1-1c7e93cf34c3,F2976.B66,1,existing_child,Argentina,bokheim:history-lcc-full:77d6cba6-921d-5aba-b601-4a74c440a095
Latin America,unified:1934d328-cf65-57fa-95b1-1c7e93cf34c3,F2976.C13,1,existing_child,Argentina,bokheim:history-lcc-full:77d6cba6-921d-5aba-b601-4a74c440a095
Latin America,unified:1934d328-cf65-57fa-95b1-1c7e93cf34c3,F2976.C25,1,existing_child,Argentina,bokheim:history-lcc-full:77d6cba6-921d-5aba-b601-4a74c440a095
Latin America,unified:1934d328-cf65-57fa-95b1-1c7e93cf34c3,F2976.C37,1,existing_child,Argentina,bokheim:history-lcc-full:77d6cba6-921d-5aba-b601-4a74c440a095
Latin America,unified:1934d328-cf65-57fa-95b1-1c7e93cf34c3,F2976.O34,1,existing_child,Argentina,bokheim:history-lcc-full:77d6cba6-921d-5aba-b601-4a74c440a095
Latin America,unified:1934d328-cf65-57fa-95b1-1c7e93cf34c3,F2976.O54,1,existing_child,Argentina,bokheim:history-lcc-full:77d6cba6-921d-5aba-b601-4a74c440a095
Latin America,unified:1934d328-cf65-57fa-95b1-1c7e93cf34c3,F2976.R48,1,existing_child,Argentina,bokheim:history-lcc-full:77d6cba6-921d-5aba-b601-4a74c440a095
Latin America,unified:1934d328-cf65-57fa-95b1-1c7e93cf34c3,F2981.B53,1,existing_child,Argentina,bokheim:history-lcc-full:77d6cba6-921d-5aba-b601-4a74c440a095
Latin America,unified:1934d328-cf65-57fa-95b1-1c7e93cf34c3,F2981.P35,1,existing_child,Argentina,bokheim:history-lcc-full:77d6cba6-921d-5aba-b601-4a74c440a095
Latin America,unified:1934d328-cf65-57fa-95b1-1c7e93cf34c3,F2981.P47,1,existing_child,Argentina,bokheim:history-lcc-full:77d6cba6-921d-5aba-b601-4a74c440a095
Latin America,unified:1934d328-cf65-57fa-95b1-1c7e93cf34c3,F2986.B87H38,1,existing_child,Argentina,bokheim:history-lcc-full:77d6cba6-921d-5aba-b601-4a74c440a095
Latin America,unified:1934d328-cf65-57fa-95b1-1c7e93cf34c3,F2986.C453,1,existing_child,Argentina,bokheim:history-lcc-full:77d6cba6-921d-5aba-b601-4a74c440a095
Latin America,unified:1934d328-cf65-57fa-95b1-1c7e93cf34c3,F2986.L68,1,existing_child,Argentina,bokheim:history-lcc-full:77d6cba6-921d-5aba-b601-4a74c440a095
Latin America,unified:1934d328-cf65-57fa-95b1-1c7e93cf34c3,F2986.M34,1,existing_child,Argentina,bokheim:history-lcc-full:77d6cba6-921d-5aba-b601-4a74c440a095
Latin America,unified:1934d328-cf65-57fa-95b1-1c7e93cf34c3,F2986.Y35,1,existing_child,Argentina,bokheim:history-lcc-full:77d6cba6-921d-5aba-b601-4a74c440a095
Latin America,unified:1934d328-cf65-57fa-95b1-1c7e93cf34c3,F2991.A40,1,existing_child,Argentina,bokheim:history-lcc-full:77d6cba6-921d-5aba-b601-4a74c440a095
Latin America,unified:1934d328-cf65-57fa-95b1-1c7e93cf34c3,F2991.A47,1,existing_child,Argentina,bokheim:history-lcc-full:77d6cba6-921d-5aba-b601-4a74c440a095
Latin America,unified:1934d328-cf65-57fa-95b1-1c7e93cf34c3,F2991.A49,1,existing_child,Argentina,bokheim:history-lcc-full:77d6cba6-921d-5aba-b601-4a74c440a095
Latin America,unified:1934d328-cf65-57fa-95b1-1c7e93cf34c3,F2991.B87,1,existing_child,Argentina,bokheim:history-lcc-full:77d6cba6-921d-5aba-b601-4a74c440a095
Latin America,unified:1934d328-cf65-57fa-95b1-1c7e93cf34c3,F2991.L34,1,existing_child,Argentina,bokheim:history-lcc-full:77d6cba6-921d-5aba-b601-4a74c440a095
Latin America,unified:1934d328-cf65-57fa-95b1-1c7e93cf34c3,F3001.B98393,1,existing_child,Argentina,bokheim:history-lcc-full:77d6cba6-921d-5aba-b601-4a74c440a095
Latin America,unified:1934d328-cf65-57fa-95b1-1c7e93cf34c3,F3001.C25,1,existing_child,Argentina,bokheim:history-lcc-full:77d6cba6-921d-5aba-b601-4a74c440a095
Latin America,unified:1934d328-cf65-57fa-95b1-1c7e93cf34c3,F3001.C7,1,existing_child,Argentina,bokheim:history-lcc-full:77d6cba6-921d-5aba-b601-4a74c440a095
Latin America,unified:1934d328-cf65-57fa-95b1-1c7e93cf34c3,F3001.K44,1,existing_child,Argentina,bokheim:history-lcc-full:77d6cba6-921d-5aba-b601-4a74c440a095
Latin America,unified:1934d328-cf65-57fa-95b1-1c7e93cf34c3,F3001.M677,1,existing_child,Argentina,bokheim:history-lcc-full:77d6cba6-921d-5aba-b601-4a74c440a095
Latin America,unified:1934d328-cf65-57fa-95b1-1c7e93cf34c3,F3001.W68,1,existing_child,Argentina,bokheim:history-lcc-full:77d6cba6-921d-5aba-b601-4a74c440a095
Latin America,unified:1934d328-cf65-57fa-95b1-1c7e93cf34c3,F3011.R7K37,1,existing_child,Argentina,bokheim:history-lcc-full:77d6cba6-921d-5aba-b601-4a74c440a095
Latin America,unified:1934d328-cf65-57fa-95b1-1c7e93cf34c3,F3011M45,1,existing_child,Argentina,bokheim:history-lcc-full:77d6cba6-921d-5aba-b601-4a74c440a095
Latin America,unified:1934d328-cf65-57fa-95b1-1c7e93cf34c3,F3030.3.G47,1,existing_child,Argentina,bokheim:history-lcc-full:77d6cba6-921d-5aba-b601-4a74c440a095
Latin America,unified:1934d328-cf65-57fa-95b1-1c7e93cf34c3,F3030.3.G4713,1,existing_child,Argentina,bokheim:history-lcc-full:77d6cba6-921d-5aba-b601-4a74c440a095
Latin America,unified:1934d328-cf65-57fa-95b1-1c7e93cf34c3,F3030.3.H37,1,existing_child,Argentina,bokheim:history-lcc-full:77d6cba6-921d-5aba-b601-4a74c440a095
Latin America,unified:1934d328-cf65-57fa-95b1-1c7e93cf34c3,F3030.3.M36,1,existing_child,Argentina,bokheim:history-lcc-full:77d6cba6-921d-5aba-b601-4a74c440a095
Latin America,unified:1934d328-cf65-57fa-95b1-1c7e93cf34c3,F3031.5.A33,1,existing_child,Argentina,bokheim:history-lcc-full:77d6cba6-921d-5aba-b601-4a74c440a095
Latin America,unified:1934d328-cf65-57fa-95b1-1c7e93cf34c3,F3031.5.A528,1,existing_child,Argentina,bokheim:history-lcc-full:77d6cba6-921d-5aba-b601-4a74c440a095
Latin America,unified:1934d328-cf65-57fa-95b1-1c7e93cf34c3,F3031.5.A54,1,existing_child,Argentina,bokheim:history-lcc-full:77d6cba6-921d-5aba-b601-4a74c440a095
Latin America,unified:1934d328-cf65-57fa-95b1-1c7e93cf34c3,F3031.5.B334,1,existing_child,Argentina,bokheim:history-lcc-full:77d6cba6-921d-5aba-b601-4a74c440a095
Latin America,unified:1934d328-cf65-57fa-95b1-1c7e93cf34c3,F3031.5.B34,1,existing_child,Argentina,bokheim:history-lcc-full:77d6cba6-921d-5aba-b601-4a74c440a095
Latin America,unified:1934d328-cf65-57fa-95b1-1c7e93cf34c3,F3031.5.B36,1,existing_child,Argentina,bokheim:history-lcc-full:77d6cba6-921d-5aba-b601-4a74c440a095
Latin America,unified:1934d328-cf65-57fa-95b1-1c7e93cf34c3,F3031.5.B5,1,existing_child,Argentina,bokheim:history-lcc-full:77d6cba6-921d-5aba-b601-4a74c440a095
Latin America,unified:1934d328-cf65-57fa-95b1-1c7e93cf34c3,F3031.5.B659,1,existing_child,Argentina,bokheim:history-lcc-full:77d6cba6-921d-5aba-b601-4a74c440a095
Latin America,unified:1934d328-cf65-57fa-95b1-1c7e93cf34c3,F3031.5.B68,1,existing_child,Argentina,bokheim:history-lcc-full:77d6cba6-921d-5aba-b601-4a74c440a095
Latin America,unified:1934d328-cf65-57fa-95b1-1c7e93cf34c3,F3031.5.B69,1,existing_child,Argentina,bokheim:history-lcc-full:77d6cba6-921d-5aba-b601-4a74c440a095
Latin America,unified:1934d328-cf65-57fa-95b1-1c7e93cf34c3,F3031.5.B73,1,existing_child,Argentina,bokheim:history-lcc-full:77d6cba6-921d-5aba-b601-4a74c440a095
Latin America,unified:1934d328-cf65-57fa-95b1-1c7e93cf34c3,F3031.5.B76,1,existing_child,Argentina,bokheim:history-lcc-full:77d6cba6-921d-5aba-b601-4a74c440a095
Latin America,unified:1934d328-cf65-57fa-95b1-1c7e93cf34c3,F3031.5.B86,1,existing_child,Argentina,bokheim:history-lcc-full:77d6cba6-921d-5aba-b601-4a74c440a095
Latin America,unified:1934d328-cf65-57fa-95b1-1c7e93cf34c3,F3031.5.C38,1,existing_child,Argentina,bokheim:history-lcc-full:77d6cba6-921d-5aba-b601-4a74c440a095
Latin America,unified:1934d328-cf65-57fa-95b1-1c7e93cf34c3,F3031.5.C56,1,existing_child,Argentina,bokheim:history-lcc-full:77d6cba6-921d-5aba-b601-4a74c440a095
Latin America,unified:1934d328-cf65-57fa-95b1-1c7e93cf34c3,F3031.5.D54,1,existing_child,Argentina,bokheim:history-lcc-full:77d6cba6-921d-5aba-b601-4a74c440a095
Latin America,unified:1934d328-cf65-57fa-95b1-1c7e93cf34c3,F3031.5.D66,1,existing_child,Argentina,bokheim:history-lcc-full:77d6cba6-921d-5aba-b601-4a74c440a095
Latin America,unified:1934d328-cf65-57fa-95b1-1c7e93cf34c3,F3031.5.F34,1,existing_child,Argentina,bokheim:history-lcc-full:77d6cba6-921d-5aba-b601-4a74c440a095
Latin America,unified:1934d328-cf65-57fa-95b1-1c7e93cf34c3,F3031.5.F58,1,existing_child,Argentina,bokheim:history-lcc-full:77d6cba6-921d-5aba-b601-4a74c440a095
Latin America,unified:1934d328-cf65-57fa-95b1-1c7e93cf34c3,F3031.5.F67,1,existing_child,Argentina,bokheim:history-lcc-full:77d6cba6-921d-5aba-b601-4a74c440a095
Latin America,unified:1934d328-cf65-57fa-95b1-1c7e93cf34c3,F3031.5.F74,1,existing_child,Argentina,bokheim:history-lcc-full:77d6cba6-921d-5aba-b601-4a74c440a095
Latin America,unified:1934d328-cf65-57fa-95b1-1c7e93cf34c3,F3031.5.F744,1,existing_child,Argentina,bokheim:history-lcc-full:77d6cba6-921d-5aba-b601-4a74c440a095
Latin America,unified:1934d328-cf65-57fa-95b1-1c7e93cf34c3,F3031.5.F75,1,existing_child,Argentina,bokheim:history-lcc-full:77d6cba6-921d-5aba-b601-4a74c440a095
Latin America,unified:1934d328-cf65-57fa-95b1-1c7e93cf34c3,F3031.5.G35,1,existing_child,Argentina,bokheim:history-lcc-full:77d6cba6-921d-5aba-b601-4a74c440a095
Latin America,unified:1934d328-cf65-57fa-95b1-1c7e93cf34c3,F3031.5.G38,1,existing_child,Argentina,bokheim:history-lcc-full:77d6cba6-921d-5aba-b601-4a74c440a095
Latin America,unified:1934d328-cf65-57fa-95b1-1c7e93cf34c3,F3031.5.G53,1,existing_child,Argentina,bokheim:history-lcc-full:77d6cba6-921d-5aba-b601-4a74c440a095
Latin America,unified:1934d328-cf65-57fa-95b1-1c7e93cf34c3,F3031.5.H9,1,existing_child,Argentina,bokheim:history-lcc-full:77d6cba6-921d-5aba-b601-4a74c440a095
Latin America,unified:1934d328-cf65-57fa-95b1-1c7e93cf34c3,F3031.5.I57,1,existing_child,Argentina,bokheim:history-lcc-full:77d6cba6-921d-5aba-b601-4a74c440a095
Latin America,unified:1934d328-cf65-57fa-95b1-1c7e93cf34c3,F3031.5.J66,1,existing_child,Argentina,bokheim:history-lcc-full:77d6cba6-921d-5aba-b601-4a74c440a095
Latin America,unified:1934d328-cf65-57fa-95b1-1c7e93cf34c3,F3031.5.J66W55,1,existing_child,Argentina,bokheim:history-lcc-full:77d6cba6-921d-5aba-b601-4a74c440a095
Latin America,unified:1934d328-cf65-57fa-95b1-1c7e93cf34c3,F3031.5.M32,1,existing_child,Argentina,bokheim:history-lcc-full:77d6cba6-921d-5aba-b601-4a74c440a095
Latin America,unified:1934d328-cf65-57fa-95b1-1c7e93cf34c3,F3031.5.M643,1,existing_child,Argentina,bokheim:history-lcc-full:77d6cba6-921d-5aba-b601-4a74c440a095
Latin America,unified:1934d328-cf65-57fa-95b1-1c7e93cf34c3,F3031.5.O5513,1,existing_child,Argentina,bokheim:history-lcc-full:77d6cba6-921d-5aba-b601-4a74c440a095
Latin America,unified:1934d328-cf65-57fa-95b1-1c7e93cf34c3,F3031.5.R39,1,existing_child,Argentina,bokheim:history-lcc-full:77d6cba6-921d-5aba-b601-4a74c440a095
Latin America,unified:1934d328-cf65-57fa-95b1-1c7e93cf34c3,F3031.5.S35,1,existing_child,Argentina,bokheim:history-lcc-full:77d6cba6-921d-5aba-b601-4a74c440a095
Latin America,unified:1934d328-cf65-57fa-95b1-1c7e93cf34c3,F3031.5.S418,1,existing_child,Argentina,bokheim:history-lcc-full:77d6cba6-921d-5aba-b601-4a74c440a095
Latin America,unified:1934d328-cf65-57fa-95b1-1c7e93cf34c3,F3031.5.S67,1,existing_child,Argentina,bokheim:history-lcc-full:77d6cba6-921d-5aba-b601-4a74c440a095
Latin America,unified:1934d328-cf65-57fa-95b1-1c7e93cf34c3,F3031.5.S74,1,existing_child,Argentina,bokheim:history-lcc-full:77d6cba6-921d-5aba-b601-4a74c440a095
Latin America,unified:1934d328-cf65-57fa-95b1-1c7e93cf34c3,F3031.5.T48,1,existing_child,Argentina,bokheim:history-lcc-full:77d6cba6-921d-5aba-b601-4a74c440a095
Latin America,unified:1934d328-cf65-57fa-95b1-1c7e93cf34c3,F3031.5.T49,1,existing_child,Argentina,bokheim:history-lcc-full:77d6cba6-921d-5aba-b601-4a74c440a095
Latin America,unified:1934d328-cf65-57fa-95b1-1c7e93cf34c3,F3031.5.V36,1,existing_child,Argentina,bokheim:history-lcc-full:77d6cba6-921d-5aba-b601-4a74c440a095
Latin America,unified:1934d328-cf65-57fa-95b1-1c7e93cf34c3,F3031.5.W4,1,existing_child,Argentina,bokheim:history-lcc-full:77d6cba6-921d-5aba-b601-4a74c440a095
Latin America,unified:1934d328-cf65-57fa-95b1-1c7e93cf34c3,F3031.5W47,1,existing_child,Argentina,bokheim:history-lcc-full:77d6cba6-921d-5aba-b601-4a74c440a095
