code	uses	candidates	labels
K5018	461	11752,12989	Criminal Law & Procedure | General Criminal Law & Procedure
K5015.4	308	11752,12989	Criminal Law & Procedure | General Criminal Law & Procedure
HF5389	305	5113,12267	Business Etiquette | Business Etiquette
K5103	286	11752,12989	Criminal Law & Procedure | General Criminal Law & Procedure
K5301	260	11752,12989	Criminal Law & Procedure | General Criminal Law & Procedure
K5256	240	11752,12989	Criminal Law & Procedure | General Criminal Law & Procedure
DD801.B23	208	11450,11451,11452	Saxony | Württemberg | Hanseatic League
K1150	184	5619,11739	Industry & Economic Regulation | Corporate Law
K3280	180	5321,11745	Church–State Relations | Government Institutions
DD801.N4	143	11450,11451,11452	Saxony | Württemberg | Hanseatic League
K5250	137	11752,12989	Criminal Law & Procedure | General Criminal Law & Procedure
DD801.B387	135	11450,11451,11452	Saxony | Württemberg | Hanseatic League
DD801.B34	133	11450,11451,11452	Saxony | Württemberg | Hanseatic League
K5064	130	11752,12989	Criminal Law & Procedure | General Criminal Law & Procedure
K5223	123	11752,12989	Criminal Law & Procedure | General Criminal Law & Procedure
DD801.R8	121	11450,11451,11452	Saxony | Württemberg | Hanseatic League
K5215	116	11752,12989	Criminal Law & Procedure | General Criminal Law & Procedure
DD801.B35	110	11450,11451,11452	Saxony | Württemberg | Hanseatic League
K5036	109	11752,12989	Criminal Law & Procedure | General Criminal Law & Procedure
DT433.545.M33	108	3340,3345	Gabon (Gaboon, Gabun) | Kenya
DD801.S942	107	11450,11451,11452	Saxony | Württemberg | Hanseatic League
DD801.R75	106	11450,11451,11452	Saxony | Württemberg | Hanseatic League
DD801.N6	104	11450,11451,11452	Saxony | Württemberg | Hanseatic League
DD801.R74	102	11450,11451,11452	Saxony | Württemberg | Hanseatic League
K5104	98	11752,12989	Criminal Law & Procedure | General Criminal Law & Procedure
DD801.B322	93	11450,11451,11452	Saxony | Württemberg | Hanseatic League
K5261	93	11752,12989	Criminal Law & Procedure | General Criminal Law & Procedure
DD801.S6338	86	11450,11451,11452	Saxony | Württemberg | Hanseatic League
K5121	84	11752,12989	Criminal Law & Procedure | General Criminal Law & Procedure
DD801.H51	82	11450,11451,11452	Saxony | Württemberg | Hanseatic League
DD801.N56	82	11450,11451,11452	Saxony | Württemberg | Hanseatic League
DT433.542	82	3340,3345	Gabon (Gaboon, Gabun) | Kenya
DD801.B18	81	11450,11451,11452	Saxony | Württemberg | Hanseatic League
DD801.H58	78	11450,11451,11452	Saxony | Württemberg | Hanseatic League
K5210	78	11752,12989	Criminal Law & Procedure | General Criminal Law & Procedure
DD801.T48	73	11450,11451,11452	Saxony | Württemberg | Hanseatic League
DD801	72	11450,11451,11452	Saxony | Württemberg | Hanseatic League
DD801.B238	71	11450,11451,11452	Saxony | Württemberg | Hanseatic League
DD801.M38	67	11450,11451,11452	Saxony | Württemberg | Hanseatic League
DR536	66	11399,11565	Ottoman Empire, 1281/1453–1918 | Turkey, 1640-1789
K5101	65	11752,12989	Criminal Law & Procedure | General Criminal Law & Procedure
K5194	64	11752,12989	Criminal Law & Procedure | General Criminal Law & Procedure
K5014.8	62	11752,12989	Criminal Law & Procedure | General Criminal Law & Procedure
DD801.B43	61	11450,11451,11452	Saxony | Württemberg | Hanseatic League
K5029	61	11752,12989	Criminal Law & Procedure | General Criminal Law & Procedure
DD801.H57	60	11450,11451,11452	Saxony | Württemberg | Hanseatic League
DD801.B64	58	11450,11451,11452	Saxony | Württemberg | Hanseatic League
DD801.S35	58	11450,11451,11452	Saxony | Württemberg | Hanseatic League
DD801.B335	57	11450,11451,11452	Saxony | Württemberg | Hanseatic League
K5069	56	11752,12989	Criminal Law & Procedure | General Criminal Law & Procedure
K5302	56	11752,12989	Criminal Law & Procedure | General Criminal Law & Procedure
K5575	56	5298,11752	Juvenile Criminal Law & Procedure | Criminal Law & Procedure
DD801.E23	55	11450,11451,11452	Saxony | Württemberg | Hanseatic League
DD801.M35	53	11450,11451,11452	Saxony | Württemberg | Hanseatic League
DT644	53	3375,10534	Zaire. Congo (Democratic Republic). Belgian Congo | Congo (Democratic Republic). Zaire. Belgian Congo
K5165	51	11752,12989	Criminal Law & Procedure | General Criminal Law & Procedure
K7510	50	5312,5619	Private international law. Conflict of laws | Industry & Economic Regulation
DD801.S34	49	11450,11451,11452	Saxony | Württemberg | Hanseatic League
K5282	48	11752,12989	Criminal Law & Procedure | General Criminal Law & Procedure
K5297	48	11752,12989	Criminal Law & Procedure | General Criminal Law & Procedure
DD801.C74	47	11450,11451,11452	Saxony | Württemberg | Hanseatic League
DT433.545.K55	47	3340,3345	Gabon (Gaboon, Gabun) | Kenya
K5055	47	11752,12989	Criminal Law & Procedure | General Criminal Law & Procedure
DD801.P44	46	11450,11451,11452	Saxony | Württemberg | Hanseatic League
DD801.R745	46	11450,11451,11452	Saxony | Württemberg | Hanseatic League
DD801.S26	46	11450,11451,11452	Saxony | Württemberg | Hanseatic League
K5077	46	11752,12989	Criminal Law & Procedure | General Criminal Law & Procedure
K5107	46	11752,12989	Criminal Law & Procedure | General Criminal Law & Procedure
K5304	46	11752,12989	Criminal Law & Procedure | General Criminal Law & Procedure
DD801.B383	45	11450,11451,11452	Saxony | Württemberg | Hanseatic League
DD801.S352	45	11450,11451,11452	Saxony | Württemberg | Hanseatic League
K5216	45	11752,12989	Criminal Law & Procedure | General Criminal Law & Procedure
DD801.E3	44	11450,11451,11452	Saxony | Württemberg | Hanseatic League
DD801.H55	44	11450,11451,11452	Saxony | Württemberg | Hanseatic League
K5065	43	11752,12989	Criminal Law & Procedure | General Criminal Law & Procedure
K5066	43	11752,12989	Criminal Law & Procedure | General Criminal Law & Procedure
DD801.S148	42	11450,11451,11452	Saxony | Württemberg | Hanseatic League
DD801.T44	42	11450,11451,11452	Saxony | Württemberg | Hanseatic League
DD801.W5	42	11450,11451,11452	Saxony | Württemberg | Hanseatic League
DT647.5	41	3375,10534	Zaire. Congo (Democratic Republic). Belgian Congo | Congo (Democratic Republic). Zaire. Belgian Congo
DD801.B2345	40	11450,11451,11452	Saxony | Württemberg | Hanseatic League
DR534	40	11399,11565	Ottoman Empire, 1281/1453–1918 | Turkey, 1640-1789
DD801.M34	39	11450,11451,11452	Saxony | Württemberg | Hanseatic League
DD801.R7982	39	11450,11451,11452	Saxony | Württemberg | Hanseatic League
DD801.S6334	39	11450,11451,11452	Saxony | Württemberg | Hanseatic League
DD801.B685	38	11450,11451,11452	Saxony | Württemberg | Hanseatic League
DD801.O43	38	11450,11451,11452	Saxony | Württemberg | Hanseatic League
K5293	38	11752,12989	Criminal Law & Procedure | General Criminal Law & Procedure
DD801.B373	37	11450,11451,11452	Saxony | Württemberg | Hanseatic League
K5240	37	11752,12989	Criminal Law & Procedure | General Criminal Law & Procedure
DD801.B465	36	11450,11451,11452	Saxony | Württemberg | Hanseatic League
DD801.B684	36	11450,11451,11452	Saxony | Württemberg | Hanseatic League
K5278	36	11752,12989	Criminal Law & Procedure | General Criminal Law & Procedure
DD801.W548	35	11450,11451,11452	Saxony | Württemberg | Hanseatic League
K1021	35	5619,11738	Industry & Economic Regulation | Commercial Contracts & Banking
K5181	35	11752,12989	Criminal Law & Procedure | General Criminal Law & Procedure
K7350	35	5312,5619	Private international law. Conflict of laws | Industry & Economic Regulation
DD801.P48	34	11450,11451,11452	Saxony | Württemberg | Hanseatic League
DD801.S63345	34	11450,11451,11452	Saxony | Württemberg | Hanseatic League
DD801.T46	33	11450,11451,11452	Saxony | Württemberg | Hanseatic League
K5059	33	11752,12989	Criminal Law & Procedure | General Criminal Law & Procedure
K5093	33	11752,12989	Criminal Law & Procedure | General Criminal Law & Procedure
DD801.H54	32	11450,11451,11452	Saxony | Württemberg | Hanseatic League
DR531	32	11399,11565	Ottoman Empire, 1281/1453–1918 | Turkey, 1640-1789
K5015	32	11752,12989	Criminal Law & Procedure | General Criminal Law & Procedure
DD801.B687	31	11450,11451,11452	Saxony | Württemberg | Hanseatic League
DD801.L872	31	11450,11451,11452	Saxony | Württemberg | Hanseatic League
DD801.P47	30	11450,11451,11452	Saxony | Württemberg | Hanseatic League
DR511	30	11399,11563	Ottoman Empire, 1281/1453–1918 | Ottoman Decline, 1566–1640
K1188.A8	30	5619,11739	Industry & Economic Regulation | Corporate Law
K5090	30	11752,12989	Criminal Law & Procedure | General Criminal Law & Procedure
K5189	30	11752,12989	Criminal Law & Procedure | General Criminal Law & Procedure
DD801.B32	29	11450,11451,11452	Saxony | Württemberg | Hanseatic League
DD801.B382	29	11450,11451,11452	Saxony | Württemberg | Hanseatic League
DD801.N35	29	11450,11451,11452	Saxony | Württemberg | Hanseatic League
DD801.R72	29	11450,11451,11452	Saxony | Württemberg | Hanseatic League
DD801.S6335	29	11450,11451,11452	Saxony | Württemberg | Hanseatic League
DD801.B4445	28	11450,11451,11452	Saxony | Württemberg | Hanseatic League
DD801.E272	28	11450,11451,11452	Saxony | Württemberg | Hanseatic League
DD801.F564	28	11450,11451,11452	Saxony | Württemberg | Hanseatic League
K5032	28	11752,12989	Criminal Law & Procedure | General Criminal Law & Procedure
DD801.S13	27	11450,11451,11452	Saxony | Württemberg | Hanseatic League
DD801.S395	27	11450,11451,11452	Saxony | Württemberg | Hanseatic League
DD801.S62	27	11450,11451,11452	Saxony | Württemberg | Hanseatic League
DD801.W636	27	11450,11451,11452	Saxony | Württemberg | Hanseatic League
DR529	27	11399,11563	Ottoman Empire, 1281/1453–1918 | Ottoman Decline, 1566–1640
K1155	27	5619,11739	Industry & Economic Regulation | Corporate Law
K5256.A35	27	11752,12989	Criminal Law & Procedure | General Criminal Law & Procedure
DD801.B52	26	11450,11451,11452	Saxony | Württemberg | Hanseatic League
DD801.H34	26	11450,11451,11452	Saxony | Württemberg | Hanseatic League
DD801.W99	26	11450,11451,11452	Saxony | Württemberg | Hanseatic League
K5027	26	11752,12989	Criminal Law & Procedure | General Criminal Law & Procedure
K5170	26	11752,12989	Criminal Law & Procedure | General Criminal Law & Procedure
K5190	26	11752,12989	Criminal Law & Procedure | General Criminal Law & Procedure
DD801.B688	25	11450,11451,11452	Saxony | Württemberg | Hanseatic League
DD801.H3982	25	11450,11451,11452	Saxony | Württemberg | Hanseatic League
DD801.P45	25	11450,11451,11452	Saxony | Württemberg | Hanseatic League
DD801.T45	25	11450,11451,11452	Saxony | Württemberg | Hanseatic League
K5025	25	11752,12989	Criminal Law & Procedure | General Criminal Law & Procedure
K5058	25	11752,12989	Criminal Law & Procedure | General Criminal Law & Procedure
K5086	25	11752,12989	Criminal Law & Procedure | General Criminal Law & Procedure
DD801.B48	24	11450,11451,11452	Saxony | Württemberg | Hanseatic League
DD801.H1648	24	11450,11451,11452	Saxony | Württemberg | Hanseatic League
DD801.H56	24	11450,11451,11452	Saxony | Württemberg | Hanseatic League
DD801.R78	24	11450,11451,11452	Saxony | Württemberg | Hanseatic League
DD801.H1647	23	11450,11451,11452	Saxony | Württemberg | Hanseatic League
HF5389.3.C6	23	5113,12267	Business Etiquette | Business Etiquette
K5197	23	11752,12989	Criminal Law & Procedure | General Criminal Law & Procedure
K5256.A6	23	11752,12989	Criminal Law & Procedure | General Criminal Law & Procedure
DD801.B234	22	11450,11451,11452	Saxony | Württemberg | Hanseatic League
DD801.B23A3	22	11450,11451,11452	Saxony | Württemberg | Hanseatic League
DD801.B3735	22	11450,11451,11452	Saxony | Württemberg | Hanseatic League
DD801.B454	22	11450,11451,11452	Saxony | Württemberg | Hanseatic League
DD801.B686	22	11450,11451,11452	Saxony | Württemberg | Hanseatic League
DD801.L8547	22	11450,11451,11452	Saxony | Württemberg | Hanseatic League
DD801.S21	22	11450,11451,11452	Saxony | Württemberg | Hanseatic League
K5295	22	11752,12989	Criminal Law & Procedure | General Criminal Law & Procedure
DD801.F573	21	11450,11451,11452	Saxony | Württemberg | Hanseatic League
DD801.R76	21	11450,11451,11452	Saxony | Württemberg | Hanseatic League
DD801.W739	21	11450,11451,11452	Saxony | Württemberg | Hanseatic League
DR542	21	11399,11565	Ottoman Empire, 1281/1453–1918 | Turkey, 1640-1789
DT647	21	3375,10534	Zaire. Congo (Democratic Republic). Belgian Congo | Congo (Democratic Republic). Zaire. Belgian Congo
DT649	21	3375,10534	Zaire. Congo (Democratic Republic). Belgian Congo | Congo (Democratic Republic). Zaire. Belgian Congo
K1188.A7	21	5619,11739	Industry & Economic Regulation | Corporate Law
K5051	21	11752,12989	Criminal Law & Procedure | General Criminal Law & Procedure
K7449	21	5312,5619	Private international law. Conflict of laws | Industry & Economic Regulation
DD801.B14	20	11450,11451,11452	Saxony | Württemberg | Hanseatic League
DD801.B235	20	11450,11451,11452	Saxony | Württemberg | Hanseatic League
DD801.F566	20	11450,11451,11452	Saxony | Württemberg | Hanseatic League
DD801.H8	20	11450,11451,11452	Saxony | Württemberg | Hanseatic League
DD801.S63348	20	11450,11451,11452	Saxony | Württemberg | Hanseatic League
DD801.T445	20	11450,11451,11452	Saxony | Württemberg | Hanseatic League
DT433.545.L85	20	3340,3345	Gabon (Gaboon, Gabun) | Kenya
DT433.545.S26	20	3340,3345	Gabon (Gaboon, Gabun) | Kenya
K5014.6	20	11752,12989	Criminal Law & Procedure | General Criminal Law & Procedure
DD801.F57	19	11450,11451,11452	Saxony | Württemberg | Hanseatic League
DD801.H21	19	11450,11451,11452	Saxony | Württemberg | Hanseatic League
DD801.H545	19	11450,11451,11452	Saxony | Württemberg | Hanseatic League
DD801.S6339	19	11450,11451,11452	Saxony | Württemberg | Hanseatic League
DR553	19	11399,11565	Ottoman Empire, 1281/1453–1918 | Turkey, 1640-1789
K5215.5	19	11752,12989	Criminal Law & Procedure | General Criminal Law & Procedure
DD801.B87	18	11450,11451,11452	Saxony | Württemberg | Hanseatic League
DD801.F662	18	11450,11451,11452	Saxony | Württemberg | Hanseatic League
DD801.H2	18	11450,11451,11452	Saxony | Württemberg | Hanseatic League
DD801.M7	18	11450,11451,11452	Saxony | Württemberg | Hanseatic League
DD801.O26	18	11450,11451,11452	Saxony | Württemberg | Hanseatic League
DD801.P46	18	11450,11451,11452	Saxony | Württemberg | Hanseatic League
DD801.P491	18	11450,11451,11452	Saxony | Württemberg | Hanseatic League
DD801.P5	18	11450,11451,11452	Saxony | Württemberg | Hanseatic League
DD801.R492	18	11450,11451,11452	Saxony | Württemberg | Hanseatic League
DT433.545.T87	18	3340,3345	Gabon (Gaboon, Gabun) | Kenya
K5087.S4	18	11752,12989	Criminal Law & Procedure | General Criminal Law & Procedure
DD801.A28	17	11450,11451,11452	Saxony | Württemberg | Hanseatic League
DD801.B33	17	11450,11451,11452	Saxony | Württemberg | Hanseatic League
DD801.B88	17	11450,11451,11452	Saxony | Württemberg | Hanseatic League
DD801.E24	17	11450,11451,11452	Saxony | Württemberg | Hanseatic League
DR523	17	11399,11563	Ottoman Empire, 1281/1453–1918 | Ottoman Decline, 1566–1640
K5083	17	11752,12989	Criminal Law & Procedure | General Criminal Law & Procedure
K5305	17	11752,12989	Criminal Law & Procedure | General Criminal Law & Procedure
DD801.B377	16	11450,11451,11452	Saxony | Württemberg | Hanseatic League
DD801.B41	16	11450,11451,11452	Saxony | Württemberg | Hanseatic League
DD801.J862	16	11450,11451,11452	Saxony | Württemberg | Hanseatic League
DD801.O3	16	11450,11451,11452	Saxony | Württemberg | Hanseatic League
DD801.S6337	16	11450,11451,11452	Saxony | Württemberg | Hanseatic League
DD801.T47	16	11450,11451,11452	Saxony | Württemberg | Hanseatic League
DD801.W76	16	11450,11451,11452	Saxony | Württemberg | Hanseatic League
K5132	16	11752,12989	Criminal Law & Procedure | General Criminal Law & Procedure
K5301.A6	16	11752,12989	Criminal Law & Procedure | General Criminal Law & Procedure
DD801.B822	15	11450,11451,11452	Saxony | Württemberg | Hanseatic League
DD801.L862	15	11450,11451,11452	Saxony | Württemberg | Hanseatic League
DD801.M335	15	11450,11451,11452	Saxony | Württemberg | Hanseatic League
DD801.M952	15	11450,11451,11452	Saxony | Württemberg | Hanseatic League
DD801.P445	15	11450,11451,11452	Saxony | Württemberg | Hanseatic League
DD801.S96	15	11450,11451,11452	Saxony | Württemberg | Hanseatic League
DD801.W545	15	11450,11451,11452	Saxony | Württemberg | Hanseatic League
DR547	15	11399,11565	Ottoman Empire, 1281/1453–1918 | Turkey, 1640-1789
K1155.4	15	5619,11739	Industry & Economic Regulation | Corporate Law
K1188.B6	15	5619,11739	Industry & Economic Regulation | Corporate Law
K5105	15	11752,12989	Criminal Law & Procedure | General Criminal Law & Procedure
K5135	15	11752,12989	Criminal Law & Procedure | General Criminal Law & Procedure
K5250.A6	15	11752,12989	Criminal Law & Procedure | General Criminal Law & Procedure
K5277	15	11752,12989	Criminal Law & Procedure | General Criminal Law & Procedure
DD801.B15	14	11450,11451,11452	Saxony | Württemberg | Hanseatic League
DD801.B23A28	14	11450,11451,11452	Saxony | Württemberg | Hanseatic League
DD801.B31	14	11450,11451,11452	Saxony | Württemberg | Hanseatic League
DD801.B375	14	11450,11451,11452	Saxony | Württemberg | Hanseatic League
DD801.B49	14	11450,11451,11452	Saxony | Württemberg | Hanseatic League
DD801.B51	14	11450,11451,11452	Saxony | Württemberg | Hanseatic League
DD801.B54	14	11450,11451,11452	Saxony | Württemberg | Hanseatic League
DD801.F575	14	11450,11451,11452	Saxony | Württemberg | Hanseatic League
DD801.H15	14	11450,11451,11452	Saxony | Württemberg | Hanseatic League
DD801.H547	14	11450,11451,11452	Saxony | Württemberg | Hanseatic League
DD801.H59	14	11450,11451,11452	Saxony | Württemberg | Hanseatic League
DD801.S397	14	11450,11451,11452	Saxony | Württemberg | Hanseatic League
DD801.S65	14	11450,11451,11452	Saxony | Württemberg | Hanseatic League
DD801.S85	14	11450,11451,11452	Saxony | Württemberg | Hanseatic League
DD801.W53	14	11450,11451,11452	Saxony | Württemberg | Hanseatic League
DD801.W5445	14	11450,11451,11452	Saxony | Württemberg | Hanseatic League
DR526	14	11399,11563	Ottoman Empire, 1281/1453–1918 | Ottoman Decline, 1566–1640
K5015.6	14	11752,12989	Criminal Law & Procedure | General Criminal Law & Procedure
K5067	14	11752,12989	Criminal Law & Procedure | General Criminal Law & Procedure
K5171	14	11752,12989	Criminal Law & Procedure | General Criminal Law & Procedure
K5276	14	11752,12989	Criminal Law & Procedure | General Criminal Law & Procedure
DD801.B38	13	11450,11451,11452	Saxony | Württemberg | Hanseatic League
DD801.B395	13	11450,11451,11452	Saxony | Württemberg | Hanseatic League
DD801.B47	13	11450,11451,11452	Saxony | Württemberg | Hanseatic League
DD801.B6845	13	11450,11451,11452	Saxony | Württemberg | Hanseatic League
DD801.K3	13	11450,11451,11452	Saxony | Württemberg | Hanseatic League
DD801.L78	13	11450,11451,11452	Saxony | Württemberg | Hanseatic League
DD801.L854	13	11450,11451,11452	Saxony | Württemberg | Hanseatic League
DD801.M2	13	11450,11451,11452	Saxony | Württemberg | Hanseatic League
DD801.M37	13	11450,11451,11452	Saxony | Württemberg | Hanseatic League
DD801.R7	13	11450,11451,11452	Saxony | Württemberg | Hanseatic League
DD801.S6333	13	11450,11451,11452	Saxony | Württemberg | Hanseatic League
DD801.V7	13	11450,11451,11452	Saxony | Württemberg | Hanseatic League
DD801.W547	13	11450,11451,11452	Saxony | Württemberg | Hanseatic League
DD801.W55	13	11450,11451,11452	Saxony | Württemberg | Hanseatic League
DD801.W62	13	11450,11451,11452	Saxony | Württemberg | Hanseatic League
DR519	13	11399,11563	Ottoman Empire, 1281/1453–1918 | Ottoman Decline, 1566–1640
DT433.545.G86	13	3340,3345	Gabon (Gaboon, Gabun) | Kenya
K5030.D35	13	11752,12989	Criminal Law & Procedure | General Criminal Law & Procedure
K5110	13	11752,12989	Criminal Law & Procedure | General Criminal Law & Procedure
DD801.B17	12	11450,11451,11452	Saxony | Württemberg | Hanseatic League
DD801.B237	12	11450,11451,11452	Saxony | Württemberg | Hanseatic League
DD801.B365	12	11450,11451,11452	Saxony | Württemberg | Hanseatic League
DD801.C75	12	11450,11451,11452	Saxony | Württemberg | Hanseatic League
DD801.E772	12	11450,11451,11452	Saxony | Württemberg | Hanseatic League
DD801.F55	12	11450,11451,11452	Saxony | Württemberg | Hanseatic League
DD801.H175	12	11450,11451,11452	Saxony | Württemberg | Hanseatic League
DD801.L834	12	11450,11451,11452	Saxony | Württemberg | Hanseatic League
DD801.R725	12	11450,11451,11452	Saxony | Württemberg | Hanseatic League
DD801.S44	12	11450,11451,11452	Saxony | Württemberg | Hanseatic League
DD801.W63	12	11450,11451,11452	Saxony | Württemberg | Hanseatic League
DD801.W65	12	11450,11451,11452	Saxony | Württemberg | Hanseatic League
DD801.W652	12	11450,11451,11452	Saxony | Württemberg | Hanseatic League
DD801B35	12	11450,11451,11452	Saxony | Württemberg | Hanseatic League
DT433.545.K36	12	3340,3345	Gabon (Gaboon, Gabun) | Kenya
DT641	12	3375,10534	Zaire. Congo (Democratic Republic). Belgian Congo | Congo (Democratic Republic). Zaire. Belgian Congo
K5087.N4	12	11752,12989	Criminal Law & Procedure | General Criminal Law & Procedure
K7400	12	5312,5619	Private international law. Conflict of laws | Industry & Economic Regulation
DD801.B46	11	11450,11451,11452	Saxony | Württemberg | Hanseatic League
DD801.D562	11	11450,11451,11452	Saxony | Württemberg | Hanseatic League
DD801.H7	11	11450,11451,11452	Saxony | Württemberg | Hanseatic League
DD801.L858	11	11450,11451,11452	Saxony | Württemberg | Hanseatic League
DD801.R73	11	11450,11451,11452	Saxony | Württemberg | Hanseatic League
DD801.S144	11	11450,11451,11452	Saxony | Württemberg | Hanseatic League
DD801.S1672	11	11450,11451,11452	Saxony | Württemberg | Hanseatic League
DD801.S33	11	11450,11451,11452	Saxony | Württemberg | Hanseatic League
DD801.S63	11	11450,11451,11452	Saxony | Württemberg | Hanseatic League
DD801.S8	11	11450,11451,11452	Saxony | Württemberg | Hanseatic League
DD801.T49	11	11450,11451,11452	Saxony | Württemberg | Hanseatic League
DD801.W544	11	11450,11451,11452	Saxony | Württemberg | Hanseatic League
DR544	11	11399,11565	Ottoman Empire, 1281/1453–1918 | Turkey, 1640-1789
DT433.545.B67	11	3340,3345	Gabon (Gaboon, Gabun) | Kenya
DT433.545.M47	11	3340,3345	Gabon (Gaboon, Gabun) | Kenya
DT643	11	3375,10534	Zaire. Congo (Democratic Republic). Belgian Congo | Congo (Democratic Republic). Zaire. Belgian Congo
DT646	11	3375,10534	Zaire. Congo (Democratic Republic). Belgian Congo | Congo (Democratic Republic). Zaire. Belgian Congo
HF5389.3.L3	11	5113,12267	Business Etiquette | Business Etiquette
K5020	11	11752,12989	Criminal Law & Procedure | General Criminal Law & Procedure
DD801.A72	10	11450,11451,11452	Saxony | Württemberg | Hanseatic League
DD801.B239	10	11450,11451,11452	Saxony | Württemberg | Hanseatic League
DD801.H652	10	11450,11451,11452	Saxony | Württemberg | Hanseatic League
DD801.L855	10	11450,11451,11452	Saxony | Württemberg | Hanseatic League
DD801.R744	10	11450,11451,11452	Saxony | Württemberg | Hanseatic League
DD801.S147	10	11450,11451,11452	Saxony | Württemberg | Hanseatic League
DD801.S386	10	11450,11451,11452	Saxony | Württemberg | Hanseatic League
DD801.S63347	10	11450,11451,11452	Saxony | Württemberg | Hanseatic League
DD801.S834	10	11450,11451,11452	Saxony | Württemberg | Hanseatic League
DD801.W61	10	11450,11451,11452	Saxony | Württemberg | Hanseatic League
DD801.W78	10	11450,11451,11452	Saxony | Württemberg | Hanseatic League
DR521	10	11399,11563	Ottoman Empire, 1281/1453–1918 | Ottoman Decline, 1566–1640
DT433.545.S85	10	3340,3345	Gabon (Gaboon, Gabun) | Kenya
HF5389.3.J3	10	5113,12267	Business Etiquette | Business Etiquette
K5125	10	11752,12989	Criminal Law & Procedure | General Criminal Law & Procedure
K7350.A54	10	5312,5619	Private international law. Conflict of laws | Industry & Economic Regulation
DD801.A466	9	11450,11451,11452	Saxony | Württemberg | Hanseatic League
DD801.B2345O37	9	11450,11451,11452	Saxony | Württemberg | Hanseatic League
DD801.B89	9	11450,11451,11452	Saxony | Württemberg | Hanseatic League
DD801.E462	9	11450,11451,11452	Saxony | Württemberg | Hanseatic League
DD801.E47	9	11450,11451,11452	Saxony | Württemberg | Hanseatic League
DD801.H18	9	11450,11451,11452	Saxony | Württemberg | Hanseatic League
DD801.H52	9	11450,11451,11452	Saxony | Württemberg | Hanseatic League
DD801.I8	9	11450,11451,11452	Saxony | Württemberg | Hanseatic League
DD801.K57	9	11450,11451,11452	Saxony | Württemberg | Hanseatic League
DD801.K7	9	11450,11451,11452	Saxony | Württemberg | Hanseatic League
DD801.O35	9	11450,11451,11452	Saxony | Württemberg | Hanseatic League
DD801.W73	9	11450,11451,11452	Saxony | Württemberg | Hanseatic League
DT433.545.D67	9	3340,3345	Gabon (Gaboon, Gabun) | Kenya
K3282.C2	9	5321,11745	Church–State Relations | Government Institutions
K5022	9	11752,12989	Criminal Law & Procedure | General Criminal Law & Procedure
K5087.C6	9	11752,12989	Criminal Law & Procedure | General Criminal Law & Procedure
K5128	9	11752,12989	Criminal Law & Procedure | General Criminal Law & Procedure
K5201	9	11752,12989	Criminal Law & Procedure | General Criminal Law & Procedure
K5219	9	11752,12989	Criminal Law & Procedure | General Criminal Law & Procedure
K5304.A41984	9	11752,12989	Criminal Law & Procedure | General Criminal Law & Procedure
DD801.B381	8	11450,11451,11452	Saxony | Württemberg | Hanseatic League
DD801.B448	8	11450,11451,11452	Saxony | Württemberg | Hanseatic League
DD801.B793	8	11450,11451,11452	Saxony | Württemberg | Hanseatic League
DD801.C48	8	11450,11451,11452	Saxony | Württemberg | Hanseatic League
DD801.F5647	8	11450,11451,11452	Saxony | Württemberg | Hanseatic League
DD801.H47	8	11450,11451,11452	Saxony | Württemberg | Hanseatic League
DD801.H632	8	11450,11451,11452	Saxony | Württemberg | Hanseatic League
DD801.M25	8	11450,11451,11452	Saxony | Württemberg | Hanseatic League
DD801.M33	8	11450,11451,11452	Saxony | Württemberg | Hanseatic League
DD801.M345	8	11450,11451,11452	Saxony | Württemberg | Hanseatic League
DD801.M347	8	11450,11451,11452	Saxony | Württemberg | Hanseatic League
DD801.M5	8	11450,11451,11452	Saxony | Württemberg | Hanseatic League
DD801.O4	8	11450,11451,11452	Saxony | Württemberg | Hanseatic League
DD801.R783	8	11450,11451,11452	Saxony | Württemberg | Hanseatic League
DD801.S335	8	11450,11451,11452	Saxony | Württemberg | Hanseatic League
DD801.S382	8	11450,11451,11452	Saxony | Württemberg | Hanseatic League
DD801.S396	8	11450,11451,11452	Saxony | Württemberg | Hanseatic League
DD801.S406	8	11450,11451,11452	Saxony | Württemberg | Hanseatic League
DD801.S409	8	11450,11451,11452	Saxony | Württemberg | Hanseatic League
DD801.S635	8	11450,11451,11452	Saxony | Württemberg | Hanseatic League
DD801.U53	8	11450,11451,11452	Saxony | Württemberg | Hanseatic League
DD801.W66	8	11450,11451,11452	Saxony | Württemberg | Hanseatic League
DD801.W694	8	11450,11451,11452	Saxony | Württemberg | Hanseatic League
DD801.W764	8	11450,11451,11452	Saxony | Württemberg | Hanseatic League
DD801O45	8	11450,11451,11452	Saxony | Württemberg | Hanseatic League
DL501	8	11535,11537	Danish Norway, 1387–1814 | Union with Sweden, 1814
DR551	8	11399,11565	Ottoman Empire, 1281/1453–1918 | Turkey, 1640-1789
DR555	8	11399,11565	Ottoman Empire, 1281/1453–1918 | Turkey, 1640-1789
DT223	8	3348,3371	Libya | Tunisia (Tunis)
DT223.2.I73	8	3348,3371	Libya | Tunisia (Tunis)
HF5389.3	8	5113,12267	Business Etiquette | Business Etiquette
HF5389.3.A78	8	5113,12267	Business Etiquette | Business Etiquette
K1022.B7	8	5619,11738	Industry & Economic Regulation | Commercial Contracts & Banking
K5026	8	11752,12989	Criminal Law & Procedure | General Criminal Law & Procedure
K5072	8	11752,12989	Criminal Law & Procedure | General Criminal Law & Procedure
K5084	8	11752,12989	Criminal Law & Procedure | General Criminal Law & Procedure
K5097	8	11752,12989	Criminal Law & Procedure | General Criminal Law & Procedure
K5104.A6	8	11752,12989	Criminal Law & Procedure | General Criminal Law & Procedure
K5191.W65	8	11752,12989	Criminal Law & Procedure | General Criminal Law & Procedure
DD801.B147	7	11450,11451,11452	Saxony | Württemberg | Hanseatic League
DD801.B385	7	11450,11451,11452	Saxony | Württemberg | Hanseatic League
DD801.B4585	7	11450,11451,11452	Saxony | Württemberg | Hanseatic League
DD801.B472	7	11450,11451,11452	Saxony | Württemberg | Hanseatic League
DD801.C35	7	11450,11451,11452	Saxony | Württemberg | Hanseatic League
DD801.F565	7	11450,11451,11452	Saxony | Württemberg | Hanseatic League
DD801.G43	7	11450,11451,11452	Saxony | Württemberg | Hanseatic League
DD801.G86	7	11450,11451,11452	Saxony | Württemberg | Hanseatic League
DD801.H53	7	11450,11451,11452	Saxony | Württemberg | Hanseatic League
DD801.L36	7	11450,11451,11452	Saxony | Württemberg | Hanseatic League
DD801.L745	7	11450,11451,11452	Saxony | Württemberg | Hanseatic League
DD801.L857	7	11450,11451,11452	Saxony | Württemberg | Hanseatic League
DD801.S392	7	11450,11451,11452	Saxony | Württemberg | Hanseatic League
DD801.S4	7	11450,11451,11452	Saxony | Württemberg | Hanseatic League
DD801.S416	7	11450,11451,11452	Saxony | Württemberg | Hanseatic League
DD801.T27	7	11450,11451,11452	Saxony | Württemberg | Hanseatic League
DD801.U34	7	11450,11451,11452	Saxony | Württemberg | Hanseatic League
DD801.U8	7	11450,11451,11452	Saxony | Württemberg | Hanseatic League
DD801.W549	7	11450,11451,11452	Saxony | Württemberg | Hanseatic League
DR513	7	11399,11563	Ottoman Empire, 1281/1453–1918 | Ottoman Decline, 1566–1640
DR548	7	11399,11565	Ottoman Empire, 1281/1453–1918 | Turkey, 1640-1789
DT433.545.B74	7	3340,3345	Gabon (Gaboon, Gabun) | Kenya
DT433.545.S93	7	3340,3345	Gabon (Gaboon, Gabun) | Kenya
DT650.17	7	3375,10534	Zaire. Congo (Democratic Republic). Belgian Congo | Congo (Democratic Republic). Zaire. Belgian Congo
DT650.17.B63	7	3375,10534	Zaire. Congo (Democratic Republic). Belgian Congo | Congo (Democratic Republic). Zaire. Belgian Congo
HF5389.3.U6	7	5113,12267	Business Etiquette | Business Etiquette
K1150.A35	7	5619,11739	Industry & Economic Regulation | Corporate Law
K5094	7	11752,12989	Criminal Law & Procedure | General Criminal Law & Procedure
K5172	7	11752,12989	Criminal Law & Procedure | General Criminal Law & Procedure
K5261.A42003	7	11752,12989	Criminal Law & Procedure | General Criminal Law & Procedure
K5301.A35	7	11752,12989	Criminal Law & Procedure | General Criminal Law & Procedure
K7384.L48	7	5312,5619	Private international law. Conflict of laws | Industry & Economic Regulation
DD801.A347	6	11450,11451,11452	Saxony | Württemberg | Hanseatic League
DD801.A44	6	11450,11451,11452	Saxony | Württemberg | Hanseatic League
DD801.B157	6	11450,11451,11452	Saxony | Württemberg | Hanseatic League
DD801.B2347	6	11450,11451,11452	Saxony | Württemberg | Hanseatic League
DD801.B2348	6	11450,11451,11452	Saxony | Württemberg | Hanseatic League
DD801.B361	6	11450,11451,11452	Saxony | Württemberg | Hanseatic League
DD801.B4	6	11450,11451,11452	Saxony | Württemberg | Hanseatic League
DD801.B45	6	11450,11451,11452	Saxony | Württemberg | Hanseatic League
DD801.B455	6	11450,11451,11452	Saxony | Württemberg | Hanseatic League
DD801.B689	6	11450,11451,11452	Saxony | Württemberg | Hanseatic League
DD801.B76	6	11450,11451,11452	Saxony | Württemberg | Hanseatic League
DD801.B77	6	11450,11451,11452	Saxony | Württemberg | Hanseatic League
DD801.B85	6	11450,11451,11452	Saxony | Württemberg | Hanseatic League
DD801.C43	6	11450,11451,11452	Saxony | Württemberg | Hanseatic League
DD801.C78	6	11450,11451,11452	Saxony | Württemberg | Hanseatic League
DD801.D86	6	11450,11451,11452	Saxony | Württemberg | Hanseatic League
DD801.F87	6	11450,11451,11452	Saxony | Württemberg | Hanseatic League
DD801.K35	6	11450,11451,11452	Saxony | Württemberg | Hanseatic League
DD801.K76	6	11450,11451,11452	Saxony | Württemberg | Hanseatic League
DD801.L75	6	11450,11451,11452	Saxony | Württemberg | Hanseatic League
DD801.M39	6	11450,11451,11452	Saxony | Württemberg | Hanseatic League
DD801.O24	6	11450,11451,11452	Saxony | Württemberg | Hanseatic League
DD801.O45	6	11450,11451,11452	Saxony | Württemberg | Hanseatic League
DD801.O77	6	11450,11451,11452	Saxony | Württemberg | Hanseatic League
DD801.P448	6	11450,11451,11452	Saxony | Württemberg | Hanseatic League
DD801.P49	6	11450,11451,11452	Saxony | Württemberg | Hanseatic League
DD801.S134	6	11450,11451,11452	Saxony | Württemberg | Hanseatic League
DD801.W21	6	11450,11451,11452	Saxony | Württemberg | Hanseatic League
DD801.W43	6	11450,11451,11452	Saxony | Württemberg | Hanseatic League
DD801.W688	6	11450,11451,11452	Saxony | Württemberg | Hanseatic League
DR528	6	11399,11563	Ottoman Empire, 1281/1453–1918 | Ottoman Decline, 1566–1640
DR533	6	11399,11565	Ottoman Empire, 1281/1453–1918 | Turkey, 1640-1789
DR545	6	11399,11565	Ottoman Empire, 1281/1453–1918 | Turkey, 1640-1789
DT433.545.L63	6	3340,3345	Gabon (Gaboon, Gabun) | Kenya
DT433.545.T34	6	3340,3345	Gabon (Gaboon, Gabun) | Kenya
HF5389.3.E85	6	5113,12267	Business Etiquette | Business Etiquette
K1150.A6	6	5619,11739	Industry & Economic Regulation | Corporate Law
K5015.4.A5	6	11752,12989	Criminal Law & Procedure | General Criminal Law & Procedure
K5226	6	11752,12989	Criminal Law & Procedure | General Criminal Law & Procedure
K5291	6	11752,12989	Criminal Law & Procedure | General Criminal Law & Procedure
DD801.A16	5	11450,11451,11452	Saxony | Württemberg | Hanseatic League
DD801.A265	5	11450,11451,11452	Saxony | Württemberg | Hanseatic League
DD801.A683	5	11450,11451,11452	Saxony | Württemberg | Hanseatic League
DD801.A865	5	11450,11451,11452	Saxony | Württemberg | Hanseatic League
DD801.B232	5	11450,11451,11452	Saxony | Württemberg | Hanseatic League
DD801.B39	5	11450,11451,11452	Saxony | Württemberg | Hanseatic League
DD801.B444	5	11450,11451,11452	Saxony | Württemberg | Hanseatic League
DD801.B45478	5	11450,11451,11452	Saxony | Württemberg | Hanseatic League
DD801.B4743	5	11450,11451,11452	Saxony | Württemberg | Hanseatic League
DD801.B546	5	11450,11451,11452	Saxony | Württemberg | Hanseatic League
DD801.B683	5	11450,11451,11452	Saxony | Württemberg | Hanseatic League
DD801.B6835	5	11450,11451,11452	Saxony | Württemberg | Hanseatic League
DD801.C54	5	11450,11451,11452	Saxony | Württemberg | Hanseatic League
DD801.D32	5	11450,11451,11452	Saxony | Württemberg | Hanseatic League
DD801.E233	5	11450,11451,11452	Saxony | Württemberg | Hanseatic League
DD801.F45	5	11450,11451,11452	Saxony | Württemberg | Hanseatic League
DD801.F567	5	11450,11451,11452	Saxony | Württemberg | Hanseatic League
DD801.F85	5	11450,11451,11452	Saxony | Württemberg | Hanseatic League
DD801.H29	5	11450,11451,11452	Saxony | Württemberg | Hanseatic League
DD801.H345	5	11450,11451,11452	Saxony | Württemberg | Hanseatic League
DD801.H36	5	11450,11451,11452	Saxony | Württemberg | Hanseatic League
DD801.L27	5	11450,11451,11452	Saxony | Württemberg | Hanseatic League
DD801.L43	5	11450,11451,11452	Saxony | Württemberg | Hanseatic League
DD801.L72	5	11450,11451,11452	Saxony | Württemberg | Hanseatic League
DD801.L747	5	11450,11451,11452	Saxony | Württemberg | Hanseatic League
DD801.L859	5	11450,11451,11452	Saxony | Württemberg | Hanseatic League
DD801.M36	5	11450,11451,11452	Saxony | Württemberg | Hanseatic League
DD801.N375	5	11450,11451,11452	Saxony | Württemberg | Hanseatic League
DD801.O235	5	11450,11451,11452	Saxony | Württemberg | Hanseatic League
DD801.O355	5	11450,11451,11452	Saxony | Württemberg | Hanseatic League
DD801.O495	5	11450,11451,11452	Saxony | Württemberg | Hanseatic League
DD801.P33	5	11450,11451,11452	Saxony | Württemberg | Hanseatic League
DD801.R19	5	11450,11451,11452	Saxony | Württemberg | Hanseatic League
DD801.R4865	5	11450,11451,11452	Saxony | Württemberg | Hanseatic League
DD801.R77	5	11450,11451,11452	Saxony | Württemberg | Hanseatic League
DD801.S12	5	11450,11451,11452	Saxony | Württemberg | Hanseatic League
DD801.S1445	5	11450,11451,11452	Saxony | Württemberg | Hanseatic League
DD801.S17	5	11450,11451,11452	Saxony | Württemberg | Hanseatic League
DD801.S281	5	11450,11451,11452	Saxony | Württemberg | Hanseatic League
DD801.S398	5	11450,11451,11452	Saxony | Württemberg | Hanseatic League
DD801.S54	5	11450,11451,11452	Saxony | Württemberg | Hanseatic League
DD801.S6357	5	11450,11451,11452	Saxony | Württemberg | Hanseatic League
DD801.S64	5	11450,11451,11452	Saxony | Württemberg | Hanseatic League
DD801.S74	5	11450,11451,11452	Saxony | Württemberg | Hanseatic League
DD801.S839	5	11450,11451,11452	Saxony | Württemberg | Hanseatic League
DD801.T25	5	11450,11451,11452	Saxony | Württemberg | Hanseatic League
DD801.T435	5	11450,11451,11452	Saxony | Württemberg | Hanseatic League
DD801.T447	5	11450,11451,11452	Saxony | Württemberg | Hanseatic League
DD801.T5	5	11450,11451,11452	Saxony | Württemberg | Hanseatic League
DD801.V37	5	11450,11451,11452	Saxony | Württemberg | Hanseatic League
DD801.W585	5	11450,11451,11452	Saxony | Württemberg | Hanseatic League
DD801.W75	5	11450,11451,11452	Saxony | Württemberg | Hanseatic League
DD801B18	5	11450,11451,11452	Saxony | Württemberg | Hanseatic League
DR525	5	11399,11563	Ottoman Empire, 1281/1453–1918 | Ottoman Decline, 1566–1640
DR541	5	11399,11565	Ottoman Empire, 1281/1453–1918 | Turkey, 1640-1789
DT433.545.A75	5	3340,3345	Gabon (Gaboon, Gabun) | Kenya
DT433.545.D54	5	3340,3345	Gabon (Gaboon, Gabun) | Kenya
DT433.545.L88	5	3340,3345	Gabon (Gaboon, Gabun) | Kenya
DT433.545.N34	5	3340,3345	Gabon (Gaboon, Gabun) | Kenya
DT433.545.N55	5	3340,3345	Gabon (Gaboon, Gabun) | Kenya
DT433.545.T3	5	3340,3345	Gabon (Gaboon, Gabun) | Kenya
K1153.3	5	5619,11739	Industry & Economic Regulation | Corporate Law
K1188.M37	5	5619,11739	Industry & Economic Regulation | Corporate Law
K5013	5	11752,12989	Criminal Law & Procedure | General Criminal Law & Procedure
K5014.3	5	11752,12989	Criminal Law & Procedure | General Criminal Law & Procedure
K5018.Z9	5	11752,12989	Criminal Law & Procedure | General Criminal Law & Procedure
K5019	5	11752,12989	Criminal Law & Procedure | General Criminal Law & Procedure
K5028.5	5	11752,12989	Criminal Law & Procedure | General Criminal Law & Procedure
K5103.N53	5	11752,12989	Criminal Law & Procedure | General Criminal Law & Procedure
K5105.5	5	11752,12989	Criminal Law & Procedure | General Criminal Law & Procedure
K5121.Z9	5	11752,12989	Criminal Law & Procedure | General Criminal Law & Procedure
K5178	5	11752,12989	Criminal Law & Procedure | General Criminal Law & Procedure
K5185	5	11752,12989	Criminal Law & Procedure | General Criminal Law & Procedure
K5216.A41997	5	11752,12989	Criminal Law & Procedure | General Criminal Law & Procedure
K5216.A6	5	11752,12989	Criminal Law & Procedure | General Criminal Law & Procedure
K5216.C36	5	11752,12989	Criminal Law & Procedure | General Criminal Law & Procedure
K5231	5	11752,12989	Criminal Law & Procedure | General Criminal Law & Procedure
K5250.I587	5	11752,12989	Criminal Law & Procedure | General Criminal Law & Procedure
K5250.S77	5	11752,12989	Criminal Law & Procedure | General Criminal Law & Procedure
K5250.T728	5	11752,12989	Criminal Law & Procedure | General Criminal Law & Procedure
K5252.5	5	11752,12989	Criminal Law & Procedure | General Criminal Law & Procedure
K5253	5	11752,12989	Criminal Law & Procedure | General Criminal Law & Procedure
K5293.A43	5	11752,12989	Criminal Law & Procedure | General Criminal Law & Procedure
K7485	5	5312,5619	Private international law. Conflict of laws | Industry & Economic Regulation
DD801.A467	4	11450,11451,11452	Saxony | Württemberg | Hanseatic League
DD801.A56	4	11450,11451,11452	Saxony | Württemberg | Hanseatic League
DD801.A684	4	11450,11451,11452	Saxony | Württemberg | Hanseatic League
DD801.A85	4	11450,11451,11452	Saxony | Württemberg | Hanseatic League
DD801.B107	4	11450,11451,11452	Saxony | Württemberg | Hanseatic League
DD801.B16	4	11450,11451,11452	Saxony | Württemberg | Hanseatic League
DD801.B19	4	11450,11451,11452	Saxony | Württemberg | Hanseatic League
DD801.B1976	4	11450,11451,11452	Saxony | Württemberg | Hanseatic League
DD801.B2315	4	11450,11451,11452	Saxony | Württemberg | Hanseatic League
DD801.B2335	4	11450,11451,11452	Saxony | Württemberg | Hanseatic League
DD801.B236	4	11450,11451,11452	Saxony | Württemberg | Hanseatic League
DD801.B238K33	4	11450,11451,11452	Saxony | Württemberg | Hanseatic League
DD801.B29	4	11450,11451,11452	Saxony | Württemberg | Hanseatic League
DD801.B374	4	11450,11451,11452	Saxony | Württemberg | Hanseatic League
DD801.B376	4	11450,11451,11452	Saxony | Württemberg | Hanseatic League
DD801.B445	4	11450,11451,11452	Saxony | Württemberg | Hanseatic League
DD801.B4583	4	11450,11451,11452	Saxony | Württemberg | Hanseatic League
DD801.B474	4	11450,11451,11452	Saxony | Württemberg | Hanseatic League
DD801.B487	4	11450,11451,11452	Saxony | Württemberg | Hanseatic League
DD801.B565	4	11450,11451,11452	Saxony | Württemberg | Hanseatic League
DD801.B68	4	11450,11451,11452	Saxony | Württemberg | Hanseatic League
DD801.B6847	4	11450,11451,11452	Saxony | Württemberg | Hanseatic League
DD801.B745	4	11450,11451,11452	Saxony | Württemberg | Hanseatic League
DD801.B835	4	11450,11451,11452	Saxony | Württemberg | Hanseatic League
DD801.B86	4	11450,11451,11452	Saxony | Württemberg | Hanseatic League
DD801.D56	4	11450,11451,11452	Saxony | Württemberg | Hanseatic League
DD801.D58	4	11450,11451,11452	Saxony | Württemberg | Hanseatic League
DD801.E4	4	11450,11451,11452	Saxony | Württemberg | Hanseatic League
DD801.F5635	4	11450,11451,11452	Saxony | Württemberg | Hanseatic League
DD801.F568	4	11450,11451,11452	Saxony | Württemberg | Hanseatic League
DD801.G42	4	11450,11451,11452	Saxony | Württemberg | Hanseatic League
DD801.G67	4	11450,11451,11452	Saxony | Württemberg | Hanseatic League
DD801.H397	4	11450,11451,11452	Saxony | Württemberg | Hanseatic League
DD801.H64	4	11450,11451,11452	Saxony | Württemberg | Hanseatic League
DD801.H642	4	11450,11451,11452	Saxony | Württemberg | Hanseatic League
DD801.K45	4	11450,11451,11452	Saxony | Württemberg | Hanseatic League
DD801.L45	4	11450,11451,11452	Saxony | Württemberg | Hanseatic League
DD801.L77	4	11450,11451,11452	Saxony | Württemberg | Hanseatic League
DD801.L8548	4	11450,11451,11452	Saxony | Württemberg | Hanseatic League
DD801.M16	4	11450,11451,11452	Saxony | Württemberg | Hanseatic League
DD801.M222	4	11450,11451,11452	Saxony | Württemberg | Hanseatic League
DD801.M226	4	11450,11451,11452	Saxony | Württemberg | Hanseatic League
DD801.M65	4	11450,11451,11452	Saxony | Württemberg | Hanseatic League
DD801.N3	4	11450,11451,11452	Saxony | Württemberg | Hanseatic League
DD801.N367	4	11450,11451,11452	Saxony | Württemberg | Hanseatic League
DD801.N395	4	11450,11451,11452	Saxony | Württemberg | Hanseatic League
DD801.O763	4	11450,11451,11452	Saxony | Württemberg | Hanseatic League
DD801.P42	4	11450,11451,11452	Saxony | Württemberg | Hanseatic League
DD801.P447	4	11450,11451,11452	Saxony | Württemberg | Hanseatic League
DD801.P66	4	11450,11451,11452	Saxony | Württemberg | Hanseatic League
DD801.P74	4	11450,11451,11452	Saxony | Württemberg | Hanseatic League
DD801.R7975	4	11450,11451,11452	Saxony | Württemberg | Hanseatic League
DD801.R799	4	11450,11451,11452	Saxony | Württemberg | Hanseatic League
DD801.S145	4	11450,11451,11452	Saxony | Württemberg | Hanseatic League
DD801.S224	4	11450,11451,11452	Saxony | Württemberg | Hanseatic League
DD801.S32	4	11450,11451,11452	Saxony | Württemberg | Hanseatic League
DD801.S384	4	11450,11451,11452	Saxony | Württemberg | Hanseatic League
DD801.S39	4	11450,11451,11452	Saxony | Württemberg | Hanseatic League
DD801.S414	4	11450,11451,11452	Saxony | Württemberg | Hanseatic League
DD801.S9415	4	11450,11451,11452	Saxony | Württemberg | Hanseatic League
DD801.T75	4	11450,11451,11452	Saxony | Württemberg | Hanseatic League
DD801.T8	4	11450,11451,11452	Saxony | Württemberg | Hanseatic League
DD801.U48	4	11450,11451,11452	Saxony | Württemberg | Hanseatic League
DD801.V54	4	11450,11451,11452	Saxony | Württemberg | Hanseatic League
DD801.W42	4	11450,11451,11452	Saxony | Württemberg | Hanseatic League
DD801.W5413	4	11450,11451,11452	Saxony | Württemberg | Hanseatic League
DD801.W543	4	11450,11451,11452	Saxony | Württemberg | Hanseatic League
DD801.W5435	4	11450,11451,11452	Saxony | Württemberg | Hanseatic League
DD801.W58	4	11450,11451,11452	Saxony | Württemberg | Hanseatic League
DD801.W61P76	4	11450,11451,11452	Saxony | Württemberg | Hanseatic League
DD801.W7	4	11450,11451,11452	Saxony | Württemberg | Hanseatic League
DD801.W725	4	11450,11451,11452	Saxony | Württemberg | Hanseatic League
DD801.W77	4	11450,11451,11452	Saxony | Württemberg | Hanseatic League
DD801.W82	4	11450,11451,11452	Saxony | Württemberg | Hanseatic League
DD801N4	4	11450,11451,11452	Saxony | Württemberg | Hanseatic League
DD801R75	4	11450,11451,11452	Saxony | Württemberg | Hanseatic League
DR536.5	4	11399,11565	Ottoman Empire, 1281/1453–1918 | Turkey, 1640-1789
DR537	4	11399,11565	Ottoman Empire, 1281/1453–1918 | Turkey, 1640-1789
DT223.2.Z87	4	3348,3371	Libya | Tunisia (Tunis)
DT433.545.E27	4	3340,3345	Gabon (Gaboon, Gabun) | Kenya
DT433.545.G32	4	3340,3345	Gabon (Gaboon, Gabun) | Kenya
DT433.545.M32	4	3340,3345	Gabon (Gaboon, Gabun) | Kenya
DT433.545.M33S64	4	3340,3345	Gabon (Gaboon, Gabun) | Kenya
DT433.545.O74	4	3340,3345	Gabon (Gaboon, Gabun) | Kenya
DT433.545.Y32	4	3340,3345	Gabon (Gaboon, Gabun) | Kenya
HF5389.3.A65	4	5113,12267	Business Etiquette | Business Etiquette
HF5389.C47	4	5113,12267	Business Etiquette | Business Etiquette
HF5389.M375	4	5113,12267	Business Etiquette | Business Etiquette
K1150.A51	4	5619,11739	Industry & Economic Regulation | Corporate Law
K1150.B47	4	5619,11739	Industry & Economic Regulation | Corporate Law
K1153.31965	4	5619,11739	Industry & Economic Regulation | Corporate Law
K1188.A7B47	4	5619,11739	Industry & Economic Regulation | Corporate Law
K5015.4.L83	4	11752,12989	Criminal Law & Procedure | General Criminal Law & Procedure
K5048	4	11752,12989	Criminal Law & Procedure | General Criminal Law & Procedure
K5087.D8	4	11752,12989	Criminal Law & Procedure | General Criminal Law & Procedure
K5087.S94	4	11752,12989	Criminal Law & Procedure | General Criminal Law & Procedure
K5101.A6	4	11752,12989	Criminal Law & Procedure | General Criminal Law & Procedure
K5126	4	11752,12989	Criminal Law & Procedure | General Criminal Law & Procedure
K5191.W65J66	4	11752,12989	Criminal Law & Procedure | General Criminal Law & Procedure
K5194.A6	4	11752,12989	Criminal Law & Procedure | General Criminal Law & Procedure
K5215.A6	4	11752,12989	Criminal Law & Procedure | General Criminal Law & Procedure
K5216.C76	4	11752,12989	Criminal Law & Procedure | General Criminal Law & Procedure
K5217	4	11752,12989	Criminal Law & Procedure | General Criminal Law & Procedure
K5240.A42	4	11752,12989	Criminal Law & Procedure | General Criminal Law & Procedure
K5240.A6	4	11752,12989	Criminal Law & Procedure | General Criminal Law & Procedure
K5250.E53	4	11752,12989	Criminal Law & Procedure | General Criminal Law & Procedure
K5250.T73	4	11752,12989	Criminal Law & Procedure | General Criminal Law & Procedure
K5266	4	11752,12989	Criminal Law & Procedure | General Criminal Law & Procedure
K5297.H47	4	11752,12989	Criminal Law & Procedure | General Criminal Law & Procedure
K5299	4	11752,12989	Criminal Law & Procedure | General Criminal Law & Procedure
K5301.B627	4	11752,12989	Criminal Law & Procedure | General Criminal Law & Procedure
K5302.S32	4	11752,12989	Criminal Law & Procedure | General Criminal Law & Procedure
K5304.6	4	11752,12989	Criminal Law & Procedure | General Criminal Law & Procedure
K5310	4	11752,12989	Criminal Law & Procedure | General Criminal Law & Procedure
K5575.Z9	4	5298,11752	Juvenile Criminal Law & Procedure | Criminal Law & Procedure
K5576	4	5298,11752	Juvenile Criminal Law & Procedure | Criminal Law & Procedure
DD801.A24	3	11450,11451,11452	Saxony | Württemberg | Hanseatic League
DD801.A34	3	11450,11451,11452	Saxony | Württemberg | Hanseatic League
DD801.A35	3	11450,11451,11452	Saxony | Württemberg | Hanseatic League
DD801.A522	3	11450,11451,11452	Saxony | Württemberg | Hanseatic League
DD801.A53	3	11450,11451,11452	Saxony | Württemberg | Hanseatic League
DD801.A78	3	11450,11451,11452	Saxony | Württemberg | Hanseatic League
DD801.A79	3	11450,11451,11452	Saxony | Württemberg | Hanseatic League
DD801.B12	3	11450,11451,11452	Saxony | Württemberg | Hanseatic League
DD801.B175	3	11450,11451,11452	Saxony | Württemberg | Hanseatic League
DD801.B1923	3	11450,11451,11452	Saxony | Württemberg | Hanseatic League
DD801.B19733	3	11450,11451,11452	Saxony | Württemberg | Hanseatic League
DD801.B233	3	11450,11451,11452	Saxony | Württemberg | Hanseatic League
DD801.B3738	3	11450,11451,11452	Saxony | Württemberg | Hanseatic League
DD801.B458	3	11450,11451,11452	Saxony | Württemberg | Hanseatic League
DD801.B459	3	11450,11451,11452	Saxony | Württemberg | Hanseatic League
DD801.B4594	3	11450,11451,11452	Saxony | Württemberg | Hanseatic League
DD801.B478	3	11450,11451,11452	Saxony | Württemberg | Hanseatic League
DD801.B485	3	11450,11451,11452	Saxony | Württemberg | Hanseatic League
DD801.B5465	3	11450,11451,11452	Saxony | Württemberg | Hanseatic League
DD801.B556	3	11450,11451,11452	Saxony | Württemberg | Hanseatic League
DD801.B56	3	11450,11451,11452	Saxony | Württemberg | Hanseatic League
DD801.B573	3	11450,11451,11452	Saxony | Württemberg | Hanseatic League
DD801.B655	3	11450,11451,11452	Saxony | Württemberg | Hanseatic League
DD801.B693	3	11450,11451,11452	Saxony | Württemberg | Hanseatic League
DD801.C6	3	11450,11451,11452	Saxony | Württemberg | Hanseatic League
DD801.D48	3	11450,11451,11452	Saxony | Württemberg | Hanseatic League
DD801.D72	3	11450,11451,11452	Saxony | Württemberg | Hanseatic League
DD801.E237	3	11450,11451,11452	Saxony | Württemberg | Hanseatic League
DD801.E464	3	11450,11451,11452	Saxony | Württemberg | Hanseatic League
DD801.E78	3	11450,11451,11452	Saxony | Württemberg | Hanseatic League
DD801.F5648	3	11450,11451,11452	Saxony | Württemberg | Hanseatic League
DD801.H25	3	11450,11451,11452	Saxony | Württemberg | Hanseatic League
DD801.H396	3	11450,11451,11452	Saxony | Württemberg | Hanseatic League
DD801.H43	3	11450,11451,11452	Saxony | Württemberg | Hanseatic League
DD801.H535	3	11450,11451,11452	Saxony | Württemberg | Hanseatic League
DD801.H62	3	11450,11451,11452	Saxony | Württemberg | Hanseatic League
DD801.H636	3	11450,11451,11452	Saxony | Württemberg | Hanseatic League
DD801.H73	3	11450,11451,11452	Saxony | Württemberg | Hanseatic League
DD801.H742	3	11450,11451,11452	Saxony | Württemberg | Hanseatic League
DD801.H76	3	11450,11451,11452	Saxony | Württemberg | Hanseatic League
DD801.J33	3	11450,11451,11452	Saxony | Württemberg | Hanseatic League
DD801.K38	3	11450,11451,11452	Saxony | Württemberg | Hanseatic League
DD801.K39	3	11450,11451,11452	Saxony | Württemberg | Hanseatic League
DD801.K96	3	11450,11451,11452	Saxony | Württemberg | Hanseatic League
DD801.L735	3	11450,11451,11452	Saxony | Württemberg | Hanseatic League
DD801.L74	3	11450,11451,11452	Saxony | Württemberg | Hanseatic League
DD801.M54	3	11450,11451,11452	Saxony | Württemberg | Hanseatic League
DD801.M565	3	11450,11451,11452	Saxony | Württemberg | Hanseatic League
DD801.M63	3	11450,11451,11452	Saxony | Württemberg | Hanseatic League
DD801.M85	3	11450,11451,11452	Saxony | Württemberg | Hanseatic League
DD801.M94	3	11450,11451,11452	Saxony | Württemberg | Hanseatic League
DD801.N34	3	11450,11451,11452	Saxony | Württemberg | Hanseatic League
DD801.N38	3	11450,11451,11452	Saxony | Württemberg | Hanseatic League
DD801.O25	3	11450,11451,11452	Saxony | Württemberg | Hanseatic League
DD801.O47	3	11450,11451,11452	Saxony | Württemberg | Hanseatic League
DD801.O48	3	11450,11451,11452	Saxony | Württemberg | Hanseatic League
DD801.O76	3	11450,11451,11452	Saxony | Württemberg | Hanseatic League
DD801.O84	3	11450,11451,11452	Saxony | Württemberg | Hanseatic League
DD801.P422	3	11450,11451,11452	Saxony | Württemberg | Hanseatic League
DD801.P435	3	11450,11451,11452	Saxony | Württemberg | Hanseatic League
DD801.P475	3	11450,11451,11452	Saxony | Württemberg | Hanseatic League
DD801.P54	3	11450,11451,11452	Saxony | Württemberg | Hanseatic League
DD801.R28	3	11450,11451,11452	Saxony | Württemberg | Hanseatic League
DD801.R48	3	11450,11451,11452	Saxony | Württemberg | Hanseatic League
DD801.R68	3	11450,11451,11452	Saxony | Württemberg | Hanseatic League
DD801.R74J66	3	11450,11451,11452	Saxony | Württemberg | Hanseatic League
DD801.S149	3	11450,11451,11452	Saxony | Württemberg | Hanseatic League
DD801.S2	3	11450,11451,11452	Saxony | Württemberg | Hanseatic League
DD801.S23	3	11450,11451,11452	Saxony | Württemberg | Hanseatic League
DD801.S287	3	11450,11451,11452	Saxony | Württemberg | Hanseatic League
DD801.S31	3	11450,11451,11452	Saxony | Württemberg | Hanseatic League
DD801.S387	3	11450,11451,11452	Saxony | Württemberg | Hanseatic League
DD801.S45	3	11450,11451,11452	Saxony | Württemberg | Hanseatic League
DD801.S58	3	11450,11451,11452	Saxony | Württemberg | Hanseatic League
DD801.S634	3	11450,11451,11452	Saxony | Württemberg | Hanseatic League
DD801.S684	3	11450,11451,11452	Saxony | Württemberg | Hanseatic League
DD801.S695	3	11450,11451,11452	Saxony | Württemberg | Hanseatic League
DD801.S73	3	11450,11451,11452	Saxony | Württemberg | Hanseatic League
DD801.S82	3	11450,11451,11452	Saxony | Württemberg | Hanseatic League
DD801.S86	3	11450,11451,11452	Saxony | Württemberg | Hanseatic League
DD801.S95	3	11450,11451,11452	Saxony | Württemberg | Hanseatic League
DD801.T35	3	11450,11451,11452	Saxony | Württemberg | Hanseatic League
DD801.U3127	3	11450,11451,11452	Saxony | Württemberg | Hanseatic League
DD801.U5	3	11450,11451,11452	Saxony | Württemberg | Hanseatic League
DD801.W5448	3	11450,11451,11452	Saxony | Württemberg | Hanseatic League
DD801.W627	3	11450,11451,11452	Saxony | Württemberg | Hanseatic League
DD801.W762	3	11450,11451,11452	Saxony | Württemberg | Hanseatic League
DD801.W93	3	11450,11451,11452	Saxony | Württemberg | Hanseatic League
DD801.W95	3	11450,11451,11452	Saxony | Württemberg | Hanseatic League
DD801B32	3	11450,11451,11452	Saxony | Württemberg | Hanseatic League
DD801B387	3	11450,11451,11452	Saxony | Württemberg | Hanseatic League
DD801B465	3	11450,11451,11452	Saxony | Württemberg | Hanseatic League
DD801N6	3	11450,11451,11452	Saxony | Württemberg | Hanseatic League
DD801P46	3	11450,11451,11452	Saxony | Württemberg | Hanseatic League
DD801R8	3	11450,11451,11452	Saxony | Württemberg | Hanseatic League
DD801S13	3	11450,11451,11452	Saxony | Württemberg | Hanseatic League
DD801S6338	3	11450,11451,11452	Saxony | Württemberg | Hanseatic League
DD801W636	3	11450,11451,11452	Saxony | Württemberg | Hanseatic League
DR521.T353	3	11399,11563	Ottoman Empire, 1281/1453–1918 | Ottoman Decline, 1566–1640
DR527	3	11399,11563	Ottoman Empire, 1281/1453–1918 | Ottoman Decline, 1566–1640
DR529.M87	3	11399,11563	Ottoman Empire, 1281/1453–1918 | Ottoman Decline, 1566–1640
DR534.M45	3	11399,11565	Ottoman Empire, 1281/1453–1918 | Turkey, 1640-1789
DR555.7	3	11399,11565	Ottoman Empire, 1281/1453–1918 | Turkey, 1640-1789
DT433.545	3	3340,3345	Gabon (Gaboon, Gabun) | Kenya
DT433.545.E48	3	3340,3345	Gabon (Gaboon, Gabun) | Kenya
DT433.545.G55	3	3340,3345	Gabon (Gaboon, Gabun) | Kenya
DT433.545.L88M33	3	3340,3345	Gabon (Gaboon, Gabun) | Kenya
DT433.545.M34	3	3340,3345	Gabon (Gaboon, Gabun) | Kenya
DT433.545.M87	3	3340,3345	Gabon (Gaboon, Gabun) | Kenya
DT433.545.R45	3	3340,3345	Gabon (Gaboon, Gabun) | Kenya
DT433.545.S75	3	3340,3345	Gabon (Gaboon, Gabun) | Kenya
DT433.545.S75W45	3	3340,3345	Gabon (Gaboon, Gabun) | Kenya
DT644.8	3	3375,10534	Zaire. Congo (Democratic Republic). Belgian Congo | Congo (Democratic Republic). Zaire. Belgian Congo
DT647.H85	3	3375,10534	Zaire. Congo (Democratic Republic). Belgian Congo | Congo (Democratic Republic). Zaire. Belgian Congo
HF5389.3.A7	3	5113,12267	Business Etiquette | Business Etiquette
HF5389.3.B7	3	5113,12267	Business Etiquette | Business Etiquette
HF5389.3.I4	3	5113,12267	Business Etiquette | Business Etiquette
HF5389.3.I5	3	5113,12267	Business Etiquette | Business Etiquette
HF5389.3.R8	3	5113,12267	Business Etiquette | Business Etiquette
HF5389.M3745	3	5113,12267	Business Etiquette | Business Etiquette
HF5389.S228	3	5113,12267	Business Etiquette | Business Etiquette
K1150.H47	3	5619,11739	Industry & Economic Regulation | Corporate Law
K1155.6	3	5619,11739	Industry & Economic Regulation | Corporate Law
K5015.4.E78	3	11752,12989	Criminal Law & Procedure | General Criminal Law & Procedure
K5038	3	11752,12989	Criminal Law & Procedure | General Criminal Law & Procedure
K5057	3	11752,12989	Criminal Law & Procedure | General Criminal Law & Procedure
K5064.A6	3	11752,12989	Criminal Law & Procedure | General Criminal Law & Procedure
K5076	3	11752,12989	Criminal Law & Procedure | General Criminal Law & Procedure
K5101.Z9	3	11752,12989	Criminal Law & Procedure | General Criminal Law & Procedure
K5103.B76	3	11752,12989	Criminal Law & Procedure | General Criminal Law & Procedure
K5103.M49	3	11752,12989	Criminal Law & Procedure | General Criminal Law & Procedure
K5103.R68	3	11752,12989	Criminal Law & Procedure | General Criminal Law & Procedure
K5104.Z9	3	11752,12989	Criminal Law & Procedure | General Criminal Law & Procedure
K5105.4	3	11752,12989	Criminal Law & Procedure | General Criminal Law & Procedure
K5132.F74	3	11752,12989	Criminal Law & Procedure | General Criminal Law & Procedure
K5165.I58	3	11752,12989	Criminal Law & Procedure | General Criminal Law & Procedure
K5177	3	11752,12989	Criminal Law & Procedure | General Criminal Law & Procedure
K5197.E37	3	11752,12989	Criminal Law & Procedure | General Criminal Law & Procedure
K5197.R48	3	11752,12989	Criminal Law & Procedure | General Criminal Law & Procedure
K5215.P83	3	11752,12989	Criminal Law & Procedure | General Criminal Law & Procedure
K5250.R47	3	11752,12989	Criminal Law & Procedure | General Criminal Law & Procedure
K5252	3	11752,12989	Criminal Law & Procedure | General Criminal Law & Procedure
K5256.A35I58	3	11752,12989	Criminal Law & Procedure | General Criminal Law & Procedure
K5256.C68	3	11752,12989	Criminal Law & Procedure | General Criminal Law & Procedure
K5256.Z9	3	11752,12989	Criminal Law & Procedure | General Criminal Law & Procedure
K5261.A6	3	11752,12989	Criminal Law & Procedure | General Criminal Law & Procedure
K5274	3	11752,12989	Criminal Law & Procedure | General Criminal Law & Procedure
K5301.M56	3	11752,12989	Criminal Law & Procedure | General Criminal Law & Procedure
K5301.R38	3	11752,12989	Criminal Law & Procedure | General Criminal Law & Procedure
K5302.H34	3	11752,12989	Criminal Law & Procedure | General Criminal Law & Procedure
K5304.5.H46	3	11752,12989	Criminal Law & Procedure | General Criminal Law & Procedure
K5575.H45	3	5298,11752	Juvenile Criminal Law & Procedure | Criminal Law & Procedure
K5580	3	5298,11752	Juvenile Criminal Law & Procedure | Criminal Law & Procedure
K7350.A6	3	5312,5619	Private international law. Conflict of laws | Industry & Economic Regulation
K7350.C67	3	5312,5619	Private international law. Conflict of laws | Industry & Economic Regulation
K7360	3	5312,5619	Private international law. Conflict of laws | Industry & Economic Regulation
K7390	3	5312,5619	Private international law. Conflict of laws | Industry & Economic Regulation
K7510.A6	3	5312,5619	Private international law. Conflict of laws | Industry & Economic Regulation
DD801.A23	2	11450,11451,11452	Saxony | Württemberg | Hanseatic League
DD801.A397	2	11450,11451,11452	Saxony | Württemberg | Hanseatic League
DD801.A55	2	11450,11451,11452	Saxony | Württemberg | Hanseatic League
DD801.A687	2	11450,11451,11452	Saxony | Württemberg | Hanseatic League
DD801.A688	2	11450,11451,11452	Saxony | Württemberg | Hanseatic League
DD801.B135	2	11450,11451,11452	Saxony | Württemberg | Hanseatic League
DD801.B145	2	11450,11451,11452	Saxony | Württemberg | Hanseatic League
DD801.B166	2	11450,11451,11452	Saxony | Württemberg | Hanseatic League
DD801.B18H47	2	11450,11451,11452	Saxony | Württemberg | Hanseatic League
DD801.B198	2	11450,11451,11452	Saxony | Württemberg | Hanseatic League
DD801.B24	2	11450,11451,11452	Saxony | Württemberg | Hanseatic League
DD801.B25	2	11450,11451,11452	Saxony | Württemberg | Hanseatic League
DD801.B26	2	11450,11451,11452	Saxony | Württemberg | Hanseatic League
DD801.B34G74	2	11450,11451,11452	Saxony | Württemberg | Hanseatic League
DD801.B361907	2	11450,11451,11452	Saxony | Württemberg | Hanseatic League
DD801.B372	2	11450,11451,11452	Saxony | Württemberg | Hanseatic League
DD801.B4545	2	11450,11451,11452	Saxony | Württemberg | Hanseatic League
DD801.B4557	2	11450,11451,11452	Saxony | Württemberg | Hanseatic League
DD801.B456	2	11450,11451,11452	Saxony | Württemberg | Hanseatic League
DD801.B463	2	11450,11451,11452	Saxony | Württemberg | Hanseatic League
DD801.B4857	2	11450,11451,11452	Saxony | Württemberg | Hanseatic League
DD801.B547	2	11450,11451,11452	Saxony | Württemberg | Hanseatic League
DD801.B558	2	11450,11451,11452	Saxony | Württemberg | Hanseatic League
DD801.B64S298	2	11450,11451,11452	Saxony | Württemberg | Hanseatic League
DD801.B65	2	11450,11451,11452	Saxony | Württemberg | Hanseatic League
DD801.B682	2	11450,11451,11452	Saxony | Württemberg | Hanseatic League
DD801.B6848	2	11450,11451,11452	Saxony | Württemberg | Hanseatic League
DD801.B689R53	2	11450,11451,11452	Saxony | Württemberg | Hanseatic League
DD801.B69	2	11450,11451,11452	Saxony | Württemberg | Hanseatic League
DD801.B695	2	11450,11451,11452	Saxony | Württemberg | Hanseatic League
DD801.B74	2	11450,11451,11452	Saxony | Württemberg | Hanseatic League
DD801.B794	2	11450,11451,11452	Saxony | Württemberg | Hanseatic League
DD801.B83	2	11450,11451,11452	Saxony | Württemberg | Hanseatic League
DD801.B84	2	11450,11451,11452	Saxony | Württemberg | Hanseatic League
DD801.B845	2	11450,11451,11452	Saxony | Württemberg | Hanseatic League
DD801.C64	2	11450,11451,11452	Saxony | Württemberg | Hanseatic League
DD801.C715	2	11450,11451,11452	Saxony | Württemberg | Hanseatic League
DD801.C745	2	11450,11451,11452	Saxony | Württemberg | Hanseatic League
DD801.C747	2	11450,11451,11452	Saxony | Württemberg | Hanseatic League
DD801.C77	2	11450,11451,11452	Saxony | Württemberg | Hanseatic League
DD801.D35	2	11450,11451,11452	Saxony | Württemberg | Hanseatic League
DD801.D37	2	11450,11451,11452	Saxony | Württemberg | Hanseatic League
DD801.D38	2	11450,11451,11452	Saxony | Württemberg | Hanseatic League
DD801.D386	2	11450,11451,11452	Saxony | Württemberg | Hanseatic League
DD801.D46	2	11450,11451,11452	Saxony | Württemberg | Hanseatic League
DD801.D64	2	11450,11451,11452	Saxony | Württemberg | Hanseatic League
DD801.D66	2	11450,11451,11452	Saxony | Württemberg | Hanseatic League
DD801.D74	2	11450,11451,11452	Saxony | Württemberg | Hanseatic League
DD801.D85	2	11450,11451,11452	Saxony | Württemberg | Hanseatic League
DD801.E2336	2	11450,11451,11452	Saxony | Württemberg | Hanseatic League
DD801.E25	2	11450,11451,11452	Saxony | Württemberg | Hanseatic League
DD801.E28	2	11450,11451,11452	Saxony | Württemberg | Hanseatic League
DD801.E33	2	11450,11451,11452	Saxony | Württemberg | Hanseatic League
DD801.E682	2	11450,11451,11452	Saxony | Württemberg | Hanseatic League
DD801.E72	2	11450,11451,11452	Saxony | Württemberg | Hanseatic League
DD801.E73	2	11450,11451,11452	Saxony | Württemberg | Hanseatic League
DD801.F48	2	11450,11451,11452	Saxony | Württemberg | Hanseatic League
DD801.F53	2	11450,11451,11452	Saxony | Württemberg | Hanseatic League
DD801.F56	2	11450,11451,11452	Saxony | Württemberg | Hanseatic League
DD801.F5613	2	11450,11451,11452	Saxony | Württemberg | Hanseatic League
DD801.F5645	2	11450,11451,11452	Saxony | Württemberg | Hanseatic League
DD801.F569	2	11450,11451,11452	Saxony | Württemberg | Hanseatic League
DD801.F634	2	11450,11451,11452	Saxony | Württemberg | Hanseatic League
DD801.F64	2	11450,11451,11452	Saxony | Württemberg | Hanseatic League
DD801.F65	2	11450,11451,11452	Saxony | Württemberg | Hanseatic League
DD801.F73	2	11450,11451,11452	Saxony | Württemberg | Hanseatic League
DD801.F735	2	11450,11451,11452	Saxony | Württemberg | Hanseatic League
DD801.G35	2	11450,11451,11452	Saxony | Württemberg | Hanseatic League
DD801.G425	2	11450,11451,11452	Saxony | Württemberg | Hanseatic League
DD801.G66	2	11450,11451,11452	Saxony | Württemberg | Hanseatic League
DD801.G665	2	11450,11451,11452	Saxony | Württemberg | Hanseatic League
DD801.G88	2	11450,11451,11452	Saxony | Württemberg | Hanseatic League
DD801.H145	2	11450,11451,11452	Saxony | Württemberg | Hanseatic League
DD801.H16	2	11450,11451,11452	Saxony | Württemberg | Hanseatic League
DD801.H16413	2	11450,11451,11452	Saxony | Württemberg | Hanseatic League
DD801.H16435	2	11450,11451,11452	Saxony | Württemberg | Hanseatic League
DD801.H398	2	11450,11451,11452	Saxony | Württemberg | Hanseatic League
DD801.H3982D76	2	11450,11451,11452	Saxony | Württemberg | Hanseatic League
DD801.H429	2	11450,11451,11452	Saxony | Württemberg | Hanseatic League
DD801.H46	2	11450,11451,11452	Saxony | Württemberg | Hanseatic League
DD801.H513	2	11450,11451,11452	Saxony | Württemberg | Hanseatic League
DD801.H5135	2	11450,11451,11452	Saxony | Württemberg | Hanseatic League
DD801.H515	2	11450,11451,11452	Saxony | Württemberg | Hanseatic League
DD801.H548	2	11450,11451,11452	Saxony | Württemberg | Hanseatic League
DD801.H57G46	2	11450,11451,11452	Saxony | Württemberg | Hanseatic League
DD801.H624	2	11450,11451,11452	Saxony | Württemberg | Hanseatic League
DD801.H628	2	11450,11451,11452	Saxony | Württemberg | Hanseatic League
DD801.H698	2	11450,11451,11452	Saxony | Württemberg | Hanseatic League
DD801.H745	2	11450,11451,11452	Saxony | Württemberg | Hanseatic League
DD801.H748	2	11450,11451,11452	Saxony | Württemberg | Hanseatic League
DD801.K33	2	11450,11451,11452	Saxony | Württemberg | Hanseatic League
DD801.K586	2	11450,11451,11452	Saxony | Württemberg | Hanseatic League
DD801.K87	2	11450,11451,11452	Saxony | Württemberg | Hanseatic League
DD801.L295	2	11450,11451,11452	Saxony | Württemberg | Hanseatic League
DD801.L35	2	11450,11451,11452	Saxony | Württemberg | Hanseatic League
DD801.L44	2	11450,11451,11452	Saxony | Württemberg | Hanseatic League
DD801.L53	2	11450,11451,11452	Saxony | Württemberg | Hanseatic League
DD801.L684	2	11450,11451,11452	Saxony | Württemberg | Hanseatic League
DD801.L69	2	11450,11451,11452	Saxony | Württemberg | Hanseatic League
DD801.L8	2	11450,11451,11452	Saxony | Württemberg | Hanseatic League
DD801.L815	2	11450,11451,11452	Saxony | Württemberg | Hanseatic League
DD801.L817	2	11450,11451,11452	Saxony | Württemberg | Hanseatic League
DD801.L835	2	11450,11451,11452	Saxony | Württemberg | Hanseatic League
DD801.L843	2	11450,11451,11452	Saxony | Württemberg | Hanseatic League
DD801.L853	2	11450,11451,11452	Saxony | Württemberg | Hanseatic League
DD801.M223	2	11450,11451,11452	Saxony | Württemberg | Hanseatic League
DD801.M225	2	11450,11451,11452	Saxony | Württemberg | Hanseatic League
DD801.M235	2	11450,11451,11452	Saxony | Württemberg | Hanseatic League
DD801.M24	2	11450,11451,11452	Saxony | Württemberg | Hanseatic League
DD801.M27	2	11450,11451,11452	Saxony | Württemberg | Hanseatic League
DD801.M335B564	2	11450,11451,11452	Saxony | Württemberg | Hanseatic League
DD801.M625	2	11450,11451,11452	Saxony | Württemberg | Hanseatic League
DD801.M93	2	11450,11451,11452	Saxony | Württemberg | Hanseatic League
DD801.N	2	11450,11451,11452	Saxony | Württemberg | Hanseatic League
DD801.N33	2	11450,11451,11452	Saxony | Württemberg | Hanseatic League
DD801.N37	2	11450,11451,11452	Saxony | Württemberg | Hanseatic League
DD801.N39	2	11450,11451,11452	Saxony | Württemberg | Hanseatic League
DD801.N45	2	11450,11451,11452	Saxony | Württemberg | Hanseatic League
DD801.N545	2	11450,11451,11452	Saxony | Württemberg | Hanseatic League
DD801.O2355	2	11450,11451,11452	Saxony | Württemberg | Hanseatic League
DD801.O2417	2	11450,11451,11452	Saxony | Württemberg | Hanseatic League
DD801.O242	2	11450,11451,11452	Saxony | Württemberg | Hanseatic League
DD801.O38	2	11450,11451,11452	Saxony | Württemberg | Hanseatic League
DD801.O437	2	11450,11451,11452	Saxony | Württemberg | Hanseatic League
DD801.P4	2	11450,11451,11452	Saxony | Württemberg | Hanseatic League
DD801.P413	2	11450,11451,11452	Saxony | Württemberg | Hanseatic League
DD801.P43	2	11450,11451,11452	Saxony | Württemberg | Hanseatic League
DD801.P543	2	11450,11451,11452	Saxony | Württemberg | Hanseatic League
DD801.P5434	2	11450,11451,11452	Saxony | Württemberg | Hanseatic League
DD801.P547	2	11450,11451,11452	Saxony | Württemberg | Hanseatic League
DD801.P55	2	11450,11451,11452	Saxony | Württemberg | Hanseatic League
DD801.P75	2	11450,11451,11452	Saxony | Württemberg | Hanseatic League
DD801.R18	2	11450,11451,11452	Saxony | Württemberg | Hanseatic League
DD801.R196	2	11450,11451,11452	Saxony | Württemberg | Hanseatic League
DD801.R27	2	11450,11451,11452	Saxony | Württemberg | Hanseatic League
DD801.R44	2	11450,11451,11452	Saxony | Württemberg | Hanseatic League
DD801.R47	2	11450,11451,11452	Saxony | Württemberg | Hanseatic League
DD801.R484	2	11450,11451,11452	Saxony | Württemberg | Hanseatic League
DD801.R486	2	11450,11451,11452	Saxony | Württemberg | Hanseatic League
DD801.R487	2	11450,11451,11452	Saxony | Württemberg | Hanseatic League
DD801.R49	2	11450,11451,11452	Saxony | Württemberg | Hanseatic League
DD801.R66	2	11450,11451,11452	Saxony | Württemberg | Hanseatic League
DD801.R713	2	11450,11451,11452	Saxony | Württemberg | Hanseatic League
DD801.R7145	2	11450,11451,11452	Saxony | Württemberg | Hanseatic League
DD801.R748	2	11450,11451,11452	Saxony | Württemberg | Hanseatic League
DD801.R7875	2	11450,11451,11452	Saxony | Württemberg | Hanseatic League
DD801.R79	2	11450,11451,11452	Saxony | Württemberg | Hanseatic League
DD801.R796	2	11450,11451,11452	Saxony | Württemberg | Hanseatic League
DD801.R7965	2	11450,11451,11452	Saxony | Württemberg | Hanseatic League
DD801.R797	2	11450,11451,11452	Saxony | Württemberg | Hanseatic League
DD801.S1002	2	11450,11451,11452	Saxony | Württemberg | Hanseatic League
DD801.S127	2	11450,11451,11452	Saxony | Württemberg | Hanseatic League
DD801.S1415	2	11450,11451,11452	Saxony | Württemberg | Hanseatic League
DD801.S143	2	11450,11451,11452	Saxony | Württemberg | Hanseatic League
DD801.S1447	2	11450,11451,11452	Saxony | Württemberg | Hanseatic League
DD801.S14953	2	11450,11451,11452	Saxony | Württemberg | Hanseatic League
DD801.S242	2	11450,11451,11452	Saxony | Württemberg | Hanseatic League
DD801.S269	2	11450,11451,11452	Saxony | Württemberg | Hanseatic League
DD801.S375	2	11450,11451,11452	Saxony | Württemberg | Hanseatic League
DD801.S405	2	11450,11451,11452	Saxony | Württemberg | Hanseatic League
DD801.S412	2	11450,11451,11452	Saxony | Württemberg | Hanseatic League
DD801.S6332	2	11450,11451,11452	Saxony | Württemberg | Hanseatic League
DD801.S63335	2	11450,11451,11452	Saxony | Württemberg | Hanseatic League
DD801.S6353	2	11450,11451,11452	Saxony | Württemberg | Hanseatic League
DD801.S636	2	11450,11451,11452	Saxony | Württemberg | Hanseatic League
DD801.S69	2	11450,11451,11452	Saxony | Württemberg | Hanseatic League
DD801.S77	2	11450,11451,11452	Saxony | Württemberg | Hanseatic League
DD801.S823	2	11450,11451,11452	Saxony | Württemberg | Hanseatic League
DD801.S83	2	11450,11451,11452	Saxony | Württemberg | Hanseatic League
DD801.S835	2	11450,11451,11452	Saxony | Württemberg | Hanseatic League
DD801.S84	2	11450,11451,11452	Saxony | Württemberg | Hanseatic League
DD801.S875	2	11450,11451,11452	Saxony | Württemberg | Hanseatic League
DD801.S88	2	11450,11451,11452	Saxony | Württemberg | Hanseatic League
DD801.T313	2	11450,11451,11452	Saxony | Württemberg | Hanseatic League
DD801.T317	2	11450,11451,11452	Saxony | Württemberg | Hanseatic League
DD801.T418	2	11450,11451,11452	Saxony | Württemberg | Hanseatic League
DD801.T42	2	11450,11451,11452	Saxony | Württemberg | Hanseatic League
DD801.T43	2	11450,11451,11452	Saxony | Württemberg | Hanseatic League
DD801.T48P58	2	11450,11451,11452	Saxony | Württemberg | Hanseatic League
DD801.T55	2	11450,11451,11452	Saxony | Württemberg | Hanseatic League
DD801.T81	2	11450,11451,11452	Saxony | Württemberg | Hanseatic League
DD801.U4	2	11450,11451,11452	Saxony | Württemberg | Hanseatic League
DD801.V	2	11450,11451,11452	Saxony | Württemberg | Hanseatic League
DD801.V77	2	11450,11451,11452	Saxony | Württemberg | Hanseatic League
DD801.W13	2	11450,11451,11452	Saxony | Württemberg | Hanseatic League
DD801.W27	2	11450,11451,11452	Saxony | Württemberg | Hanseatic League
DD801.W35	2	11450,11451,11452	Saxony | Württemberg | Hanseatic League
DD801.W418	2	11450,11451,11452	Saxony | Württemberg | Hanseatic League
DD801.W426	2	11450,11451,11452	Saxony | Württemberg | Hanseatic League
DD801.W523	2	11450,11451,11452	Saxony | Württemberg | Hanseatic League
DD801.W5447	2	11450,11451,11452	Saxony | Württemberg | Hanseatic League
DD801.W546	2	11450,11451,11452	Saxony | Württemberg | Hanseatic League
DD801.W553	2	11450,11451,11452	Saxony | Württemberg | Hanseatic League
DD801.W587	2	11450,11451,11452	Saxony | Württemberg | Hanseatic League
DD801.W635	2	11450,11451,11452	Saxony | Württemberg | Hanseatic League
DD801.W677	2	11450,11451,11452	Saxony | Württemberg | Hanseatic League
DD801.W68	2	11450,11451,11452	Saxony | Württemberg | Hanseatic League
DD801.W685	2	11450,11451,11452	Saxony | Württemberg | Hanseatic League
DD801.W696	2	11450,11451,11452	Saxony | Württemberg | Hanseatic League
DD801.W71	2	11450,11451,11452	Saxony | Württemberg | Hanseatic League
DD801.W72	2	11450,11451,11452	Saxony | Württemberg | Hanseatic League
DD801.W98	2	11450,11451,11452	Saxony | Württemberg | Hanseatic League
DD801.W992	2	11450,11451,11452	Saxony | Württemberg | Hanseatic League
DD801.Z38	2	11450,11451,11452	Saxony | Württemberg | Hanseatic League
DD801.Z95	2	11450,11451,11452	Saxony | Württemberg | Hanseatic League
DD801B174	2	11450,11451,11452	Saxony | Württemberg | Hanseatic League
DD801B34	2	11450,11451,11452	Saxony | Württemberg | Hanseatic League
DD801B373	2	11450,11451,11452	Saxony | Württemberg | Hanseatic League
DD801B382	2	11450,11451,11452	Saxony | Württemberg | Hanseatic League
DD801E272	2	11450,11451,11452	Saxony | Württemberg | Hanseatic League
DD801H57	2	11450,11451,11452	Saxony | Württemberg | Hanseatic League
DD801R116	2	11450,11451,11452	Saxony | Württemberg | Hanseatic League
DD801R2	2	11450,11451,11452	Saxony | Württemberg | Hanseatic League
DD801R7	2	11450,11451,11452	Saxony | Württemberg | Hanseatic League
DD801R72	2	11450,11451,11452	Saxony | Württemberg | Hanseatic League
DD801S395	2	11450,11451,11452	Saxony | Württemberg | Hanseatic League
DD801W547	2	11450,11451,11452	Saxony | Württemberg | Hanseatic League
DD801W73	2	11450,11451,11452	Saxony | Württemberg | Hanseatic League
DL500	2	11535,11537	Danish Norway, 1387–1814 | Union with Sweden, 1814
DR523.A453	2	11399,11563	Ottoman Empire, 1281/1453–1918 | Ottoman Decline, 1566–1640
DR531.B37	2	11399,11565	Ottoman Empire, 1281/1453–1918 | Turkey, 1640-1789
DR531.O86	2	11399,11565	Ottoman Empire, 1281/1453–1918 | Turkey, 1640-1789
DR535.A7	2	11399,11565	Ottoman Empire, 1281/1453–1918 | Turkey, 1640-1789
DR539	2	11399,11565	Ottoman Empire, 1281/1453–1918 | Turkey, 1640-1789
DR555.U77	2	11399,11565	Ottoman Empire, 1281/1453–1918 | Turkey, 1640-1789
DT223.2.B43	2	3348,3371	Libya | Tunisia (Tunis)
DT433.542.K35	2	3340,3345	Gabon (Gaboon, Gabun) | Kenya
DT433.545.B84	2	3340,3345	Gabon (Gaboon, Gabun) | Kenya
DT433.545.D6	2	3340,3345	Gabon (Gaboon, Gabun) | Kenya
DT433.545.E45	2	3340,3345	Gabon (Gaboon, Gabun) | Kenya
DT433.545.G32W66	2	3340,3345	Gabon (Gaboon, Gabun) | Kenya
DT433.545.G47B47	2	3340,3345	Gabon (Gaboon, Gabun) | Kenya
DT433.545.K55D38	2	3340,3345	Gabon (Gaboon, Gabun) | Kenya
DT433.545.K57	2	3340,3345	Gabon (Gaboon, Gabun) | Kenya
DT433.545.K87F54	2	3340,3345	Gabon (Gaboon, Gabun) | Kenya
DT433.545.M3	2	3340,3345	Gabon (Gaboon, Gabun) | Kenya
DT433.545.M32M65	2	3340,3345	Gabon (Gaboon, Gabun) | Kenya
DT433.545.M33B37	2	3340,3345	Gabon (Gaboon, Gabun) | Kenya
DT433.545.M33C7	2	3340,3345	Gabon (Gaboon, Gabun) | Kenya
DT433.545.M33S53	2	3340,3345	Gabon (Gaboon, Gabun) | Kenya
DT433.545.M33S65	2	3340,3345	Gabon (Gaboon, Gabun) | Kenya
DT433.545.M33S95	2	3340,3345	Gabon (Gaboon, Gabun) | Kenya
DT433.545.M54	2	3340,3345	Gabon (Gaboon, Gabun) | Kenya
DT433.545.P65	2	3340,3345	Gabon (Gaboon, Gabun) | Kenya
DT433.545.S26H645	2	3340,3345	Gabon (Gaboon, Gabun) | Kenya
DT433.545.S26K37	2	3340,3345	Gabon (Gaboon, Gabun) | Kenya
DT433.545.S26M45	2	3340,3345	Gabon (Gaboon, Gabun) | Kenya
DT433.545.S85D46	2	3340,3345	Gabon (Gaboon, Gabun) | Kenya
DT433.545.T34S65	2	3340,3345	Gabon (Gaboon, Gabun) | Kenya
DT433.545.T34S654	2	3340,3345	Gabon (Gaboon, Gabun) | Kenya
DT433.545.T83	2	3340,3345	Gabon (Gaboon, Gabun) | Kenya
DT433.545.Y32C76	2	3340,3345	Gabon (Gaboon, Gabun) | Kenya
DT644.H43	2	3375,10534	Zaire. Congo (Democratic Republic). Belgian Congo | Congo (Democratic Republic). Zaire. Belgian Congo
DT644.P64	2	3375,10534	Zaire. Congo (Democratic Republic). Belgian Congo | Congo (Democratic Republic). Zaire. Belgian Congo
DT647.5.S75	2	3375,10534	Zaire. Congo (Democratic Republic). Belgian Congo | Congo (Democratic Republic). Zaire. Belgian Congo
HF5389.3.B7K45	2	5113,12267	Business Etiquette | Business Etiquette
HF5389.3.K6	2	5113,12267	Business Etiquette | Business Etiquette
HF5389.3.P35	2	5113,12267	Business Etiquette | Business Etiquette
HF5389.B69	2	5113,12267	Business Etiquette | Business Etiquette
HF5389.C468	2	5113,12267	Business Etiquette | Business Etiquette
HF5389.C655	2	5113,12267	Business Etiquette | Business Etiquette
HF5389.H57	2	5113,12267	Business Etiquette | Business Etiquette
HF5389.L36	2	5113,12267	Business Etiquette | Business Etiquette
HF5389.M3755	2	5113,12267	Business Etiquette | Business Etiquette
HF5389.R63	2	5113,12267	Business Etiquette | Business Etiquette
HF5389.S74	2	5113,12267	Business Etiquette | Business Etiquette
K1021.G37	2	5619,11738	Industry & Economic Regulation | Commercial Contracts & Banking
K1022.C6	2	5619,11738	Industry & Economic Regulation | Commercial Contracts & Banking
K1150.A925	2	5619,11739	Industry & Economic Regulation | Corporate Law
K1150.D36	2	5619,11739	Industry & Economic Regulation | Corporate Law
K1150.E98	2	5619,11739	Industry & Economic Regulation | Corporate Law
K1150.S47	2	5619,11739	Industry & Economic Regulation | Corporate Law
K1150.Z9	2	5619,11739	Industry & Economic Regulation | Corporate Law
K1150A35	2	5619,11739	Industry & Economic Regulation | Corporate Law
K1152	2	5619,11739	Industry & Economic Regulation | Corporate Law
K1154.6	2	5619,11739	Industry & Economic Regulation | Corporate Law
K1154.8	2	5619,11739	Industry & Economic Regulation | Corporate Law
K1155.A47	2	5619,11739	Industry & Economic Regulation | Corporate Law
K1155.N49	2	5619,11739	Industry & Economic Regulation | Corporate Law
K1188	2	5619,11739	Industry & Economic Regulation | Corporate Law
K1188.A8P88	2	5619,11739	Industry & Economic Regulation | Corporate Law
K3280.C663	2	5321,11745	Church–State Relations | Government Institutions
K3280.L392	2	5321,11745	Church–State Relations | Government Institutions
K3280.M37	2	5321,11745	Church–State Relations | Government Institutions
K3280.O37	2	5321,11745	Church–State Relations | Government Institutions
K3280.R68	2	5321,11745	Church–State Relations | Government Institutions
K3280.S26	2	5321,11745	Church–State Relations | Government Institutions
K3280.S28	2	5321,11745	Church–State Relations | Government Institutions
K3280.S43	2	5321,11745	Church–State Relations | Government Institutions
K3280.T46	2	5321,11745	Church–State Relations | Government Institutions
K5014.4	2	11752,12989	Criminal Law & Procedure | General Criminal Law & Procedure
K5014.8.E34	2	11752,12989	Criminal Law & Procedure | General Criminal Law & Procedure
K5015.3	2	11752,12989	Criminal Law & Procedure | General Criminal Law & Procedure
K5015.4.G78	2	11752,12989	Criminal Law & Procedure | General Criminal Law & Procedure
K5015.4.N37	2	11752,12989	Criminal Law & Procedure | General Criminal Law & Procedure
K5018.A3	2	11752,12989	Criminal Law & Procedure | General Criminal Law & Procedure
K5018.C37	2	11752,12989	Criminal Law & Procedure | General Criminal Law & Procedure
K5018.C53	2	11752,12989	Criminal Law & Procedure | General Criminal Law & Procedure
K5018.C69	2	11752,12989	Criminal Law & Procedure | General Criminal Law & Procedure
K5018.C753	2	11752,12989	Criminal Law & Procedure | General Criminal Law & Procedure
K5018.C764	2	11752,12989	Criminal Law & Procedure | General Criminal Law & Procedure
K5018.F53	2	11752,12989	Criminal Law & Procedure | General Criminal Law & Procedure
K5018.F55	2	11752,12989	Criminal Law & Procedure | General Criminal Law & Procedure
K5018.F57	2	11752,12989	Criminal Law & Procedure | General Criminal Law & Procedure
K5018.N49	2	11752,12989	Criminal Law & Procedure | General Criminal Law & Procedure
K5018.O96	2	11752,12989	Criminal Law & Procedure | General Criminal Law & Procedure
K5018.W55	2	11752,12989	Criminal Law & Procedure | General Criminal Law & Procedure
K5019.C75	2	11752,12989	Criminal Law & Procedure | General Criminal Law & Procedure
K5027.R46	2	11752,12989	Criminal Law & Procedure | General Criminal Law & Procedure
K5028.5.I47	2	11752,12989	Criminal Law & Procedure | General Criminal Law & Procedure
K5029.L44	2	11752,12989	Criminal Law & Procedure | General Criminal Law & Procedure
K5032.A6	2	11752,12989	Criminal Law & Procedure | General Criminal Law & Procedure
K5032.I34	2	11752,12989	Criminal Law & Procedure | General Criminal Law & Procedure
K5032.R63	2	11752,12989	Criminal Law & Procedure | General Criminal Law & Procedure
K5033.W5	2	11752,12989	Criminal Law & Procedure | General Criminal Law & Procedure
K5036.A48	2	11752,12989	Criminal Law & Procedure | General Criminal Law & Procedure
K5036.S97	2	11752,12989	Criminal Law & Procedure | General Criminal Law & Procedure
K5053	2	11752,12989	Criminal Law & Procedure | General Criminal Law & Procedure
K5064.F38	2	11752,12989	Criminal Law & Procedure | General Criminal Law & Procedure
K5064.H36	2	11752,12989	Criminal Law & Procedure | General Criminal Law & Procedure
K5064.K46	2	11752,12989	Criminal Law & Procedure | General Criminal Law & Procedure
K5064.N48	2	11752,12989	Criminal Law & Procedure | General Criminal Law & Procedure
K5065.C67	2	11752,12989	Criminal Law & Procedure | General Criminal Law & Procedure
K5067.S73	2	11752,12989	Criminal Law & Procedure | General Criminal Law & Procedure
K5069.C67	2	11752,12989	Criminal Law & Procedure | General Criminal Law & Procedure
K5070	2	11752,12989	Criminal Law & Procedure | General Criminal Law & Procedure
K5070.H35	2	11752,12989	Criminal Law & Procedure | General Criminal Law & Procedure
K5077.I49	2	11752,12989	Criminal Law & Procedure | General Criminal Law & Procedure
K5077.R39	2	11752,12989	Criminal Law & Procedure | General Criminal Law & Procedure
K5077.S56	2	11752,12989	Criminal Law & Procedure | General Criminal Law & Procedure
K5086.D76	2	11752,12989	Criminal Law & Procedure | General Criminal Law & Procedure
K5087.C6O74	2	11752,12989	Criminal Law & Procedure | General Criminal Law & Procedure
K5087.S4S26	2	11752,12989	Criminal Law & Procedure | General Criminal Law & Procedure
K5087.S4Y46	2	11752,12989	Criminal Law & Procedure | General Criminal Law & Procedure
K5087.S9	2	11752,12989	Criminal Law & Procedure | General Criminal Law & Procedure
K5103.A443	2	11752,12989	Criminal Law & Procedure | General Criminal Law & Procedure
K5103.B37	2	11752,12989	Criminal Law & Procedure | General Criminal Law & Procedure
K5103.B433	2	11752,12989	Criminal Law & Procedure | General Criminal Law & Procedure
K5103.C369	2	11752,12989	Criminal Law & Procedure | General Criminal Law & Procedure
K5103.D57	2	11752,12989	Criminal Law & Procedure | General Criminal Law & Procedure
K5103.F3513	2	11752,12989	Criminal Law & Procedure | General Criminal Law & Procedure
K5103.F47	2	11752,12989	Criminal Law & Procedure | General Criminal Law & Procedure
K5103.G38	2	11752,12989	Criminal Law & Procedure | General Criminal Law & Procedure
K5103.M85	2	11752,12989	Criminal Law & Procedure | General Criminal Law & Procedure
K5103.N39	2	11752,12989	Criminal Law & Procedure | General Criminal Law & Procedure
K5103.P463	2	11752,12989	Criminal Law & Procedure | General Criminal Law & Procedure
K5103.R43	2	11752,12989	Criminal Law & Procedure | General Criminal Law & Procedure
K5103.S28	2	11752,12989	Criminal Law & Procedure | General Criminal Law & Procedure
K5103.V66	2	11752,12989	Criminal Law & Procedure | General Criminal Law & Procedure
K5103.W48	2	11752,12989	Criminal Law & Procedure | General Criminal Law & Procedure
K5103.Z35	2	11752,12989	Criminal Law & Procedure | General Criminal Law & Procedure
K5104.S33	2	11752,12989	Criminal Law & Procedure | General Criminal Law & Procedure
K5105.5.V36	2	11752,12989	Criminal Law & Procedure | General Criminal Law & Procedure
K5105.A6D36	2	11752,12989	Criminal Law & Procedure | General Criminal Law & Procedure
K5107.A6	2	11752,12989	Criminal Law & Procedure | General Criminal Law & Procedure
K5116	2	11752,12989	Criminal Law & Procedure | General Criminal Law & Procedure
K5121.P736	2	11752,12989	Criminal Law & Procedure | General Criminal Law & Procedure
K5121.S46	2	11752,12989	Criminal Law & Procedure | General Criminal Law & Procedure
K5121.S47	2	11752,12989	Criminal Law & Procedure | General Criminal Law & Procedure
K5123	2	11752,12989	Criminal Law & Procedure | General Criminal Law & Procedure
K5135.E94	2	11752,12989	Criminal Law & Procedure | General Criminal Law & Procedure
K5165.B35	2	11752,12989	Criminal Law & Procedure | General Criminal Law & Procedure
K5165.G35	2	11752,12989	Criminal Law & Procedure | General Criminal Law & Procedure
K5170.A6	2	11752,12989	Criminal Law & Procedure | General Criminal Law & Procedure
K5170.H38	2	11752,12989	Criminal Law & Procedure | General Criminal Law & Procedure
K5171.A6	2	11752,12989	Criminal Law & Procedure | General Criminal Law & Procedure
K5175	2	11752,12989	Criminal Law & Procedure | General Criminal Law & Procedure
K5181.C75	2	11752,12989	Criminal Law & Procedure | General Criminal Law & Procedure
K5181.G725	2	11752,12989	Criminal Law & Procedure | General Criminal Law & Procedure
K5185.A55	2	11752,12989	Criminal Law & Procedure | General Criminal Law & Procedure
K5189.I58	2	11752,12989	Criminal Law & Procedure | General Criminal Law & Procedure
K5190.B66	2	11752,12989	Criminal Law & Procedure | General Criminal Law & Procedure
K5191.W65C37	2	11752,12989	Criminal Law & Procedure | General Criminal Law & Procedure
K5191.W65C66	2	11752,12989	Criminal Law & Procedure | General Criminal Law & Procedure
K5191.W65G67	2	11752,12989	Criminal Law & Procedure | General Criminal Law & Procedure
K5191.W65K45	2	11752,12989	Criminal Law & Procedure | General Criminal Law & Procedure
K5194.C44	2	11752,12989	Criminal Law & Procedure | General Criminal Law & Procedure
K5194.H34	2	11752,12989	Criminal Law & Procedure | General Criminal Law & Procedure
K5196.S6	2	11752,12989	Criminal Law & Procedure | General Criminal Law & Procedure
K5210.B76	2	11752,12989	Criminal Law & Procedure | General Criminal Law & Procedure
K5210.L46	2	11752,12989	Criminal Law & Procedure | General Criminal Law & Procedure
K5210.M66	2	11752,12989	Criminal Law & Procedure | General Criminal Law & Procedure
K5215.5.L44	2	11752,12989	Criminal Law & Procedure | General Criminal Law & Procedure
K5215.B75	2	11752,12989	Criminal Law & Procedure | General Criminal Law & Procedure
K5215.F56	2	11752,12989	Criminal Law & Procedure | General Criminal Law & Procedure
K5215.N49	2	11752,12989	Criminal Law & Procedure | General Criminal Law & Procedure
K5215.O74	2	11752,12989	Criminal Law & Procedure | General Criminal Law & Procedure
K5215.Z34	2	11752,12989	Criminal Law & Procedure | General Criminal Law & Procedure
K5216.H63	2	11752,12989	Criminal Law & Procedure | General Criminal Law & Procedure
K5219.C43	2	11752,12989	Criminal Law & Procedure | General Criminal Law & Procedure
K5219.O36	2	11752,12989	Criminal Law & Procedure | General Criminal Law & Procedure
K5223.K57	2	11752,12989	Criminal Law & Procedure | General Criminal Law & Procedure
K5223.S36	2	11752,12989	Criminal Law & Procedure | General Criminal Law & Procedure
K5232	2	11752,12989	Criminal Law & Procedure | General Criminal Law & Procedure
K5240.O255	2	11752,12989	Criminal Law & Procedure | General Criminal Law & Procedure
K5250.B49	2	11752,12989	Criminal Law & Procedure | General Criminal Law & Procedure
K5250.E44	2	11752,12989	Criminal Law & Procedure | General Criminal Law & Procedure
K5250.G56	2	11752,12989	Criminal Law & Procedure | General Criminal Law & Procedure
K5250.N49	2	11752,12989	Criminal Law & Procedure | General Criminal Law & Procedure
K5250.S65	2	11752,12989	Criminal Law & Procedure | General Criminal Law & Procedure
K5250.T7	2	11752,12989	Criminal Law & Procedure | General Criminal Law & Procedure
K5250.U53	2	11752,12989	Criminal Law & Procedure | General Criminal Law & Procedure
K5250.Z86	2	11752,12989	Criminal Law & Procedure | General Criminal Law & Procedure
K5252.5.P45	2	11752,12989	Criminal Law & Procedure | General Criminal Law & Procedure
K5256.A41979	2	11752,12989	Criminal Law & Procedure | General Criminal Law & Procedure
K5256.A93	2	11752,12989	Criminal Law & Procedure | General Criminal Law & Procedure
K5256.B49	2	11752,12989	Criminal Law & Procedure | General Criminal Law & Procedure
K5256.G83	2	11752,12989	Criminal Law & Procedure | General Criminal Law & Procedure
K5256.G85	2	11752,12989	Criminal Law & Procedure | General Criminal Law & Procedure
K5256.K48	2	11752,12989	Criminal Law & Procedure | General Criminal Law & Procedure
K5256.L445	2	11752,12989	Criminal Law & Procedure | General Criminal Law & Procedure
K5256.L69	2	11752,12989	Criminal Law & Procedure | General Criminal Law & Procedure
K5256.M36	2	11752,12989	Criminal Law & Procedure | General Criminal Law & Procedure
K5256.R68	2	11752,12989	Criminal Law & Procedure | General Criminal Law & Procedure
K5256.W43	2	11752,12989	Criminal Law & Procedure | General Criminal Law & Procedure
K5256.Z9T47	2	11752,12989	Criminal Law & Procedure | General Criminal Law & Procedure
K5257	2	11752,12989	Criminal Law & Procedure | General Criminal Law & Procedure
K5258	2	11752,12989	Criminal Law & Procedure | General Criminal Law & Procedure
K5261.D43	2	11752,12989	Criminal Law & Procedure | General Criminal Law & Procedure
K5261.E44	2	11752,12989	Criminal Law & Procedure | General Criminal Law & Procedure
K5261.P37	2	11752,12989	Criminal Law & Procedure | General Criminal Law & Procedure
K5277.T47	2	11752,12989	Criminal Law & Procedure | General Criminal Law & Procedure
K5277.T63	2	11752,12989	Criminal Law & Procedure | General Criminal Law & Procedure
K5278.H35	2	11752,12989	Criminal Law & Procedure | General Criminal Law & Procedure
K5282.C65	2	11752,12989	Criminal Law & Procedure | General Criminal Law & Procedure
K5282.T357	2	11752,12989	Criminal Law & Procedure | General Criminal Law & Procedure
K5282.W57	2	11752,12989	Criminal Law & Procedure | General Criminal Law & Procedure
K5284	2	11752,12989	Criminal Law & Procedure | General Criminal Law & Procedure
K5293.E27	2	11752,12989	Criminal Law & Procedure | General Criminal Law & Procedure
K5297.R48	2	11752,12989	Criminal Law & Procedure | General Criminal Law & Procedure
K5297.R68	2	11752,12989	Criminal Law & Procedure | General Criminal Law & Procedure
K5301.B35	2	11752,12989	Criminal Law & Procedure | General Criminal Law & Procedure
K5301.B66	2	11752,12989	Criminal Law & Procedure | General Criminal Law & Procedure
K5301.C63	2	11752,12989	Criminal Law & Procedure | General Criminal Law & Procedure
K5301.C75	2	11752,12989	Criminal Law & Procedure | General Criminal Law & Procedure
K5301.F665	2	11752,12989	Criminal Law & Procedure | General Criminal Law & Procedure
K5301.G46	2	11752,12989	Criminal Law & Procedure | General Criminal Law & Procedure
K5301.G55	2	11752,12989	Criminal Law & Procedure | General Criminal Law & Procedure
K5301.K45	2	11752,12989	Criminal Law & Procedure | General Criminal Law & Procedure
K5301.L3	2	11752,12989	Criminal Law & Procedure | General Criminal Law & Procedure
K5301.M34	2	11752,12989	Criminal Law & Procedure | General Criminal Law & Procedure
K5301.M38	2	11752,12989	Criminal Law & Procedure | General Criminal Law & Procedure
K5301.O833	2	11752,12989	Criminal Law & Procedure | General Criminal Law & Procedure
K5301.R63	2	11752,12989	Criminal Law & Procedure | General Criminal Law & Procedure
K5301.W53	2	11752,12989	Criminal Law & Procedure | General Criminal Law & Procedure
K5301W553	2	11752,12989	Criminal Law & Procedure | General Criminal Law & Procedure
K5302.A6R47	2	11752,12989	Criminal Law & Procedure | General Criminal Law & Procedure
K5302.B35	2	11752,12989	Criminal Law & Procedure | General Criminal Law & Procedure
K5302.H67	2	11752,12989	Criminal Law & Procedure | General Criminal Law & Procedure
K5304.5	2	11752,12989	Criminal Law & Procedure | General Criminal Law & Procedure
K5304.T67	2	11752,12989	Criminal Law & Procedure | General Criminal Law & Procedure
K5306	2	11752,12989	Criminal Law & Procedure | General Criminal Law & Procedure
K5575.A6	2	5298,11752	Juvenile Criminal Law & Procedure | Criminal Law & Procedure
K5575.J86	2	5298,11752	Juvenile Criminal Law & Procedure | Criminal Law & Procedure
K5575.V36	2	5298,11752	Juvenile Criminal Law & Procedure | Criminal Law & Procedure
K7350.A56	2	5312,5619	Private international law. Conflict of laws | Industry & Economic Regulation
K7512.C67	2	5312,5619	Private international law. Conflict of laws | Industry & Economic Regulation
DD801.A	1	11450,11451,11452	Saxony | Württemberg | Hanseatic League
DD801.A253	1	11450,11451,11452	Saxony | Württemberg | Hanseatic League
DD801.A27	1	11450,11451,11452	Saxony | Württemberg | Hanseatic League
DD801.A275	1	11450,11451,11452	Saxony | Württemberg | Hanseatic League
DD801.A294	1	11450,11451,11452	Saxony | Württemberg | Hanseatic League
DD801.A343	1	11450,11451,11452	Saxony | Württemberg | Hanseatic League
DD801.A453	1	11450,11451,11452	Saxony | Württemberg | Hanseatic League
DD801.A6845	1	11450,11451,11452	Saxony | Württemberg | Hanseatic League
DD801.A685	1	11450,11451,11452	Saxony | Württemberg | Hanseatic League
DD801.A69	1	11450,11451,11452	Saxony | Württemberg | Hanseatic League
DD801.A713	1	11450,11451,11452	Saxony | Württemberg | Hanseatic League
DD801.A7232	1	11450,11451,11452	Saxony | Württemberg | Hanseatic League
DD801.A72R64	1	11450,11451,11452	Saxony | Württemberg | Hanseatic League
DD801.A77	1	11450,11451,11452	Saxony | Württemberg | Hanseatic League
DD801.A8	1	11450,11451,11452	Saxony | Württemberg | Hanseatic League
DD801.A855	1	11450,11451,11452	Saxony | Württemberg | Hanseatic League
DD801.A87	1	11450,11451,11452	Saxony | Württemberg | Hanseatic League
DD801.A873	1	11450,11451,11452	Saxony | Württemberg | Hanseatic League
DD801.B	1	11450,11451,11452	Saxony | Württemberg | Hanseatic League
DD801.B102	1	11450,11451,11452	Saxony | Württemberg | Hanseatic League
DD801.B103	1	11450,11451,11452	Saxony | Württemberg | Hanseatic League
DD801.B104	1	11450,11451,11452	Saxony | Württemberg | Hanseatic League
DD801.B1065	1	11450,11451,11452	Saxony | Württemberg | Hanseatic League
DD801.B13	1	11450,11451,11452	Saxony | Württemberg | Hanseatic League
DD801.B17B73	1	11450,11451,11452	Saxony | Württemberg | Hanseatic League
DD801.B184	1	11450,11451,11452	Saxony | Württemberg | Hanseatic League
DD801.B18G447	1	11450,11451,11452	Saxony | Württemberg | Hanseatic League
DD801.B18G76	1	11450,11451,11452	Saxony | Württemberg | Hanseatic League
DD801.B18K87	1	11450,11451,11452	Saxony | Württemberg | Hanseatic League
DD801.B18M33	1	11450,11451,11452	Saxony | Württemberg | Hanseatic League
DD801.B18M865	1	11450,11451,11452	Saxony | Württemberg | Hanseatic League
DD801.B18N65	1	11450,11451,11452	Saxony | Württemberg | Hanseatic League
DD801.B18R644	1	11450,11451,11452	Saxony | Württemberg | Hanseatic League
DD801.B1924	1	11450,11451,11452	Saxony | Württemberg | Hanseatic League
DD801.B1935	1	11450,11451,11452	Saxony | Württemberg | Hanseatic League
DD801.B194	1	11450,11451,11452	Saxony | Württemberg | Hanseatic League
DD801.B195	1	11450,11451,11452	Saxony | Württemberg | Hanseatic League
DD801.B196	1	11450,11451,11452	Saxony | Württemberg | Hanseatic League
DD801.B1973	1	11450,11451,11452	Saxony | Württemberg | Hanseatic League
DD801.B197337	1	11450,11451,11452	Saxony | Württemberg | Hanseatic League
DD801.B19733B944	1	11450,11451,11452	Saxony | Württemberg | Hanseatic League
DD801.B2313	1	11450,11451,11452	Saxony | Württemberg | Hanseatic League
DD801.B232.A12	1	11450,11451,11452	Saxony | Württemberg | Hanseatic League
DD801.B2345S36	1	11450,11451,11452	Saxony | Württemberg | Hanseatic League
DD801.B234N36	1	11450,11451,11452	Saxony | Württemberg | Hanseatic League
DD801.B237K86	1	11450,11451,11452	Saxony | Württemberg | Hanseatic League
DD801.B237S76	1	11450,11451,11452	Saxony | Württemberg | Hanseatic League
DD801.B238A17	1	11450,11451,11452	Saxony | Württemberg | Hanseatic League
DD801.B238H64	1	11450,11451,11452	Saxony | Württemberg | Hanseatic League
DD801.B238K56	1	11450,11451,11452	Saxony | Württemberg | Hanseatic League
DD801.B238M64	1	11450,11451,11452	Saxony | Württemberg | Hanseatic League
DD801.B238R44	1	11450,11451,11452	Saxony | Württemberg | Hanseatic League
DD801.B238R83	1	11450,11451,11452	Saxony | Württemberg | Hanseatic League
DD801.B238S37	1	11450,11451,11452	Saxony | Württemberg | Hanseatic League
DD801.B238S83	1	11450,11451,11452	Saxony | Württemberg | Hanseatic League
DD801.B238W66	1	11450,11451,11452	Saxony | Württemberg | Hanseatic League
DD801.B2395	1	11450,11451,11452	Saxony | Württemberg | Hanseatic League
DD801.B23B38	1	11450,11451,11452	Saxony | Württemberg | Hanseatic League
DD801.B23L88	1	11450,11451,11452	Saxony | Württemberg | Hanseatic League
DD801.B23S93	1	11450,11451,11452	Saxony | Württemberg | Hanseatic League
DD801.B26S36	1	11450,11451,11452	Saxony | Württemberg | Hanseatic League
DD801.B321	1	11450,11451,11452	Saxony | Württemberg | Hanseatic League
DD801.B335.G76	1	11450,11451,11452	Saxony | Württemberg | Hanseatic League
DD801.B335G73	1	11450,11451,11452	Saxony | Württemberg | Hanseatic League
DD801.B335M37	1	11450,11451,11452	Saxony | Württemberg | Hanseatic League
DD801.B34B787	1	11450,11451,11452	Saxony | Württemberg | Hanseatic League
DD801.B35B375	1	11450,11451,11452	Saxony | Württemberg | Hanseatic League
DD801.B35Q85	1	11450,11451,11452	Saxony | Württemberg | Hanseatic League
DD801.B35R64	1	11450,11451,11452	Saxony | Württemberg | Hanseatic League
DD801.B365D535	1	11450,11451,11452	Saxony | Württemberg | Hanseatic League
DD801.B372H45	1	11450,11451,11452	Saxony | Württemberg | Hanseatic League
DD801.B3733	1	11450,11451,11452	Saxony | Württemberg | Hanseatic League
DD801.B3735K87	1	11450,11451,11452	Saxony | Württemberg | Hanseatic League
DD801.B373A52	1	11450,11451,11452	Saxony | Württemberg | Hanseatic League
DD801.B373H38	1	11450,11451,11452	Saxony | Württemberg | Hanseatic League
DD801.B373K85	1	11450,11451,11452	Saxony | Württemberg | Hanseatic League
DD801.B375E55	1	11450,11451,11452	Saxony | Württemberg | Hanseatic League
DD801.B377P57	1	11450,11451,11452	Saxony | Württemberg | Hanseatic League
DD801.B38.L6	1	11450,11451,11452	Saxony | Württemberg | Hanseatic League
DD801.B381B39	1	11450,11451,11452	Saxony | Württemberg | Hanseatic League
DD801.B383M687	1	11450,11451,11452	Saxony | Württemberg | Hanseatic League
DD801.B383M6938	1	11450,11451,11452	Saxony | Württemberg | Hanseatic League
DD801.B383M722	1	11450,11451,11452	Saxony | Württemberg | Hanseatic League
DD801.B385G45	1	11450,11451,11452	Saxony | Württemberg | Hanseatic League
DD801.B387.N65	1	11450,11451,11452	Saxony | Württemberg | Hanseatic League
DD801.B387B55	1	11450,11451,11452	Saxony | Württemberg | Hanseatic League
DD801.B387K56	1	11450,11451,11452	Saxony | Württemberg | Hanseatic League
DD801.B387M35	1	11450,11451,11452	Saxony | Württemberg | Hanseatic League
DD801.B43R815	1	11450,11451,11452	Saxony | Württemberg | Hanseatic League
DD801.B43S784	1	11450,11451,11452	Saxony | Württemberg | Hanseatic League
DD801.B44	1	11450,11451,11452	Saxony | Württemberg | Hanseatic League
DD801.B4413	1	11450,11451,11452	Saxony | Württemberg | Hanseatic League
DD801.B446	1	11450,11451,11452	Saxony | Württemberg | Hanseatic League
DD801.B448H65	1	11450,11451,11452	Saxony | Württemberg | Hanseatic League
DD801.B449	1	11450,11451,11452	Saxony | Württemberg | Hanseatic League
DD801.B4547	1	11450,11451,11452	Saxony | Württemberg | Hanseatic League
DD801.B4554	1	11450,11451,11452	Saxony | Württemberg | Hanseatic League
DD801.B45836	1	11450,11451,11452	Saxony | Württemberg | Hanseatic League
DD801.B45853	1	11450,11451,11452	Saxony | Württemberg | Hanseatic League
DD801.B47S48	1	11450,11451,11452	Saxony | Württemberg | Hanseatic League
DD801.B484	1	11450,11451,11452	Saxony | Württemberg | Hanseatic League
DD801.B4855	1	11450,11451,11452	Saxony | Württemberg | Hanseatic League
DD801.B4859	1	11450,11451,11452	Saxony | Württemberg | Hanseatic League
DD801.B4864	1	11450,11451,11452	Saxony | Württemberg | Hanseatic League
DD801.B4872	1	11450,11451,11452	Saxony | Württemberg | Hanseatic League
DD801.B4878	1	11450,11451,11452	Saxony | Württemberg | Hanseatic League
DD801.B516	1	11450,11451,11452	Saxony | Württemberg | Hanseatic League
DD801.B53	1	11450,11451,11452	Saxony | Württemberg | Hanseatic League
DD801.B55	1	11450,11451,11452	Saxony | Württemberg | Hanseatic League
DD801.B5562	1	11450,11451,11452	Saxony | Württemberg | Hanseatic League
DD801.B5753	1	11450,11451,11452	Saxony | Württemberg | Hanseatic League
DD801.B59	1	11450,11451,11452	Saxony | Württemberg | Hanseatic League
DD801.B597	1	11450,11451,11452	Saxony | Württemberg | Hanseatic League
DD801.B63	1	11450,11451,11452	Saxony | Württemberg | Hanseatic League
DD801.B645	1	11450,11451,11452	Saxony | Württemberg | Hanseatic League
DD801.B64H3813	1	11450,11451,11452	Saxony | Württemberg | Hanseatic League
DD801.B64K73	1	11450,11451,11452	Saxony | Württemberg | Hanseatic League
DD801.B64L84	1	11450,11451,11452	Saxony | Württemberg | Hanseatic League
DD801.B64T65	1	11450,11451,11452	Saxony | Württemberg | Hanseatic League
DD801.B65.M55	1	11450,11451,11452	Saxony | Württemberg | Hanseatic League
DD801.B6805	1	11450,11451,11452	Saxony | Württemberg | Hanseatic League
DD801.B682A73	1	11450,11451,11452	Saxony | Württemberg | Hanseatic League
DD801.B685.S38	1	11450,11451,11452	Saxony | Württemberg | Hanseatic League
DD801.B685B74	1	11450,11451,11452	Saxony | Württemberg | Hanseatic League
DD801.B686M36	1	11450,11451,11452	Saxony | Württemberg | Hanseatic League
DD801.B686M54	1	11450,11451,11452	Saxony | Württemberg | Hanseatic League
DD801.B686P37	1	11450,11451,11452	Saxony | Württemberg | Hanseatic League
DD801.B687K63	1	11450,11451,11452	Saxony | Württemberg | Hanseatic League
DD801.B687K78	1	11450,11451,11452	Saxony | Württemberg | Hanseatic League
DD801.B688A34	1	11450,11451,11452	Saxony | Württemberg | Hanseatic League
DD801.B688H37	1	11450,11451,11452	Saxony | Württemberg | Hanseatic League
DD801.B688H65	1	11450,11451,11452	Saxony | Württemberg | Hanseatic League
DD801.B688N58	1	11450,11451,11452	Saxony | Württemberg | Hanseatic League
DD801.B688V64	1	11450,11451,11452	Saxony | Württemberg | Hanseatic League
DD801.B689H37	1	11450,11451,11452	Saxony | Württemberg | Hanseatic League
DD801.B747	1	11450,11451,11452	Saxony | Württemberg | Hanseatic League
DD801.B76P37	1	11450,11451,11452	Saxony | Württemberg | Hanseatic League
DD801.B76Z67	1	11450,11451,11452	Saxony | Württemberg | Hanseatic League
DD801.B77S36	1	11450,11451,11452	Saxony | Württemberg | Hanseatic League
DD801.B78	1	11450,11451,11452	Saxony | Württemberg | Hanseatic League
DD801.B8	1	11450,11451,11452	Saxony | Württemberg | Hanseatic League
DD801.B865N45	1	11450,11451,11452	Saxony | Württemberg | Hanseatic League
DD801.B88B75	1	11450,11451,11452	Saxony | Württemberg | Hanseatic League
DD801.B891	1	11450,11451,11452	Saxony | Württemberg | Hanseatic League
DD801.B89P64	1	11450,11451,11452	Saxony | Württemberg | Hanseatic League
DD801.B92	1	11450,11451,11452	Saxony | Württemberg | Hanseatic League
DD801.B95	1	11450,11451,11452	Saxony | Württemberg | Hanseatic League
DD801.C42	1	11450,11451,11452	Saxony | Württemberg | Hanseatic League
DD801.C45	1	11450,11451,11452	Saxony | Württemberg | Hanseatic League
DD801.C55	1	11450,11451,11452	Saxony | Württemberg | Hanseatic League
DD801.C59	1	11450,11451,11452	Saxony | Württemberg | Hanseatic League
DD801.C694	1	11450,11451,11452	Saxony | Württemberg | Hanseatic League
DD801.C76	1	11450,11451,11452	Saxony | Württemberg | Hanseatic League
DD801.C79	1	11450,11451,11452	Saxony | Württemberg | Hanseatic League
DD801.C83	1	11450,11451,11452	Saxony | Württemberg | Hanseatic League
DD801.C89	1	11450,11451,11452	Saxony | Württemberg | Hanseatic League
DD801.D36	1	11450,11451,11452	Saxony | Württemberg | Hanseatic League
DD801.D37H35	1	11450,11451,11452	Saxony | Württemberg | Hanseatic League
DD801.D39	1	11450,11451,11452	Saxony | Württemberg | Hanseatic League
DD801.D49	1	11450,11451,11452	Saxony | Württemberg | Hanseatic League
DD801.D53	1	11450,11451,11452	Saxony | Württemberg | Hanseatic League
DD801.D562C586	1	11450,11451,11452	Saxony | Württemberg | Hanseatic League
DD801.D83	1	11450,11451,11452	Saxony | Württemberg | Hanseatic League
DD801.D84	1	11450,11451,11452	Saxony | Württemberg | Hanseatic League
DD801.D87	1	11450,11451,11452	Saxony | Württemberg | Hanseatic League
DD801.E232	1	11450,11451,11452	Saxony | Württemberg | Hanseatic League
DD801.E243	1	11450,11451,11452	Saxony | Württemberg | Hanseatic League
DD801.E24J46	1	11450,11451,11452	Saxony | Württemberg | Hanseatic League
DD801.E26	1	11450,11451,11452	Saxony | Württemberg | Hanseatic League
DD801.E26E43	1	11450,11451,11452	Saxony | Württemberg | Hanseatic League
DD801.E2713	1	11450,11451,11452	Saxony | Württemberg | Hanseatic League
DD801.E36	1	11450,11451,11452	Saxony | Württemberg | Hanseatic League
DD801.E3J64	1	11450,11451,11452	Saxony | Württemberg | Hanseatic League
DD801.E43	1	11450,11451,11452	Saxony | Württemberg | Hanseatic League
DD801.E4635	1	11450,11451,11452	Saxony | Württemberg | Hanseatic League
DD801.E56	1	11450,11451,11452	Saxony | Württemberg | Hanseatic League
DD801.E75	1	11450,11451,11452	Saxony | Württemberg | Hanseatic League
DD801.E88	1	11450,11451,11452	Saxony | Württemberg | Hanseatic League
DD801.F37	1	11450,11451,11452	Saxony | Württemberg | Hanseatic League
DD801.F44	1	11450,11451,11452	Saxony | Württemberg | Hanseatic League
DD801.F47	1	11450,11451,11452	Saxony | Württemberg | Hanseatic League
DD801.F54	1	11450,11451,11452	Saxony | Württemberg | Hanseatic League
DD801.F5647D86	1	11450,11451,11452	Saxony | Württemberg | Hanseatic League
DD801.F5657	1	11450,11451,11452	Saxony | Württemberg | Hanseatic League
DD801.F566Z57	1	11450,11451,11452	Saxony | Württemberg | Hanseatic League
DD801.F567N37	1	11450,11451,11452	Saxony | Württemberg | Hanseatic League
DD801.F567R33	1	11450,11451,11452	Saxony | Württemberg | Hanseatic League
DD801.F568A13	1	11450,11451,11452	Saxony | Württemberg | Hanseatic League
DD801.F573Z45	1	11450,11451,11452	Saxony | Württemberg | Hanseatic League
DD801.F57H48	1	11450,11451,11452	Saxony | Württemberg | Hanseatic League
DD801.F62	1	11450,11451,11452	Saxony | Württemberg | Hanseatic League
DD801.F661	1	11450,11451,11452	Saxony | Württemberg | Hanseatic League
DD801.F662F73	1	11450,11451,11452	Saxony | Württemberg | Hanseatic League
DD801.F7	1	11450,11451,11452	Saxony | Württemberg | Hanseatic League
DD801.F74	1	11450,11451,11452	Saxony | Württemberg | Hanseatic League
DD801.F877	1	11450,11451,11452	Saxony | Württemberg | Hanseatic League
DD801.G37	1	11450,11451,11452	Saxony | Württemberg | Hanseatic League
DD801.G39	1	11450,11451,11452	Saxony | Württemberg | Hanseatic League
DD801.G4	1	11450,11451,11452	Saxony | Württemberg | Hanseatic League
DD801.G415	1	11450,11451,11452	Saxony | Württemberg | Hanseatic League
DD801.G423	1	11450,11451,11452	Saxony | Württemberg | Hanseatic League
DD801.G42B67	1	11450,11451,11452	Saxony | Württemberg | Hanseatic League
DD801.G5	1	11450,11451,11452	Saxony | Württemberg | Hanseatic League
DD801.G54	1	11450,11451,11452	Saxony | Württemberg | Hanseatic League
DD801.G733	1	11450,11451,11452	Saxony | Württemberg | Hanseatic League
DD801.G733N67	1	11450,11451,11452	Saxony | Württemberg | Hanseatic League
DD801.G87	1	11450,11451,11452	Saxony | Württemberg | Hanseatic League
DD801.H114	1	11450,11451,11452	Saxony | Württemberg | Hanseatic League
DD801.H12	1	11450,11451,11452	Saxony | Württemberg | Hanseatic League
DD801.H125	1	11450,11451,11452	Saxony | Württemberg | Hanseatic League
DD801.H13	1	11450,11451,11452	Saxony | Württemberg | Hanseatic League
DD801.H135	1	11450,11451,11452	Saxony | Württemberg | Hanseatic League
DD801.H143	1	11450,11451,11452	Saxony | Württemberg | Hanseatic League
DD801.H153	1	11450,11451,11452	Saxony | Württemberg | Hanseatic League
DD801.H16337	1	11450,11451,11452	Saxony | Württemberg | Hanseatic League
DD801.H1643	1	11450,11451,11452	Saxony | Württemberg | Hanseatic League
DD801.H16447	1	11450,11451,11452	Saxony | Württemberg | Hanseatic League
DD801.H1648M865	1	11450,11451,11452	Saxony | Württemberg | Hanseatic League
DD801.H17	1	11450,11451,11452	Saxony | Württemberg | Hanseatic League
DD801.H175H36	1	11450,11451,11452	Saxony | Württemberg | Hanseatic League
DD801.H175V57	1	11450,11451,11452	Saxony | Württemberg | Hanseatic League
DD801.H198	1	11450,11451,11452	Saxony | Württemberg | Hanseatic League
DD801.H21R45	1	11450,11451,11452	Saxony | Württemberg | Hanseatic League
DD801.H28	1	11450,11451,11452	Saxony | Württemberg | Hanseatic League
DD801.H295	1	11450,11451,11452	Saxony | Württemberg | Hanseatic League
DD801.H2G46	1	11450,11451,11452	Saxony | Württemberg | Hanseatic League
DD801.H31	1	11450,11451,11452	Saxony | Württemberg | Hanseatic League
DD801.H31F46	1	11450,11451,11452	Saxony | Württemberg | Hanseatic League
DD801.H338	1	11450,11451,11452	Saxony | Württemberg | Hanseatic League
DD801.H347	1	11450,11451,11452	Saxony | Württemberg | Hanseatic League
DD801.H35	1	11450,11451,11452	Saxony | Württemberg | Hanseatic League
DD801.H354	1	11450,11451,11452	Saxony | Württemberg | Hanseatic League
DD801.H359	1	11450,11451,11452	Saxony | Württemberg | Hanseatic League
DD801.H35H298	1	11450,11451,11452	Saxony | Württemberg | Hanseatic League
DD801.H36.M36	1	11450,11451,11452	Saxony | Württemberg | Hanseatic League
DD801.H36H38	1	11450,11451,11452	Saxony | Württemberg | Hanseatic League
DD801.H37	1	11450,11451,11452	Saxony | Württemberg | Hanseatic League
DD801.H38	1	11450,11451,11452	Saxony | Württemberg | Hanseatic League
DD801.H3977	1	11450,11451,11452	Saxony | Württemberg | Hanseatic League
DD801.H4	1	11450,11451,11452	Saxony | Württemberg | Hanseatic League
DD801.H45	1	11450,11451,11452	Saxony | Württemberg | Hanseatic League
DD801.H467	1	11450,11451,11452	Saxony | Württemberg | Hanseatic League
DD801.H5145	1	11450,11451,11452	Saxony | Württemberg | Hanseatic League
DD801.H54S73	1	11450,11451,11452	Saxony | Württemberg | Hanseatic League
DD801.H54V64	1	11450,11451,11452	Saxony | Württemberg | Hanseatic League
DD801.H55L34	1	11450,11451,11452	Saxony | Württemberg | Hanseatic League
DD801.H573	1	11450,11451,11452	Saxony | Württemberg | Hanseatic League
DD801.H573A43	1	11450,11451,11452	Saxony | Württemberg | Hanseatic League
DD801.H57H44	1	11450,11451,11452	Saxony | Württemberg | Hanseatic League
DD801.H57T39	1	11450,11451,11452	Saxony | Württemberg | Hanseatic League
DD801.H57T47	1	11450,11451,11452	Saxony | Württemberg | Hanseatic League
DD801.H58B47	1	11450,11451,11452	Saxony | Württemberg | Hanseatic League
DD801.H58G76	1	11450,11451,11452	Saxony | Württemberg | Hanseatic League
DD801.H58S38	1	11450,11451,11452	Saxony | Württemberg | Hanseatic League
DD801.H58W45	1	11450,11451,11452	Saxony | Württemberg | Hanseatic League
DD801.H635	1	11450,11451,11452	Saxony | Württemberg | Hanseatic League
DD801.H6415	1	11450,11451,11452	Saxony | Württemberg | Hanseatic League
DD801.H653	1	11450,11451,11452	Saxony | Württemberg | Hanseatic League
DD801.H655	1	11450,11451,11452	Saxony | Württemberg | Hanseatic League
DD801.H692	1	11450,11451,11452	Saxony | Württemberg | Hanseatic League
DD801.H693	1	11450,11451,11452	Saxony | Württemberg | Hanseatic League
DD801.H6945	1	11450,11451,11452	Saxony | Württemberg | Hanseatic League
DD801.H6948	1	11450,11451,11452	Saxony | Württemberg | Hanseatic League
DD801.H695	1	11450,11451,11452	Saxony | Württemberg | Hanseatic League
DD801.H696	1	11450,11451,11452	Saxony | Württemberg | Hanseatic League
DD801.H697	1	11450,11451,11452	Saxony | Württemberg | Hanseatic League
DD801.H699	1	11450,11451,11452	Saxony | Württemberg | Hanseatic League
DD801.H72	1	11450,11451,11452	Saxony | Württemberg | Hanseatic League
DD801.H737	1	11450,11451,11452	Saxony | Württemberg | Hanseatic League
DD801.H7455	1	11450,11451,11452	Saxony | Württemberg | Hanseatic League
DD801.H79	1	11450,11451,11452	Saxony | Württemberg | Hanseatic League
DD801.H7F355	1	11450,11451,11452	Saxony | Württemberg | Hanseatic League
DD801.H7H64	1	11450,11451,11452	Saxony | Württemberg | Hanseatic League
DD801.H83	1	11450,11451,11452	Saxony | Württemberg | Hanseatic League
DD801.H8S28	1	11450,11451,11452	Saxony | Württemberg | Hanseatic League
DD801.I35	1	11450,11451,11452	Saxony | Württemberg | Hanseatic League
DD801.I45	1	11450,11451,11452	Saxony | Württemberg | Hanseatic League
DD801.I66	1	11450,11451,11452	Saxony | Württemberg | Hanseatic League
DD801.J47	1	11450,11451,11452	Saxony | Württemberg | Hanseatic League
DD801.J8613	1	11450,11451,11452	Saxony | Württemberg | Hanseatic League
DD801.J862A53	1	11450,11451,11452	Saxony | Württemberg | Hanseatic League
DD801.K44	1	11450,11451,11452	Saxony | Württemberg | Hanseatic League
DD801.K498	1	11450,11451,11452	Saxony | Württemberg | Hanseatic League
DD801.K73	1	11450,11451,11452	Saxony | Württemberg | Hanseatic League
DD801.K77	1	11450,11451,11452	Saxony | Württemberg | Hanseatic League
DD801.K93	1	11450,11451,11452	Saxony | Württemberg | Hanseatic League
DD801.L28	1	11450,11451,11452	Saxony | Württemberg | Hanseatic League
DD801.L33	1	11450,11451,11452	Saxony | Württemberg | Hanseatic League
DD801.L34	1	11450,11451,11452	Saxony | Württemberg | Hanseatic League
DD801.L38	1	11450,11451,11452	Saxony | Württemberg | Hanseatic League
DD801.L423	1	11450,11451,11452	Saxony | Württemberg | Hanseatic League
DD801.L46	1	11450,11451,11452	Saxony | Württemberg | Hanseatic League
DD801.L56	1	11450,11451,11452	Saxony | Württemberg | Hanseatic League
DD801.L68	1	11450,11451,11452	Saxony | Württemberg | Hanseatic League
DD801.L73	1	11450,11451,11452	Saxony | Württemberg | Hanseatic League
DD801.L744	1	11450,11451,11452	Saxony | Württemberg | Hanseatic League
DD801.L76	1	11450,11451,11452	Saxony | Württemberg | Hanseatic League
DD801.L77P54	1	11450,11451,11452	Saxony | Württemberg | Hanseatic League
DD801.L788	1	11450,11451,11452	Saxony | Württemberg | Hanseatic League
DD801.L792	1	11450,11451,11452	Saxony | Württemberg | Hanseatic League
DD801.L813	1	11450,11451,11452	Saxony | Württemberg | Hanseatic League
DD801.L822	1	11450,11451,11452	Saxony | Württemberg | Hanseatic League
DD801.L83	1	11450,11451,11452	Saxony | Württemberg | Hanseatic League
DD801.L833	1	11450,11451,11452	Saxony | Württemberg | Hanseatic League
DD801.L8345	1	11450,11451,11452	Saxony | Württemberg | Hanseatic League
DD801.L8347	1	11450,11451,11452	Saxony | Württemberg | Hanseatic League
DD801.L836	1	11450,11451,11452	Saxony | Württemberg | Hanseatic League
DD801.L8545	1	11450,11451,11452	Saxony | Württemberg | Hanseatic League
DD801.L856	1	11450,11451,11452	Saxony | Württemberg | Hanseatic League
DD801.L8623	1	11450,11451,11452	Saxony | Württemberg | Hanseatic League
DD801.M	1	11450,11451,11452	Saxony | Württemberg | Hanseatic League
DD801.M15	1	11450,11451,11452	Saxony | Württemberg | Hanseatic League
DD801.M21	1	11450,11451,11452	Saxony | Württemberg | Hanseatic League
DD801.M222K85	1	11450,11451,11452	Saxony | Württemberg | Hanseatic League
DD801.M23	1	11450,11451,11452	Saxony | Württemberg | Hanseatic League
DD801.M2367	1	11450,11451,11452	Saxony | Württemberg | Hanseatic League
DD801.M24V66	1	11450,11451,11452	Saxony | Württemberg | Hanseatic League
DD801.M273	1	11450,11451,11452	Saxony | Württemberg | Hanseatic League
DD801.M275	1	11450,11451,11452	Saxony | Württemberg | Hanseatic League
DD801.M285	1	11450,11451,11452	Saxony | Württemberg | Hanseatic League
DD801.M328	1	11450,11451,11452	Saxony | Württemberg | Hanseatic League
DD801.M34M423	1	11450,11451,11452	Saxony | Württemberg | Hanseatic League
DD801.M37S38	1	11450,11451,11452	Saxony | Württemberg | Hanseatic League
DD801.M38B78	1	11450,11451,11452	Saxony | Württemberg | Hanseatic League
DD801.M38M43	1	11450,11451,11452	Saxony | Württemberg | Hanseatic League
DD801.M38S77	1	11450,11451,11452	Saxony | Württemberg | Hanseatic League
DD801.M55	1	11450,11451,11452	Saxony | Württemberg | Hanseatic League
DD801.M562	1	11450,11451,11452	Saxony | Württemberg | Hanseatic League
DD801.M57	1	11450,11451,11452	Saxony | Württemberg | Hanseatic League
DD801.M58	1	11450,11451,11452	Saxony | Württemberg | Hanseatic League
DD801.M635	1	11450,11451,11452	Saxony | Württemberg | Hanseatic League
DD801.M64	1	11450,11451,11452	Saxony | Württemberg | Hanseatic League
DD801.M643	1	11450,11451,11452	Saxony | Württemberg | Hanseatic League
DD801.M645	1	11450,11451,11452	Saxony | Württemberg | Hanseatic League
DD801.M652	1	11450,11451,11452	Saxony | Württemberg | Hanseatic League
DD801.M655	1	11450,11451,11452	Saxony | Württemberg | Hanseatic League
DD801.M685N48	1	11450,11451,11452	Saxony | Württemberg | Hanseatic League
DD801.M687	1	11450,11451,11452	Saxony | Württemberg | Hanseatic League
DD801.M696	1	11450,11451,11452	Saxony | Württemberg | Hanseatic League
DD801.M7D66	1	11450,11451,11452	Saxony | Württemberg | Hanseatic League
DD801.M83	1	11450,11451,11452	Saxony | Württemberg | Hanseatic League
DD801.M88	1	11450,11451,11452	Saxony | Württemberg | Hanseatic League
DD801.M9	1	11450,11451,11452	Saxony | Württemberg | Hanseatic League
DD801.M957	1	11450,11451,11452	Saxony | Württemberg | Hanseatic League
DD801.N365	1	11450,11451,11452	Saxony | Württemberg | Hanseatic League
DD801.N374	1	11450,11451,11452	Saxony | Württemberg | Hanseatic League
DD801.N394	1	11450,11451,11452	Saxony | Württemberg | Hanseatic League
DD801.N4H56	1	11450,11451,11452	Saxony | Württemberg | Hanseatic League
DD801.N4R46	1	11450,11451,11452	Saxony | Württemberg | Hanseatic League
DD801.N53	1	11450,11451,11452	Saxony | Württemberg | Hanseatic League
DD801.N54	1	11450,11451,11452	Saxony | Württemberg | Hanseatic League
DD801.N55	1	11450,11451,11452	Saxony | Württemberg | Hanseatic League
DD801.N64	1	11450,11451,11452	Saxony | Württemberg | Hanseatic League
DD801.N67	1	11450,11451,11452	Saxony | Württemberg | Hanseatic League
DD801.O23	1	11450,11451,11452	Saxony | Württemberg | Hanseatic League
DD801.O247	1	11450,11451,11452	Saxony | Württemberg | Hanseatic League
DD801.O255	1	11450,11451,11452	Saxony | Württemberg | Hanseatic League
DD801.O26A94	1	11450,11451,11452	Saxony | Württemberg | Hanseatic League
DD801.O28	1	11450,11451,11452	Saxony | Württemberg | Hanseatic League
DD801.O32	1	11450,11451,11452	Saxony | Württemberg | Hanseatic League
DD801.O353	1	11450,11451,11452	Saxony | Württemberg | Hanseatic League
DD801.O3N48	1	11450,11451,11452	Saxony | Württemberg | Hanseatic League
DD801.O43N44	1	11450,11451,11452	Saxony | Württemberg | Hanseatic League
DD801.O44	1	11450,11451,11452	Saxony | Württemberg | Hanseatic League
DD801.O445	1	11450,11451,11452	Saxony | Württemberg | Hanseatic League
DD801.O457	1	11450,11451,11452	Saxony | Württemberg | Hanseatic League
DD801.O478	1	11450,11451,11452	Saxony | Württemberg | Hanseatic League
DD801.O4957	1	11450,11451,11452	Saxony | Württemberg | Hanseatic League
DD801.O4958	1	11450,11451,11452	Saxony | Württemberg | Hanseatic League
DD801.O65	1	11450,11451,11452	Saxony | Württemberg | Hanseatic League
DD801.O762	1	11450,11451,11452	Saxony | Württemberg | Hanseatic League
DD801.O77R45	1	11450,11451,11452	Saxony | Württemberg | Hanseatic League
DD801.O79	1	11450,11451,11452	Saxony | Württemberg | Hanseatic League
DD801.O795	1	11450,11451,11452	Saxony | Württemberg | Hanseatic League
DD801.O798	1	11450,11451,11452	Saxony | Württemberg | Hanseatic League
DD801.O852	1	11450,11451,11452	Saxony | Württemberg | Hanseatic League
DD801.O86	1	11450,11451,11452	Saxony | Württemberg | Hanseatic League
DD801.O87	1	11450,11451,11452	Saxony | Württemberg | Hanseatic League
DD801.O876	1	11450,11451,11452	Saxony | Württemberg | Hanseatic League
DD801.O89	1	11450,11451,11452	Saxony | Württemberg | Hanseatic League
DD801.P4135	1	11450,11451,11452	Saxony | Württemberg | Hanseatic League
DD801.P414	1	11450,11451,11452	Saxony | Württemberg | Hanseatic League
DD801.P415	1	11450,11451,11452	Saxony | Württemberg | Hanseatic League
DD801.P417	1	11450,11451,11452	Saxony | Württemberg | Hanseatic League
DD801.P445B66	1	11450,11451,11452	Saxony | Württemberg | Hanseatic League
DD801.P445P35	1	11450,11451,11452	Saxony | Württemberg | Hanseatic League
DD801.P44A43	1	11450,11451,11452	Saxony | Württemberg | Hanseatic League
DD801.P457	1	11450,11451,11452	Saxony | Württemberg | Hanseatic League
DD801.P46D68	1	11450,11451,11452	Saxony | Württemberg | Hanseatic League
DD801.P46L354	1	11450,11451,11452	Saxony | Württemberg | Hanseatic League
DD801.P46M435	1	11450,11451,11452	Saxony | Württemberg | Hanseatic League
DD801.P46R45	1	11450,11451,11452	Saxony | Württemberg | Hanseatic League
DD801.P46W53	1	11450,11451,11452	Saxony | Württemberg | Hanseatic League
DD801.P47.E34	1	11450,11451,11452	Saxony | Württemberg | Hanseatic League
DD801.P47P35	1	11450,11451,11452	Saxony | Württemberg | Hanseatic League
DD801.P47W588	1	11450,11451,11452	Saxony | Württemberg | Hanseatic League
DD801.P48R43	1	11450,11451,11452	Saxony | Württemberg | Hanseatic League
DD801.P491M343	1	11450,11451,11452	Saxony | Württemberg | Hanseatic League
DD801.P491N32	1	11450,11451,11452	Saxony | Württemberg | Hanseatic League
DD801.P491W26	1	11450,11451,11452	Saxony | Württemberg | Hanseatic League
DD801.P53	1	11450,11451,11452	Saxony | Württemberg | Hanseatic League
DD801.P544	1	11450,11451,11452	Saxony | Württemberg | Hanseatic League
DD801.P544H335	1	11450,11451,11452	Saxony | Württemberg | Hanseatic League
DD801.P545	1	11450,11451,11452	Saxony | Württemberg | Hanseatic League
DD801.P548	1	11450,11451,11452	Saxony | Württemberg | Hanseatic League
DD801.P64	1	11450,11451,11452	Saxony | Württemberg | Hanseatic League
DD801.P744	1	11450,11451,11452	Saxony | Württemberg | Hanseatic League
DD801.P78	1	11450,11451,11452	Saxony | Württemberg | Hanseatic League
DD801.Q43	1	11450,11451,11452	Saxony | Württemberg | Hanseatic League
DD801.R14	1	11450,11451,11452	Saxony | Württemberg | Hanseatic League
DD801.R195	1	11450,11451,11452	Saxony | Württemberg | Hanseatic League
DD801.R34	1	11450,11451,11452	Saxony | Württemberg | Hanseatic League
DD801.R35	1	11450,11451,11452	Saxony | Württemberg | Hanseatic League
DD801.R45	1	11450,11451,11452	Saxony | Württemberg | Hanseatic League
DD801.R488	1	11450,11451,11452	Saxony | Württemberg | Hanseatic League
DD801.R4913	1	11450,11451,11452	Saxony | Württemberg | Hanseatic League
DD801.R645	1	11450,11451,11452	Saxony | Württemberg | Hanseatic League
DD801.R681	1	11450,11451,11452	Saxony | Württemberg | Hanseatic League
DD801.R6815	1	11450,11451,11452	Saxony | Württemberg | Hanseatic League
DD801.R68S56	1	11450,11451,11452	Saxony | Württemberg | Hanseatic League
DD801.R718	1	11450,11451,11452	Saxony | Württemberg | Hanseatic League
DD801.R725I58	1	11450,11451,11452	Saxony | Württemberg | Hanseatic League
DD801.R725R48	1	11450,11451,11452	Saxony | Württemberg | Hanseatic League
DD801.R745B56	1	11450,11451,11452	Saxony | Württemberg | Hanseatic League
DD801.R745H57	1	11450,11451,11452	Saxony | Württemberg | Hanseatic League
DD801.R745S38	1	11450,11451,11452	Saxony | Württemberg | Hanseatic League
DD801.R747	1	11450,11451,11452	Saxony | Württemberg | Hanseatic League
DD801.R748K56	1	11450,11451,11452	Saxony | Württemberg | Hanseatic League
DD801.R74C55	1	11450,11451,11452	Saxony | Württemberg | Hanseatic League
DD801.R74C63	1	11450,11451,11452	Saxony | Württemberg | Hanseatic League
DD801.R74D66	1	11450,11451,11452	Saxony | Württemberg | Hanseatic League
DD801.R74S315	1	11450,11451,11452	Saxony | Württemberg | Hanseatic League
DD801.R74S34	1	11450,11451,11452	Saxony | Württemberg | Hanseatic League
DD801.R74W47	1	11450,11451,11452	Saxony | Württemberg | Hanseatic League
DD801.R75O22	1	11450,11451,11452	Saxony | Württemberg | Hanseatic League
DD801.R75R44	1	11450,11451,11452	Saxony | Württemberg | Hanseatic League
DD801.R76P44	1	11450,11451,11452	Saxony | Württemberg | Hanseatic League
DD801.R77P53	1	11450,11451,11452	Saxony | Württemberg | Hanseatic League
DD801.R782	1	11450,11451,11452	Saxony | Württemberg | Hanseatic League
DD801.R7966	1	11450,11451,11452	Saxony | Württemberg | Hanseatic League
DD801.R7978	1	11450,11451,11452	Saxony | Württemberg | Hanseatic League
DD801.R7982Z34	1	11450,11451,11452	Saxony | Württemberg | Hanseatic League
DD801.R7R5	1	11450,11451,11452	Saxony | Württemberg | Hanseatic League
DD801.R84	1	11450,11451,11452	Saxony | Württemberg | Hanseatic League
DD801.R847	1	11450,11451,11452	Saxony | Württemberg | Hanseatic League
DD801.R85S74	1	11450,11451,11452	Saxony | Württemberg | Hanseatic League
DD801.R8M35	1	11450,11451,11452	Saxony | Württemberg | Hanseatic League
DD801.R8S775	1	11450,11451,11452	Saxony | Württemberg | Hanseatic League
DD801.R8V54	1	11450,11451,11452	Saxony | Württemberg | Hanseatic League
DD801.R9	1	11450,11451,11452	Saxony | Württemberg | Hanseatic League
DD801.S12U58	1	11450,11451,11452	Saxony | Württemberg | Hanseatic League
DD801.S13.W3	1	11450,11451,11452	Saxony | Württemberg | Hanseatic League
DD801.S135	1	11450,11451,11452	Saxony | Württemberg | Hanseatic League
DD801.S138	1	11450,11451,11452	Saxony | Württemberg | Hanseatic League
DD801.S139	1	11450,11451,11452	Saxony | Württemberg | Hanseatic League
DD801.S13K42	1	11450,11451,11452	Saxony | Württemberg | Hanseatic League
DD801.S13K475	1	11450,11451,11452	Saxony | Württemberg | Hanseatic League
DD801.S14	1	11450,11451,11452	Saxony | Württemberg | Hanseatic League
DD801.S1435	1	11450,11451,11452	Saxony | Württemberg | Hanseatic League
DD801.S148L66	1	11450,11451,11452	Saxony | Württemberg | Hanseatic League
DD801.S15	1	11450,11451,11452	Saxony | Württemberg | Hanseatic League
DD801.S21D748	1	11450,11451,11452	Saxony | Württemberg | Hanseatic League
DD801.S21E76	1	11450,11451,11452	Saxony | Württemberg | Hanseatic League
DD801.S21G78	1	11450,11451,11452	Saxony | Württemberg | Hanseatic League
DD801.S226	1	11450,11451,11452	Saxony | Württemberg | Hanseatic League
DD801.S26A2	1	11450,11451,11452	Saxony | Württemberg | Hanseatic League
DD801.S26M36	1	11450,11451,11452	Saxony | Württemberg | Hanseatic League
DD801.S26V65	1	11450,11451,11452	Saxony | Württemberg | Hanseatic League
DD801.S27	1	11450,11451,11452	Saxony | Württemberg | Hanseatic League
DD801.S31G47	1	11450,11451,11452	Saxony | Württemberg | Hanseatic League
DD801.S327	1	11450,11451,11452	Saxony | Württemberg | Hanseatic League
DD801.S32W545	1	11450,11451,11452	Saxony | Württemberg | Hanseatic League
DD801.S338	1	11450,11451,11452	Saxony | Württemberg | Hanseatic League
DD801.S352G74	1	11450,11451,11452	Saxony | Württemberg | Hanseatic League
DD801.S352K45	1	11450,11451,11452	Saxony | Württemberg | Hanseatic League
DD801.S352L36	1	11450,11451,11452	Saxony | Württemberg | Hanseatic League
DD801.S352M87	1	11450,11451,11452	Saxony | Württemberg | Hanseatic League
DD801.S35F747	1	11450,11451,11452	Saxony | Württemberg | Hanseatic League
DD801.S35K56	1	11450,11451,11452	Saxony | Württemberg | Hanseatic League
DD801.S35R68	1	11450,11451,11452	Saxony | Württemberg | Hanseatic League
DD801.S35S338	1	11450,11451,11452	Saxony | Württemberg | Hanseatic League
DD801.S383	1	11450,11451,11452	Saxony | Württemberg | Hanseatic League
DD801.S386A4	1	11450,11451,11452	Saxony | Württemberg | Hanseatic League
DD801.S3875	1	11450,11451,11452	Saxony | Württemberg | Hanseatic League
DD801.S387E935	1	11450,11451,11452	Saxony | Württemberg | Hanseatic League
DD801.S388	1	11450,11451,11452	Saxony | Württemberg | Hanseatic League
DD801.S392K78	1	11450,11451,11452	Saxony | Württemberg | Hanseatic League
DD801.S395P48	1	11450,11451,11452	Saxony | Württemberg | Hanseatic League
DD801.S397S33	1	11450,11451,11452	Saxony | Württemberg | Hanseatic League
DD801.S397S345	1	11450,11451,11452	Saxony | Württemberg | Hanseatic League
DD801.S399	1	11450,11451,11452	Saxony | Württemberg | Hanseatic League
DD801.S403	1	11450,11451,11452	Saxony | Württemberg | Hanseatic League
DD801.S406T67	1	11450,11451,11452	Saxony | Württemberg | Hanseatic League
DD801.S42	1	11450,11451,11452	Saxony | Württemberg | Hanseatic League
DD801.S44F74	1	11450,11451,11452	Saxony | Württemberg | Hanseatic League
DD801.S44P65	1	11450,11451,11452	Saxony | Württemberg | Hanseatic League
DD801.S492	1	11450,11451,11452	Saxony | Württemberg | Hanseatic League
DD801.S617	1	11450,11451,11452	Saxony | Württemberg | Hanseatic League
DD801.S625	1	11450,11451,11452	Saxony | Württemberg | Hanseatic League
DD801.S6331	1	11450,11451,11452	Saxony | Württemberg | Hanseatic League
DD801.S63345S74	1	11450,11451,11452	Saxony | Württemberg | Hanseatic League
DD801.S63348T438	1	11450,11451,11452	Saxony | Württemberg | Hanseatic League
DD801.S6336	1	11450,11451,11452	Saxony | Württemberg | Hanseatic League
DD801.S6336S38	1	11450,11451,11452	Saxony | Württemberg | Hanseatic League
DD801.S6337F84	1	11450,11451,11452	Saxony | Württemberg | Hanseatic League
DD801.S6338B74	1	11450,11451,11452	Saxony | Württemberg | Hanseatic League
DD801.S6338H344	1	11450,11451,11452	Saxony | Württemberg | Hanseatic League
DD801.S6338O93	1	11450,11451,11452	Saxony | Württemberg | Hanseatic League
DD801.S637	1	11450,11451,11452	Saxony | Württemberg | Hanseatic League
DD801.S638	1	11450,11451,11452	Saxony | Württemberg | Hanseatic League
DD801.S65A37	1	11450,11451,11452	Saxony | Württemberg | Hanseatic League
DD801.S6635	1	11450,11451,11452	Saxony | Württemberg | Hanseatic League
DD801.S6638	1	11450,11451,11452	Saxony | Württemberg | Hanseatic League
DD801.S67	1	11450,11451,11452	Saxony | Württemberg | Hanseatic League
DD801.S68	1	11450,11451,11452	Saxony | Württemberg | Hanseatic League
DD801.S7	1	11450,11451,11452	Saxony | Württemberg | Hanseatic League
DD801.S72	1	11450,11451,11452	Saxony | Württemberg | Hanseatic League
DD801.S75	1	11450,11451,11452	Saxony | Württemberg | Hanseatic League
DD801.S765	1	11450,11451,11452	Saxony | Württemberg | Hanseatic League
DD801.S766	1	11450,11451,11452	Saxony | Württemberg | Hanseatic League
DD801.S768	1	11450,11451,11452	Saxony | Württemberg | Hanseatic League
DD801.S769	1	11450,11451,11452	Saxony | Württemberg | Hanseatic League
DD801.S774	1	11450,11451,11452	Saxony | Württemberg | Hanseatic League
DD801.S815	1	11450,11451,11452	Saxony | Württemberg | Hanseatic League
DD801.S8349	1	11450,11451,11452	Saxony | Württemberg | Hanseatic League
DD801.S838	1	11450,11451,11452	Saxony | Württemberg | Hanseatic League
DD801.S858	1	11450,11451,11452	Saxony | Württemberg | Hanseatic League
DD801.S873	1	11450,11451,11452	Saxony | Württemberg | Hanseatic League
DD801.S89	1	11450,11451,11452	Saxony | Württemberg | Hanseatic League
DD801.S9	1	11450,11451,11452	Saxony | Württemberg | Hanseatic League
DD801.S941	1	11450,11451,11452	Saxony | Württemberg | Hanseatic League
DD801.S942B46	1	11450,11451,11452	Saxony | Württemberg | Hanseatic League
DD801.S942M3615	1	11450,11451,11452	Saxony | Württemberg | Hanseatic League
DD801.S942S37	1	11450,11451,11452	Saxony | Württemberg | Hanseatic League
DD801.S942S734	1	11450,11451,11452	Saxony | Württemberg | Hanseatic League
DD801.S942Z68	1	11450,11451,11452	Saxony | Württemberg | Hanseatic League
DD801.S945	1	11450,11451,11452	Saxony | Württemberg | Hanseatic League
DD801.T3134	1	11450,11451,11452	Saxony | Württemberg | Hanseatic League
DD801.T314	1	11450,11451,11452	Saxony | Württemberg | Hanseatic League
DD801.T32	1	11450,11451,11452	Saxony | Württemberg | Hanseatic League
DD801.T37	1	11450,11451,11452	Saxony | Württemberg | Hanseatic League
DD801.T4	1	11450,11451,11452	Saxony | Württemberg | Hanseatic League
DD801.T413	1	11450,11451,11452	Saxony | Württemberg | Hanseatic League
DD801.T415	1	11450,11451,11452	Saxony | Württemberg | Hanseatic League
DD801.T415I53	1	11450,11451,11452	Saxony | Württemberg | Hanseatic League
DD801.T445F744	1	11450,11451,11452	Saxony | Württemberg | Hanseatic League
DD801.T45L367	1	11450,11451,11452	Saxony | Württemberg | Hanseatic League
DD801.T46T43	1	11450,11451,11452	Saxony | Württemberg | Hanseatic League
DD801.T46V67	1	11450,11451,11452	Saxony | Württemberg | Hanseatic League
DD801.T47V47	1	11450,11451,11452	Saxony | Württemberg | Hanseatic League
DD801.T48L56	1	11450,11451,11452	Saxony | Württemberg | Hanseatic League
DD801.T48S37	1	11450,11451,11452	Saxony | Württemberg | Hanseatic League
DD801.T58	1	11450,11451,11452	Saxony | Württemberg | Hanseatic League
DD801.T67	1	11450,11451,11452	Saxony | Württemberg | Hanseatic League
DD801.T76	1	11450,11451,11452	Saxony | Württemberg | Hanseatic League
DD801.U33	1	11450,11451,11452	Saxony | Württemberg | Hanseatic League
DD801.U43	1	11450,11451,11452	Saxony | Württemberg | Hanseatic League
DD801.U45	1	11450,11451,11452	Saxony | Württemberg | Hanseatic League
DD801.U8I56	1	11450,11451,11452	Saxony | Württemberg | Hanseatic League
DD801.V53	1	11450,11451,11452	Saxony | Württemberg | Hanseatic League
DD801.V57	1	11450,11451,11452	Saxony | Württemberg | Hanseatic League
DD801.V65	1	11450,11451,11452	Saxony | Württemberg | Hanseatic League
DD801.V7V64	1	11450,11451,11452	Saxony | Württemberg | Hanseatic League
DD801.W2	1	11450,11451,11452	Saxony | Württemberg | Hanseatic League
DD801.W27W47	1	11450,11451,11452	Saxony | Württemberg | Hanseatic League
DD801.W3	1	11450,11451,11452	Saxony | Württemberg | Hanseatic League
DD801.W37	1	11450,11451,11452	Saxony | Württemberg | Hanseatic League
DD801.W375	1	11450,11451,11452	Saxony | Württemberg | Hanseatic League
DD801.W417	1	11450,11451,11452	Saxony | Württemberg | Hanseatic League
DD801.W467	1	11450,11451,11452	Saxony | Württemberg | Hanseatic League
DD801.W47	1	11450,11451,11452	Saxony | Württemberg | Hanseatic League
DD801.W48	1	11450,11451,11452	Saxony | Württemberg | Hanseatic League
DD801.W485	1	11450,11451,11452	Saxony | Württemberg | Hanseatic League
DD801.W52	1	11450,11451,11452	Saxony | Württemberg | Hanseatic League
DD801.W528	1	11450,11451,11452	Saxony | Württemberg | Hanseatic League
DD801.W546W488	1	11450,11451,11452	Saxony | Württemberg | Hanseatic League
DD801.W548G795	1	11450,11451,11452	Saxony | Württemberg | Hanseatic League
DD801.W548R64	1	11450,11451,11452	Saxony | Württemberg | Hanseatic League
DD801.W548V563	1	11450,11451,11452	Saxony | Württemberg | Hanseatic League
DD801.W56	1	11450,11451,11452	Saxony | Württemberg | Hanseatic League
DD801.W565	1	11450,11451,11452	Saxony | Württemberg | Hanseatic League
DD801.W575	1	11450,11451,11452	Saxony | Württemberg | Hanseatic League
DD801.W583	1	11450,11451,11452	Saxony | Württemberg | Hanseatic League
DD801.W584	1	11450,11451,11452	Saxony | Württemberg | Hanseatic League
DD801.W5844	1	11450,11451,11452	Saxony | Württemberg | Hanseatic League
DD801.W5847	1	11450,11451,11452	Saxony | Württemberg | Hanseatic League
DD801.W625	1	11450,11451,11452	Saxony | Württemberg | Hanseatic League
DD801.W634	1	11450,11451,11452	Saxony | Württemberg | Hanseatic League
DD801.W652B78	1	11450,11451,11452	Saxony | Württemberg | Hanseatic League
DD801.W678	1	11450,11451,11452	Saxony | Württemberg | Hanseatic League
DD801.W688E24	1	11450,11451,11452	Saxony | Württemberg | Hanseatic League
DD801.W68W87	1	11450,11451,11452	Saxony | Württemberg | Hanseatic League
DD801.W694B75	1	11450,11451,11452	Saxony | Württemberg | Hanseatic League
DD801.W694V65	1	11450,11451,11452	Saxony | Württemberg | Hanseatic League
DD801.W704	1	11450,11451,11452	Saxony | Württemberg | Hanseatic League
DD801.W725A84	1	11450,11451,11452	Saxony | Württemberg | Hanseatic League
DD801.W72K75	1	11450,11451,11452	Saxony | Württemberg | Hanseatic League
DD801.W739S76	1	11450,11451,11452	Saxony | Württemberg | Hanseatic League
DD801.W73G76	1	11450,11451,11452	Saxony | Württemberg | Hanseatic League
DD801.W745	1	11450,11451,11452	Saxony | Württemberg | Hanseatic League
DD801.W76B394	1	11450,11451,11452	Saxony | Württemberg | Hanseatic League
DD801.W76H48	1	11450,11451,11452	Saxony | Württemberg | Hanseatic League
DD801.W76W55	1	11450,11451,11452	Saxony | Württemberg | Hanseatic League
DD801.W789	1	11450,11451,11452	Saxony | Württemberg | Hanseatic League
DD801.W78J36	1	11450,11451,11452	Saxony | Württemberg | Hanseatic League
DD801.W82H63	1	11450,11451,11452	Saxony | Württemberg | Hanseatic League
DD801.W82T55	1	11450,11451,11452	Saxony | Württemberg | Hanseatic League
DD801.W963	1	11450,11451,11452	Saxony | Württemberg | Hanseatic League
DD801.W993	1	11450,11451,11452	Saxony | Württemberg | Hanseatic League
DD801.W995	1	11450,11451,11452	Saxony | Württemberg | Hanseatic League
DD801.W995G76	1	11450,11451,11452	Saxony | Württemberg | Hanseatic League
DD801.W99B6	1	11450,11451,11452	Saxony | Württemberg | Hanseatic League
DD801.Z58	1	11450,11451,11452	Saxony | Württemberg | Hanseatic League
DD801.Z67	1	11450,11451,11452	Saxony | Württemberg | Hanseatic League
DD801B135	1	11450,11451,11452	Saxony | Württemberg | Hanseatic League
DD801B147	1	11450,11451,11452	Saxony | Württemberg | Hanseatic League
DD801B184	1	11450,11451,11452	Saxony | Württemberg | Hanseatic League
DD801B2345	1	11450,11451,11452	Saxony | Württemberg | Hanseatic League
DD801B335	1	11450,11451,11452	Saxony | Württemberg | Hanseatic League
DD801B383	1	11450,11451,11452	Saxony | Württemberg | Hanseatic League
DD801B385	1	11450,11451,11452	Saxony | Württemberg | Hanseatic League
DD801B387D37	1	11450,11451,11452	Saxony | Württemberg | Hanseatic League
DD801B51	1	11450,11451,11452	Saxony | Württemberg | Hanseatic League
DD801B54	1	11450,11451,11452	Saxony | Württemberg | Hanseatic League
DD801C74	1	11450,11451,11452	Saxony | Württemberg | Hanseatic League
DD801H15	1	11450,11451,11452	Saxony | Württemberg | Hanseatic League
DD801H21	1	11450,11451,11452	Saxony | Württemberg | Hanseatic League
DD801H3982	1	11450,11451,11452	Saxony | Württemberg | Hanseatic League
DD801H55	1	11450,11451,11452	Saxony | Württemberg | Hanseatic League
DD801H58	1	11450,11451,11452	Saxony | Württemberg | Hanseatic League
DD801H59	1	11450,11451,11452	Saxony | Württemberg | Hanseatic League
DD801K54	1	11450,11451,11452	Saxony | Württemberg | Hanseatic League
DD801L852	1	11450,11451,11452	Saxony | Württemberg | Hanseatic League
DD801P42	1	11450,11451,11452	Saxony | Württemberg | Hanseatic League
DD801P48	1	11450,11451,11452	Saxony | Württemberg | Hanseatic League
DD801R74	1	11450,11451,11452	Saxony | Württemberg | Hanseatic League
DD801S32	1	11450,11451,11452	Saxony | Württemberg | Hanseatic League
DD801S63345	1	11450,11451,11452	Saxony | Württemberg | Hanseatic League
DD801S6336	1	11450,11451,11452	Saxony | Württemberg | Hanseatic League
DD801W5	1	11450,11451,11452	Saxony | Württemberg | Hanseatic League
DD801W65	1	11450,11451,11452	Saxony | Württemberg | Hanseatic League
DL502.B3	1	11535,11537	Danish Norway, 1387–1814 | Union with Sweden, 1814
DR511.A26	1	11399,11563	Ottoman Empire, 1281/1453–1918 | Ottoman Decline, 1566–1640
DR511.D56	1	11399,11563	Ottoman Empire, 1281/1453–1918 | Ottoman Decline, 1566–1640
DR511.E96	1	11399,11563	Ottoman Empire, 1281/1453–1918 | Ottoman Decline, 1566–1640
DR511.T49	1	11399,11563	Ottoman Empire, 1281/1453–1918 | Ottoman Decline, 1566–1640
DR519.A96	1	11399,11563	Ottoman Empire, 1281/1453–1918 | Ottoman Decline, 1566–1640
DR519.S39	1	11399,11563	Ottoman Empire, 1281/1453–1918 | Ottoman Decline, 1566–1640
DR521.N67	1	11399,11563	Ottoman Empire, 1281/1453–1918 | Ottoman Decline, 1566–1640
DR526.B6513	1	11399,11563	Ottoman Empire, 1281/1453–1918 | Ottoman Decline, 1566–1640
DR526.H34	1	11399,11563	Ottoman Empire, 1281/1453–1918 | Ottoman Decline, 1566–1640
DR526.K67	1	11399,11563	Ottoman Empire, 1281/1453–1918 | Ottoman Decline, 1566–1640
DR526.L38	1	11399,11563	Ottoman Empire, 1281/1453–1918 | Ottoman Decline, 1566–1640
DR526.Y38	1	11399,11563	Ottoman Empire, 1281/1453–1918 | Ottoman Decline, 1566–1640
DR531.T84	1	11399,11565	Ottoman Empire, 1281/1453–1918 | Turkey, 1640-1789
DR534.H38	1	11399,11565	Ottoman Empire, 1281/1453–1918 | Turkey, 1640-1789
DR534.K37	1	11399,11565	Ottoman Empire, 1281/1453–1918 | Turkey, 1640-1789
DR534.M45E82513	1	11399,11565	Ottoman Empire, 1281/1453–1918 | Turkey, 1640-1789
DR534.R35	1	11399,11565	Ottoman Empire, 1281/1453–1918 | Turkey, 1640-1789
DR534.R9	1	11399,11565	Ottoman Empire, 1281/1453–1918 | Turkey, 1640-1789
DR534.T87	1	11399,11565	Ottoman Empire, 1281/1453–1918 | Turkey, 1640-1789
DR536.S74	1	11399,11565	Ottoman Empire, 1281/1453–1918 | Turkey, 1640-1789
DR536.W38	1	11399,11565	Ottoman Empire, 1281/1453–1918 | Turkey, 1640-1789
DR541.3	1	11399,11565	Ottoman Empire, 1281/1453–1918 | Turkey, 1640-1789
DR542.A37	1	11399,11565	Ottoman Empire, 1281/1453–1918 | Turkey, 1640-1789
DR542.A373	1	11399,11565	Ottoman Empire, 1281/1453–1918 | Turkey, 1640-1789
DR542.L45	1	11399,11565	Ottoman Empire, 1281/1453–1918 | Turkey, 1640-1789
DR542.Q38	1	11399,11565	Ottoman Empire, 1281/1453–1918 | Turkey, 1640-1789
DR545.O8513	1	11399,11565	Ottoman Empire, 1281/1453–1918 | Turkey, 1640-1789
DR547.O44	1	11399,11565	Ottoman Empire, 1281/1453–1918 | Turkey, 1640-1789
DR551.A44	1	11399,11565	Ottoman Empire, 1281/1453–1918 | Turkey, 1640-1789
DR553.D38	1	11399,11565	Ottoman Empire, 1281/1453–1918 | Turkey, 1640-1789
DR555.D38	1	11399,11565	Ottoman Empire, 1281/1453–1918 | Turkey, 1640-1789
DT223.2.H3	1	3348,3371	Libya | Tunisia (Tunis)
DT223.2.I73S36	1	3348,3371	Libya | Tunisia (Tunis)
DT223.2.P46	1	3348,3371	Libya | Tunisia (Tunis)
DT223.2.T85	1	3348,3371	Libya | Tunisia (Tunis)
DT223.2.Z87D38	1	3348,3371	Libya | Tunisia (Tunis)
DT223.B38	1	3348,3371	Libya | Tunisia (Tunis)
DT433.542.K37	1	3340,3345	Gabon (Gaboon, Gabun) | Kenya
DT433.542.K55	1	3340,3345	Gabon (Gaboon, Gabun) | Kenya
DT433.542.M83	1	3340,3345	Gabon (Gaboon, Gabun) | Kenya
DT433.542.O93	1	3340,3345	Gabon (Gaboon, Gabun) | Kenya
DT433.542.S65	1	3340,3345	Gabon (Gaboon, Gabun) | Kenya
DT433.545.A75F72	1	3340,3345	Gabon (Gaboon, Gabun) | Kenya
DT433.545.A75F73	1	3340,3345	Gabon (Gaboon, Gabun) | Kenya
DT433.545.B67B37	1	3340,3345	Gabon (Gaboon, Gabun) | Kenya
DT433.545.B67M44	1	3340,3345	Gabon (Gaboon, Gabun) | Kenya
DT433.545.B74M35	1	3340,3345	Gabon (Gaboon, Gabun) | Kenya
DT433.545.D67K73	1	3340,3345	Gabon (Gaboon, Gabun) | Kenya
DT433.545.E27A39	1	3340,3345	Gabon (Gaboon, Gabun) | Kenya
DT433.545.E45G34	1	3340,3345	Gabon (Gaboon, Gabun) | Kenya
DT433.545.E48W36	1	3340,3345	Gabon (Gaboon, Gabun) | Kenya
DT433.545.G32K37	1	3340,3345	Gabon (Gaboon, Gabun) | Kenya
DT433.545.G47	1	3340,3345	Gabon (Gaboon, Gabun) | Kenya
DT433.545.G86S43	1	3340,3345	Gabon (Gaboon, Gabun) | Kenya
DT433.545.K35	1	3340,3345	Gabon (Gaboon, Gabun) | Kenya
DT433.545.K35L96	1	3340,3345	Gabon (Gaboon, Gabun) | Kenya
DT433.545.K36O83	1	3340,3345	Gabon (Gaboon, Gabun) | Kenya
DT433.545.K36Z45	1	3340,3345	Gabon (Gaboon, Gabun) | Kenya
DT433.545.K55.R634	1	3340,3345	Gabon (Gaboon, Gabun) | Kenya
DT433.545.K55A35	1	3340,3345	Gabon (Gaboon, Gabun) | Kenya
DT433.545.K55K32	1	3340,3345	Gabon (Gaboon, Gabun) | Kenya
DT433.545.K55N4813	1	3340,3345	Gabon (Gaboon, Gabun) | Kenya
DT433.545.K55P75	1	3340,3345	Gabon (Gaboon, Gabun) | Kenya
DT433.545.K55R63	1	3340,3345	Gabon (Gaboon, Gabun) | Kenya
DT433.545.K57B36	1	3340,3345	Gabon (Gaboon, Gabun) | Kenya
DT433.545.K87	1	3340,3345	Gabon (Gaboon, Gabun) | Kenya
DT433.545.L85A95	1	3340,3345	Gabon (Gaboon, Gabun) | Kenya
DT433.545.L85C64	1	3340,3345	Gabon (Gaboon, Gabun) | Kenya
DT433.545.M33A47	1	3340,3345	Gabon (Gaboon, Gabun) | Kenya
DT433.545.M33B44	1	3340,3345	Gabon (Gaboon, Gabun) | Kenya
DT433.545.M33B45	1	3340,3345	Gabon (Gaboon, Gabun) | Kenya
DT433.545.M33E9	1	3340,3345	Gabon (Gaboon, Gabun) | Kenya
DT433.545.M33G55	1	3340,3345	Gabon (Gaboon, Gabun) | Kenya
DT433.545.M33H47	1	3340,3345	Gabon (Gaboon, Gabun) | Kenya
DT433.545.M33H59	1	3340,3345	Gabon (Gaboon, Gabun) | Kenya
DT433.545.M33L45	1	3340,3345	Gabon (Gaboon, Gabun) | Kenya
DT433.545.M33M36	1	3340,3345	Gabon (Gaboon, Gabun) | Kenya
DT433.545.M33R48	1	3340,3345	Gabon (Gaboon, Gabun) | Kenya
DT433.545.M33S24	1	3340,3345	Gabon (Gaboon, Gabun) | Kenya
DT433.545.M33S25	1	3340,3345	Gabon (Gaboon, Gabun) | Kenya
DT433.545.M33T34	1	3340,3345	Gabon (Gaboon, Gabun) | Kenya
DT433.545.M33T87	1	3340,3345	Gabon (Gaboon, Gabun) | Kenya
DT433.545.M33Z45	1	3340,3345	Gabon (Gaboon, Gabun) | Kenya
DT433.545.M34G57	1	3340,3345	Gabon (Gaboon, Gabun) | Kenya
DT433.545.M34R55	1	3340,3345	Gabon (Gaboon, Gabun) | Kenya
DT433.545.M47W36	1	3340,3345	Gabon (Gaboon, Gabun) | Kenya
DT433.545.M87N48	1	3340,3345	Gabon (Gaboon, Gabun) | Kenya
DT433.545.N55Z45	1	3340,3345	Gabon (Gaboon, Gabun) | Kenya
DT433.545.N67	1	3340,3345	Gabon (Gaboon, Gabun) | Kenya
DT433.545.N83	1	3340,3345	Gabon (Gaboon, Gabun) | Kenya
DT433.545.P36	1	3340,3345	Gabon (Gaboon, Gabun) | Kenya
DT433.545.R45P37	1	3340,3345	Gabon (Gaboon, Gabun) | Kenya
DT433.545.S26H65	1	3340,3345	Gabon (Gaboon, Gabun) | Kenya
DT433.545.S26H653	1	3340,3345	Gabon (Gaboon, Gabun) | Kenya
DT433.545.S26M34	1	3340,3345	Gabon (Gaboon, Gabun) | Kenya
DT433.545.S27	1	3340,3345	Gabon (Gaboon, Gabun) | Kenya
DT433.545.S77	1	3340,3345	Gabon (Gaboon, Gabun) | Kenya
DT433.545.S83	1	3340,3345	Gabon (Gaboon, Gabun) | Kenya
DT433.545.S85J66	1	3340,3345	Gabon (Gaboon, Gabun) | Kenya
DT433.545.S85S94	1	3340,3345	Gabon (Gaboon, Gabun) | Kenya
DT433.545.S93N73	1	3340,3345	Gabon (Gaboon, Gabun) | Kenya
DT433.545.T34.M58	1	3340,3345	Gabon (Gaboon, Gabun) | Kenya
DT433.545.T38	1	3340,3345	Gabon (Gaboon, Gabun) | Kenya
DT433.545.T57	1	3340,3345	Gabon (Gaboon, Gabun) | Kenya
DT433.545.T87I35	1	3340,3345	Gabon (Gaboon, Gabun) | Kenya
DT433.545.T87M33	1	3340,3345	Gabon (Gaboon, Gabun) | Kenya
DT433.545.T87P39	1	3340,3345	Gabon (Gaboon, Gabun) | Kenya
DT433.545.T87T87	1	3340,3345	Gabon (Gaboon, Gabun) | Kenya
DT433.545.Y32M87	1	3340,3345	Gabon (Gaboon, Gabun) | Kenya
DT433.545R63	1	3340,3345	Gabon (Gaboon, Gabun) | Kenya
DT641.A27	1	3375,10534	Zaire. Congo (Democratic Republic). Belgian Congo | Congo (Democratic Republic). Zaire. Belgian Congo
DT641.C765	1	3375,10534	Zaire. Congo (Democratic Republic). Belgian Congo | Congo (Democratic Republic). Zaire. Belgian Congo
DT643.B36	1	3375,10534	Zaire. Congo (Democratic Republic). Belgian Congo | Congo (Democratic Republic). Zaire. Belgian Congo
DT643.B63	1	3375,10534	Zaire. Congo (Democratic Republic). Belgian Congo | Congo (Democratic Republic). Zaire. Belgian Congo
DT644.C663	1	3375,10534	Zaire. Congo (Democratic Republic). Belgian Congo | Congo (Democratic Republic). Zaire. Belgian Congo
DT644.D57	1	3375,10534	Zaire. Congo (Democratic Republic). Belgian Congo | Congo (Democratic Republic). Zaire. Belgian Congo
DT644.M23	1	3375,10534	Zaire. Congo (Democratic Republic). Belgian Congo | Congo (Democratic Republic). Zaire. Belgian Congo
DT644.M55	1	3375,10534	Zaire. Congo (Democratic Republic). Belgian Congo | Congo (Democratic Republic). Zaire. Belgian Congo
DT644.M552	1	3375,10534	Zaire. Congo (Democratic Republic). Belgian Congo | Congo (Democratic Republic). Zaire. Belgian Congo
DT644.O67	1	3375,10534	Zaire. Congo (Democratic Republic). Belgian Congo | Congo (Democratic Republic). Zaire. Belgian Congo
DT644.P74	1	3375,10534	Zaire. Congo (Democratic Republic). Belgian Congo | Congo (Democratic Republic). Zaire. Belgian Congo
DT644.Z3425	1	3375,10534	Zaire. Congo (Democratic Republic). Belgian Congo | Congo (Democratic Republic). Zaire. Belgian Congo
DT644.Z345	1	3375,10534	Zaire. Congo (Democratic Republic). Belgian Congo | Congo (Democratic Republic). Zaire. Belgian Congo
DT645	1	3375,10534	Zaire. Congo (Democratic Republic). Belgian Congo | Congo (Democratic Republic). Zaire. Belgian Congo
DT646.D7	1	3375,10534	Zaire. Congo (Democratic Republic). Belgian Congo | Congo (Democratic Republic). Zaire. Belgian Congo
DT647.5.H95	1	3375,10534	Zaire. Congo (Democratic Republic). Belgian Congo | Congo (Democratic Republic). Zaire. Belgian Congo
DT647.5.J6713	1	3375,10534	Zaire. Congo (Democratic Republic). Belgian Congo | Congo (Democratic Republic). Zaire. Belgian Congo
DT647.5.S86	1	3375,10534	Zaire. Congo (Democratic Republic). Belgian Congo | Congo (Democratic Republic). Zaire. Belgian Congo
DT647H86	1	3375,10534	Zaire. Congo (Democratic Republic). Belgian Congo | Congo (Democratic Republic). Zaire. Belgian Congo
DT649.I36	1	3375,10534	Zaire. Congo (Democratic Republic). Belgian Congo | Congo (Democratic Republic). Zaire. Belgian Congo
DT649.M85	1	3375,10534	Zaire. Congo (Democratic Republic). Belgian Congo | Congo (Democratic Republic). Zaire. Belgian Congo
E375.55	1	3411,3417	Early nineteenth century, 1801/1809-1845 | Revolution to the Civil War, 1775/1783-1861
E394.B53	1	3411,3417	Early nineteenth century, 1801/1809-1845 | Revolution to the Civil War, 1775/1783-1861
E394.E4	1	3411,3417	Early nineteenth century, 1801/1809-1845 | Revolution to the Civil War, 1775/1783-1861
HF5389.3.A73	1	5113,12267	Business Etiquette | Business Etiquette
HF5389.3.A78S23	1	5113,12267	Business Etiquette | Business Etiquette
HF5389.3.A78S39	1	5113,12267	Business Etiquette | Business Etiquette
HF5389.3.C6V47	1	5113,12267	Business Etiquette | Business Etiquette
HF5389.3.E85S23	1	5113,12267	Business Etiquette | Business Etiquette
HF5389.3.G7	1	5113,12267	Business Etiquette | Business Etiquette
HF5389.3.I4N37	1	5113,12267	Business Etiquette | Business Etiquette
HF5389.3.I74	1	5113,12267	Business Etiquette | Business Etiquette
HF5389.3.J3N57	1	5113,12267	Business Etiquette | Business Etiquette
HF5389.3.K6D417	1	5113,12267	Business Etiquette | Business Etiquette
HF5389.3.K7	1	5113,12267	Business Etiquette | Business Etiquette
HF5389.3.L3D57	1	5113,12267	Business Etiquette | Business Etiquette
HF5389.3.L3S22	1	5113,12267	Business Etiquette | Business Etiquette
HF5389.3.M6	1	5113,12267	Business Etiquette | Business Etiquette
HF5389.3.N4	1	5113,12267	Business Etiquette | Business Etiquette
HF5389.3.N6	1	5113,12267	Business Etiquette | Business Etiquette
HF5389.3.P35H67	1	5113,12267	Business Etiquette | Business Etiquette
HF5389.3.S6	1	5113,12267	Business Etiquette | Business Etiquette
HF5389.3.U6S65	1	5113,12267	Business Etiquette | Business Etiquette
HF5389.3.U6S74	1	5113,12267	Business Etiquette | Business Etiquette
HF5389.A48	1	5113,12267	Business Etiquette | Business Etiquette
HF5389.A98	1	5113,12267	Business Etiquette | Business Etiquette
HF5389.B34	1	5113,12267	Business Etiquette | Business Etiquette
HF5389.B57	1	5113,12267	Business Etiquette | Business Etiquette
HF5389.B682007	1	5113,12267	Business Etiquette | Business Etiquette
HF5389.B76	1	5113,12267	Business Etiquette | Business Etiquette
HF5389.C36	1	5113,12267	Business Etiquette | Business Etiquette
HF5389.C37	1	5113,12267	Business Etiquette | Business Etiquette
HF5389.C653	1	5113,12267	Business Etiquette | Business Etiquette
HF5389.E53	1	5113,12267	Business Etiquette | Business Etiquette
HF5389.E93	1	5113,12267	Business Etiquette | Business Etiquette
HF5389.F696	1	5113,12267	Business Etiquette | Business Etiquette
HF5389.F75	1	5113,12267	Business Etiquette | Business Etiquette
HF5389.G47	1	5113,12267	Business Etiquette | Business Etiquette
HF5389.H55	1	5113,12267	Business Etiquette | Business Etiquette
HF5389.H63	1	5113,12267	Business Etiquette | Business Etiquette
HF5389.I53	1	5113,12267	Business Etiquette | Business Etiquette
HF5389.J39	1	5113,12267	Business Etiquette | Business Etiquette
HF5389.J66	1	5113,12267	Business Etiquette | Business Etiquette
HF5389.M37	1	5113,12267	Business Etiquette | Business Etiquette
HF5389.M3753	1	5113,12267	Business Etiquette | Business Etiquette
HF5389.M57	1	5113,12267	Business Etiquette | Business Etiquette
HF5389.M577	1	5113,12267	Business Etiquette | Business Etiquette
HF5389.M58	1	5113,12267	Business Etiquette | Business Etiquette
HF5389.M66	1	5113,12267	Business Etiquette | Business Etiquette
HF5389.O45	1	5113,12267	Business Etiquette | Business Etiquette
HF5389.P3	1	5113,12267	Business Etiquette | Business Etiquette
HF5389.P38	1	5113,12267	Business Etiquette | Business Etiquette
HF5389.P55	1	5113,12267	Business Etiquette | Business Etiquette
HF5389.P65	1	5113,12267	Business Etiquette | Business Etiquette
HF5389.R364	1	5113,12267	Business Etiquette | Business Etiquette
HF5389.R623	1	5113,12267	Business Etiquette | Business Etiquette
HF5389.S23	1	5113,12267	Business Etiquette | Business Etiquette
HF5389.S53	1	5113,12267	Business Etiquette | Business Etiquette
HF5389.S56	1	5113,12267	Business Etiquette | Business Etiquette
HF5389.T67	1	5113,12267	Business Etiquette | Business Etiquette
HF5389.U6	1	5113,12267	Business Etiquette | Business Etiquette
HF5389.W35	1	5113,12267	Business Etiquette | Business Etiquette
HF5389.W45	1	5113,12267	Business Etiquette | Business Etiquette
HF5389.W46	1	5113,12267	Business Etiquette | Business Etiquette
HF5389.W485	1	5113,12267	Business Etiquette | Business Etiquette
HF5389.Y34	1	5113,12267	Business Etiquette | Business Etiquette
HF5389D8214	1	5113,12267	Business Etiquette | Business Etiquette
HF5389S182r2011	1	5113,12267	Business Etiquette | Business Etiquette
K1022.C6R43	1	5619,11738	Industry & Economic Regulation | Commercial Contracts & Banking
K1150.A12	1	5619,11739	Industry & Economic Regulation | Corporate Law
K1150.A37	1	5619,11739	Industry & Economic Regulation | Corporate Law
K1150.A55	1	5619,11739	Industry & Economic Regulation | Corporate Law
K1150.A6.E87	1	5619,11739	Industry & Economic Regulation | Corporate Law
K1150.A6.M375	1	5619,11739	Industry & Economic Regulation | Corporate Law
K1150.A9	1	5619,11739	Industry & Economic Regulation | Corporate Law
K1150.B76	1	5619,11739	Industry & Economic Regulation | Corporate Law
K1150.C3	1	5619,11739	Industry & Economic Regulation | Corporate Law
K1150.C37	1	5619,11739	Industry & Economic Regulation | Corporate Law
K1150.C66	1	5619,11739	Industry & Economic Regulation | Corporate Law
K1150.D57	1	5619,11739	Industry & Economic Regulation | Corporate Law
K1150.E54	1	5619,11739	Industry & Economic Regulation | Corporate Law
K1150.H42	1	5619,11739	Industry & Economic Regulation | Corporate Law
K1150.I58eb	1	5619,11739	Industry & Economic Regulation | Corporate Law
K1150.M367	1	5619,11739	Industry & Economic Regulation | Corporate Law
K1151	1	5619,11739	Industry & Economic Regulation | Corporate Law
K1153.3.F3	1	5619,11739	Industry & Economic Regulation | Corporate Law
K1153.3F3	1	5619,11739	Industry & Economic Regulation | Corporate Law
K1154.3	1	5619,11739	Industry & Economic Regulation | Corporate Law
K1155.Z45	1	5619,11739	Industry & Economic Regulation | Corporate Law
K1185	1	5619,11739	Industry & Economic Regulation | Corporate Law
K1188.A7B45	1	5619,11739	Industry & Economic Regulation | Corporate Law
K1188.A7S35	1	5619,11739	Industry & Economic Regulation | Corporate Law
K1188.A8.I64	1	5619,11739	Industry & Economic Regulation | Corporate Law
K1188.A8P375	1	5619,11739	Industry & Economic Regulation | Corporate Law
K1188.B6C74	1	5619,11739	Industry & Economic Regulation | Corporate Law
K1188.S7	1	5619,11739	Industry & Economic Regulation | Corporate Law
K1188.T6	1	5619,11739	Industry & Economic Regulation | Corporate Law
K3280.A3	1	5321,11745	Church–State Relations | Government Institutions
K3280.A36	1	5321,11745	Church–State Relations | Government Institutions
K3280.A94	1	5321,11745	Church–State Relations | Government Institutions
K3280.B47	1	5321,11745	Church–State Relations | Government Institutions
K3280.C47	1	5321,11745	Church–State Relations | Government Institutions
K3280.C85	1	5321,11745	Church–State Relations | Government Institutions
K3280.D73	1	5321,11745	Church–State Relations | Government Institutions
K3280.E32	1	5321,11745	Church–State Relations | Government Institutions
K3280.F35	1	5321,11745	Church–State Relations | Government Institutions
K3280.G35	1	5321,11745	Church–State Relations | Government Institutions
K3280.H57	1	5321,11745	Church–State Relations | Government Institutions
K3280.L39	1	5321,11745	Church–State Relations | Government Institutions
K3280.L3935	1	5321,11745	Church–State Relations | Government Institutions
K3280.L395	1	5321,11745	Church–State Relations | Government Institutions
K3280.L47	1	5321,11745	Church–State Relations | Government Institutions
K3280.P467	1	5321,11745	Church–State Relations | Government Institutions
K3280.P47	1	5321,11745	Church–State Relations | Government Institutions
K3280.R4297	1	5321,11745	Church–State Relations | Government Institutions
K3280.R447	1	5321,11745	Church–State Relations | Government Institutions
K3280.R449	1	5321,11745	Church–State Relations | Government Institutions
K3280.Z9	1	5321,11745	Church–State Relations | Government Institutions
K3282.L88	1	5321,11745	Church–State Relations | Government Institutions
K5011	1	11752,12989	Criminal Law & Procedure | General Criminal Law & Procedure
K5012.E43	1	11752,12989	Criminal Law & Procedure | General Criminal Law & Procedure
K5013.2.G8	1	11752,12989	Criminal Law & Procedure | General Criminal Law & Procedure
K5013.G73	1	11752,12989	Criminal Law & Procedure | General Criminal Law & Procedure
K5014.45	1	11752,12989	Criminal Law & Procedure | General Criminal Law & Procedure
K5014.6.C73	1	11752,12989	Criminal Law & Procedure | General Criminal Law & Procedure
K5014.6.C73x	1	11752,12989	Criminal Law & Procedure | General Criminal Law & Procedure
K5014.8.A44	1	11752,12989	Criminal Law & Procedure | General Criminal Law & Procedure
K5014.8.C667	1	11752,12989	Criminal Law & Procedure | General Criminal Law & Procedure
K5014.8.C6695	1	11752,12989	Criminal Law & Procedure | General Criminal Law & Procedure
K5014.8.I548	1	11752,12989	Criminal Law & Procedure | General Criminal Law & Procedure
K5014.8.T73	1	11752,12989	Criminal Law & Procedure | General Criminal Law & Procedure
K5014.8.T734	1	11752,12989	Criminal Law & Procedure | General Criminal Law & Procedure
K5015.2	1	11752,12989	Criminal Law & Procedure | General Criminal Law & Procedure
K5015.4.C63	1	11752,12989	Criminal Law & Procedure | General Criminal Law & Procedure
K5015.4.C66	1	11752,12989	Criminal Law & Procedure | General Criminal Law & Procedure
K5015.4.C75	1	11752,12989	Criminal Law & Procedure | General Criminal Law & Procedure
K5015.4.C76	1	11752,12989	Criminal Law & Procedure | General Criminal Law & Procedure
K5015.4.D833	1	11752,12989	Criminal Law & Procedure | General Criminal Law & Procedure
K5015.4.F57	1	11752,12989	Criminal Law & Procedure | General Criminal Law & Procedure
K5015.4.G45	1	11752,12989	Criminal Law & Procedure | General Criminal Law & Procedure
K5015.4.K47	1	11752,12989	Criminal Law & Procedure | General Criminal Law & Procedure
K5015.4.N38	1	11752,12989	Criminal Law & Procedure | General Criminal Law & Procedure
K5015.4.O88	1	11752,12989	Criminal Law & Procedure | General Criminal Law & Procedure
K5015.4.O94	1	11752,12989	Criminal Law & Procedure | General Criminal Law & Procedure
K5015.4.P63	1	11752,12989	Criminal Law & Procedure | General Criminal Law & Procedure
K5015.4.R44	1	11752,12989	Criminal Law & Procedure | General Criminal Law & Procedure
K5015.4.R469	1	11752,12989	Criminal Law & Procedure | General Criminal Law & Procedure
K5015.4.S36	1	11752,12989	Criminal Law & Procedure | General Criminal Law & Procedure
K5015.4.S87	1	11752,12989	Criminal Law & Procedure | General Criminal Law & Procedure
K5015.4.T735	1	11752,12989	Criminal Law & Procedure | General Criminal Law & Procedure
K5015.4.Z34	1	11752,12989	Criminal Law & Procedure | General Criminal Law & Procedure
K5015.6.G43	1	11752,12989	Criminal Law & Procedure | General Criminal Law & Procedure
K5015.A5	1	11752,12989	Criminal Law & Procedure | General Criminal Law & Procedure
K5015.A5G5737	1	11752,12989	Criminal Law & Procedure | General Criminal Law & Procedure
K5015.B37	1	11752,12989	Criminal Law & Procedure | General Criminal Law & Procedure
K5015.B765	1	11752,12989	Criminal Law & Procedure | General Criminal Law & Procedure
K5015.C369	1	11752,12989	Criminal Law & Procedure | General Criminal Law & Procedure
K5015.S56	1	11752,12989	Criminal Law & Procedure | General Criminal Law & Procedure
K5017	1	11752,12989	Criminal Law & Procedure | General Criminal Law & Procedure
K5018.B375	1	11752,12989	Criminal Law & Procedure | General Criminal Law & Procedure
K5018.B68	1	11752,12989	Criminal Law & Procedure | General Criminal Law & Procedure
K5018.C35	1	11752,12989	Criminal Law & Procedure | General Criminal Law & Procedure
K5018.C47	1	11752,12989	Criminal Law & Procedure | General Criminal Law & Procedure
K5018.C73	1	11752,12989	Criminal Law & Procedure | General Criminal Law & Procedure
K5018.C75	1	11752,12989	Criminal Law & Procedure | General Criminal Law & Procedure
K5018.C755	1	11752,12989	Criminal Law & Procedure | General Criminal Law & Procedure
K5018.C767	1	11752,12989	Criminal Law & Procedure | General Criminal Law & Procedure
K5018.D84	1	11752,12989	Criminal Law & Procedure | General Criminal Law & Procedure
K5018.E45	1	11752,12989	Criminal Law & Procedure | General Criminal Law & Procedure
K5018.E83	1	11752,12989	Criminal Law & Procedure | General Criminal Law & Procedure
K5018.F45eb	1	11752,12989	Criminal Law & Procedure | General Criminal Law & Procedure
K5018.F567	1	11752,12989	Criminal Law & Procedure | General Criminal Law & Procedure
K5018.G374	1	11752,12989	Criminal Law & Procedure | General Criminal Law & Procedure
K5018.G694	1	11752,12989	Criminal Law & Procedure | General Criminal Law & Procedure
K5018.H35	1	11752,12989	Criminal Law & Procedure | General Criminal Law & Procedure
K5018.H44	1	11752,12989	Criminal Law & Procedure | General Criminal Law & Procedure
K5018.H87	1	11752,12989	Criminal Law & Procedure | General Criminal Law & Procedure
K5018.L38	1	11752,12989	Criminal Law & Procedure | General Criminal Law & Procedure
K5018.M665	1	11752,12989	Criminal Law & Procedure | General Criminal Law & Procedure
K5018.M67	1	11752,12989	Criminal Law & Procedure | General Criminal Law & Procedure
K5018.N67	1	11752,12989	Criminal Law & Procedure | General Criminal Law & Procedure
K5018.Q56	1	11752,12989	Criminal Law & Procedure | General Criminal Law & Procedure
K5018.R469	1	11752,12989	Criminal Law & Procedure | General Criminal Law & Procedure
K5018.R47	1	11752,12989	Criminal Law & Procedure | General Criminal Law & Procedure
K5018.R659	1	11752,12989	Criminal Law & Procedure | General Criminal Law & Procedure
K5018.R6595	1	11752,12989	Criminal Law & Procedure | General Criminal Law & Procedure
K5018.S34	1	11752,12989	Criminal Law & Procedure | General Criminal Law & Procedure
K5018.S5	1	11752,12989	Criminal Law & Procedure | General Criminal Law & Procedure
K5018.S765	1	11752,12989	Criminal Law & Procedure | General Criminal Law & Procedure
K5018.T33	1	11752,12989	Criminal Law & Procedure | General Criminal Law & Procedure
K5018.W54	1	11752,12989	Criminal Law & Procedure | General Criminal Law & Procedure
K5018.W548	1	11752,12989	Criminal Law & Procedure | General Criminal Law & Procedure
K5018.W64	1	11752,12989	Criminal Law & Procedure | General Criminal Law & Procedure
K5018.Z9A27	1	11752,12989	Criminal Law & Procedure | General Criminal Law & Procedure
K5018.Z9H37	1	11752,12989	Criminal Law & Procedure | General Criminal Law & Procedure
K5020.W67	1	11752,12989	Criminal Law & Procedure | General Criminal Law & Procedure
K5025.M8	1	11752,12989	Criminal Law & Procedure | General Criminal Law & Procedure
K5025.R63	1	11752,12989	Criminal Law & Procedure | General Criminal Law & Procedure
K5025.V47	1	11752,12989	Criminal Law & Procedure | General Criminal Law & Procedure
K5027.K37	1	11752,12989	Criminal Law & Procedure | General Criminal Law & Procedure
K5027.M38	1	11752,12989	Criminal Law & Procedure | General Criminal Law & Procedure
K5027.P75	1	11752,12989	Criminal Law & Procedure | General Criminal Law & Procedure
K5027.W55	1	11752,12989	Criminal Law & Procedure | General Criminal Law & Procedure
K5028	1	11752,12989	Criminal Law & Procedure | General Criminal Law & Procedure
K5028.6.M87	1	11752,12989	Criminal Law & Procedure | General Criminal Law & Procedure
K5030.C93	1	11752,12989	Criminal Law & Procedure | General Criminal Law & Procedure
K5030.D35K56	1	11752,12989	Criminal Law & Procedure | General Criminal Law & Procedure
K5030.V53	1	11752,12989	Criminal Law & Procedure | General Criminal Law & Procedure
K5031.R5	1	11752,12989	Criminal Law & Procedure | General Criminal Law & Procedure
K5032.L425	1	11752,12989	Criminal Law & Procedure | General Criminal Law & Procedure
K5032.N57	1	11752,12989	Criminal Law & Procedure | General Criminal Law & Procedure
K5036.A55	1	11752,12989	Criminal Law & Procedure | General Criminal Law & Procedure
K5036.A6W44	1	11752,12989	Criminal Law & Procedure | General Criminal Law & Procedure
K5036.B37	1	11752,12989	Criminal Law & Procedure | General Criminal Law & Procedure
K5036.G35	1	11752,12989	Criminal Law & Procedure | General Criminal Law & Procedure
K5036.S59	1	11752,12989	Criminal Law & Procedure | General Criminal Law & Procedure
K5036.S69	1	11752,12989	Criminal Law & Procedure | General Criminal Law & Procedure
K5036.U55	1	11752,12989	Criminal Law & Procedure | General Criminal Law & Procedure
K5036.U7	1	11752,12989	Criminal Law & Procedure | General Criminal Law & Procedure
K5042	1	11752,12989	Criminal Law & Procedure | General Criminal Law & Procedure
K5051.4	1	11752,12989	Criminal Law & Procedure | General Criminal Law & Procedure
K5051.K75	1	11752,12989	Criminal Law & Procedure | General Criminal Law & Procedure
K5055.K38	1	11752,12989	Criminal Law & Procedure | General Criminal Law & Procedure
K5055.K87	1	11752,12989	Criminal Law & Procedure | General Criminal Law & Procedure
K5055.M66	1	11752,12989	Criminal Law & Procedure | General Criminal Law & Procedure
K5055.S36	1	11752,12989	Criminal Law & Procedure | General Criminal Law & Procedure
K5058.K34	1	11752,12989	Criminal Law & Procedure | General Criminal Law & Procedure
K5059.C39	1	11752,12989	Criminal Law & Procedure | General Criminal Law & Procedure
K5059.Z54	1	11752,12989	Criminal Law & Procedure | General Criminal Law & Procedure
K5064.B384	1	11752,12989	Criminal Law & Procedure | General Criminal Law & Procedure
K5064.C36918	1	11752,12989	Criminal Law & Procedure | General Criminal Law & Procedure
K5064.C37	1	11752,12989	Criminal Law & Procedure | General Criminal Law & Procedure
K5064.C745	1	11752,12989	Criminal Law & Procedure | General Criminal Law & Procedure
K5064.D84	1	11752,12989	Criminal Law & Procedure | General Criminal Law & Procedure
K5064.K43	1	11752,12989	Criminal Law & Procedure | General Criminal Law & Procedure
K5064.K67	1	11752,12989	Criminal Law & Procedure | General Criminal Law & Procedure
K5064.M36	1	11752,12989	Criminal Law & Procedure | General Criminal Law & Procedure
K5064.O38	1	11752,12989	Criminal Law & Procedure | General Criminal Law & Procedure
K5064.R6	1	11752,12989	Criminal Law & Procedure | General Criminal Law & Procedure
K5064.S44	1	11752,12989	Criminal Law & Procedure | General Criminal Law & Procedure
K5064.W36	1	11752,12989	Criminal Law & Procedure | General Criminal Law & Procedure
K5064.W37	1	11752,12989	Criminal Law & Procedure | General Criminal Law & Procedure
K5064.Z87	1	11752,12989	Criminal Law & Procedure | General Criminal Law & Procedure
K5065.A55	1	11752,12989	Criminal Law & Procedure | General Criminal Law & Procedure
K5065.A6	1	11752,12989	Criminal Law & Procedure | General Criminal Law & Procedure
K5065.E49	1	11752,12989	Criminal Law & Procedure | General Criminal Law & Procedure
K5065.H33	1	11752,12989	Criminal Law & Procedure | General Criminal Law & Procedure
K5065.S26	1	11752,12989	Criminal Law & Procedure | General Criminal Law & Procedure
K5065.S39	1	11752,12989	Criminal Law & Procedure | General Criminal Law & Procedure
K5066.A98	1	11752,12989	Criminal Law & Procedure | General Criminal Law & Procedure
K5066.B33	1	11752,12989	Criminal Law & Procedure | General Criminal Law & Procedure
K5066.K84	1	11752,12989	Criminal Law & Procedure | General Criminal Law & Procedure
K5066.Z9	1	11752,12989	Criminal Law & Procedure | General Criminal Law & Procedure
K5067.S37	1	11752,12989	Criminal Law & Procedure | General Criminal Law & Procedure
K5067.T64	1	11752,12989	Criminal Law & Procedure | General Criminal Law & Procedure
K5069.E53	1	11752,12989	Criminal Law & Procedure | General Criminal Law & Procedure
K5069.H35	1	11752,12989	Criminal Law & Procedure | General Criminal Law & Procedure
K5069.H85	1	11752,12989	Criminal Law & Procedure | General Criminal Law & Procedure
K5069.I58	1	11752,12989	Criminal Law & Procedure | General Criminal Law & Procedure
K5069.S768	1	11752,12989	Criminal Law & Procedure | General Criminal Law & Procedure
K5070.D75	1	11752,12989	Criminal Law & Procedure | General Criminal Law & Procedure
K5070.N69	1	11752,12989	Criminal Law & Procedure | General Criminal Law & Procedure
K5074	1	11752,12989	Criminal Law & Procedure | General Criminal Law & Procedure
K5076.C48	1	11752,12989	Criminal Law & Procedure | General Criminal Law & Procedure
K5077.A95	1	11752,12989	Criminal Law & Procedure | General Criminal Law & Procedure
K5077.I48	1	11752,12989	Criminal Law & Procedure | General Criminal Law & Procedure
K5077.M67	1	11752,12989	Criminal Law & Procedure | General Criminal Law & Procedure
K5077.R63	1	11752,12989	Criminal Law & Procedure | General Criminal Law & Procedure
K5077.S74	1	11752,12989	Criminal Law & Procedure | General Criminal Law & Procedure
K5079	1	11752,12989	Criminal Law & Procedure | General Criminal Law & Procedure
K5079.M37	1	11752,12989	Criminal Law & Procedure | General Criminal Law & Procedure
K5083.C37	1	11752,12989	Criminal Law & Procedure | General Criminal Law & Procedure
K5083.H87	1	11752,12989	Criminal Law & Procedure | General Criminal Law & Procedure
K5083.L38	1	11752,12989	Criminal Law & Procedure | General Criminal Law & Procedure
K5084.D36	1	11752,12989	Criminal Law & Procedure | General Criminal Law & Procedure
K5085	1	11752,12989	Criminal Law & Procedure | General Criminal Law & Procedure
K5086.J87	1	11752,12989	Criminal Law & Procedure | General Criminal Law & Procedure
K5086.T97	1	11752,12989	Criminal Law & Procedure | General Criminal Law & Procedure
K5087.C6.C66	1	11752,12989	Criminal Law & Procedure | General Criminal Law & Procedure
K5087.N4C37	1	11752,12989	Criminal Law & Procedure | General Criminal Law & Procedure
K5087.S4B57	1	11752,12989	Criminal Law & Procedure | General Criminal Law & Procedure
K5087.S4D69	1	11752,12989	Criminal Law & Procedure | General Criminal Law & Procedure
K5087.S4F76	1	11752,12989	Criminal Law & Procedure | General Criminal Law & Procedure
K5087.S4H47	1	11752,12989	Criminal Law & Procedure | General Criminal Law & Procedure
K5087.S9E54	1	11752,12989	Criminal Law & Procedure | General Criminal Law & Procedure
K5090.A55	1	11752,12989	Criminal Law & Procedure | General Criminal Law & Procedure
K5090.B43	1	11752,12989	Criminal Law & Procedure | General Criminal Law & Procedure
K5090.D84	1	11752,12989	Criminal Law & Procedure | General Criminal Law & Procedure
K5101.A35	1	11752,12989	Criminal Law & Procedure | General Criminal Law & Procedure
K5101.A93	1	11752,12989	Criminal Law & Procedure | General Criminal Law & Procedure
K5101.H67	1	11752,12989	Criminal Law & Procedure | General Criminal Law & Procedure
K5101.K65	1	11752,12989	Criminal Law & Procedure | General Criminal Law & Procedure
K5101.L57	1	11752,12989	Criminal Law & Procedure | General Criminal Law & Procedure
K5101.M43	1	11752,12989	Criminal Law & Procedure | General Criminal Law & Procedure
K5101.M85	1	11752,12989	Criminal Law & Procedure | General Criminal Law & Procedure
K5101.R48	1	11752,12989	Criminal Law & Procedure | General Criminal Law & Procedure
K5101.R93	1	11752,12989	Criminal Law & Procedure | General Criminal Law & Procedure
K5101.S66	1	11752,12989	Criminal Law & Procedure | General Criminal Law & Procedure
K5101.Z56	1	11752,12989	Criminal Law & Procedure | General Criminal Law & Procedure
K5103.A44	1	11752,12989	Criminal Law & Procedure | General Criminal Law & Procedure
K5103.A477	1	11752,12989	Criminal Law & Procedure | General Criminal Law & Procedure
K5103.B38	1	11752,12989	Criminal Law & Procedure | General Criminal Law & Procedure
K5103.B57	1	11752,12989	Criminal Law & Procedure | General Criminal Law & Procedure
K5103.C73	1	11752,12989	Criminal Law & Procedure | General Criminal Law & Procedure
K5103.D38	1	11752,12989	Criminal Law & Procedure | General Criminal Law & Procedure
K5103.D84	1	11752,12989	Criminal Law & Procedure | General Criminal Law & Procedure
K5103.F67913	1	11752,12989	Criminal Law & Procedure | General Criminal Law & Procedure
K5103.G73	1	11752,12989	Criminal Law & Procedure | General Criminal Law & Procedure
K5103.H365	1	11752,12989	Criminal Law & Procedure | General Criminal Law & Procedure
K5103.H83	1	11752,12989	Criminal Law & Procedure | General Criminal Law & Procedure
K5103.K49	1	11752,12989	Criminal Law & Procedure | General Criminal Law & Procedure
K5103.K57	1	11752,12989	Criminal Law & Procedure | General Criminal Law & Procedure
K5103.L385	1	11752,12989	Criminal Law & Procedure | General Criminal Law & Procedure
K5103.M38	1	11752,12989	Criminal Law & Procedure | General Criminal Law & Procedure
K5103.M46913	1	11752,12989	Criminal Law & Procedure | General Criminal Law & Procedure
K5103.M47	1	11752,12989	Criminal Law & Procedure | General Criminal Law & Procedure
K5103.M87	1	11752,12989	Criminal Law & Procedure | General Criminal Law & Procedure
K5103.O3	1	11752,12989	Criminal Law & Procedure | General Criminal Law & Procedure
K5103.P38	1	11752,12989	Criminal Law & Procedure | General Criminal Law & Procedure
K5103.P47	1	11752,12989	Criminal Law & Procedure | General Criminal Law & Procedure
K5103.P49	1	11752,12989	Criminal Law & Procedure | General Criminal Law & Procedure
K5103.P865	1	11752,12989	Criminal Law & Procedure | General Criminal Law & Procedure
K5103.P868	1	11752,12989	Criminal Law & Procedure | General Criminal Law & Procedure
K5103.R48	1	11752,12989	Criminal Law & Procedure | General Criminal Law & Procedure
K5103.R628	1	11752,12989	Criminal Law & Procedure | General Criminal Law & Procedure
K5103.R674	1	11752,12989	Criminal Law & Procedure | General Criminal Law & Procedure
K5103.S44	1	11752,12989	Criminal Law & Procedure | General Criminal Law & Procedure
K5103.S547	1	11752,12989	Criminal Law & Procedure | General Criminal Law & Procedure
K5103.S585	1	11752,12989	Criminal Law & Procedure | General Criminal Law & Procedure
K5103.S78	1	11752,12989	Criminal Law & Procedure | General Criminal Law & Procedure
K5103.T76	1	11752,12989	Criminal Law & Procedure | General Criminal Law & Procedure
K5103.T86	1	11752,12989	Criminal Law & Procedure | General Criminal Law & Procedure
K5103.T87	1	11752,12989	Criminal Law & Procedure | General Criminal Law & Procedure
K5103.V36	1	11752,12989	Criminal Law & Procedure | General Criminal Law & Procedure
K5104.A56	1	11752,12989	Criminal Law & Procedure | General Criminal Law & Procedure
K5104.A6B49	1	11752,12989	Criminal Law & Procedure | General Criminal Law & Procedure
K5104.B33	1	11752,12989	Criminal Law & Procedure | General Criminal Law & Procedure
K5104.B48	1	11752,12989	Criminal Law & Procedure | General Criminal Law & Procedure
K5104.C373	1	11752,12989	Criminal Law & Procedure | General Criminal Law & Procedure
K5104.C375	1	11752,12989	Criminal Law & Procedure | General Criminal Law & Procedure
K5104.K74	1	11752,12989	Criminal Law & Procedure | General Criminal Law & Procedure
K5104.M37	1	11752,12989	Criminal Law & Procedure | General Criminal Law & Procedure
K5104.M44	1	11752,12989	Criminal Law & Procedure | General Criminal Law & Procedure
K5104.S36	1	11752,12989	Criminal Law & Procedure | General Criminal Law & Procedure
K5105.A6	1	11752,12989	Criminal Law & Procedure | General Criminal Law & Procedure
K5105.W6	1	11752,12989	Criminal Law & Procedure | General Criminal Law & Procedure
K5107.B788	1	11752,12989	Criminal Law & Procedure | General Criminal Law & Procedure
K5107.C58	1	11752,12989	Criminal Law & Procedure | General Criminal Law & Procedure
K5107.G73	1	11752,12989	Criminal Law & Procedure | General Criminal Law & Procedure
K5107.L44	1	11752,12989	Criminal Law & Procedure | General Criminal Law & Procedure
K5107.L47	1	11752,12989	Criminal Law & Procedure | General Criminal Law & Procedure
K5107.N66	1	11752,12989	Criminal Law & Procedure | General Criminal Law & Procedure
K5107.O43	1	11752,12989	Criminal Law & Procedure | General Criminal Law & Procedure
K5107.R43	1	11752,12989	Criminal Law & Procedure | General Criminal Law & Procedure
K5107.S74	1	11752,12989	Criminal Law & Procedure | General Criminal Law & Procedure
K5110.M84	1	11752,12989	Criminal Law & Procedure | General Criminal Law & Procedure
K5110.Z9	1	11752,12989	Criminal Law & Procedure | General Criminal Law & Procedure
K5121.A6	1	11752,12989	Criminal Law & Procedure | General Criminal Law & Procedure
K5121.H46	1	11752,12989	Criminal Law & Procedure | General Criminal Law & Procedure
K5121.J47	1	11752,12989	Criminal Law & Procedure | General Criminal Law & Procedure
K5121.M67	1	11752,12989	Criminal Law & Procedure | General Criminal Law & Procedure
K5121.M85	1	11752,12989	Criminal Law & Procedure | General Criminal Law & Procedure
K5121.P458	1	11752,12989	Criminal Law & Procedure | General Criminal Law & Procedure
K5121.P46	1	11752,12989	Criminal Law & Procedure | General Criminal Law & Procedure
K5121.P65	1	11752,12989	Criminal Law & Procedure | General Criminal Law & Procedure
K5121.W375	1	11752,12989	Criminal Law & Procedure | General Criminal Law & Procedure
K5124	1	11752,12989	Criminal Law & Procedure | General Criminal Law & Procedure
K5125.A6	1	11752,12989	Criminal Law & Procedure | General Criminal Law & Procedure
K5128.Z9	1	11752,12989	Criminal Law & Procedure | General Criminal Law & Procedure
K5132.A45	1	11752,12989	Criminal Law & Procedure | General Criminal Law & Procedure
K5132.J44	1	11752,12989	Criminal Law & Procedure | General Criminal Law & Procedure
K5132.L47	1	11752,12989	Criminal Law & Procedure | General Criminal Law & Procedure
K5135.M53	1	11752,12989	Criminal Law & Procedure | General Criminal Law & Procedure
K5135.M56	1	11752,12989	Criminal Law & Procedure | General Criminal Law & Procedure
K5135.N68	1	11752,12989	Criminal Law & Procedure | General Criminal Law & Procedure
K5136	1	11752,12989	Criminal Law & Procedure | General Criminal Law & Procedure
K5165.P69	1	11752,12989	Criminal Law & Procedure | General Criminal Law & Procedure
K5165.W57	1	11752,12989	Criminal Law & Procedure | General Criminal Law & Procedure
K5170.I55	1	11752,12989	Criminal Law & Procedure | General Criminal Law & Procedure
K5170.P38	1	11752,12989	Criminal Law & Procedure | General Criminal Law & Procedure
K5170.S53	1	11752,12989	Criminal Law & Procedure | General Criminal Law & Procedure
K5170.Z48	1	11752,12989	Criminal Law & Procedure | General Criminal Law & Procedure
K5171.H66	1	11752,12989	Criminal Law & Procedure | General Criminal Law & Procedure
K5172.P55	1	11752,12989	Criminal Law & Procedure | General Criminal Law & Procedure
K5173	1	11752,12989	Criminal Law & Procedure | General Criminal Law & Procedure
K5178.H47	1	11752,12989	Criminal Law & Procedure | General Criminal Law & Procedure
K5181.A238	1	11752,12989	Criminal Law & Procedure | General Criminal Law & Procedure
K5181.G58	1	11752,12989	Criminal Law & Procedure | General Criminal Law & Procedure
K5181.H35	1	11752,12989	Criminal Law & Procedure | General Criminal Law & Procedure
K5181.R45	1	11752,12989	Criminal Law & Procedure | General Criminal Law & Procedure
K5185.A6	1	11752,12989	Criminal Law & Procedure | General Criminal Law & Procedure
K5189.C63T44	1	11752,12989	Criminal Law & Procedure | General Criminal Law & Procedure
K5189.D66	1	11752,12989	Criminal Law & Procedure | General Criminal Law & Procedure
K5189.I59	1	11752,12989	Criminal Law & Procedure | General Criminal Law & Procedure
K5189.R56	1	11752,12989	Criminal Law & Procedure | General Criminal Law & Procedure
K5189.S43	1	11752,12989	Criminal Law & Procedure | General Criminal Law & Procedure
K5190.B85	1	11752,12989	Criminal Law & Procedure | General Criminal Law & Procedure
K5190.D66	1	11752,12989	Criminal Law & Procedure | General Criminal Law & Procedure
K5190.K855	1	11752,12989	Criminal Law & Procedure | General Criminal Law & Procedure
K5190.M49	1	11752,12989	Criminal Law & Procedure | General Criminal Law & Procedure
K5190.P46	1	11752,12989	Criminal Law & Procedure | General Criminal Law & Procedure
K5191.A34	1	11752,12989	Criminal Law & Procedure | General Criminal Law & Procedure
K5191.W65D68	1	11752,12989	Criminal Law & Procedure | General Criminal Law & Procedure
K5191.W65G37	1	11752,12989	Criminal Law & Procedure | General Criminal Law & Procedure
K5191.W65G46	1	11752,12989	Criminal Law & Procedure | General Criminal Law & Procedure
K5191.W65M397	1	11752,12989	Criminal Law & Procedure | General Criminal Law & Procedure
K5191.W65R53	1	11752,12989	Criminal Law & Procedure | General Criminal Law & Procedure
K5191.W65R55	1	11752,12989	Criminal Law & Procedure | General Criminal Law & Procedure
K5194.B76	1	11752,12989	Criminal Law & Procedure | General Criminal Law & Procedure
K5194.G74	1	11752,12989	Criminal Law & Procedure | General Criminal Law & Procedure
K5194.I42	1	11752,12989	Criminal Law & Procedure | General Criminal Law & Procedure
K5194.K46	1	11752,12989	Criminal Law & Procedure | General Criminal Law & Procedure
K5194.L39	1	11752,12989	Criminal Law & Procedure | General Criminal Law & Procedure
K5194.M37	1	11752,12989	Criminal Law & Procedure | General Criminal Law & Procedure
K5194.N49	1	11752,12989	Criminal Law & Procedure | General Criminal Law & Procedure
K5194.Q46	1	11752,12989	Criminal Law & Procedure | General Criminal Law & Procedure
K5194.R47	1	11752,12989	Criminal Law & Procedure | General Criminal Law & Procedure
K5194.S49	1	11752,12989	Criminal Law & Procedure | General Criminal Law & Procedure
K5194.W55	1	11752,12989	Criminal Law & Procedure | General Criminal Law & Procedure
K5195.Z9	1	11752,12989	Criminal Law & Procedure | General Criminal Law & Procedure
K5195.Z9H66	1	11752,12989	Criminal Law & Procedure | General Criminal Law & Procedure
K5196.S6G87	1	11752,12989	Criminal Law & Procedure | General Criminal Law & Procedure
K5197.M33	1	11752,12989	Criminal Law & Procedure | General Criminal Law & Procedure
K5197.M67	1	11752,12989	Criminal Law & Procedure | General Criminal Law & Procedure
K5197.R54	1	11752,12989	Criminal Law & Procedure | General Criminal Law & Procedure
K5197.W37	1	11752,12989	Criminal Law & Procedure | General Criminal Law & Procedure
K5201.T87	1	11752,12989	Criminal Law & Procedure | General Criminal Law & Procedure
K5210.A55	1	11752,12989	Criminal Law & Procedure | General Criminal Law & Procedure
K5210.A6B497	1	11752,12989	Criminal Law & Procedure | General Criminal Law & Procedure
K5210.B54	1	11752,12989	Criminal Law & Procedure | General Criminal Law & Procedure
K5210.B767	1	11752,12989	Criminal Law & Procedure | General Criminal Law & Procedure
K5210.C37	1	11752,12989	Criminal Law & Procedure | General Criminal Law & Procedure
K5210.C66	1	11752,12989	Criminal Law & Procedure | General Criminal Law & Procedure
K5210.I57	1	11752,12989	Criminal Law & Procedure | General Criminal Law & Procedure
K5210.J66	1	11752,12989	Criminal Law & Procedure | General Criminal Law & Procedure
K5210.L35	1	11752,12989	Criminal Law & Procedure | General Criminal Law & Procedure
K5210.R54	1	11752,12989	Criminal Law & Procedure | General Criminal Law & Procedure
K5210.R65	1	11752,12989	Criminal Law & Procedure | General Criminal Law & Procedure
K5210.S28	1	11752,12989	Criminal Law & Procedure | General Criminal Law & Procedure
K5210.S52	1	11752,12989	Criminal Law & Procedure | General Criminal Law & Procedure
K5210.S53	1	11752,12989	Criminal Law & Procedure | General Criminal Law & Procedure
K5215.5.P46	1	11752,12989	Criminal Law & Procedure | General Criminal Law & Procedure
K5215.A93	1	11752,12989	Criminal Law & Procedure | General Criminal Law & Procedure
K5215.B74	1	11752,12989	Criminal Law & Procedure | General Criminal Law & Procedure
K5215.C58	1	11752,12989	Criminal Law & Procedure | General Criminal Law & Procedure
K5215.C66	1	11752,12989	Criminal Law & Procedure | General Criminal Law & Procedure
K5215.C93	1	11752,12989	Criminal Law & Procedure | General Criminal Law & Procedure
K5215.D43	1	11752,12989	Criminal Law & Procedure | General Criminal Law & Procedure
K5215.I58	1	11752,12989	Criminal Law & Procedure | General Criminal Law & Procedure
K5215.J66	1	11752,12989	Criminal Law & Procedure | General Criminal Law & Procedure
K5215.R39	1	11752,12989	Criminal Law & Procedure | General Criminal Law & Procedure
K5215.S35	1	11752,12989	Criminal Law & Procedure | General Criminal Law & Procedure
K5215.S54	1	11752,12989	Criminal Law & Procedure | General Criminal Law & Procedure
K5215.S62	1	11752,12989	Criminal Law & Procedure | General Criminal Law & Procedure
K5215.W55	1	11752,12989	Criminal Law & Procedure | General Criminal Law & Procedure
K5215.Z84	1	11752,12989	Criminal Law & Procedure | General Criminal Law & Procedure
K5216.A1997	1	11752,12989	Criminal Law & Procedure | General Criminal Law & Procedure
K5216.A41997D46	1	11752,12989	Criminal Law & Procedure | General Criminal Law & Procedure
K5216.A41997O33	1	11752,12989	Criminal Law & Procedure | General Criminal Law & Procedure
K5216.A6A58	1	11752,12989	Criminal Law & Procedure | General Criminal Law & Procedure
K5216.A95	1	11752,12989	Criminal Law & Procedure | General Criminal Law & Procedure
K5216.D38	1	11752,12989	Criminal Law & Procedure | General Criminal Law & Procedure
K5216.H37	1	11752,12989	Criminal Law & Procedure | General Criminal Law & Procedure
K5216.H46	1	11752,12989	Criminal Law & Procedure | General Criminal Law & Procedure
K5216.H64	1	11752,12989	Criminal Law & Procedure | General Criminal Law & Procedure
K5216.L39	1	11752,12989	Criminal Law & Procedure | General Criminal Law & Procedure
K5216.L68	1	11752,12989	Criminal Law & Procedure | General Criminal Law & Procedure
K5216.N44	1	11752,12989	Criminal Law & Procedure | General Criminal Law & Procedure
K5216.O25	1	11752,12989	Criminal Law & Procedure | General Criminal Law & Procedure
K5216.O333	1	11752,12989	Criminal Law & Procedure | General Criminal Law & Procedure
K5216.P73	1	11752,12989	Criminal Law & Procedure | General Criminal Law & Procedure
K5216.R57	1	11752,12989	Criminal Law & Procedure | General Criminal Law & Procedure
K5216.R63	1	11752,12989	Criminal Law & Procedure | General Criminal Law & Procedure
K5217.G74	1	11752,12989	Criminal Law & Procedure | General Criminal Law & Procedure
K5219.A6	1	11752,12989	Criminal Law & Procedure | General Criminal Law & Procedure
K5219.H37	1	11752,12989	Criminal Law & Procedure | General Criminal Law & Procedure
K5220	1	11752,12989	Criminal Law & Procedure | General Criminal Law & Procedure
K5223.A36	1	11752,12989	Criminal Law & Procedure | General Criminal Law & Procedure
K5223.A78	1	11752,12989	Criminal Law & Procedure | General Criminal Law & Procedure
K5223.B75	1	11752,12989	Criminal Law & Procedure | General Criminal Law & Procedure
K5223.B88	1	11752,12989	Criminal Law & Procedure | General Criminal Law & Procedure
K5223.D87	1	11752,12989	Criminal Law & Procedure | General Criminal Law & Procedure
K5223.G54	1	11752,12989	Criminal Law & Procedure | General Criminal Law & Procedure
K5223.I58	1	11752,12989	Criminal Law & Procedure | General Criminal Law & Procedure
K5223.S39	1	11752,12989	Criminal Law & Procedure | General Criminal Law & Procedure
K5223.W47	1	11752,12989	Criminal Law & Procedure | General Criminal Law & Procedure
K5223.Y68	1	11752,12989	Criminal Law & Procedure | General Criminal Law & Procedure
K5226.R98	1	11752,12989	Criminal Law & Procedure | General Criminal Law & Procedure
K5231.G73	1	11752,12989	Criminal Law & Procedure | General Criminal Law & Procedure
K5233	1	11752,12989	Criminal Law & Procedure | General Criminal Law & Procedure
K5240.L44	1	11752,12989	Criminal Law & Procedure | General Criminal Law & Procedure
K5240.M35	1	11752,12989	Criminal Law & Procedure | General Criminal Law & Procedure
K5240.S77	1	11752,12989	Criminal Law & Procedure | General Criminal Law & Procedure
K5250.A12	1	11752,12989	Criminal Law & Procedure | General Criminal Law & Procedure
K5250.A6P83	1	11752,12989	Criminal Law & Procedure | General Criminal Law & Procedure
K5250.A6T73	1	11752,12989	Criminal Law & Procedure | General Criminal Law & Procedure
K5250.A6T733	1	11752,12989	Criminal Law & Procedure | General Criminal Law & Procedure
K5250.A6U96	1	11752,12989	Criminal Law & Procedure | General Criminal Law & Procedure
K5250.B74	1	11752,12989	Criminal Law & Procedure | General Criminal Law & Procedure
K5250.C64	1	11752,12989	Criminal Law & Procedure | General Criminal Law & Procedure
K5250.F4	1	11752,12989	Criminal Law & Procedure | General Criminal Law & Procedure
K5250.G37	1	11752,12989	Criminal Law & Procedure | General Criminal Law & Procedure
K5250.H43	1	11752,12989	Criminal Law & Procedure | General Criminal Law & Procedure
K5250.J44	1	11752,12989	Criminal Law & Procedure | General Criminal Law & Procedure
K5250.L59	1	11752,12989	Criminal Law & Procedure | General Criminal Law & Procedure
K5250.L6	1	11752,12989	Criminal Law & Procedure | General Criminal Law & Procedure
K5250.M38	1	11752,12989	Criminal Law & Procedure | General Criminal Law & Procedure
K5250.M46	1	11752,12989	Criminal Law & Procedure | General Criminal Law & Procedure
K5250.M54	1	11752,12989	Criminal Law & Procedure | General Criminal Law & Procedure
K5250.M87	1	11752,12989	Criminal Law & Procedure | General Criminal Law & Procedure
K5250.O34	1	11752,12989	Criminal Law & Procedure | General Criminal Law & Procedure
K5250.O76	1	11752,12989	Criminal Law & Procedure | General Criminal Law & Procedure
K5250.P37	1	11752,12989	Criminal Law & Procedure | General Criminal Law & Procedure
K5250.R4	1	11752,12989	Criminal Law & Procedure | General Criminal Law & Procedure
K5250.S53	1	11752,12989	Criminal Law & Procedure | General Criminal Law & Procedure
K5250.S73	1	11752,12989	Criminal Law & Procedure | General Criminal Law & Procedure
K5250.T45	1	11752,12989	Criminal Law & Procedure | General Criminal Law & Procedure
K5250.T725	1	11752,12989	Criminal Law & Procedure | General Criminal Law & Procedure
K5250.T7345	1	11752,12989	Criminal Law & Procedure | General Criminal Law & Procedure
K5250.T75	1	11752,12989	Criminal Law & Procedure | General Criminal Law & Procedure
K5250.V66	1	11752,12989	Criminal Law & Procedure | General Criminal Law & Procedure
K5250.Z35	1	11752,12989	Criminal Law & Procedure | General Criminal Law & Procedure
K5252.5.K57	1	11752,12989	Criminal Law & Procedure | General Criminal Law & Procedure
K5253.S66	1	11752,12989	Criminal Law & Procedure | General Criminal Law & Procedure
K5256.A35B37	1	11752,12989	Criminal Law & Procedure | General Criminal Law & Procedure
K5256.A35I576	1	11752,12989	Criminal Law & Procedure | General Criminal Law & Procedure
K5256.A35I584	1	11752,12989	Criminal Law & Procedure | General Criminal Law & Procedure
K5256.A35M87	1	11752,12989	Criminal Law & Procedure | General Criminal Law & Procedure
K5256.A35U55	1	11752,12989	Criminal Law & Procedure | General Criminal Law & Procedure
K5256.A36	1	11752,12989	Criminal Law & Procedure | General Criminal Law & Procedure
K5256.A58	1	11752,12989	Criminal Law & Procedure | General Criminal Law & Procedure
K5256.A58C37	1	11752,12989	Criminal Law & Procedure | General Criminal Law & Procedure
K5256.A6I58	1	11752,12989	Criminal Law & Procedure | General Criminal Law & Procedure
K5256.A95	1	11752,12989	Criminal Law & Procedure | General Criminal Law & Procedure
K5256.C75	1	11752,12989	Criminal Law & Procedure | General Criminal Law & Procedure
K5256.D53	1	11752,12989	Criminal Law & Procedure | General Criminal Law & Procedure
K5256.E54	1	11752,12989	Criminal Law & Procedure | General Criminal Law & Procedure
K5256.E95	1	11752,12989	Criminal Law & Procedure | General Criminal Law & Procedure
K5256.F56	1	11752,12989	Criminal Law & Procedure | General Criminal Law & Procedure
K5256.G56	1	11752,12989	Criminal Law & Procedure | General Criminal Law & Procedure
K5256.G76	1	11752,12989	Criminal Law & Procedure | General Criminal Law & Procedure
K5256.G77	1	11752,12989	Criminal Law & Procedure | General Criminal Law & Procedure
K5256.H37	1	11752,12989	Criminal Law & Procedure | General Criminal Law & Procedure
K5256.H84	1	11752,12989	Criminal Law & Procedure | General Criminal Law & Procedure
K5256.I584	1	11752,12989	Criminal Law & Procedure | General Criminal Law & Procedure
K5256.I59	1	11752,12989	Criminal Law & Procedure | General Criminal Law & Procedure
K5256.L36	1	11752,12989	Criminal Law & Procedure | General Criminal Law & Procedure
K5256.L44	1	11752,12989	Criminal Law & Procedure | General Criminal Law & Procedure
K5256.S43	1	11752,12989	Criminal Law & Procedure | General Criminal Law & Procedure
K5256.S47	1	11752,12989	Criminal Law & Procedure | General Criminal Law & Procedure
K5256.S67	1	11752,12989	Criminal Law & Procedure | General Criminal Law & Procedure
K5256.S87	1	11752,12989	Criminal Law & Procedure | General Criminal Law & Procedure
K5256.S96	1	11752,12989	Criminal Law & Procedure | General Criminal Law & Procedure
K5256.T54	1	11752,12989	Criminal Law & Procedure | General Criminal Law & Procedure
K5256.V65	1	11752,12989	Criminal Law & Procedure | General Criminal Law & Procedure
K5256.W48	1	11752,12989	Criminal Law & Procedure | General Criminal Law & Procedure
K5256.W65	1	11752,12989	Criminal Law & Procedure | General Criminal Law & Procedure
K5256.Z488	1	11752,12989	Criminal Law & Procedure | General Criminal Law & Procedure
K5258.G35	1	11752,12989	Criminal Law & Procedure | General Criminal Law & Procedure
K5258.M35	1	11752,12989	Criminal Law & Procedure | General Criminal Law & Procedure
K5261.A12	1	11752,12989	Criminal Law & Procedure | General Criminal Law & Procedure
K5261.A6I58	1	11752,12989	Criminal Law & Procedure | General Criminal Law & Procedure
K5261.F54	1	11752,12989	Criminal Law & Procedure | General Criminal Law & Procedure
K5261.F76	1	11752,12989	Criminal Law & Procedure | General Criminal Law & Procedure
K5261.H39	1	11752,12989	Criminal Law & Procedure | General Criminal Law & Procedure
K5261.K64	1	11752,12989	Criminal Law & Procedure | General Criminal Law & Procedure
K5261.M66	1	11752,12989	Criminal Law & Procedure | General Criminal Law & Procedure
K5261.N66	1	11752,12989	Criminal Law & Procedure | General Criminal Law & Procedure
K5261.O33	1	11752,12989	Criminal Law & Procedure | General Criminal Law & Procedure
K5261.S29	1	11752,12989	Criminal Law & Procedure | General Criminal Law & Procedure
K5261.S38	1	11752,12989	Criminal Law & Procedure | General Criminal Law & Procedure
K5261.T73	1	11752,12989	Criminal Law & Procedure | General Criminal Law & Procedure
K5261.U55	1	11752,12989	Criminal Law & Procedure | General Criminal Law & Procedure
K5261.U75	1	11752,12989	Criminal Law & Procedure | General Criminal Law & Procedure
K5269	1	11752,12989	Criminal Law & Procedure | General Criminal Law & Procedure
K5276.P485	1	11752,12989	Criminal Law & Procedure | General Criminal Law & Procedure
K5276.S33	1	11752,12989	Criminal Law & Procedure | General Criminal Law & Procedure
K5276.S847	1	11752,12989	Criminal Law & Procedure | General Criminal Law & Procedure
K5277.K73	1	11752,12989	Criminal Law & Procedure | General Criminal Law & Procedure
K5277.R83	1	11752,12989	Criminal Law & Procedure | General Criminal Law & Procedure
K5278.E36	1	11752,12989	Criminal Law & Procedure | General Criminal Law & Procedure
K5278.E58	1	11752,12989	Criminal Law & Procedure | General Criminal Law & Procedure
K5278.R45	1	11752,12989	Criminal Law & Procedure | General Criminal Law & Procedure
K5278.S63	1	11752,12989	Criminal Law & Procedure | General Criminal Law & Procedure
K5278.S94	1	11752,12989	Criminal Law & Procedure | General Criminal Law & Procedure
K5278.W47	1	11752,12989	Criminal Law & Procedure | General Criminal Law & Procedure
K5282.G55	1	11752,12989	Criminal Law & Procedure | General Criminal Law & Procedure
K5284.D78	1	11752,12989	Criminal Law & Procedure | General Criminal Law & Procedure
K5284.G46	1	11752,12989	Criminal Law & Procedure | General Criminal Law & Procedure
K5285	1	11752,12989	Criminal Law & Procedure | General Criminal Law & Procedure
K5287	1	11752,12989	Criminal Law & Procedure | General Criminal Law & Procedure
K5293.C44	1	11752,12989	Criminal Law & Procedure | General Criminal Law & Procedure
K5293.O27	1	11752,12989	Criminal Law & Procedure | General Criminal Law & Procedure
K5293.W355	1	11752,12989	Criminal Law & Procedure | General Criminal Law & Procedure
K5295.R37	1	11752,12989	Criminal Law & Procedure | General Criminal Law & Procedure
K5295.R44	1	11752,12989	Criminal Law & Procedure | General Criminal Law & Procedure
K5295.Z46	1	11752,12989	Criminal Law & Procedure | General Criminal Law & Procedure
K5297.A42003	1	11752,12989	Criminal Law & Procedure | General Criminal Law & Procedure
K5297.A48	1	11752,12989	Criminal Law & Procedure | General Criminal Law & Procedure
K5297.A6	1	11752,12989	Criminal Law & Procedure | General Criminal Law & Procedure
K5297.A9	1	11752,12989	Criminal Law & Procedure | General Criminal Law & Procedure
K5297.J36	1	11752,12989	Criminal Law & Procedure | General Criminal Law & Procedure
K5297.K47	1	11752,12989	Criminal Law & Procedure | General Criminal Law & Procedure
K5297.L83	1	11752,12989	Criminal Law & Procedure | General Criminal Law & Procedure
K5297.N33	1	11752,12989	Criminal Law & Procedure | General Criminal Law & Procedure
K5297.P47	1	11752,12989	Criminal Law & Procedure | General Criminal Law & Procedure
K5299.T56	1	11752,12989	Criminal Law & Procedure | General Criminal Law & Procedure
K5301.A35I58	1	11752,12989	Criminal Law & Procedure | General Criminal Law & Procedure
K5301.A47	1	11752,12989	Criminal Law & Procedure | General Criminal Law & Procedure
K5301.A495	1	11752,12989	Criminal Law & Procedure | General Criminal Law & Procedure
K5301.A495J83	1	11752,12989	Criminal Law & Procedure | General Criminal Law & Procedure
K5301.A58	1	11752,12989	Criminal Law & Procedure | General Criminal Law & Procedure
K5301.A85	1	11752,12989	Criminal Law & Procedure | General Criminal Law & Procedure
K5301.A92	1	11752,12989	Criminal Law & Procedure | General Criminal Law & Procedure
K5301.A976	1	11752,12989	Criminal Law & Procedure | General Criminal Law & Procedure
K5301.A978	1	11752,12989	Criminal Law & Procedure | General Criminal Law & Procedure
K5301.B37	1	11752,12989	Criminal Law & Procedure | General Criminal Law & Procedure
K5301.B43	1	11752,12989	Criminal Law & Procedure | General Criminal Law & Procedure
K5301.B45	1	11752,12989	Criminal Law & Procedure | General Criminal Law & Procedure
K5301.B63	1	11752,12989	Criminal Law & Procedure | General Criminal Law & Procedure
K5301.C485	1	11752,12989	Criminal Law & Procedure | General Criminal Law & Procedure
K5301.D64	1	11752,12989	Criminal Law & Procedure | General Criminal Law & Procedure
K5301.D78	1	11752,12989	Criminal Law & Procedure | General Criminal Law & Procedure
K5301.E84	1	11752,12989	Criminal Law & Procedure | General Criminal Law & Procedure
K5301.F68	1	11752,12989	Criminal Law & Procedure | General Criminal Law & Procedure
K5301.F75	1	11752,12989	Criminal Law & Procedure | General Criminal Law & Procedure
K5301.F76	1	11752,12989	Criminal Law & Procedure | General Criminal Law & Procedure
K5301.I575	1	11752,12989	Criminal Law & Procedure | General Criminal Law & Procedure
K5301.I5754	1	11752,12989	Criminal Law & Procedure | General Criminal Law & Procedure
K5301.I583	1	11752,12989	Criminal Law & Procedure | General Criminal Law & Procedure
K5301.J67	1	11752,12989	Criminal Law & Procedure | General Criminal Law & Procedure
K5301.J873	1	11752,12989	Criminal Law & Procedure | General Criminal Law & Procedure
K5301.J875	1	11752,12989	Criminal Law & Procedure | General Criminal Law & Procedure
K5301.K73	1	11752,12989	Criminal Law & Procedure | General Criminal Law & Procedure
K5301.L39	1	11752,12989	Criminal Law & Procedure | General Criminal Law & Procedure
K5301.M36	1	11752,12989	Criminal Law & Procedure | General Criminal Law & Procedure
K5301.M39	1	11752,12989	Criminal Law & Procedure | General Criminal Law & Procedure
K5301.M47	1	11752,12989	Criminal Law & Procedure | General Criminal Law & Procedure
K5301.M85	1	11752,12989	Criminal Law & Procedure | General Criminal Law & Procedure
K5301.M9	1	11752,12989	Criminal Law & Procedure | General Criminal Law & Procedure
K5301.N76	1	11752,12989	Criminal Law & Procedure | General Criminal Law & Procedure
K5301.O42	1	11752,12989	Criminal Law & Procedure | General Criminal Law & Procedure
K5301.O83	1	11752,12989	Criminal Law & Procedure | General Criminal Law & Procedure
K5301.S33	1	11752,12989	Criminal Law & Procedure | General Criminal Law & Procedure
K5301.T377	1	11752,12989	Criminal Law & Procedure | General Criminal Law & Procedure
K5301.T73	1	11752,12989	Criminal Law & Procedure | General Criminal Law & Procedure
K5301.V36	1	11752,12989	Criminal Law & Procedure | General Criminal Law & Procedure
K5301.W3673	1	11752,12989	Criminal Law & Procedure | General Criminal Law & Procedure
K5301.W368	1	11752,12989	Criminal Law & Procedure | General Criminal Law & Procedure
K5301.W37	1	11752,12989	Criminal Law & Procedure | General Criminal Law & Procedure
K5301.W47	1	11752,12989	Criminal Law & Procedure | General Criminal Law & Procedure
K5301.Z54	1	11752,12989	Criminal Law & Procedure | General Criminal Law & Procedure
K5302.A12	1	11752,12989	Criminal Law & Procedure | General Criminal Law & Procedure
K5302.A6	1	11752,12989	Criminal Law & Procedure | General Criminal Law & Procedure
K5302.A92	1	11752,12989	Criminal Law & Procedure | General Criminal Law & Procedure
K5302.A93	1	11752,12989	Criminal Law & Procedure | General Criminal Law & Procedure
K5302.C75	1	11752,12989	Criminal Law & Procedure | General Criminal Law & Procedure
K5302.F67	1	11752,12989	Criminal Law & Procedure | General Criminal Law & Procedure
K5302.F73	1	11752,12989	Criminal Law & Procedure | General Criminal Law & Procedure
K5302.G36	1	11752,12989	Criminal Law & Procedure | General Criminal Law & Procedure
K5302.H83	1	11752,12989	Criminal Law & Procedure | General Criminal Law & Procedure
K5302.P76	1	11752,12989	Criminal Law & Procedure | General Criminal Law & Procedure
K5302.S57	1	11752,12989	Criminal Law & Procedure | General Criminal Law & Procedure
K5302.T73	1	11752,12989	Criminal Law & Procedure | General Criminal Law & Procedure
K5302.Z9	1	11752,12989	Criminal Law & Procedure | General Criminal Law & Procedure
K5302.Z9C66	1	11752,12989	Criminal Law & Procedure | General Criminal Law & Procedure
K5303	1	11752,12989	Criminal Law & Procedure | General Criminal Law & Procedure
K5304.A41984A12	1	11752,12989	Criminal Law & Procedure | General Criminal Law & Procedure
K5304.A41984B68	1	11752,12989	Criminal Law & Procedure | General Criminal Law & Procedure
K5304.A6	1	11752,12989	Criminal Law & Procedure | General Criminal Law & Procedure
K5304.F46	1	11752,12989	Criminal Law & Procedure | General Criminal Law & Procedure
K5304.I5413	1	11752,12989	Criminal Law & Procedure | General Criminal Law & Procedure
K5304.K34	1	11752,12989	Criminal Law & Procedure | General Criminal Law & Procedure
K5304.P37	1	11752,12989	Criminal Law & Procedure | General Criminal Law & Procedure
K5304.S26	1	11752,12989	Criminal Law & Procedure | General Criminal Law & Procedure
K5305.G46	1	11752,12989	Criminal Law & Procedure | General Criminal Law & Procedure
K5305.L64	1	11752,12989	Criminal Law & Procedure | General Criminal Law & Procedure
K5306.R45	1	11752,12989	Criminal Law & Procedure | General Criminal Law & Procedure
K5320.A6	1	11752,12989	Criminal Law & Procedure | General Criminal Law & Procedure
K5350	1	11752,12989	Criminal Law & Procedure | General Criminal Law & Procedure
K5575.A92	1	5298,11752	Juvenile Criminal Law & Procedure | Criminal Law & Procedure
K5575.A945	1	5298,11752	Juvenile Criminal Law & Procedure | Criminal Law & Procedure
K5575.H36	1	5298,11752	Juvenile Criminal Law & Procedure | Criminal Law & Procedure
K5575.J857	1	5298,11752	Juvenile Criminal Law & Procedure | Criminal Law & Procedure
K5575.T78	1	5298,11752	Juvenile Criminal Law & Procedure | Criminal Law & Procedure
K5575.Y68	1	5298,11752	Juvenile Criminal Law & Procedure | Criminal Law & Procedure
K7350.B76	1	5312,5619	Private international law. Conflict of laws | Industry & Economic Regulation
K7350.H33	1	5312,5619	Private international law. Conflict of laws | Industry & Economic Regulation
K7350.O84	1	5312,5619	Private international law. Conflict of laws | Industry & Economic Regulation
K7350.S39	1	5312,5619	Private international law. Conflict of laws | Industry & Economic Regulation
K7350.Z47	1	5312,5619	Private international law. Conflict of laws | Industry & Economic Regulation
K7380	1	5312,5619	Private international law. Conflict of laws | Industry & Economic Regulation
K7384.L48.L54	1	5312,5619	Private international law. Conflict of laws | Industry & Economic Regulation
K7384.L48K87	1	5312,5619	Private international law. Conflict of laws | Industry & Economic Regulation
K7398	1	5312,5619	Private international law. Conflict of laws | Industry & Economic Regulation
K7400.C76	1	5312,5619	Private international law. Conflict of laws | Industry & Economic Regulation
K7400.J89	1	5312,5619	Private international law. Conflict of laws | Industry & Economic Regulation
K7410	1	5312,5619	Private international law. Conflict of laws | Industry & Economic Regulation
K7415	1	5312,5619	Private international law. Conflict of laws | Industry & Economic Regulation
K7444	1	5312,5619	Private international law. Conflict of laws | Industry & Economic Regulation
K7449.C37	1	5312,5619	Private international law. Conflict of laws | Industry & Economic Regulation
K7450	1	5312,5619	Private international law. Conflict of laws | Industry & Economic Regulation
K7485.F47	1	5312,5619	Private international law. Conflict of laws | Industry & Economic Regulation
K7510.A27	1	5312,5619	Private international law. Conflict of laws | Industry & Economic Regulation
K7510.B46	1	5312,5619	Private international law. Conflict of laws | Industry & Economic Regulation
K7510.F55	1	5312,5619	Private international law. Conflict of laws | Industry & Economic Regulation
K7510.F555	1	5312,5619	Private international law. Conflict of laws | Industry & Economic Regulation
K7510.K57	1	5312,5619	Private international law. Conflict of laws | Industry & Economic Regulation
K7510.K87	1	5312,5619	Private international law. Conflict of laws | Industry & Economic Regulation
K7510.W47	1	5312,5619	Private international law. Conflict of laws | Industry & Economic Regulation
K7510.X8	1	5312,5619	Private international law. Conflict of laws | Industry & Economic Regulation
K7512.C67R45	1	5312,5619	Private international law. Conflict of laws | Industry & Economic Regulation
