lcc	156	4246343535	12878	3784
lcc	130	52543839	2768	2757
lcc	126	525438392d38392e33	2768	2757
lcc	121	52543938	2768	2755
lcc	102	424a31343631	4504	4494
lcc	95	52543132302e4935	2768	2747
lcc	58	42463435362e5232	12878	3784
lcc	53	424a31343531	4504	4494
lcc	50	52543132302e4534	2768	2747
lcc	38	424a31343831	4504	4494
lcc	37	4246343638	12878	5389
lcc	32	424a31343231	4504	4494
lcc	30	424a31343735	4504	4494
lcc	29	4246343639	12878	5389
lcc	29	52543937	2768	2755
lcc	27	424a31343734	4504	4494
lcc	23	424a313437302e35	4504	4494
lcc	20	424a31343936	4504	4494
lcc	18	5254313230	2768	2747
lcc	18	52543132302e463334	2768	2747
lcc	18	52543930	2768	2747
lcc	17	424a313437352e33	4504	4494
lcc	14	424a31353030	4504	4494
lcc	14	52543132302e4c3634	2768	2747
lcc	13	42463335332e352e4e3337	12875	5389
lcc	13	4246343832	12878	5389
lcc	13	424a31343639	4504	4494
lcc	12	424a31343039	4504	4494
lcc	12	424a313439392e533635	4504	4494
lcc	11	424a31343331	4504	4494
lcc	11	424a313436382e35	4504	4494
lcc	11	424a31343730	4504	4494
lcc	10	424a313439392e5335	4504	4494
lcc	10	5033372d33372e3542463435352d343633	3784|12878	3784
lcc	10	525439302e37	2768	2747
lcc	9	42463335332e352e433535	12875	5389
lcc	9	42463435352d343633	12878	3784
lcc	8	42463435362e4e37	12878	3784
lcc	8	4246343538	12878	3784
lcc	8	42463436332e533634	12878	3784
lcc	8	424a31343131	4504	4494
lcc	8	424a313530302e543738	4504	4494
lcc	8	52543132302e433435	2768	2747
lcc	7	4246312d3939305033372d33372e354246343535	3784|5381|12878	3784|5381
lcc	7	424a31343139	4504	4494
lcc	7	525438392e33	2768	2757
lcc	7	525439302e33	2768	2747
lcc	6	42463335332e35	12875	5389
lcc	6	42463335332e352e4e3635	12875	5389
lcc	6	42463435362e5738	12878	3784
lcc	6	4246343735	12878	5389
lcc	6	424a313435392e35	4504	4494
lcc	6	424a31343733	4504	4494
lcc	6	424a31343931	4504	4494
lcc	6	424a313530302e4d3637	4504	4494
lcc	6	5033372d33372e3542463435352d343633503430	3784|12878	3784
lcc	6	52543132302e4935202e473338342032303133	2768	2747
lcc	6	52543839202e4335342032303039	2768	2757
lcc	5	42463436332e5535	12878	3784
lcc	5	42463436332e563435	12878	3784
lcc	5	4246343835	12878	5389
lcc	5	424a31333430	4504	4494
lcc	5	424a313430392e35	4504	4494
lcc	5	424a31343630	4504	4494
lcc	5	424a313436312e463735332032303035	4504	4494
lcc	5	424a313437312e35	4504	4494
lcc	5	424a31343831202e4238372031393931	4504	4494
lcc	5	424a31343938	4504	4494
lcc	5	424a313530302e433633	4504	4494
lcc	5	424a313530302e523337	4504	4494
lcc	5	52543132302e5234	2768	2747
lcc	4	4246333537	12875	5389
lcc	4	4246343536	12878	3784
lcc	4	4246343631202e5434352032303039	12878	3784
lcc	4	4246343633	12878	3784
lcc	4	42463436332e4d34	12878	3784
lcc	4	4246343639202e4d35352032303038	12878	5389
lcc	4	424a31343539	4504	4494
lcc	4	424a313435392e35202e4b33382032303039	4504	4494
lcc	4	424a313435392e35202e5734352032303039	4504	4494
lcc	4	424a313436312e463735352032303034	4504	4494
lcc	4	424a31343730202e4737382032303130	4504	4494
lcc	4	424a31343730202e4a33382031393936	4504	4494
lcc	4	424a31343730202e5335322032303038	4504	4494
lcc	4	424a31343732	4504	4494
lcc	4	424a31343734202e4635342032303037	4504	4494
lcc	4	424a313437352e5437362032303133	4504	4494
lcc	4	424a31343831202e4b35332031393938	4504	4494
lcc	4	424a31343936202e5733352032303038	4504	4494
lcc	4	424a313530302e433635	4504	4494
lcc	4	5254313038	2768	2747
lcc	4	52543132302e4935204131332032303039	2768	2747
lcc	4	52543132302e523420523432332032303038	2768	2747
lcc	4	52543132302e523837204336362032303130	2768	2755
lcc	4	52543839202e5438372032303037	2768	2757
lcc	4	52543930202e42332032303131	2768	2747
lcc	4	52543930202e4733372032303039	2768	2747
lcc	4	52543937202e503832382032303038	2768	2755
lcc	3	42463335332e352e4e3337204939332032303038	12875	5389
lcc	3	42463335332e352e4e3337204b33372031393839	12875	5389
lcc	3	42463335332e352e4e3337204d33332032303130	12875	5389
lcc	3	42463335332e352e4e33374635372032303032	12875	5389
lcc	3	42463335332e352e4e33374d35352032303032	12875	5389
lcc	3	42463335332e352e4e3635205037362032303130	12875	5389
lcc	3	42463335332e352e5734	12875	5389
lcc	3	42463335372e4934372032303032	12875	5389
lcc	3	4246343535202e4133362032303033	12878	3784
lcc	3	4246343535202e413532	12878	3784
lcc	3	4246343535202e4136	12878	3784
lcc	3	4246343535202e4333362032303132	12878	3784
lcc	3	4246343535202e443336332031393832	12878	3784
lcc	3	4246343535202e473138	12878	3784
lcc	3	4246343535202e4935382031393932	12878	3784
lcc	3	4246343535202e4a353834	12878	3784
lcc	3	4246343535202e4c383331332031393831	12878	3784
lcc	3	4246343535202e4d3233352031393832	12878	3784
lcc	3	4246343535202e4d353933	12878	3784
lcc	3	4246343535202e5239342031393739	12878	3784
lcc	3	42463435362e4437204437332032303038	12878	3784
lcc	3	42463435362e44374437332032303038	12878	3784
lcc	3	42463435362e5232204433362032303039	12878	3784
lcc	3	42463436332e533634204d33372031393938	12878	3784
lcc	3	42463436332e533634204e33382032303036	12878	3784
lcc	3	42463436332e5535204237362032303038	12878	3784
lcc	3	42463436332e553520473437352032303130	12878	3784
lcc	3	4246343638202e4333362031393939	12878	5389
lcc	3	4246343638202e4533362032303032	12878	5389
lcc	3	4246343638202e4534332032303038	12878	5389
lcc	3	4246343638202e4e36392031393839	12878	5389
lcc	3	42463436382e5035372032303138	12878	5389
lcc	3	4246343639202e47363731382032303037	12878	5389
lcc	3	4246343639202e4834352031393939	12878	5389
lcc	3	4246343639202e4d35362031393938	12878	5389
lcc	3	4246343731	12878	5389
lcc	3	42463437312e4335204a362031393732	12878	5389
lcc	3	424a31343039202e4434362032303033	4504	4494
lcc	3	424a31343039202e4a34342032303038	4504	4494
lcc	3	424a31343139202e4836382032303038	4504	4494
lcc	3	424a31343139202e4935372032303036	4504	4494
lcc	3	424a31343139202e5035382032303034	4504	4494
lcc	3	424a313431392e4834372032303233	4504	4494
lcc	3	424a31343231202e4134362031393936	4504	4494
lcc	3	424a31343231202e4236392031393832	4504	4494
lcc	3	424a31343231202e4d3239392032303038	4504	4494
lcc	3	424a31343231202e5037342032303031	4504	4494
lcc	3	424a31343231202e533335382032303130	4504	4494
lcc	3	424a31343231202e5334332032303038	4504	4494
lcc	3	424a31343232202e52333331332032303037	4504	4494
lcc	3	424a31343236202e5334342032303030	4504	4494
lcc	3	424a313432392e35	4504	4494
lcc	3	424a313432392e35202e4236342031393833	4504	4494
lcc	3	424a31343332202e4336352031393938	4504	4494
lcc	3	424a31343333202e4738382032303033	4504	4494
lcc	3	424a31343431202e4234332031393936	4504	4494
lcc	3	424a31343531202e4134362032303130	4504	4494
lcc	3	424a31343531202e4539372031393934	4504	4494
lcc	3	424a31343531202e4833352032303038	4504	4494
lcc	3	424a31343531202e4d3434382031393937	4504	4494
lcc	3	424a31343531202e5332332032303035	4504	4494
lcc	3	424a31343531202e5433352031393931	4504	4494
lcc	3	424a31343531202e5732382031393930	4504	4494
lcc	3	424a31343531202e5a35362031393936	4504	4494
lcc	3	424a313435312e4735322032303030	4504	4494
lcc	3	424a313435312e5233332032303039	4504	4494
lcc	3	424a31343532202e5437382032303038	4504	4494
lcc	3	424a31343533202e4934392031393833	4504	4494
lcc	3	424a31343533202e4a363631332031393834	4504	4494
lcc	3	424a31343536202e4434362032303031	4504	4494
lcc	3	424a31343539202e4234372032303032	4504	4494
lcc	3	424a31343539202e53353731332031393935	4504	4494
lcc	3	424a313435392e352e5736362032303035	4504	4494
lcc	3	424a313435392e5433392032303230	4504	4494
lcc	3	424a31343631202e41373320766f6c2e2032	4504	4494
lcc	3	424a31343631202e4439	4504	4494
lcc	3	424a31343631202e4637342032303131	4504	4494
lcc	3	424a31343631202e5033	4504	4494
lcc	3	424a31343631202e5035352031393936	4504	4494
lcc	3	424a313436312e4435372032303037	4504	4494
lcc	3	424a313436312e4636382032303037	4504	4494
lcc	3	424a31343632202e4534343133	4504	4494
lcc	3	424a31343632202e4637332032303038	4504	4494
lcc	3	424a31343632202e4d35342032303039	4504	4494
lcc	3	424a31343633202e4e35332032303035	4504	4494
lcc	3	424a313436332e57333431332032303031	4504	4494
lcc	3	424a31343634202e4433342032303039	4504	4494
lcc	3	424a313436382e35202e4734392032303039	4504	4494
lcc	3	424a31343730202e4e3337	4504	4494
lcc	3	424a313437302e32202e5234332032303037	4504	4494
lcc	3	424a313437302e35202e4334352032303039	4504	4494
lcc	3	424a313437312e35202e4e33372031393834	4504	4494
lcc	3	424a313437312e35202e573337	4504	4494
lcc	3	424a31343734202e4134382031393936	4504	4494
lcc	3	424a31343734202e4235342031393937	4504	4494
lcc	3	424a31343734202e4238372032303038	4504	4494
lcc	3	424a31343734202e4e33	4504	4494
lcc	3	424a31343734202e5736352032303037	4504	4494
lcc	3	424a313437342e35202e5734372031393936	4504	4494
lcc	3	424a31343735202e4234372031393933	4504	4494
lcc	3	424a31343735202e4236382031393937	4504	4494
lcc	3	424a31343735202e4335332031393937	4504	4494
lcc	3	424a31343735202e4335372031393936	4504	4494
lcc	3	424a31343735202e4c33372032303037	4504	4494
lcc	3	424a31343735202e4d33382032303038	4504	4494
lcc	3	424a31343735202e4d3339362032303130	4504	4494
lcc	3	424a31343735202e4e36322031393834	4504	4494
lcc	3	424a31343735202e4e3632352032303130	4504	4494
lcc	3	424a313437352e33202e483835372032303139	4504	4494
lcc	3	424a313437352e4236382031393937	4504	4494
lcc	3	424a313437352e5335392032303037	4504	4494
lcc	3	424a31343737202e4237342032303039	4504	4494
lcc	3	424a31343737202e5733352032303039	4504	4494
lcc	3	424a31343831202e4a3633352032303033	4504	4494
lcc	3	424a31343831202e4c32382032303035	4504	4494
lcc	3	424a31343831202e533635352032303130	4504	4494
lcc	3	424a313438312e4238372031393931	4504	4494
lcc	3	424a31343833202e4335382032303035	4504	4494
lcc	3	424a31343936202e4238382032303030	4504	4494
lcc	3	424a31343936202e53372031393934	4504	4494
lcc	3	424a31343936202e5337352031393938	4504	4494
lcc	3	424a313439362e4737352032303034	4504	4494
lcc	3	424a31343938202e4c343236	4504	4494
lcc	3	424a31343938202e5334362032303038	4504	4494
lcc	3	424a313439392e533635204336352032303032	4504	4494
lcc	3	424a313530302e423437204b34362032303130	4504	4494
lcc	3	424a313530302e423437205333342032303038	4504	4494
lcc	3	424a313530302e4336334437352032303131	4504	4494
lcc	3	424a313530302e453934	4504	4494
lcc	3	424a313530302e4d3637205236332032303032	4504	4494
lcc	3	424a313530302e543738205437392032303136	4504	4494
lcc	3	50312d313039315033372d33372e354246343535	3778|3784|12878	3778|3784
lcc	3	5033372d33372e3542463435352d343633424637	3784|5381|12878	3784|5381
lcc	3	5033372d33372e3542463435352d343633503231	3784|12878	3784
lcc	3	5033372d33372e3542463435352d343633503332	3784|12878	3784
lcc	3	5033372d33372e3542463435352d343633524334	2707|3784|12878	2707|3784
lcc	3	52543132302e4333204c35352031393934	2768	2747
lcc	3	52543132302e453420453432342032303039	2768	2747
lcc	3	52543132302e4534205334332031393937	2768	2747
lcc	3	52543132302e463334204633352032303031	2768	2747
lcc	3	52543132302e463334204633352032303130	2768	2747
lcc	3	52543132302e463334204637362031393935	2768	2747
lcc	3	52543132302e46333420503736362032303034	2768	2747
lcc	3	52543132302e4935202e4935382032303035	2768	2747
lcc	3	52543132302e4935204133392031393930	2768	2747
lcc	3	52543132302e4935204334382031393937	2768	2747
lcc	3	52543132302e4f39205236372031393936	2768	2747
lcc	3	52543132302e503337	2768	2747
lcc	3	52543132302e503337204335362032303030	2768	2747
lcc	3	52543132302e523837	2768	2755
lcc	3	52543839202e433638342032303037	2768	2757
lcc	3	52543839202e4737362032303131	2768	2757
lcc	3	52543839202e4835322031393934	2768	2757
lcc	3	52543839202e4b36362032303130	2768	2757
lcc	3	52543839202e4c34332032303037	2768	2757
lcc	3	52543839202e4d3338372032303039	2768	2757
lcc	3	52543839202e4e373934332032303038	2768	2757
lcc	3	52543839202e5038342031393937	2768	2757
lcc	3	52543839202e5236332031393938	2768	2757
lcc	3	525438392e33202e4836342032303039	2768	2757
lcc	3	525438392e33202e4d33372032303039	2768	2757
lcc	3	525438392e42332032303131	2768	2757
lcc	3	525439302e33202e5035342032303130	2768	2747
lcc	3	525439302e35	2768	2747
lcc	3	525439302e4336332031393939	2768	2747
lcc	3	52543935	2768	2747
lcc	3	52543938202e4336353633342032303038	2768	2755
lcc	3	52543938202e4637342031393833	2768	2755
lcc	3	52543938202e4c33372032303039	2768	2755
lcc	3	52543938202e5337383139372032303130	2768	2755
lcc	3	52543938205336382032303130	2768	2755
lcc	2	4246203435352042373431342031393937	12878	3784
lcc	2	424620343633202e5535423736	12878	3784
lcc	2	424627343535274c353531342731393830	12878	3784
lcc	2	424627343536274e37274434352731393932	12878	3784
lcc	2	424627343536275232274232372731393935	12878	3784
lcc	2	424627343638275335382731393833	12878	5389
lcc	2	42462734383227423833332731393839	12878	5389
lcc	2	42463335332e352e433533	12875	5389
lcc	2	42463335332e352e433533204736352032303037	12875	5389
lcc	2	42463335332e352e433533204d35372031393932	12875	5389
lcc	2	42463335332e352e433533205035352032303035	12875	5389
lcc	2	42463335332e352e433535204335353420323032	12875	5389
lcc	2	42463335332e352e433535204436332032303131	12875	5389
lcc	2	42463335332e352e433535204535342032303131	12875	5389
lcc	2	42463335332e352e433535204535352032303132	12875	5389
lcc	2	42463335332e352e4335354134342032303138	12875	5389
lcc	2	42463335332e352e433535443338352032303234	12875	5389
lcc	2	42463335332e352e4335354436332032303131	12875	5389
lcc	2	42463335332e352e4335354535342032303130	12875	5389
lcc	2	42463335332e352e4335354735352032303230	12875	5389
lcc	2	42463335332e352e4335354c35342032303137	12875	5389
lcc	2	42463335332e352e4335354c38372032303230	12875	5389
lcc	2	42463335332e352e4335354d33372032303139	12875	5389
lcc	2	42463335332e352e4335355333332032303234	12875	5389
lcc	2	42463335332e352e433535533736	12875	5389
lcc	2	42463335332e352e4335355734352032303231	12875	5389
lcc	2	42463335332e352e433734204e33342031393938	12875	5389
lcc	2	42463335332e352e4e3337204135332031393930	12875	5389
lcc	2	42463335332e352e4e3337204233342031393937	12875	5389
lcc	2	42463335332e352e4e3337204334352031393934	12875	5389
lcc	2	42463335332e352e4e3337204335372031393936	12875	5389
lcc	2	42463335332e352e4e3337204336342031393937	12875	5389
lcc	2	42463335332e352e4e333720453236342032303132	12875	5389
lcc	2	42463335332e352e4e3337204635372032303032	12875	5389
lcc	2	42463335332e352e4e3337204734332031393934	12875	5389
lcc	2	42463335332e352e4e3337204b33342031393939	12875	5389
lcc	2	42463335332e352e4e3337204c33362032303134	12875	5389
lcc	2	42463335332e352e4e3337204c36382032303038	12875	5389
lcc	2	42463335332e352e4e3337204e33322031393934	12875	5389
lcc	2	42463335332e352e4e3337205034372031393934	12875	5389
lcc	2	42463335332e352e4e3337205034382031393839	12875	5389
lcc	2	42463335332e352e4e3337205333362031393939	12875	5389
lcc	2	42463335332e352e4e3337205338332031393932	12875	5389
lcc	2	42463335332e352e4e3337205733352032303031	12875	5389
lcc	2	42463335332e352e4e33374238352032303230	12875	5389
lcc	2	42463335332e352e4e33374334372032303032	12875	5389
lcc	2	42463335332e352e4e33374335332032303039	12875	5389
lcc	2	42463335332e352e4e33374335332032303135	12875	5389
lcc	2	42463335332e352e4e3337433636382032303134	12875	5389
lcc	2	42463335332e352e4e33374b33342031393939	12875	5389
lcc	2	42463335332e352e4e33374b34352032303035	12875	5389
lcc	2	42463335332e352e4e33374c33362032303133	12875	5389
lcc	2	42463335332e352e4e33374d33332032303130	12875	5389
lcc	2	42463335332e352e4e33375035332032303230	12875	5389
lcc	2	42463335332e352e4e3635204b34352032303130	12875	5389
lcc	2	42463335332e352e4e3635205336362032303038	12875	5389
lcc	2	42463335332e352e4e363520533639352032303139	12875	5389
lcc	2	42463335332e352e4e3635533639352032303138	12875	5389
lcc	2	42463335332e352e4e36355434362032303137	12875	5389
lcc	2	42463335332e352e5035365337352032303234	12875	5389
lcc	2	42463335332e352e533837204a36362032303135	12875	5389
lcc	2	42463335332e352e5338374a36362032303135	12875	5389
lcc	2	42463335332e352e5338374a36362032303230	12875	5389
lcc	2	4246333537202e4734332032303033	12875	5389
lcc	2	4246333537202e5034372032303035	12875	5389
lcc	2	4246333537202e5336372032303037	12875	5389
lcc	2	42463335372e4234372032303233	12875	5389
lcc	2	42463335372e4433382032303138	12875	5389
lcc	2	42463335372e5034372032303035	12875	5389
lcc	2	42463335372e503437656220766f6c2e2031	12875	5389
lcc	2	4246343335202e4d382031393939	12877	5389
lcc	2	4246343535202e413433	12878	3784
lcc	2	4246343535202e413437	12878	3784
lcc	2	4246343535202e4134383220766f6c2e2033	12878	3784
lcc	2	4246343535202e4232362031393835	12878	3784
lcc	2	4246343535202e4233332031393832	12878	3784
lcc	2	4246343535202e423337342031393935	12878	3784
lcc	2	4246343535202e423437	12878	3784
lcc	2	4246343535202e42353632	12878	3784
lcc	2	4246343535202e423634	12878	3784
lcc	2	4246343535202e42363434	12878	3784
lcc	2	4246343535202e423732	12878	3784
lcc	2	4246343535202e4237342031393930	12878	3784
lcc	2	4246343535202e433236382032303034	12878	3784
lcc	2	4246343535202e433236382032303038	12878	3784
lcc	2	4246343535202e433237352031393936	12878	3784
lcc	2	4246343535202e4334322031393933	12878	3784
lcc	2	4246343535202e4334362031393933	12878	3784
lcc	2	4246343535202e433539	12878	3784
lcc	2	4246343535202e43363734372031393738	12878	3784
lcc	2	4246343535202e4338372031393833	12878	3784
lcc	2	4246343535202e44323535	12878	3784
lcc	2	4246343535202e4432372032303037	12878	3784
lcc	2	4246343535202e443238	12878	3784
lcc	2	4246343535202e443337352031393931	12878	3784
lcc	2	4246343535202e443339352031393935	12878	3784
lcc	2	4246343535202e4434352031393737	12878	3784
lcc	2	4246343535202e4436206e6f2e203432	12878	3784
lcc	2	4246343535202e443831352031393732	12878	3784
lcc	2	4246343535202e4533352031393939	12878	3784
lcc	2	4246343535202e4535392031393835	12878	3784
lcc	2	4246343535202e463631342031393737	12878	3784
lcc	2	4246343535202e463633382031393936	12878	3784
lcc	2	4246343535202e46363338342032303034	12878	3784
lcc	2	4246343535202e463633392032303030	12878	3784
lcc	2	4246343535202e463634352031393834	12878	3784
lcc	2	4246343535202e4736332031393934	12878	3784
lcc	2	4246343535202e4736352031393938	12878	3784
lcc	2	4246343535202e473733372031393835	12878	3784
lcc	2	4246343535202e473734	12878	3784
lcc	2	4246343535202e47373435	12878	3784
lcc	2	4246343535202e483235	12878	3784
lcc	2	4246343535202e4832373133332032303130	12878	3784
lcc	2	4246343535202e4832373136382031393738	12878	3784
lcc	2	4246343535202e4832373238	12878	3784
lcc	2	4246343535202e48343434	12878	3784
lcc	2	4246343535202e483434362031393832	12878	3784
lcc	2	4246343535202e4834343631332031393833	12878	3784
lcc	2	4246343535202e4836323831332031393836	12878	3784
lcc	2	4246343535202e483637352031393635	12878	3784
lcc	2	4246343535202e4935332031393838	12878	3784
lcc	2	4246343535202e4a3233	12878	3784
lcc	2	4246343535202e4a3631342031393833	12878	3784
lcc	2	4246343535202e4b3237	12878	3784
lcc	2	4246343535202e4b3238	12878	3784
lcc	2	4246343535202e4b3635362032303035	12878	3784
lcc	2	4246343535202e4c323631332031393937	12878	3784
lcc	2	4246343535202e4c3237322031393937	12878	3784
lcc	2	4246343535202e4c3439352031393737	12878	3784
lcc	2	4246343535202e4d3233	12878	3784
lcc	2	4246343535202e4d333335352031393938	12878	3784
lcc	2	4246343535202e4d3333382031393935	12878	3784
lcc	2	4246343535202e4d333436	12878	3784
lcc	2	4246343535202e4d3334372031393833	12878	3784
lcc	2	4246343535202e4d33382032303038	12878	3784
lcc	2	4246343535202e4d3539	12878	3784
lcc	2	4246343535202e4d3632	12878	3784
lcc	2	4246343535202e4d3634	12878	3784
lcc	2	4246343535202e4d37362031393730	12878	3784
lcc	2	4246343535202e4d382031393738	12878	3784
lcc	2	4246343535202e4d38323320313937352c20486566742032	12878	3784
lcc	2	4246343535202e4d38372031393937	12878	3784
lcc	2	4246343535202e4e3334203139373161	12878	3784
lcc	2	4246343535202e4e3335	12878	3784
lcc	2	4246343535202e4e34352032303031	12878	3784
lcc	2	4246343535202e4f3235382032303038	12878	3784
lcc	2	4246343535202e4f39342032303037	12878	3784
lcc	2	4246343535202e5033342031393735	12878	3784
lcc	2	4246343535202e503334352032303032	12878	3784
lcc	2	4246343535202e503338392032303030	12878	3784
lcc	2	4246343535202e503635	12878	3784
lcc	2	4246343535202e50372031393639	12878	3784
lcc	2	4246343535202e503738	12878	3784
lcc	2	4246343535202e503739	12878	3784
lcc	2	4246343535202e523236332032303135	12878	3784
lcc	2	4246343535202e5234342032303037	12878	3784
lcc	2	4246343535202e5234383133	12878	3784
lcc	2	4246343535202e523534352032303138	12878	3784
lcc	2	4246343535202e523537372032303036	12878	3784
lcc	2	4246343535202e523832392032303031	12878	3784
lcc	2	4246343535202e523835332031393836	12878	3784
lcc	2	4246343535202e5332342031393739	12878	3784
lcc	2	4246343535202e533236	12878	3784
lcc	2	4246343535202e53353235	12878	3784
lcc	2	4246343535202e533534342031393935	12878	3784
lcc	2	4246343535202e533537	12878	3784
lcc	2	4246343535202e5337322031393736	12878	3784
lcc	2	4246343535202e5339342031393732	12878	3784
lcc	2	4246343535202e5432382031393834	12878	3784
lcc	2	4246343535202e543532382031393831	12878	3784
lcc	2	4246343535202e543638	12878	3784
lcc	2	4246343535202e54373631332031393931	12878	3784
lcc	2	4246343535202e563434	12878	3784
lcc	2	4246343535202e573238332031393832	12878	3784
lcc	2	4246343535202e5735392031393834	12878	3784
lcc	2	4246343535202e5a33352031393932	12878	3784
lcc	2	4246343535202e5a35352032303039	12878	3784
lcc	2	4246343535204836333138	12878	3784
lcc	2	4246343535204b37332031393738	12878	3784
lcc	2	4246343535204e33342031393731	12878	3784
lcc	2	4246343535205339342031393732	12878	3784
lcc	2	4246343535205a3536332032303038	12878	3784
lcc	2	42463435352e413531382032303234	12878	3784
lcc	2	42463435352e413531392032303232	12878	3784
lcc	2	42463435352e4234333020426b33206669677572616c2031393835	12878	3784
lcc	2	42463435352e443339392031393931	12878	3784
lcc	2	42463435352e4536382031393933	12878	3784
lcc	2	42463435352e4633342032303138	12878	3784
lcc	2	42463435352e4832373133332032303130	12878	3784
lcc	2	42463435352e4832373133332032303137	12878	3784
lcc	2	42463435352e4836333138	12878	3784
lcc	2	42463435352e4934382032303034	12878	3784
lcc	2	42463435352e4c32382032303233	12878	3784
lcc	2	42463435352e4d3334372031393833	12878	3784
lcc	2	42463435352e523236332032303135	12878	3784
lcc	2	42463435352e523534352032303138	12878	3784
lcc	2	42463435362e4437	12878	3784
lcc	2	42463435362e44374d36362032303232	12878	3784
lcc	2	42463435362e4e33374e33372032303032	12878	3784
lcc	2	42463435362e4e33374e33372032303033	12878	3784
lcc	2	42463435362e4e37204236372032303039	12878	3784
lcc	2	42463435362e4e37204237	12878	3784
lcc	2	42463435362e4e374239342032303037	12878	3784
lcc	2	42463435362e4e374b35362032303230	12878	3784
lcc	2	42463435362e5232204133332031393836	12878	3784
lcc	2	42463435362e5232204233352031393934	12878	3784
lcc	2	42463435362e523220423539352031393935	12878	3784
lcc	2	42463435362e523220433536352032303136	12878	3784
lcc	2	42463435362e52322044352031393731	12878	3784
lcc	2	42463435362e523220443638	12878	3784
lcc	2	42463435362e5232204436392031393934	12878	3784
lcc	2	42463435362e5232204536352031393732	12878	3784
lcc	2	42463435362e5232204637382031393830	12878	3784
lcc	2	42463435362e523220473633	12878	3784
lcc	2	42463435362e5232204b32392031393934	12878	3784
lcc	2	42463435362e5232204b35332031393935	12878	3784
lcc	2	42463435362e5232204c332031393732	12878	3784
lcc	2	42463435362e5232204c34352031393936	12878	3784
lcc	2	42463435362e5232204c34372031393931	12878	3784
lcc	2	42463435362e5232204e3433	12878	3784
lcc	2	42463435362e5232205034332032303032	12878	3784
lcc	2	42463435362e5232205037362031393935	12878	3784
lcc	2	42463435362e523220523538	12878	3784
lcc	2	42463435362e5232205334382031393839	12878	3784
lcc	2	42463435362e523220533638352031393939	12878	3784
lcc	2	42463435362e5232205433372031393833	12878	3784
lcc	2	42463435362e5232205539362031393936	12878	3784
lcc	2	42463435362e5232205635352032303037	12878	3784
lcc	2	42463435362e5232433536352032303136	12878	3784
lcc	2	42463435362e52324336342031393939	12878	3784
lcc	2	42463435362e52324736342032303136	12878	3784
lcc	2	42463435362e52324b34342032303232	12878	3784
lcc	2	42463435362e5232523334382032303234	12878	3784
lcc	2	42463435362e52325333392032303136	12878	3784
lcc	2	42463435362e5232533638352031393939	12878	3784
lcc	2	42463435362e52325736382032303231	12878	3784
lcc	2	42463435362e573820433632362031393939	12878	3784
lcc	2	42463435362e5738204833362031393936	12878	3784
lcc	2	42463435362e5738204b34352031393934	12878	3784
lcc	2	42463435362e5738204b35362031393939	12878	3784
lcc	2	42463435362e5738205034362032303034	12878	3784
lcc	2	42463435362e5738205236372031393834	12878	3784
lcc	2	4246343538202e4334372031393832	12878	3784
lcc	2	4246343538202e433738	12878	3784
lcc	2	4246343538202e4437392031393839	12878	3784
lcc	2	4246343538202e4635362031393934	12878	3784
lcc	2	4246343538202e4832352031393936	12878	3784
lcc	2	4246343538202e4b3731352031393836	12878	3784
lcc	2	4246343538202e4c332031393537	12878	3784
lcc	2	4246343538202e4c36362031393936	12878	3784
lcc	2	4246343538202e4d32392031393935	12878	3784
lcc	2	4246343538202e4d33	12878	3784
lcc	2	4246343538202e4d34372031393835	12878	3784
lcc	2	4246343538202e4d35352032303035	12878	3784
lcc	2	4246343538202e4f37382032303130	12878	3784
lcc	2	4246343538202e5033	12878	3784
lcc	2	4246343538202e503634	12878	3784
lcc	2	4246343538202e5237342031393935	12878	3784
lcc	2	4246343538202e533332782031393830	12878	3784
lcc	2	4246343538202e5336352031393937	12878	3784
lcc	2	4246343538202e533732	12878	3784
lcc	2	4246343538202e5337323133	12878	3784
lcc	2	4246343538202e5337342031393939	12878	3784
lcc	2	4246343538202e533737352031393938	12878	3784
lcc	2	4246343538202e5337382031393936	12878	3784
lcc	2	4246343538202e5436332031393935	12878	3784
lcc	2	4246343538202e5436332032303033	12878	3784
lcc	2	4246343538202e5735352031393936	12878	3784
lcc	2	42463435382e4135332032303031	12878	3784
lcc	2	42463435382e4736332032303230	12878	3784
lcc	2	42463435382e4736362032303132	12878	3784
lcc	2	4246343631	12878	3784
lcc	2	4246343631202e4f34342031393933	12878	3784
lcc	2	42463436332e4434374533382031393932	12878	3784
lcc	2	42463436332e493538	12878	3784
lcc	2	42463436332e493538204a33382032303030	12878	3784
lcc	2	42463436332e493538204e34382032303038	12878	3784
lcc	2	42463436332e4935384e34382032303038	12878	3784
lcc	2	42463436332e4d34204436352031393836	12878	3784
lcc	2	42463436332e4d34204633382031393937	12878	3784
lcc	2	42463436332e4d34204637332032303035	12878	3784
lcc	2	42463436332e4d34204735332031393939	12878	3784
lcc	2	42463436332e4d34204833372031393938	12878	3784
lcc	2	42463436332e4d34204835372032303132	12878	3784
lcc	2	42463436332e4d34204c34362031393939	12878	3784
lcc	2	42463436332e4d34204f33392031393839	12878	3784
lcc	2	42463436332e4d34205035332031393931	12878	3784
lcc	2	42463436332e4d34205434382032303130	12878	3784
lcc	2	42463436332e4d345433332032303233	12878	3784
lcc	2	42463436332e513437205235342031393833	12878	3784
lcc	2	42463436332e533634204237372031393837	12878	3784
lcc	2	42463436332e533634204637332031393932	12878	3784
lcc	2	42463436332e533634204c35322031393936	12878	3784
lcc	2	42463436332e533634205034362032303039	12878	3784
lcc	2	42463436332e5336342050352031393939	12878	3784
lcc	2	42463436332e533634205238332031393936	12878	3784
lcc	2	42463436332e533634205634362031393934	12878	3784
lcc	2	42463436332e5336345336342032303136	12878	3784
lcc	2	42463436332e553520473437352032303131	12878	3784
lcc	2	42463436332e5535204a34342032303033	12878	3784
lcc	2	42463436332e5535204c34362031393933	12878	3784
lcc	2	42463436332e55354237362032303038	12878	3784
lcc	2	42463436332e55354534362032303235	12878	3784
lcc	2	42463436332e55354736352032303233	12878	3784
lcc	2	42463436332e55354835352032303135	12878	3784
lcc	2	42463436332e55354f38362032303130	12878	3784
lcc	2	42463436332e563435204236362032303033	12878	3784
lcc	2	42463436332e5634354237392032303130	12878	3784
lcc	2	42463436332e5634354237392032303133	12878	3784
lcc	2	4246343637	12878	5389
lcc	2	4246343637202e543337	12878	5389
lcc	2	4246343638202e4132382032303031	12878	5389
lcc	2	4246343638202e4137362032303030	12878	5389
lcc	2	4246343638202e4236352031393938	12878	5389
lcc	2	4246343638202e4237362031393936	12878	5389
lcc	2	4246343638202e4434362032303038	12878	5389
lcc	2	4246343638202e4635372031393939	12878	5389
lcc	2	4246343638202e463733	12878	5389
lcc	2	4246343638202e4734352031393835	12878	5389
lcc	2	4246343638202e4734352031393939	12878	5389
lcc	2	4246343638202e4834352032303131	12878	5389
lcc	2	4246343638202e4b35332032303037	12878	5389
lcc	2	4246343638202e4c34372031393936	12878	5389
lcc	2	4246343638202e4d3239332031393830	12878	5389
lcc	2	4246343638202e4d33372032303130	12878	5389
lcc	2	4246343638202e4e36372032303036	12878	5389
lcc	2	4246343638202e4e363931332031393934	12878	5389
lcc	2	4246343638202e503437	12878	5389
lcc	2	4246343638202e53362032303037	12878	5389
lcc	2	4246343638202e5434372032303036	12878	5389
lcc	2	4246343638202e543533382031393937	12878	5389
lcc	2	4246343638202e543534322032303037	12878	5389
lcc	2	4246343638202e543535352032303031	12878	5389
lcc	2	4246343638202e5437382032303030	12878	5389
lcc	2	4246343638202e5633352032303035	12878	5389
lcc	2	4246343638202e5a35362032303038	12878	5389
lcc	2	42463436382e4334382032303235	12878	5389
lcc	2	42463436382e4533362032303032	12878	5389
lcc	2	42463436382e4a33332032303138	12878	5389
lcc	2	42463436382e4a38332032303036	12878	5389
lcc	2	42463436382e4c3438372031393932	12878	5389
lcc	2	42463436382e4d34352032303037	12878	5389
lcc	2	42463436382e50362032303234	12878	5389
lcc	2	42463436382e5335342032303139	12878	5389
lcc	2	42463436382e5335362031393933	12878	5389
lcc	2	42463436382e543533382031393937	12878	5389
lcc	2	42463436382e5435342031393839	12878	5389
lcc	2	42463436382e5435352031393936	12878	5389
lcc	2	42463436382e5535332032303035	12878	5389
lcc	2	42463436382e5a33342032303035	12878	5389
lcc	2	4246343639202e4336342032303033	12878	5389
lcc	2	4246343639202e44342032303035	12878	5389
lcc	2	4246343639202e463535782031393831	12878	5389
lcc	2	4246343639202e473337	12878	5389
lcc	2	4246343639202e4737332031393934	12878	5389
lcc	2	4246343639202e48332031393930	12878	5389
lcc	2	4246343639202e48362031393837	12878	5389
lcc	2	4246343639202e4836342032303039	12878	5389
lcc	2	4246343639202e49352031393638	12878	5389
lcc	2	4246343639202e4c33392032303031	12878	5389
lcc	2	4246343639202e4d32352031393934	12878	5389
lcc	2	4246343639202e4d353731332032303130	12878	5389
lcc	2	4246343639202e4d35382032303130	12878	5389
lcc	2	4246343639202e4d353831382032303039	12878	5389
lcc	2	4246343639202e4d35383431332032303130	12878	5389
lcc	2	4246343639202e5035382031393935	12878	5389
lcc	2	4246343639202e503538352031393935	12878	5389
lcc	2	4246343639202e5234342031393938	12878	5389
lcc	2	4246343639202e5235382032303035	12878	5389
lcc	2	4246343639202e5333372032303036	12878	5389
lcc	2	4246343639202e543437	12878	5389
lcc	2	4246343639202e5733342031393933	12878	5389
lcc	2	4246343639202e5734372031393937	12878	5389
lcc	2	4246343639202e5a38362031393933	12878	5389
lcc	2	42463436392e413637372032303230	12878	5389
lcc	2	42463436392e433633352032303233	12878	5389
lcc	2	42463436392e443434362032303137	12878	5389
lcc	2	42463436392e4833342031393930	12878	5389
lcc	2	42463436392e4834352031393938	12878	5389
lcc	2	42463436392e4a36372032303139	12878	5389
lcc	2	42463436392e4b33372032303132	12878	5389
lcc	2	42463436392e4c33392032303031	12878	5389
lcc	2	42463436392e4d323936352032303139	12878	5389
lcc	2	42463436392e4d35352032303038	12878	5389
lcc	2	42463436392e4d35382032303130	12878	5389
lcc	2	42463436392e4d353834352032303131	12878	5389
lcc	2	42463436392e4d3632352032303138	12878	5389
lcc	2	42463436392e4e34372032303137	12878	5389
lcc	2	42463436392e4f375235382032303034	12878	5389
lcc	2	42463436392e5033362032303234	12878	5389
lcc	2	42463436392e5035392032303037	12878	5389
lcc	2	42463436392e5235382032303035	12878	5389
lcc	2	42463436392e533634382032303234	12878	5389
lcc	2	4246343731202e4433382031393830	12878	5389
lcc	2	4246343731202e5337382031393837	12878	5389
lcc	2	42463437312e4335204234373133	12878	5389
lcc	2	4246343735202e5238342031393933	12878	5389
lcc	2	4246343735202e5239382032303035	12878	5389
lcc	2	4246343832202e4334372031393936	12878	5389
lcc	2	4246343832202e4d33342031393930	12878	5389
lcc	2	42463438322e4b34392032303234	12878	5389
lcc	2	4246343835202e4835332032303035	12878	5389
lcc	2	4246343835202e4c34382032303035	12878	5389
lcc	2	4246343835202e5733382032303035	12878	5389
lcc	2	4246343931202e4e35362031393938	12878	5389
lcc	2	424a2731343533274a36362731393930	4504	4494
lcc	2	424a273134373027463637	4504	4494
lcc	2	424a273134373027543431342731393937	4504	4494
lcc	2	424a273134393927533627483336322731393933	4504	4494
lcc	2	424a31333430202e4233352031393938	4504	4494
lcc	2	424a31333430202e4637332031393934	4504	4494
lcc	2	424a31333430202e4839332032303138	4504	4494
lcc	2	424a31333430202e4d33362032303039	4504	4494
lcc	2	424a31333430202e4d33372032303030	4504	4494
lcc	2	424a31343039202e413833	4504	4494
lcc	2	424a31343039202e4336372032303132	4504	4494
lcc	2	424a31343039202e4738372031393837	4504	4494
lcc	2	424a31343039202e4c36342031393931	4504	4494
lcc	2	424a31343039202e4d32382031393939	4504	4494
lcc	2	424a31343039202e5235382032303137	4504	4494
lcc	2	424a31343039202e5333352031393835	4504	4494
lcc	2	424a313430392e35202e4236362032303034	4504	4494
lcc	2	424a313430392e35202e423636352032303037	4504	4494
lcc	2	424a313430392e35202e5036342031393932	4504	4494
lcc	2	424a313430392e352e4534342032303139	4504	4494
lcc	2	424a313430392e4a38372032303231	4504	4494
lcc	2	424a313430392e4d32382031393939	4504	4494
lcc	2	424a313430392e5036372032303030	4504	4494
lcc	2	424a31343131202e4d35352031393834	4504	4494
lcc	2	424a31343131202e5333362031393938	4504	4494
lcc	2	424a313431312e5334332031393939	4504	4494
lcc	2	424a31343134202e4d36372032303039	4504	4494
lcc	2	424a313431382e35202e4836352031393938	4504	4494
lcc	2	424a31343139202e4336372031393839	4504	4494
lcc	2	424a31343139202e4833362031393936	4504	4494
lcc	2	424a31343139202e4838372031393839	4504	4494
lcc	2	424a31343139202e4935372032303035	4504	4494
lcc	2	424a31343139202e4b36352032303036	4504	4494
lcc	2	424a31343139202e5236362031393934	4504	4494
lcc	2	424a31343139202e5333352031393834	4504	4494
lcc	2	424a31343139202e5333372031393938	4504	4494
lcc	2	424a313431392e4235332032303231	4504	4494
lcc	2	424a313431392e4538352032303139	4504	4494
lcc	2	424a313431392e4b35362032303038	4504	4494
lcc	2	424a313431392e5332382032303034	4504	4494
lcc	2	424a31343230202e5035332031393939	4504	4494
lcc	2	424a313432302e4233372032303139	4504	4494
lcc	2	424a31343231202e4133332031393937	4504	4494
lcc	2	424a31343231202e4134352032303032	4504	4494
lcc	2	424a31343231202e423333352031393931	4504	4494
lcc	2	424a31343231202e4236342031393738	4504	4494
lcc	2	424a31343231202e4236392031393931	4504	4494
lcc	2	424a31343231202e4237362031393938	4504	4494
lcc	2	424a31343231202e4435372032303039	4504	4494
lcc	2	424a31343231202e4834372032303036	4504	4494
lcc	2	424a31343231202e4c34342032303131	4504	4494
lcc	2	424a31343231202e4c34382031393838	4504	4494
lcc	2	424a31343231202e4d32382032303135	4504	4494
lcc	2	424a31343231202e5033372032303038	4504	4494
lcc	2	424a31343231202e5333362031393934	4504	4494
lcc	2	424a31343231202e5335352031393835	4504	4494
lcc	2	424a31343231202e563536	4504	4494
lcc	2	424a31343231202e5734352031393838	4504	4494
lcc	2	424a313432312e4133332031393937	4504	4494
lcc	2	424a313432312e4134354235382032303036	4504	4494
lcc	2	424a313432312e4434352032303139	4504	4494
lcc	2	424a313432312e4637332032303035	4504	4494
lcc	2	424a313432312e4737332032303139	4504	4494
lcc	2	424a313432312e4834372032303036	4504	4494
lcc	2	424a313432312e4935332032303232	4504	4494
lcc	2	424a313432312e4b382032303234	4504	4494
lcc	2	424a313432312e4c39352032303136	4504	4494
lcc	2	424a313432312e5336362032303032	4504	4494
lcc	2	424a313432312e5339332032303232	4504	4494
lcc	2	424a31343232202e4233332032303035	4504	4494
lcc	2	424a31343232202e4236352031393933	4504	4494
lcc	2	424a31343232202e4e33352032303132	4504	4494
lcc	2	424a31343233202e4435342031393938	4504	4494
lcc	2	424a31343233202e4435342032303032	4504	4494
lcc	2	424a31343233202e4438372032303032	4504	4494
lcc	2	424a31343233202e4635352032303035	4504	4494
lcc	2	424a31343233202e4b36332032303036	4504	4494
lcc	2	424a31343233202e5033372031393936	4504	4494
lcc	2	424a31343233202e50362031393930	4504	4494
lcc	2	424a31343233202e5337352031393931	4504	4494
lcc	2	424a31343233202e5433372031393937	4504	4494
lcc	2	424a31343235202e4736362032303031	4504	4494
lcc	2	424a31343235202e4c34362031393932	4504	4494
lcc	2	424a31343236202e5438352031393936	4504	4494
lcc	2	424a31343236202e5a35332031393939	4504	4494
lcc	2	424a31343238202e4f37352031393939	4504	4494
lcc	2	424a313432382e4336205935352032303032	4504	4494
lcc	2	424a313432382e4738205033352031393934	4504	4494
lcc	2	424a313432382e4a332053323531332031393938	4504	4494
lcc	2	424a313432382e5236204c35352032303037	4504	4494
lcc	2	424a313432392e352e47362032303234	4504	4494
lcc	2	424a31343330202e4b3838322032303130	4504	4494
lcc	2	424a31343331202e4234362031393930	4504	4494
lcc	2	424a31343331202e4434342032303034	4504	4494
lcc	2	424a31343331202e4d32382032303039	4504	4494
lcc	2	424a31343331202e4e36372031393936	4504	4494
lcc	2	424a313433312e4234362031393930	4504	4494
lcc	2	424a313433312e4434342032303034	4504	4494
lcc	2	424a313433312e4635332032303035	4504	4494
lcc	2	424a313433312e4f32342032303031	4504	4494
lcc	2	424a313433312e5337332032303137	4504	4494
lcc	2	424a31343332202e4434372032303032	4504	4494
lcc	2	424a31343332202e4636362031393937	4504	4494
lcc	2	424a31343332202e4636372031393935	4504	4494
lcc	2	424a31343332202e4d34332032303036	4504	4494
lcc	2	424a31343333202e4235372031393838	4504	4494
lcc	2	424a31343333202e4634382031393930	4504	4494
lcc	2	424a31343333202e4737342031393939	4504	4494
lcc	2	424a31343333202e4d34372031393932	4504	4494
lcc	2	424a31343333202e5635342032303032	4504	4494
lcc	2	424a31343333202e57352031393937	4504	4494
lcc	2	424a31343336202e5a38342031393931	4504	4494
lcc	2	424a31343431	4504	4494
lcc	2	424a31343431202e433635352032303033	4504	4494
lcc	2	424a31343431202e4733352032303033	4504	4494
lcc	2	424a31343431202e4d35352031393936	4504	4494
lcc	2	424a313434312e4234332031393936	4504	4494
lcc	2	424a31343432202e4236332032303037	4504	4494
lcc	2	424a31343432202e5236362032303037	4504	4494
lcc	2	424a31343530	4504	4494
lcc	2	424a31343531202e41322032303034	4504	4494
lcc	2	424a31343531202e4138352031393939	4504	4494
lcc	2	424a31343531202e4232392031393835	4504	4494
lcc	2	424a31343531202e4233342031393839	4504	4494
lcc	2	424a31343531202e423335352032303030	4504	4494
lcc	2	424a31343531202e4233362031393937	4504	4494
lcc	2	424a31343531202e4234372031393837	4504	4494
lcc	2	424a31343531202e4237332031393936	4504	4494
lcc	2	424a31343531202e4237362032303039	4504	4494
lcc	2	424a31343531202e433632352031393738	4504	4494
lcc	2	424a31343531202e4336372032303034	4504	4494
lcc	2	424a31343531202e4336372032303036	4504	4494
lcc	2	424a31343531202e4336382031393930	4504	4494
lcc	2	424a31343531202e4336392032303134	4504	4494
lcc	2	424a31343531202e4539362032303137	4504	4494
lcc	2	424a31343531202e4539372031393832	4504	4494
lcc	2	424a31343531202e463433	4504	4494
lcc	2	424a31343531202e4635362032303036	4504	4494
lcc	2	424a31343531202e4635372031393938	4504	4494
lcc	2	424a31343531202e4636352031393932	4504	4494
lcc	2	424a31343531202e4735382031393730	4504	4494
lcc	2	424a31343531202e4833332032303039	4504	4494
lcc	2	424a31343531202e4939392032303132	4504	4494
lcc	2	424a31343531202e4a35352031393930	4504	4494
lcc	2	424a31343531202e4c38332031393933	4504	4494
lcc	2	424a31343531202e4d33352032303130	4504	4494
lcc	2	424a31343531202e4d33362031393932	4504	4494
lcc	2	424a31343531202e4d34352031393838	4504	4494
lcc	2	424a31343531202e4d3435352031393931	4504	4494
lcc	2	424a31343531202e4d3634392031393936	4504	4494
lcc	2	424a31343531202e4d363439352031393938	4504	4494
lcc	2	424a31343531202e4d37382032303036	4504	4494
lcc	2	424a31343531202e4e343531382032303036	4504	4494
lcc	2	424a31343531202e5033372032303038	4504	4494
lcc	2	424a31343531202e50333731382032303131	4504	4494
lcc	2	424a31343531202e5034362031393838	4504	4494
lcc	2	424a31343531202e5034362031393938	4504	4494
lcc	2	424a31343531202e5037362032303039	4504	4494
lcc	2	424a31343531202e5233332032303039	4504	4494
lcc	2	424a31343531202e5234342032303139	4504	4494
lcc	2	424a31343531202e5332382032303135	4504	4494
lcc	2	424a31343531202e533333352031393931	4504	4494
lcc	2	424a31343531202e533334342031393935	4504	4494
lcc	2	424a31343531202e5335322032303039	4504	4494
lcc	2	424a31343531202e5335332032303035	4504	4494
lcc	2	424a31343531202e5335342031393937	4504	4494
lcc	2	424a31343531202e5335352032303130	4504	4494
lcc	2	424a31343531202e5336332032303034	4504	4494
lcc	2	424a31343531202e53392031393839	4504	4494
lcc	2	424a31343531202e5434392032303035	4504	4494
lcc	2	424a31343531202e5732372031393934	4504	4494
lcc	2	424a313435312e413435342032303231	4504	4494
lcc	2	424a313435312e4134362032303130	4504	4494
lcc	2	424a313435312e4236362032303139	4504	4494
lcc	2	424a313435312e4237362032303039	4504	4494
lcc	2	424a313435312e4336392032303134	4504	4494
lcc	2	424a313435312e4539362032303136	4504	4494
lcc	2	424a313435312e4833352032303038	4504	4494
lcc	2	424a313435312e4b34352032303138	4504	4494
lcc	2	424a313435312e4b34372032303234	4504	4494
lcc	2	424a313435312e4d32382032303230	4504	4494
lcc	2	424a313435312e4d35342032303230	4504	4494
lcc	2	424a313435312e4e34352032303033	4504	4494
lcc	2	424a313435312e4e34362032303234	4504	4494
lcc	2	424a313435312e503437382032303231	4504	4494
lcc	2	424a313435312e50343831382032303137	4504	4494
lcc	2	424a313435312e5036362032303136	4504	4494
lcc	2	424a313435312e5233342032303130	4504	4494
lcc	2	424a313435312e5234352032303132	4504	4494
lcc	2	424a313435312e5236382032303234	4504	4494
lcc	2	424a313435312e53333338352032303234	4504	4494
lcc	2	424a313435312e5336352031393932	4504	4494
lcc	2	424a31343532202e4436362031393935	4504	4494
lcc	2	424a31343532202e4c35372031393932	4504	4494
lcc	2	424a31343532204a33362032303036	4504	4494
lcc	2	424a31343533202e4234372032303034	4504	4494
lcc	2	424a31343533202e4239382032303032	4504	4494
lcc	2	424a31343533202e4532352032303034	4504	4494
lcc	2	424a31343533202e4833342032303137	4504	4494
lcc	2	424a31343533202e483435332032303037	4504	4494
lcc	2	424a31343533202e483435352032303033	4504	4494
lcc	2	424a31343533202e4a3636	4504	4494
lcc	2	424a31343533202e4b33382031393932	4504	4494
lcc	2	424a31343533202e4b36312031393839	4504	4494
lcc	2	424a31343533202e4b36352032303130	4504	4494
lcc	2	424a31343533202e4c34352031393931	4504	4494
lcc	2	424a31343533202e4c3634352032303035	4504	4494
lcc	2	424a31343533202e5236362031393935	4504	4494
lcc	2	424a31343533202e5434362031393938	4504	4494
lcc	2	424a31343533202e5737352031393934	4504	4494
lcc	2	424a31343533205233372031393838	4504	4494
lcc	2	424a313435332e4a363633205338352031393938	4504	4494
lcc	2	424a31343534202e4636362031393938	4504	4494
lcc	2	424a31343535202e433739392031393939	4504	4494
lcc	2	424a31343535202e5236332031393932	4504	4494
lcc	2	424a31343536202e4a33342031393930	4504	4494
lcc	2	424a31343536202e4f33372032303037	4504	4494
lcc	2	424a31343536202e5335372031393938	4504	4494
lcc	2	424a313435382e35202e4833362031393938	4504	4494
lcc	2	424a313435382e352e4d33362032303134	4504	4494
lcc	2	424a313435382e4a33204b33382032303030	4504	4494
lcc	2	424a313435382e4a33204d35362031393936	4504	4494
lcc	2	424a31343539202e5235332031393930	4504	4494
lcc	2	424a313435392e322e4538342032303136	4504	4494
lcc	2	424a313435392e35202e4336332032303037	4504	4494
lcc	2	424a313435392e35202e4833362032303034	4504	4494
lcc	2	424a313435392e35202e5632352031393930	4504	4494
lcc	2	424a313435392e35202e5734342032303038	4504	4494
lcc	2	424a313435392e35202e5736362032303035	4504	4494
lcc	2	424a313435392e35204135342031393930	4504	4494
lcc	2	424a313435392e352e4233352032303136	4504	4494
lcc	2	424a313435392e352e4833362032303033	4504	4494
lcc	2	424a313435392e352e483635352032303136	4504	4494
lcc	2	424a313435392e4736373138203230303662	4504	4494
lcc	2	424a313435392e4c34382032303038	4504	4494
lcc	2	424a31343630202e4435352031393939	4504	4494
lcc	2	424a31343630202e483436323531332031393933	4504	4494
lcc	2	424a31343630202e483436323531362032303039	4504	4494
lcc	2	424a31343630202e4d33342031393936	4504	4494
lcc	2	424a31343630202e573534	4504	4494
lcc	2	424a313436302e4435352031393939	4504	4494
lcc	2	424a313436302e4c3835204636372032303137	4504	4494
lcc	2	424a313436302e5435362032303038	4504	4494
lcc	2	424a31343631202e423435352031393932	4504	4494
lcc	2	424a31343631202e423436362031393731	4504	4494
lcc	2	424a31343631202e4236342031393938	4504	4494
lcc	2	424a31343631202e4333352032303130	4504	4494
lcc	2	424a31343631202e4432372032303037	4504	4494
lcc	2	424a31343631202e443432372032303033	4504	4494
lcc	2	424a31343631202e4434332031393831	4504	4494
lcc	2	424a31343631202e4435372032303037	4504	4494
lcc	2	424a31343631202e4436372031393931	4504	4494
lcc	2	424a31343631202e4533332032303039	4504	4494
lcc	2	424a31343631202e4634372031393932	4504	4494
lcc	2	424a31343631202e4634392031393934	4504	4494
lcc	2	424a31343631202e463733	4504	4494
lcc	2	424a31343631202e463735	4504	4494
lcc	2	424a31343631202e4637352031393832	4504	4494
lcc	2	424a31343631202e4637352032303039	4504	4494
lcc	2	424a31343631202e463735332032303035	4504	4494
lcc	2	424a31343631202e4737352032303133	4504	4494
lcc	2	424a31343631202e483235352032303032	4504	4494
lcc	2	424a31343631202e4832362031393938	4504	4494
lcc	2	424a31343631202e483536332032303039	4504	4494
lcc	2	424a31343631202e483536352031393733	4504	4494
lcc	2	424a31343631202e4b3336	4504	4494
lcc	2	424a31343631202e4b3336352032303035	4504	4494
lcc	2	424a31343631202e4b33372031393835	4504	4494
lcc	2	424a31343631202e4b33382031393936	4504	4494
lcc	2	424a31343631202e4c33382031393934	4504	4494
lcc	2	424a31343631202e4c38	4504	4494
lcc	2	424a31343631202e4c3834	4504	4494
lcc	2	424a31343631202e4e33372031393932	4504	4494
lcc	2	424a31343631202e4f33392031393838	4504	4494
lcc	2	424a31343631202e5034372032303031	4504	4494
lcc	2	424a31343631202e50343720323030316562	4504	4494
lcc	2	424a31343631202e5236372032303039	4504	4494
lcc	2	424a31343631202e533333	4504	4494
lcc	2	424a31343631202e5335332031393932	4504	4494
lcc	2	424a31343631202e5336362032303036	4504	4494
lcc	2	424a31343631202e5337352031393932	4504	4494
lcc	2	424a31343631202e5434	4504	4494
lcc	2	424a31343631202e5435	4504	4494
lcc	2	424a31343631202e5437382031393834	4504	4494
lcc	2	424a31343631202e5635372032303032	4504	4494
lcc	2	424a31343631202e5733352032303036	4504	4494
lcc	2	424a31343631202e5735352031393933	4504	4494
lcc	2	424a31343631202e5736362031393938	4504	4494
lcc	2	424a313436312e4137372032303036	4504	4494
lcc	2	424a313436312e443432362031393834	4504	4494
lcc	2	424a313436312e443432372032303033	4504	4494
lcc	2	424a313436312e44343237362032303231	4504	4494
lcc	2	424a313436312e4434342032303032	4504	4494
lcc	2	424a313436312e4436372031393931	4504	4494
lcc	2	424a313436312e4534352032303030	4504	4494
lcc	2	424a313436312e46373534352032303231	4504	4494
lcc	2	424a313436312e4637392032303135	4504	4494
lcc	2	424a313436312e4736372031393930	4504	4494
lcc	2	424a313436312e4737352032303232	4504	4494
lcc	2	424a313436312e4a36362032303131	4504	4494
lcc	2	424a313436312e4b3336352032303035	4504	4494
lcc	2	424a313436312e4b333635342032303232	4504	4494
lcc	2	424a313436312e4b36372032303036	4504	4494
lcc	2	424a313436312e4d333838352032303136	4504	4494
lcc	2	424a313436312e4d33392031393832	4504	4494
lcc	2	424a313436312e4e33372031393932	4504	4494
lcc	2	424a313436312e563631352032303133	4504	4494
lcc	2	424a31343632202e4336352032303034	4504	4494
lcc	2	424a31343632202e5634332032303039	4504	4494
lcc	2	424a31343633202e4337332031393738	4504	4494
lcc	2	424a31343633202e4537362031393933	4504	4494
lcc	2	424a31343633202e4b33392031393934	4504	4494
lcc	2	424a31343633202e4d33342031393731	4504	4494
lcc	2	424a31343633202e5035352031393930	4504	4494
lcc	2	424a31343633202e503637782031393830	4504	4494
lcc	2	424a31343633202e5233352031393937	4504	4494
lcc	2	424a31343633202e5235372032303036	4504	4494
lcc	2	424a31343633202e5332362032303035	4504	4494
lcc	2	424a31343633202e53332031393935	4504	4494
lcc	2	424a31343633202e5333362032303130	4504	4494
lcc	2	424a31343633202e5733332031393833	4504	4494
lcc	2	424a31343633202e57333638	4504	4494
lcc	2	424a31343633202e5738352032303037	4504	4494
lcc	2	424a313436332e4336334834372032303031	4504	4494
lcc	2	424a313436332e533334352032303036	4504	4494
lcc	2	424a313436332e53333536204637342032303038	4504	4494
lcc	2	424a313436332e533335364637342032303038	4504	4494
lcc	2	424a31343634202e4d33342032303038	4504	4494
lcc	2	424a31343634202e5332332032303032	4504	4494
lcc	2	424a31343635202e4634372031393936	4504	4494
lcc	2	424a31343635202e4b33372031393930	4504	4494
lcc	2	424a31343635202e5333352032303035	4504	4494
lcc	2	424a31343635202e5635352031393938	4504	4494
lcc	2	424a31343636202e4b36342031393838	4504	4494
lcc	2	424a31343636202e5a36332031393933	4504	4494
lcc	2	424a313436382e35202e4233352031393935	4504	4494
lcc	2	424a313436382e35202e423738	4504	4494
lcc	2	424a313436382e35202e4436382031393936	4504	4494
lcc	2	424a313436382e35202e473634	4504	4494
lcc	2	424a313436382e35202e4833372031393935	4504	4494
lcc	2	424a313436382e35202e4836	4504	4494
lcc	2	424a313436382e35202e4b36362031393834	4504	4494
lcc	2	424a313436382e35202e4c34382031393836	4504	4494
lcc	2	424a313436382e35202e4d33342032303034	4504	4494
lcc	2	424a313436382e35202e4e34382031393938	4504	4494
lcc	2	424a313436382e35202e533233352032303130	4504	4494
lcc	2	424a313436382e35202e533234352031393934	4504	4494
lcc	2	424a313436382e35202e543435352031393933	4504	4494
lcc	2	424a313436382e352e4134372032303037	4504	4494
lcc	2	424a313436382e352e473534352032303232	4504	4494
lcc	2	424a313436382e352e4c34362032303138	4504	4494
lcc	2	424a313436382e352e4d35332031393936	4504	4494
lcc	2	424a313436382e433520513533362032303036	4504	4494
lcc	2	424a313436382e4433205336372031393933	4504	4494
lcc	2	424a313436382e5239204c35352031393934	4504	4494
lcc	2	424a31343639202e4234372031393837	4504	4494
lcc	2	424a31343639202e4734362032303032	4504	4494
lcc	2	424a31343639202e473538	4504	4494
lcc	2	424a31343639202e4736362032303036	4504	4494
lcc	2	424a31343639202e4738342032303038	4504	4494
lcc	2	424a31343639202e4738352031393937	4504	4494
lcc	2	424a31343639202e5535342031393936	4504	4494
lcc	2	424a313436392e4b33382032303031	4504	4494
lcc	2	424a313436392e5433362032303135	4504	4494
lcc	2	424a31343730202e413436352032303031	4504	4494
lcc	2	424a31343730202e4135342031393937	4504	4494
lcc	2	424a31343730202e4135352032303034	4504	4494
lcc	2	424a31343730202e4138342031393934	4504	4494
lcc	2	424a31343730202e4238	4504	4494
lcc	2	424a31343730202e433734352032303030	4504	4494
lcc	2	424a31343730202e4433362032303130	4504	4494
lcc	2	424a31343730202e4533382032303039	4504	4494
lcc	2	424a31343730202e4734382031393938	4504	4494
lcc	2	424a31343730202e4833352031393937	4504	4494
lcc	2	424a31343730202e4833352031393938	4504	4494
lcc	2	424a31343730202e4b343531382032303037	4504	4494
lcc	2	424a31343730202e4c3339332032303035	4504	4494
lcc	2	424a31343730202e4d32332032303034	4504	4494
lcc	2	424a31343730202e4d33372032303039	4504	4494
lcc	2	424a31343730202e4e3638	4504	4494
lcc	2	424a31343730202e4e36392031393938	4504	4494
lcc	2	424a313437302e32202e4f33352031393935	4504	4494
lcc	2	424a313437302e322e5234332032303037	4504	4494
lcc	2	424a313437302e35202e4235332032303038	4504	4494
lcc	2	424a313437302e35202e4834372032303038	4504	4494
lcc	2	424a313437302e35202e4d36372032303039	4504	4494
lcc	2	424a313437302e35202e5033392032303130	4504	4494
lcc	2	424a313437302e35202e5633362032303132	4504	4494
lcc	2	424a313437302e352e433436352032303230	4504	4494
lcc	2	424a313437302e352e4634372032303131	4504	4494
lcc	2	424a313437302e352e4834372032303038	4504	4494
lcc	2	424a313437302e352e5033382032303232	4504	4494
lcc	2	424a313437302e352e5438372032303133	4504	4494
lcc	2	424a313437302e4337352031393939	4504	4494
lcc	2	424a313437302e4b34352032303137	4504	4494
lcc	2	424a313437302e5733332032303138	4504	4494
lcc	2	424a313437312e35202e4134382031393933	4504	4494
lcc	2	424a313437312e35202e4236362032303033	4504	4494
lcc	2	424a313437312e35202e4737332032303034	4504	4494
lcc	2	424a313437312e35202e4a34342031393935	4504	4494
lcc	2	424a313437312e35202e4a36342031393936	4504	4494
lcc	2	424a313437312e35202e4f3333	4504	4494
lcc	2	424a313437312e35202e4f36362031393937	4504	4494
lcc	2	424a313437312e35202e4f36362032303031	4504	4494
lcc	2	424a313437312e35202e5233382032303036	4504	4494
lcc	2	424a313437312e35202e5435393133	4504	4494
lcc	2	424a313437312e35202e5735332031393935	4504	4494
lcc	2	424a313437312e35202e5735342032303034	4504	4494
lcc	2	424a31343732202e4138332032303034	4504	4494
lcc	2	424a31343732202e4338372031393939	4504	4494
lcc	2	424a31343732202e4838342032303035	4504	4494
lcc	2	424a31343732202e4b33372032303132	4504	4494
lcc	2	424a313437322e4138332032303034	4504	4494
lcc	2	424a313437322e4538342032303032	4504	4494
lcc	2	424a31343733202e4338352031393935	4504	4494
lcc	2	424a31343734202e4133342031393936	4504	4494
lcc	2	424a31343734202e41343732352032303038	4504	4494
lcc	2	424a31343734202e433335	4504	4494
lcc	2	424a31343734202e4334372031393936	4504	4494
lcc	2	424a31343734202e4337	4504	4494
lcc	2	424a31343734202e4737332032303031	4504	4494
lcc	2	424a31343734202e47373320323030316562	4504	4494
lcc	2	424a31343734202e4b34352032303036	4504	4494
lcc	2	424a31343734202e4b36372031393934	4504	4494
lcc	2	424a31343734202e4d37342031393936	4504	4494
lcc	2	424a31343734202e4e38332031393933	4504	4494
lcc	2	424a31343734202e4f3339352032303033	4504	4494
lcc	2	424a31343734202e50332031393730	4504	4494
lcc	2	424a31343734202e5134342032303035	4504	4494
lcc	2	424a31343734202e533333352032303034	4504	4494
lcc	2	424a31343734202e533337352032303037	4504	4494
lcc	2	424a31343734202e533339362031393939	4504	4494
lcc	2	424a31343734202e5334332031393939	4504	4494
lcc	2	424a31343734202e5438342031393937	4504	4494
lcc	2	424a313437342e352e4539372032303137	4504	4494
lcc	2	424a313437342e352e5332362032303033	4504	4494
lcc	2	424a313437342e4238372032303038	4504	4494
lcc	2	424a313437342e4538342032303034	4504	4494
lcc	2	424a313437342e4b34352032303036	4504	4494
lcc	2	424a313437342e4d37342031393936	4504	4494
lcc	2	424a313437342e5333353631332032303135	4504	4494
lcc	2	424a31343735202e4137372032303131	4504	4494
lcc	2	424a31343735202e4137382031393936	4504	4494
lcc	2	424a31343735202e4333372032303230	4504	4494
lcc	2	424a31343735202e4334352032303037	4504	4494
lcc	2	424a31343735202e4336342032303037	4504	4494
lcc	2	424a31343735202e4438382031393937	4504	4494
lcc	2	424a31343735202e4734352032303130	4504	4494
lcc	2	424a31343735202e4833362031393835	4504	4494
lcc	2	424a31343735202e4834352032303036	4504	4494
lcc	2	424a31343735202e4b3537372031393935	4504	4494
lcc	2	424a31343735202e4b35382031393937	4504	4494
lcc	2	424a31343735202e4d33392032303130	4504	4494
lcc	2	424a31343735202e4d342032303039	4504	4494
lcc	2	424a31343735202e4d3432362032303137	4504	4494
lcc	2	424a31343735202e4d343331382032303037	4504	4494
lcc	2	424a31343735202e4f32362032303039	4504	4494
lcc	2	424a31343735202e5234352032303038	4504	4494
lcc	2	424a31343735202e5234382032303038	4504	4494
lcc	2	424a31343735202e5235332031393936	4504	4494
lcc	2	424a31343735202e5235342032303039	4504	4494
lcc	2	424a31343735202e5335362031393838	4504	4494
lcc	2	424a31343735202e5335382032303031	4504	4494
lcc	2	424a31343735202e5335392032303037	4504	4494
lcc	2	424a31343735202e5336322032303036	4504	4494
lcc	2	424a31343735202e5336332032303034	4504	4494
lcc	2	424a31343735202e5338342032303031	4504	4494
lcc	2	424a31343735202e5438342032303031	4504	4494
lcc	2	424a313437352e33202e43373431332032303131	4504	4494
lcc	2	424a313437352e33202e4833352031393938	4504	4494
lcc	2	424a313437352e33202e4b35382031393935	4504	4494
lcc	2	424a313437352e33202e5636352032303037	4504	4494
lcc	2	424a313437352e332e4233372032303232	4504	4494
lcc	2	424a313437352e332e423638332032303235	4504	4494
lcc	2	424a313437352e332e4334352032303136	4504	4494
lcc	2	424a313437352e332e48362032303234	4504	4494
lcc	2	424a313437352e332e4838352032303136	4504	4494
lcc	2	424a313437352e332e483836352032303135	4504	4494
lcc	2	424a313437352e332e523633332032303137	4504	4494
lcc	2	424a313437352e332e5733382032303135	4504	4494
lcc	2	424a313437352e35202e4436332031393833	4504	4494
lcc	2	424a313437352e35204436332031393939	4504	4494
lcc	2	424a313437352e4236332032303136	4504	4494
lcc	2	424a313437352e433337352032303231	4504	4494
lcc	2	424a313437352e4335332031393937	4504	4494
lcc	2	424a313437352e4335372031393936	4504	4494
lcc	2	424a313437352e4538372032303138	4504	4494
lcc	2	424a313437352e4738342032303235	4504	4494
lcc	2	424a313437352e483337342032303234	4504	4494
lcc	2	424a313437352e4c36342032303230	4504	4494
lcc	2	424a313437352e4d3432362032303136	4504	4494
lcc	2	424a313437352e4d34332032303037	4504	4494
lcc	2	424a313437352e4f34352032303037	4504	4494
lcc	2	424a313437352e5034342032303230	4504	4494
lcc	2	424a313437352e5038352032303137	4504	4494
lcc	2	424a313437352e5337342032303231	4504	4494
lcc	2	424a313437352e5339362032303135	4504	4494
lcc	2	424a31343737202e533338	4504	4494
lcc	2	424a31343830	4504	4494
lcc	2	424a313438302e54343831332031393833	4504	4494
lcc	2	424a31343831202e413233352032303133	4504	4494
lcc	2	424a31343831202e4135322031393935	4504	4494
lcc	2	424a31343831202e4136382031393936	4504	4494
lcc	2	424a31343831202e423234352031393936	4504	4494
lcc	2	424a31343831202e42323435322031393936	4504	4494
lcc	2	424a31343831202e4234352031393931	4504	4494
lcc	2	424a31343831202e4236362031393938	4504	4494
lcc	2	424a31343831202e4333352032303030	4504	4494
lcc	2	424a31343831202e433338322031393937	4504	4494
lcc	2	424a31343831202e433439	4504	4494
lcc	2	424a31343831202e4338322032303039	4504	4494
lcc	2	424a31343831202e463633	4504	4494
lcc	2	424a31343831202e4735372032303134	4504	4494
lcc	2	424a31343831202e473634352031393935	4504	4494
lcc	2	424a31343831202e4736352031393935	4504	4494
lcc	2	424a31343831202e4836382032303035	4504	4494
lcc	2	424a31343831202e49352031393935	4504	4494
lcc	2	424a31343831202e4b33362031393935	4504	4494
lcc	2	424a31343831202e4b34352032303038	4504	4494
lcc	2	424a31343831202e4b38372032303036	4504	4494
lcc	2	424a31343831202e4c3237352032303130	4504	4494
lcc	2	424a31343831202e4c35362031393936	4504	4494
lcc	2	424a31343831202e4d3133	4504	4494
lcc	2	424a31343831202e4d32332031393939	4504	4494
lcc	2	424a31343831202e4d32392031393937	4504	4494
lcc	2	424a31343831202e4d333138382032303131	4504	4494
lcc	2	424a31343831202e4d3332352031393936	4504	4494
lcc	2	424a31343831202e4d3335362031393837	4504	4494
lcc	2	424a31343831202e4d33372031393934	4504	4494
lcc	2	424a31343831202e4d34362032303036	4504	4494
lcc	2	424a31343831202e5033382032303136	4504	4494
lcc	2	424a31343831202e5234392031393936	4504	4494
lcc	2	424a31343831202e5237352031393731	4504	4494
lcc	2	424a31343831202e533238342031393936	4504	4494
lcc	2	424a31343831202e533538352031393935	4504	4494
lcc	2	424a31343831202e533539332032303130	4504	4494
lcc	2	424a31343831202e5338372031393936	4504	4494
lcc	2	424a31343831202e543338352032303038	4504	4494
lcc	2	424a31343831202e5438332031393836	4504	4494
lcc	2	424a31343831202e5634342031393834	4504	4494
lcc	2	424a31343831202e563434332031393834	4504	4494
lcc	2	424a31343831202e5636352031393938	4504	4494
lcc	2	424a31343831204838332031393936	4504	4494
lcc	2	424a313438312e4234362032303033	4504	4494
lcc	2	424a313438312e4236382032303135	4504	4494
lcc	2	424a313438312e4238372031393937	4504	4494
lcc	2	424a313438312e4b34352032303038	4504	4494
lcc	2	424a313438312e5033382032303136	4504	4494
lcc	2	424a313438312e5736352032303036	4504	4494
lcc	2	424a31343832202e4233382031393839	4504	4494
lcc	2	424a31343832202e4237332031393934	4504	4494
lcc	2	424a31343832202e423735	4504	4494
lcc	2	424a31343832202e4636372031393933	4504	4494
lcc	2	424a31343832202e4c32362031393935	4504	4494
lcc	2	424a31343832202e4c3238	4504	4494
lcc	2	424a31343832202e4d34372031393935	4504	4494
lcc	2	424a31343832202e4d34382032303039	4504	4494
lcc	2	424a31343832202e4d3439382032303034	4504	4494
lcc	2	424a31343832202e4d352031393837	4504	4494
lcc	2	424a31343832202e4d35322032303030	4504	4494
lcc	2	424a31343832202e4d35382031393934	4504	4494
lcc	2	424a31343832202e533537	4504	4494
lcc	2	424a31343832204d35	4504	4494
lcc	2	424a313438322e42373831332032303130	4504	4494
lcc	2	424a31343833	4504	4494
lcc	2	424a31343833202e4636372031393933	4504	4494
lcc	2	424a31343833202e4b3733	4504	4494
lcc	2	424a31343833202e4d3535	4504	4494
lcc	2	424a31343833202e4d36343133	4504	4494
lcc	2	424a31343833202e4d3635	4504	4494
lcc	2	424a31343833202e5035342032303031	4504	4494
lcc	2	424a31343833202e5332382032303038	4504	4494
lcc	2	424a31343833202e5532342031393932	4504	4494
lcc	2	424a31343833202e5a34342032303039	4504	4494
lcc	2	424a31343833202e5a35372031393933	4504	4494
lcc	2	424a31343834202e4235362032303035	4504	4494
lcc	2	424a31343834202e4e33382031393934	4504	4494
lcc	2	424a31343834202e5436372031393936	4504	4494
lcc	2	424a31343835202e4132332031393931	4504	4494
lcc	2	424a31343835202e4132382031393934	4504	4494
lcc	2	424a31343835202e4235382031393937	4504	4494
lcc	2	424a31343835202e4c35362031393933	4504	4494
lcc	2	424a31343835202e5037352031393939	4504	4494
lcc	2	424a31343836202e5a38342031393935	4504	4494
lcc	2	424a31343836202e5a38352031393935	4504	4494
lcc	2	424a313438362e352e4336204c35322031393939	4504	4494
lcc	2	424a313438362e352e4437205636372031393936	4504	4494
lcc	2	424a313438362e4433205336372031393932	4504	4494
lcc	2	424a313438362e4a33204f33342031393838203c4f7269656e204b6f7265613e	4504	4494
lcc	2	424a313438362e5035372054333133	4504	4494
lcc	2	424a31343836503537204735362031393832	4504	4494
lcc	2	424a31343837202e4337362031393836	4504	4494
lcc	2	424a31343837202e4737332031393837	4504	4494
lcc	2	424a31343837202e4e33382031393836	4504	4494
lcc	2	424a31343837202e4e3338362031393936	4504	4494
lcc	2	424a31343837202e533537	4504	4494
lcc	2	424a31343837202e5339	4504	4494
lcc	2	424a31343837202e5733352031393938	4504	4494
lcc	2	424a31343838	4504	4494
lcc	2	424a31343838202e4434332032303032	4504	4494
lcc	2	424a31343838202e4539	4504	4494
lcc	2	424a31343838202e45392031393834	4504	4494
lcc	2	424a31343930	4504	4494
lcc	2	424a31343931202e4233352031393737	4504	4494
lcc	2	424a31343931202e453336	4504	4494
lcc	2	424a31343931202e4c36382031393934	4504	4494
lcc	2	424a31343931202e4f3534332032303037	4504	4494
lcc	2	424a31343931202e5033372031393839	4504	4494
lcc	2	424a31343931202e5036372031393936	4504	4494
lcc	2	424a31343933202e413733782031393835	4504	4494
lcc	2	424a31343936202e4135332031393937	4504	4494
lcc	2	424a31343936202e4139352031393935	4504	4494
lcc	2	424a31343936202e4233332031393933	4504	4494
lcc	2	424a31343936202e4238372031393935	4504	4494
lcc	2	424a31343936202e433636	4504	4494
lcc	2	424a31343936202e433637	4504	4494
lcc	2	424a31343936202e4433382031393939	4504	4494
lcc	2	424a31343936202e4434342031393938	4504	4494
lcc	2	424a31343936202e453335362031393831	4504	4494
lcc	2	424a31343936202e4635	4504	4494
lcc	2	424a31343936202e4636372031393831	4504	4494
lcc	2	424a31343936202e4733342032303131	4504	4494
lcc	2	424a31343936202e4737342031393934	4504	4494
lcc	2	424a31343936202e4737352032303034	4504	4494
lcc	2	424a31343936202e4834342031393934	4504	4494
lcc	2	424a31343936202e4834352031393936	4504	4494
lcc	2	424a31343936202e4b35362032303137	4504	4494
lcc	2	424a31343936202e4c34372032303039	4504	4494
lcc	2	424a31343936202e4c34382031393936	4504	4494
lcc	2	424a31343936202e4c38342031393937	4504	4494
lcc	2	424a31343936202e4d34372031393936	4504	4494
lcc	2	424a31343936202e4f37342031393934	4504	4494
lcc	2	424a31343936202e5035382031393935	4504	4494
lcc	2	424a31343936202e5236332031393931	4504	4494
lcc	2	424a31343936202e5333342032303031	4504	4494
lcc	2	424a31343936202e5337332031393936	4504	4494
lcc	2	424a31343936202e5433392031393936	4504	4494
lcc	2	424a31343936202e5733372032303037	4504	4494
lcc	2	424a31343936204236342032303035	4504	4494
lcc	2	424a313439362e5433392031393936	4504	4494
lcc	2	424a313439362e5935392032303234	4504	4494
lcc	2	424a31343938202e4234332031393836	4504	4494
lcc	2	424a31343938202e4333352031393937	4504	4494
lcc	2	424a31343938202e433636	4504	4494
lcc	2	424a31343938202e443332342032303133	4504	4494
lcc	2	424a31343938202e4736382032303037	4504	4494
lcc	2	424a31343938202e4835392031393834	4504	4494
lcc	2	424a31343938202e4838332031393932	4504	4494
lcc	2	424a31343938202e4838332031393939	4504	4494
lcc	2	424a31343938202e4b3639	4504	4494
lcc	2	424a31343938202e4b3735	4504	4494
lcc	2	424a31343938202e4c3332	4504	4494
lcc	2	424a31343938202e4c3432352031393934	4504	4494
lcc	2	424a31343938202e4c38362031393838	4504	4494
lcc	2	424a31343938202e4d3837	4504	4494
lcc	2	424a31343938202e503531332032303039	4504	4494
lcc	2	424a31343938202e533332352031393935	4504	4494
lcc	2	424a31343938202e533334	4504	4494
lcc	2	424a31343938202e573931332031393938	4504	4494
lcc	2	424a31343938202e593832352032303035	4504	4494
lcc	2	424a313439382e443332342032303133	4504	4494
lcc	2	424a313439382e483338352032303230	4504	4494
lcc	2	424a313439382e4c3837392032303231	4504	4494
lcc	2	424a313439382e4f33342032303231	4504	4494
lcc	2	424a313439382e503439352032303031	4504	4494
lcc	2	424a313439382e533932352032303136	4504	4494
lcc	2	424a313439382e5734382032303031	4504	4494
lcc	2	424a313439382e5736342032303030	4504	4494
lcc	2	424a313439392e5234204233362032303039	4504	4494
lcc	2	424a313439392e533520413533	4504	4494
lcc	2	424a313439392e5335204333372031393938	4504	4494
lcc	2	424a313439392e5335204c342031393937	4504	4494
lcc	2	424a313439392e5335205034372032303035	4504	4494
lcc	2	424a313439392e5335205335352032303035	4504	4494
lcc	2	424a313439392e5335205336332031393836	4504	4494
lcc	2	424a313439392e533543353831332032303138	4504	4494
lcc	2	424a313439392e5336204436342031393835	4504	4494
lcc	2	424a313439392e533620443836	4504	4494
lcc	2	424a313439392e533620473735352032303033	4504	4494
lcc	2	424a313439392e5336204833362031393931	4504	4494
lcc	2	424a313439392e5336204b35392031393934	4504	4494
lcc	2	424a313439392e5336205332382032303032	4504	4494
lcc	2	424a313439392e5336205335382031393836	4504	4494
lcc	2	424a313439392e533635204233372032303034	4504	4494
lcc	2	424a313439392e533635204633372031393936	4504	4494
lcc	2	424a313439392e533635204736372032303039	4504	4494
lcc	2	424a313439392e533635204b38352032303038	4504	4494
lcc	2	424a313439392e533635204d38372031393938	4504	4494
lcc	2	424a313439392e5336355734352032303234	4504	4494
lcc	2	424a313530302e423437204234362032303031	4504	4494
lcc	2	424a313530302e423437204a33382032303037	4504	4494
lcc	2	424a313530302e423437204b35382032303035	4504	4494
lcc	2	424a313530302e423437205333352032303131	4504	4494
lcc	2	424a313530302e4234375333352032303131	4504	4494
lcc	2	424a313530302e433633204437352032303131	4504	4494
lcc	2	424a313530302e4336334135332032303231	4504	4494
lcc	2	424a313530302e433635204336362032303033	4504	4494
lcc	2	424a313530302e433635204833362032303037	4504	4494
lcc	2	424a313530302e4336354336362032303032	4504	4494
lcc	2	424a313530302e4336354d3335352032303137	4504	4494
lcc	2	424a313530302e44363844352032303134	4504	4494
lcc	2	424a313530302e4d3432204836342031393934	4504	4494
lcc	2	424a313530302e4d34374b34342032303232	4504	4494
lcc	2	424a313530302e4d34374b35362032303231	4504	4494
lcc	2	424a313530302e4d3637205233332032303039	4504	4494
lcc	2	424a313530302e4d3637205335332032303033	4504	4494
lcc	2	424a313530302e4d3637205435342032303038	4504	4494
lcc	2	424a313530302e4d36374734372032303233	4504	4494
lcc	2	424a313530302e4d36374b37332032303039	4504	4494
lcc	2	424a313530302e4d36375236332032303032	4504	4494
lcc	2	424a313530302e4e38204336352032303038	4504	4494
lcc	2	424a313530302e4e3820443533332032303230	4504	4494
lcc	2	424a313530302e4e38204a383531332032303037	4504	4494
lcc	2	424a313530302e4e38204c33352032303035	4504	4494
lcc	2	424a313530302e4e38204c35362032303035	4504	4494
lcc	2	424a313530302e4e38443533332032303230	4504	4494
lcc	2	424a313530302e4e384f352032303232	4504	4494
lcc	2	424a313530302e503720413834	4504	4494
lcc	2	424a313530302e5037204336352031393934	4504	4494
lcc	2	424a313530302e5037204737362031393935	4504	4494
lcc	2	424a313530302e5037204c33342031393935	4504	4494
lcc	2	424a313530302e5037204e33332032303033	4504	4494
lcc	2	424a313530302e50375333352032303038	4504	4494
lcc	2	424a313530302e523337204733352032303038	4504	4494
lcc	2	424a313530302e523337204c38352032303038	4504	4494
lcc	2	424a313530302e5233375535352032303036	4504	4494
lcc	2	424a313530302e5437335437332032303138	4504	4494
lcc	2	424a313530302e543738204238342032303039	4504	4494
lcc	2	424a313530302e543738204336352031393938	4504	4494
lcc	2	424a313530302e543738204833372032303032	4504	4494
lcc	2	424a313530302e543738204938372032303039	4504	4494
lcc	2	424a313530302e543738204b34362032303039	4504	4494
lcc	2	424a313530302e543738204c33342031393938	4504	4494
lcc	2	424a313530302e543738205033392032303039	4504	4494
lcc	2	424a313530302e543738205034382031393936	4504	4494
lcc	2	424a313530302e5437382053363331382032303131	4504	4494
lcc	2	424a313530302e5437384c3333372032303135	4504	4494
lcc	2	424a313530302e5437385036382032303032	4504	4494
lcc	2	424a313530302e543738543737382032303231	4504	4494
lcc	2	5033372d33372e3542463435352d343633424631	3784|5381|12878	3784|5381
lcc	2	5033372d33372e3542463435352d343633424632	3784|5381|12878	3784|5381
lcc	2	5033372d33372e3542463435352d343633503130	3784|12878	3784
lcc	2	5033372d33372e3542463435352d343633524333	2707|3784|12878	2707|3784
lcc	2	52542731323027453427413833	2768	2747
lcc	2	525427313230274c3634274234382731393931	2768	2747
lcc	2	5254273839274333352731393838	2768	2757
lcc	2	5254273839275434352731393930	2768	2757
lcc	2	5254273930274c333537	2768	2747
lcc	2	52542739382743333531342732303031	2768	2755
lcc	2	52542739382747343738	2768	2755
lcc	2	5254273938275434382731393936	2768	2755
lcc	2	5254313038202e4133342032303039	2768	2747
lcc	2	5254313038202e4234332032303130	2768	2747
lcc	2	52543130382e4435362032303037	2768	2747
lcc	2	5254313136202e4e38372032303131	2768	2747
lcc	2	52543132302e412d5a	2768	2747
lcc	2	52543132302e4333204c35372031393934	2768	2747
lcc	2	52543132302e433435204733342032303030	2768	2747
lcc	2	52543132302e433435204d33362032303036	2768	2747
lcc	2	52543132302e433435205135352031393936	2768	2747
lcc	2	52543132302e433435433533372032303034	2768	2747
lcc	2	52543132302e4334354d35362032303035	2768	2747
lcc	2	52543132302e433435533635372032303130	2768	2747
lcc	2	52543132302e4534204235332032303031	2768	2747
lcc	2	52543132302e4534204237	2768	2747
lcc	2	52543132302e4534204238342032303039	2768	2747
lcc	2	52543132302e453420443432	2768	2747
lcc	2	52543132302e4534204434332031393837	2768	2747
lcc	2	52543132302e453420453438	2768	2747
lcc	2	52543132302e4534204833372032303036	2768	2747
lcc	2	52543132302e4534204836352031393932	2768	2747
lcc	2	52543132302e4534204836352031393936	2768	2747
lcc	2	52543132302e4534204c33352031393937	2768	2747
lcc	2	52543132302e4534204c36382031393837	2768	2747
lcc	2	52543132302e4534204d3334352032303039	2768	2747
lcc	2	52543132302e4534204d36362031393837	2768	2747
lcc	2	52543132302e4534204d36372031393930	2768	2747
lcc	2	52543132302e4534204d36392031393936	2768	2747
lcc	2	52543132302e4534204e33392032303039	2768	2747
lcc	2	52543132302e4534205233372032303036	2768	2747
lcc	2	52543132302e4534205332332031393932	2768	2747
lcc	2	52543132302e4534205334352031393934	2768	2747
lcc	2	52543132302e453420533435332031393935	2768	2747
lcc	2	52543132302e4534205336372031393937	2768	2747
lcc	2	52543132302e4534205434362032303039	2768	2747
lcc	2	52543132302e4534205434382031393832	2768	2747
lcc	2	52543132302e4534205435362031393938	2768	2747
lcc	2	52543132302e4534205633352032303039	2768	2747
lcc	2	52543132302e453420573533362031393937	2768	2747
lcc	2	52543132302e4534205735342031393933	2768	2747
lcc	2	52543132302e45344a34392032303038	2768	2747
lcc	2	52543132302e45344e33392032303039	2768	2747
lcc	2	52543132302e463334204436332032303035	2768	2747
lcc	2	52543132302e463334204633352031393936	2768	2747
lcc	2	52543132302e463334204634362032303030	2768	2747
lcc	2	52543132302e463334204e3837342031393936	2768	2747
lcc	2	52543132302e463334204e3838392031393933	2768	2747
lcc	2	52543132302e463334205737352032303039	2768	2747
lcc	2	52543132302e463334205a34372031393939	2768	2747
lcc	2	52543132302e4633344539362031393937	2768	2747
lcc	2	52543132302e4633344637362031393935	2768	2747
lcc	2	52543132302e483635	2768	2755
lcc	2	52543132302e483635204134342032303038	2768	2755
lcc	2	52543132302e483635204138352031393938	2768	2755
lcc	2	52543132302e483635204737342031393938	2768	2755
lcc	2	52543132302e483635204833362031393939	2768	2755
lcc	2	52543132302e483635204834382031393933	2768	2755
lcc	2	52543132302e48363520483635362031393937	2768	2755
lcc	2	52543132302e483635204a33332031393838	2768	2755
lcc	2	52543132302e483635204a33342032303033	2768	2755
lcc	2	52543132302e483635204a36342031393938	2768	2755
lcc	2	52543132302e483635204b35362031393937	2768	2755
lcc	2	52543132302e483635204c34332031393936	2768	2755
lcc	2	52543132302e483635204c35382031393937	2768	2755
lcc	2	52543132302e483635204c36382031393937	2768	2755
lcc	2	52543132302e483635204d35342031393934	2768	2755
lcc	2	52543132302e483635204e34352031393938	2768	2755
lcc	2	52543132302e483635205235332031393935	2768	2755
lcc	2	52543132302e48363520523533352032303036	2768	2755
lcc	2	52543132302e483635205235352031393936	2768	2755
lcc	2	52543132302e483635205338382031393838	2768	2755
lcc	2	52543132302e4836354238342032303031	2768	2755
lcc	2	52543132302e4935202e433831352032303039	2768	2747
lcc	2	52543132302e49352041313733352032303037	2768	2747
lcc	2	52543132302e4935204131382031393938	2768	2747
lcc	2	52543132302e4935204133352031393937	2768	2747
lcc	2	52543132302e4935204133392031393933	2768	2747
lcc	2	52543132302e4935204133392031393938	2768	2747
lcc	2	52543132302e4935204133392032303037	2768	2747
lcc	2	52543132302e4935204134322031393832	2768	2747
lcc	2	52543132302e4935204134332031393830	2768	2747
lcc	2	52543132302e4935204134332031393831	2768	2747
lcc	2	52543132302e4935204134332031393934	2768	2747
lcc	2	52543132302e4935204233332032303130	2768	2747
lcc	2	52543132302e4935204233372031393938	2768	2747
lcc	2	52543132302e4935204234362031393939	2768	2747
lcc	2	52543132302e4935204237342032303039	2768	2747
lcc	2	52543132302e4935204237352032303039	2768	2747
lcc	2	52543132302e4935204237362032303130	2768	2747
lcc	2	52543132302e49352042382031393939	2768	2747
lcc	2	52543132302e493520433537362032303035	2768	2747
lcc	2	52543132302e493520433734332031393936	2768	2747
lcc	2	52543132302e49352043373433322031393937	2768	2747
lcc	2	52543132302e49352043373433342032303037	2768	2747
lcc	2	52543132302e4935204337352032303036	2768	2747
lcc	2	52543132302e493520433738332031393936	2768	2747
lcc	2	52543132302e4935204434362031393936	2768	2747
lcc	2	52543132302e4935204533362031393935	2768	2747
lcc	2	52543132302e4935204538342031393837	2768	2747
lcc	2	52543132302e4935204633342031393938	2768	2747
lcc	2	52543132302e4935204834332031393936	2768	2747
lcc	2	52543132302e4935204835352032303039	2768	2747
lcc	2	52543132302e493520483634	2768	2747
lcc	2	52543132302e4935204935382032303031	2768	2747
lcc	2	52543132302e4935204a34382032303037	2768	2747
lcc	2	52543132302e4935204c36332031393939	2768	2747
lcc	2	52543132302e4935204d333634342031393935	2768	2747
lcc	2	52543132302e4935204d3436382031393939	2768	2747
lcc	2	52543132302e4935204d34372031393936	2768	2747
lcc	2	52543132302e493520523631332031393936	2768	2747
lcc	2	52543132302e4935205236322031393837	2768	2747
lcc	2	52543132302e4935205236332031393835	2768	2747
lcc	2	52543132302e4935205a33352031393935	2768	2747
lcc	2	52543132302e4935433734342032303038	2768	2747
lcc	2	52543132302e4935433734342032303138	2768	2747
lcc	2	52543132302e49354337352032303036	2768	2747
lcc	2	52543132302e4935433736332032303131	2768	2747
lcc	2	52543132302e49354d3436382031393939	2768	2747
lcc	2	52543132302e49355033332032303230	2768	2747
lcc	2	52543132302e49355736362032303030	2768	2747
lcc	2	52543132302e49355736362032303036	2768	2747
lcc	2	52543132302e4c36342042342031393938	2768	2747
lcc	2	52543132302e4c3634204234372032303038	2768	2747
lcc	2	52543132302e4c3634204534342031393833	2768	2747
lcc	2	52543132302e4c3634204539342031393936	2768	2747
lcc	2	52543132302e4c3634204637332031393935	2768	2747
lcc	2	52543132302e4c3634204737382031393935	2768	2747
lcc	2	52543132302e4c3634204933382031393938	2768	2747
lcc	2	52543132302e4c3634204b36332031393931	2768	2747
lcc	2	52543132302e4c3634204b37342031393935	2768	2747
lcc	2	52543132302e4c3634204d33382031393838	2768	2747
lcc	2	52543132302e4c3634204d35352031393938	2768	2747
lcc	2	52543132302e4c3634204e33392031393935	2768	2747
lcc	2	52543132302e4c3634204e34342031393931	2768	2747
lcc	2	52543132302e4c3634205233362031393933	2768	2747
lcc	2	52543132302e4c3634205233372031393938	2768	2747
lcc	2	52543132302e4c3634205433332031393938	2768	2747
lcc	2	52543132302e4c36344b35362032303232	2768	2747
lcc	2	52543132302e4f39	2768	2747
lcc	2	52543132302e4f39204334382031393934	2768	2747
lcc	2	52543132302e4f395236372031393936	2768	2747
lcc	2	52543132302e503337433337342032303032	2768	2747
lcc	2	52543132302e5033374335362032303030	2768	2747
lcc	2	52543132302e503337503336352032303032	2768	2747
lcc	2	52543132302e5234204132352032303030	2768	2747
lcc	2	52543132302e523420413533206e6f2e20373037	2768	2747
lcc	2	52543132302e5234205333342031393939	2768	2747
lcc	2	52543132302e523837204d33342032303038	2768	2755
lcc	2	52543132302e5238374238372032303030	2768	2755
lcc	2	52543132302e5238374336362032303036	2768	2755
lcc	2	52543132302e543733	2768	2747
lcc	2	52543132302e5437334c33362032303130	2768	2747
lcc	2	52543132304534204237	2768	2747
lcc	2	52543132304534205733342031393835	2768	2747
lcc	2	52543839202e4135332032303036	2768	2757
lcc	2	52543839202e423238332031393832	2768	2757
lcc	2	52543839202e423238352031393839	2768	2757
lcc	2	52543839202e423238372031393735	2768	2757
lcc	2	52543839202e423238372031393835	2768	2757
lcc	2	52543839202e423532	2768	2757
lcc	2	52543839202e4333342031393937	2768	2757
lcc	2	52543839202e4333352031393833	2768	2757
lcc	2	52543839202e433535	2768	2757
lcc	2	52543839202e4335362032303039	2768	2757
lcc	2	52543839202e4335392031393938	2768	2757
lcc	2	52543839202e4336372031393930	2768	2757
lcc	2	52543839202e433837	2768	2757
lcc	2	52543839202e4436382031393737	2768	2757
lcc	2	52543839202e4537372031393930	2768	2757
lcc	2	52543839202e4539362031393937	2768	2757
lcc	2	52543839202e463532372032303036	2768	2757
lcc	2	52543839202e463533362031393936	2768	2757
lcc	2	52543839202e4635342031393935	2768	2757
lcc	2	52543839202e4635352031393938	2768	2757
lcc	2	52543839202e4637382032303130	2768	2757
lcc	2	52543839202e473732372031393939	2768	2757
lcc	2	52543839202e4833372031393934	2768	2757
lcc	2	52543839202e483337332031393937	2768	2757
lcc	2	52543839202e4834382031393839	2768	2757
lcc	2	52543839202e483634	2768	2757
lcc	2	52543839202e4838332031393936	2768	2757
lcc	2	52543839202e4b3535392031393937	2768	2757
lcc	2	52543839202e4b35362031393836	2768	2757
lcc	2	52543839202e4b35372031393831	2768	2757
lcc	2	52543839202e4c32362031393930	2768	2757
lcc	2	52543839202e4c34332032303134	2768	2757
lcc	2	52543839202e4d32392032303131	2768	2757
lcc	2	52543839202e4d3338372031393936	2768	2757
lcc	2	52543839202e4d3338372032303036	2768	2757
lcc	2	52543839202e4d3338372032303131	2768	2757
lcc	2	52543839202e4d3338372032303132	2768	2757
lcc	2	52543839202e4d3338382031393837	2768	2757
lcc	2	52543839202e4d3339322032303131	2768	2757
lcc	2	52543839202e4d34332031393834	2768	2757
lcc	2	52543839202e4d3433362031393939	2768	2757
lcc	2	52543839202e4d35352032303036	2768	2757
lcc	2	52543839202e4d36332031393933	2768	2757
lcc	2	52543839202e4d3633352032303035	2768	2757
lcc	2	52543839202e4e33382031393831	2768	2757
lcc	2	52543839202e4e3633352032303030	2768	2757
lcc	2	52543839202e4e36372031393736	2768	2757
lcc	2	52543839202e4e39332031393938	2768	2757
lcc	2	52543839202e4f32372032303130	2768	2757
lcc	2	52543839202e503634362032303034	2768	2757
lcc	2	52543839202e5038372032303037	2768	2757
lcc	2	52543839202e5332372032303130	2768	2757
lcc	2	52543839202e5335332031393834	2768	2757
lcc	2	52543839202e5335392031393937	2768	2757
lcc	2	52543839202e533634	2768	2757
lcc	2	52543839202e5338352032303035	2768	2757
lcc	2	52543839202e533835332031393935	2768	2757
lcc	2	52543839202e533838352031393933	2768	2757
lcc	2	52543839202e533838352031393939	2768	2757
lcc	2	52543839202e533838352032303032	2768	2757
lcc	2	52543839202e533838352032303133	2768	2757
lcc	2	52543839202e5338392031393930	2768	2757
lcc	2	52543839202e5339	2768	2757
lcc	2	52543839202e543335372031393938	2768	2757
lcc	2	52543839202e543335372032303130	2768	2757
lcc	2	52543839202e5435342031393938	2768	2757
lcc	2	52543839202e5437322031393937	2768	2757
lcc	2	52543839202e5734352032303135	2768	2757
lcc	2	525438392e20413433352031393939	2768	2757
lcc	2	525438392e33202e4131352032303130	2768	2757
lcc	2	525438392e33202e4834372032303130	2768	2757
lcc	2	525438392e33202e4834392032303034	2768	2757
lcc	2	525438392e33202e4b34352032303035	2768	2757
lcc	2	525438392e33202e4d34362032303130	2768	2757
lcc	2	525438392e33202e4d36382031393936	2768	2757
lcc	2	525438392e33202e5033362032303039	2768	2757
lcc	2	525438392e332e4633332032303035	2768	2757
lcc	2	525438392e4232332032303135	2768	2757
lcc	2	525438392e4335362032303033	2768	2757
lcc	2	525438392e4335362032303039	2768	2757
lcc	2	525438392e4533342032303035	2768	2757
lcc	2	525438392e4633342032303030	2768	2757
lcc	2	525438392e4c332032303035	2768	2757
lcc	2	525438392e4d32392032303131	2768	2757
lcc	2	525438392e4d3633352032303035	2768	2757
lcc	2	525438392e4e3734382032303038	2768	2757
lcc	2	525438392e4e373934332032303038	2768	2757
lcc	2	525438392e4e38332032303033	2768	2757
lcc	2	525438392e5233362032303036	2768	2757
lcc	2	525438392e5332372032303130	2768	2757
lcc	2	525438392e5734382032303137	2768	2757
lcc	2	52543930202e4538352032303036	2768	2747
lcc	2	52543930202e4833372031393936	2768	2747
lcc	2	52543930202e4c36362031393939	2768	2747
lcc	2	52543930202e4d36372031393936	2768	2747
lcc	2	52543930202e50333734332031393837	2768	2747
lcc	2	52543930202e503337352031393930	2768	2747
lcc	2	52543930202e503337362031393837	2768	2747
lcc	2	52543930202e5233342031393937	2768	2747
lcc	2	52543930202e5233352031393930	2768	2747
lcc	2	52543930202e5234	2768	2747
lcc	2	52543930202e5735352031393931	2768	2747
lcc	2	525439302e33202e4334382031393836	2768	2747
lcc	2	525439302e33202e4334382031393936	2768	2747
lcc	2	525439302e33202e483433352032303134	2768	2747
lcc	2	525439302e33202e4c35362031393936	2768	2747
lcc	2	525439302e33202e4e38372031393837	2768	2747
lcc	2	525439302e33202e5035362032303039	2768	2747
lcc	2	525439302e332e5035362032303039	2768	2747
lcc	2	525439302e35202e4436342031393734	2768	2747
lcc	2	525439302e35202e443635	2768	2747
lcc	2	525439302e35202e443636	2768	2747
lcc	2	525439302e37202e4336372031393939	2768	2747
lcc	2	525439302e37202e4833392031393938	2768	2747
lcc	2	525439302e37202e4f39342032303037	2768	2747
lcc	2	525439302e37202e5036382031393936	2768	2747
lcc	2	525439302e372e5037362032303130	2768	2747
lcc	2	525439302e42332032303131	2768	2747
lcc	2	525439302e4234372032303036	2768	2747
lcc	2	525439302e4e36382032303036	2768	2747
lcc	2	525439302e503337362031393837	2768	2747
lcc	2	52543935202e4132372031393937	2768	2747
lcc	2	52543935202e433636	2768	2747
lcc	2	52543937202e443438	2768	2755
lcc	2	52543937202e4737	2768	2755
lcc	2	52543937202e5036372032303034	2768	2755
lcc	2	52543937202e503833332032303038	2768	2755
lcc	2	525439372e5038352032303038	2768	2755
lcc	2	52543938202e4134372031393938	2768	2755
lcc	2	52543938202e4135332031393838	2768	2755
lcc	2	52543938202e413533332031393936	2768	2755
lcc	2	52543938202e4135342031393936	2768	2755
lcc	2	52543938202e4137352031393938	2768	2755
lcc	2	52543938202e4139342031393938	2768	2755
lcc	2	52543938202e423334	2768	2755
lcc	2	52543938202e4233342031393833	2768	2755
lcc	2	52543938202e4333372031393838	2768	2755
lcc	2	52543938202e433337352032303034	2768	2755
lcc	2	52543938202e4333382031393939	2768	2755
lcc	2	52543938202e433533	2768	2755
lcc	2	52543938202e43353434392031393939	2768	2755
lcc	2	52543938202e433534352031393834	2768	2755
lcc	2	52543938202e4335362031393837	2768	2755
lcc	2	52543938202e4335362032303032	2768	2755
lcc	2	52543938202e4335372031393935	2768	2755
lcc	2	52543938202e43363534	2768	2755
lcc	2	52543938202e43363534352032303035	2768	2755
lcc	2	52543938202e433636332031393935	2768	2755
lcc	2	52543938202e4338362031393935	2768	2755
lcc	2	52543938202e433837	2768	2755
lcc	2	52543938202e4433352031393832	2768	2755
lcc	2	52543938202e4435342032303035	2768	2755
lcc	2	52543938202e4834372031393937	2768	2755
lcc	2	52543938202e4838362031393937	2768	2755
lcc	2	52543938202e4a33372031393835	2768	2755
lcc	2	52543938202e4c34332031393938	2768	2755
lcc	2	52543938202e4d3237362032303035	2768	2755
lcc	2	52543938202e5033372031393938	2768	2755
lcc	2	52543938202e5234332032303032	2768	2755
lcc	2	52543938202e5235362031393838	2768	2755
lcc	2	52543938202e5337362031393938	2768	2755
lcc	2	52543938202e5337382031393834	2768	2755
lcc	2	52543938202e5337383139372032303032	2768	2755
lcc	2	52543938202e533738322032303030	2768	2755
lcc	2	52543938202e533738332031393937	2768	2755
lcc	2	52543938202e53392031393937	2768	2755
lcc	2	52543938202e5339342032303037	2768	2755
lcc	2	52543938202e5636342032303038	2768	2755
lcc	2	52543938202e5735332031393937	2768	2755
lcc	2	52543938202e5a3333	2768	2755
lcc	2	52543938204c3335	2768	2755
lcc	2	525439382e413533332032303139	2768	2755
lcc	2	525439382e43363331352032303039	2768	2755
lcc	2	525439382e4433362032303137	2768	2755
lcc	2	525439382e5337383139372032303137	2768	2755
lcc	2	525439382e543637372032303035	2768	2755
lcc	1	4235335033372d33372e3542463435352d343633	3784|10966|12878	3784|10966
lcc	1	4236375033372d33372e3542463435352d343633	3784|11092|12878	3784|11092
lcc	1	4246203335332e3520433533	12875	5389
lcc	1	424620343535	12878	3784
lcc	1	42462034353620523220533638352031393939	12878	3784
lcc	1	424620343536205232205a37322031393736	12878	3784
lcc	1	424620343538202e57352031393835	12878	3784
lcc	1	424620343538205337342031393939	12878	3784
lcc	1	424620343633204d34204833372031393938	12878	3784
lcc	1	424620343638205236342032303030	12878	5389
lcc	1	4246273435352742343538	12878	3784
lcc	1	4246273435352743383335	12878	3784
lcc	1	42462734353527443238372731393931	12878	3784
lcc	1	424627343535274433363331342731393835	12878	3784
lcc	1	424627343535274536322731393835	12878	3784
lcc	1	42462734353527483237323138	12878	3784
lcc	1	424627343535274c34333134	12878	3784
lcc	1	424627343535275335333136	12878	3784
lcc	1	424627343535275634323531342731393834	12878	3784
lcc	1	4246273435362744372743352731393735	12878	3784
lcc	1	424627343633274d34274f33392731393233	12878	3784
lcc	1	4246273438322753323434	12878	5389
lcc	1	4246333531202e5636352031393834	12875	5389
lcc	1	42463335332e35202e4e333720433433352032303130	12875	5389
lcc	1	42463335332e35202e4e36352041353431332032303036	12875	5389
lcc	1	42463335332e35204e3337204738342032303132	12875	5389
lcc	1	42463335332e352e413334204836392032303132	12875	5389
lcc	1	42463335332e352e433533204534352031393939	12875	5389
lcc	1	42463335332e352e433533204636382031393930	12875	5389
lcc	1	42463335332e352e433533204939332031393837	12875	5389
lcc	1	42463335332e352e433533204b37382031393835	12875	5389
lcc	1	42463335332e352e433533204d34342032303135	12875	5389
lcc	1	42463335332e352e433533205034382032303034	12875	5389
lcc	1	42463335332e352e433533205434372032303134	12875	5389
lcc	1	42463335332e352e433533365733342032303138	12875	5389
lcc	1	42463335332e352e4335334534352031393939	12875	5389
lcc	1	42463335332e352e43353350342032303234	12875	5389
lcc	1	42463335332e352e4335335035352032303035	12875	5389
lcc	1	42463335332e352e433535204134342032303138	12875	5389
lcc	1	42463335332e352e433535204234332032303139	12875	5389
lcc	1	42463335332e352e433535204335352032303139	12875	5389
lcc	1	42463335332e352e433535204434372032303231	12875	5389
lcc	1	42463335332e352e4335352044363320323031316562	12875	5389
lcc	1	42463335332e352e43353520443637372032303137	12875	5389
lcc	1	42463335332e352e433535204535342032303130	12875	5389
lcc	1	42463335332e352e4335352045353420323031316562	12875	5389
lcc	1	42463335332e352e433535204535352032303133	12875	5389
lcc	1	42463335332e352e43353520473535352032303230	12875	5389
lcc	1	42463335332e352e433535204934372032303234	12875	5389
lcc	1	42463335332e352e433535204b35342032303136	12875	5389
lcc	1	42463335332e352e433535204c35342032303137	12875	5389
lcc	1	42463335332e352e433535204c35382032303132	12875	5389
lcc	1	42463335332e352e433535204e36372032303131	12875	5389
lcc	1	42463335332e352e433535205337362032303135	12875	5389
lcc	1	42463335332e352e433535205534382032303230	12875	5389
lcc	1	42463335332e352e433535205734352032303231	12875	5389
lcc	1	42463335332e352e433535205734353620323032316562	12875	5389
lcc	1	42463335332e352e433535205a35362032303230	12875	5389
lcc	1	42463335332e352e4335354335352032303234	12875	5389
lcc	1	42463335332e352e4335354433382032303231	12875	5389
lcc	1	42463335332e352e4335354434352032303234	12875	5389
lcc	1	42463335332e352e4335354535342032303135	12875	5389
lcc	1	42463335332e352e4335354535352032303132	12875	5389
lcc	1	42463335332e352e4335354535352032303133	12875	5389
lcc	1	42463335332e352e43353549342032303234	12875	5389
lcc	1	42463335332e352e4335354b35342032303136	12875	5389
lcc	1	42463335332e352e4335354c35382032303132	12875	5389
lcc	1	42463335332e352e4335354e36372032303131	12875	5389
lcc	1	42463335332e352e4335354e36382032303235	12875	5389
lcc	1	42463335332e352e4335355734332032303233	12875	5389
lcc	1	42463335332e352e433734	12875	5389
lcc	1	42463335332e352e433734204337362031393937	12875	5389
lcc	1	42463335332e352e433734204736382031393833	12875	5389
lcc	1	42463335332e352e433734204737382031393833	12875	5389
lcc	1	42463335332e352e433734204833332031393835	12875	5389
lcc	1	42463335332e352e4337342048333320313938356562	12875	5389
lcc	1	42463335332e352e433734205236372031393833	12875	5389
lcc	1	42463335332e352e4337344833332031393835	12875	5389
lcc	1	42463335332e352e4c33204c332031393935	12875	5389
lcc	1	42463335332e352e4e3337202e4335353620323031336562	12875	5389
lcc	1	42463335332e352e4e3337204133332032303230	12875	5389
lcc	1	42463335332e352e4e3337204334362031393931	12875	5389
lcc	1	42463335332e352e4e3337204334372032303032	12875	5389
lcc	1	42463335332e352e4e33372043343720323030326562	12875	5389
lcc	1	42463335332e352e4e3337204335332032303039	12875	5389
lcc	1	42463335332e352e4e3337204335332032303135	12875	5389
lcc	1	42463335332e352e4e333720433636382032303134	12875	5389
lcc	1	42463335332e352e4e3337204336372032303030	12875	5389
lcc	1	42463335332e352e4e3337204433342032303230	12875	5389
lcc	1	42463335332e352e4e333720453234352032303134	12875	5389
lcc	1	42463335332e352e4e3337204532362031393935	12875	5389
lcc	1	42463335332e352e4e3337204532372032303039	12875	5389
lcc	1	42463335332e352e4e333720453538352032303132	12875	5389
lcc	1	42463335332e352e4e3337204634372032303134	12875	5389
lcc	1	42463335332e352e4e3337204635342031393834	12875	5389
lcc	1	42463335332e352e4e3337204635372032303132	12875	5389
lcc	1	42463335332e352e4e3337204635372032303133	12875	5389
lcc	1	42463335332e352e4e3337204636382032303131	12875	5389
lcc	1	42463335332e352e4e3337204734332032303031	12875	5389
lcc	1	42463335332e352e4e3337204735342031393934	12875	5389
lcc	1	42463335332e352e4e3337204735342032303037	12875	5389
lcc	1	42463335332e352e4e3337204834372032303134	12875	5389
lcc	1	42463335332e352e4e3337204933372032303030	12875	5389
lcc	1	42463335332e352e4e33372049352032303138	12875	5389
lcc	1	42463335332e352e4e3337204b333420313939396562	12875	5389
lcc	1	42463335332e352e4e3337204b34352032303035	12875	5389
lcc	1	42463335332e352e4e3337204b35372031393938	12875	5389
lcc	1	42463335332e352e4e3337204c33362032303133	12875	5389
lcc	1	42463335332e352e4e3337204c333620323031346562	12875	5389
lcc	1	42463335332e352e4e3337204c36382032303035	12875	5389
lcc	1	42463335332e352e4e3337204c36382032303036	12875	5389
lcc	1	42463335332e352e4e3337204c36392032303131	12875	5389
lcc	1	42463335332e352e4e3337204c36392032303132	12875	5389
lcc	1	42463335332e352e4e3337204c3639342032303136	12875	5389
lcc	1	42463335332e352e4e3337204d33332032303231	12875	5389
lcc	1	42463335332e352e4e3337204d3334352032303136	12875	5389
lcc	1	42463335332e352e4e3337204d3436362032303037	12875	5389
lcc	1	42463335332e352e4e3337204d34372031393939	12875	5389
lcc	1	42463335332e352e4e3337204d35352032303032	12875	5389
lcc	1	42463335332e352e4e3337204d353520323030326562	12875	5389
lcc	1	42463335332e352e4e3337204e34382032303132	12875	5389
lcc	1	42463335332e352e4e3337204e3438352032303132	12875	5389
lcc	1	42463335332e352e4e3337204f39342032303132	12875	5389
lcc	1	42463335332e352e4e3337205035332032303231	12875	5389
lcc	1	42463335332e352e4e3337205035362032303133	12875	5389
lcc	1	42463335332e352e4e3337205037342031393931	12875	5389
lcc	1	42463335332e352e4e3337205234392032303135	12875	5389
lcc	1	42463335332e352e4e33372053333531332032303232	12875	5389
lcc	1	42463335332e352e4e3337205334382032303036	12875	5389
lcc	1	42463335332e352e4e3337205339332032303031	12875	5389
lcc	1	42463335332e352e4e3337205433342032303231	12875	5389
lcc	1	42463335332e352e4e3337205436372032303131	12875	5389
lcc	1	42463335332e352e4e3337205633362032303038	12875	5389
lcc	1	42463335332e352e4e3337205633392032303137	12875	5389
lcc	1	42463335332e352e4e3337205734342031393931	12875	5389
lcc	1	42463335332e352e4e3337205735352032303137	12875	5389
lcc	1	42463335332e352e4e3337205a33352031393931	12875	5389
lcc	1	42463335332e352e4e33372e5035342032303138	12875	5389
lcc	1	42463335332e352e4e33374135332031393930	12875	5389
lcc	1	42463335332e352e4e33374233342031393937	12875	5389
lcc	1	42463335332e352e4e33374233372032303235	12875	5389
lcc	1	42463335332e352e4e3337433436382032303235	12875	5389
lcc	1	42463335332e352e4e33374336342031393937	12875	5389
lcc	1	42463335332e352e4e3337433634362032303231	12875	5389
lcc	1	42463335332e352e4e3337433634382032303231	12875	5389
lcc	1	42463335332e352e4e33374336352032303231	12875	5389
lcc	1	42463335332e352e4e3337443238352032303235	12875	5389
lcc	1	42463335332e352e4e33374433342032303230	12875	5389
lcc	1	42463335332e352e4e33374532362031393935	12875	5389
lcc	1	42463335332e352e4e3337453236342032303132	12875	5389
lcc	1	42463335332e352e4e33374532372032303039	12875	5389
lcc	1	42463335332e352e4e3337453538352032303138	12875	5389
lcc	1	42463335332e352e4e33374634372032303134	12875	5389
lcc	1	42463335332e352e4e33374634372032303135	12875	5389
lcc	1	42463335332e352e4e33374635372032303132	12875	5389
lcc	1	42463335332e352e4e33374735342031393934	12875	5389
lcc	1	42463335332e352e4e33374737332032303233	12875	5389
lcc	1	42463335332e352e4e33374737352032303135	12875	5389
lcc	1	42463335332e352e4e33374833382032303137	12875	5389
lcc	1	42463335332e352e4e33374834372032303134	12875	5389
lcc	1	42463335332e352e4e333749352032303138	12875	5389
lcc	1	42463335332e352e4e33374b33372031393839	12875	5389
lcc	1	42463335332e352e4e33374b35372032303235	12875	5389
lcc	1	42463335332e352e4e33374b37332032303230	12875	5389
lcc	1	42463335332e352e4e33374c36382032303035	12875	5389
lcc	1	42463335332e352e4e33374c36382032303036	12875	5389
lcc	1	42463335332e352e4e33374c36382032303038	12875	5389
lcc	1	42463335332e352e4e33374c36392032303131	12875	5389
lcc	1	42463335332e352e4e33374c36392032303133	12875	5389
lcc	1	42463335332e352e4e33374c3639342032303136	12875	5389
lcc	1	42463335332e352e4e33374d3334352032303136	12875	5389
lcc	1	42463335332e352e4e33374d34372031393939	12875	5389
lcc	1	42463335332e352e4e33374e33322031393934	12875	5389
lcc	1	42463335332e352e4e33374f39342032303132	12875	5389
lcc	1	42463335332e352e4e33375333362031393939	12875	5389
lcc	1	42463335332e352e4e33375436382032303231	12875	5389
lcc	1	42463335332e352e4e33375535362032303235	12875	5389
lcc	1	42463335332e352e4e33375633362032303038	12875	5389
lcc	1	42463335332e352e4e33375733352032303031	12875	5389
lcc	1	42463335332e352e4e33375734342031393931	12875	5389
lcc	1	42463335332e352e4e33375735352032303137	12875	5389
lcc	1	42463335332e352e4e33375735352032303138	12875	5389
lcc	1	42463335332e352e4e36204138352031393935	12875	5389
lcc	1	42463335332e352e4e3635204233352032303031	12875	5389
lcc	1	42463335332e352e4e3635204236362031393838	12875	5389
lcc	1	42463335332e352e4e3635204737362031393835	12875	5389
lcc	1	42463335332e352e4e3635204b34362032303131	12875	5389
lcc	1	42463335332e352e4e3635204b38372032303034	12875	5389
lcc	1	42463335332e352e4e3635204c34342031393931	12875	5389
lcc	1	42463335332e352e4e3635204d33352032303138	12875	5389
lcc	1	42463335332e352e4e3635204d34372031393932	12875	5389
lcc	1	42463335332e352e4e3635204d38352032303132	12875	5389
lcc	1	42463335332e352e4e3635204f34332031393830	12875	5389
lcc	1	42463335332e352e4e3635204f34332031393832	12875	5389
lcc	1	42463335332e352e4e3635204f34332031393836	12875	5389
lcc	1	42463335332e352e4e3635204f34332031393931	12875	5389
lcc	1	42463335332e352e4e3635205034362031393933	12875	5389
lcc	1	42463335332e352e4e3635205434362032303137	12875	5389
lcc	1	42463335332e352e4e3635205437362032303132	12875	5389
lcc	1	42463335332e352e4e3635205634372031393935	12875	5389
lcc	1	42463335332e352e4e36352e54373620323031	12875	5389
lcc	1	42463335332e352e4e36354b34352032303130	12875	5389
lcc	1	42463335332e352e4e36354b34352032303132	12875	5389
lcc	1	42463335332e352e4e36355037362032303131	12875	5389
lcc	1	42463335332e352e4e36355735362032303235	12875	5389
lcc	1	42463335332e352e5035364b34352032303234	12875	5389
lcc	1	42463335332e352e53352049352032303137	12875	5389
lcc	1	42463335332e352e53363553362032303233	12875	5389
lcc	1	42463335332e352e533837	12875	5389
lcc	1	42463335332e352e53383720473734342032303133	12875	5389
lcc	1	42463335332e352e533837204d33332032303230	12875	5389
lcc	1	42463335332e352e533837205037392032303130	12875	5389
lcc	1	42463335332e352e5338374d33332032303230	12875	5389
lcc	1	42463335332e352e57342042363531332032303035	12875	5389
lcc	1	42463335332e352e57342042363531362032303137	12875	5389
lcc	1	42463335332e352e5734204b3334	12875	5389
lcc	1	42463335332e352e5734204d35342032303038	12875	5389
lcc	1	42463335332e352e5734205636352031393938	12875	5389
lcc	1	42463335332e352e57344236352032303035	12875	5389
lcc	1	4246333535202e4a37	12875	5389
lcc	1	4246333537202e4235322032303030	12875	5389
lcc	1	4246333537202e44353531362031393937	12875	5389
lcc	1	4246333537202e4636372032303033	12875	5389
lcc	1	4246333537202e4736332032303031	12875	5389
lcc	1	4246333537202e4736372031393938	12875	5389
lcc	1	4246333537202e4934352032303231	12875	5389
lcc	1	4246333537202e4934372032303032	12875	5389
lcc	1	4246333537202e49343720323030326562	12875	5389
lcc	1	4246333537202e4934382032303032	12875	5389
lcc	1	4246333537202e49343820323030326562	12875	5389
lcc	1	4246333537202e4b38332031393932	12875	5389
lcc	1	4246333537202e4c35382031393932	12875	5389
lcc	1	4246333537202e4d3534362032303131	12875	5389
lcc	1	4246333537202e4d3535	12875	5389
lcc	1	4246333537202e4d35362032303139	12875	5389
lcc	1	4246333537202e4d36372032303136	12875	5389
lcc	1	4246333537202e4d38372031393938	12875	5389
lcc	1	4246333537202e4f39332031393832	12875	5389
lcc	1	4246333537202e4f393331332031393931	12875	5389
lcc	1	4246333537202e4f39342032303133	12875	5389
lcc	1	4246333537202e503437656220762e20326562	12875	5389
lcc	1	4246333537202e503437656220766f6c2e2031	12875	5389
lcc	1	4246333537202e5332352032303031	12875	5389
lcc	1	4246333537202e5332362032303132	12875	5389
lcc	1	4246333537202e5433372032303031	12875	5389
lcc	1	4246333537202e543337782031393739	12875	5389
lcc	1	4246333537202e5936352031393931	12875	5389
lcc	1	42463335372e4435362050343731352031393937	12875	5389
lcc	1	42463335372e4934382032303032	12875	5389
lcc	1	42463335372e4b38332031393932	12875	5389
lcc	1	42463335372e4c35382031393932	12875	5389
lcc	1	42463335372e4d3534362032303131	12875	5389
lcc	1	42463335372e4f393331332031393931	12875	5389
lcc	1	42463335372e503437656220762e2032	12875	5389
lcc	1	42463335372e5037332032303137	12875	5389
lcc	1	42463335372e5235332032303139	12875	5389
lcc	1	42463335372e5332362032303132	12875	5389
lcc	1	4246333538202e4238372032303033	12875	5389
lcc	1	4246333633	12875	5389
lcc	1	42463336332e3638	12875	5389
lcc	1	42463336332e36382e4e342032303139	12875	5389
lcc	1	4246343335	12877	5389
lcc	1	4246343335202e43372031393730	12877	5389
lcc	1	4246343335202e453535	12877	5389
lcc	1	4246343335202e4c36332032303030	12877	5389
lcc	1	424634333520533333	12877	5389
lcc	1	4246343336202e4d34362032303031	12877	5389
lcc	1	42463433372e4d34	12877	5389
lcc	1	4246343531202e4d3534392032303130	12877	5389
lcc	1	4246343531202e4d3534392032303134	12877	5389
lcc	1	4246343535202e4133342032303136	12878	3784
lcc	1	4246343535202e41333420323031366562	12878	3784
lcc	1	4246343535202e413531392032303232	12878	3784
lcc	1	4246343535202e41353534	12878	3784
lcc	1	4246343535202e4136352032303036	12878	3784
lcc	1	4246343535202e4136372031393836	12878	3784
lcc	1	4246343535202e423234352031393937	12878	3784
lcc	1	4246343535202e4232362032303035	12878	3784
lcc	1	4246343535202e423332352032303131	12878	3784
lcc	1	4246343535202e4233323520323031316562	12878	3784
lcc	1	4246343535202e423332352032303134	12878	3784
lcc	1	4246343535202e423333352032303038	12878	3784
lcc	1	4246343535202e42333435	12878	3784
lcc	1	4246343535202e423334352032303135	12878	3784
lcc	1	4246343535202e4233362031393931	12878	3784
lcc	1	4246343535202e42333635	12878	3784
lcc	1	4246343535202e423336372031393733	12878	3784
lcc	1	4246343535202e423336382031393932	12878	3784
lcc	1	4246343535202e42333733203139383678	12878	3784
lcc	1	4246343535202e423337362031393733	12878	3784
lcc	1	4246343535202e423337362031393938	12878	3784
lcc	1	4246343535202e423437205b313938305d	12878	3784
lcc	1	4246343535202e4234382031393339	12878	3784
lcc	1	4246343535202e4234382031393738	12878	3784
lcc	1	4246343535202e4234382032303133	12878	3784
lcc	1	4246343535202e42343820323031336562	12878	3784
lcc	1	4246343535202e4234382032303134	12878	3784
lcc	1	4246343535202e4235363220313938316562	12878	3784
lcc	1	4246343535202e423536322032303134	12878	3784
lcc	1	4246343535202e42353634	12878	3784
lcc	1	4246343535202e423536342031393830	12878	3784
lcc	1	4246343535202e4235382031393732	12878	3784
lcc	1	4246343535202e423538342031393932	12878	3784
lcc	1	4246343535202e4236323720323031366562	12878	3784
lcc	1	4246343535202e4236342042642e203536	12878	3784
lcc	1	4246343535202e423635	12878	3784
lcc	1	4246343535202e42363535	12878	3784
lcc	1	4246343535202e42373220323030366562	12878	3784
lcc	1	4246343535202e4237332031393730	12878	3784
lcc	1	4246343535202e4237352031393737	12878	3784
lcc	1	4246343535202e4237352031393836	12878	3784
lcc	1	4246343535202e4237392031393834	12878	3784
lcc	1	4246343535202e433236	12878	3784
lcc	1	4246343535202e433236382031393836	12878	3784
lcc	1	4246343535202e433236382031393934	12878	3784
lcc	1	4246343535202e433236382031393939	12878	3784
lcc	1	4246343535202e433236382032303037	12878	3784
lcc	1	4246343535202e433334	12878	3784
lcc	1	4246343535202e4334342032303134	12878	3784
lcc	1	4246343535202e433435	12878	3784
lcc	1	4246343535202e4334352031393934	12878	3784
lcc	1	4246343535202e4334353531362031393732	12878	3784
lcc	1	4246343535202e433435382031393838	12878	3784
lcc	1	4246343535202e43343632342031393933	12878	3784
lcc	1	4246343535202e43343634	12878	3784
lcc	1	4246343535202e43343634342031393839	12878	3784
lcc	1	4246343535202e4334382031393939	12878	3784
lcc	1	4246343535202e43363420323030336562	12878	3784
lcc	1	4246343535202e433636	12878	3784
lcc	1	4246343535202e43363732	12878	3784
lcc	1	4246343535202e4336373237	12878	3784
lcc	1	4246343535202e43363732392031393832	12878	3784
lcc	1	4246343535202e43363732392031393931	12878	3784
lcc	1	4246343535202e43363732392031393934	12878	3784
lcc	1	4246343535202e43363732392031393935	12878	3784
lcc	1	4246343535202e43363732392032303030	12878	3784
lcc	1	4246343535202e433637323920323030306562	12878	3784
lcc	1	4246343535202e43363733	12878	3784
lcc	1	4246343535202e43363734	12878	3784
lcc	1	4246343535202e433637362031393832	12878	3784
lcc	1	4246343535202e433637372032303031	12878	3784
lcc	1	4246343535202e43363738	12878	3784
lcc	1	4246343535202e433637382031393739	12878	3784
lcc	1	4246343535202e433637392031393836	12878	3784
lcc	1	4246343535202e433638	12878	3784
lcc	1	4246343535202e433638332031393836	12878	3784
lcc	1	4246343535202e43363835	12878	3784
lcc	1	4246343535202e433639	12878	3784
lcc	1	4246343535202e443236	12878	3784
lcc	1	4246343535202e44323735	12878	3784
lcc	1	4246343535202e4432392032303134	12878	3784
lcc	1	4246343535202e443336	12878	3784
lcc	1	4246343535202e443336332031393835	12878	3784
lcc	1	4246343535202e443336332031393934	12878	3784
lcc	1	4246343535202e443336352031393832	12878	3784
lcc	1	4246343535202e44333639782031393837	12878	3784
lcc	1	4246343535202e443337203139363962	12878	3784
lcc	1	4246343535202e44333735	12878	3784
lcc	1	4246343535202e443337362031393736	12878	3784
lcc	1	4246343535202e443338	12878	3784
lcc	1	4246343535202e443339	12878	3784
lcc	1	4246343535202e443339372031393730	12878	3784
lcc	1	4246343535202e4433393831332032303133	12878	3784
lcc	1	4246343535202e443339392031393931	12878	3784
lcc	1	4246343535202e44343231382032303131	12878	3784
lcc	1	4246343535202e4434342031393837	12878	3784
lcc	1	4246343535202e4434342031393838	12878	3784
lcc	1	4246343535202e4435	12878	3784
lcc	1	4246343535202e4435362032303038	12878	3784
lcc	1	4246343535202e443633352032303038	12878	3784
lcc	1	4246343535202e453435	12878	3784
lcc	1	4246343535202e4535332031393638	12878	3784
lcc	1	4246343535202e453534	12878	3784
lcc	1	4246343535202e4535362031393835	12878	3784
lcc	1	4246343535202e4535362031393932	12878	3784
lcc	1	4246343535202e4535362032303134	12878	3784
lcc	1	4246343535202e4536382031393834	12878	3784
lcc	1	4246343535202e4536382031393933	12878	3784
lcc	1	4246343535202e4538382031393837	12878	3784
lcc	1	4246343535202e4539332031393832	12878	3784
lcc	1	4246343535202e4539332032303133	12878	3784
lcc	1	4246343535202e45393320323031346562	12878	3784
lcc	1	4246343535202e4539362031393833	12878	3784
lcc	1	4246343535202e4633342032303139	12878	3784
lcc	1	4246343535202e463432	12878	3784
lcc	1	4246343535202e463435	12878	3784
lcc	1	4246343535202e4634372031393937	12878	3784
lcc	1	4246343535202e463537	12878	3784
lcc	1	4246343535202e4635372031393733	12878	3784
lcc	1	4246343535202e46363134	12878	3784
lcc	1	4246343535202e463631342031393938	12878	3784
lcc	1	4246343535202e4636333820313939366562	12878	3784
lcc	1	4246343535202e4636382032303132	12878	3784
lcc	1	4246343535202e4638342031393834	12878	3784
lcc	1	4246343535202e463836	12878	3784
lcc	1	4246343535202e47332031393637	12878	3784
lcc	1	4246343535202e47332031393731	12878	3784
lcc	1	4246343535202e4734	12878	3784
lcc	1	4246343535202e4735322031393832	12878	3784
lcc	1	4246343535202e473532352032303033	12878	3784
lcc	1	4246343535202e4735332031393738	12878	3784
lcc	1	4246343535202e47362031393639	12878	3784
lcc	1	4246343535202e4736332031393935	12878	3784
lcc	1	4246343535202e4736332032303134	12878	3784
lcc	1	4246343535202e473636342032303033	12878	3784
lcc	1	4246343535202e4736382031393830	12878	3784
lcc	1	4246343535202e4736383820323031336562	12878	3784
lcc	1	4246343535202e473733352032303131	12878	3784
lcc	1	4246343535202e473733372031393935	12878	3784
lcc	1	4246343535202e473734322032303038	12878	3784
lcc	1	4246343535202e473734342032303131	12878	3784
lcc	1	4246343535202e473835	12878	3784
lcc	1	4246343535202e4738372031393836	12878	3784
lcc	1	4246343535202e47383733	12878	3784
lcc	1	4246343535202e483235352031393834	12878	3784
lcc	1	4246343535202e4832362032303130	12878	3784
lcc	1	4246343535202e4832362032303131	12878	3784
lcc	1	4246343535202e48323620323031316562	12878	3784
lcc	1	4246343535202e48323731332032303038	12878	3784
lcc	1	4246343535202e48323731332032303134	12878	3784
lcc	1	4246343535202e483237313320323031346562	12878	3784
lcc	1	4246343535202e4832373133332032303137	12878	3784
lcc	1	4246343535202e48323731352031393836	12878	3784
lcc	1	4246343535202e4832373136392031393939	12878	3784
lcc	1	4246343535202e48323732	12878	3784
lcc	1	4246343535202e48332031393639	12878	3784
lcc	1	4246343535202e4833333420766f6c2e2035	12878	3784
lcc	1	4246343535202e4833362032303136	12878	3784
lcc	1	4246343535202e4833372031393931	12878	3784
lcc	1	4246343535202e4834322031393731	12878	3784
lcc	1	4246343535202e4834323133	12878	3784
lcc	1	4246343535202e48343231332032303034	12878	3784
lcc	1	4246343535202e4834332031393735	12878	3784
lcc	1	4246343535202e483435392032303037	12878	3784
lcc	1	4246343535202e4834353920323030376562	12878	3784
lcc	1	4246343535202e483435392032303132	12878	3784
lcc	1	4246343535202e4835332031393930	12878	3784
lcc	1	4246343535202e4835382031393839	12878	3784
lcc	1	4246343535202e48362031393839	12878	3784
lcc	1	4246343535202e483632382031393831	12878	3784
lcc	1	4246343535202e4836333133	12878	3784
lcc	1	4246343535202e4836372031393731	12878	3784
lcc	1	4246343535202e483637342031393834	12878	3784
lcc	1	4246343535202e4837362031393932	12878	3784
lcc	1	4246343535202e493436	12878	3784
lcc	1	4246343535202e493437	12878	3784
lcc	1	4246343535202e4934382032303034	12878	3784
lcc	1	4246343535202e49343820323030346562	12878	3784
lcc	1	4246343535202e49353634203139383420766f6c2e2039	12878	3784
lcc	1	4246343535202e4935382031393836	12878	3784
lcc	1	4246343535202e4939332032303230	12878	3784
lcc	1	4246343535202e4a32362031393835	12878	3784
lcc	1	4246343535202e4a33382032303035	12878	3784
lcc	1	4246343535202e4a35382031393731	12878	3784
lcc	1	4246343535202e4a36	12878	3784
lcc	1	4246343535202e4a36203139343662	12878	3784
lcc	1	4246343535202e4a36312031393731	12878	3784
lcc	1	4246343535202e4a36313478203139383362	12878	3784
lcc	1	4246343535202e4b3239372031393838	12878	3784
lcc	1	4246343535202e4b3335	12878	3784
lcc	1	4246343535202e4b3338	12878	3784
lcc	1	4246343535202e4b34342031393734	12878	3784
lcc	1	4246343535202e4b34362032303139	12878	3784
lcc	1	4246343535202e4b3537	12878	3784
lcc	1	4246343535202e4b3635342031393931	12878	3784
lcc	1	4246343535202e4b3636332032303035	12878	3784
lcc	1	4246343535202e4b3737	12878	3784
lcc	1	4246343535202e4c32362031393836	12878	3784
lcc	1	4246343535202e4c3237332031393835	12878	3784
lcc	1	4246343535202e4c323734	12878	3784
lcc	1	4246343535202e4c323736	12878	3784
lcc	1	4246343535202e4c3237382032303037	12878	3784
lcc	1	4246343535202e4c3335	12878	3784
lcc	1	4246343535202e4c3338332031393832	12878	3784
lcc	1	4246343535202e4c333839	12878	3784
lcc	1	4246343535202e4c33383937	12878	3784
lcc	1	4246343535202e4c34322031393836	12878	3784
lcc	1	4246343535202e4c34322032303133	12878	3784
lcc	1	4246343535202e4c34332031393832	12878	3784
lcc	1	4246343535202e4c34332031393833	12878	3784
lcc	1	4246343535202e4c34352031393732	12878	3784
lcc	1	4246343535202e4c343835	12878	3784
lcc	1	4246343535202e4c3438372031393839	12878	3784
lcc	1	4246343535202e4c343934	12878	3784
lcc	1	4246343535202e4c3439342031393737	12878	3784
lcc	1	4246343535202e4c343934352031393930	12878	3784
lcc	1	4246343535202e4c3439362031393831	12878	3784
lcc	1	4246343535202e4c3439372032303131	12878	3784
lcc	1	4246343535202e4c3439392031393839	12878	3784
lcc	1	4246343535202e4c3634332031393833	12878	3784
lcc	1	4246343535202e4c36372031393930	12878	3784
lcc	1	4246343535202e4c3736362032303136	12878	3784
lcc	1	4246343535202e4c3737	12878	3784
lcc	1	4246343535202e4c38332031393938	12878	3784
lcc	1	4246343535202e4c383331352031393832	12878	3784
lcc	1	4246343535202e4c3936	12878	3784
lcc	1	4246343535202e4d32332031393830	12878	3784
lcc	1	4246343535202e4d3233203139383062	12878	3784
lcc	1	4246343535202e4d323335	12878	3784
lcc	1	4246343535202e4d3236362031393839	12878	3784
lcc	1	4246343535202e4d3332352031393836	12878	3784
lcc	1	4246343535202e4d33333535322032303133	12878	3784
lcc	1	4246343535202e4d333337	12878	3784
lcc	1	4246343535202e4d3334342031393832	12878	3784
lcc	1	4246343535202e4d333820313938386562	12878	3784
lcc	1	4246343535202e4d3436	12878	3784
lcc	1	4246343535202e4d3436362031393932	12878	3784
lcc	1	4246343535202e4d3437	12878	3784
lcc	1	4246343535202e4d34372031393933	12878	3784
lcc	1	4246343535202e4d34392031393735	12878	3784
lcc	1	4246343535202e4d35392031393736	12878	3784
lcc	1	4246343535202e4d3539332031393831	12878	3784
lcc	1	4246343535202e4d36	12878	3784
lcc	1	4246343535202e4d37362031393731	12878	3784
lcc	1	4246343535202e4d392031393732	12878	3784
lcc	1	4246343535202e4e32362032303038	12878	3784
lcc	1	4246343535202e4e33332031393835	12878	3784
lcc	1	4246343535202e4e33342031393731	12878	3784
lcc	1	4246343535202e4e333520313938306562	12878	3784
lcc	1	4246343535202e4e34362032303134	12878	3784
lcc	1	4246343535202e4e3437	12878	3784
lcc	1	4246343535202e4e34372032303134	12878	3784
lcc	1	4246343535202e4e34382032303132	12878	3784
lcc	1	4246343535202e4e35332031393835	12878	3784
lcc	1	4246343535202e4e35332032303134	12878	3784
lcc	1	4246343535202e4e35343135362032303035	12878	3784
lcc	1	4246343535202e4e3635	12878	3784
lcc	1	4246343535202e4e36362031393736	12878	3784
lcc	1	4246343535202e4e3636352032303130	12878	3784
lcc	1	4246343535202e4f32362031393838	12878	3784
lcc	1	4246343535202e4f332031393836	12878	3784
lcc	1	4246343535202e4f3336	12878	3784
lcc	1	4246343535202e4f342031393835	12878	3784
lcc	1	4246343535202e4f38382031393832	12878	3784
lcc	1	4246343535202e4f39342032303039	12878	3784
lcc	1	4246343535202e4f39342032303138	12878	3784
lcc	1	4246343535202e503334352032303135	12878	3784
lcc	1	4246343535202e5033352031393733	12878	3784
lcc	1	4246343535202e50333534	12878	3784
lcc	1	4246343535202e503335342031393838	12878	3784
lcc	1	4246343535202e50333838	12878	3784
lcc	1	4246343535202e503339	12878	3784
lcc	1	4246343535202e5034352031393938	12878	3784
lcc	1	4246343535202e5034372032303137	12878	3784
lcc	1	4246343535202e503531332031393639	12878	3784
lcc	1	4246343535202e5035362032303131	12878	3784
lcc	1	4246343535202e50363235	12878	3784
lcc	1	4246343535202e5036352032303035	12878	3784
lcc	1	4246343535202e5036352032303037	12878	3784
lcc	1	4246343535202e503635782031393831	12878	3784
lcc	1	4246343535202e5036362031393839	12878	3784
lcc	1	4246343535202e5036362032303038	12878	3784
lcc	1	4246343535202e503733	12878	3784
lcc	1	4246343535202e5037362031393931	12878	3784
lcc	1	4246343535202e503736782031393835	12878	3784
lcc	1	4246343535202e503738352031393836	12878	3784
lcc	1	4246343535202e50373836	12878	3784
lcc	1	4246343535202e503739362032303131	12878	3784
lcc	1	4246343535202e503739362032303132	12878	3784
lcc	1	4246343535202e50382031393731	12878	3784
lcc	1	4246343535202e5038342031393835	12878	3784
lcc	1	4246343535202e5039343320766f6c2e2033	12878	3784
lcc	1	4246343535202e5232	12878	3784
lcc	1	4246343535202e52333338	12878	3784
lcc	1	4246343535202e523334	12878	3784
lcc	1	4246343535202e5233352031393639	12878	3784
lcc	1	4246343535202e523337	12878	3784
lcc	1	4246343535202e5233392032303031	12878	3784
lcc	1	4246343535202e523433382031393837	12878	3784
lcc	1	4246343535202e523436352031393836	12878	3784
lcc	1	4246343535202e523437	12878	3784
lcc	1	4246343535202e5234392031393835	12878	3784
lcc	1	4246343535202e52353736	12878	3784
lcc	1	4246343535202e52353738	12878	3784
lcc	1	4246343535202e5236372031393937	12878	3784
lcc	1	4246343535202e523832332031393739	12878	3784
lcc	1	4246343535202e523832382031393834	12878	3784
lcc	1	4246343535202e523832382031393838	12878	3784
lcc	1	4246343535202e523832392031393936	12878	3784
lcc	1	4246343535202e523832392031393939	12878	3784
lcc	1	4246343535202e523832392032303036	12878	3784
lcc	1	4246343535202e523832392032303039	12878	3784
lcc	1	4246343535202e523833	12878	3784
lcc	1	4246343535202e5238332031393834	12878	3784
lcc	1	4246343535202e5238332031393839	12878	3784
lcc	1	4246343535202e5238332031393930	12878	3784
lcc	1	4246343535202e523834342031393839	12878	3784
lcc	1	4246343535202e523834342032303034	12878	3784
lcc	1	4246343535202e523835	12878	3784
lcc	1	4246343535202e533135	12878	3784
lcc	1	4246343535202e5332362031393733	12878	3784
lcc	1	4246343535202e53332031393732	12878	3784
lcc	1	4246343535202e5333312032303035	12878	3784
lcc	1	4246343535202e533331332032303035	12878	3784
lcc	1	4246343535202e53333133342032303134	12878	3784
lcc	1	4246343535202e53333133342032303230	12878	3784
lcc	1	4246343535202e533331362032303035	12878	3784
lcc	1	4246343535202e533332352031393735	12878	3784
lcc	1	4246343535202e53333236	12878	3784
lcc	1	4246343535202e533335	12878	3784
lcc	1	4246343535202e5333372032303035	12878	3784
lcc	1	4246343535202e533433	12878	3784
lcc	1	4246343535202e533435203139393567	12878	3784
lcc	1	4246343535202e5335322031393635	12878	3784
lcc	1	4246343535202e53353234352031393834	12878	3784
lcc	1	4246343535202e533533	12878	3784
lcc	1	4246343535202e5335332031393932	12878	3784
lcc	1	4246343535202e533534332031393739	12878	3784
lcc	1	4246343535202e53353434352032303135	12878	3784
lcc	1	4246343535202e533534353133	12878	3784
lcc	1	4246343535202e5335343531332031393735	12878	3784
lcc	1	4246343535202e53353534	12878	3784
lcc	1	4246343535202e5335382031393935	12878	3784
lcc	1	4246343535202e533538362031393934	12878	3784
lcc	1	4246343535202e5336313935203139393178	12878	3784
lcc	1	4246343535202e5336373133	12878	3784
lcc	1	4246343535202e533637342031393835	12878	3784
lcc	1	4246343535202e53373134382031393933	12878	3784
lcc	1	4246343535202e533734	12878	3784
lcc	1	4246343535202e53373420323031336562	12878	3784
lcc	1	4246343535202e53373535	12878	3784
lcc	1	4246343535202e53373537	12878	3784
lcc	1	4246343535202e533736362031393739	12878	3784
lcc	1	4246343535202e533736362031393830	12878	3784
lcc	1	4246343535202e5338372031393731	12878	3784
lcc	1	4246343535202e5339352031393732	12878	3784
lcc	1	4246343535202e5432372031393738	12878	3784
lcc	1	4246343535202e54343720323031316562	12878	3784
lcc	1	4246343535202e54353139	12878	3784
lcc	1	4246343535202e543532342031393833	12878	3784
lcc	1	4246343535202e543532342032303133	12878	3784
lcc	1	4246343535202e5435323420323031346562	12878	3784
lcc	1	4246343535202e54353332	12878	3784
lcc	1	4246343535202e543533332031393837	12878	3784
lcc	1	4246343535202e54353334	12878	3784
lcc	1	4246343535202e543533352031393833	12878	3784
lcc	1	4246343535202e54353336	12878	3784
lcc	1	4246343535202e543536352031393731	12878	3784
lcc	1	4246343535202e5435373731332031393838	12878	3784
lcc	1	4246343535202e5436322031393733	12878	3784
lcc	1	4246343535202e5437	12878	3784
lcc	1	4246343535202e5437352031393937	12878	3784
lcc	1	4246343535202e5632382031393931	12878	3784
lcc	1	4246343535202e5632392032303130	12878	3784
lcc	1	4246343535202e56343235	12878	3784
lcc	1	4246343535202e5634372031393734	12878	3784
lcc	1	4246343535202e5636332031393837	12878	3784
lcc	1	4246343535202e5636392032303037	12878	3784
lcc	1	4246343535202e573135	12878	3784
lcc	1	4246343535202e5731352031393739	12878	3784
lcc	1	4246343535202e5731353138	12878	3784
lcc	1	4246343535202e5731362031393935	12878	3784
lcc	1	4246343535202e5731362031393935203c4f7269656e204368696e613e	12878	3784
lcc	1	4246343535202e5731372031393733	12878	3784
lcc	1	4246343535202e57333135	12878	3784
lcc	1	4246343535202e573331372031393733	12878	3784
lcc	1	4246343535202e573336352031393838	12878	3784
lcc	1	4246343535202e573337	12878	3784
lcc	1	4246343535202e573337342031393839	12878	3784
lcc	1	4246343535202e573338	12878	3784
lcc	1	4246343535202e5734	12878	3784
lcc	1	4246343535202e57342031393833	12878	3784
lcc	1	4246343535202e5734362031393832	12878	3784
lcc	1	4246343535202e573438	12878	3784
lcc	1	4246343535202e5735332031393832	12878	3784
lcc	1	4246343535202e573533203139383262	12878	3784
lcc	1	4246343535202e573534	12878	3784
lcc	1	4246343535202e57353435322031393830	12878	3784
lcc	1	4246343535202e5735392031393835	12878	3784
lcc	1	4246343535202e573539362031393835	12878	3784
lcc	1	4246343535202e5736372031393836	12878	3784
lcc	1	4246343535202e583536342031393938	12878	3784
lcc	1	4246343535202e5938352031393935	12878	3784
lcc	1	4246343535202e5a35352031393833	12878	3784
lcc	1	4246343535202e5a35382032303130	12878	3784
lcc	1	42463435352041343531332032303134	12878	3784
lcc	1	4246343535204234372031393830	12878	3784
lcc	1	42463435352043343633342031393838	12878	3784
lcc	1	42463435352043363837	12878	3784
lcc	1	4246343535204339	12878	3784
lcc	1	424634353520442e3337203139363962	12878	3784
lcc	1	424634353520443336362031393936	12878	3784
lcc	1	4246343535204433372031393730	12878	3784
lcc	1	4246343535204438	12878	3784
lcc	1	4246343535204438372031393734	12878	3784
lcc	1	4246343535204535342031393835	12878	3784
lcc	1	4246343535204636352031393833	12878	3784
lcc	1	4246343535204832373238	12878	3784
lcc	1	4246343535204c3238372031393733	12878	3784
lcc	1	4246343535204c34393831342031393833	12878	3784
lcc	1	4246343535204d3834	12878	3784
lcc	1	4246343535204f33362031393732	12878	3784
lcc	1	424634353520503738	12878	3784
lcc	1	4246343535205336392031393731	12878	3784
lcc	1	424634353520543533352031393833	12878	3784
lcc	1	4246343535205436362031393833	12878	3784
lcc	1	4246343535205634343134	12878	3784
lcc	1	424634353527473733372731393835	12878	3784
lcc	1	4246343535274c35	12878	3784
lcc	1	42463435352e4131205434382031393838	12878	3784
lcc	1	42463435352e4133342032303136	12878	3784
lcc	1	42463435352e4133362032303033	12878	3784
lcc	1	42463435352e4232362032303035	12878	3784
lcc	1	42463435352e423332352032303130	12878	3784
lcc	1	42463435352e423332352032303135	12878	3784
lcc	1	42463435352e423336372031393733	12878	3784
lcc	1	42463435352e423532204238342031393834	12878	3784
lcc	1	42463435352e42353320323031336562	12878	3784
lcc	1	42463435352e4235363220323031346562	12878	3784
lcc	1	42463435352e42363434	12878	3784
lcc	1	42463435352e423734	12878	3784
lcc	1	42463435352e4237342031393930	12878	3784
lcc	1	42463435352e4237352031393836	12878	3784
lcc	1	42463435352e433237352031393936	12878	3784
lcc	1	42463435352e4336363620313937336562	12878	3784
lcc	1	42463435352e43363720323031336562	12878	3784
lcc	1	42463435352e43363732392031393832	12878	3784
lcc	1	42463435352e43363732392032303030	12878	3784
lcc	1	42463435352e433637323920323030336562	12878	3784
lcc	1	42463435352e433638332031393836	12878	3784
lcc	1	42463435352e44323535	12878	3784
lcc	1	42463435352e443336332032303036	12878	3784
lcc	1	42463435352e443337352031393931	12878	3784
lcc	1	42463435352e443339	12878	3784
lcc	1	42463435352e4433393831332032303133	12878	3784
lcc	1	42463435352e44352032303139	12878	3784
lcc	1	42463435352e4535362031393932	12878	3784
lcc	1	42463435352e4535392031393835	12878	3784
lcc	1	42463435352e463631342031393938	12878	3784
lcc	1	42463435352e463633382031393936	12878	3784
lcc	1	42463435352e46383620313937396562	12878	3784
lcc	1	42463435352e47313820323031346562	12878	3784
lcc	1	42463435352e473532352032303032	12878	3784
lcc	1	42463435352e473532352032303033	12878	3784
lcc	1	42463435352e4736332031393935	12878	3784
lcc	1	42463435352e473733372031393935	12878	3784
lcc	1	42463435352e4832362032303130	12878	3784
lcc	1	42463435352e4832362032303233	12878	3784
lcc	1	42463435352e48323731332032303038	12878	3784
lcc	1	42463435352e483237313320323031346562	12878	3784
lcc	1	42463435352e48323731352031393836	12878	3784
lcc	1	42463435352e4832373136392031393939	12878	3784
lcc	1	42463435352e483435392032303037	12878	3784
lcc	1	42463435352e49343620313937396562	12878	3784
lcc	1	42463435352e4934382032303133	12878	3784
lcc	1	42463435352e4935332031393838	12878	3784
lcc	1	42463435352e4935382031393836	12878	3784
lcc	1	42463435352e4b32382032303231	12878	3784
lcc	1	42463435352e4b32382032303233	12878	3784
lcc	1	42463435352e4b3637362032303234	12878	3784
lcc	1	42463435352e4c323631332031393937	12878	3784
lcc	1	42463435352e4c36382032303231	12878	3784
lcc	1	42463435352e4c3736362032303136	12878	3784
lcc	1	42463435352e4d333335352031393938	12878	3784
lcc	1	42463435352e4d343620313939366562	12878	3784
lcc	1	42463435352e4d3539	12878	3784
lcc	1	42463435352e4e33342031393731	12878	3784
lcc	1	42463435352e4e34372032303134	12878	3784
lcc	1	42463435352e4e35332031393835	12878	3784
lcc	1	42463435352e4e353320323031336562	12878	3784
lcc	1	42463435352e4e3635	12878	3784
lcc	1	42463435352e4f39342032303037	12878	3784
lcc	1	42463435352e5033342031393735	12878	3784
lcc	1	42463435352e503335342031393838	12878	3784
lcc	1	42463435352e503338382032303138	12878	3784
lcc	1	42463435352e503338392032303030	12878	3784
lcc	1	42463435352e5036362031393839	12878	3784
lcc	1	42463435352e503737372032303231	12878	3784
lcc	1	42463435352e503739362032303132	12878	3784
lcc	1	42463435352e5038342031393835	12878	3784
lcc	1	42463435352e52353820313936386562	12878	3784
lcc	1	42463435352e523832332031393739	12878	3784
lcc	1	42463435352e523832392032303135	12878	3784
lcc	1	42463435352e523835332031393836	12878	3784
lcc	1	42463435352e5239342031393739	12878	3784
lcc	1	42463435352e53333133342032303134	12878	3784
lcc	1	42463435352e53333133342032303230	12878	3784
lcc	1	42463435352e533534342031393935	12878	3784
lcc	1	42463435352e53353434352032303134	12878	3784
lcc	1	42463435352e5335382031393935	12878	3784
lcc	1	42463435352e53373134382031393933	12878	3784
lcc	1	42463435352e533734	12878	3784
lcc	1	42463435352e53373420323031336562	12878	3784
lcc	1	42463435352e5339342031393732	12878	3784
lcc	1	42463435352e53393420313937326562	12878	3784
lcc	1	42463435352e543435205438372032303035	12878	3784
lcc	1	42463435352e543533332031393837	12878	3784
lcc	1	42463435352e55343820313937356562	12878	3784
lcc	1	42463435352e573337	12878	3784
lcc	1	42463435352e573337342031393839	12878	3784
lcc	1	4246343535473938327032303133	12878	3784
lcc	1	4246343536202e57382031393934	12878	3784
lcc	1	4246343536204e37205732362032303034	12878	3784
lcc	1	42463435362e44372042352032303030	12878	3784
lcc	1	42463435362e4437204335332032303134	12878	3784
lcc	1	42463435362e4437204537352032303130	12878	3784
lcc	1	42463435362e4437204634382032303032	12878	3784
lcc	1	42463435362e443720483237	12878	3784
lcc	1	42463435362e4437204832372031393737	12878	3784
lcc	1	42463435362e4437204b3732782031393832	12878	3784
lcc	1	42463435362e4437204d36362032303232	12878	3784
lcc	1	42463435362e4437205337372032303133	12878	3784
lcc	1	42463435362e4437205339382031393930	12878	3784
lcc	1	42463435362e4437205633362031393834	12878	3784
lcc	1	42463435362e443720563337382032303131	12878	3784
lcc	1	42463435362e4437205635372031393835	12878	3784
lcc	1	42463435362e4437205735342032303134	12878	3784
lcc	1	42463435362e44374335332032303134	12878	3784
lcc	1	42463435362e44374437332032303130	12878	3784
lcc	1	42463435362e44375633362032303039	12878	3784
lcc	1	42463435362e44375635372032303130	12878	3784
lcc	1	42463435362e44375735342032303138	12878	3784
lcc	1	42463435362e4e3337204e33372032303033	12878	3784
lcc	1	42463435362e4e3337205036352032303035	12878	3784
lcc	1	42463435362e4e37204236372032303130	12878	3784
lcc	1	42463435362e4e37204238382031393939	12878	3784
lcc	1	42463435362e4e37204239342032303037	12878	3784
lcc	1	42463435362e4e37204336332032303039	12878	3784
lcc	1	42463435362e4e37204336352032303034	12878	3784
lcc	1	42463435362e4e37204436392032303035	12878	3784
lcc	1	42463435362e4e372044363920323030356562	12878	3784
lcc	1	42463435362e4e37204436392032303139	12878	3784
lcc	1	42463435362e4e37204532372031393931	12878	3784
lcc	1	42463435362e4e37204635382032303037	12878	3784
lcc	1	42463435362e4e37204735352032303138	12878	3784
lcc	1	42463435362e4e372047353520323031386562	12878	3784
lcc	1	42463435362e4e37204834382032303138	12878	3784
lcc	1	42463435362e4e37204b35362032303230	12878	3784
lcc	1	42463435362e4e37204d33382032303038	12878	3784
lcc	1	42463435362e4e37204e33352031393936	12878	3784
lcc	1	42463435362e4e37204e33353b204246343536	12878	3784
lcc	1	42463435362e4e374236372032303039	12878	3784
lcc	1	42463435362e4e374239342032303130	12878	3784
lcc	1	42463435362e4e37443438342032303136	12878	3784
lcc	1	42463435362e4e374436392032303035	12878	3784
lcc	1	42463435362e4e374735362032303235	12878	3784
lcc	1	42463435362e4e374d32392032303038	12878	3784
lcc	1	42463435362e4e374e33	12878	3784
lcc	1	42463435362e4e374e33352031393936	12878	3784
lcc	1	42463435362e5232202e49393720323031356562	12878	3784
lcc	1	42463435362e5232204131342031393836	12878	3784
lcc	1	42463435362e5232204131342031393935	12878	3784
lcc	1	42463435362e52322041313420762e3533	12878	3784
lcc	1	42463435362e52322041313420762e3534	12878	3784
lcc	1	42463435362e52322041313420762e3536	12878	3784
lcc	1	42463435362e523220413134412031393939	12878	3784
lcc	1	42463435362e523220413134612031393938	12878	3784
lcc	1	42463435362e52322041333320313938366562	12878	3784
lcc	1	42463435362e5232204134362031393937	12878	3784
lcc	1	42463435362e5232204136352032303131	12878	3784
lcc	1	42463435362e5232204136372032303034	12878	3784
lcc	1	42463435362e5232204137362031393937	12878	3784
lcc	1	42463435362e5232204138362032303133	12878	3784
lcc	1	42463435362e5232204138372031393833	12878	3784
lcc	1	42463435362e5232204138382032303137	12878	3784
lcc	1	42463435362e523220423231382031393930	12878	3784
lcc	1	42463435362e523220423231382031393931	12878	3784
lcc	1	42463435362e5232204232313820313939316562	12878	3784
lcc	1	42463435362e5232204232313820323031323b	12878	3784
lcc	1	42463435362e5232204233372031393732	12878	3784
lcc	1	42463435362e5232204233382031393934	12878	3784
lcc	1	42463435362e5232204233382031393936	12878	3784
lcc	1	42463435362e523220423532382031393832	12878	3784
lcc	1	42463435362e5232204235332031393732	12878	3784
lcc	1	42463435362e523220423635352032303131	12878	3784
lcc	1	42463435362e5232204236353520323031316562	12878	3784
lcc	1	42463435362e52322042392032303134	12878	3784
lcc	1	42463435362e5232204239782031393938	12878	3784
lcc	1	42463435362e5232204332382032303137	12878	3784
lcc	1	42463435362e5232204333362031393732	12878	3784
lcc	1	42463435362e5232204333382032303131	12878	3784
lcc	1	42463435362e5232204334342032303132	12878	3784
lcc	1	42463435362e5232204335362031393837	12878	3784
lcc	1	42463435362e5232204336	12878	3784
lcc	1	42463435362e5232204336203139373962	12878	3784
lcc	1	42463435362e5232204336342031393939	12878	3784
lcc	1	42463435362e52322043363420313939396562	12878	3784
lcc	1	42463435362e52322043363731362031393933	12878	3784
lcc	1	42463435362e5232204337332031393832	12878	3784
lcc	1	42463435362e5232204337332031393932	12878	3784
lcc	1	42463435362e5232204338352032303135	12878	3784
lcc	1	42463435362e523220443237	12878	3784
lcc	1	42463435362e5232204435372031393832	12878	3784
lcc	1	42463435362e523220443637372032303135	12878	3784
lcc	1	42463435362e5232204535342031393930	12878	3784
lcc	1	42463435362e5232204539372031393837	12878	3784
lcc	1	42463435362e52322045393720313938376562	12878	3784
lcc	1	42463435362e5232204539382032303034	12878	3784
lcc	1	42463435362e52322046342031393732	12878	3784
lcc	1	42463435362e5232204634372032303031	12878	3784
lcc	1	42463435362e5232204636372031393834	12878	3784
lcc	1	42463435362e523220463734	12878	3784
lcc	1	42463435362e52322047332031393732	12878	3784
lcc	1	42463435362e5232204733352031393738	12878	3784
lcc	1	42463435362e523220473434	12878	3784
lcc	1	42463435362e523220473436	12878	3784
lcc	1	42463435362e5232204736342032303136	12878	3784
lcc	1	42463435362e5232204736352031393833	12878	3784
lcc	1	42463435362e5232204736352031393837	12878	3784
lcc	1	42463435362e5232204737362031393832	12878	3784
lcc	1	42463435362e5232204834362031393832	12878	3784
lcc	1	42463435362e5232204836372032303039	12878	3784
lcc	1	42463435362e52322048363720323030396562	12878	3784
lcc	1	42463435362e52322049352031393836	12878	3784
lcc	1	42463435362e523220493534	12878	3784
lcc	1	42463435362e5232204935382032303138	12878	3784
lcc	1	42463435362e5232204939372032303135	12878	3784
lcc	1	42463435362e5232204a38372031393836	12878	3784
lcc	1	42463435362e5232204a38372031393837	12878	3784
lcc	1	42463435362e5232204b33392031393834	12878	3784
lcc	1	42463435362e5232204c33342031393732	12878	3784
lcc	1	42463435362e5232204c33372031393837	12878	3784
lcc	1	42463435362e5232204c3338	12878	3784
lcc	1	42463435362e5232204c34342031393834	12878	3784
lcc	1	42463435362e5232204c3437352032303135	12878	3784
lcc	1	42463435362e5232204c3437352032303136	12878	3784
lcc	1	42463435362e5232204c34383233	12878	3784
lcc	1	42463435362e5232204c343832332031393739	12878	3784
lcc	1	42463435362e5232204c3438362032303030	12878	3784
lcc	1	42463435362e5232204c39372031393938	12878	3784
lcc	1	42463435362e5232204d35352032303133	12878	3784
lcc	1	42463435362e5232204d35372032303135	12878	3784
lcc	1	42463435362e5232204d36352031393730	12878	3784
lcc	1	42463435362e5232204d39352032303039	12878	3784
lcc	1	42463435362e5232204e32382032303137	12878	3784
lcc	1	42463435362e5232204e34382032303231	12878	3784
lcc	1	42463435362e5232204f32	12878	3784
lcc	1	42463435362e5232204f35372032303136	12878	3784
lcc	1	42463435362e5232204f39342032303135	12878	3784
lcc	1	42463435362e5232205033392031393939	12878	3784
lcc	1	42463435362e5232205034	12878	3784
lcc	1	42463435362e52322050342031393831	12878	3784
lcc	1	42463435362e52322050342032303137	12878	3784
lcc	1	42463435362e5232205035332032303038	12878	3784
lcc	1	42463435362e5232205035392032303136	12878	3784
lcc	1	42463435362e5232205037352032303133	12878	3784
lcc	1	42463435362e523220503736	12878	3784
lcc	1	42463435362e5232205037362032303039	12878	3784
lcc	1	42463435362e5232205037382031393832	12878	3784
lcc	1	42463435362e5232205037382032303132	12878	3784
lcc	1	42463435362e523220503739	12878	3784
lcc	1	42463435362e5232205037392031393739	12878	3784
lcc	1	42463435362e52322050373932	12878	3784
lcc	1	42463435362e52322050382031393932	12878	3784
lcc	1	42463435362e5232205038372032303139	12878	3784
lcc	1	42463435362e5232205039352031393833	12878	3784
lcc	1	42463435362e5232205233332031393839	12878	3784
lcc	1	42463435362e52322052333320313938396562	12878	3784
lcc	1	42463435362e5232205233332031393935	12878	3784
lcc	1	42463435362e5232205233332032303132	12878	3784
lcc	1	42463435362e52322052333320323031326562	12878	3784
lcc	1	42463435362e5232205233332032303133	12878	3784
lcc	1	42463435362e523220523333372031393935	12878	3784
lcc	1	42463435362e523220523333372032303133	12878	3784
lcc	1	42463435362e523220523333392032303030	12878	3784
lcc	1	42463435362e5232205234372031393835	12878	3784
lcc	1	42463435362e5232205235382031393930	12878	3784
lcc	1	42463435362e5232205235382032303138	12878	3784
lcc	1	42463435362e5232205236372031393835	12878	3784
lcc	1	42463435362e5232205238332032303036	12878	3784
lcc	1	42463435362e5232205333342031393834	12878	3784
lcc	1	42463435362e5232205333362031393835	12878	3784
lcc	1	42463435362e5232205333382032303036	12878	3784
lcc	1	42463435362e5232205333392032303136	12878	3784
lcc	1	42463435362e5232205334382031393839203c486562723e	12878	3784
lcc	1	42463435362e52322053343920323030376562	12878	3784
lcc	1	42463435362e5232205334392032303038	12878	3784
lcc	1	42463435362e5232205335372031393737	12878	3784
lcc	1	42463435362e5232205335372031393936	12878	3784
lcc	1	42463435362e523220533634	12878	3784
lcc	1	42463435362e5232205336382031393935	12878	3784
lcc	1	42463435362e5232205336383520313939396562	12878	3784
lcc	1	42463435362e523220533638352032303030	12878	3784
lcc	1	42463435362e5232205336392031393836	12878	3784
lcc	1	42463435362e5232205433362032303230	12878	3784
lcc	1	42463435362e5232205633362032303130	12878	3784
lcc	1	42463435362e5232205635372031393933	12878	3784
lcc	1	42463435362e5232205635373b204246343536	12878	3784
lcc	1	42463435362e5232205733332031393937	12878	3784
lcc	1	42463435362e523220573335	12878	3784
lcc	1	42463435362e52322057342031393732	12878	3784
lcc	1	42463435362e5232205736352032303138	12878	3784
lcc	1	42463435362e5232205a3837	12878	3784
lcc	1	42463435362e52322e4239373620313939386562	12878	3784
lcc	1	42463435362e52322e45393720313938376562	12878	3784
lcc	1	42463435362e52322e473633	12878	3784
lcc	1	42463435362e52322e493534	12878	3784
lcc	1	42463435362e52322e5233333720313939356562	12878	3784
lcc	1	42463435362e52322e52333920313938396562	12878	3784
lcc	1	42463435362e52324133332031393836	12878	3784
lcc	1	42463435362e52324138362032303133	12878	3784
lcc	1	42463435362e52324138372031393833	12878	3784
lcc	1	42463435362e5232423231382031393931	12878	3784
lcc	1	42463435362e52324233352031393934	12878	3784
lcc	1	42463435362e5232423635352032303130	12878	3784
lcc	1	42463435362e52324337332031393932	12878	3784
lcc	1	42463435362e52324338352032303135	12878	3784
lcc	1	42463435362e52324433362032303039	12878	3784
lcc	1	42463435362e52324433362032303130	12878	3784
lcc	1	42463435362e52324435372031393832	12878	3784
lcc	1	42463435362e5232443637372032303135	12878	3784
lcc	1	42463435362e52324539342032303034	12878	3784
lcc	1	42463435362e52324539372031393837	12878	3784
lcc	1	42463435362e52324836372032303039	12878	3784
lcc	1	42463435362e52324a36352032303233	12878	3784
lcc	1	42463435362e52324b35342032303232	12878	3784
lcc	1	42463435362e52324c34352032303233	12878	3784
lcc	1	42463435362e52324c3437352032303135	12878	3784
lcc	1	42463435362e52324c3437352032303136	12878	3784
lcc	1	42463435362e52324c34382031393830	12878	3784
lcc	1	42463435362e52324d32332032303232	12878	3784
lcc	1	42463435362e52324d35352032303133	12878	3784
lcc	1	42463435362e52324d35372032303135	12878	3784
lcc	1	42463435362e52324e32382032303137	12878	3784
lcc	1	42463435362e52324f35372032303136	12878	3784
lcc	1	42463435362e52324f39342032303135	12878	3784
lcc	1	42463435362e52325037352032303133	12878	3784
lcc	1	42463435362e52325037362031393935	12878	3784
lcc	1	42463435362e52325233332032303131	12878	3784
lcc	1	42463435362e5232523333372031393935	12878	3784
lcc	1	42463435362e5232523333392032303030	12878	3784
lcc	1	42463435362e5232523334352032303231	12878	3784
lcc	1	42463435362e52325234372031393835	12878	3784
lcc	1	42463435362e52325235382031393930	12878	3784
lcc	1	42463435362e52325334392032303037	12878	3784
lcc	1	42463435362e52325336382031393935	12878	3784
lcc	1	42463435362e52325539362031393936	12878	3784
lcc	1	42463435362e52325635352032303037	12878	3784
lcc	1	42463435362e52325635372031393933	12878	3784
lcc	1	42463435362e533634204b33332031393833	12878	3784
lcc	1	42463435362e533820413233	12878	3784
lcc	1	42463435362e533820433633	12878	3784
lcc	1	42463435362e53382048362031393732	12878	3784
lcc	1	42463435362e5338413233	12878	3784
lcc	1	42463435362e5738204138382032303135	12878	3784
lcc	1	42463435362e573820433633	12878	3784
lcc	1	42463435362e5738204336342032303137	12878	3784
lcc	1	42463435362e573820433734	12878	3784
lcc	1	42463435362e5738204733372031393835	12878	3784
lcc	1	42463435362e5738204e35332032303031	12878	3784
lcc	1	42463435362e5738205037352031393933	12878	3784
lcc	1	42463435362e5738205236372032303039	12878	3784
lcc	1	42463435362e5738205333352031393936	12878	3784
lcc	1	42463435362e57382053333520313939366562	12878	3784
lcc	1	42463435362e5738205333352032303133	12878	3784
lcc	1	42463435362e5738205336	12878	3784
lcc	1	42463435362e57382053362031393934	12878	3784
lcc	1	42463435362e573820533620313939346562	12878	3784
lcc	1	42463435362e57382053362032303133	12878	3784
lcc	1	42463435362e573820533633	12878	3784
lcc	1	42463435362e5738205337372032303034	12878	3784
lcc	1	42463435362e573820573735352032303132	12878	3784
lcc	1	42463435362e5738205737353520323031326562	12878	3784
lcc	1	42463435362e57382e53333520313939366562	12878	3784
lcc	1	42463435362e57382e533620313939346562	12878	3784
lcc	1	42463435362e5738433632362031393939	12878	3784
lcc	1	42463435362e57384633352032303230	12878	3784
lcc	1	42463435362e57384b34352031393934	12878	3784
lcc	1	42463435362e57384b35362031393939	12878	3784
lcc	1	42463435362e57385034362032303034	12878	3784
lcc	1	42463435362e57385236372031393834	12878	3784
lcc	1	42463435362e57385236372032303039	12878	3784
lcc	1	42463435362e57385333352031393936	12878	3784
lcc	1	42463435362e573853362031393934	12878	3784
lcc	1	42463435362e57385737352032303037	12878	3784
lcc	1	42463435362e57385a38362032303230	12878	3784
lcc	1	424634353652322041382031393837	12878	3784
lcc	1	4246343536573820433734	12878	3784
lcc	1	4246343538202e4134332032303136	12878	3784
lcc	1	4246343538202e4135332032303031	12878	3784
lcc	1	4246343538202e423337362032303132	12878	3784
lcc	1	4246343538202e4235382031393833	12878	3784
lcc	1	4246343538202e4333372032303033	12878	3784
lcc	1	4246343538202e4334332032303137	12878	3784
lcc	1	4246343538202e4334342032303032	12878	3784
lcc	1	4246343538202e43352031393737	12878	3784
lcc	1	4246343538202e4335382031393837	12878	3784
lcc	1	4246343538202e4336	12878	3784
lcc	1	4246343538202e4435	12878	3784
lcc	1	4246343538202e44362031393737	12878	3784
lcc	1	4246343538202e4438	12878	3784
lcc	1	4246343538202e4438372031393834	12878	3784
lcc	1	4246343538202e4534332032303134	12878	3784
lcc	1	4246343538202e4538332032303134	12878	3784
lcc	1	4246343538202e4538372031393934	12878	3784
lcc	1	4246343538202e4538372032303031	12878	3784
lcc	1	4246343538202e453933352031393939	12878	3784
lcc	1	4246343538202e4633	12878	3784
lcc	1	4246343538202e4636362032303031	12878	3784
lcc	1	4246343538202e4637	12878	3784
lcc	1	4246343538202e47363331332032303230	12878	3784
lcc	1	4246343538202e4736362032303132	12878	3784
lcc	1	4246343538202e473736	12878	3784
lcc	1	4246343538202e4737363135	12878	3784
lcc	1	4246343538202e4832	12878	3784
lcc	1	4246343538202e4832352031393939	12878	3784
lcc	1	4246343538202e4836352032303131	12878	3784
lcc	1	4246343538202e4935332031393932	12878	3784
lcc	1	4246343538202e4a36363220313938342042642e2037	12878	3784
lcc	1	4246343538202e4a36363220313938342042642e2038	12878	3784
lcc	1	4246343538202e4a383532	12878	3784
lcc	1	4246343538202e4a38362032303030	12878	3784
lcc	1	4246343538202e4a38372031393835	12878	3784
lcc	1	4246343538202e4b33372032303230	12878	3784
lcc	1	4246343538202e4b37342032303131	12878	3784
lcc	1	4246343538202e4b37362032303131	12878	3784
lcc	1	4246343538202e4c3239	12878	3784
lcc	1	4246343538202e4c32392031393531	12878	3784
lcc	1	4246343538202e4c32392031393533	12878	3784
lcc	1	4246343538202e4c33	12878	3784
lcc	1	4246343538202e4c332031393734	12878	3784
lcc	1	4246343538202e4c3437	12878	3784
lcc	1	4246343538202e4c35362031393831	12878	3784
lcc	1	4246343538202e4d33382031393938	12878	3784
lcc	1	4246343538202e4d34372031393939	12878	3784
lcc	1	4246343538202e4d36362032303138	12878	3784
lcc	1	4246343538202e4e3336392032303137	12878	3784
lcc	1	4246343538202e50332032303133	12878	3784
lcc	1	4246343538202e5033352031393739	12878	3784
lcc	1	4246343538202e503533352031393939	12878	3784
lcc	1	4246343538202e5035342031393937	12878	3784
lcc	1	4246343538202e5035342031393939	12878	3784
lcc	1	4246343538202e5035342032303037	12878	3784
lcc	1	4246343538202e522b	12878	3784
lcc	1	4246343538202e5238352032303034	12878	3784
lcc	1	4246343538202e533135342031393739	12878	3784
lcc	1	4246343538202e533135362031393934	12878	3784
lcc	1	4246343538202e5331353620313939346562	12878	3784
lcc	1	4246343538202e5331353620323031323b2042	12878	3784
lcc	1	4246343538202e533233	12878	3784
lcc	1	4246343538202e53352031393838	12878	3784
lcc	1	4246343538202e533631352031393838	12878	3784
lcc	1	4246343538202e5336332032303032	12878	3784
lcc	1	4246343538202e53363431332031393731	12878	3784
lcc	1	4246343538202e5339362032303035	12878	3784
lcc	1	4246343538202e5434362031393830	12878	3784
lcc	1	4246343538202e5435342031393833	12878	3784
lcc	1	4246343538202e5437332031393834	12878	3784
lcc	1	4246343538202e5734	12878	3784
lcc	1	4246343538202e5734373620323031346562	12878	3784
lcc	1	4246343538202e57352031393539	12878	3784
lcc	1	4246343538202e57352031393835	12878	3784
lcc	1	4246343538202e573537	12878	3784
lcc	1	4246343538204e34333133206e6f2e2035	12878	3784
lcc	1	4246343538205338352031393837	12878	3784
lcc	1	42463435382e4134332032303136	12878	3784
lcc	1	42463435382e4134332032303138	12878	3784
lcc	1	42463435382e423337362032303132	12878	3784
lcc	1	42463435382e4235382031393833	12878	3784
lcc	1	42463435382e4335382031393837	12878	3784
lcc	1	42463435382e4635362031393934	12878	3784
lcc	1	42463435382e4832352031393936	12878	3784
lcc	1	42463435382e4832352031393939	12878	3784
lcc	1	42463435382e4836352032303131	12878	3784
lcc	1	42463435382e4a383532	12878	3784
lcc	1	42463435382e4d36362032303138	12878	3784
lcc	1	42463435382e4f37382032303130	12878	3784
lcc	1	42463435382e50333520313937396562	12878	3784
lcc	1	42463435382e5035342031393937	12878	3784
lcc	1	42463435382e5234352032303137	12878	3784
lcc	1	42463435382e52363820323031336562	12878	3784
lcc	1	42463435382e533135362031393934	12878	3784
lcc	1	42463435382e5336332032303032	12878	3784
lcc	1	42463435382e5337342031393939	12878	3784
lcc	1	42463435382e533737352031393938	12878	3784
lcc	1	42463435382e5337382031393936	12878	3784
lcc	1	42463435382e5339362032303035	12878	3784
lcc	1	42463435382e5434362031393830	12878	3784
lcc	1	42463435382e5436332031393935	12878	3784
lcc	1	42463435382e5734373620323031346562	12878	3784
lcc	1	42463435382e57352031393835	12878	3784
lcc	1	4246343633202e4d34204d34332032303038	12878	3784
lcc	1	4246343633202e533634204b34342031393835	12878	3784
lcc	1	42463436332e493538204133332031393938	12878	3784
lcc	1	42463436332e493538204235362031393937	12878	3784
lcc	1	42463436332e493538204a33382031393939	12878	3784
lcc	1	42463436332e493538204c33372031393833	12878	3784
lcc	1	42463436332e493538205235392032303133	12878	3784
lcc	1	42463436332e4935384336352032303231	12878	3784
lcc	1	42463436332e4935384a33382032303030	12878	3784
lcc	1	42463436332e4935384e34382032303037	12878	3784
lcc	1	42463436332e4d34202e423334342032303138	12878	3784
lcc	1	42463436332e4d34202e4d34332032303038	12878	3784
lcc	1	42463436332e4d34204132332032303231	12878	3784
lcc	1	42463436332e4d34204134332032303030	12878	3784
lcc	1	42463436332e4d34204134362032303036	12878	3784
lcc	1	42463436332e4d34204232372032303135	12878	3784
lcc	1	42463436332e4d34204233342032303138	12878	3784
lcc	1	42463436332e4d34204234372032303132	12878	3784
lcc	1	42463436332e4d34204336362032303134	12878	3784
lcc	1	42463436332e4d34204436352032303036	12878	3784
lcc	1	42463436332e4d342047353320313939396562	12878	3784
lcc	1	42463436332e4d34204735382032303038	12878	3784
lcc	1	42463436332e4d34204736372032303130	12878	3784
lcc	1	42463436332e4d34204834352032303130	12878	3784
lcc	1	42463436332e4d34204838362031393938	12878	3784
lcc	1	42463436332e4d34204838362032303131	12878	3784
lcc	1	42463436332e4d34204838362032303132	12878	3784
lcc	1	42463436332e4d342048383620323031326562	12878	3784
lcc	1	42463436332e4d34204b36362032303035	12878	3784
lcc	1	42463436332e4d34204c33342032303036	12878	3784
lcc	1	42463436332e4d34204c34362032303232	12878	3784
lcc	1	42463436332e4d34204c38362031393833	12878	3784
lcc	1	42463436332e4d34204d33332032303033	12878	3784
lcc	1	42463436332e4d34204d34332032303038	12878	3784
lcc	1	42463436332e4d34204e33382031393934	12878	3784
lcc	1	42463436332e4d34204f33392032303031	12878	3784
lcc	1	42463436332e4d34204f333920323030316562	12878	3784
lcc	1	42463436332e4d3420503533	12878	3784
lcc	1	42463436332e4d342050353320313939316562	12878	3784
lcc	1	42463436332e4d34205037362031393937	12878	3784
lcc	1	42463436332e4d34205037372032303035	12878	3784
lcc	1	42463436332e4d34205037392031393931	12878	3784
lcc	1	42463436332e4d34205333362032303231	12878	3784
lcc	1	42463436332e4d34205339	12878	3784
lcc	1	42463436332e4d342e4f333920323030316562	12878	3784
lcc	1	42463436332e4d342e50373920313939316562	12878	3784
lcc	1	42463436332e4d3436	12878	3784
lcc	1	42463436332e4d3436205335332032303138	12878	3784
lcc	1	42463436332e4d34365335332032303138	12878	3784
lcc	1	42463436332e4d344233342032303138	12878	3784
lcc	1	42463436332e4d344234372032303132	12878	3784
lcc	1	42463436332e4d344335332032303231	12878	3784
lcc	1	42463436332e4d344336362032303134	12878	3784
lcc	1	42463436332e4d344735332031393939	12878	3784
lcc	1	42463436332e4d344835372032303132	12878	3784
lcc	1	42463436332e4d344838362031393938	12878	3784
lcc	1	42463436332e4d344e33382031393934	12878	3784
lcc	1	42463436332e4d344f33392031393839	12878	3784
lcc	1	42463436332e4d344f33392032303031	12878	3784
lcc	1	42463436332e4d345035332031393931	12878	3784
lcc	1	42463436332e4d345037362031393937	12878	3784
lcc	1	42463436332e4d345037392031393931	12878	3784
lcc	1	42463436332e4d345333362032303235	12878	3784
lcc	1	42463436332e4f32205935332032303133	12878	3784
lcc	1	42463436332e53363420413833	12878	3784
lcc	1	42463436332e533634204138392032303132	12878	3784
lcc	1	42463436332e5336342041392031393932	12878	3784
lcc	1	42463436332e533634204139332032303132	12878	3784
lcc	1	42463436332e533634204233342032303030	12878	3784
lcc	1	42463436332e533634204236362031393836	12878	3784
lcc	1	42463436332e533634204237352031393837	12878	3784
lcc	1	42463436332e533634204736372031393839	12878	3784
lcc	1	42463436332e5336342047363731332031393932	12878	3784
lcc	1	42463436332e533634204738352031393937	12878	3784
lcc	1	42463436332e533634204a33362031393833	12878	3784
lcc	1	42463436332e533634204c34332032303039	12878	3784
lcc	1	42463436332e533634204c35322031393935	12878	3784
lcc	1	42463436332e533634204c35352032303035	12878	3784
lcc	1	42463436332e533634204c35352032303036	12878	3784
lcc	1	42463436332e533634204c353520323030366562	12878	3784
lcc	1	42463436332e533634204c36322031393834	12878	3784
lcc	1	42463436332e533634204d35342032303133	12878	3784
lcc	1	42463436332e533634204d36392031393936	12878	3784
lcc	1	42463436332e533634204e33382031393836	12878	3784
lcc	1	42463436332e533634204f38332032303139	12878	3784
lcc	1	42463436332e533634205033362031393931	12878	3784
lcc	1	42463436332e53363420503532	12878	3784
lcc	1	42463436332e533634205036372032303132	12878	3784
lcc	1	42463436332e533634205234332031393936	12878	3784
lcc	1	42463436332e533634205235342031393939	12878	3784
lcc	1	42463436332e533634205236352032303031	12878	3784
lcc	1	42463436332e533634205334362031393835	12878	3784
lcc	1	42463436332e533634205336342032303137	12878	3784
lcc	1	42463436332e533634205336352032303139	12878	3784
lcc	1	42463436332e533634205336362031393837	12878	3784
lcc	1	42463436332e533634205734372032303032	12878	3784
lcc	1	42463436332e53363441382032303135	12878	3784
lcc	1	42463436332e53363441392031393932	12878	3784
lcc	1	42463436332e5336344738352031393937	12878	3784
lcc	1	42463436332e5336344c35322031393936	12878	3784
lcc	1	42463436332e5336344c35352032303035	12878	3784
lcc	1	42463436332e5336344c35352032303134	12878	3784
lcc	1	42463436332e5336344d33372031393938	12878	3784
lcc	1	42463436332e5336344e33382032303036	12878	3784
lcc	1	42463436332e53363450352031393939	12878	3784
lcc	1	42463436332e5336345238332031393936	12878	3784
lcc	1	42463436332e5336345336352032303139	12878	3784
lcc	1	42463436332e5336345336362031393837	12878	3784
lcc	1	42463436332e5336345734372032303032	12878	3784
lcc	1	42463436332e5535202e4d333831342032303036	12878	3784
lcc	1	42463436332e5535204137342031393939	12878	3784
lcc	1	42463436332e5535204333372032303134	12878	3784
lcc	1	42463436332e5535204336332032303038	12878	3784
lcc	1	42463436332e5535204336362031393939	12878	3784
lcc	1	42463436332e553520453432342032303130	12878	3784
lcc	1	42463436332e553520453433	12878	3784
lcc	1	42463436332e5535204534332031393835	12878	3784
lcc	1	42463436332e55352045343320313938356562	12878	3784
lcc	1	42463436332e5535204638362032303131	12878	3784
lcc	1	42463436332e5535204733372032303130	12878	3784
lcc	1	42463436332e5535204736332031393938	12878	3784
lcc	1	42463436332e553520473836372032303131	12878	3784
lcc	1	42463436332e5535204835352032303135	12878	3784
lcc	1	42463436332e5535204a35362032303131	12878	3784
lcc	1	42463436332e5535204d33372032303033	12878	3784
lcc	1	42463436332e5535204f38362032303130	12878	3784
lcc	1	42463436332e5535205035342032303230	12878	3784
lcc	1	42463436332e5535205037352032303036	12878	3784
lcc	1	42463436332e5535205233382032303230	12878	3784
lcc	1	42463436332e5535205535322032303037	12878	3784
lcc	1	42463436332e5535205535332032303038	12878	3784
lcc	1	42463436332e55352055353320323030386562	12878	3784
lcc	1	42463436332e5535205535332032303039	12878	3784
lcc	1	42463436332e55352e473232	12878	3784
lcc	1	42463436332e55354132382032303138	12878	3784
lcc	1	42463436332e55354333372032303134	12878	3784
lcc	1	42463436332e55354534332031393835	12878	3784
lcc	1	42463436332e5535473437352032303131	12878	3784
lcc	1	42463436332e55354737362032303231	12878	3784
lcc	1	42463436332e55354834372032303139	12878	3784
lcc	1	42463436332e55354937372032303138	12878	3784
lcc	1	42463436332e55354a34342032303033	12878	3784
lcc	1	42463436332e55354a35362032303131	12878	3784
lcc	1	42463436332e55354b352032303234	12878	3784
lcc	1	42463436332e55354e34342032303232	12878	3784
lcc	1	42463436332e55355234352032303230	12878	3784
lcc	1	42463436332e55355535332032303039	12878	3784
lcc	1	42463436332e563435204237392032303038	12878	3784
lcc	1	42463436332e563435204237392032303130	12878	3784
lcc	1	42463436332e563435204237392032303133	12878	3784
lcc	1	42463436332e56343520423739352032303038	12878	3784
lcc	1	42463436332e563435204237393562	12878	3784
lcc	1	42463436332e563435204238392032303032	12878	3784
lcc	1	42463436332e563435204238393138203230303378	12878	3784
lcc	1	42463436332e56343520443533	12878	3784
lcc	1	42463436332e563435204736362032303132	12878	3784
lcc	1	42463436332e563435204f34353133	12878	3784
lcc	1	42463436332e563435205436352032303036	12878	3784
lcc	1	42463436332e563435205436352032303130	12878	3784
lcc	1	42463436332e563435205735352032303134	12878	3784
lcc	1	42463436332e563435205a33342032303131	12878	3784
lcc	1	42463436332e5634354237392032303137	12878	3784
lcc	1	42463436332e563435423739352032303131	12878	3784
lcc	1	42463436332e56343542383920323030326562	12878	3784
lcc	1	42463436332e5634355436352032303130	12878	3784
lcc	1	42463436332e5634355735352032303134	12878	3784
lcc	1	4246343637202e4136372032303135	12878	5389
lcc	1	4246343637202e4333352031393934	12878	5389
lcc	1	4246343637202e43333520313939346562	12878	5389
lcc	1	4246343637202e4c35342031393937	12878	5389
lcc	1	4246343637202e4d3438332031393933	12878	5389
lcc	1	4246343637202e4d343838352032303136	12878	5389
lcc	1	4246343637202e4d3531332032303137	12878	5389
lcc	1	4246343637202e4e34382032303034	12878	5389
lcc	1	4246343637202e4e34392032303034	12878	5389
lcc	1	4246343637202e5034372032303036	12878	5389
lcc	1	4246343637202e503533	12878	5389
lcc	1	4246343637202e50373235206e2e722e2c206e722e203733	12878	5389
lcc	1	4246343637202e533336782031393837	12878	5389
lcc	1	4246343637202e5334342032303136	12878	5389
lcc	1	4246343637202e543336352031393937	12878	5389
lcc	1	4246343637202e5733352032303232	12878	5389
lcc	1	4246343637202e5734352032303037	12878	5389
lcc	1	42463436372e4333352031393934	12878	5389
lcc	1	42463436372e4333352031393935	12878	5389
lcc	1	42463436372e4c35342031393937	12878	5389
lcc	1	42463436372e4d343838352032303136	12878	5389
lcc	1	42463436372e4d3531332032303137	12878	5389
lcc	1	42463436372e4e34382032303034	12878	5389
lcc	1	42463436372e4e34392032303034	12878	5389
lcc	1	42463436372e5334342032303136	12878	5389
lcc	1	42463436372e543336352031393937	12878	5389
lcc	1	42463436372e543337	12878	5389
lcc	1	42463436372e54333733204435352031393830	12878	5389
lcc	1	42463436372e543337334435352031393830	12878	5389
lcc	1	4246343638202e4135342032303130	12878	5389
lcc	1	4246343638202e4137372032303035	12878	5389
lcc	1	4246343638202e4138372031393739	12878	5389
lcc	1	4246343638202e4233342032303035	12878	5389
lcc	1	4246343638202e4233392032303036	12878	5389
lcc	1	4246343638202e4234332032303035	12878	5389
lcc	1	4246343638202e4234372032303031	12878	5389
lcc	1	4246343638202e4236372032303034	12878	5389
lcc	1	4246343638202e4237332032303032	12878	5389
lcc	1	4246343638202e4335352031393839	12878	5389
lcc	1	4246343638202e4335352031393930	12878	5389
lcc	1	4246343638202e4335352032303134	12878	5389
lcc	1	4246343638202e43353520323031346562	12878	5389
lcc	1	4246343638202e433538	12878	5389
lcc	1	4246343638202e4336	12878	5389
lcc	1	4246343638202e4337342031393839	12878	5389
lcc	1	4246343638202e4433362031393933	12878	5389
lcc	1	4246343638202e4434332032303135	12878	5389
lcc	1	4246343638202e4434372031393931	12878	5389
lcc	1	4246343638202e4434382032303038	12878	5389
lcc	1	4246343638202e4434392032303038	12878	5389
lcc	1	4246343638202e443537342032303134	12878	5389
lcc	1	4246343638202e44382031393538	12878	5389
lcc	1	4246343638202e44383137203230303078	12878	5389
lcc	1	4246343638202e4533352031393837	12878	5389
lcc	1	4246343638202e4534342032303038	12878	5389
lcc	1	4246343638202e453533362032303035	12878	5389
lcc	1	4246343638202e453837352032303037	12878	5389
lcc	1	4246343638202e463536382032303131	12878	5389
lcc	1	4246343638202e46353720313939396562	12878	5389
lcc	1	4246343638202e46363831332031393735	12878	5389
lcc	1	4246343638202e4637352031393930	12878	5389
lcc	1	4246343638202e473337332032303039	12878	5389
lcc	1	4246343638202e4734342031393835	12878	5389
lcc	1	4246343638202e473536332032303037	12878	5389
lcc	1	4246343638202e473636372032303030	12878	5389
lcc	1	4246343638202e47363731332032303032	12878	5389
lcc	1	4246343638202e4737362032303230	12878	5389
lcc	1	4246343638202e473839332031393838	12878	5389
lcc	1	4246343638202e4833352032303132	12878	5389
lcc	1	4246343638202e4833352032303133	12878	5389
lcc	1	4246343638202e483335352032303132	12878	5389
lcc	1	4246343638202e4833362032303130	12878	5389
lcc	1	4246343638202e4833362032303131	12878	5389
lcc	1	4246343638202e4833372031393833	12878	5389
lcc	1	4246343638202e483634	12878	5389
lcc	1	4246343638202e4836352031393931	12878	5389
lcc	1	4246343638202e4836362032303035	12878	5389
lcc	1	4246343638202e493536203139393678	12878	5389
lcc	1	4246343638202e4935382032303133	12878	5389
lcc	1	4246343638202e4937352031393939	12878	5389
lcc	1	4246343638202e4a33332032303138	12878	5389
lcc	1	4246343638202e4a35362031393839	12878	5389
lcc	1	4246343638202e4a38332032303036	12878	5389
lcc	1	4246343638202e4b33372032303031	12878	5389
lcc	1	4246343638202e4b353431332032303037	12878	5389
lcc	1	4246343638202e4b3637352032303138	12878	5389
lcc	1	4246343638202e4b38392032303039	12878	5389
lcc	1	4246343638202e4c3337352032303032	12878	5389
lcc	1	4246343638202e4c3438372031393932	12878	5389
lcc	1	4246343638202e4c34383720313939326562	12878	5389
lcc	1	4246343638202e4c35332032303030	12878	5389
lcc	1	4246343638202e4c36352032303137	12878	5389
lcc	1	4246343638202e4c38342032303039	12878	5389
lcc	1	4246343638202e4d33332032303030	12878	5389
lcc	1	4246343638202e4d33352032303230	12878	5389
lcc	1	4246343638202e4d33362032303133	12878	5389
lcc	1	4246343638202e4d34352032303037	12878	5389
lcc	1	4246343638202e4d34362032303133	12878	5389
lcc	1	4246343638202e4d34392032303038	12878	5389
lcc	1	4246343638202e4e3432	12878	5389
lcc	1	4246343638202e4e36362032303230	12878	5389
lcc	1	4246343638202e4f353231382031393935	12878	5389
lcc	1	4246343638202e4f37	12878	5389
lcc	1	4246343638202e4f3733	12878	5389
lcc	1	4246343638202e4f37332031393735	12878	5389
lcc	1	4246343638202e4f37332031393937	12878	5389
lcc	1	4246343638202e503437352032303030	12878	5389
lcc	1	4246343638202e5035362031393836	12878	5389
lcc	1	4246343638202e5035362031393837	12878	5389
lcc	1	4246343638202e5035372032303137	12878	5389
lcc	1	4246343638202e50353720323031386162	12878	5389
lcc	1	4246343638202e503537203230313862	12878	5389
lcc	1	4246343638202e5036332031393930	12878	5389
lcc	1	4246343638202e5036352032303036	12878	5389
lcc	1	4246343638202e5036372031393937	12878	5389
lcc	1	4246343638202e5037332031393936	12878	5389
lcc	1	4246343638202e5037342031393934	12878	5389
lcc	1	4246343638202e5037392032303038	12878	5389
lcc	1	4246343638202e5038332032303036	12878	5389
lcc	1	4246343638202e5233362031393930	12878	5389
lcc	1	4246343638202e5234332032303130	12878	5389
lcc	1	4246343638202e523433342032303130	12878	5389
lcc	1	4246343638202e5234382031393835	12878	5389
lcc	1	4246343638202e5236342032303030	12878	5389
lcc	1	4246343638202e52363420323030306562	12878	5389
lcc	1	4246343638202e5333	12878	5389
lcc	1	4246343638202e5334372032303131	12878	5389
lcc	1	4246343638202e5335342032303230	12878	5389
lcc	1	4246343638202e5335362031393933	12878	5389
lcc	1	4246343638202e5335382032303130	12878	5389
lcc	1	4246343638202e533633362032303230	12878	5389
lcc	1	4246343638202e533634	12878	5389
lcc	1	4246343638202e5336382032303030	12878	5389
lcc	1	4246343638202e533720313939396562	12878	5389
lcc	1	4246343638202e533737203230303678	12878	5389
lcc	1	4246343638202e5338372032303034	12878	5389
lcc	1	4246343638202e5433382032303037	12878	5389
lcc	1	4246343638202e5434342031393834	12878	5389
lcc	1	4246343638202e543435372032303133	12878	5389
lcc	1	4246343638202e5434362031393938	12878	5389
lcc	1	4246343638202e5434382032303035	12878	5389
lcc	1	4246343638202e5435332031393932	12878	5389
lcc	1	4246343638202e5435342031393839	12878	5389
lcc	1	4246343638202e543534332032303031	12878	5389
lcc	1	4246343638202e54353433352032303032	12878	5389
lcc	1	4246343638202e543534342031393936	12878	5389
lcc	1	4246343638202e543534342032303033	12878	5389
lcc	1	4246343638202e543534352031393938	12878	5389
lcc	1	4246343638202e543534372032303135	12878	5389
lcc	1	4246343638202e5435352031393936	12878	5389
lcc	1	4246343638202e5435362031393835	12878	5389
lcc	1	4246343638202e5435362032303230	12878	5389
lcc	1	4246343638202e54353631362032303230	12878	5389
lcc	1	4246343638202e5435372032303036	12878	5389
lcc	1	4246343638202e543537352032303031	12878	5389
lcc	1	4246343638202e5535332032303035	12878	5389
lcc	1	4246343638202e55353320323030356562	12878	5389
lcc	1	4246343638202e5634352031393838	12878	5389
lcc	1	4246343638202e5637332032303131	12878	5389
lcc	1	4246343638202e5734332032303136	12878	5389
lcc	1	4246343638202e5734372031393930	12878	5389
lcc	1	4246343638202e573536	12878	5389
lcc	1	4246343638202e57353731332032303135	12878	5389
lcc	1	4246343638202e57353731332032303136	12878	5389
lcc	1	4246343638202e57353731332032303137	12878	5389
lcc	1	4246343638202e5735373331332032303138	12878	5389
lcc	1	4246343638202e57353820323031366562	12878	5389
lcc	1	4246343638202e5a33332032303232	12878	5389
lcc	1	4246343638202e5a33342032303035	12878	5389
lcc	1	4246343638202e5a33352031393938	12878	5389
lcc	1	4246343638202e5a33362031393938	12878	5389
lcc	1	4246343638202e5a34332032303039	12878	5389
lcc	1	4246343638202e5a34352031393839	12878	5389
lcc	1	4246343638202e5a34352031393933	12878	5389
lcc	1	4246343638202e5a35362032303039	12878	5389
lcc	1	4246343638202e5a39	12878	5389
lcc	1	4246343638204736382e32303034	12878	5389
lcc	1	42463436382048382031393732	12878	5389
lcc	1	4246343638204b3634742032303038	12878	5389
lcc	1	4246343638205037	12878	5389
lcc	1	4246343638205338372031393833	12878	5389
lcc	1	42463436382e4137372032303035	12878	5389
lcc	1	42463436382e4233342032303035	12878	5389
lcc	1	42463436382e4237332032303032	12878	5389
lcc	1	42463436382e4237352032303231	12878	5389
lcc	1	42463436382e4237372032303234	12878	5389
lcc	1	42463436382e4335352031393930	12878	5389
lcc	1	42463436382e43353520323031346562	12878	5389
lcc	1	42463436382e4533352031393837	12878	5389
lcc	1	42463436382e463536382032303131	12878	5389
lcc	1	42463436382e4635372031393939	12878	5389
lcc	1	42463436382e4637352031393930	12878	5389
lcc	1	42463436382e47363731332032303032	12878	5389
lcc	1	42463436382e4b353431332032303037	12878	5389
lcc	1	42463436382e4b3637352032303138	12878	5389
lcc	1	42463436382e4c332032303137	12878	5389
lcc	1	42463436382e4d33352032303230	12878	5389
lcc	1	42463436382e4d33362032303133	12878	5389
lcc	1	42463436382e4d33372032303130	12878	5389
lcc	1	42463436382e4d343520323030376562	12878	5389
lcc	1	42463436382e4e36372032303036	12878	5389
lcc	1	42463436382e4e363931332031393934	12878	5389
lcc	1	42463436382e4f33342032303234	12878	5389
lcc	1	42463436382e4f37332031393937	12878	5389
lcc	1	42463436382e5035372032303137	12878	5389
lcc	1	42463436382e5035372032303139	12878	5389
lcc	1	42463436382e5037392032303138	12878	5389
lcc	1	42463436382e5434382032303035	12878	5389
lcc	1	42463436382e54352032303234	12878	5389
lcc	1	42463436382e543534332032303031	12878	5389
lcc	1	42463436382e54353433352032303032	12878	5389
lcc	1	42463436382e543534342031393936	12878	5389
lcc	1	42463436382e543534352031393938	12878	5389
lcc	1	42463436382e543534372032303135	12878	5389
lcc	1	42463436382e5435372032303036	12878	5389
lcc	1	42463436382e5535332032303134	12878	5389
lcc	1	42463436382e5735372032303135	12878	5389
lcc	1	42463436382e57353731332032303137	12878	5389
lcc	1	42463436382e5735373331332032303138	12878	5389
lcc	1	42463436382e5a35362032303038	12878	5389
lcc	1	4246343639202e4132342032303030	12878	5389
lcc	1	4246343639202e4134362032303133	12878	5389
lcc	1	4246343639202e4136372032303037	12878	5389
lcc	1	4246343639202e4139372032303037	12878	5389
lcc	1	4246343639202e4234362031393939	12878	5389
lcc	1	4246343639202e4234392031393939	12878	5389
lcc	1	4246343639202e4236352032303131	12878	5389
lcc	1	4246343639202e4236392032303231	12878	5389
lcc	1	4246343639202e4237	12878	5389
lcc	1	4246343639202e4237332031393935	12878	5389
lcc	1	4246343639202e433636	12878	5389
lcc	1	4246343639202e4434352032303031	12878	5389
lcc	1	4246343639202e4436352031393931	12878	5389
lcc	1	4246343639202e443638	12878	5389
lcc	1	4246343639202e4436382032303035	12878	5389
lcc	1	4246343639202e4436382032303137	12878	5389
lcc	1	4246343639202e4534322031393833	12878	5389
lcc	1	4246343639202e4534322031393837	12878	5389
lcc	1	4246343639202e4534342032303037	12878	5389
lcc	1	4246343639202e4534352032303039	12878	5389
lcc	1	4246343639202e4538342031393832	12878	5389
lcc	1	4246343639202e4538362032303037	12878	5389
lcc	1	4246343639202e4634372031393837	12878	5389
lcc	1	4246343639202e4637342031393837	12878	5389
lcc	1	4246343639202e463734382032303133	12878	5389
lcc	1	4246343639202e4637352032303133	12878	5389
lcc	1	4246343639202e463735342032303133	12878	5389
lcc	1	4246343639202e4736352032303031	12878	5389
lcc	1	4246343639202e4737352032303130	12878	5389
lcc	1	4246343639202e4738	12878	5389
lcc	1	4246343639202e4832342032303130	12878	5389
lcc	1	4246343639202e4833	12878	5389
lcc	1	4246343639202e48332031393639	12878	5389
lcc	1	4246343639202e4833203139393058	12878	5389
lcc	1	4246343639202e483333	12878	5389
lcc	1	4246343639202e4833332031393937	12878	5389
lcc	1	4246343639202e48333320313939386562	12878	5389
lcc	1	4246343639202e4833342031393930	12878	5389
lcc	1	4246343639202e48333420313939306562	12878	5389
lcc	1	4246343639202e4833352031393836	12878	5389
lcc	1	4246343639202e48333531342031393731	12878	5389
lcc	1	4246343639202e48333620313939376562	12878	5389
lcc	1	4246343639202e483431323136332031393730	12878	5389
lcc	1	4246343639202e4834332031393833	12878	5389
lcc	1	4246343639202e483433203139383358	12878	5389
lcc	1	4246343639202e48343520313939396562	12878	5389
lcc	1	4246343639202e4836	12878	5389
lcc	1	4246343639202e48362032303038	12878	5389
lcc	1	4246343639202e4836342032303130	12878	5389
lcc	1	4246343639202e4838362032303033	12878	5389
lcc	1	4246343639202e48383620323030346562	12878	5389
lcc	1	4246343639202e4838372032303131	12878	5389
lcc	1	4246343639202e4934342031393939	12878	5389
lcc	1	4246343639202e4937342032303231	12878	5389
lcc	1	4246343639202e4939332032303033	12878	5389
lcc	1	4246343639202e4a34342032303133	12878	5389
lcc	1	4246343639202e4a36332032303035	12878	5389
lcc	1	4246343639202e4a36332032303036	12878	5389
lcc	1	4246343639202e4a36352032303037	12878	5389
lcc	1	4246343639202e4a363531382032303131	12878	5389
lcc	1	4246343639202e4a3635332032303037	12878	5389
lcc	1	4246343639202e4a36362032303032	12878	5389
lcc	1	4246343639202e4b33362032303131	12878	5389
lcc	1	4246343639202e4b33372032303132	12878	5389
lcc	1	4246343639202e4b34362032303232	12878	5389
lcc	1	4246343639202e4b34372032303030	12878	5389
lcc	1	4246343639202e4b3537382032303130	12878	5389
lcc	1	4246343639202e4b36362032303137	12878	5389
lcc	1	4246343639202e4b38342032303034	12878	5389
lcc	1	4246343639202e4c333920323030316562	12878	5389
lcc	1	4246343639202e4c34332031393835	12878	5389
lcc	1	4246343639202e4c352031393733	12878	5389
lcc	1	4246343639202e4d33	12878	5389
lcc	1	4246343639202e4d34342032303130	12878	5389
lcc	1	4246343639202e4d35342032303031	12878	5389
lcc	1	4246343639202e4d353520323030386562	12878	5389
lcc	1	4246343639202e4d3536352032303132	12878	5389
lcc	1	4246343639202e4d3537332032303131	12878	5389
lcc	1	4246343639202e4d35373320323031316562	12878	5389
lcc	1	4246343639202e4d3537352032303130	12878	5389
lcc	1	4246343639202e4d35373531382032303039	12878	5389
lcc	1	4246343639202e4d35373531382032303130	12878	5389
lcc	1	4246343639202e4d35382032303039	12878	5389
lcc	1	4246343639202e4d353834352032303131	12878	5389
lcc	1	4246343639202e4d3538352032303130	12878	5389
lcc	1	4246343639202e4d36342031393738	12878	5389
lcc	1	4246343639202e4d36352031393938	12878	5389
lcc	1	4246343639202e4d36382032303038	12878	5389
lcc	1	4246343639202e4e34372032303137	12878	5389
lcc	1	4246343639202e4e343720323031376562	12878	5389
lcc	1	4246343639202e4f34352031393833	12878	5389
lcc	1	4246343639202e4f34352032303134	12878	5389
lcc	1	4246343639202e5033372032303131	12878	5389
lcc	1	4246343639202e503437	12878	5389
lcc	1	4246343639202e5035392032303037	12878	5389
lcc	1	4246343639202e5036372032303137	12878	5389
lcc	1	4246343639202e5037332031393938	12878	5389
lcc	1	4246343639202e5235332031393939	12878	5389
lcc	1	4246343639202e5238352031393930	12878	5389
lcc	1	4246343639202e5333382032303034	12878	5389
lcc	1	4246343639202e5334352032303133	12878	5389
lcc	1	4246343639202e5334362032303037	12878	5389
lcc	1	4246343639202e5334392032303133	12878	5389
lcc	1	4246343639202e5336332032303130	12878	5389
lcc	1	4246343639202e533634	12878	5389
lcc	1	4246343639202e5336343136332031393732	12878	5389
lcc	1	4246343639202e5336352032303034	12878	5389
lcc	1	4246343639202e5336372031393832	12878	5389
lcc	1	4246343639202e533637352031393933	12878	5389
lcc	1	4246343639202e533637372032303134	12878	5389
lcc	1	4246343639202e533638	12878	5389
lcc	1	4246343639202e533638352031393933	12878	5389
lcc	1	4246343639202e533638352031393939	12878	5389
lcc	1	4246343639202e5336392031393833	12878	5389
lcc	1	4246343639202e5338392032303133	12878	5389
lcc	1	4246343639202e5435372031393835	12878	5389
lcc	1	4246343639202e55352032303032	12878	5389
lcc	1	4246343639202e5535362032303130	12878	5389
lcc	1	4246343639202e5538382032303130	12878	5389
lcc	1	4246343639202e5635372032303036	12878	5389
lcc	1	4246343639202e5733352032303035	12878	5389
lcc	1	4246343639202e5733352032303036	12878	5389
lcc	1	4246343639202e5739362031393839	12878	5389
lcc	1	4246343639204b34342031393838	12878	5389
lcc	1	4246343639205332352031393832	12878	5389
lcc	1	42463436392e4135333520323031346562	12878	5389
lcc	1	42463436392e4136372032303036	12878	5389
lcc	1	42463436392e42332032303234	12878	5389
lcc	1	42463436392e423720313937366562	12878	5389
lcc	1	42463436392e4336372032303233	12878	5389
lcc	1	42463436392e4433352032303138	12878	5389
lcc	1	42463436392e4436382032303035	12878	5389
lcc	1	42463436392e4637342031393837	12878	5389
lcc	1	42463436392e463734382032303133	12878	5389
lcc	1	42463436392e4637352032303133	12878	5389
lcc	1	42463436392e463735342032303133	12878	5389
lcc	1	42463436392e4736373138203230303662	12878	5389
lcc	1	42463436392e47363731382032303037	12878	5389
lcc	1	42463436392e48332031393930	12878	5389
lcc	1	42463436392e4833332031393937	12878	5389
lcc	1	42463436392e4834352031393939	12878	5389
lcc	1	42463436392e4838362032303033	12878	5389
lcc	1	42463436392e4838362032303034	12878	5389
lcc	1	42463436392e4838382032303235	12878	5389
lcc	1	42463436392e4934342031393939	12878	5389
lcc	1	42463436392e4a34342032303133	12878	5389
lcc	1	42463436392e4a363531382032303131	12878	5389
lcc	1	42463436392e4b3537382032303130	12878	5389
lcc	1	42463436392e4c3437352032303230	12878	5389
lcc	1	42463436392e4c34373531382032303231	12878	5389
lcc	1	42463436392e4c3437362032303233	12878	5389
lcc	1	42463436392e4c3437372032303234	12878	5389
lcc	1	42463436392e4d32362032303233	12878	5389
lcc	1	42463436392e4d33	12878	5389
lcc	1	42463436392e4d35352032303132	12878	5389
lcc	1	42463436392e4d3535362032303234	12878	5389
lcc	1	42463436392e4d35362031393938	12878	5389
lcc	1	42463436392e4d353632352032303131	12878	5389
lcc	1	42463436392e4d3537332032303131	12878	5389
lcc	1	42463436392e4d353831382032303039	12878	5389
lcc	1	42463436392e4d35383431332032303130	12878	5389
lcc	1	42463436392e4d3538352032303130	12878	5389
lcc	1	42463436392e4f34352031393833	12878	5389
lcc	1	42463436392e4f343520323031346562	12878	5389
lcc	1	42463436392e4f37205235382032303035	12878	5389
lcc	1	42463436392e4f374a36342032303037	12878	5389
lcc	1	42463436392e52343720323031336562	12878	5389
lcc	1	42463436392e5333372032303036	12878	5389
lcc	1	42463436392e533637352032303130	12878	5389
lcc	1	42463436392e533637372032303134	12878	5389
lcc	1	42463436392e533638352031393933	12878	5389
lcc	1	42463436392e533638352031393939	12878	5389
lcc	1	42463436392e5635372032303036	12878	5389
lcc	1	42463436392e5733352032303035	12878	5389
lcc	1	42463436392e5739362031393839	12878	5389
lcc	1	4246343731202e4237332031393839	12878	5389
lcc	1	4246343731202e4237362031393934	12878	5389
lcc	1	4246343731202e4d34342032303132	12878	5389
lcc	1	4246343731202e5332362031393839	12878	5389
lcc	1	4246343731202e5335362031393838	12878	5389
lcc	1	4246343731202e533536203139383863	12878	5389
lcc	1	4246343731202e5335362031393839	12878	5389
lcc	1	4246343731202e5437332032303037	12878	5389
lcc	1	424634373120533432352031393935	12878	5389
lcc	1	42463437312e42393932	12878	5389
lcc	1	42463437312e4335	12878	5389
lcc	1	4246343734	12878	5389
lcc	1	4246343734202e4d33372031393935	12878	5389
lcc	1	42463437342e4d33372031393935	12878	5389
lcc	1	4246343735202e4635352032303137	12878	5389
lcc	1	4246343735202e483537322032303037	12878	5389
lcc	1	4246343735202e4b34203230303078	12878	5389
lcc	1	4246343735202e4c34362031393738	12878	5389
lcc	1	4246343735202e4c34362031393831	12878	5389
lcc	1	4246343735202e4c34362031393836	12878	5389
lcc	1	4246343735202e4c34362032303036	12878	5389
lcc	1	4246343735202e4d3938782032303136	12878	5389
lcc	1	4246343735202e4e36372031393933	12878	5389
lcc	1	4246343735202e4f34342032303133	12878	5389
lcc	1	4246343735202e5239372032303130	12878	5389
lcc	1	4246343735202e5337382031393838	12878	5389
lcc	1	4246343735202e5433352032303138	12878	5389
lcc	1	42463437352045372031393834	12878	5389
lcc	1	42463437352e4c34362031393738	12878	5389
lcc	1	42463437352e4c34362031393932	12878	5389
lcc	1	42463437352e4c34362032303036	12878	5389
lcc	1	42463438312042343533702032303035	12878	5389
lcc	1	4246343831204437363172	12878	5389
lcc	1	4246343832202e4238372032303137	12878	5389
lcc	1	4246343832202e4336342032303131	12878	5389
lcc	1	4246343832202e4435332032303136	12878	5389
lcc	1	4246343832202e4737322031393739	12878	5389
lcc	1	4246343832202e4738362032303231	12878	5389
lcc	1	4246343832202e483335352032303132	12878	5389
lcc	1	4246343832202e483335352032303133	12878	5389
lcc	1	4246343832202e4833353531332032303135	12878	5389
lcc	1	4246343832202e4833362032303132	12878	5389
lcc	1	4246343832202e4836332032303133	12878	5389
lcc	1	4246343832202e48363320323031336562	12878	5389
lcc	1	4246343832202e4b38372032303036	12878	5389
lcc	1	4246343832202e4c35362032303139	12878	5389
lcc	1	4246343832202e5333332032303136	12878	5389
lcc	1	4246343832202e5635342032303230	12878	5389
lcc	1	42463438322e41372032303234	12878	5389
lcc	1	42463438322e4233352032303234	12878	5389
lcc	1	42463438322e4234332032303230	12878	5389
lcc	1	42463438322e4336342032303131	12878	5389
lcc	1	42463438322e4737322031393739	12878	5389
lcc	1	42463438322e4738362032303231	12878	5389
lcc	1	42463438322e4d33352032303231	12878	5389
lcc	1	42463438322e53332032303234	12878	5389
lcc	1	42463438322e53332032303235	12878	5389
lcc	1	42463438322e5333332032303136	12878	5389
lcc	1	4246343835202e4435382032303039	12878	5389
lcc	1	4246343835202e48362032303137	12878	5389
lcc	1	4246343835202e4a36352031393933	12878	5389
lcc	1	4246343835202e4b36332032303132	12878	5389
lcc	1	4246343835202e4e33362031393938	12878	5389
lcc	1	4246343835202e4e35332032303038	12878	5389
lcc	1	4246343835202e5034362032303135	12878	5389
lcc	1	4246343835202e5035352032303030	12878	5389
lcc	1	4246343835202e5037352032303231	12878	5389
lcc	1	4246343835202e5039362032303138	12878	5389
lcc	1	4246343835202e5233382032303133	12878	5389
lcc	1	4246343835202e5236332032303031	12878	5389
lcc	1	4246343835202e5332352032303035	12878	5389
lcc	1	4246343835202e5335372032303131	12878	5389
lcc	1	4246343835202e5338342032303231	12878	5389
lcc	1	4246343835202e5636352032303036	12878	5389
lcc	1	4246343835202e5733372031393837	12878	5389
lcc	1	4246343835202e573537	12878	5389
lcc	1	4246343835202e5a34372032303132	12878	5389
lcc	1	42463438352e44332032303234	12878	5389
lcc	1	42463438352e4736352032303132	12878	5389
lcc	1	42463438352e4833342032303231	12878	5389
lcc	1	42463438352e4835332032303035	12878	5389
lcc	1	42463438352e4f332032303138	12878	5389
lcc	1	42463438352e5135362032303139	12878	5389
lcc	1	42463438352e5733382032303035	12878	5389
lcc	1	42463438352e5733382032303037	12878	5389
lcc	1	42463438392e533337204135342032303035	12878	5389
lcc	1	4246343931202d2d202e48333520323031336562	12878	5389
lcc	1	4246343931202e4237342031393838	12878	5389
lcc	1	4246343931202e4339392031393835	12878	5389
lcc	1	4246343931202e4733372031393937	12878	5389
lcc	1	4246343931202e4734362031393836	12878	5389
lcc	1	4246343931202e4833352032303133	12878	5389
lcc	1	4246343931202e4935342032303130	12878	5389
lcc	1	4246343931202e4935382032303031	12878	5389
lcc	1	4246343931202e4e353631332032303031	12878	5389
lcc	1	4246343931202e523433	12878	5389
lcc	1	4246343931202e5234332031393734	12878	5389
lcc	1	4246343931202e5234332031393838	12878	5389
lcc	1	4246343931202e523637	12878	5389
lcc	1	4246343931202e5236373134	12878	5389
lcc	1	4246343931202e5335342031393932	12878	5389
lcc	1	4246343931202e5339332031393832	12878	5389
lcc	1	4246343931202e543735382031393936	12878	5389
lcc	1	42463439312e4237342031393838	12878	5389
lcc	1	42463439312e4833352032303133	12878	5389
lcc	1	42463439312e4833352032303234	12878	5389
lcc	1	42463439312e5234332031393838	12878	5389
lcc	1	424a2031343139205435332032303030	4504	4494
lcc	1	424a2031343231202e5734352031393838	4504	4494
lcc	1	424a2031343431202e4a36362031393838	4504	4494
lcc	1	424a2031343531204237342032303030	4504	4494
lcc	1	424a2031343531205234382032303031	4504	4494
lcc	1	424a20313435322042373831332032303030	4504	4494
lcc	1	424a2031343630202e463638	4504	4494
lcc	1	424a2031343639204b33382032303031	4504	4494
lcc	1	424a20313437302e35204336392032303030	4504	4494
lcc	1	424a20313437302e35204735352032303030	4504	4494
lcc	1	424a2031343734202e4333372032303034	4504	4494
lcc	1	424a2031343734202e4d34352031393934	4504	4494
lcc	1	424a2031343734204836342031393939	4504	4494
lcc	1	424a2031343938202e503531332031393939	4504	4494
lcc	1	424a2031343938202e573931332031393938	4504	4494
lcc	1	424a203134393820503439352032303031	4504	4494
lcc	1	424a2031353030202e443638204436332032303031	4504	4494
lcc	1	424a2731343632275335352731393839	4504	4494
lcc	1	424a27313437312e35274738363134	4504	4494
lcc	1	424a2731343832274138	4504	4494
lcc	1	424a273134383727473733	4504	4494
lcc	1	424a31333430202e4234372032303039	4504	4494
lcc	1	424a31333430202e4235372032303035	4504	4494
lcc	1	424a31333430202e4538352032303036	4504	4494
lcc	1	424a31333430202e4539352032303030	4504	4494
lcc	1	424a31333430202e4539362032303036	4504	4494
lcc	1	424a31333430202e4633352031393936	4504	4494
lcc	1	424a31333430202e46373431332032303137	4504	4494
lcc	1	424a31333430202e4838362032303037	4504	4494
lcc	1	424a31333430202e4b33372031393831	4504	4494
lcc	1	424a31333430202e4b36362032303132	4504	4494
lcc	1	424a31333430202e4d3333322032303135	4504	4494
lcc	1	424a31333430202e4d34362031393838	4504	4494
lcc	1	424a31333430202e4d36332032303232	4504	4494
lcc	1	424a31333430202e5933352031393935	4504	4494
lcc	1	424a313334302b	4504	4494
lcc	1	424a313334302e4133352032303138	4504	4494
lcc	1	424a313334302e46373431332032303137	4504	4494
lcc	1	424a313334302e4839332032303138	4504	4494
lcc	1	424a31333439202e4d33332031393935	4504	4494
lcc	1	424a313334392e4d33332031393935	4504	4494
lcc	1	424a31333533202e5434342031393939	4504	4494
lcc	1	424a31333731202e5034372031393939	4504	4494
lcc	1	424a313337312e5034372031393939	4504	4494
lcc	1	424a31333932	4504	4494
lcc	1	424a31333932202e5633372031393939	4504	4494
lcc	1	424a31333932202e5633372032303033	4504	4494
lcc	1	424a31333932202e5633372032303035	4504	4494
lcc	1	424a31333932202e5633372032303131	4504	4494
lcc	1	424a31333932202e56333731382032303135	4504	4494
lcc	1	424a31333932202e573335342032303135	4504	4494
lcc	1	424a313430302d31353030	4504	4494
lcc	1	424a31343039202e4135332032303136	4504	4494
lcc	1	424a31343039202e4137362032303130	4504	4494
lcc	1	424a31343039202e4139362032303030	4504	4494
lcc	1	424a31343039202e423439362032303139	4504	4494
lcc	1	424a31343039202e4235382032303134	4504	4494
lcc	1	424a31343039202e4235382032303137	4504	4494
lcc	1	424a31343039202e4334362032303036	4504	4494
lcc	1	424a31343039202e4336362032303130	4504	4494
lcc	1	424a31343039202e4336372032303131	4504	4494
lcc	1	424a31343039202e43363720323031326562	4504	4494
lcc	1	424a31343039202e4435332032303030	4504	4494
lcc	1	424a31343039202e4436352032303131	4504	4494
lcc	1	424a31343039202e4436382032303032	4504	4494
lcc	1	424a31343039202e4635352032303134	4504	4494
lcc	1	424a31343039202e4734362032303230	4504	4494
lcc	1	424a31343039202e4833	4504	4494
lcc	1	424a31343039202e4834332031393837	4504	4494
lcc	1	424a31343039202e48352031383930	4504	4494
lcc	1	424a31343039202e4a35352032303034	4504	4494
lcc	1	424a31343039202e4a3631322031393931	4504	4494
lcc	1	424a31343039202e4a383631332032303038	4504	4494
lcc	1	424a31343039202e4a38372032303231	4504	4494
lcc	1	424a31343039202e4b36342031393836	4504	4494
lcc	1	424a31343039202e4b36362032303132	4504	4494
lcc	1	424a31343039202e4b36382032303039	4504	4494
lcc	1	424a31343039202e4c34382032303039	4504	4494
lcc	1	424a31343039202e4c35	4504	4494
lcc	1	424a31343039202e4d33382032303139	4504	4494
lcc	1	424a31343039202e4e33382032303133	4504	4494
lcc	1	424a31343039202e4f33332031393937	4504	4494
lcc	1	424a31343039202e5034352032303139	4504	4494
lcc	1	424a31343039202e5036372032303030	4504	4494
lcc	1	424a31343039202e50363720323030306562	4504	4494
lcc	1	424a31343039202e5333333133	4504	4494
lcc	1	424a31343039202e5333352031393837	4504	4494
lcc	1	424a31343039202e5334332032303135	4504	4494
lcc	1	424a31343039202e5334362032303130	4504	4494
lcc	1	424a31343039202e5336342031393839	4504	4494
lcc	1	424a31343039202e5336382032303133	4504	4494
lcc	1	424a31343039202e5338352032303134	4504	4494
lcc	1	424a31343039202e5339362032303032	4504	4494
lcc	1	424a31343039202e563437372032303033	4504	4494
lcc	1	424a31343039202e5634382032303034	4504	4494
lcc	1	424a31343039202e56343831332032303039	4504	4494
lcc	1	424a31343039202e5936382032303030	4504	4494
lcc	1	424a31343039202e5a35352031393933	4504	4494
lcc	1	424a3134303920433636352032303230	4504	4494
lcc	1	424a31343039204732322e32303037	4504	4494
lcc	1	424a313430392e35202e4234352032303132	4504	4494
lcc	1	424a313430392e35202e4236362032303139	4504	4494
lcc	1	424a313430392e35202e4238372032303137	4504	4494
lcc	1	424a313430392e35202e4434352032303130	4504	4494
lcc	1	424a313430392e35202e4439352032303135	4504	4494
lcc	1	424a313430392e35202e4534342032303139	4504	4494
lcc	1	424a313430392e35202e4538342032303137	4504	4494
lcc	1	424a313430392e35202e4833362032303230	4504	4494
lcc	1	424a313430392e35202e4b37332032303131	4504	4494
lcc	1	424a313430392e35202e4c33333136342032303032	4504	4494
lcc	1	424a313430392e35202e4c35362032303130	4504	4494
lcc	1	424a313430392e35202e4d35352031393838	4504	4494
lcc	1	424a313430392e35202e4d36362032303131	4504	4494
lcc	1	424a313430392e35202e4d36372031393937	4504	4494
lcc	1	424a313430392e35202e5036342032303030	4504	4494
lcc	1	424a313430392e35202e5134372032303132	4504	4494
lcc	1	424a313430392e35202e5337342032303134	4504	4494
lcc	1	424a313430392e35202e5337372032303230	4504	4494
lcc	1	424a313430392e35202e5636342032303034	4504	4494
lcc	1	424a313430392e35202e5734352032303034	4504	4494
lcc	1	424a313430392e352e4234352032303132	4504	4494
lcc	1	424a313430392e352e42343520323031326562	4504	4494
lcc	1	424a313430392e352e4439352032303135	4504	4494
lcc	1	424a313430392e352e4439352032303137	4504	4494
lcc	1	424a313430392e352e4538342032303136	4504	4494
lcc	1	424a313430392e352e4538342032303230	4504	4494
lcc	1	424a313430392e352e4833362032303230	4504	4494
lcc	1	424a313430392e352e4b37342032303231	4504	4494
lcc	1	424a313430392e352e4d35352031393838	4504	4494
lcc	1	424a313430392e352e4d36352032303233	4504	4494
lcc	1	424a313430392e352e4d36352032303234	4504	4494
lcc	1	424a313430392e352e5036342032303030	4504	4494
lcc	1	424a313430392e352e5134372032303132	4504	4494
lcc	1	424a313430392e352e5332382032303139	4504	4494
lcc	1	424a313430392e352e5337342032303134	4504	4494
lcc	1	424a313430392e352e5636342032303034	4504	4494
lcc	1	424a313430392e4135332032303136	4504	4494
lcc	1	424a313430392e4334362032303036	4504	4494
lcc	1	424a313430392e4336372032303131	4504	4494
lcc	1	424a313430392e4336372032303132	4504	4494
lcc	1	424a313430392e4336372032303135	4504	4494
lcc	1	424a313430392e433637352032303230	4504	4494
lcc	1	424a313430392e463339352032303233	4504	4494
lcc	1	424a313430392e4734362032303230	4504	4494
lcc	1	424a313430392e4c36342031393931	4504	4494
lcc	1	424a313430392e5034352032303138	4504	4494
lcc	1	424a313430392e5034352032303230	4504	4494
lcc	1	424a313430392e5036372031393939	4504	4494
lcc	1	424a313430392e5235382032303137	4504	4494
lcc	1	424a313430392e5235382032303230	4504	4494
lcc	1	424a313430392e5333352031393835	4504	4494
lcc	1	424a313430392e5338352032303134	4504	4494
lcc	1	424a313430392e5635372032303236	4504	4494
lcc	1	424a31343130202e5034372032303030	4504	4494
lcc	1	424a31343131202e4233362032303136	4504	4494
lcc	1	424a31343131202e4635332031393733	4504	4494
lcc	1	424a31343131202e4f362032303034	4504	4494
lcc	1	424a31343131202e5333392032303132	4504	4494
lcc	1	424a31343131202e5334332031393939	4504	4494
lcc	1	424a31343131202e5334382032303132	4504	4494
lcc	1	424a31343131202e533635342031393933	4504	4494
lcc	1	424a313431312e4233362032303136	4504	4494
lcc	1	424a313431312e4334332032303135	4504	4494
lcc	1	424a313431312e4d35352031393834	4504	4494
lcc	1	424a313431312e5034382032303233	4504	4494
lcc	1	424a313431312e5333362031393938	4504	4494
lcc	1	424a31343132202e4233342032303138	4504	4494
lcc	1	424a31343132202e4f34352032303034	4504	4494
lcc	1	424a31343133202e42373431332031393032	4504	4494
lcc	1	424a31343133202e4934362032303137	4504	4494
lcc	1	424a31343133202e4d34	4504	4494
lcc	1	424a31343133204933342031393834	4504	4494
lcc	1	424a31343136	4504	4494
lcc	1	424a31343136202e483736352031393937	4504	4494
lcc	1	424a31343136202e5337372031393836	4504	4494
lcc	1	424a313431382e35202e4136342031393938	4504	4494
lcc	1	424a313431382e35202e4738362031393933	4504	4494
lcc	1	424a313431382e35202e47383631332031393933	4504	4494
lcc	1	424a313431382e352e47383631332031393933	4504	4494
lcc	1	424a313431382e352e4836352031393938	4504	4494
lcc	1	424a313431382e4335204334382031393936	4504	4494
lcc	1	424a313431382e4a33205436362032303033	4504	4494
lcc	1	424a31343139202e4134352032303037	4504	4494
lcc	1	424a31343139202e42353320323032316562	4504	4494
lcc	1	424a31343139202e43343231342032303137	4504	4494
lcc	1	424a31343139202e4334332032303032	4504	4494
lcc	1	424a31343139202e43343320323031336562	4504	4494
lcc	1	424a31343139202e4534342032303030	4504	4494
lcc	1	424a31343139202e4538342032303133	4504	4494
lcc	1	424a31343139202e4538352032303139	4504	4494
lcc	1	424a31343139202e4733342031393931	4504	4494
lcc	1	424a31343139202e4736392031393934	4504	4494
lcc	1	424a31343139202e4833352032303135	4504	4494
lcc	1	424a31343139202e4b35362032303038	4504	4494
lcc	1	424a31343139202e4b36362032303038	4504	4494
lcc	1	424a31343139202e4b37332032303130	4504	4494
lcc	1	424a31343139202e4c33362032303138	4504	4494
lcc	1	424a31343139202e4c33382032303133	4504	4494
lcc	1	424a31343139202e4c35332032303231	4504	4494
lcc	1	424a31343139202e4c36332032303030	4504	4494
lcc	1	424a31343139202e4c36362032303037	4504	4494
lcc	1	424a31343139202e4d33332032303034	4504	4494
lcc	1	424a31343139202e4d33352031393839	4504	4494
lcc	1	424a31343139202e4d35332032303036	4504	4494
lcc	1	424a31343139202e4d36372032303039	4504	4494
lcc	1	424a31343139202e4d363720323030396562	4504	4494
lcc	1	424a31343139202e4e35332031393837	4504	4494
lcc	1	424a31343139202e4e35332032303035	4504	4494
lcc	1	424a31343139202e4e3533332032303132	4504	4494
lcc	1	424a31343139202e4e35342032303132	4504	4494
lcc	1	424a31343139202e5033372031393932	4504	4494
lcc	1	424a31343139202e5238332031393934	4504	4494
lcc	1	424a31343139202e5332382032303034	4504	4494
lcc	1	424a31343139202e53323820323030346562	4504	4494
lcc	1	424a31343139202e5333352032303033	4504	4494
lcc	1	424a31343139202e5337332031393931	4504	4494
lcc	1	424a31343139202e5337332031393931203c486562723e	4504	4494
lcc	1	424a31343139202e53373331332031393935	4504	4494
lcc	1	424a31343139202e5338372032303039	4504	4494
lcc	1	424a31343139202e5433332032303136	4504	4494
lcc	1	424a31343139202e5435332031393939	4504	4494
lcc	1	424a31343139202e5435332032303030	4504	4494
lcc	1	424a31343139202e5633352031393839	4504	4494
lcc	1	424a31343139202e5734352032303030	4504	4494
lcc	1	424a31343139202e5a3434392032303034	4504	4494
lcc	1	424a313431392e43332032303133	4504	4494
lcc	1	424a313431392e4334332032303031	4504	4494
lcc	1	424a313431392e43343320323031336562	4504	4494
lcc	1	424a313431392e4736392031393934	4504	4494
lcc	1	424a313431392e4836382032303038	4504	4494
lcc	1	424a313431392e4838372031393839	4504	4494
lcc	1	424a313431392e4b342032303230	4504	4494
lcc	1	424a313431392e4c36332032303030	4504	4494
lcc	1	424a313431392e4e35342032303132	4504	4494
lcc	1	424a313431392e5033372031393932	4504	4494
lcc	1	424a313431392e5435332031393939	4504	4494
lcc	1	424a313431392e5633352031393839	4504	4494
lcc	1	424a313431392e5734352032303030	4504	4494
lcc	1	424a31343230202e413232332031393937	4504	4494
lcc	1	424a31343230202e41332031393833	4504	4494
lcc	1	424a31343230202e41332031393937	4504	4494
lcc	1	424a31343230202e4333382032303135	4504	4494
lcc	1	424a31343230202e453933382032303038	4504	4494
lcc	1	424a31343230202e4d34362032303036	4504	4494
lcc	1	424a31343230202e53332031393839	4504	4494
lcc	1	424a31343231202e4134362032303037	4504	4494
lcc	1	424a31343231202e4134362032303130	4504	4494
lcc	1	424a31343231202e4135332031393932	4504	4494
lcc	1	424a31343231202e4233332031393835	4504	4494
lcc	1	424a31343231202e4233332032303036	4504	4494
lcc	1	424a31343231202e4233342031393833	4504	4494
lcc	1	424a31343231202e4233372032303037	4504	4494
lcc	1	424a31343231202e423634	4504	4494
lcc	1	424a31343231202e4236342031393739	4504	4494
lcc	1	424a31343231202e4236342031393830	4504	4494
lcc	1	424a31343231202e4236342031393839	4504	4494
lcc	1	424a31343231202e4236342031393939	4504	4494
lcc	1	424a31343231202e42363420313939396562	4504	4494
lcc	1	424a31343231202e4236362032303035	4504	4494
lcc	1	424a31343231202e4236392032303137	4504	4494
lcc	1	424a31343231202e4238352032303036	4504	4494
lcc	1	424a31343231202e4333352032303031	4504	4494
lcc	1	424a31343231202e4333372032303130	4504	4494
lcc	1	424a31343231202e4333382032303039	4504	4494
lcc	1	424a31343231202e4335342032303231	4504	4494
lcc	1	424a31343231202e4336342032303133	4504	4494
lcc	1	424a31343231202e4337382032303230	4504	4494
lcc	1	424a31343231202e443236	4504	4494
lcc	1	424a31343231202e4433362032303137	4504	4494
lcc	1	424a31343231202e4433382032303137	4504	4494
lcc	1	424a31343231202e4434332032303130	4504	4494
lcc	1	424a31343231202e4434362032303134	4504	4494
lcc	1	424a31343231202e4434362032303135	4504	4494
lcc	1	424a31343231202e4434372032303039	4504	4494
lcc	1	424a31343231202e4534352032303034	4504	4494
lcc	1	424a31343231202e4636382032303031	4504	4494
lcc	1	424a31343231202e46363831342032303136	4504	4494
lcc	1	424a31343231202e4637332032303035	4504	4494
lcc	1	424a31343231202e4637333136332032303036	4504	4494
lcc	1	424a31343231202e4736342031393930	4504	4494
lcc	1	424a31343231202e4a3338342032303132	4504	4494
lcc	1	424a31343231202e4a33392032303130	4504	4494
lcc	1	424a31343231202e4b33372032303131	4504	4494
lcc	1	424a31343231202e4b34392032303034	4504	4494
lcc	1	424a31343231202e4b35332032303038	4504	4494
lcc	1	424a31343231202e4b36372032303139	4504	4494
lcc	1	424a31343231202e4b39352032303033	4504	4494
lcc	1	424a31343231202e4c34372032303131	4504	4494
lcc	1	424a31343231202e4c39342032303138	4504	4494
lcc	1	424a31343231202e4c39352032303035	4504	4494
lcc	1	424a31343231202e4c39352032303136	4504	4494
lcc	1	424a31343231202e4c39362032303039	4504	4494
lcc	1	424a31343231202e4d33342032303038	4504	4494
lcc	1	424a31343231202e4d33342032303134	4504	4494
lcc	1	424a31343231202e4d36353135332032303135	4504	4494
lcc	1	424a31343231202e4e38332031393933	4504	4494
lcc	1	424a31343231202e4e38332031393934	4504	4494
lcc	1	424a31343231202e4f39342032303139	4504	4494
lcc	1	424a31343231202e503339382031393931	4504	4494
lcc	1	424a31343231202e5034352032303039	4504	4494
lcc	1	424a31343231202e5034362031393931	4504	4494
lcc	1	424a31343231202e5236392032303130	4504	4494
lcc	1	424a31343231202e5236392032303131	4504	4494
lcc	1	424a31343231202e5238372031393938	4504	4494
lcc	1	424a31343231202e5332382032303132	4504	4494
lcc	1	424a31343231202e5334372032303031	4504	4494
lcc	1	424a31343231202e5335332032303133	4504	4494
lcc	1	424a31343231202e5335332032303134	4504	4494
lcc	1	424a31343231202e533535342032303134	4504	4494
lcc	1	424a31343231202e5336362032303032	4504	4494
lcc	1	424a31343231202e5339332032303232	4504	4494
lcc	1	424a31343231202e5437382031393833	4504	4494
lcc	1	424a31343231202e5735342032303132	4504	4494
lcc	1	424a31343231202e5936382032303137	4504	4494
lcc	1	424a31343231204333352032303031	4504	4494
lcc	1	424a313432312e413435204235382032303037	4504	4494
lcc	1	424a313432312e4233332032303036	4504	4494
lcc	1	424a313432312e423333352031393931	4504	4494
lcc	1	424a313432312e4233342031393833	4504	4494
lcc	1	424a313432312e42342031393834	4504	4494
lcc	1	424a313432312e4236342031393939	4504	4494
lcc	1	424a313432312e4236392031393931	4504	4494
lcc	1	424a313432312e4237362031393938	4504	4494
lcc	1	424a313432312e4238352032303036	4504	4494
lcc	1	424a313432312e4333352032303031	4504	4494
lcc	1	424a313432312e4333352032303032	4504	4494
lcc	1	424a313432312e4336342032303133	4504	4494
lcc	1	424a313432312e4434362032303134	4504	4494
lcc	1	424a313432312e4434362032303136	4504	4494
lcc	1	424a313432312e4435372032303039	4504	4494
lcc	1	424a313432312e4533362031393835	4504	4494
lcc	1	424a313432312e4636382032303031	4504	4494
lcc	1	424a313432312e4637332032303036	4504	4494
lcc	1	424a313432312e4736342031393930	4504	4494
lcc	1	424a313432312e4a33392032303130	4504	4494
lcc	1	424a313432312e4b33372032303131	4504	4494
lcc	1	424a313432312e4b34392032303034	4504	4494
lcc	1	424a313432312e4b39352032303032	4504	4494
lcc	1	424a313432312e4c342032303132	4504	4494
lcc	1	424a313432312e4c39362032303039	4504	4494
lcc	1	424a313432312e4d32382032303135	4504	4494
lcc	1	424a313432312e4d3239392032303038	4504	4494
lcc	1	424a313432312e4e38332031393933	4504	4494
lcc	1	424a313432312e4e38332031393934	4504	4494
lcc	1	424a313432312e4f39342032303139	4504	4494
lcc	1	424a313432312e50342032303234	4504	4494
lcc	1	424a313432312e5034352032303039	4504	4494
lcc	1	424a313432312e5037332032303138	4504	4494
lcc	1	424a313432312e5234352032303235	4504	4494
lcc	1	424a313432312e53322032303135	4504	4494
lcc	1	424a313432312e533335382032303130	4504	4494
lcc	1	424a313432312e5334372032303031	4504	4494
lcc	1	424a313432312e5335333420323031336562	4504	4494
lcc	1	424a313432312e533535342032303135	4504	4494
lcc	1	424a313432312e5734352031393838	4504	4494
lcc	1	424a313432312e5a382032303234	4504	4494
lcc	1	424a31343232202e41343931382031393934	4504	4494
lcc	1	424a31343232202e4138342031393933	4504	4494
lcc	1	424a31343232202e413933203139393367	4504	4494
lcc	1	424a31343232202e4236362032303132	4504	4494
lcc	1	424a31343232202e4333372032303132	4504	4494
lcc	1	424a31343232202e4336352032303132	4504	4494
lcc	1	424a31343232202e4336372032303037	4504	4494
lcc	1	424a31343232202e4434372032303035	4504	4494
lcc	1	424a31343232202e4735362032303131	4504	4494
lcc	1	424a31343232202e4b33342031393839	4504	4494
lcc	1	424a31343232202e4c33332032303134	4504	4494
lcc	1	424a31343232202e4c36352031393937	4504	4494
lcc	1	424a31343232202e4d3338372031393936	4504	4494
lcc	1	424a31343232202e4d34362032303130	4504	4494
lcc	1	424a31343232202e4d3436332032303130	4504	4494
lcc	1	424a31343232202e4e36382032303135	4504	4494
lcc	1	424a31343232202e4f38352032303036	4504	4494
lcc	1	424a31343232202e5033372032303139	4504	4494
lcc	1	424a31343232202e5233332032303035	4504	4494
lcc	1	424a31343232202e5233372032303138	4504	4494
lcc	1	424a31343232202e52333931332031393931	4504	4494
lcc	1	424a31343232202e5336342032303036	4504	4494
lcc	1	424a31343232202e5634332032303132	4504	4494
lcc	1	424a31343232204e34352032303132	4504	4494
lcc	1	424a313432322e52333331332032303037	4504	4494
lcc	1	424a31343233202e4233372031393936	4504	4494
lcc	1	424a31343233202e44352032303033	4504	4494
lcc	1	424a31343233202e4633342031393832	4504	4494
lcc	1	424a31343233202e4636	4504	4494
lcc	1	424a31343233202e4734372032303131	4504	4494
lcc	1	424a31343233202e4735362032303139	4504	4494
lcc	1	424a31343233202e4b38352032303033	4504	4494
lcc	1	424a31343233202e4b38362032303133	4504	4494
lcc	1	424a31343233202e4c38342032303037	4504	4494
lcc	1	424a31343233202e4d33362031393932	4504	4494
lcc	1	424a31343233202e5034352032303034	4504	4494
lcc	1	424a31343233202e5234332031393739	4504	4494
lcc	1	424a31343233202e533334362032303030	4504	4494
lcc	1	424a31343233202e5333362032303030	4504	4494
lcc	1	424a31343233202e533734382032303038	4504	4494
lcc	1	424a31343233202e5434382031393939	4504	4494
lcc	1	424a31343233202e5437332032303231	4504	4494
lcc	1	424a313432332e4438372032303032	4504	4494
lcc	1	424a313432332e4633342031393832	4504	4494
lcc	1	424a313432332e5033372031393936	4504	4494
lcc	1	424a313432332e5434382031393939	4504	4494
lcc	1	424a31343234202e4134382032303132	4504	4494
lcc	1	424a31343234202e4233352032303131	4504	4494
lcc	1	424a31343234202e4234382032303031	4504	4494
lcc	1	424a31343234202e423438352032303034	4504	4494
lcc	1	424a31343234202e4334342032303130	4504	4494
lcc	1	424a31343234202e4336362032303130	4504	4494
lcc	1	424a31343234202e4433342032303132	4504	4494
lcc	1	424a31343234202e4436372032303035	4504	4494
lcc	1	424a31343234202e4636362032303139	4504	4494
lcc	1	424a31343234202e4737332032303231	4504	4494
lcc	1	424a31343234202e4d34362031393937	4504	4494
lcc	1	424a31343234202e4d34362032303037	4504	4494
lcc	1	424a31343234202e4d34372032303039	4504	4494
lcc	1	424a31343234202e4f37362032303231	4504	4494
lcc	1	424a31343234202e5036352032303139	4504	4494
lcc	1	424a31343234202e5433342032303031	4504	4494
lcc	1	424a31343234202e5438372032303138	4504	4494
lcc	1	424a31343234202e5634362032303139	4504	4494
lcc	1	424a31343234202e5634372032303037	4504	4494
lcc	1	424a31343235202e41343831382032303032	4504	4494
lcc	1	424a31343235202e4333382032303035	4504	4494
lcc	1	424a31343235202e4335362032303231	4504	4494
lcc	1	424a31343235202e4435372031393838	4504	4494
lcc	1	424a31343235202e4633352032303231	4504	4494
lcc	1	424a31343235202e4833392032303132	4504	4494
lcc	1	424a31343235202e4c33362032303137	4504	4494
lcc	1	424a31343235202e4c35332031393836	4504	4494
lcc	1	424a31343235202e4d38362032303230	4504	4494
lcc	1	424a31343235202e5033372032303134	4504	4494
lcc	1	424a31343235202e5034372031393938	4504	4494
lcc	1	424a31343235202e5036372032303138	4504	4494
lcc	1	424a31343235202e5234332032303038	4504	4494
lcc	1	424a31343235202e5634372032303230	4504	4494
lcc	1	424a31343236202e4135382031393939	4504	4494
lcc	1	424a31343236202e4334382032303033	4504	4494
lcc	1	424a31343236202e433438342032303037	4504	4494
lcc	1	424a31343236202e4932352032303230	4504	4494
lcc	1	424a31343236202e4933352032303230	4504	4494
lcc	1	424a31343236202e4938352032303033	4504	4494
lcc	1	424a31343236202e4c3937203230303062	4504	4494
lcc	1	424a31343236202e4d35332032303036	4504	4494
lcc	1	424a31343236202e5033382032303033	4504	4494
lcc	1	424a31343236202e5438342032303138	4504	4494
lcc	1	424a31343236202e5a36332031393939	4504	4494
lcc	1	424a313432362e57353831332032303232	4504	4494
lcc	1	424a31343238202e41374134342031393837	4504	4494
lcc	1	424a313432382e413733	4504	4494
lcc	1	424a313432382e413733204438372032303131	4504	4494
lcc	1	424a313432382e4137334438372032303131	4504	4494
lcc	1	424a313432382e4138204335332032303132	4504	4494
lcc	1	424a313432382e4335204c33362032303137	4504	4494
lcc	1	424a313432382e4336205a3437342031393939	4504	4494
lcc	1	424a313432382e443837204d36342031393932	4504	4494
lcc	1	424a313432382e4834204336342031393939	4504	4494
lcc	1	424a313432382e4a332053323531332031393939	4504	4494
lcc	1	424a313432382e4b3620413133352032303036	4504	4494
lcc	1	424a313432382e4b36204b35362032303131	4504	4494
lcc	1	424a313432382e4b362059382032303230	4504	4494
lcc	1	424a313432382e503437204433372032303133	4504	4494
lcc	1	424a313432382e5238204c35352032303036	4504	4494
lcc	1	424a313432382e543837205433362032303136	4504	4494
lcc	1	424a313432382e5439205433352032303136	4504	4494
lcc	1	424a313432382e5439205933342032303135	4504	4494
lcc	1	424a31343239202e4732382032303032	4504	4494
lcc	1	424a313432392e33202e4d33372031393836	4504	4494
lcc	1	424a313432392e332e4d33372031393836	4504	4494
lcc	1	424a313432392e35202e4234362032303131	4504	4494
lcc	1	424a313432392e35202e4236342031393834	4504	4494
lcc	1	424a313432392e35202e423634203139383462	4504	4494
lcc	1	424a313432392e35202e4236342031393839	4504	4494
lcc	1	424a313432392e35202e4333372032303137	4504	4494
lcc	1	424a313432392e35202e4438362032303035	4504	4494
lcc	1	424a313432392e35202e5332352032303139	4504	4494
lcc	1	424a313432392e35202e5333352031393937	4504	4494
lcc	1	424a313432392e352e5332352032303139	4504	4494
lcc	1	424a31343330202e4b38382032303037	4504	4494
lcc	1	424a31343331202e4138362031393835	4504	4494
lcc	1	424a31343331202e41383620323031306562	4504	4494
lcc	1	424a31343331202e4138362032303133	4504	4494
lcc	1	424a31343331202e4236392032303136	4504	4494
lcc	1	424a31343331202e4236392032303139	4504	4494
lcc	1	424a31343331202e4336342032303134	4504	4494
lcc	1	424a31343331202e4336342032303138	4504	4494
lcc	1	424a31343331202e44343420323030346562	4504	4494
lcc	1	424a31343331202e4436362032303131	4504	4494
lcc	1	424a31343331202e4635332032303035	4504	4494
lcc	1	424a31343331202e4636382031393932	4504	4494
lcc	1	424a31343331202e4736362032303137	4504	4494
lcc	1	424a31343331202e483634	4504	4494
lcc	1	424a31343331202e4935382031393839	4504	4494
lcc	1	424a31343331202e4b35342031393934	4504	4494
lcc	1	424a31343331202e4b36332032303130	4504	4494
lcc	1	424a31343331202e4b36332032303131	4504	4494
lcc	1	424a31343331202e4d32382032303130	4504	4494
lcc	1	424a31343331202e4d35352032303036	4504	4494
lcc	1	424a31343331202e4d36372031393937	4504	4494
lcc	1	424a31343331202e4e34382032303035	4504	4494
lcc	1	424a31343331202e4e36372031393931	4504	4494
lcc	1	424a31343331202e4f32342032303031	4504	4494
lcc	1	424a31343331202e4f35382031393837	4504	4494
lcc	1	424a31343331202e4f35392031393930	4504	4494
lcc	1	424a31343331202e5034372031393937	4504	4494
lcc	1	424a31343331202e50343720313939376562	4504	4494
lcc	1	424a31343331202e5037392032303038	4504	4494
lcc	1	424a31343331202e5037392032303039	4504	4494
lcc	1	424a31343331202e5232332032303030	4504	4494
lcc	1	424a31343331202e5236332032303038	4504	4494
lcc	1	424a31343331202e53322031393730	4504	4494
lcc	1	424a31343331202e5333382032303035	4504	4494
lcc	1	424a31343331202e533436342031393938	4504	4494
lcc	1	424a31343331202e5335332032303037	4504	4494
lcc	1	424a31343331202e5335342032303231	4504	4494
lcc	1	424a31343331202e5337332032303137	4504	4494
lcc	1	424a31343331202e5337342032303035	4504	4494
lcc	1	424a31343331202e5434352031393939	4504	4494
lcc	1	424a31343331202e5434372031393936	4504	4494
lcc	1	424a31343331202e5436332031393936	4504	4494
lcc	1	424a31343331202e543633352032303133	4504	4494
lcc	1	424a31343331202e5436342031393936	4504	4494
lcc	1	424a31343331202e5436352031393932	4504	4494
lcc	1	424a31343331202e5736203139363962	4504	4494
lcc	1	424a31343331204132382032303132	4504	4494
lcc	1	424a313433312e4138362031393835	4504	4494
lcc	1	424a313433312e4138362032303039	4504	4494
lcc	1	424a313433312e4336342032303138	4504	4494
lcc	1	424a313433312e4336342032303230	4504	4494
lcc	1	424a313433312e4436362032303131	4504	4494
lcc	1	424a313433312e463436	4504	4494
lcc	1	424a313433312e4635332032303037	4504	4494
lcc	1	424a313433312e4736362032303136	4504	4494
lcc	1	424a313433312e4a33362032303137	4504	4494
lcc	1	424a313433312e4b36332032303130	4504	4494
lcc	1	424a313433312e4d32382032303039	4504	4494
lcc	1	424a313433312e4d32382032303130	4504	4494
lcc	1	424a313433312e4d32382032303133	4504	4494
lcc	1	424a313433312e4d35352032303036	4504	4494
lcc	1	424a313433312e4e34382032303034	4504	4494
lcc	1	424a313433312e4e36372031393936	4504	4494
lcc	1	424a313433312e4f35382031393837	4504	4494
lcc	1	424a313433312e4f35392031393930	4504	4494
lcc	1	424a313433312e5034372031393937	4504	4494
lcc	1	424a313433312e5037392032303038	4504	4494
lcc	1	424a313433312e5232332032303030	4504	4494
lcc	1	424a313433312e5236332032303036	4504	4494
lcc	1	424a313433312e5333382032303034	4504	4494
lcc	1	424a313433312e5335332032303038	4504	4494
lcc	1	424a313433312e5337342032303035	4504	4494
lcc	1	424a313433312e5436342031393936	4504	4494
lcc	1	424a31343332	4504	4494
lcc	1	424a31343332202e4236382032303037	4504	4494
lcc	1	424a31343332202e4637362032303133	4504	4494
lcc	1	424a31343332202e4738342032303033	4504	4494
lcc	1	424a31343332202e4c33332032303136	4504	4494
lcc	1	424a31343332202e4c333331332032303139	4504	4494
lcc	1	424a31343332202e4c35342031393937	4504	4494
lcc	1	424a31343332202e5034372031393937	4504	4494
lcc	1	424a31343332202e5332372031393939	4504	4494
lcc	1	424a31343332202e5332372032303032	4504	4494
lcc	1	424a31343332202e5332382031393939	4504	4494
lcc	1	424a31343332202e5333352031393932	4504	4494
lcc	1	424a31343332202e5435382032303135	4504	4494
lcc	1	424a31343332202e5436332031393935	4504	4494
lcc	1	424a31343332202e5436342031393931	4504	4494
lcc	1	424a31343332202e5436342031393938	4504	4494
lcc	1	424a31343332202e5633352032303130	4504	4494
lcc	1	424a31343332202e5a33372032303136	4504	4494
lcc	1	424a313433322e4c333331332032303139	4504	4494
lcc	1	424a313433322e5333352031393932	4504	4494
lcc	1	424a313433325436352031393938	4504	4494
lcc	1	424a31343333202e4237352031393933	4504	4494
lcc	1	424a31343333202e4a33362032303036	4504	4494
lcc	1	424a31343333202e4d34362032303230	4504	4494
lcc	1	424a31343333202e5436352032303030	4504	4494
lcc	1	424a31343333202e573534	4504	4494
lcc	1	424a31343333202e5a3332	4504	4494
lcc	1	424a31343333202e5a38372031393931	4504	4494
lcc	1	424a313433332e573534	4504	4494
lcc	1	424a31343334202e4736372032303138	4504	4494
lcc	1	424a31343334202e48333731332031393935	4504	4494
lcc	1	424a31343334202e48333731352031393938	4504	4494
lcc	1	424a31343334202e4c36362032303035	4504	4494
lcc	1	424a31343334202e4d33392032303133	4504	4494
lcc	1	424a31343334202e543634342032303032	4504	4494
lcc	1	424a31343334202e5436352032303032	4504	4494
lcc	1	424a31343335202e4d38362031393937	4504	4494
lcc	1	424a31343336202e4833362031393939	4504	4494
lcc	1	424a31343336202e5034372032303032	4504	4494
lcc	1	424a31343336202e5037342032303035	4504	4494
lcc	1	424a31343336202e5336382032303130	4504	4494
lcc	1	424a313433382e43352053382032303034	4504	4494
lcc	1	424a313433382e443837204836342031393932	4504	4494
lcc	1	424a313433382e4b36204b35382032303139	4504	4494
lcc	1	424a313433382e4d3635205332362032303031	4504	4494
lcc	1	424a31343431202e4234332031393937	4504	4494
lcc	1	424a31343431202e4236332032303037	4504	4494
lcc	1	424a31343431202e4333372032303039	4504	4494
lcc	1	424a31343431202e433635352032303034	4504	4494
lcc	1	424a31343431202e4336362031393935	4504	4494
lcc	1	424a31343431202e4336372032303138	4504	4494
lcc	1	424a31343431202e4835372032303139	4504	4494
lcc	1	424a31343431202e4a36362031393838	4504	4494
lcc	1	424a313434312e4134204735362032303139	4504	4494
lcc	1	424a313434312e4336362031393935	4504	4494
lcc	1	424a313434312e4d35352031393936	4504	4494
lcc	1	424a31343432202e423633332032303133	4504	4494
lcc	1	424a31343432202e5034362032303035	4504	4494
lcc	1	424a31343435202e4c34362032303035	4504	4494
lcc	1	424a313434392e5336204436342031393838	4504	4494
lcc	1	424a31343530202e4935342032303230	4504	4494
lcc	1	424a313435302e4733342032303136	4504	4494
lcc	1	424a31343531202e4132382032303130	4504	4494
lcc	1	424a31343531202e4134352032303135	4504	4494
lcc	1	424a31343531202e4134382032303135	4504	4494
lcc	1	424a31343531202e4234362032303033	4504	4494
lcc	1	424a31343531202e423437362032303137	4504	4494
lcc	1	424a31343531202e4236352032303139	4504	4494
lcc	1	424a31343531202e4236392032303133	4504	4494
lcc	1	424a31343531202e4237342032303030	4504	4494
lcc	1	424a31343531202e42373420323030306562	4504	4494
lcc	1	424a31343531202e4238332032303131	4504	4494
lcc	1	424a31343531202e43343320323031376562	4504	4494
lcc	1	424a31343531202e4334332032303138	4504	4494
lcc	1	424a31343531202e4336342031393931	4504	4494
lcc	1	424a31343531202e4336372032303031	4504	4494
lcc	1	424a31343531202e4336372032303133	4504	4494
lcc	1	424a31343531202e433638352032303134	4504	4494
lcc	1	424a31343531202e4337362032303137	4504	4494
lcc	1	424a31343531202e4434373b31393937	4504	4494
lcc	1	424a31343531202e4538332031393939	4504	4494
lcc	1	424a31343531202e4633372032303134	4504	4494
lcc	1	424a31343531202e4634382032303034	4504	4494
lcc	1	424a31343531202e463536352032303036	4504	4494
lcc	1	424a31343531202e4635372031393937	4504	4494
lcc	1	424a31343531202e4635382032303033	4504	4494
lcc	1	424a31343531202e4635392032303134	4504	4494
lcc	1	424a31343531202e4636372032303134	4504	4494
lcc	1	424a31343531202e4735322032303030	4504	4494
lcc	1	424a31343531202e47353220323030306562	4504	4494
lcc	1	424a31343531202e473533362032303032	4504	4494
lcc	1	424a31343531202e4735362032303032	4504	4494
lcc	1	424a31343531202e4735372032303038	4504	4494
lcc	1	424a31343531202e4735372032303039	4504	4494
lcc	1	424a31343531202e473538203139373062	4504	4494
lcc	1	424a31343531202e4737372032303035	4504	4494
lcc	1	424a31343531202e48333520323030386562	4504	4494
lcc	1	424a31343531202e483335332032303132	4504	4494
lcc	1	424a31343531202e4833362031393931	4504	4494
lcc	1	424a31343531202e483433	4504	4494
lcc	1	424a31343531202e483433352032303230	4504	4494
lcc	1	424a31343531202e4834342031393831	4504	4494
lcc	1	424a31343531202e4834392031393832	4504	4494
lcc	1	424a31343531202e4835342032303134	4504	4494
lcc	1	424a31343531202e4835372032303138	4504	4494
lcc	1	424a31343531202e483637	4504	4494
lcc	1	424a31343531202e4838372032303033	4504	4494
lcc	1	424a31343531202e4939392032303134	4504	4494
lcc	1	424a31343531202e4a33332032303031	4504	4494
lcc	1	424a31343531202e4b34352032303138	4504	4494
lcc	1	424a31343531202e4b37362032303134	4504	4494
lcc	1	424a31343531202e4c33332032303037	4504	4494
lcc	1	424a31343531202e4c33382032303038	4504	4494
lcc	1	424a31343531202e4c35362032303135	4504	4494
lcc	1	424a31343531202e4c35362032303136	4504	4494
lcc	1	424a31343531202e4c35372032303132	4504	4494
lcc	1	424a31343531202e4c36382031393836	4504	4494
lcc	1	424a31343531202e4c38342032303139	4504	4494
lcc	1	424a31343531202e4d3334	4504	4494
lcc	1	424a31343531202e4d33392032303037	4504	4494
lcc	1	424a31343531202e4d33392032303038	4504	4494
lcc	1	424a31343531202e4d333931382032303038	4504	4494
lcc	1	424a31343531202e4d34332032303131	4504	4494
lcc	1	424a31343531202e4d34332032303132	4504	4494
lcc	1	424a31343531202e4d3434352032303136	4504	4494
lcc	1	424a31343531202e4d35352032303039	4504	4494
lcc	1	424a31343531202e4d36322031393833	4504	4494
lcc	1	424a31343531202e4d3634372031393932	4504	4494
lcc	1	424a31343531202e4d3634372031393933	4504	4494
lcc	1	424a31343531202e4d363437322032303032	4504	4494
lcc	1	424a31343531202e4d363437322032303033	4504	4494
lcc	1	424a31343531202e4d3634373220323031376562	4504	4494
lcc	1	424a31343531202e4d3634382032303030	4504	4494
lcc	1	424a31343531202e4d363438332032303131	4504	4494
lcc	1	424a31343531202e4d36382032303137	4504	4494
lcc	1	424a31343531202e4d36392032303035	4504	4494
lcc	1	424a31343531202e4d36392032303036	4504	4494
lcc	1	424a31343531202e4d363920323030366562	4504	4494
lcc	1	424a31343531202e4d37392032303036	4504	4494
lcc	1	424a31343531202e4d38372032303039	4504	4494
lcc	1	424a31343531202e4e33382032303131	4504	4494
lcc	1	424a31343531202e4e333831382032303131	4504	4494
lcc	1	424a31343531202e4e3338352032303135	4504	4494
lcc	1	424a31343531202e4e34352032303033	4504	4494
lcc	1	424a31343531202e4f39342032303133	4504	4494
lcc	1	424a31343531202e5033372032303130	4504	4494
lcc	1	424a31343531202e5034372031393933	4504	4494
lcc	1	424a31343531202e5034382031393930	4504	4494
lcc	1	424a31343531202e5036342032303135	4504	4494
lcc	1	424a31343531202e5036362032303136	4504	4494
lcc	1	424a31343531202e5037392032303131	4504	4494
lcc	1	424a31343531202e5232332032303030	4504	4494
lcc	1	424a31343531202e5232332032303039	4504	4494
lcc	1	424a31343531202e5232342032303039	4504	4494
lcc	1	424a31343531202e5232342032303133	4504	4494
lcc	1	424a31343531202e5233342032303130	4504	4494
lcc	1	424a31343531202e5234342032303138	4504	4494
lcc	1	424a31343531202e5234342032303230	4504	4494
lcc	1	424a31343531202e5234352032303132	4504	4494
lcc	1	424a31343531202e5234362031393939	4504	4494
lcc	1	424a31343531202e523436352032303037	4504	4494
lcc	1	424a31343531202e523436362032303137	4504	4494
lcc	1	424a31343531202e523436382032303130	4504	4494
lcc	1	424a31343531202e523436392032303131	4504	4494
lcc	1	424a31343531202e5234372031393837	4504	4494
lcc	1	424a31343531202e5234372031393838	4504	4494
lcc	1	424a31343531202e5234372032303131	4504	4494
lcc	1	424a31343531202e523437352032303130	4504	4494
lcc	1	424a31343531202e52343820323030316562	4504	4494
lcc	1	424a31343531202e5235382032303038	4504	4494
lcc	1	424a31343531202e5236382032303230	4504	4494
lcc	1	424a31343531202e5238352031393931	4504	4494
lcc	1	424a31343531202e5332342032303135	4504	4494
lcc	1	424a31343531202e5332352032303033	4504	4494
lcc	1	424a31343531202e5333332031393932	4504	4494
lcc	1	424a31343531202e533333382032303033	4504	4494
lcc	1	424a31343531202e5333333831382032303034	4504	4494
lcc	1	424a31343531202e5333342031393932	4504	4494
lcc	1	424a31343531202e533334352032303231	4504	4494
lcc	1	424a31343531202e5333372032303032	4504	4494
lcc	1	424a31343531202e5334342032303133	4504	4494
lcc	1	424a31343531202e53343420323031336562	4504	4494
lcc	1	424a31343531202e5335332032303135	4504	4494
lcc	1	424a31343531202e5335342032303136	4504	4494
lcc	1	424a31343531202e5336322032303036	4504	4494
lcc	1	424a31343531202e53363231382032303038	4504	4494
lcc	1	424a31343531202e5336332032303138	4504	4494
lcc	1	424a31343531202e5336352031393932	4504	4494
lcc	1	424a31343531202e5336362032303030	4504	4494
lcc	1	424a31343531202e5336372032303132	4504	4494
lcc	1	424a31343531202e5336382031393931	4504	4494
lcc	1	424a31343531202e5336392032303132	4504	4494
lcc	1	424a31343531202e533639352032303130	4504	4494
lcc	1	424a31343531202e5433342032303031	4504	4494
lcc	1	424a31343531202e543334352032303136	4504	4494
lcc	1	424a31343531202e5633352032303033	4504	4494
lcc	1	424a31343531202e5633372032303133	4504	4494
lcc	1	424a31343531202e5637352032303131	4504	4494
lcc	1	424a31343531202e573237352032303131	4504	4494
lcc	1	424a31343531202e5732392032303135	4504	4494
lcc	1	424a31343531202e5734352031393935	4504	4494
lcc	1	424a31343531202e573438332032303134	4504	4494
lcc	1	424a31343531202e5735322032303134	4504	4494
lcc	1	424a31343531202e5735352032303139	4504	4494
lcc	1	424a31343531202e5936382032303130	4504	4494
lcc	1	424a31343531202e5936382032303131	4504	4494
lcc	1	424a31343531202e5a3536342032303134	4504	4494
lcc	1	424a31343531202e5a35382032303134	4504	4494
lcc	1	424a31343531205332332032303035	4504	4494
lcc	1	424a313435312e204636352031393932	4504	4494
lcc	1	424a313435312e4132382032303130	4504	4494
lcc	1	424a313435312e4134382032303135	4504	4494
lcc	1	424a313435312e4232392031393835	4504	4494
lcc	1	424a313435312e42332032303234	4504	4494
lcc	1	424a313435312e423335352032303030	4504	4494
lcc	1	424a313435312e4233362031393937	4504	4494
lcc	1	424a313435312e42342032303136	4504	4494
lcc	1	424a313435312e4234372031393837	4504	4494
lcc	1	424a313435312e4235362032303230	4504	4494
lcc	1	424a313435312e4237342032303030	4504	4494
lcc	1	424a313435312e42373420323030306562	4504	4494
lcc	1	424a313435312e4238332032303131	4504	4494
lcc	1	424a313435312e4238372032303034	4504	4494
lcc	1	424a313435312e4334332032303137	4504	4494
lcc	1	424a313435312e4336342031393931	4504	4494
lcc	1	424a313435312e4337362032303137	4504	4494
lcc	1	424a313435312e4538342032303039	4504	4494
lcc	1	424a313435312e4539362032303137	4504	4494
lcc	1	424a313435312e4539372031393934	4504	4494
lcc	1	424a313435312e4634382032303034	4504	4494
lcc	1	424a313435312e4635362032303036	4504	4494
lcc	1	424a313435312e4635362032303038	4504	4494
lcc	1	424a313435312e4635382032303033	4504	4494
lcc	1	424a313435312e4636352031393932	4504	4494
lcc	1	424a313435312e4735372032303039	4504	4494
lcc	1	424a313435312e4833332032303039	4504	4494
lcc	1	424a313435312e4833352032303132	4504	4494
lcc	1	424a313435312e48333532352032303139	4504	4494
lcc	1	424a313435312e483335332032303132	4504	4494
lcc	1	424a313435312e4835372032303138	4504	4494
lcc	1	424a313435312e4836362032303137	4504	4494
lcc	1	424a313435312e4838372032303033	4504	4494
lcc	1	424a313435312e4939392032303132	4504	4494
lcc	1	424a313435312e4939392032303230	4504	4494
lcc	1	424a313435312e4a33332032303031	4504	4494
lcc	1	424a313435312e4a33362032303137	4504	4494
lcc	1	424a313435312e4a35352031393930	4504	4494
lcc	1	424a313435312e4b35362032303139	4504	4494
lcc	1	424a313435312e4c33382032303038	4504	4494
lcc	1	424a313435312e4c35362032303135	4504	4494
lcc	1	424a313435312e4c38332031393933	4504	4494
lcc	1	424a313435312e4c38332032303034	4504	4494
lcc	1	424a313435312e4d33352032303130	4504	4494
lcc	1	424a313435312e4d33362031393932	4504	4494
lcc	1	424a313435312e4d33392032303037	4504	4494
lcc	1	424a313435312e4d333931382032303037	4504	4494
lcc	1	424a313435312e4d34332032303131	4504	4494
lcc	1	424a313435312e4d34342032303139	4504	4494
lcc	1	424a313435312e4d3434352032303136	4504	4494
lcc	1	424a313435312e4d34352031393838	4504	4494
lcc	1	424a313435312e4d3435352031393931	4504	4494
lcc	1	424a313435312e4d35352032303039	4504	4494
lcc	1	424a313435312e4d363437322032303036	4504	4494
lcc	1	424a313435312e4d3634392031393936	4504	4494
lcc	1	424a313435312e4d36382032303137	4504	4494
lcc	1	424a313435312e4d36392032303035	4504	4494
lcc	1	424a313435312e4d36392032303036	4504	4494
lcc	1	424a313435312e4d37382032303036	4504	4494
lcc	1	424a313435312e4d37382032303038	4504	4494
lcc	1	424a313435312e4d38362032303138	4504	4494
lcc	1	424a313435312e4e33382032303131	4504	4494
lcc	1	424a313435312e4e333831382032303131	4504	4494
lcc	1	424a313435312e4e3338352032303135	4504	4494
lcc	1	424a313435312e4f393420323031336562	4504	4494
lcc	1	424a313435312e50333731342032303038	4504	4494
lcc	1	424a313435312e50333731382032303131	4504	4494
lcc	1	424a313435312e5034362031393838	4504	4494
lcc	1	424a313435312e5034372031393933	4504	4494
lcc	1	424a313435312e5034382032303138	4504	4494
lcc	1	424a313435312e5036342032303135	4504	4494
lcc	1	424a313435312e5037392032303131	4504	4494
lcc	1	424a313435312e5232332032303030	4504	4494
lcc	1	424a313435312e5232332032303039	4504	4494
lcc	1	424a313435312e5232342032303133	4504	4494
lcc	1	424a313435312e5232344d38372032303139	4504	4494
lcc	1	424a313435312e52332032303133	4504	4494
lcc	1	424a313435312e523436352032303037	4504	4494
lcc	1	424a313435312e523436382032303130	4504	4494
lcc	1	424a313435312e5234382032303031	4504	4494
lcc	1	424a313435312e523438352032303234	4504	4494
lcc	1	424a313435312e5235382032303036	4504	4494
lcc	1	424a313435312e5238352031393931	4504	4494
lcc	1	424a313435312e5332382032303135	4504	4494
lcc	1	424a313435312e5333332031393932	4504	4494
lcc	1	424a313435312e533333322032303231	4504	4494
lcc	1	424a313435312e533333382032303032	4504	4494
lcc	1	424a313435312e5333342031393932	4504	4494
lcc	1	424a313435312e533334352032303231	4504	4494
lcc	1	424a313435312e53343420323031336562	4504	4494
lcc	1	424a313435312e5335322032303039	4504	4494
lcc	1	424a313435312e53353220323030396562	4504	4494
lcc	1	424a313435312e53353436382032303139	4504	4494
lcc	1	424a313435312e533534372032303138	4504	4494
lcc	1	424a313435312e5336322032303036	4504	4494
lcc	1	424a313435312e53363231382032303037	4504	4494
lcc	1	424a313435312e5336332032303034	4504	4494
lcc	1	424a313435312e533636332032303233	4504	4494
lcc	1	424a313435312e5336372032303132	4504	4494
lcc	1	424a313435312e5336382031393931	4504	4494
lcc	1	424a313435312e533638342032303230	4504	4494
lcc	1	424a313435312e5336392032303134	4504	4494
lcc	1	424a313435312e53392031393839	4504	4494
lcc	1	424a313435312e5433342032303031	4504	4494
lcc	1	424a313435312e543334352032303136	4504	4494
lcc	1	424a313435312e5434392032303035	4504	4494
lcc	1	424a313435312e5732372031393934	4504	4494
lcc	1	424a313435312e573237352032303131	4504	4494
lcc	1	424a313435312e5732382031393930	4504	4494
lcc	1	424a313435312e5732392032303134	4504	4494
lcc	1	424a313435312e57323920323031356562	4504	4494
lcc	1	424a313435312e57342032303235	4504	4494
lcc	1	424a313435312e5734352031393935	4504	4494
lcc	1	424a313435312e5936382032303133	4504	4494
lcc	1	424a313435312e5a352032303134	4504	4494
lcc	1	424a31343532202462202e4c35372032303030	4504	4494
lcc	1	424a31343532202e4137362032303137	4504	4494
lcc	1	424a31343532202e4236392032303231	4504	4494
lcc	1	424a31343532202e4237382031393935	4504	4494
lcc	1	424a31343532202e42373831332032303030	4504	4494
lcc	1	424a31343532202e4537332031393933	4504	4494
lcc	1	424a31343532202e4738352032303136	4504	4494
lcc	1	424a31343532202e4c33362032303130	4504	4494
lcc	1	424a31343532202e4c35342031393838	4504	4494
lcc	1	424a31343532202e4d38342031393938	4504	4494
lcc	1	424a31343532202e5234372031393934	4504	4494
lcc	1	424a31343532202e5234372032303135	4504	4494
lcc	1	424a313435322e4236392032303231	4504	4494
lcc	1	424a31343533202e4134352032303137	4504	4494
lcc	1	424a31343533202e4233392032303037	4504	4494
lcc	1	424a31343533202e4234392032303030	4504	4494
lcc	1	424a31343533202e4236352032303139	4504	4494
lcc	1	424a31343533202e473433782031393832	4504	4494
lcc	1	424a31343533202e483434382032303037	4504	4494
lcc	1	424a31343533202e4834352032303033	4504	4494
lcc	1	424a31343533202e4836342031393934	4504	4494
lcc	1	424a31343533202e4836342032303137	4504	4494
lcc	1	424a31343533202e4935372031393939	4504	4494
lcc	1	424a31343533202e4b34352032303134	4504	4494
lcc	1	424a31343533202e4b38352032303130	4504	4494
lcc	1	424a31343533202e4c34342031393938	4504	4494
lcc	1	424a31343533202e4c36342032303035	4504	4494
lcc	1	424a31343533202e4d35342032303132	4504	4494
lcc	1	424a31343533202e4d38342031393838	4504	4494
lcc	1	424a31343533202e4d38352032303230	4504	4494
lcc	1	424a31343533202e4e34382032303038	4504	4494
lcc	1	424a31343533202e4e35332032303131	4504	4494
lcc	1	424a31343533202e4e35382032303032	4504	4494
lcc	1	424a31343533202e5034362032303135	4504	4494
lcc	1	424a31343533202e5232382031393838	4504	4494
lcc	1	424a31343533202e5233382032303232	4504	4494
lcc	1	424a31343533202e533236352032303039	4504	4494
lcc	1	424a31343533202e5334342032303130	4504	4494
lcc	1	424a31343533202e5435352032303132	4504	4494
lcc	1	424a31343533202e5634362032303035	4504	4494
lcc	1	424a31343533202e563436352032303130	4504	4494
lcc	1	424a31343533202e5634372032303232	4504	4494
lcc	1	424a31343533202e5634382031393931	4504	4494
lcc	1	424a31343533202e563438352031393935	4504	4494
lcc	1	424a31343533202e5634392031393939	4504	4494
lcc	1	424a31343533202e5733372032303038	4504	4494
lcc	1	424a31343533202e5734352032303130	4504	4494
lcc	1	424a31343533202e5734362031393930	4504	4494
lcc	1	424a31343533202e5734382032303032	4504	4494
lcc	1	424a31343533202e5735342031393939	4504	4494
lcc	1	424a31343533202e5735352031393939	4504	4494
lcc	1	424a31343533202e5735372031393931	4504	4494
lcc	1	424a31343533202e5735382032303036	4504	4494
lcc	1	424a313435332e4233352032303135	4504	4494
lcc	1	424a313435332e4934392031393833	4504	4494
lcc	1	424a313435332e4a363631332031393835	4504	4494
lcc	1	424a313435332e4a363633204233392032303037	4504	4494
lcc	1	424a313435332e4a363633204834372031393932	4504	4494
lcc	1	424a313435332e4a363633204e33382031393933	4504	4494
lcc	1	424a313435332e4b38352032303130	4504	4494
lcc	1	424a313435332e4d35342032303132	4504	4494
lcc	1	424a313435332e4f34342032303232	4504	4494
lcc	1	424a313435332e53363420323031346562	4504	4494
lcc	1	424a313435332e563436352032303130	4504	4494
lcc	1	424a313435332e56363431332032303137	4504	4494
lcc	1	424a313435332e57343820323030326562	4504	4494
lcc	1	424a31343534	4504	4494
lcc	1	424a31343534202e4134352032303030	4504	4494
lcc	1	424a31343534202e4134352032303137	4504	4494
lcc	1	424a31343534202e4137362032303039	4504	4494
lcc	1	424a31343534202e4233342032303139	4504	4494
lcc	1	424a31343534202e423636382032303032	4504	4494
lcc	1	424a31343534202e4333342032303132	4504	4494
lcc	1	424a31343534202e4336372032303133	4504	4494
lcc	1	424a31343534202e4436362032303134	4504	4494
lcc	1	424a31343534202e4538352032303138	4504	4494
lcc	1	424a31343534202e4637332032303135	4504	4494
lcc	1	424a31343534202e4733352032303138	4504	4494
lcc	1	424a31343534202e4738342032303036	4504	4494
lcc	1	424a31343534202e4d32372032303230	4504	4494
lcc	1	424a31343534202e4d332031393930	4504	4494
lcc	1	424a31343534202e4d332032303131	4504	4494
lcc	1	424a31343534202e4d34322032303035	4504	4494
lcc	1	424a31343534202e4d35332032303039	4504	4494
lcc	1	424a31343534202e5038332032303139	4504	4494
lcc	1	424a31343534202e5133362032303133	4504	4494
lcc	1	424a31343534202e5334372032303134	4504	4494
lcc	1	424a31343534202e5335342032303036	4504	4494
lcc	1	424a31343534202e5635372032303038	4504	4494
lcc	1	424a31343535202e4337382032303139	4504	4494
lcc	1	424a31343535202e5033362032303038	4504	4494
lcc	1	424a31343535202e5332372032303130	4504	4494
lcc	1	424a31343536202e4b36372031393938	4504	4494
lcc	1	424a31343536202e4c34392032303230	4504	4494
lcc	1	424a31343536202e4e3534362032303138	4504	4494
lcc	1	424a31343536202e5332352032303034	4504	4494
lcc	1	424a31343536202e5335332032303033	4504	4494
lcc	1	424a313435382e35	4504	4494
lcc	1	424a313435382e35202e4d33362032303134	4504	4494
lcc	1	424a313435382e35202e5233332032303037	4504	4494
lcc	1	424a313435382e4438204933342032303035	4504	4494
lcc	1	424a313435382e4438205734342031393930	4504	4494
lcc	1	424a313435382e4734204735352032303132	4504	4494
lcc	1	424a313435382e4a33205332352032303230	4504	4494
lcc	1	424a313435382e4e36204f3337	4504	4494
lcc	1	424a313435382e543535205a36342032303038	4504	4494
lcc	1	424a31343539202e423333	4504	4494
lcc	1	424a31343539202e4238332031393831	4504	4494
lcc	1	424a31343539202e433834	4504	4494
lcc	1	424a31343539202e473434	4504	4494
lcc	1	424a31343539202e4736372032303035	4504	4494
lcc	1	424a31343539202e4736372032303036	4504	4494
lcc	1	424a31343539202e47363731382032303036	4504	4494
lcc	1	424a31343539202e47363731382032303037	4504	4494
lcc	1	424a31343539202e4737382032303230	4504	4494
lcc	1	424a31343539202e4c34382032303038	4504	4494
lcc	1	424a31343539202e4d33372032303038	4504	4494
lcc	1	424a31343539202e4d33392032303037	4504	4494
lcc	1	424a31343539202e4d333931382032303038	4504	4494
lcc	1	424a31343539202e4d34352032303035	4504	4494
lcc	1	424a31343539202e4d34352032303135	4504	4494
lcc	1	424a31343539202e5236332032303037	4504	4494
lcc	1	424a31343539202e54392031393730	4504	4494
lcc	1	424a31343539202e54392031393737	4504	4494
lcc	1	424a31343539202e54392032303030	4504	4494
lcc	1	424a31343539202e5439362032303030	4504	4494
lcc	1	424a31343539202e553834342032303132	4504	4494
lcc	1	424a313435392e32202e4538342032303136	4504	4494
lcc	1	424a313435392e35202e4135342031393930	4504	4494
lcc	1	424a313435392e35202e4138342032303137	4504	4494
lcc	1	424a313435392e35202e4139342032303131	4504	4494
lcc	1	424a313435392e35202e4233352032303136	4504	4494
lcc	1	424a313435392e35202e4238382032303230	4504	4494
lcc	1	424a313435392e35202e4333382032303231	4504	4494
lcc	1	424a313435392e35202e4336332032303038	4504	4494
lcc	1	424a313435392e35202e4336362032303038	4504	4494
lcc	1	424a313435392e35202e4537322032303139	4504	4494
lcc	1	424a313435392e35202e4537332032303036	4504	4494
lcc	1	424a313435392e35202e4537342032303033	4504	4494
lcc	1	424a313435392e35202e4635372032303231	4504	4494
lcc	1	424a313435392e35202e4734392032303132	4504	4494
lcc	1	424a313435392e35202e4736382032303032	4504	4494
lcc	1	424a313435392e35202e4736382032303034	4504	4494
lcc	1	424a313435392e35202e483335372032303133	4504	4494
lcc	1	424a313435392e35202e48333620323030346562	4504	4494
lcc	1	424a313435392e35202e4834352032303135	4504	4494
lcc	1	424a313435392e35202e4834352032303136	4504	4494
lcc	1	424a313435392e35202e4836352032303133	4504	4494
lcc	1	424a313435392e35202e483635352032303137	4504	4494
lcc	1	424a313435392e35202e4a38372032303039	4504	4494
lcc	1	424a313435392e35202e4d33342032303131	4504	4494
lcc	1	424a313435392e35202e4d38352031393935	4504	4494
lcc	1	424a313435392e35202e4e34362031393933	4504	4494
lcc	1	424a313435392e35202e4e3436332032303030	4504	4494
lcc	1	424a313435392e35202e5034352032303133	4504	4494
lcc	1	424a313435392e35202e5037392032303031	4504	4494
lcc	1	424a313435392e35202e5136362032303230	4504	4494
lcc	1	424a313435392e35202e5333342031393932	4504	4494
lcc	1	424a313435392e35202e5333362032303139	4504	4494
lcc	1	424a313435392e35202e5337342032303230	4504	4494
lcc	1	424a313435392e35202e5338	4504	4494
lcc	1	424a313435392e35202e5734352032303033	4504	4494
lcc	1	424a313435392e35202e5734352032303132	4504	4494
lcc	1	424a313435392e35202e5736352032303232	4504	4494
lcc	1	424a313435392e35202e57363620323030356562	4504	4494
lcc	1	424a313435392e35204835362032303137	4504	4494
lcc	1	424a313435392e352e4238382032303231	4504	4494
lcc	1	424a313435392e352e4336332032303037	4504	4494
lcc	1	424a313435392e352e4336332032303038	4504	4494
lcc	1	424a313435392e352e4736382032303032	4504	4494
lcc	1	424a313435392e352e4736382032303034	4504	4494
lcc	1	424a313435392e352e4834352032303135	4504	4494
lcc	1	424a313435392e352e48363520323031336562	4504	4494
lcc	1	424a313435392e352e4b33382032303039	4504	4494
lcc	1	424a313435392e352e5136362032303230	4504	4494
lcc	1	424a313435392e352e5333342031393932	4504	4494
lcc	1	424a313435392e352e5337342032303139	4504	4494
lcc	1	424a313435392e352e5337342032303231	4504	4494
lcc	1	424a313435392e354135342031393930	4504	4494
lcc	1	424a313435392e4234372032303032	4504	4494
lcc	1	424a313435392e4736372032303035	4504	4494
lcc	1	424a313435392e4d33392032303037	4504	4494
lcc	1	424a313435392e4d333931382032303037	4504	4494
lcc	1	424a313435392e4d34352032303135	4504	4494
lcc	1	424a313435392e5235332031393930	4504	4494
lcc	1	424a31343630202e4233352032303134	4504	4494
lcc	1	424a31343630202e4238332031393837	4504	4494
lcc	1	424a31343630202e43353331362032303134	4504	4494
lcc	1	424a31343630202e43362031393736	4504	4494
lcc	1	424a31343630202e4336322031393930	4504	4494
lcc	1	424a31343630202e44353520313939396562	4504	4494
lcc	1	424a31343630202e4634352031393934	4504	4494
lcc	1	424a31343630202e4634352032303035	4504	4494
lcc	1	424a31343630202e483333342032303133	4504	4494
lcc	1	424a31343630202e4834362032303039	4504	4494
lcc	1	424a31343630202e4c38	4504	4494
lcc	1	424a31343630202e4c382031393537	4504	4494
lcc	1	424a31343630202e4c382032303038	4504	4494
lcc	1	424a31343630202e4e33382031393935	4504	4494
lcc	1	424a31343630202e4f37382032303134	4504	4494
lcc	1	424a31343630202e5035372032303034	4504	4494
lcc	1	424a31343630202e50353731362032303034	4504	4494
lcc	1	424a31343630202e5036372032303035	4504	4494
lcc	1	424a31343630202e5332382032303131	4504	4494
lcc	1	424a31343630202e5336382032303136	4504	4494
lcc	1	424a31343630202e5435362032303038	4504	4494
lcc	1	424a31343630202e56333531342031393833	4504	4494
lcc	1	424a31343630202e56333531352031393837	4504	4494
lcc	1	424a31343630204d332031393935	4504	4494
lcc	1	424a313436302e4233352032303134	4504	4494
lcc	1	424a313436302e43353333204335332032303132	4504	4494
lcc	1	424a313436302e4634352031393934	4504	4494
lcc	1	424a313436302e4634352032303035	4504	4494
lcc	1	424a313436302e4c382032303038	4504	4494
lcc	1	424a313436302e4c382032303230	4504	4494
lcc	1	424a313436302e4c3835204636372032303035	4504	4494
lcc	1	424a313436302e4c3835204b36352032303035	4504	4494
lcc	1	424a313436302e4c3835204b36352032303137	4504	4494
lcc	1	424a313436302e4c3835205335342032303134	4504	4494
lcc	1	424a313436302e4c383520533534382032303134	4504	4494
lcc	1	424a313436302e4c38354636372032303035	4504	4494
lcc	1	424a313436302e4c38354b36352032303035	4504	4494
lcc	1	424a313436302e4c3835533534382032303134	4504	4494
lcc	1	424a313436302e4d33342031393936	4504	4494
lcc	1	424a313436302e50353733205338342032303139	4504	4494
lcc	1	424a313436302e573534	4504	4494
lcc	1	424a31343631202e4132382032303030	4504	4494
lcc	1	424a31343631202e4133322032303031	4504	4494
lcc	1	424a31343631202e4133342031393935	4504	4494
lcc	1	424a31343631202e41342031393735	4504	4494
lcc	1	424a31343631202e41342031393737	4504	4494
lcc	1	424a31343631202e4135342031393930	4504	4494
lcc	1	424a31343631202e4135362032303036	4504	4494
lcc	1	424a31343631202e4137372032303036	4504	4494
lcc	1	424a31343631202e4137392032303039	4504	4494
lcc	1	424a31343631202e4232342032303135	4504	4494
lcc	1	424a31343631202e4232352032303039	4504	4494
lcc	1	424a31343631202e4232352032303130	4504	4494
lcc	1	424a31343631202e4233352032303037	4504	4494
lcc	1	424a31343631202e4233382032303133	4504	4494
lcc	1	424a31343631202e4234	4504	4494
lcc	1	424a31343631202e423437	4504	4494
lcc	1	424a31343631202e4234372031393636	4504	4494
lcc	1	424a31343631202e4234372032303132	4504	4494
lcc	1	424a31343631202e423437342032303132	4504	4494
lcc	1	424a31343631202e4234382032303032	4504	4494
lcc	1	424a31343631202e4236352032303130	4504	4494
lcc	1	424a31343631202e4236362031393838	4504	4494
lcc	1	424a31343631202e423638	4504	4494
lcc	1	424a31343631202e42363834	4504	4494
lcc	1	424a31343631202e423638362032303134	4504	4494
lcc	1	424a31343631202e4236392031393839	4504	4494
lcc	1	424a31343631202e4237342031393836	4504	4494
lcc	1	424a31343631202e4332	4504	4494
lcc	1	424a31343631202e4332332032303130	4504	4494
lcc	1	424a31343631202e4332342032303036	4504	4494
lcc	1	424a31343631202e4332372032303131	4504	4494
lcc	1	424a31343631202e4333352032303131	4504	4494
lcc	1	424a31343631202e433336352032303133	4504	4494
lcc	1	424a31343631202e4333372032303132	4504	4494
lcc	1	424a31343631202e4333372032303133	4504	4494
lcc	1	424a31343631202e43342031393736	4504	4494
lcc	1	424a31343631202e4335332032303033	4504	4494
lcc	1	424a31343631202e4335352031393639	4504	4494
lcc	1	424a31343631202e4336382032303038	4504	4494
lcc	1	424a31343631202e443236	4504	4494
lcc	1	424a31343631202e443333	4504	4494
lcc	1	424a31343631202e4433342032303139	4504	4494
lcc	1	424a31343631202e4433352032303137	4504	4494
lcc	1	424a31343631202e4433372032303133	4504	4494
lcc	1	424a31343631202e4433392032303039	4504	4494
lcc	1	424a31343631202e443432362031393834	4504	4494
lcc	1	424a31343631202e4434323678203139383462	4504	4494
lcc	1	424a31343631202e44343237362032303231	4504	4494
lcc	1	424a31343631202e4434342032303033	4504	4494
lcc	1	424a31343631202e4435362031393935	4504	4494
lcc	1	424a31343631202e4436332032303137	4504	4494
lcc	1	424a31343631202e4436382031393837	4504	4494
lcc	1	424a31343631202e4436392032303131	4504	4494
lcc	1	424a31343631202e4438362032303131	4504	4494
lcc	1	424a31343631202e4532372032303038	4504	4494
lcc	1	424a31343631202e45332031393832	4504	4494
lcc	1	424a31343631202e45332032303132	4504	4494
lcc	1	424a31343631202e4533322031393734	4504	4494
lcc	1	424a31343631202e4533382031393537	4504	4494
lcc	1	424a31343631202e4534352032303030	4504	4494
lcc	1	424a31343631202e4538372032303133	4504	4494
lcc	1	424a31343631202e46332031393832	4504	4494
lcc	1	424a31343631202e4633382032303231	4504	4494
lcc	1	424a31343631202e463438352032303132	4504	4494
lcc	1	424a31343631202e46343835352032303135	4504	4494
lcc	1	424a31343631202e4635	4504	4494
lcc	1	424a31343631202e4636382032303037	4504	4494
lcc	1	424a31343631202e4637342031393636	4504	4494
lcc	1	424a31343631202e4637342032303031	4504	4494
lcc	1	424a31343631202e4637342032303032	4504	4494
lcc	1	424a31343631202e4637342032303133	4504	4494
lcc	1	424a31343631202e4637342032303136	4504	4494
lcc	1	424a31343631202e463734342032303131	4504	4494
lcc	1	424a31343631202e4637352031393937	4504	4494
lcc	1	424a31343631202e4637352032303032	4504	4494
lcc	1	424a31343631202e4637352032303033	4504	4494
lcc	1	424a31343631202e46373532352032303136	4504	4494
lcc	1	424a31343631202e46373534372032303139	4504	4494
lcc	1	424a31343631202e463735352032303034	4504	4494
lcc	1	424a31343631202e463735372032303135	4504	4494
lcc	1	424a31343631202e4637362032303033	4504	4494
lcc	1	424a31343631202e4637372032303132	4504	4494
lcc	1	424a31343631202e4637392032303135	4504	4494
lcc	1	424a31343631202e4638332032303131	4504	4494
lcc	1	424a31343631202e4734352031393931	4504	4494
lcc	1	424a31343631202e4734362032303133	4504	4494
lcc	1	424a31343631202e4736362031393836	4504	4494
lcc	1	424a31343631202e4736372031393930	4504	4494
lcc	1	424a31343631202e47363720313939306562	4504	4494
lcc	1	424a31343631202e4737332032303139	4504	4494
lcc	1	424a31343631202e4737342032303132	4504	4494
lcc	1	424a31343631202e4737342032303133	4504	4494
lcc	1	424a31343631202e47382031393131	4504	4494
lcc	1	424a31343631202e4832353520323030326562	4504	4494
lcc	1	424a31343631202e483235392032303136	4504	4494
lcc	1	424a31343631202e4832362031393937	4504	4494
lcc	1	424a31343631202e48323620313939386562	4504	4494
lcc	1	424a31343631202e4832372031393735	4504	4494
lcc	1	424a31343631202e483237372032303035	4504	4494
lcc	1	424a31343631202e48323738352032303132	4504	4494
lcc	1	424a31343631202e4832392032303038	4504	4494
lcc	1	424a31343631202e4833352032303039	4504	4494
lcc	1	424a31343631202e4833362032303035	4504	4494
lcc	1	424a31343631202e4835332032303131	4504	4494
lcc	1	424a31343631202e4835332032303132	4504	4494
lcc	1	424a31343631202e4835372031393933	4504	4494
lcc	1	424a31343631202e4835372032303032	4504	4494
lcc	1	424a31343631202e4835382031393733	4504	4494
lcc	1	424a31343631202e4838362032303131	4504	4494
lcc	1	424a31343631202e48383620323031316562	4504	4494
lcc	1	424a31343631202e49373420323031326562	4504	4494
lcc	1	424a31343631202e4938322032303131	4504	4494
lcc	1	424a31343631202e4a34362032303132	4504	4494
lcc	1	424a31343631202e4a36362032303131	4504	4494
lcc	1	424a31343631202e4b33372031393939	4504	4494
lcc	1	424a31343631202e4b333820313939366562	4504	4494
lcc	1	424a31343631202e4b3338342031393939	4504	4494
lcc	1	424a31343631202e4b34382031393930	4504	4494
lcc	1	424a31343631202e4b36372032303036	4504	4494
lcc	1	424a31343631202e4c3333	4504	4494
lcc	1	424a31343631202e4c33332032303133	4504	4494
lcc	1	424a31343631202e4c34362032303133	4504	4494
lcc	1	424a31343631202e4c34382032303131	4504	4494
lcc	1	424a31343631202e4c34382032303230	4504	4494
lcc	1	424a31343631202e4c35332031383636	4504	4494
lcc	1	424a31343631202e4c35332032303134	4504	4494
lcc	1	424a31343631202e4c35342032303136	4504	4494
lcc	1	424a31343631202e4c35352032303139	4504	4494
lcc	1	424a31343631202e4c36332032303138	4504	4494
lcc	1	424a31343631202e4c3738	4504	4494
lcc	1	424a31343631202e4d333420323030306562	4504	4494
lcc	1	424a31343631202e4d33342032303035	4504	4494
lcc	1	424a31343631202e4d3338372032303030	4504	4494
lcc	1	424a31343631202e4d333838352032303136	4504	4494
lcc	1	424a31343631202e4d33392031393832	4504	4494
lcc	1	424a31343631202e4d33392032303131	4504	4494
lcc	1	424a31343631202e4d34352032303134	4504	4494
lcc	1	424a31343631202e4d343520323031376562	4504	4494
lcc	1	424a31343631202e4d3435332032303134	4504	4494
lcc	1	424a31343631202e4d352031393639	4504	4494
lcc	1	424a31343631202e4d35392031393836	4504	4494
lcc	1	424a31343631202e4d3634	4504	4494
lcc	1	424a31343631202e4e3435352032303131	4504	4494
lcc	1	424a31343631202e4e35332032303135	4504	4494
lcc	1	424a31343631202e4e38342032303134	4504	4494
lcc	1	424a31343631202e4f32372031393939	4504	4494
lcc	1	424a31343631202e4f32372032303030	4504	4494
lcc	1	424a31343631202e4f323720323030306562	4504	4494
lcc	1	424a31343631202e4f3834	4504	4494
lcc	1	424a31343631202e503235	4504	4494
lcc	1	424a31343631202e50332031393731	4504	4494
lcc	1	424a31343631202e5034372032303134	4504	4494
lcc	1	424a31343631202e503437342032303039	4504	4494
lcc	1	424a31343631202e5034382032303138	4504	4494
lcc	1	424a31343631202e5035332032303132	4504	4494
lcc	1	424a31343631202e5035332032303133	4504	4494
lcc	1	424a31343631202e5035342032303034	4504	4494
lcc	1	424a31343631202e5035362032303136	4504	4494
lcc	1	424a31343631202e5036382031393833	4504	4494
lcc	1	424a31343631202e5233382032303039	4504	4494
lcc	1	424a31343631202e5234352032303038	4504	4494
lcc	1	424a31343631202e5234352032303039	4504	4494
lcc	1	424a31343631202e52343520323030396562	4504	4494
lcc	1	424a31343631202e5234352032303135	4504	4494
lcc	1	424a31343631202e523436	4504	4494
lcc	1	424a31343631202e5234372032303130	4504	4494
lcc	1	424a31343631202e52352031393036	4504	4494
lcc	1	424a31343631202e52352031393639	4504	4494
lcc	1	424a31343631202e523633352032303139	4504	4494
lcc	1	424a31343631202e5236382032303137	4504	4494
lcc	1	424a31343631202e5238372032303137	4504	4494
lcc	1	424a31343631202e5332352032303035	4504	4494
lcc	1	424a31343631202e533238352032303039	4504	4494
lcc	1	424a31343631202e5333362031393835	4504	4494
lcc	1	424a31343631202e5333372032303030	4504	4494
lcc	1	424a31343631202e5334332032303133	4504	4494
lcc	1	424a31343631202e5334342032303136	4504	4494
lcc	1	424a31343631202e5335332031393936	4504	4494
lcc	1	424a31343631202e5335352032303135	4504	4494
lcc	1	424a31343631202e5335352032303137	4504	4494
lcc	1	424a31343631202e5336352032303030	4504	4494
lcc	1	424a31343631202e5336372032303030	4504	4494
lcc	1	424a31343631202e5336382031393938	4504	4494
lcc	1	424a31343631202e5336392032303032	4504	4494
lcc	1	424a31343631202e533639352032303130	4504	4494
lcc	1	424a31343631202e533639352032303132	4504	4494
lcc	1	424a31343631202e5337	4504	4494
lcc	1	424a31343631202e5337342032303132	4504	4494
lcc	1	424a31343631202e5337342032303136	4504	4494
lcc	1	424a31343631202e5337372031393836	4504	4494
lcc	1	424a31343631202e5337372032303130	4504	4494
lcc	1	424a31343631202e5338372032303135	4504	4494
lcc	1	424a31343631202e5339352032303133	4504	4494
lcc	1	424a31343631202e5432372031383431	4504	4494
lcc	1	424a31343631202e5433	4504	4494
lcc	1	424a31343631202e5433352032303231	4504	4494
lcc	1	424a31343631202e5433382031393839	4504	4494
lcc	1	424a31343631202e5434362032303137	4504	4494
lcc	1	424a31343631202e5434382032303132	4504	4494
lcc	1	424a31343631202e5633362031393833	4504	4494
lcc	1	424a31343631202e5633362032303137	4504	4494
lcc	1	424a31343631202e563631352032303133	4504	4494
lcc	1	424a31343631202e5636322032303032	4504	4494
lcc	1	424a31343631202e5733382031393939	4504	4494
lcc	1	424a31343631202e573339352032303038	4504	4494
lcc	1	424a31343631202e573435332031383634	4504	4494
lcc	1	424a31343631202e57352031383932	4504	4494
lcc	1	424a31343631202e5736342031393930	4504	4494
lcc	1	424a31343631202e5835342032303032	4504	4494
lcc	1	424a31343631202e593638	4504	4494
lcc	1	424a31343631202e593638203139373562	4504	4494
lcc	1	424a31343631202e5936382032303137	4504	4494
lcc	1	424a31343631202e593638352031393836	4504	4494
lcc	1	424a31343631202e5936383578203139383662	4504	4494
lcc	1	424a3134363120463438352032303131	4504	4494
lcc	1	424a3134363120463438352032303132	4504	4494
lcc	1	424a31343631204c38	4504	4494
lcc	1	424a3134363120523238	4504	4494
lcc	1	424a313436312056353731342e32303036	4504	4494
lcc	1	424a313436312e4132382032303030	4504	4494
lcc	1	424a313436312e4133322032303031	4504	4494
lcc	1	424a313436312e4133342031393935	4504	4494
lcc	1	424a313436312e41382032303138	4504	4494
lcc	1	424a313436312e4232342032303135	4504	4494
lcc	1	424a313436312e4232352032303039	4504	4494
lcc	1	424a313436312e4232352032303130	4504	4494
lcc	1	424a313436312e4232352032303132	4504	4494
lcc	1	424a313436312e4232352032303134	4504	4494
lcc	1	424a313436312e423435352031393932	4504	4494
lcc	1	424a313436312e423436362031393731	4504	4494
lcc	1	424a313436312e4234382032303032	4504	4494
lcc	1	424a313436312e4236342031393938	4504	4494
lcc	1	424a313436312e4236362031393838	4504	4494
lcc	1	424a313436312e423638362032303134	4504	4494
lcc	1	424a313436312e4333372032303132	4504	4494
lcc	1	424a313436312e4335332031393937	4504	4494
lcc	1	424a313436312e4335332032303033	4504	4494
lcc	1	424a313436312e4335342032303233	4504	4494
lcc	1	424a313436312e4336382032303038	4504	4494
lcc	1	424a313436312e4432372032303037	4504	4494
lcc	1	424a313436312e4433372032303133	4504	4494
lcc	1	424a313436312e443432372032303034	4504	4494
lcc	1	424a313436312e4436332032303137	4504	4494
lcc	1	424a313436312e45332032303132	4504	4494
lcc	1	424a313436312e4533332032303039	4504	4494
lcc	1	424a313436312e45393720323031336562	4504	4494
lcc	1	424a313436312e4634372031393932	4504	4494
lcc	1	424a313436312e4634392031393934	4504	4494
lcc	1	424a313436312e4637332032303138	4504	4494
lcc	1	424a313436312e4637342032303031	4504	4494
lcc	1	424a313436312e4637342032303131	4504	4494
lcc	1	424a313436312e4637352032303031	4504	4494
lcc	1	424a313436312e4637352032303039	4504	4494
lcc	1	424a313436312e463735342032303138	4504	4494
lcc	1	424a313436312e4637362032303033	4504	4494
lcc	1	424a313436312e4637372032303135	4504	4494
lcc	1	424a313436312e4734352031393931	4504	4494
lcc	1	424a313436312e4737332032303139	4504	4494
lcc	1	424a313436312e4737342032303133	4504	4494
lcc	1	424a313436312e4737352032303133	4504	4494
lcc	1	424a313436312e483235392032303136	4504	4494
lcc	1	424a313436312e4832362031393938	4504	4494
lcc	1	424a313436312e4832372031393735	4504	4494
lcc	1	424a313436312e483237372032303035	4504	4494
lcc	1	424a313436312e48323738352032303132	4504	4494
lcc	1	424a313436312e4835332032303131	4504	4494
lcc	1	424a313436312e483536332032303039	4504	4494
lcc	1	424a313436312e4835372031393933	4504	4494
lcc	1	424a313436312e4835372032303032	4504	4494
lcc	1	424a313436312e4836362045383720323031356562	4504	4494
lcc	1	424a313436312e4838362032303131	4504	4494
lcc	1	424a313436312e4938322032303131	4504	4494
lcc	1	424a313436312e4b33372031393835	4504	4494
lcc	1	424a313436312e4b33382031393936	4504	4494
lcc	1	424a313436312e4b33382031393938	4504	4494
lcc	1	424a313436312e4b3338392032303231	4504	4494
lcc	1	424a313436312e4c33382031393934	4504	4494
lcc	1	424a313436312e4c34362032303133	4504	4494
lcc	1	424a313436312e4c3437362032303233	4504	4494
lcc	1	424a313436312e4c35332032303134	4504	4494
lcc	1	424a313436312e4c35352032303139	4504	4494
lcc	1	424a313436312e4d32362032303030	4504	4494
lcc	1	424a313436312e4d33342032303035	4504	4494
lcc	1	424a313436312e4d33392032303131	4504	4494
lcc	1	424a313436312e4d34352032303133	4504	4494
lcc	1	424a313436312e4d3435332032303134	4504	4494
lcc	1	424a313436312e4d34353320323031346562	4504	4494
lcc	1	424a313436312e4d35382032303139	4504	4494
lcc	1	424a313436312e4d35392031393836	4504	4494
lcc	1	424a313436312e4f32372032303030	4504	4494
lcc	1	424a313436312e4f32372032303032	4504	4494
lcc	1	424a313436312e4f33392031393838	4504	4494
lcc	1	424a313436312e50342032303136	4504	4494
lcc	1	424a313436312e5035332032303132	4504	4494
lcc	1	424a313436312e5035332032303133	4504	4494
lcc	1	424a313436312e5234352032303038	4504	4494
lcc	1	424a313436312e5234352032303135	4504	4494
lcc	1	424a313436312e52343720323031306562	4504	4494
lcc	1	424a313436312e52362032303234	4504	4494
lcc	1	424a313436312e5236372032303039	4504	4494
lcc	1	424a313436312e5236382032303136	4504	4494
lcc	1	424a313436312e53332032303234	4504	4494
lcc	1	424a313436312e533332352032303233	4504	4494
lcc	1	424a313436312e5333362031393835	4504	4494
lcc	1	424a313436312e5335332031393932	4504	4494
lcc	1	424a313436312e5336352032303030	4504	4494
lcc	1	424a313436312e5336372032303030	4504	4494
lcc	1	424a313436312e5336382031393938	4504	4494
lcc	1	424a313436312e5336392032303032	4504	4494
lcc	1	424a313436312e533639352032303130	4504	4494
lcc	1	424a313436312e5337372031393836	4504	4494
lcc	1	424a313436312e5338372032303135	4504	4494
lcc	1	424a313436312e54323933204633382032303131	4504	4494
lcc	1	424a313436312e54323933205733352032303131	4504	4494
lcc	1	424a313436312e543239334633382032303131	4504	4494
lcc	1	424a313436312e5433382031393839	4504	4494
lcc	1	424a313436312e5434382032303132	4504	4494
lcc	1	424a313436312e56332032303234	4504	4494
lcc	1	424a313436312e5636322032303032	4504	4494
lcc	1	424a313436312e5733382031393939	4504	4494
lcc	1	424a313436312e5733392032303038	4504	4494
lcc	1	424a313436312e5735352031393933	4504	4494
lcc	1	424a313436312e5736342031393930	4504	4494
lcc	1	424a313436312e5736362031393938	4504	4494
lcc	1	424a313436312e5835342032303032	4504	4494
lcc	1	424a313436312e593638352031393836	4504	4494
lcc	1	424a313436312e593638352032303138	4504	4494
lcc	1	424a313436313b202e41373320766f6c2e2032	4504	4494
lcc	1	424a31343631463438352032303131	4504	4494
lcc	1	424a31343631463438352032303134	4504	4494
lcc	1	424a31343632	4504	4494
lcc	1	424a31343632202e4134332032303133	4504	4494
lcc	1	424a31343632202e4234362032303139	4504	4494
lcc	1	424a31343632202e4236382032303231	4504	4494
lcc	1	424a31343632202e4334332031393831	4504	4494
lcc	1	424a31343632202e4434372031393834	4504	4494
lcc	1	424a31343632202e453434	4504	4494
lcc	1	424a31343632202e4633372032303032	4504	4494
lcc	1	424a31343632202e4636342032303137	4504	4494
lcc	1	424a31343632202e4636362031383936	4504	4494
lcc	1	424a31343632202e4636372032303130	4504	4494
lcc	1	424a31343632202e4636382031393835	4504	4494
lcc	1	424a31343632202e4733	4504	4494
lcc	1	424a31343632202e473636	4504	4494
lcc	1	424a31343632202e4c3437203139393378	4504	4494
lcc	1	424a31343632202e4c35342032303231	4504	4494
lcc	1	424a31343632202e4c35352032303131	4504	4494
lcc	1	424a31343632202e4e332031393934	4504	4494
lcc	1	424a31343632202e52353133	4504	4494
lcc	1	424a31343632202e52353331332032303037	4504	4494
lcc	1	424a31343632202e5236362032303031	4504	4494
lcc	1	424a31343632202e5333342032303132	4504	4494
lcc	1	424a31343632202e53343831332031393936	4504	4494
lcc	1	424a31343632202e53352031393839	4504	4494
lcc	1	424a31343632202e53353133	4504	4494
lcc	1	424a31343632202e5633362032303135	4504	4494
lcc	1	424a313436322053353936742031393839	4504	4494
lcc	1	424a3134363220563533	4504	4494
lcc	1	424a313436322e4534343133	4504	4494
lcc	1	424a313436322e52353331332032303037	4504	4494
lcc	1	424a313436322e53343831332031393936	4504	4494
lcc	1	424a31343633202e4233382032303136	4504	4494
lcc	1	424a31343633202e423437342032303132	4504	4494
lcc	1	424a31343633202e4235342032303031	4504	4494
lcc	1	424a31343633202e423537362031393935	4504	4494
lcc	1	424a31343633202e4237332031393932	4504	4494
lcc	1	424a31343633202e4237382032303133	4504	4494
lcc	1	424a31343633202e4333372032303136	4504	4494
lcc	1	424a31343633202e4436362031393932	4504	4494
lcc	1	424a31343633202e4437332031393837	4504	4494
lcc	1	424a31343633202e4437342032303039	4504	4494
lcc	1	424a31343633202e4535342031393837	4504	4494
lcc	1	424a31343633202e46332031393935	4504	4494
lcc	1	424a31343633202e4635372032303038	4504	4494
lcc	1	424a31343633202e4636342032303037	4504	4494
lcc	1	424a31343633202e4636372032303034	4504	4494
lcc	1	424a31343633202e4636382032303131	4504	4494
lcc	1	424a31343633202e4636392032303036	4504	4494
lcc	1	424a31343633202e463639352032303037	4504	4494
lcc	1	424a31343633202e463639372032303037	4504	4494
lcc	1	424a31343633202e463733	4504	4494
lcc	1	424a31343633202e463733352032303132	4504	4494
lcc	1	424a31343633202e463733362032303136	4504	4494
lcc	1	424a31343633202e4637342032303034	4504	4494
lcc	1	424a31343633202e4637342032303131	4504	4494
lcc	1	424a31343633202e4735	4504	4494
lcc	1	424a31343633202e4737352032303033	4504	4494
lcc	1	424a31343633202e4833382032303037	4504	4494
lcc	1	424a31343633202e4834	4504	4494
lcc	1	424a31343633202e4835382032303135	4504	4494
lcc	1	424a31343633202e4b33382032303133	4504	4494
lcc	1	424a31343633202e4b33392032303130	4504	4494
lcc	1	424a31343633202e4b3533382032303132	4504	4494
lcc	1	424a31343633202e4b35342032303039	4504	4494
lcc	1	424a31343633202e4b35382032303132	4504	4494
lcc	1	424a31343633202e4c34362032303035	4504	4494
lcc	1	424a31343633202e4c3635	4504	4494
lcc	1	424a31343633202e4c36352031393134	4504	4494
lcc	1	424a31343633202e4c382031393736	4504	4494
lcc	1	424a31343633202e4c38383434372032303230	4504	4494
lcc	1	424a31343633202e4d332031393036	4504	4494
lcc	1	424a31343633202e5032372031393831	4504	4494
lcc	1	424a31343633202e5032392032303034	4504	4494
lcc	1	424a31343633202e5034352032303038	4504	4494
lcc	1	424a31343633202e5036382032303131	4504	4494
lcc	1	424a31343633202e5037342031393934	4504	4494
lcc	1	424a31343633202e52343334362032303135	4504	4494
lcc	1	424a31343633202e523435372032303135	4504	4494
lcc	1	424a31343633202e5235332032303030	4504	4494
lcc	1	424a31343633202e523635342032303138	4504	4494
lcc	1	424a31343633202e5238342032303138	4504	4494
lcc	1	424a31343633202e5332352031393833	4504	4494
lcc	1	424a31343633202e53332031393735	4504	4494
lcc	1	424a31343633202e5333342031393937	4504	4494
lcc	1	424a31343633202e533334332032303130	4504	4494
lcc	1	424a31343633202e533334352032303036	4504	4494
lcc	1	424a31343633202e533335382031393737	4504	4494
lcc	1	424a31343633202e5333353834332032303130	4504	4494
lcc	1	424a31343633202e53333538352032303037	4504	4494
lcc	1	424a31343633202e53333633	4504	4494
lcc	1	424a31343633202e533337352032303133	4504	4494
lcc	1	424a31343633202e533338342031393935	4504	4494
lcc	1	424a31343633202e533339332032303230	4504	4494
lcc	1	424a31343633202e5334342032303032	4504	4494
lcc	1	424a31343633202e5334342032303037	4504	4494
lcc	1	424a31343633202e5334352032303039	4504	4494
lcc	1	424a31343633202e53343520323030396562	4504	4494
lcc	1	424a31343633202e533436	4504	4494
lcc	1	424a31343633202e5337342032303135	4504	4494
lcc	1	424a31343633202e5337352032303131	4504	4494
lcc	1	424a31343633202e5337362032303134	4504	4494
lcc	1	424a31343633202e543439342032303137	4504	4494
lcc	1	424a31343633202e5634372032303130	4504	4494
lcc	1	424a31343633202e563437203230313078	4504	4494
lcc	1	424a31343633202e5635342032303036	4504	4494
lcc	1	424a31343633202e5733342031393938	4504	4494
lcc	1	424a31343633202e5733342031393939	4504	4494
lcc	1	424a31343633202e57333431332032303031	4504	4494
lcc	1	424a31343633202e573338352031393738	4504	4494
lcc	1	424a31343633202e5734352032303138	4504	4494
lcc	1	424a31343633202e5735332031393830	4504	4494
lcc	1	424a31343633202e5735352032303135	4504	4494
lcc	1	424a31343633202e5735382032303037	4504	4494
lcc	1	424a31343633202e5736352032303132	4504	4494
lcc	1	424a31343633202e5a38362032303038	4504	4494
lcc	1	424a31343633204b3534352032303132	4504	4494
lcc	1	424a313436332e4233382032303136	4504	4494
lcc	1	424a313436332e4237382032303133	4504	4494
lcc	1	424a313436332e42373820323031336562	4504	4494
lcc	1	424a313436332e433633204834372032303031	4504	4494
lcc	1	424a313436332e4434382032303135	4504	4494
lcc	1	424a313436332e4834	4504	4494
lcc	1	424a313436332e4835382032303135	4504	4494
lcc	1	424a313436332e4b33382032303133	4504	4494
lcc	1	424a313436332e4b33382032303137	4504	4494
lcc	1	424a313436332e4b3533382032303132	4504	4494
lcc	1	424a313436332e4b35342032303039	4504	4494
lcc	1	424a313436332e4b35382032303132	4504	4494
lcc	1	424a313436332e4c3336204a3633203139393678	4504	4494
lcc	1	424a313436332e4c3733205234352032303030	4504	4494
lcc	1	424a313436332e4c37332e5234352032303030	4504	4494
lcc	1	424a313436332e4c37335234352032303030	4504	4494
lcc	1	424a313436332e4d34352032303230	4504	4494
lcc	1	424a313436332e50363820323031316562	4504	4494
lcc	1	424a313436332e5233362032303135	4504	4494
lcc	1	424a313436332e523435372032303135	4504	4494
lcc	1	424a313436332e5332362032303035	4504	4494
lcc	1	424a313436332e533333204135372031393933	4504	4494
lcc	1	424a313436332e53333536	4504	4494
lcc	1	424a313436332e53333536204534362031393939	4504	4494
lcc	1	424a313436332e533335362048343331332031393835	4504	4494
lcc	1	424a313436332e5334342032303037	4504	4494
lcc	1	424a313436332e543339352032303137	4504	4494
lcc	1	424a313436332e573336352032303138	4504	4494
lcc	1	424a313436332e5735382032303037	4504	4494
lcc	1	424a313436332e5a38362032303038	4504	4494
lcc	1	424a31343634202e433237362032303037	4504	4494
lcc	1	424a31343634202e4334342032303136	4504	4494
lcc	1	424a31343634202e44342032303031	4504	4494
lcc	1	424a31343634202e4434332032303034	4504	4494
lcc	1	424a31343634202e443437362032303031	4504	4494
lcc	1	424a31343634202e4538352031393937	4504	4494
lcc	1	424a31343634202e4634332032303135	4504	4494
lcc	1	424a31343634202e4735372032303133	4504	4494
lcc	1	424a31343634202e473537352032303136	4504	4494
lcc	1	424a31343634202e4c35332032303134	4504	4494
lcc	1	424a31343634202e4c35342032303134	4504	4494
lcc	1	424a31343634202e4c37332032303138	4504	4494
lcc	1	424a31343634202e4c38382032303132	4504	4494
lcc	1	424a31343634202e4d33342032303035	4504	4494
lcc	1	424a31343634202e4d33342032303136	4504	4494
lcc	1	424a31343634202e5333362032303033	4504	4494
lcc	1	424a31343634202e5334382032303039	4504	4494
lcc	1	424a31343634202e5335332032303130	4504	4494
lcc	1	424a31343634202e5634362032303130	4504	4494
lcc	1	424a31343635202e412031393838	4504	4494
lcc	1	424a31343635202e4134382031393838	4504	4494
lcc	1	424a31343635202e4233372032303133	4504	4494
lcc	1	424a31343635202e4635382032303132	4504	4494
lcc	1	424a31343635202e4d36362031393839	4504	4494
lcc	1	424a313436352e204b33372031393930	4504	4494
lcc	1	424a31343636	4504	4494
lcc	1	424a31343636202e4137382032303037	4504	4494
lcc	1	424a31343636202e4535362032303132	4504	4494
lcc	1	424a31343636202e4c34382032303038	4504	4494
lcc	1	424a31343636202e4c343831352031393839	4504	4494
lcc	1	424a31343636202e5034362032303039	4504	4494
lcc	1	424a31343636202e5035392031393934	4504	4494
lcc	1	424a31343636202e5337362031393939	4504	4494
lcc	1	424a31343636202e5437382031393938	4504	4494
lcc	1	424a313436382e35202e41333520323032326562	4504	4494
lcc	1	424a313436382e35202e4134372032303037	4504	4494
lcc	1	424a313436382e35202e423337	4504	4494
lcc	1	424a313436382e35202e423437	4504	4494
lcc	1	424a313436382e35202e4235352031393930	4504	4494
lcc	1	424a313436382e35202e423638	4504	4494
lcc	1	424a313436382e35202e4334332031393838	4504	4494
lcc	1	424a313436382e35202e4436352032303135	4504	4494
lcc	1	424a313436382e35202e4438352031393837	4504	4494
lcc	1	424a313436382e35202e453932	4504	4494
lcc	1	424a313436382e35202e4633352032303039	4504	4494
lcc	1	424a313436382e35202e4637332031393938	4504	4494
lcc	1	424a313436382e35202e4637332032303138	4504	4494
lcc	1	424a313436382e35202e4733342031393832	4504	4494
lcc	1	424a313436382e35202e4735352032303138	4504	4494
lcc	1	424a313436382e35202e4833382032303135	4504	4494
lcc	1	424a313436382e35202e4834352032303039	4504	4494
lcc	1	424a313436382e35202e4836342032303131	4504	4494
lcc	1	424a313436382e35202e483635	4504	4494
lcc	1	424a313436382e35202e4839362032303031	4504	4494
lcc	1	424a313436382e35202e4935382032303133	4504	4494
lcc	1	424a313436382e35202e4b3333	4504	4494
lcc	1	424a313436382e35202e4b35342031393930	4504	4494
lcc	1	424a313436382e35202e4c34352031393832	4504	4494
lcc	1	424a313436382e35202e4c34362032303138	4504	4494
lcc	1	424a313436382e35202e4c37342031393935	4504	4494
lcc	1	424a313436382e35202e4c37342031393937	4504	4494
lcc	1	424a313436382e35202e4d34352032303132	4504	4494
lcc	1	424a313436382e35202e4d3439	4504	4494
lcc	1	424a313436382e35202e4d35332031393934	4504	4494
lcc	1	424a313436382e35202e4d353320313939346562	4504	4494
lcc	1	424a313436382e35202e4d35332031393936	4504	4494
lcc	1	424a313436382e35202e5037342032303032	4504	4494
lcc	1	424a313436382e35202e5238332032303136	4504	4494
lcc	1	424a313436382e35202e5334322032303130	4504	4494
lcc	1	424a313436382e35202e57343320323032306562	4504	4494
lcc	1	424a313436382e35202e5736372031393935	4504	4494
lcc	1	424a313436382e35202e5736372031393936	4504	4494
lcc	1	424a313436382e35202e593638	4504	4494
lcc	1	424a313436382e35205033	4504	4494
lcc	1	424a313436382e352e4233352031393935	4504	4494
lcc	1	424a313436382e352e4436382031393936	4504	4494
lcc	1	424a313436382e352e4438352031393836	4504	4494
lcc	1	424a313436382e352e4637332032303138	4504	4494
lcc	1	424a313436382e352e4734392032303039	4504	4494
lcc	1	424a313436382e352e4735352032303138	4504	4494
lcc	1	424a313436382e352e4833372031393935	4504	4494
lcc	1	424a313436382e352e4836342032303131	4504	4494
lcc	1	424a313436382e352e4b35342031393930	4504	4494
lcc	1	424a313436382e352e4c34362032303230	4504	4494
lcc	1	424a313436382e352e4c37342031393937	4504	4494
lcc	1	424a313436382e352e4d33352032303233	4504	4494
lcc	1	424a313436382e352e4d34352032303132	4504	4494
lcc	1	424a313436382e352e4d34352032303134	4504	4494
lcc	1	424a313436382e352e4d35332031393934	4504	4494
lcc	1	424a313436382e352e5238332032303136	4504	4494
lcc	1	424a313436382e352e5734332032303230	4504	4494
lcc	1	424a313436382e352e5736372031393936	4504	4494
lcc	1	424a313436382e413733	4504	4494
lcc	1	424a313436382e413733205133372032303033	4504	4494
lcc	1	424a313436382e413735204b35332032303033	4504	4494
lcc	1	424a313436382e4233204137372031393930	4504	4494
lcc	1	424a313436382e4438	4504	4494
lcc	1	424a313436382e4438204734342032303135	4504	4494
lcc	1	424a313436382e4438204c35362032303035	4504	4494
lcc	1	424a313436382e4438205733352032303037	4504	4494
lcc	1	424a313436382e443838204836372032303138	4504	4494
lcc	1	424a313436382e4737204938342031393739	4504	4494
lcc	1	424a313436382e47373420533237203230313278	4504	4494
lcc	1	424a313436382e4838204135332032303131	4504	4494
lcc	1	424a313436382e4838204634352032303034	4504	4494
lcc	1	424a313436382e4a33204d35392031393933	4504	4494
lcc	1	424a313436382e4a33205332372031393933	4504	4494
lcc	1	424a313436382e4b36204b3536352032303139	4504	4494
lcc	1	424a313436382e4e3637205337352031393832	4504	4494
lcc	1	424a313436382e503337204635332032303134	4504	4494
lcc	1	424a313436382e5236204c33372032303039	4504	4494
lcc	1	424a313436382e5338204834352032303039	4504	4494
lcc	1	424a313436382e533934204f33352031393938	4504	4494
lcc	1	424a313436382e543837204238342032303135	4504	4494
lcc	1	424a31343639202e4136332032303131	4504	4494
lcc	1	424a31343639202e4137362032303130	4504	4494
lcc	1	424a31343639202e4138352032303030	4504	4494
lcc	1	424a31343639202e4235372031393932	4504	4494
lcc	1	424a31343639202e4237362032303039	4504	4494
lcc	1	424a31343639202e4237362032303130	4504	4494
lcc	1	424a31343639202e4237382032303130	4504	4494
lcc	1	424a31343639202e423835352032303035	4504	4494
lcc	1	424a31343639202e4333372031393930	4504	4494
lcc	1	424a31343639202e4334362032303133	4504	4494
lcc	1	424a31343639202e4336362031393937	4504	4494
lcc	1	424a31343639202e4535382032303035	4504	4494
lcc	1	424a31343639202e4733362032303131	4504	4494
lcc	1	424a31343639202e4833372032303039	4504	4494
lcc	1	424a31343639202e4838352032303135	4504	4494
lcc	1	424a31343639202e4a35352032303039	4504	4494
lcc	1	424a31343639202e4b33382032303031	4504	4494
lcc	1	424a31343639202e4b3534	4504	4494
lcc	1	424a31343639202e4b35342031393934	4504	4494
lcc	1	424a31343639202e4b35362031393931	4504	4494
lcc	1	424a31343639202e4b36342032303132	4504	4494
lcc	1	424a31343639202e4d3336203230303278	4504	4494
lcc	1	424a31343639202e4d33372032303137	4504	4494
lcc	1	424a31343639202e4d35372031393836	4504	4494
lcc	1	424a31343639202e5234322032303133	4504	4494
lcc	1	424a31343639202e5234332031393931	4504	4494
lcc	1	424a31343639202e5234352031393839	4504	4494
lcc	1	424a31343639202e533236203230313078	4504	4494
lcc	1	424a31343639202e5333342031393831	4504	4494
lcc	1	424a31343639202e533336	4504	4494
lcc	1	424a31343639202e5334352032303036	4504	4494
lcc	1	424a31343639202e5335342032303132	4504	4494
lcc	1	424a31343639202e5335352032303130	4504	4494
lcc	1	424a31343639202e5433362032303133	4504	4494
lcc	1	424a31343639202e5433362032303135	4504	4494
lcc	1	424a31343639202e5733352032303132	4504	4494
lcc	1	424a31343639202e5735352031393939	4504	4494
lcc	1	424a31343639202e5735352032303133	4504	4494
lcc	1	424a31343639204237322031393833	4504	4494
lcc	1	424a313436392043333820313939366562	4504	4494
lcc	1	424a3134363920533535203230303320766f6c2e203130	4504	4494
lcc	1	424a3134363920533535203230303320766f6c2e2033	4504	4494
lcc	1	424a313436392e4237362032303039	4504	4494
lcc	1	424a313436392e4734362032303032	4504	4494
lcc	1	424a313436392e4b35342031393934	4504	4494
lcc	1	424a313436392e5234332031393931	4504	4494
lcc	1	424a313436392e55333431332032303136	4504	4494
lcc	1	424a313436392e5535342031393936	4504	4494
lcc	1	424a313436392e5736	4504	4494
lcc	1	424a313436394333382031393936	4504	4494
lcc	1	424a31343730202e4134362031393930	4504	4494
lcc	1	424a31343730202e4134362032303030	4504	4494
lcc	1	424a31343730202e413436352031393937	4504	4494
lcc	1	424a31343730202e4138322032303030	4504	4494
lcc	1	424a31343730202e42332032303131	4504	4494
lcc	1	424a31343730202e4233372032303133	4504	4494
lcc	1	424a31343730202e4234372032303137	4504	4494
lcc	1	424a31343730202e4235332032303136	4504	4494
lcc	1	424a31343730202e4237372032303132	4504	4494
lcc	1	424a31343730202e433335352032303136	4504	4494
lcc	1	424a31343730202e4333382032303036	4504	4494
lcc	1	424a31343730202e4334362032303132	4504	4494
lcc	1	424a31343730202e4337352031393939	4504	4494
lcc	1	424a31343730202e4436362032303033	4504	4494
lcc	1	424a31343730202e4436382031393837	4504	4494
lcc	1	424a31343730202e4533372031393836	4504	4494
lcc	1	424a31343730202e463832	4504	4494
lcc	1	424a31343730202e4734372031393839	4504	4494
lcc	1	424a31343730202e4833342032303133	4504	4494
lcc	1	424a31343730202e493833	4504	4494
lcc	1	424a31343730202e4938332031393731	4504	4494
lcc	1	424a31343730202e4a33372032303131	4504	4494
lcc	1	424a31343730202e4a33372032303132	4504	4494
lcc	1	424a31343730202e4a33382032303131	4504	4494
lcc	1	424a31343730202e4a34362032303035	4504	4494
lcc	1	424a31343730202e4a35382032303133	4504	4494
lcc	1	424a31343730202e4a35392032303134	4504	4494
lcc	1	424a31343730202e4a36	4504	4494
lcc	1	424a31343730202e4a38352032303139	4504	4494
lcc	1	424a31343730202e4b34352032303036	4504	4494
lcc	1	424a31343730202e4b3435203230303662	4504	4494
lcc	1	424a31343730202e4b36342031393835	4504	4494
lcc	1	424a31343730202e4b3635	4504	4494
lcc	1	424a31343730202e4b36392032303133	4504	4494
lcc	1	424a31343730202e4b38362032303133	4504	4494
lcc	1	424a31343730202e4c33332032303039	4504	4494
lcc	1	424a31343730202e4c33352032303133	4504	4494
lcc	1	424a31343730202e4c3636	4504	4494
lcc	1	424a31343730202e4d333720323031326562	4504	4494
lcc	1	424a31343730202e4d3337352032303131	4504	4494
lcc	1	424a31343730202e4d3337352032303132	4504	4494
lcc	1	424a31343730202e4d342032303131	4504	4494
lcc	1	424a31343730202e4d36342032303133	4504	4494
lcc	1	424a31343730202e4d38373134	4504	4494
lcc	1	424a31343730202e4e33372031393734	4504	4494
lcc	1	424a31343730202e4e33372032303035	4504	4494
lcc	1	424a31343730202e4e33372032303036	4504	4494
lcc	1	424a31343730202e4e3636	4504	4494
lcc	1	424a31343730202e4f32342032303031	4504	4494
lcc	1	424a31343730202e4f34372031393938	4504	4494
lcc	1	424a31343730202e4f343730	4504	4494
lcc	1	424a31343730202e503238362031393937	4504	4494
lcc	1	424a31343730202e5033372032303134	4504	4494
lcc	1	424a31343730202e50333731382032303134	4504	4494
lcc	1	424a31343730202e503436	4504	4494
lcc	1	424a31343730202e5233332032303130	4504	4494
lcc	1	424a31343730202e5233342032303138	4504	4494
lcc	1	424a31343730202e5234352031393833	4504	4494
lcc	1	424a31343730202e5236332031393937	4504	4494
lcc	1	424a31343730202e5333362031393930	4504	4494
lcc	1	424a31343730202e5336352032303132	4504	4494
lcc	1	424a31343730202e5337332032303132	4504	4494
lcc	1	424a31343730202e5433392032303131	4504	4494
lcc	1	424a31343730202e5434332032303134	4504	4494
lcc	1	424a31343730202e543631332031393736	4504	4494
lcc	1	424a31343730202e5436383136342032303035	4504	4494
lcc	1	424a31343730202e5438342032303033	4504	4494
lcc	1	424a31343730202e56332032303031	4504	4494
lcc	1	424a31343730202e5733332032303138	4504	4494
lcc	1	424a31343730202e5733352032303133	4504	4494
lcc	1	424a31343730202e5735352032303133	4504	4494
lcc	1	424a31343730202e5736342031393836	4504	4494
lcc	1	424a31343730202e5934372031393738	4504	4494
lcc	1	424a313437302e32202e4d35352032303131	4504	4494
lcc	1	424a313437302e32202e4d35352032303132	4504	4494
lcc	1	424a313437302e32202e4d353520323031326562	4504	4494
lcc	1	424a313437302e32202e52343320323030376562	4504	4494
lcc	1	424a313437302e322e4f33352031393935	4504	4494
lcc	1	424a313437302e322e5234332032303132	4504	4494
lcc	1	424a313437302e35202e4233382032303138	4504	4494
lcc	1	424a313437302e35202e4237332031393836	4504	4494
lcc	1	424a313437302e35202e4237332031393937	4504	4494
lcc	1	424a313437302e35202e4237352032303039	4504	4494
lcc	1	424a313437302e35202e4333392032303135	4504	4494
lcc	1	424a313437302e35202e4334342032303032	4504	4494
lcc	1	424a313437302e35202e4334362032303130	4504	4494
lcc	1	424a313437302e35202e4334362032303131	4504	4494
lcc	1	424a313437302e35202e433436352032303036	4504	4494
lcc	1	424a313437302e35202e43343635342032303230	4504	4494
lcc	1	424a313437302e35202e4336362032303135	4504	4494
lcc	1	424a313437302e35202e4336362032303136	4504	4494
lcc	1	424a313437302e35202e4336392032303030	4504	4494
lcc	1	424a313437302e35202e4338372032303130	4504	4494
lcc	1	424a313437302e35202e4433382032303130	4504	4494
lcc	1	424a313437302e35202e4634362032303134	4504	4494
lcc	1	424a313437302e35202e4634372032303131	4504	4494
lcc	1	424a313437302e35202e46343720323031316562	4504	4494
lcc	1	424a313437302e35202e4635352032303038	4504	4494
lcc	1	424a313437302e35202e4735352032303030	4504	4494
lcc	1	424a313437302e35202e49352032303131	4504	4494
lcc	1	424a313437302e35202e4a36362032303038	4504	4494
lcc	1	424a313437302e35202e4b33352032303136	4504	4494
lcc	1	424a313437302e35202e4b34392032303137	4504	4494
lcc	1	424a313437302e35202e4b35332032303135	4504	4494
lcc	1	424a313437302e35202e4b36392032303134	4504	4494
lcc	1	424a313437302e35202e4c34352032303031	4504	4494
lcc	1	424a313437302e35202e4c35352032303134	4504	4494
lcc	1	424a313437302e35202e4d332031393937	4504	4494
lcc	1	424a313437302e35202e4d3337	4504	4494
lcc	1	424a313437302e35202e4d33372032303139	4504	4494
lcc	1	424a313437302e35202e4d35362032303132	4504	4494
lcc	1	424a313437302e35202e4f33352031393938	4504	4494
lcc	1	424a313437302e35202e5033372032303132	4504	4494
lcc	1	424a313437302e35202e5033382032303232	4504	4494
lcc	1	424a313437302e35202e5033392032303039	4504	4494
lcc	1	424a313437302e35202e5234332032303139	4504	4494
lcc	1	424a313437302e35202e5236342032303132	4504	4494
lcc	1	424a313437302e35202e5236352032303031	4504	4494
lcc	1	424a313437302e35202e5236352032303132	4504	4494
lcc	1	424a313437302e35202e5236392032303038	4504	4494
lcc	1	424a313437302e35202e5236392032303134	4504	4494
lcc	1	424a313437302e35202e533732382032303037	4504	4494
lcc	1	424a313437302e35202e5337332032303032	4504	4494
lcc	1	424a313437302e35202e5338332032303037	4504	4494
lcc	1	424a313437302e35202e5433392032303134	4504	4494
lcc	1	424a313437302e35202e5434352032303030	4504	4494
lcc	1	424a313437302e35202e5733372032303230	4504	4494
lcc	1	424a313437302e35202e5737352032303037	4504	4494
lcc	1	424a313437302e35204538372032303132	4504	4494
lcc	1	424a313437302e35204539382032303138	4504	4494
lcc	1	424a313437302e35205435332032303038	4504	4494
lcc	1	424a313437302e352e4237332031393836	4504	4494
lcc	1	424a313437302e352e4237332031393937	4504	4494
lcc	1	424a313437302e352e423733342031393836	4504	4494
lcc	1	424a313437302e352e4237352032303039	4504	4494
lcc	1	424a313437302e352e4238362032303231	4504	4494
lcc	1	424a313437302e352e4334352032303039	4504	4494
lcc	1	424a313437302e352e4334362032303130	4504	4494
lcc	1	424a313437302e352e433436382032303230	4504	4494
lcc	1	424a313437302e352e4336362032303135	4504	4494
lcc	1	424a313437302e352e4336392032303030	4504	4494
lcc	1	424a313437302e352e4338372032303130	4504	4494
lcc	1	424a313437302e352e4435372032303138	4504	4494
lcc	1	424a313437302e352e47352032303234	4504	4494
lcc	1	424a313437302e352e4735352032303030	4504	4494
lcc	1	424a313437302e352e4834372032303136	4504	4494
lcc	1	424a313437302e352e49352032303131	4504	4494
lcc	1	424a313437302e352e4a36362032303038	4504	4494
lcc	1	424a313437302e352e4b33352032303136	4504	4494
lcc	1	424a313437302e352e4b34392032303137	4504	4494
lcc	1	424a313437302e352e4b34392032303138	4504	4494
lcc	1	424a313437302e352e4b35332032303134	4504	4494
lcc	1	424a313437302e352e4d33362032303139	4504	4494
lcc	1	424a313437302e352e4d36372032303039	4504	4494
lcc	1	424a313437302e352e5033392032303130	4504	4494
lcc	1	424a313437302e352e5236352032303031	4504	4494
lcc	1	424a313437302e352e53382032303234	4504	4494
lcc	1	424a313437302e352e5633362032303132	4504	4494
lcc	1	424a313437302e354539382032303138	4504	4494
lcc	1	424a313437302e4134362032303030	4504	4494
lcc	1	424a313437302e413436352032303031	4504	4494
lcc	1	424a313437302e4233372032303133	4504	4494
lcc	1	424a313437302e4233372032303134	4504	4494
lcc	1	424a313437302e4237372032303132	4504	4494
lcc	1	424a313437302e43333534392032303138	4504	4494
lcc	1	424a313437302e433335352032303136	4504	4494
lcc	1	424a313437302e433335352032303138	4504	4494
lcc	1	424a313437302e433734352032303030	4504	4494
lcc	1	424a313437302e4436362032303033	4504	4494
lcc	1	424a313437302e4533392032303030	4504	4494
lcc	1	424a313437302e4734382031393938	4504	4494
lcc	1	424a313437302e4833352031393938	4504	4494
lcc	1	424a313437302e4a33382031393936	4504	4494
lcc	1	424a313437302e4a33382032303131	4504	4494
lcc	1	424a313437302e4a34362032303035	4504	4494
lcc	1	424a313437302e4a35382032303134	4504	4494
lcc	1	424a313437302e4a35392032303134	4504	4494
lcc	1	424a313437302e4b3635	4504	4494
lcc	1	424a313437302e4c33372032303138	4504	4494
lcc	1	424a313437302e4c34332032303137	4504	4494
lcc	1	424a313437302e4d33372032303039	4504	4494
lcc	1	424a313437302e4d3337352032303131	4504	4494
lcc	1	424a313437302e4d3337352032303137	4504	4494
lcc	1	424a313437302e4d35372032303137	4504	4494
lcc	1	424a313437302e4d36342032303133	4504	4494
lcc	1	424a313437302e4e33372032303036	4504	4494
lcc	1	424a313437302e5033372032303134	4504	4494
lcc	1	424a313437302e5233332032303130	4504	4494
lcc	1	424a313437302e5233342032303138	4504	4494
lcc	1	424a313437302e5236342032303139	4504	4494
lcc	1	424a313437302e533332332032303030	4504	4494
lcc	1	424a313437302e5335322032303038	4504	4494
lcc	1	424a313437302e5336352032303133	4504	4494
lcc	1	424a313437312e35202e423433	4504	4494
lcc	1	424a313437312e35202e423435	4504	4494
lcc	1	424a313437312e35202e423438	4504	4494
lcc	1	424a313437312e35202e42373620313938332052434c	4504	4494
lcc	1	424a313437312e35202e423831362032303038	4504	4494
lcc	1	424a313437312e35202e4238332031393734	4504	4494
lcc	1	424a313437312e35202e4333372031393833	4504	4494
lcc	1	424a313437312e35202e4333382031393831	4504	4494
lcc	1	424a313437312e35202e443637	4504	4494
lcc	1	424a313437312e35202e443678	4504	4494
lcc	1	424a313437312e35202e4634332032303139	4504	4494
lcc	1	424a313437312e35202e473633	4504	4494
lcc	1	424a313437312e35202e4737342031393934	4504	4494
lcc	1	424a313437312e35202e4737342031393935	4504	4494
lcc	1	424a313437312e35202e4835372031393838	4504	4494
lcc	1	424a313437312e35202e4835372031393838203c4f7269656e204a6170616e3e	4504	4494
lcc	1	424a313437312e35202e4b3439	4504	4494
lcc	1	424a313437312e35202e4c34342032303032	4504	4494
lcc	1	424a313437312e35202e4d3237	4504	4494
lcc	1	424a313437312e35202e4d32372031393730	4504	4494
lcc	1	424a313437312e35202e4d3335	4504	4494
lcc	1	424a313437312e35202e4d363734	4504	4494
lcc	1	424a313437312e35202e4e33372032303032	4504	4494
lcc	1	424a313437312e35202e5035342032303131	4504	4494
lcc	1	424a313437312e35202e5036372032303138	4504	4494
lcc	1	424a313437312e35202e5332372031393930	4504	4494
lcc	1	424a313437312e35202e533239	4504	4494
lcc	1	424a313437312e35202e533239332031393933	4504	4494
lcc	1	424a313437312e35202e533239342031393936	4504	4494
lcc	1	424a313437312e35202e533239352031393930	4504	4494
lcc	1	424a313437312e35202e5333362032303130	4504	4494
lcc	1	424a313437312e35202e5336352031393938	4504	4494
lcc	1	424a313437312e35202e533733	4504	4494
lcc	1	424a313437312e35202e5339342032303037	4504	4494
lcc	1	424a313437312e35202e5434342031393936	4504	4494
lcc	1	424a313437312e35202e5434362031393932	4504	4494
lcc	1	424a313437312e35202e543631332031393734	4504	4494
lcc	1	424a313437312e35202e5634362032303032	4504	4494
lcc	1	424a313437312e35202e5638372032303031	4504	4494
lcc	1	424a313437312e35202e5734332031393930	4504	4494
lcc	1	424a313437312e35202e5734362032303035	4504	4494
lcc	1	424a313437312e35202e5736352032303232	4504	4494
lcc	1	424a313437312e35202e5a33352032303035	4504	4494
lcc	1	424a313437312e3520443336362031393833	4504	4494
lcc	1	424a313437312e35205333362032303130	4504	4494
lcc	1	424a313437312e352e4737332032303034	4504	4494
lcc	1	424a313437312e352e4737342031393935	4504	4494
lcc	1	424a313437312e352e4a36342031393936	4504	4494
lcc	1	424a313437312e352e4f36362032303031	4504	4494
lcc	1	424a313437312e352e5035342032303131	4504	4494
lcc	1	424a313437312e352e5233382032303036	4504	4494
lcc	1	424a313437312e352e5734362032303035	4504	4494
lcc	1	424a313437312e352e5a33352032303035	4504	4494
lcc	1	424a31343732202e4136362032303032	4504	4494
lcc	1	424a31343732202e41383320323030346562	4504	4494
lcc	1	424a31343732202e4237332032303132	4504	4494
lcc	1	424a31343732202e44323620323032326562	4504	4494
lcc	1	424a31343732202e4538342032303032	4504	4494
lcc	1	424a31343732202e4b34352032303037	4504	4494
lcc	1	424a31343732202e4e34392032303131	4504	4494
lcc	1	424a31343732202e5233332032303133	4504	4494
lcc	1	424a31343732202e5236342032303131	4504	4494
lcc	1	424a31343732202e5337342031393933	4504	4494
lcc	1	424a31343732202e5337342031393934	4504	4494
lcc	1	424a31343732202e5635342032303034	4504	4494
lcc	1	424a31343732202e5735352031393939	4504	4494
lcc	1	424a31343732202e5735352032303030	4504	4494
lcc	1	424a313437322e4138332032303035	4504	4494
lcc	1	424a313437322e4237332032303132	4504	4494
lcc	1	424a313437322e43343820323031336562	4504	4494
lcc	1	424a313437322e4433332032303232	4504	4494
lcc	1	424a313437322e4b33372032303132	4504	4494
lcc	1	424a313437322e4e34392032303131	4504	4494
lcc	1	424a313437322e4e343920323031316562	4504	4494
lcc	1	424a313437322e5337342031393934	4504	4494
lcc	1	424a313437322e5735352032303030	4504	4494
lcc	1	424a31343733202e4136362031393938	4504	4494
lcc	1	424a31343733202e4333322032303134	4504	4494
lcc	1	424a31343733202e453436382032303132	4504	4494
lcc	1	424a31343733202e4d36372032303032	4504	4494
lcc	1	424a31343733202e4e35332032303034	4504	4494
lcc	1	424a31343733202e4f32342031393931	4504	4494
lcc	1	424a31343733202e4f32342031393932	4504	4494
lcc	1	424a31343733202e5036382032303036	4504	4494
lcc	1	424a31343733202e5332372031393837	4504	4494
lcc	1	424a31343733202e5735352032303032	4504	4494
lcc	1	424a313437332e4e35332032303034	4504	4494
lcc	1	424a313437332e4f32342031393931	4504	4494
lcc	1	424a313437332e5036382032303036	4504	4494
lcc	1	424a31343734202e4133382032303039	4504	4494
lcc	1	424a31343734202e4134332031393838	4504	4494
lcc	1	424a31343734202e4134332031393936	4504	4494
lcc	1	424a31343734202e4134372031393933	4504	4494
lcc	1	424a31343734202e413437322032303032	4504	4494
lcc	1	424a31343734202e413437332031393936	4504	4494
lcc	1	424a31343734202e413437352032303035	4504	4494
lcc	1	424a31343734202e4134382032303037	4504	4494
lcc	1	424a31343734202e413438352031393838	4504	4494
lcc	1	424a31343734202e4135332031393932	4504	4494
lcc	1	424a31343734202e4137362032303038	4504	4494
lcc	1	424a31343734202e4138342032303137	4504	4494
lcc	1	424a31343734202e4233362032303037	4504	4494
lcc	1	424a31343734202e4234362031393832	4504	4494
lcc	1	424a31343734202e4235332032303032	4504	4494
lcc	1	424a31343734202e423534362032303131	4504	4494
lcc	1	424a31343734202e4239352032303031	4504	4494
lcc	1	424a31343734202e4333372032303034	4504	4494
lcc	1	424a31343734202e4334332032303131	4504	4494
lcc	1	424a31343734202e43372031393731	4504	4494
lcc	1	424a31343734202e4433342031393931	4504	4494
lcc	1	424a31343734202e4434372031393934	4504	4494
lcc	1	424a31343734202e4435392032303038	4504	4494
lcc	1	424a31343734202e453334342032303139	4504	4494
lcc	1	424a31343734202e4537352031393939	4504	4494
lcc	1	424a31343734202e4538342032303034	4504	4494
lcc	1	424a31343734202e45383420323030346562	4504	4494
lcc	1	424a31343734202e4538382032303039	4504	4494
lcc	1	424a31343734202e46353420323030376562	4504	4494
lcc	1	424a31343734202e4733352032303132	4504	4494
lcc	1	424a31343734202e4733362032303036	4504	4494
lcc	1	424a31343734202e4735372032303035	4504	4494
lcc	1	424a31343734202e4736332031393839	4504	4494
lcc	1	424a31343734202e4736342031393838	4504	4494
lcc	1	424a31343734202e4736352031393837	4504	4494
lcc	1	424a31343734202e483333372031393932	4504	4494
lcc	1	424a31343734202e4834372032303030	4504	4494
lcc	1	424a31343734202e483633352032303136	4504	4494
lcc	1	424a31343734202e4836342031393939	4504	4494
lcc	1	424a31343734202e4836372032303133	4504	4494
lcc	1	424a31343734202e493433342032303137	4504	4494
lcc	1	424a31343734202e4934352032303231	4504	4494
lcc	1	424a31343734202e4a33362032303132	4504	4494
lcc	1	424a31343734202e4a33362032303133	4504	4494
lcc	1	424a31343734202e4a36382032303034	4504	4494
lcc	1	424a31343734202e4b33342031393836	4504	4494
lcc	1	424a31343734202e4b33352031393832	4504	4494
lcc	1	424a31343734202e4b34352032303135	4504	4494
lcc	1	424a31343734202e4b35372032303030	4504	4494
lcc	1	424a31343734202e4b37332032303037	4504	4494
lcc	1	424a31343734202e4c33372031393939	4504	4494
lcc	1	424a31343734202e4c3338332032303135	4504	4494
lcc	1	424a31343734202e4c33392031393939	4504	4494
lcc	1	424a31343734202e4c33392032303135	4504	4494
lcc	1	424a31343734202e4c38332032303130	4504	4494
lcc	1	424a31343734202e4d33382032303139	4504	4494
lcc	1	424a31343734202e4d34352032303136	4504	4494
lcc	1	424a31343734202e4d3439	4504	4494
lcc	1	424a31343734202e4d34392031393735	4504	4494
lcc	1	424a31343734202e4d3439392032303132	4504	4494
lcc	1	424a31343734202e4d35352031393934	4504	4494
lcc	1	424a31343734202e4d36	4504	4494
lcc	1	424a31343734202e4d36372032303033	4504	4494
lcc	1	424a31343734202e4d37342031393938	4504	4494
lcc	1	424a31343734202e4d38372032303030	4504	4494
lcc	1	424a31343734202e4d383720323030306562	4504	4494
lcc	1	424a31343734202e4e333420313937386562	4504	4494
lcc	1	424a31343734202e4f33392031393935	4504	4494
lcc	1	424a31343734202e4f37372031393838	4504	4494
lcc	1	424a31343734202e4f38352031393939	4504	4494
lcc	1	424a31343734202e5036352031393934	4504	4494
lcc	1	424a31343734202e5037352031393934	4504	4494
lcc	1	424a31343734202e5038352031393934	4504	4494
lcc	1	424a31343734202e523331372032303131	4504	4494
lcc	1	424a31343734202e523437	4504	4494
lcc	1	424a31343734202e5234372032303033	4504	4494
lcc	1	424a31343734202e5236	4504	4494
lcc	1	424a31343734202e5236332032303039	4504	4494
lcc	1	424a31343734202e5236372032303231	4504	4494
lcc	1	424a31343734202e5333332032303035	4504	4494
lcc	1	424a31343734202e5333352032303133	4504	4494
lcc	1	424a31343734202e5333353631332032303135	4504	4494
lcc	1	424a31343734202e5333362032303034	4504	4494
lcc	1	424a31343734202e5333372032303131	4504	4494
lcc	1	424a31343734202e5333382032303135	4504	4494
lcc	1	424a31343734202e5333392031393936	4504	4494
lcc	1	424a31343734202e5333392031393937	4504	4494
lcc	1	424a31343734202e533339342031393937	4504	4494
lcc	1	424a31343734202e533339342032303134	4504	4494
lcc	1	424a31343734202e5334322031393939	4504	4494
lcc	1	424a31343734202e533433332032303135	4504	4494
lcc	1	424a31343734202e5334352032303133	4504	4494
lcc	1	424a31343734202e5335342032303038	4504	4494
lcc	1	424a31343734202e5335362032303135	4504	4494
lcc	1	424a31343734202e533633352032303035	4504	4494
lcc	1	424a31343734202e533635	4504	4494
lcc	1	424a31343734202e5336392032303032	4504	4494
lcc	1	424a31343734202e5337332032303037	4504	4494
lcc	1	424a31343734202e5337362032303131	4504	4494
lcc	1	424a31343734202e5436372032303132	4504	4494
lcc	1	424a31343734202e5438332032303033	4504	4494
lcc	1	424a31343734202e54383331332032303136	4504	4494
lcc	1	424a31343734202e5633362031393934	4504	4494
lcc	1	424a313437342042343731342031393935	4504	4494
lcc	1	424a313437342050332031393139	4504	4494
lcc	1	424a31343734205336372031393730	4504	4494
lcc	1	424a313437342e35	4504	4494
lcc	1	424a313437342e35202e4134382032303130	4504	4494
lcc	1	424a313437342e35202e4539372032303137	4504	4494
lcc	1	424a313437342e35202e4935382032303137	4504	4494
lcc	1	424a313437342e35202e5332362032303033	4504	4494
lcc	1	424a313437342e35202e5333372032303139	4504	4494
lcc	1	424a313437342e352e4935382032303137	4504	4494
lcc	1	424a313437342e352e4935382032303234	4504	4494
lcc	1	424a313437342e352e5734372031393936	4504	4494
lcc	1	424a313437342e4133382032303039	4504	4494
lcc	1	424a313437342e413437322032303031	4504	4494
lcc	1	424a313437342e41343732352032303037	4504	4494
lcc	1	424a313437342e413437352032303035	4504	4494
lcc	1	424a313437342e41372032303234	4504	4494
lcc	1	424a313437342e41373620323030386562	4504	4494
lcc	1	424a313437342e4238382032303234	4504	4494
lcc	1	424a313437342e4334372031393936	4504	4494
lcc	1	424a313437342e4539372032303136	4504	4494
lcc	1	424a313437342e4635342032303037	4504	4494
lcc	1	424a313437342e483633352032303136	4504	4494
lcc	1	424a313437342e4836342031393939	4504	4494
lcc	1	424a313437342e4a33362032303132	4504	4494
lcc	1	424a313437342e4b37332032303036	4504	4494
lcc	1	424a313437342e4c332032303233	4504	4494
lcc	1	424a313437342e4c38332032303130	4504	4494
lcc	1	424a313437342e4d33332032303232	4504	4494
lcc	1	424a313437342e4d3439392032303132	4504	4494
lcc	1	424a313437342e4d3734	4504	4494
lcc	1	424a313437342e4d38372032303030	4504	4494
lcc	1	424a313437342e4d38372032303033	4504	4494
lcc	1	424a313437342e4f3339352032303033	4504	4494
lcc	1	424a313437342e4f3339352032303035	4504	4494
lcc	1	424a313437342e5036352031393934	4504	4494
lcc	1	424a313437342e5134342032303035	4504	4494
lcc	1	424a313437342e5333382032303135	4504	4494
lcc	1	424a313437342e533339342031393937	4504	4494
lcc	1	424a313437342e5334332032303039	4504	4494
lcc	1	424a313437342e5335362032303135	4504	4494
lcc	1	424a313437342e5335362032303136	4504	4494
lcc	1	424a313437342e5336392032303032	4504	4494
lcc	1	424a313437342e5337362032303131	4504	4494
lcc	1	424a313437342e54383331332032303136	4504	4494
lcc	1	424a313437342e5438342031393937	4504	4494
lcc	1	424a313437342e5633362031393934	4504	4494
lcc	1	424a313437342e5635352032303136	4504	4494
lcc	1	424a31343735202e413236362032303139	4504	4494
lcc	1	424a31343735202e4135332032303136	4504	4494
lcc	1	424a31343735202e413737203230313162	4504	4494
lcc	1	424a31343735202e4233372032303038	4504	4494
lcc	1	424a31343735202e4233372032303039	4504	4494
lcc	1	424a31343735202e4234352032303133	4504	4494
lcc	1	424a31343735202e4234362032303033	4504	4494
lcc	1	424a31343735202e4235362032303136	4504	4494
lcc	1	424a31343735202e4235372031393931	4504	4494
lcc	1	424a31343735202e4236342032303031	4504	4494
lcc	1	424a31343735202e4236342032303038	4504	4494
lcc	1	424a31343735202e4236372032303138	4504	4494
lcc	1	424a31343735202e4236382031393936	4504	4494
lcc	1	424a31343735202e42363820313939376562	4504	4494
lcc	1	424a31343735202e4237362032303133	4504	4494
lcc	1	424a31343735202e4237382031393930	4504	4494
lcc	1	424a31343735202e423738352032303038	4504	4494
lcc	1	424a31343735202e4238342031393834	4504	4494
lcc	1	424a31343735202e4238342031393835	4504	4494
lcc	1	424a31343735202e4333372032303130	4504	4494
lcc	1	424a31343735202e4333372032303133	4504	4494
lcc	1	424a31343735202e4333372032303135	4504	4494
lcc	1	424a31343735202e4333372032303136	4504	4494
lcc	1	424a31343735202e433337382032303032	4504	4494
lcc	1	424a31343735202e4334332032303131	4504	4494
lcc	1	424a31343735202e4334332032303136	4504	4494
lcc	1	424a31343735202e433537332032303134	4504	4494
lcc	1	424a31343735202e4336332032303135	4504	4494
lcc	1	424a31343735202e4336352032303135	4504	4494
lcc	1	424a31343735202e4336362032303034	4504	4494
lcc	1	424a31343735202e433636372032303130	4504	4494
lcc	1	424a31343735202e4336372032303132	4504	4494
lcc	1	424a31343735202e43363720323031386562	4504	4494
lcc	1	424a31343735202e4336382032303138	4504	4494
lcc	1	424a31343735202e4337352031393934	4504	4494
lcc	1	424a31343735202e43373520313939366562	4504	4494
lcc	1	424a31343735202e4337362032303138	4504	4494
lcc	1	424a31343735202e4337382032303134	4504	4494
lcc	1	424a31343735202e4433332032303231	4504	4494
lcc	1	424a31343735202e4435362032303130	4504	4494
lcc	1	424a31343735202e4435382032303037	4504	4494
lcc	1	424a31343735202e4436332032303032	4504	4494
lcc	1	424a31343735202e4436342032303131	4504	4494
lcc	1	424a31343735202e4534332032303032	4504	4494
lcc	1	424a31343735202e4534362032303135	4504	4494
lcc	1	424a31343735202e4534362032303136	4504	4494
lcc	1	424a31343735202e4534372032303134	4504	4494
lcc	1	424a31343735202e4538342032303037	4504	4494
lcc	1	424a31343735202e4538342032303135	4504	4494
lcc	1	424a31343735202e4538352032303037	4504	4494
lcc	1	424a31343735202e4634362032303134	4504	4494
lcc	1	424a31343735202e4634372032303138	4504	4494
lcc	1	424a31343735202e4635342032303134	4504	4494
lcc	1	424a31343735202e4637362031393938	4504	4494
lcc	1	424a31343735202e4638352031393932	4504	4494
lcc	1	424a31343735202e4734352032303039	4504	4494
lcc	1	424a31343735202e4734362032303134	4504	4494
lcc	1	424a31343735202e4735332032303038	4504	4494
lcc	1	424a31343735202e4735352032303039	4504	4494
lcc	1	424a31343735202e4736352031393837	4504	4494
lcc	1	424a31343735202e4737332032303033	4504	4494
lcc	1	424a31343735202e4737352032303134	4504	4494
lcc	1	424a31343735202e4738362032303035	4504	4494
lcc	1	424a31343735202e4833372032303034	4504	4494
lcc	1	424a31343735202e4834352032303035	4504	4494
lcc	1	424a31343735202e4835352032303133	4504	4494
lcc	1	424a31343735202e4835372032303137	4504	4494
lcc	1	424a31343735202e4836362032303036	4504	4494
lcc	1	424a31343735202e48363620323030366562	4504	4494
lcc	1	424a31343735202e4836382032303033	4504	4494
lcc	1	424a31343735202e4839332032303130	4504	4494
lcc	1	424a31343735202e4b33352032303036	4504	4494
lcc	1	424a31343735202e4b36342032303031	4504	4494
lcc	1	424a31343735202e4b36352032303137	4504	4494
lcc	1	424a31343735202e4c33362032303035	4504	4494
lcc	1	424a31343735202e4c333620323030396562	4504	4494
lcc	1	424a31343735202e4c34332032303133	4504	4494
lcc	1	424a31343735202e4c34342032303031	4504	4494
lcc	1	424a31343735202e4c34352032303035	4504	4494
lcc	1	424a31343735202e4c343531382032303035	4504	4494
lcc	1	424a31343735202e4c34362032303131	4504	4494
lcc	1	424a31343735202e4c34372031393930	4504	4494
lcc	1	424a31343735202e4c39362032303136	4504	4494
lcc	1	424a31343735202e4d3235352032303139	4504	4494
lcc	1	424a31343735202e4d33372031393930	4504	4494
lcc	1	424a31343735202e4d343238352032303136	4504	4494
lcc	1	424a31343735202e4d34332032303037	4504	4494
lcc	1	424a31343735202e4d34333132342032303132	4504	4494
lcc	1	424a31343735202e4d34342032303033	4504	4494
lcc	1	424a31343735202e4d3435	4504	4494
lcc	1	424a31343735202e4d343737382032303039	4504	4494
lcc	1	424a31343735202e4d34382032303036	4504	4494
lcc	1	424a31343735202e4d35352032303036	4504	4494
lcc	1	424a31343735202e4d35382032303138	4504	4494
lcc	1	424a31343735202e4d36342031393937	4504	4494
lcc	1	424a31343735202e4d36362032303032	4504	4494
lcc	1	424a31343735202e4d3636352032303138	4504	4494
lcc	1	424a31343735202e4d363635382032303230	4504	4494
lcc	1	424a31343735202e4d36372032303135	4504	4494
lcc	1	424a31343735202e4d3637332032303231	4504	4494
lcc	1	424a31343735202e4e33352032303231	4504	4494
lcc	1	424a31343735202e4e33372032303130	4504	4494
lcc	1	424a31343735202e4e34382032303035	4504	4494
lcc	1	424a31343735202e4e36322032303033	4504	4494
lcc	1	424a31343735202e4e36322032303133	4504	4494
lcc	1	424a31343735202e4f32352032303132	4504	4494
lcc	1	424a31343735202e4f323539382032303132	4504	4494
lcc	1	424a31343735202e4f34352032303037	4504	4494
lcc	1	424a31343735202e4f3435342032303132	4504	4494
lcc	1	424a31343735202e4f39352032303131	4504	4494
lcc	1	424a31343735202e5033342032303137	4504	4494
lcc	1	424a31343735202e5033372032303133	4504	4494
lcc	1	424a31343735202e5033372032303134	4504	4494
lcc	1	424a31343735202e5034372032303136	4504	4494
lcc	1	424a31343735202e5034382032303133	4504	4494
lcc	1	424a31343735202e5036352032303132	4504	4494
lcc	1	424a31343735202e5038352032303137	4504	4494
lcc	1	424a31343735202e5233332032303030	4504	4494
lcc	1	424a31343735202e5233332032303039	4504	4494
lcc	1	424a31343735202e5233332032303133	4504	4494
lcc	1	424a31343735202e5234352032303130	4504	4494
lcc	1	424a31343735202e523435352032303038	4504	4494
lcc	1	424a31343735202e5234392032303037	4504	4494
lcc	1	424a31343735202e523532352032303038	4504	4494
lcc	1	424a31343735202e523532352032303039	4504	4494
lcc	1	424a31343735202e523533352032303133	4504	4494
lcc	1	424a31343735202e5235382032303034	4504	4494
lcc	1	424a31343735202e5236332032303131	4504	4494
lcc	1	424a31343735202e5236392031393939	4504	4494
lcc	1	424a31343735202e5238342031393931	4504	4494
lcc	1	424a31343735202e5238362032303138	4504	4494
lcc	1	424a31343735202e5332352032303033	4504	4494
lcc	1	424a31343735202e5333382032303033	4504	4494
lcc	1	424a31343735202e53333831382032303034	4504	4494
lcc	1	424a31343735202e5333392032303038	4504	4494
lcc	1	424a31343735202e5333392032303039	4504	4494
lcc	1	424a31343735202e5334382032303031	4504	4494
lcc	1	424a31343735202e5335332032303130	4504	4494
lcc	1	424a31343735202e53353920323030376562	4504	4494
lcc	1	424a31343735202e533539352032303133	4504	4494
lcc	1	424a31343735202e53363231382032303038	4504	4494
lcc	1	424a31343735202e53363231382032303131	4504	4494
lcc	1	424a31343735202e5336382032303036	4504	4494
lcc	1	424a31343735202e5336382032303131	4504	4494
lcc	1	424a31343735202e5337322032303035	4504	4494
lcc	1	424a31343735202e5337322032303131	4504	4494
lcc	1	424a31343735202e5338352032303039	4504	4494
lcc	1	424a31343735202e53393535372032303138	4504	4494
lcc	1	424a31343735202e5339362032303135	4504	4494
lcc	1	424a31343735202e5433352032303030	4504	4494
lcc	1	424a31343735202e5436382032303132	4504	4494
lcc	1	424a31343735202e5437332032303035	4504	4494
lcc	1	424a31343735202e543733352032303135	4504	4494
lcc	1	424a31343735202e5437342032303137	4504	4494
lcc	1	424a31343735202e5437362032303133	4504	4494
lcc	1	424a31343735202e5634372031393937	4504	4494
lcc	1	424a31343735202e5733352032303130	4504	4494
lcc	1	424a31343735202e5733362032303131	4504	4494
lcc	1	424a31343735202e5734352032303137	4504	4494
lcc	1	424a31343735202e5735342031393834	4504	4494
lcc	1	424a31343735202e5736372032303130	4504	4494
lcc	1	424a31343735202e573637342032303132	4504	4494
lcc	1	424a31343735202e5935372032303137	4504	4494
lcc	1	424a31343735202e5a38352031393936	4504	4494
lcc	1	424a31343735205236332031393837	4504	4494
lcc	1	424a31343735205236332032303135	4504	4494
lcc	1	424a313437352e33202e4133342032303033	4504	4494
lcc	1	424a313437352e33202e4137352032303039	4504	4494
lcc	1	424a313437352e33202e41373531362032303039	4504	4494
lcc	1	424a313437352e33202e4237332032303039	4504	4494
lcc	1	424a313437352e33202e4333332032303134	4504	4494
lcc	1	424a313437352e33202e4334352032303136	4504	4494
lcc	1	424a313437352e33202e43343520323031366562	4504	4494
lcc	1	424a313437352e33202e4334362032303039	4504	4494
lcc	1	424a313437352e33202e4337342032303036	4504	4494
lcc	1	424a313437352e33202e4338372032303135	4504	4494
lcc	1	424a313437352e33202e4434342031393832	4504	4494
lcc	1	424a313437352e33202e4434352032303135	4504	4494
lcc	1	424a313437352e33202e4436362032303033	4504	4494
lcc	1	424a313437352e33202e4734372031393934	4504	4494
lcc	1	424a313437352e33202e4735392032303230	4504	4494
lcc	1	424a313437352e33202e4738352032303038	4504	4494
lcc	1	424a313437352e33202e4833342031393838	4504	4494
lcc	1	424a313437352e33202e4833372032303136	4504	4494
lcc	1	424a313437352e33202e4838352032303139	4504	4494
lcc	1	424a313437352e33202e483835352032303138	4504	4494
lcc	1	424a313437352e33202e4838362032303038	4504	4494
lcc	1	424a313437352e33202e4838362032303039	4504	4494
lcc	1	424a313437352e33202e483836332032303230	4504	4494
lcc	1	424a313437352e33202e483836352032303135	4504	4494
lcc	1	424a313437352e33202e4a33342032303135	4504	4494
lcc	1	424a313437352e33202e4b38362031393939	4504	4494
lcc	1	424a313437352e33202e4c33362032303131	4504	4494
lcc	1	424a313437352e33202e4d32332032303135	4504	4494
lcc	1	424a313437352e33202e4d33332032303135	4504	4494
lcc	1	424a313437352e33202e4d33362032303039	4504	4494
lcc	1	424a313437352e33202e4d36382032303137	4504	4494
lcc	1	424a313437352e33202e4e35332032303133	4504	4494
lcc	1	424a313437352e33202e4f3636342032303131	4504	4494
lcc	1	424a313437352e33202e5034322032303231	4504	4494
lcc	1	424a313437352e33202e5034352032303136	4504	4494
lcc	1	424a313437352e33202e5035352032303136	4504	4494
lcc	1	424a313437352e33202e5233362032303033	4504	4494
lcc	1	424a313437352e33202e5234352032303037	4504	4494
lcc	1	424a313437352e33202e523633332032303137	4504	4494
lcc	1	424a313437352e33202e5236392032303132	4504	4494
lcc	1	424a313437352e33202e5335362032303135	4504	4494
lcc	1	424a313437352e33202e5335362032303136	4504	4494
lcc	1	424a313437352e33202e5635342032303130	4504	4494
lcc	1	424a313437352e33202e5733382032303135	4504	4494
lcc	1	424a313437352e33204237362031393934	4504	4494
lcc	1	424a313437352e332e4133342032303033	4504	4494
lcc	1	424a313437352e332e4134332032303235	4504	4494
lcc	1	424a313437352e332e4233332032303230	4504	4494
lcc	1	424a313437352e332e423439362032303235	4504	4494
lcc	1	424a313437352e332e43333320323031346562	4504	4494
lcc	1	424a313437352e332e43373431332032303131	4504	4494
lcc	1	424a313437352e332e4735392032303230	4504	4494
lcc	1	424a313437352e332e4838362032303038	4504	4494
lcc	1	424a313437352e332e4838362032303131	4504	4494
lcc	1	424a313437352e332e483836332032303230	4504	4494
lcc	1	424a313437352e332e483836362032303139	4504	4494
lcc	1	424a313437352e332e4a33332032303139	4504	4494
lcc	1	424a313437352e332e4a33342032303135	4504	4494
lcc	1	424a313437352e332e4a33342032303136	4504	4494
lcc	1	424a313437352e332e4d33332032303135	4504	4494
lcc	1	424a313437352e332e4d33332032303136	4504	4494
lcc	1	424a313437352e332e4f3636342032303131	4504	4494
lcc	1	424a313437352e332e5034322032303231	4504	4494
lcc	1	424a313437352e332e5034342032303136	4504	4494
lcc	1	424a313437352e332e5034352032303136	4504	4494
lcc	1	424a313437352e332e5335362032303135	4504	4494
lcc	1	424a313437352e332e5435362032303138	4504	4494
lcc	1	424a313437352e335035352032303136	4504	4494
lcc	1	424a313437352e35202e4237382031393833	4504	4494
lcc	1	424a313437352e35202e4334352031393934	4504	4494
lcc	1	424a313437352e35202e4833362032303132	4504	4494
lcc	1	424a313437352e35202e4b35382032303231	4504	4494
lcc	1	424a313437352e35202e5033382032303036	4504	4494
lcc	1	424a313437352e35202e5335352031393835	4504	4494
lcc	1	424a313437352e35202e573437	4504	4494
lcc	1	424a313437352e352e5335352031393835	4504	4494
lcc	1	424a313437352e4233372032303039	4504	4494
lcc	1	424a313437352e4234352032303132	4504	4494
lcc	1	424a313437352e4235362032303136	4504	4494
lcc	1	424a313437352e4235372031393931	4504	4494
lcc	1	424a313437352e4236342032303037	4504	4494
lcc	1	424a313437352e4236342032303038	4504	4494
lcc	1	424a313437352e4238372032303034	4504	4494
lcc	1	424a313437352e4334332032303136	4504	4494
lcc	1	424a313437352e4336352032303135	4504	4494
lcc	1	424a313437352e433636342032303233	4504	4494
lcc	1	424a313437352e4337352031393934	4504	4494
lcc	1	424a313437352e4534372032303134	4504	4494
lcc	1	424a313437352e4734352032303130	4504	4494
lcc	1	424a313437352e4734352032303234	4504	4494
lcc	1	424a313437352e4734362032303134	4504	4494
lcc	1	424a313437352e47343620323031346562	4504	4494
lcc	1	424a313437352e4735332032303039	4504	4494
lcc	1	424a313437352e4737332032303033	4504	4494
lcc	1	424a313437352e47373320323031346562	4504	4494
lcc	1	424a313437352e4833372032303034	4504	4494
lcc	1	424a313437352e4834352032303035	4504	4494
lcc	1	424a313437352e4834352032303037	4504	4494
lcc	1	424a313437352e4836362032303036	4504	4494
lcc	1	424a313437352e4839332032303130	4504	4494
lcc	1	424a313437352e4a34372032303135	4504	4494
lcc	1	424a313437352e4b3537372031393935	4504	4494
lcc	1	424a313437352e4b35382031393937	4504	4494
lcc	1	424a313437352e4b38352032303137	4504	4494
lcc	1	424a313437352e4c33362032303039	4504	4494
lcc	1	424a313437352e4c33372032303037	4504	4494
lcc	1	424a313437352e4c34342032303031	4504	4494
lcc	1	424a313437352e4c34352032303034	4504	4494
lcc	1	424a313437352e4c34352032303035	4504	4494
lcc	1	424a313437352e4c34372031393930	4504	4494
lcc	1	424a313437352e4c39362032303136	4504	4494
lcc	1	424a313437352e4d33372031393930	4504	4494
lcc	1	424a313437352e4d33392032303130	4504	4494
lcc	1	424a313437352e4d343238352032303136	4504	4494
lcc	1	424a313437352e4d343331382032303037	4504	4494
lcc	1	424a313437352e4d34342032303033	4504	4494
lcc	1	424a313437352e4d34372032303137	4504	4494
lcc	1	424a313437352e4d34382032303036	4504	4494
lcc	1	424a313437352e4d35332032303235	4504	4494
lcc	1	424a313437352e4d35352032303036	4504	4494
lcc	1	424a313437352e4d36342031393937	4504	4494
lcc	1	424a313437352e4d3636352032303138	4504	4494
lcc	1	424a313437352e4d363635382032303230	4504	4494
lcc	1	424a313437352e4d38382032303139	4504	4494
lcc	1	424a313437352e4e34382032303034	4504	4494
lcc	1	424a313437352e4e36322032303133	4504	4494
lcc	1	424a313437352e4e3632352032303130	4504	4494
lcc	1	424a313437352e4f32362032303039	4504	4494
lcc	1	424a313437352e4f3435342032303132	4504	4494
lcc	1	424a313437352e5034352032303138	4504	4494
lcc	1	424a313437352e5036392032303139	4504	4494
lcc	1	424a313437352e5138332032303235	4504	4494
lcc	1	424a313437352e5233332032303030	4504	4494
lcc	1	424a313437352e5233332032303039	4504	4494
lcc	1	424a313437352e5233332032303133	4504	4494
lcc	1	424a313437352e5234352032303038	4504	4494
lcc	1	424a313437352e523532352032303038	4504	4494
lcc	1	424a313437352e5235342032303039	4504	4494
lcc	1	424a313437352e5236332032303131	4504	4494
lcc	1	424a313437352e5238342031393931	4504	4494
lcc	1	424a313437352e5333342032303032	4504	4494
lcc	1	424a313437352e5333392032303038	4504	4494
lcc	1	424a313437352e5333392032303039	4504	4494
lcc	1	424a313437352e5335382032303031	4504	4494
lcc	1	424a313437352e533539352032303133	4504	4494
lcc	1	424a313437352e533539352032303136	4504	4494
lcc	1	424a313437352e5336322032303036	4504	4494
lcc	1	424a313437352e53363231382032303037	4504	4494
lcc	1	424a313437352e53363231382032303131	4504	4494
lcc	1	424a313437352e5336332032303034	4504	4494
lcc	1	424a313437352e533734322032303236	4504	4494
lcc	1	424a313437352e5733342032303136	4504	4494
lcc	1	424a313437352e5733352032303130	4504	4494
lcc	1	424a313437352e5734352032303137	4504	4494
lcc	1	424a313437352e5737342032303136	4504	4494
lcc	1	424a313437355236332032303135	4504	4494
lcc	1	424a3134373555372032303039	4504	4494
lcc	1	424a31343737	4504	4494
lcc	1	424a31343737202e4234362032303135	4504	4494
lcc	1	424a31343737202e4336362032303133	4504	4494
lcc	1	424a31343737202e4737332031393938	4504	4494
lcc	1	424a31343737202e4b342031393033	4504	4494
lcc	1	424a31343737202e4d3238372031393932	4504	4494
lcc	1	424a31343737202e4d34392032303135	4504	4494
lcc	1	424a31343737202e4d35342031393938	4504	4494
lcc	1	424a31343737202e5033372032303036	4504	4494
lcc	1	424a31343737202e53322031383836	4504	4494
lcc	1	424a31343737202e5334352031393930	4504	4494
lcc	1	424a31343737202e5334352031393932	4504	4494
lcc	1	424a31343737202e5334352031393938	4504	4494
lcc	1	424a31343737202e5334352032303036	4504	4494
lcc	1	424a31343737202e5334353136362032303038	4504	4494
lcc	1	424a31343737202e6237342032303039	4504	4494
lcc	1	424a3134373720533535396f2032303039	4504	4494
lcc	1	424a313437372e4336362032303133	4504	4494
lcc	1	424a313437372e4d34392032303135	4504	4494
lcc	1	424a313437372e5033372032303036	4504	4494
lcc	1	424a313437372e5334352032303036	4504	4494
lcc	1	424a313437372e5733352032303039	4504	4494
lcc	1	424a31343830202e4c38332032303034	4504	4494
lcc	1	424a31343830202e53613535682032303030	4504	4494
lcc	1	424a31343830202e54343831332031393833	4504	4494
lcc	1	424a31343830202e5634372032303032	4504	4494
lcc	1	424a313438302e5233392031393931	4504	4494
lcc	1	424a31343831202e204d36342032303035	4504	4494
lcc	1	424a31343831202e4132332031393037	4504	4494
lcc	1	424a31343831202e413233352032303134	4504	4494
lcc	1	424a31343831202e4135352032303231	4504	4494
lcc	1	424a31343831202e4136372031393836	4504	4494
lcc	1	424a31343831202e4136382031393938	4504	4494
lcc	1	424a31343831202e4231392031393830	4504	4494
lcc	1	424a31343831202e42313920323031326562	4504	4494
lcc	1	424a31343831202e4232392031393830	4504	4494
lcc	1	424a31343831202e4234362032303034	4504	4494
lcc	1	424a31343831202e4236332031393937	4504	4494
lcc	1	424a31343831202e4236332032303134	4504	4494
lcc	1	424a31343831202e4236342032303130	4504	4494
lcc	1	424a31343831202e4236382032303135	4504	4494
lcc	1	424a31343831202e4236392032303133	4504	4494
lcc	1	424a31343831202e4237362032303139	4504	4494
lcc	1	424a31343831202e423738782031393938	4504	4494
lcc	1	424a31343831202e4238363520323031396562	4504	4494
lcc	1	424a31343831202e4238372031393933	4504	4494
lcc	1	424a31343831202e4238372031393937	4504	4494
lcc	1	424a31343831202e4333372032303034	4504	4494
lcc	1	424a31343831202e4333392031393933	4504	4494
lcc	1	424a31343831202e4334352032303131	4504	4494
lcc	1	424a31343831202e4336362032303135	4504	4494
lcc	1	424a31343831202e4337352031393736	4504	4494
lcc	1	424a31343831202e4433342032303035	4504	4494
lcc	1	424a31343831202e4433352032303032	4504	4494
lcc	1	424a31343831202e4435372032303031	4504	4494
lcc	1	424a31343831202e4533382031393735	4504	4494
lcc	1	424a31343831202e4535352032303030	4504	4494
lcc	1	424a31343831202e4539332032303033	4504	4494
lcc	1	424a31343831202e453935	4504	4494
lcc	1	424a31343831202e4539352032303030	4504	4494
lcc	1	424a31343831202e4634352032303130	4504	4494
lcc	1	424a31343831202e4634362032303037	4504	4494
lcc	1	424a31343831202e4635372032303034	4504	4494
lcc	1	424a31343831202e4636	4504	4494
lcc	1	424a31343831202e4637332031393833	4504	4494
lcc	1	424a31343831202e4735372032303135	4504	4494
lcc	1	424a31343831202e473632362031393939	4504	4494
lcc	1	424a31343831202e473633362031393832	4504	4494
lcc	1	424a31343831202e4736352032303130	4504	4494
lcc	1	424a31343831202e4831342032303035	4504	4494
lcc	1	424a31343831202e4831342032303036	4504	4494
lcc	1	424a31343831202e483231352031393939	4504	4494
lcc	1	424a31343831202e483335203230303662	4504	4494
lcc	1	424a31343831202e4833372032303037	4504	4494
lcc	1	424a31343831202e483433352032303135	4504	4494
lcc	1	424a31343831202e4834342032303037	4504	4494
lcc	1	424a31343831202e483532352032303136	4504	4494
lcc	1	424a31343831202e4838332031393935	4504	4494
lcc	1	424a31343831202e4838332031393936	4504	4494
lcc	1	424a31343831202e4a32332032303030	4504	4494
lcc	1	424a31343831202e4a3633	4504	4494
lcc	1	424a31343831202e4a36332031393834	4504	4494
lcc	1	424a31343831202e4a36332031393932	4504	4494
lcc	1	424a31343831202e4a363331382032303031	4504	4494
lcc	1	424a31343831202e4a3633352032303130	4504	4494
lcc	1	424a31343831202e4a36333531322032303035	4504	4494
lcc	1	424a31343831202e4a3634203139393278	4504	4494
lcc	1	424a31343831202e4a363431382032303038	4504	4494
lcc	1	424a31343831202e4a3638	4504	4494
lcc	1	424a31343831202e4a36392032303135	4504	4494
lcc	1	424a31343831202e4b33	4504	4494
lcc	1	424a31343831202e4b332031393735	4504	4494
lcc	1	424a31343831202e4b33352032303134	4504	4494
lcc	1	424a31343831202e4b33372032303135	4504	4494
lcc	1	424a31343831202e4b3435382032303036	4504	4494
lcc	1	424a31343831202e4b34382032303131	4504	4494
lcc	1	424a31343831202e4b3533203139393862	4504	4494
lcc	1	424a31343831202e4b35332032303030	4504	4494
lcc	1	424a31343831202e4b35352031393934	4504	4494
lcc	1	424a31343831202e4c323831372032303132	4504	4494
lcc	1	424a31343831202e4c34362031393838	4504	4494
lcc	1	424a31343831202e4c34372032303130	4504	4494
lcc	1	424a31343831202e4c3536342032303136	4504	4494
lcc	1	424a31343831202e4c38382031393039	4504	4494
lcc	1	424a31343831202e4d32	4504	4494
lcc	1	424a31343831202e4d323320313939396562	4504	4494
lcc	1	424a31343831202e4d33	4504	4494
lcc	1	424a31343831202e4d333138362032303039	4504	4494
lcc	1	424a31343831202e4d333138382032303132	4504	4494
lcc	1	424a31343831202e4d3332352031393839	4504	4494
lcc	1	424a31343831202e4d33332031393939	4504	4494
lcc	1	424a31343831202e4d33333132372032303135	4504	4494
lcc	1	424a31343831202e4d33352032303131	4504	4494
lcc	1	424a31343831202e4d3335342031393939	4504	4494
lcc	1	424a31343831202e4d3335382032303037	4504	4494
lcc	1	424a31343831202e4d33362031393739	4504	4494
lcc	1	424a31343831202e4d33382032303132	4504	4494
lcc	1	424a31343831202e4d34362032303035	4504	4494
lcc	1	424a31343831202e4d3436203230303662	4504	4494
lcc	1	424a31343831202e4d34372032303134	4504	4494
lcc	1	424a31343831202e4d35382031393931	4504	4494
lcc	1	424a31343831202e4d36342031393934	4504	4494
lcc	1	424a31343831202e4d36342031393939	4504	4494
lcc	1	424a31343831202e4d36372032303036	4504	4494
lcc	1	424a31343831202e4e35382032303030	4504	4494
lcc	1	424a31343831202e4e353831382032303033	4504	4494
lcc	1	424a31343831202e5033332032303036	4504	4494
lcc	1	424a31343831202e5033372032303038	4504	4494
lcc	1	424a31343831202e5034342032303032	4504	4494
lcc	1	424a31343831202e503535352032303039	4504	4494
lcc	1	424a31343831202e5035362032303030	4504	4494
lcc	1	424a31343831202e50362031393734	4504	4494
lcc	1	424a31343831202e5036322031393734	4504	4494
lcc	1	424a31343831202e5233392031393931	4504	4494
lcc	1	424a31343831202e5234332031393939	4504	4494
lcc	1	424a31343831202e5234332032303030	4504	4494
lcc	1	424a31343831202e5234352032303031	4504	4494
lcc	1	424a31343831202e523439352032303035	4504	4494
lcc	1	424a31343831202e523533	4504	4494
lcc	1	424a31343831202e5237352031393538	4504	4494
lcc	1	424a31343831202e5237352032303036	4504	4494
lcc	1	424a31343831202e5237352032303133	4504	4494
lcc	1	424a31343831202e5238332032303132	4504	4494
lcc	1	424a31343831202e5238372032303132	4504	4494
lcc	1	424a31343831202e523837203230313278	4504	4494
lcc	1	424a31343831202e5332332032303030	4504	4494
lcc	1	424a31343831202e5332332032303033	4504	4494
lcc	1	424a31343831202e5332372031393732	4504	4494
lcc	1	424a31343831202e5332382031393935	4504	4494
lcc	1	424a31343831202e533238352032303031	4504	4494
lcc	1	424a31343831202e5332392031393837	4504	4494
lcc	1	424a31343831202e5332392032303036	4504	4494
lcc	1	424a31343831202e533332352032303136	4504	4494
lcc	1	424a31343831202e5333352031393731	4504	4494
lcc	1	424a31343831202e5333362032303036	4504	4494
lcc	1	424a31343831202e533532	4504	4494
lcc	1	424a31343831202e533535332032303036	4504	4494
lcc	1	424a31343831202e533535362032303038	4504	4494
lcc	1	424a31343831202e53353536203232303862	4504	4494
lcc	1	424a31343831202e53353536362032303135	4504	4494
lcc	1	424a31343831202e533538372032303132	4504	4494
lcc	1	424a31343831202e533539332032303131	4504	4494
lcc	1	424a31343831202e53362032303036	4504	4494
lcc	1	424a31343831202e533635372032303130	4504	4494
lcc	1	424a31343831202e5336362032303030	4504	4494
lcc	1	424a31343831202e53383135	4504	4494
lcc	1	424a31343831202e533833	4504	4494
lcc	1	424a31343831202e533837362032303134	4504	4494
lcc	1	424a31343831202e5432352032303033	4504	4494
lcc	1	424a31343831202e5432352032303136	4504	4494
lcc	1	424a31343831202e543338	4504	4494
lcc	1	424a31343831202e5434332031393739	4504	4494
lcc	1	424a31343831202e5434332031393830	4504	4494
lcc	1	424a31343831202e543439	4504	4494
lcc	1	424a31343831202e5633362032303032	4504	4494
lcc	1	424a31343831202e5733332032303134	4504	4494
lcc	1	424a31343831202e5733372032303138	4504	4494
lcc	1	424a31343831202e5736352032303036	4504	4494
lcc	1	424a31343831202e5737342032303038	4504	4494
lcc	1	424a31343831202e5a3332362032303038	4504	4494
lcc	1	424a31343831202e5a35352031393937	4504	4494
lcc	1	424a3134383120302e5232342031393931	4504	4494
lcc	1	424a31343831205434332031393830	4504	4494
lcc	1	424a31343831205436362032303133	4504	4494
lcc	1	424a313438312e33202e5034352032303136	4504	4494
lcc	1	424a313438312e332e5034352032303136	4504	4494
lcc	1	424a313438312e4132333520323031336562	4504	4494
lcc	1	424a313438312e413233352032303134	4504	4494
lcc	1	424a313438312e4136382031393936	4504	4494
lcc	1	424a313438312e4234362032303034	4504	4494
lcc	1	424a313438312e4236332032303134	4504	4494
lcc	1	424a313438312e4236332032303136	4504	4494
lcc	1	424a313438312e4236342032303130	4504	4494
lcc	1	424a313438312e4236342032303131	4504	4494
lcc	1	424a313438312e4333372032303034	4504	4494
lcc	1	424a313438312e4433342032303035	4504	4494
lcc	1	424a313438312e4434342032303137	4504	4494
lcc	1	424a313438312e4435372032303031	4504	4494
lcc	1	424a313438312e4436382032303231	4504	4494
lcc	1	424a313438312e4634342032303038	4504	4494
lcc	1	424a313438312e4637332031393833	4504	4494
lcc	1	424a313438312e4735372032303134	4504	4494
lcc	1	424a313438312e473632332032303137	4504	4494
lcc	1	424a313438312e473632362031393939	4504	4494
lcc	1	424a313438312e473633362031393832	4504	4494
lcc	1	424a313438312e4736352031393935	4504	4494
lcc	1	424a313438312e4736352032303130	4504	4494
lcc	1	424a313438312e483231352031393939	4504	4494
lcc	1	424a313438312e4833372032303037	4504	4494
lcc	1	424a313438312e483433352032303135	4504	4494
lcc	1	424a313438312e4834342032303037	4504	4494
lcc	1	424a313438312e483532352032303136	4504	4494
lcc	1	424a313438312e49352031393935	4504	4494
lcc	1	424a313438312e4939392032303137	4504	4494
lcc	1	424a313438312e4a32332032303030	4504	4494
lcc	1	424a313438312e4a3633352032303130	4504	4494
lcc	1	424a313438312e4a3638	4504	4494
lcc	1	424a313438312e4b33342032303234	4504	4494
lcc	1	424a313438312e4b33352032303134	4504	4494
lcc	1	424a313438312e4b33352032303135	4504	4494
lcc	1	424a313438312e4b33362031393935	4504	4494
lcc	1	424a313438312e4b33372032303135	4504	4494
lcc	1	424a313438312e4b35332031393938	4504	4494
lcc	1	424a313438312e4b35352031393934	4504	4494
lcc	1	424a313438312e4b38372032303036	4504	4494
lcc	1	424a313438312e4c3237352032303130	4504	4494
lcc	1	424a313438312e4c32382032303035	4504	4494
lcc	1	424a313438312e4c3536342032303136	4504	4494
lcc	1	424a313438312e4d333138382032303132	4504	4494
lcc	1	424a313438312e4d3332352031393936	4504	4494
lcc	1	424a313438312e4d33332031393939	4504	4494
lcc	1	424a313438312e4d3335382032303037	4504	4494
lcc	1	424a313438312e4d33382032303132	4504	4494
lcc	1	424a313438312e4d34362032303035	4504	4494
lcc	1	424a313438312e4d34372032303134	4504	4494
lcc	1	424a313438312e4d36342031393939	4504	4494
lcc	1	424a313438312e4e35382032303030	4504	4494
lcc	1	424a313438312e5033332032303036	4504	4494
lcc	1	424a313438312e5033372032303038	4504	4494
lcc	1	424a313438312e5034342032303032	4504	4494
lcc	1	424a313438312e5035362032303030	4504	4494
lcc	1	424a313438312e5234332031393939	4504	4494
lcc	1	424a313438312e5234392031393936	4504	4494
lcc	1	424a313438312e5237352032303036	4504	4494
lcc	1	424a313438312e5237352032303133	4504	4494
lcc	1	424a313438312e5332382031393935	4504	4494
lcc	1	424a313438312e533238342031393936	4504	4494
lcc	1	424a313438312e533238352032303031	4504	4494
lcc	1	424a313438312e533332352032303136	4504	4494
lcc	1	424a313438312e533535362032303038	4504	4494
lcc	1	424a313438312e533538372032303132	4504	4494
lcc	1	424a313438312e533539332032303130	4504	4494
lcc	1	424a313438312e533635352032303130	4504	4494
lcc	1	424a313438312e533635372032303131	4504	4494
lcc	1	424a313438312e53363539342032303230	4504	4494
lcc	1	424a313438312e5336362032303030	4504	4494
lcc	1	424a313438312e5338372031393936	4504	4494
lcc	1	424a313438312e5432352032303033	4504	4494
lcc	1	424a313438312e543338352032303038	4504	4494
lcc	1	424a313438312e543439	4504	4494
lcc	1	424a313438312e5633362032303032	4504	4494
lcc	1	424a313438312e5733332032303134	4504	4494
lcc	1	424a313438312e5733372032303138	4504	4494
lcc	1	424a313438312e5736342031393836	4504	4494
lcc	1	424a313438314838332031393936	4504	4494
lcc	1	424a31343832202e4232352032303135	4504	4494
lcc	1	424a31343832202e4236342031393936	4504	4494
lcc	1	424a31343832202e423635	4504	4494
lcc	1	424a31343832202e423636	4504	4494
lcc	1	424a31343832202e4237362031393930	4504	4494
lcc	1	424a31343832202e4237382032303030	4504	4494
lcc	1	424a31343832202e42373831332032303130	4504	4494
lcc	1	424a31343832202e43333136332032303138	4504	4494
lcc	1	424a31343832202e43333137	4504	4494
lcc	1	424a31343832202e433332332031393939	4504	4494
lcc	1	424a31343832202e43342031393830	4504	4494
lcc	1	424a31343832202e43353133	4504	4494
lcc	1	424a31343832202e4336352032303030	4504	4494
lcc	1	424a31343832202e4437382031393837	4504	4494
lcc	1	424a31343832202e44382032303032	4504	4494
lcc	1	424a31343832202e443832	4504	4494
lcc	1	424a31343832202e4738352032303134	4504	4494
lcc	1	424a31343832202e4933342031393930	4504	4494
lcc	1	424a31343832202e4d34342032303133	4504	4494
lcc	1	424a31343832202e4d34352031393935	4504	4494
lcc	1	424a31343832202e4d34362031393932	4504	4494
lcc	1	424a31343832202e4d3532332032303136	4504	4494
lcc	1	424a31343832202e4d35342032303139	4504	4494
lcc	1	424a31343832202e4f35352031393833	4504	4494
lcc	1	424a31343832202e523337	4504	4494
lcc	1	424a31343832202e5332342032303036	4504	4494
lcc	1	424a31343832202e5431352031393931	4504	4494
lcc	1	424a31343832202e5634372032303032	4504	4494
lcc	1	424a31343832202e563635	4504	4494
lcc	1	424a31343832204237382e32303032	4504	4494
lcc	1	424a31343832204336352032303031	4504	4494
lcc	1	424a3134383220473733	4504	4494
lcc	1	424a31343832204d3635	4504	4494
lcc	1	424a31343832204d36352e32303034	4504	4494
lcc	1	424a3134383220543837	4504	4494
lcc	1	424a31343832205734352e32303132	4504	4494
lcc	1	424a313438322e5236372032303138	4504	4494
lcc	1	424a31343832423635342031393833	4504	4494
lcc	1	424a313438324636352031393733	4504	4494
lcc	1	424a3134383246363732303030	4504	4494
lcc	1	424a31343833202e4137392032303130	4504	4494
lcc	1	424a31343833202e4233322078	4504	4494
lcc	1	424a31343833202e4234332031393939	4504	4494
lcc	1	424a31343833202e4235342031393939	4504	4494
lcc	1	424a31343833202e4335352032303035	4504	4494
lcc	1	424a31343833202e4634362032303033	4504	4494
lcc	1	424a31343833202e4637	4504	4494
lcc	1	424a31343833202e4733382032303034	4504	4494
lcc	1	424a31343833202e4734362032303032	4504	4494
lcc	1	424a31343833202e4735352032303131	4504	4494
lcc	1	424a31343833202e4735372031393937	4504	4494
lcc	1	424a31343833202e4735372032303032	4504	4494
lcc	1	424a31343833202e473537332032303130	4504	4494
lcc	1	424a31343833202e4735382031393835	4504	4494
lcc	1	424a31343833202e4735392031393937	4504	4494
lcc	1	424a31343833202e483436	4504	4494
lcc	1	424a31343833202e4b35372031393938	4504	4494
lcc	1	424a31343833202e4c3536	4504	4494
lcc	1	424a31343833202e4c3831322031393730	4504	4494
lcc	1	424a31343833202e5034382032303131	4504	4494
lcc	1	424a31343833202e52352032303032	4504	4494
lcc	1	424a31343833202e5235342032303032	4504	4494
lcc	1	424a31343833202e5236	4504	4494
lcc	1	424a31343833202e533336	4504	4494
lcc	1	424a31343833202e5333372031393939	4504	4494
lcc	1	424a31343833202e53333731382032303030	4504	4494
lcc	1	424a31343833202e5434362032303033	4504	4494
lcc	1	424a31343833202e5434372042642e203436	4504	4494
lcc	1	424a31343833202e5434382032303033	4504	4494
lcc	1	424a31343833202e5437332032303032	4504	4494
lcc	1	424a31343833202e5437332032303136	4504	4494
lcc	1	424a31343833202e5534362032303036	4504	4494
lcc	1	424a31343833202e5733362031393938	4504	4494
lcc	1	424a31343833202e573337	4504	4494
lcc	1	424a31343833202e5a34352032303039	4504	4494
lcc	1	424a31343833202e5a3636782031393831	4504	4494
lcc	1	424a31343833202e5a38362032303034	4504	4494
lcc	1	424a31343833204638332031393832	4504	4494
lcc	1	424a31343833204d32372031393732	4504	4494
lcc	1	424a313438332e4335382032303035	4504	4494
lcc	1	424a313438332e4637	4504	4494
lcc	1	424a313438332e4734362032303032	4504	4494
lcc	1	424a313438332e5332382032303038	4504	4494
lcc	1	424a313438332e5a38362032303034	4504	4494
lcc	1	424a31343834202e413434332032303032	4504	4494
lcc	1	424a31343834202e4234362032303132	4504	4494
lcc	1	424a31343834202e4235352032303035	4504	4494
lcc	1	424a31343834202e4235372031393837	4504	4494
lcc	1	424a31343834202e4333382031393937	4504	4494
lcc	1	424a31343834202e4336342031393838	4504	4494
lcc	1	424a31343834202e4434342032303134	4504	4494
lcc	1	424a31343834202e4634342031393835	4504	4494
lcc	1	424a31343834202e4634352032303034	4504	4494
lcc	1	424a31343834202e4634362032303132	4504	4494
lcc	1	424a31343834202e4634372032303036	4504	4494
lcc	1	424a31343834202e4838362032303133	4504	4494
lcc	1	424a31343834202e4935382031393833	4504	4494
lcc	1	424a31343834202e4d33362031393938	4504	4494
lcc	1	424a31343834202e4e2031393934	4504	4494
lcc	1	424a31343834202e4e33372032303037	4504	4494
lcc	1	424a31343834202e5036352032303139	4504	4494
lcc	1	424a31343834202e523435342031393839	4504	4494
lcc	1	424a31343834202e5437332032303038	4504	4494
lcc	1	424a31343834202e5634372032303139	4504	4494
lcc	1	424a31343835202e4133382032303130	4504	4494
lcc	1	424a31343835202e4134352032303031	4504	4494
lcc	1	424a31343835202e4634372032303031	4504	4494
lcc	1	424a31343835202e4d3335342032303138	4504	4494
lcc	1	424a31343835202e5035332031393932	4504	4494
lcc	1	424a31343835202e5036372032303130	4504	4494
lcc	1	424a31343835202e5233362032303131	4504	4494
lcc	1	424a31343835202e5234382032303131	4504	4494
lcc	1	424a31343835202e5236342032303030	4504	4494
lcc	1	424a31343835202e5334372032303131	4504	4494
lcc	1	424a31343835202e5338372031393836	4504	4494
lcc	1	424a31343835202e5635352032303037	4504	4494
lcc	1	424a313438352053353533	4504	4494
lcc	1	424a313438352e4d3335342032303138	4504	4494
lcc	1	424a31343836202e4932352032303134	4504	4494
lcc	1	424a31343836202e5037392032303136	4504	4494
lcc	1	424a31343836202e5436362032303133	4504	4494
lcc	1	424a3134383620413434342032303038	4504	4494
lcc	1	424a313438362e352e433520423532352032303134	4504	4494
lcc	1	424a313438362e352e4335204733362032303034	4504	4494
lcc	1	424a313438362e352e4335205733362032303130	4504	4494
lcc	1	424a313438362e352e4335205933362032303133	4504	4494
lcc	1	424a313438362e352e4336204334352032303032	4504	4494
lcc	1	424a313438362e352e4734204a33362032303032	4504	4494
lcc	1	424a313438362e352e4834205734352032303133	4504	4494
lcc	1	424a313438362e352e4a33204239362032303231	4504	4494
lcc	1	424a313438362e352e4a33204734362031393937	4504	4494
lcc	1	424a313438362e352e4a33204734362031393937203c417369616e204a6170616e3e	4504	4494
lcc	1	424a313438362e352e4b36204334362032303130	4504	4494
lcc	1	424a313438362e352e4b36204833342032303035	4504	4494
lcc	1	424a313438362e352e4b36204b33362032303230	4504	4494
lcc	1	424a313438362e352e4b36204b35352032303030	4504	4494
lcc	1	424a313438362e352e4b36204b3535332032303136	4504	4494
lcc	1	424a313438362e352e4b36204b3536352032303133	4504	4494
lcc	1	424a313438362e352e4b36204b35372032303134	4504	4494
lcc	1	424a313438362e352e4b36204b35382032303035	4504	4494
lcc	1	424a313438362e352e4b36204b35392032303131	4504	4494
lcc	1	424a313438362e352e4b36204b38372032303133	4504	4494
lcc	1	424a313438362e352e4b36204d38392032303132	4504	4494
lcc	1	424a313438362e352e4b36205537352032303136	4504	4494
lcc	1	424a313438362e352e4b36205935332032303131	4504	4494
lcc	1	424a313438362e352e5236204234372032303038	4504	4494
lcc	1	424a313438362e443820473337	4504	4494
lcc	1	424a313438362e4438204d3435	4504	4494
lcc	1	424a313438362e443820563336	4504	4494
lcc	1	424a313438362e4438205a3535	4504	4494
lcc	1	424a313438362e4737205235342031393931	4504	4494
lcc	1	424a313438362e4a33204b33362031393832	4504	4494
lcc	1	424a313438362e4a33204f33342031393838	4504	4494
lcc	1	424a313438362e4a33205335352032303135	4504	4494
lcc	1	424a313438362e4a33205936372032303031	4504	4494
lcc	1	424a313438362e4a3320593637203230303178	4504	4494
lcc	1	424a313438362e4b36204334332032303039	4504	4494
lcc	1	424a313438362e4b36204b36372031393934	4504	4494
lcc	1	424a313438362e5035372054332031393739	4504	4494
lcc	1	424a313438362e503620473335332032303137	4504	4494
lcc	1	424a313438362e5238205335342032303036	4504	4494
lcc	1	424a31343837202e4434372031393833	4504	4494
lcc	1	424a31343837202e4434372031393936	4504	4494
lcc	1	424a31343837202e463637	4504	4494
lcc	1	424a31343837202e4736372031393836	4504	4494
lcc	1	424a31343837202e473733	4504	4494
lcc	1	424a31343837202e4737332031393935	4504	4494
lcc	1	424a31343837202e4737332031393937	4504	4494
lcc	1	424a31343837202e483335	4504	4494
lcc	1	424a31343837202e4934342031393832	4504	4494
lcc	1	424a31343837202e4a32392031393737	4504	4494
lcc	1	424a31343837202e4a36352031393836	4504	4494
lcc	1	424a31343837202e4b372031393834	4504	4494
lcc	1	424a31343837202e4d3335	4504	4494
lcc	1	424a31343837202e4d3534	4504	4494
lcc	1	424a31343837202e4d35342031393835	4504	4494
lcc	1	424a31343837202e4d3535	4504	4494
lcc	1	424a31343837202e4d35372031393833	4504	4494
lcc	1	424a31343837202e4d36332031383839	4504	4494
lcc	1	424a31343837202e4d3637	4504	4494
lcc	1	424a31343837202e4d36372031393732	4504	4494
lcc	1	424a31343837202e5034	4504	4494
lcc	1	424a31343837202e533335	4504	4494
lcc	1	424a31343837202e5335372031393739	4504	4494
lcc	1	424a31343837202e5337382031393837	4504	4494
lcc	1	424a31343837202e5338372031393835	4504	4494
lcc	1	424a31343837202e53392031393730	4504	4494
lcc	1	424a31343837202e5433352031393736	4504	4494
lcc	1	424a31343837202e5433352031393830	4504	4494
lcc	1	424a31343837202e54333735	4504	4494
lcc	1	424a31343837202e5634372032303031	4504	4494
lcc	1	424a31343837202e563437332031393938	4504	4494
lcc	1	424a31343837202e5734362032303135	4504	4494
lcc	1	424a313438372e4736372031393836	4504	4494
lcc	1	424a313438372e4737332031393837	4504	4494
lcc	1	424a313438372e4737332031393935	4504	4494
lcc	1	424a313438372e4737332031393937	4504	4494
lcc	1	424a313438372e4d36372031393732	4504	4494
lcc	1	424a313438372e54333735	4504	4494
lcc	1	424a313438372e56343733204736392032303137	4504	4494
lcc	1	424a313438372e5734362032303135	4504	4494
lcc	1	424a31343838202e4234372032303035	4504	4494
lcc	1	424a31343838202e4435372032303130	4504	4494
lcc	1	424a31343838202e4d35352032303131	4504	4494
lcc	1	424a31343838202e53342031393739	4504	4494
lcc	1	424a313438382b	4504	4494
lcc	1	424a313438382e4b35204b35362031393934	4504	4494
lcc	1	424a313438382e53342031393739	4504	4494
lcc	1	424a31343930202e4235382032303032	4504	4494
lcc	1	424a31343930202e423538203230303262	4504	4494
lcc	1	424a31343930202e4235382032303033	4504	4494
lcc	1	424a31343930202e4334372032303136	4504	4494
lcc	1	424a31343930202e4637342032303031	4504	4494
lcc	1	424a31343930202e4a33322031393833	4504	4494
lcc	1	424a31343930202e4a34332032303030	4504	4494
lcc	1	424a31343930202e4c35323439382032303135	4504	4494
lcc	1	424a31343930202e4c3532352032303132	4504	4494
lcc	1	424a31343930202e4e33372031393930	4504	4494
lcc	1	424a313439302e4235382032303032	4504	4494
lcc	1	424a313439302e4334372032303136	4504	4494
lcc	1	424a313439302e4334372032303138	4504	4494
lcc	1	424a313439302e4637342032303031	4504	4494
lcc	1	424a313439302e4a33322031393833	4504	4494
lcc	1	424a313439302e4b332032303234	4504	4494
lcc	1	424a31343931202e4138352032303032	4504	4494
lcc	1	424a31343931202e4138352032303035	4504	4494
lcc	1	424a31343931202e4234392032303131	4504	4494
lcc	1	424a31343931202e4435332032303131	4504	4494
lcc	1	424a31343931202e4635362032303034	4504	4494
lcc	1	424a31343931202e4735352032303136	4504	4494
lcc	1	424a31343931202e473638	4504	4494
lcc	1	424a31343931202e4834332032303133	4504	4494
lcc	1	424a31343931202e4b36342032303136	4504	4494
lcc	1	424a31343931202e4c34342032303039	4504	4494
lcc	1	424a31343931202e4c34382031393839	4504	4494
lcc	1	424a31343931202e4d3233332032303034	4504	4494
lcc	1	424a31343931202e4d33372032303039	4504	4494
lcc	1	424a31343931202e4f33362032303130	4504	4494
lcc	1	424a31343931202e4f3533352032303031	4504	4494
lcc	1	424a31343931202e4f35342031393931	4504	4494
lcc	1	424a31343931202e4f3534332032303031	4504	4494
lcc	1	424a31343931202e4f353433362032303131	4504	4494
lcc	1	424a31343931202e4f3534342032303036	4504	4494
lcc	1	424a31343931202e4f35343431332032303135	4504	4494
lcc	1	424a31343931202e4f3534352031393938	4504	4494
lcc	1	424a31343931202e4f35352032303036	4504	4494
lcc	1	424a31343931202e5134332031393837	4504	4494
lcc	1	424a31343931202e5333382032303036	4504	4494
lcc	1	424a31343931202e5733	4504	4494
lcc	1	424a313439312e4234392032303131	4504	4494
lcc	1	424a313439312e4634352032303034	4504	4494
lcc	1	424a313439312e4834332032303133	4504	4494
lcc	1	424a313439312e4c36382031393934	4504	4494
lcc	1	424a313439312e4f35343431332032303135	4504	4494
lcc	1	424a31343933202e4137332031393934	4504	4494
lcc	1	424a31343933202e5038332031393836	4504	4494
lcc	1	424a31343933202e5236362031393931	4504	4494
lcc	1	424a31343933204c3533	4504	4494
lcc	1	424a31343936202e4137382032303132	4504	4494
lcc	1	424a31343936202e4138372032303132	4504	4494
lcc	1	424a31343936202e4139352031393938	4504	4494
lcc	1	424a31343936202e4237352032303031	4504	4494
lcc	1	424a31343936202e423735352032303230	4504	4494
lcc	1	424a31343936202e4237382032303131	4504	4494
lcc	1	424a31343936202e4237382032303133	4504	4494
lcc	1	424a31343936202e4238392032303138	4504	4494
lcc	1	424a31343936202e4333372032303036	4504	4494
lcc	1	424a31343936202e4333382032303038	4504	4494
lcc	1	424a31343936202e4333392032303137	4504	4494
lcc	1	424a31343936202e43342031393937	4504	4494
lcc	1	424a31343936202e4334332032303133	4504	4494
lcc	1	424a31343936202e4334332032303230	4504	4494
lcc	1	424a31343936202e4334352032303136	4504	4494
lcc	1	424a31343936202e4336382032303130	4504	4494
lcc	1	424a31343936202e4336392032303035	4504	4494
lcc	1	424a31343936202e4433392032303131	4504	4494
lcc	1	424a31343936202e4434332031393938	4504	4494
lcc	1	424a31343936202e44362031393833	4504	4494
lcc	1	424a31343936202e45333534	4504	4494
lcc	1	424a31343936202e45333536203139383162	4504	4494
lcc	1	424a31343936202e453335362031393933	4504	4494
lcc	1	424a31343936202e453335362032303130	4504	4494
lcc	1	424a31343936202e453336	4504	4494
lcc	1	424a31343936202e4636372032303035	4504	4494
lcc	1	424a31343936202e4637332032303132	4504	4494
lcc	1	424a31343936202e4637382032303038	4504	4494
lcc	1	424a31343936202e4733352032303038	4504	4494
lcc	1	424a31343936202e473537	4504	4494
lcc	1	424a31343936202e4735372031393733	4504	4494
lcc	1	424a31343936202e4735372031393831	4504	4494
lcc	1	424a31343936202e4833352032303033	4504	4494
lcc	1	424a31343936202e4834352031393938	4504	4494
lcc	1	424a31343936202e4938342032303134	4504	4494
lcc	1	424a31343936202e4939342032303134	4504	4494
lcc	1	424a31343936202e4939342032303135	4504	4494
lcc	1	424a31343936202e4a35362032303134	4504	4494
lcc	1	424a31343936202e4a36362032303134	4504	4494
lcc	1	424a31343936202e4a363632352032303137	4504	4494
lcc	1	424a31343936202e4a3636332032303136	4504	4494
lcc	1	424a31343936202e4b35332032303032	4504	4494
lcc	1	424a31343936202e4b35352032303032	4504	4494
lcc	1	424a31343936202e4b35362032303032	4504	4494
lcc	1	424a31343936202e4b383136362032303032	4504	4494
lcc	1	424a31343936202e4c33332032303138	4504	4494
lcc	1	424a31343936202e4c33362032303031	4504	4494
lcc	1	424a31343936202e4c34382032303034	4504	4494
lcc	1	424a31343936202e4c34392032303131	4504	4494
lcc	1	424a31343936202e4c35372032303032	4504	4494
lcc	1	424a31343936202e4c3537352032303032	4504	4494
lcc	1	424a31343936202e4c3538	4504	4494
lcc	1	424a31343936202e4c36332032303030	4504	4494
lcc	1	424a31343936202e4c36372032303036	4504	4494
lcc	1	424a31343936202e4c363731332032303137	4504	4494
lcc	1	424a31343936202e4d3335342031393034	4504	4494
lcc	1	424a31343936202e4d3337	4504	4494
lcc	1	424a31343936202e4d33372031393831	4504	4494
lcc	1	424a31343936202e4d35352032303135	4504	4494
lcc	1	424a31343936202e4e35332031393932	4504	4494
lcc	1	424a31343936202e4e35362032303130	4504	4494
lcc	1	424a31343936202e4e36382032303131	4504	4494
lcc	1	424a31343936202e5033342032303136	4504	4494
lcc	1	424a31343936202e5033372032303039	4504	4494
lcc	1	424a31343936202e5033382032303036	4504	4494
lcc	1	424a31343936202e5034	4504	4494
lcc	1	424a31343936202e503535352032303030	4504	4494
lcc	1	424a31343936202e5035372032303132	4504	4494
lcc	1	424a31343936202e5035392031393938	4504	4494
lcc	1	424a31343936202e503634	4504	4494
lcc	1	424a31343936202e5036352031393939	4504	4494
lcc	1	424a31343936202e5236342032303037	4504	4494
lcc	1	424a31343936202e5332352032303034	4504	4494
lcc	1	424a31343936202e533235342032303131	4504	4494
lcc	1	424a31343936202e533235352032303037	4504	4494
lcc	1	424a31343936202e5332353731332032303137	4504	4494
lcc	1	424a31343936202e5332362032303030	4504	4494
lcc	1	424a31343936202e5333362031393938	4504	4494
lcc	1	424a31343936202e5333362032303032	4504	4494
lcc	1	424a31343936202e5334342031393939	4504	4494
lcc	1	424a31343936202e5334342032303032	4504	4494
lcc	1	424a31343936202e5335362031393938	4504	4494
lcc	1	424a31343936202e5335362032303137	4504	4494
lcc	1	424a31343936202e533633	4504	4494
lcc	1	424a31343936202e5336392032303030	4504	4494
lcc	1	424a31343936202e533731382032303032	4504	4494
lcc	1	424a31343936202e5338352032303135	4504	4494
lcc	1	424a31343936202e5433392032303030	4504	4494
lcc	1	424a31343936202e5537332032303034	4504	4494
lcc	1	424a31343936202e553733332032303130	4504	4494
lcc	1	424a31343936202e5636342032303133	4504	4494
lcc	1	424a31343936202e5636352032303033	4504	4494
lcc	1	424a31343936202e5638322032303133	4504	4494
lcc	1	424a31343936202e5731383133203139303462	4504	4494
lcc	1	424a31343936202e5731383136352032303130	4504	4494
lcc	1	424a31343936202e5733352032303039	4504	4494
lcc	1	424a31343936202e5734372032303136	4504	4494
lcc	1	424a31343936202e5a3533	4504	4494
lcc	1	424a31343936204238352031393938	4504	4494
lcc	1	424a313439362044323738732031393938	4504	4494
lcc	1	424a31343936204a36372031393837	4504	4494
lcc	1	424a313439362e4133332032303230	4504	4494
lcc	1	424a313439362e4135332031393937	4504	4494
lcc	1	424a313439362e4233332031393933	4504	4494
lcc	1	424a313439362e4233372032303139	4504	4494
lcc	1	424a313439362e4237352032303031	4504	4494
lcc	1	424a313439362e4238372031393935	4504	4494
lcc	1	424a313439362e4238382032303030	4504	4494
lcc	1	424a313439362e4238392032303138	4504	4494
lcc	1	424a313439362e4333372032303036	4504	4494
lcc	1	424a313439362e4333392032303137	4504	4494
lcc	1	424a313439362e4433392032303131	4504	4494
lcc	1	424a313439362e44362031393833	4504	4494
lcc	1	424a313439362e4636372031393831	4504	4494
lcc	1	424a313439362e4636372032303035	4504	4494
lcc	1	424a313439362e4637332032303132	4504	4494
lcc	1	424a313439362e473537	4504	4494
lcc	1	424a313439362e4833352032303033	4504	4494
lcc	1	424a313439362e4834342031393934	4504	4494
lcc	1	424a313439362e4834352031393936	4504	4494
lcc	1	424a313439362e4836332032303230	4504	4494
lcc	1	424a313439362e4939342032303134	4504	4494
lcc	1	424a313439362e4a36362032303134	4504	4494
lcc	1	424a313439362e4a363632352032303137	4504	4494
lcc	1	424a313439362e4a3636332032303136	4504	4494
lcc	1	424a313439362e4c33362032303031	4504	4494
lcc	1	424a313439362e4c34372032303039	4504	4494
lcc	1	424a313439362e4c34382031393936	4504	4494
lcc	1	424a313439362e4c34382032303035	4504	4494
lcc	1	424a313439362e4c34392032303131	4504	4494
lcc	1	424a313439362e4c35372032303032	4504	4494
lcc	1	424a313439362e4c3537352032303032	4504	4494
lcc	1	424a313439362e4c36332032303030	4504	4494
lcc	1	424a313439362e4c363731332032303137	4504	4494
lcc	1	424a313439362e4c38342031393937	4504	4494
lcc	1	424a313439362e4d34332032303139	4504	4494
lcc	1	424a313439362e4d353520323031	4504	4494
lcc	1	424a313439362e4d38372032303138	4504	4494
lcc	1	424a313439362e5033372032303039	4504	4494
lcc	1	424a313439362e5035342032303231	4504	4494
lcc	1	424a313439362e5035382031393935	4504	4494
lcc	1	424a313439362e5035392031393938	4504	4494
lcc	1	424a313439362e5036352031393939	4504	4494
lcc	1	424a313439362e5236342032303037	4504	4494
lcc	1	424a313439362e533235342032303131	4504	4494
lcc	1	424a313439362e533235352032303037	4504	4494
lcc	1	424a313439362e5332353731332032303137	4504	4494
lcc	1	424a313439362e5333342032303031	4504	4494
lcc	1	424a313439362e5334342031393939	4504	4494
lcc	1	424a313439362e5334352032303231	4504	4494
lcc	1	424a313439362e5335382032303139	4504	4494
lcc	1	424a313439362e53362032303235	4504	4494
lcc	1	424a313439362e5336392032303030	4504	4494
lcc	1	424a313439362e5338352032303135	4504	4494
lcc	1	424a313439362e5537332032303034	4504	4494
lcc	1	424a313439362e5636352032303033	4504	4494
lcc	1	424a313439362e5733352032303038	4504	4494
lcc	1	424a313439362e5733372032303036	4504	4494
lcc	1	424a313439362e5734372032303136	4504	4494
lcc	1	424a313439362e5734372032303138	4504	4494
lcc	1	424a313439362e5735352032303039	4504	4494
lcc	1	424a313439364438393532303033	4504	4494
lcc	1	424a31343938202e413520313939386562	4504	4494
lcc	1	424a31343938202e413637	4504	4494
lcc	1	424a31343938202e4232382031393835	4504	4494
lcc	1	424a31343938202e423333	4504	4494
lcc	1	424a31343938202e4233342032303135	4504	4494
lcc	1	424a31343938202e4233352032303038	4504	4494
lcc	1	424a31343938202e423732	4504	4494
lcc	1	424a31343938202e4237342031393737	4504	4494
lcc	1	424a31343938202e4237352031393733	4504	4494
lcc	1	424a31343938202e4237362032303137	4504	4494
lcc	1	424a31343938202e4334362032303035	4504	4494
lcc	1	424a31343938202e4338352031393732	4504	4494
lcc	1	424a31343938202e443333	4504	4494
lcc	1	424a31343938202e4433372031393733	4504	4494
lcc	1	424a31343938202e4433372031393934	4504	4494
lcc	1	424a31343938202e4434352032303130	4504	4494
lcc	1	424a31343938202e4434362032303230	4504	4494
lcc	1	424a31343938202e443737362032303137	4504	4494
lcc	1	424a31343938202e4438372032303139	4504	4494
lcc	1	424a31343938202e4538342031393937	4504	4494
lcc	1	424a31343938202e45393431332032303138	4504	4494
lcc	1	424a31343938202e4633372032303134	4504	4494
lcc	1	424a31343938202e463733	4504	4494
lcc	1	424a31343938202e473432	4504	4494
lcc	1	424a31343938202e4832372032303132	4504	4494
lcc	1	424a31343938202e4833322032303039	4504	4494
lcc	1	424a31343938202e4833323136342032303133	4504	4494
lcc	1	424a31343938202e483334	4504	4494
lcc	1	424a31343938202e483334352032303039	4504	4494
lcc	1	424a31343938202e4833382032303031	4504	4494
lcc	1	424a31343938202e4834	4504	4494
lcc	1	424a31343938202e48342031393833	4504	4494
lcc	1	424a31343938202e48342031393935	4504	4494
lcc	1	424a31343938202e4836362032303034	4504	4494
lcc	1	424a31343938202e4836362032303035	4504	4494
lcc	1	424a31343938202e4838342032303135	4504	4494
lcc	1	424a31343938202e4839342031393932	4504	4494
lcc	1	424a31343938202e4933362031393836	4504	4494
lcc	1	424a31343938202e4a3236	4504	4494
lcc	1	424a31343938202e4a34382031393936	4504	4494
lcc	1	424a31343938202e4a35352031393937	4504	4494
lcc	1	424a31343938202e4a35352032303131	4504	4494
lcc	1	424a31343938202e4a35352032303132	4504	4494
lcc	1	424a31343938202e4a38372031393738	4504	4494
lcc	1	424a31343938202e4b36372031393834	4504	4494
lcc	1	424a31343938202e4c3232	4504	4494
lcc	1	424a31343938202e4c32322031393830	4504	4494
lcc	1	424a31343938202e4c32382031393834	4504	4494
lcc	1	424a31343938202e4c323931332032303035	4504	4494
lcc	1	424a31343938202e4c33322031393830	4504	4494
lcc	1	424a31343938202e4c34322031393634	4504	4494
lcc	1	424a31343938202e4c3434	4504	4494
lcc	1	424a31343938202e4c34352031393939	4504	4494
lcc	1	424a31343938202e4c38382032303036	4504	4494
lcc	1	424a31343938202e4d3235392031393836	4504	4494
lcc	1	424a31343938202e4d32362031393934	4504	4494
lcc	1	424a31343938202e4d323631342031393935	4504	4494
lcc	1	424a31343938202e4d36372032303030	4504	4494
lcc	1	424a31343938202e4d38352032303230	4504	4494
lcc	1	424a31343938202e4d38372031393831	4504	4494
lcc	1	424a31343938202e4d3837372032303134	4504	4494
lcc	1	424a31343938202e4f32342032303138	4504	4494
lcc	1	424a31343938202e4f33352031393733	4504	4494
lcc	1	424a31343938202e4f37352031393839	4504	4494
lcc	1	424a31343938202e4f382031393639	4504	4494
lcc	1	424a31343938202e50332031393732	4504	4494
lcc	1	424a31343938202e5033332032303039	4504	4494
lcc	1	424a31343938202e5034342031393835	4504	4494
lcc	1	424a31343938202e5034392031393837	4504	4494
lcc	1	424a31343938202e503439352032303031	4504	4494
lcc	1	424a31343938202e503531332031393633	4504	4494
lcc	1	424a31343938202e503531332031393938	4504	4494
lcc	1	424a31343938202e503531332031393939	4504	4494
lcc	1	424a31343938202e5035352032303230	4504	4494
lcc	1	424a31343938202e5036362031393837	4504	4494
lcc	1	424a31343938202e523333352031393836	4504	4494
lcc	1	424a31343938202e523634352032303136	4504	4494
lcc	1	424a31343938202e5237392031393832	4504	4494
lcc	1	424a31343938202e533332332031393938	4504	4494
lcc	1	424a31343938202e5334362032303039	4504	4494
lcc	1	424a31343938202e5336	4504	4494
lcc	1	424a31343938202e533634	4504	4494
lcc	1	424a31343938202e5338342032303038	4504	4494
lcc	1	424a31343938202e533932352032303136	4504	4494
lcc	1	424a31343938202e5339382031393831	4504	4494
lcc	1	424a31343938202e5435332031393837	4504	4494
lcc	1	424a31343938202e5435362031393935	4504	4494
lcc	1	424a31343938202e5436	4504	4494
lcc	1	424a31343938202e5436352032303031	4504	4494
lcc	1	424a31343938202e5436362032303030	4504	4494
lcc	1	424a31343938202e543734203139393167	4504	4494
lcc	1	424a31343938202e5437392031393832	4504	4494
lcc	1	424a31343938202e573433	4504	4494
lcc	1	424a31343938202e5734382032303031	4504	4494
lcc	1	424a31343938202e5734382032303032	4504	4494
lcc	1	424a31343938202e5735342031393835	4504	4494
lcc	1	424a31343938202e5736342032303030	4504	4494
lcc	1	424a31343938202e573637	4504	4494
lcc	1	424a31343938202e573931332031393935	4504	4494
lcc	1	424a31343938204d33362031393835	4504	4494
lcc	1	424a313439382e4237362032303138	4504	4494
lcc	1	424a313439382e4433323420323031336562	4504	4494
lcc	1	424a313439382e4735362032303136	4504	4494
lcc	1	424a313439382e4736382032303037	4504	4494
lcc	1	424a313439382e4836362032303034	4504	4494
lcc	1	424a313439382e4838332031393939	4504	4494
lcc	1	424a313439382e4838342032303135	4504	4494
lcc	1	424a313439382e4a35352032303132	4504	4494
lcc	1	424a313439382e4c323931332032303035	4504	4494
lcc	1	424a313439382e4c38382032303036	4504	4494
lcc	1	424a313439382e4d3837372032303134	4504	4494
lcc	1	424a313439382e5034342031393835	4504	4494
lcc	1	424a313439382e503531332031393938	4504	4494
lcc	1	424a313439382e503531332031393939	4504	4494
lcc	1	424a313439382e503531332032303039	4504	4494
lcc	1	424a313439382e5334362032303038	4504	4494
lcc	1	424a313439392e52342042372031383933	4504	4494
lcc	1	424a313439392e5234204336372032303232	4504	4494
lcc	1	424a313439392e5234204d33392032303230	4504	4494
lcc	1	424a313439392e5234204d33392032303231	4504	4494
lcc	1	424a313439392e52344833362032303139	4504	4494
lcc	1	424a313439392e52344834372032303234	4504	4494
lcc	1	424a313439392e52344a36372032303235	4504	4494
lcc	1	424a313439392e52344d33392032303230	4504	4494
lcc	1	424a313439392e5335202e43333220766f6c2e2032	4504	4494
lcc	1	424a313439392e5335204133372031393939	4504	4494
lcc	1	424a313439392e5335204138332032303139	4504	4494
lcc	1	424a313439392e5335204233352032303031	4504	4494
lcc	1	424a313439392e5335204233372032303139	4504	4494
lcc	1	424a313439392e5335204235342032303135	4504	4494
lcc	1	424a313439392e53352042353420323031356562	4504	4494
lcc	1	424a313439392e5335204235352032303137	4504	4494
lcc	1	424a313439392e5335204236342031393938	4504	4494
lcc	1	424a313439392e5335204237362032303139	4504	4494
lcc	1	424a313439392e5335204335362032303132	4504	4494
lcc	1	424a313439392e53352043353831332032303138	4504	4494
lcc	1	424a313439392e5335204336372032303136	4504	4494
lcc	1	424a313439392e5335204435352031393838	4504	4494
lcc	1	424a313439392e5335204634352032303031	4504	4494
lcc	1	424a313439392e5335204634362032303138	4504	4494
lcc	1	424a313439392e5335204636362031393939	4504	4494
lcc	1	424a313439392e5335204637332032303131	4504	4494
lcc	1	424a313439392e5335204733372032303132	4504	4494
lcc	1	424a313439392e5335204735342032303034	4504	4494
lcc	1	424a313439392e53352049383820323032316562	4504	4494
lcc	1	424a313439392e5335204b33342031393937	4504	4494
lcc	1	424a313439392e5335204b33343531332032303137	4504	4494
lcc	1	424a313439392e5335204b352032303033	4504	4494
lcc	1	424a313439392e5335204c332050616d	4504	4494
lcc	1	424a313439392e5335204c34362032303133	4504	4494
lcc	1	424a313439392e5335204d33342032303136	4504	4494
lcc	1	424a313439392e5335204d35362032303134	4504	4494
lcc	1	424a313439392e5335204d38362032303134	4504	4494
lcc	1	424a313439392e5335204d38362032303136	4504	4494
lcc	1	424a313439392e5335204d38382032303134	4504	4494
lcc	1	424a313439392e5335204f32	4504	4494
lcc	1	424a313439392e533520503333	4504	4494
lcc	1	424a313439392e53352050352031393838	4504	4494
lcc	1	424a313439392e53352050353133203139353262	4504	4494
lcc	1	424a313439392e533520503531332032303032	4504	4494
lcc	1	424a313439392e5335205035382032303139	4504	4494
lcc	1	424a313439392e5335205233352032303132	4504	4494
lcc	1	424a313439392e5335205333372032303038	4504	4494
lcc	1	424a313439392e5335205335332032303139	4504	4494
lcc	1	424a313439392e533520533535203139393267	4504	4494
lcc	1	424a313439392e5335205335352032303036	4504	4494
lcc	1	424a313439392e5335205335352032303037	4504	4494
lcc	1	424a313439392e5335205335362032303037	4504	4494
lcc	1	424a313439392e5335205338362032303134	4504	4494
lcc	1	424a313439392e5335205433392031393937	4504	4494
lcc	1	424a313439392e5335205438372032303132	4504	4494
lcc	1	424a313439392e533520543837362032303132	4504	4494
lcc	1	424a313439392e5335205635352031393936	4504	4494
lcc	1	424a313439392e53354237362032303138	4504	4494
lcc	1	424a313439392e53354735342032303034	4504	4494
lcc	1	424a313439392e53354b33343531332032303137	4504	4494
lcc	1	424a313439392e53354c3434362032303235	4504	4494
lcc	1	424a313439392e53354d38362032303134	4504	4494
lcc	1	424a313439392e53355333372032303038	4504	4494
lcc	1	424a313439392e53355335362032303037	4504	4494
lcc	1	424a313439392e533554382032303134	4504	4494
lcc	1	424a313439392e53355438372032303132	4504	4494
lcc	1	424a313439392e5336	4504	4494
lcc	1	424a313439392e5336204135352031393833	4504	4494
lcc	1	424a313439392e5336204233342031393832	4504	4494
lcc	1	424a313439392e5336204233382031393932	4504	4494
lcc	1	424a313439392e533620423338342032303134	4504	4494
lcc	1	424a313439392e5336204235342031393932	4504	4494
lcc	1	424a313439392e5336204236342031393932	4504	4494
lcc	1	424a313439392e5336204238372032303131	4504	4494
lcc	1	424a313439392e5336204334382032303036	4504	4494
lcc	1	424a313439392e5336204336362031393939	4504	4494
lcc	1	424a313439392e5336204432332032303032	4504	4494
lcc	1	424a313439392e5336204436342031393934	4504	4494
lcc	1	424a313439392e5336204438362031393739	4504	4494
lcc	1	424a313439392e5336204438382031393834	4504	4494
lcc	1	424a313439392e5336204635	4504	4494
lcc	1	424a313439392e5336204731372031393832	4504	4494
lcc	1	424a313439392e5336204735362032303131	4504	4494
lcc	1	424a313439392e5336204737352032303033	4504	4494
lcc	1	424a313439392e5336204b33342031393933	4504	4494
lcc	1	424a313439392e5336204b33382031393936	4504	4494
lcc	1	424a313439392e5336204b34332032303031	4504	4494
lcc	1	424a313439392e5336204c34392032303039	4504	4494
lcc	1	424a313439392e5336204d38372032303031	4504	4494
lcc	1	424a313439392e5336204f3335	4504	4494
lcc	1	424a313439392e5336204f3537	4504	4494
lcc	1	424a313439392e533620503336	4504	4494
lcc	1	424a313439392e53362050362031393734	4504	4494
lcc	1	424a313439392e533620533337	4504	4494
lcc	1	424a313439392e5336205338362031393838	4504	4494
lcc	1	424a313439392e5336205433362032303135	4504	4494
lcc	1	424a313439392e533620543835	4504	4494
lcc	1	424a313439392e5336205438352031393734	4504	4494
lcc	1	424a313439392e533620553434	4504	4494
lcc	1	424a313439392e5336205734332032303037	4504	4494
lcc	1	424a313439392e5336205736362031393935	4504	4494
lcc	1	424a313439392e5336205736362031393938	4504	4494
lcc	1	424a313439392e53362e4337362032303230	4504	4494
lcc	1	424a313439392e533635202e5338392032303133	4504	4494
lcc	1	424a313439392e533635204233382032303230	4504	4494
lcc	1	424a313439392e533635204234352032303232	4504	4494
lcc	1	424a313439392e533635204336362031393939	4504	4494
lcc	1	424a313439392e533635204435372031393836	4504	4494
lcc	1	424a313439392e5336352044382032303231	4504	4494
lcc	1	424a313439392e533635204736372032303038	4504	4494
lcc	1	424a313439392e533635204833372032303137	4504	4494
lcc	1	424a313439392e533635204c34392032303039	4504	4494
lcc	1	424a313439392e533635204d33352032303134	4504	4494
lcc	1	424a313439392e533635204d3335203230313462	4504	4494
lcc	1	424a313439392e533635204d33372032303039	4504	4494
lcc	1	424a313439392e533635204d33372032303139	4504	4494
lcc	1	424a313439392e533635204d38382032303231	4504	4494
lcc	1	424a313439392e533635205034352032303139	4504	4494
lcc	1	424a313439392e533635205234362032303137	4504	4494
lcc	1	424a313439392e533635205332332032303131	4504	4494
lcc	1	424a313439392e533635205332352031393938	4504	4494
lcc	1	424a313439392e533635205336352031393938	4504	4494
lcc	1	424a313439392e533635205433352032303132	4504	4494
lcc	1	424a313439392e533635205434342032303139	4504	4494
lcc	1	424a313439392e533635205635362032303230	4504	4494
lcc	1	424a313439392e533635205733342032303231	4504	4494
lcc	1	424a313439392e533635205738362032303135	4504	4494
lcc	1	424a313439392e533635205a37362032303036	4504	4494
lcc	1	424a313439392e5336352e4833363320323031	4504	4494
lcc	1	424a313439392e5336354233372032303034	4504	4494
lcc	1	424a313439392e5336354233382032303230	4504	4494
lcc	1	424a313439392e5336354235362032303232	4504	4494
lcc	1	424a313439392e5336354336352032303033	4504	4494
lcc	1	424a313439392e5336354336362031393939	4504	4494
lcc	1	424a313439392e5336354736372032303038	4504	4494
lcc	1	424a313439392e5336354833372032303137	4504	4494
lcc	1	424a313439392e5336354b38352032303038	4504	4494
lcc	1	424a313439392e5336354b38352032303039	4504	4494
lcc	1	424a313439392e53363550342032303230	4504	4494
lcc	1	424a313439392e5336355635362032303230	4504	4494
lcc	1	424a31353030202e5236382032303135	4504	4494
lcc	1	424a31353030202e543732372032303230	4504	4494
lcc	1	424a31353030202e5734342031393939	4504	4494
lcc	1	424a313530302e413539204d36372031393835	4504	4494
lcc	1	424a313530302e4135394d36372031393835	4504	4494
lcc	1	424a313530302e423437204132362032303132	4504	4494
lcc	1	424a313530302e423437204234362032303138	4504	4494
lcc	1	424a313530302e423437204234382032303037	4504	4494
lcc	1	424a313530302e42343720423438372032303133	4504	4494
lcc	1	424a313530302e423437204633362032303135	4504	4494
lcc	1	424a313530302e42343720463338342032303133	4504	4494
lcc	1	424a313530302e423437204735362032303132	4504	4494
lcc	1	424a313530302e423437204835332032303131	4504	4494
lcc	1	424a313530302e423437204b34362032303135	4504	4494
lcc	1	424a313530302e423437204d33372032303137	4504	4494
lcc	1	424a313530302e423437205233372032303134	4504	4494
lcc	1	424a313530302e423437205437332032303130	4504	4494
lcc	1	424a313530302e423437205437352032303132	4504	4494
lcc	1	424a313530302e423437205438372032303030	4504	4494
lcc	1	424a313530302e4234372054383731332032303037	4504	4494
lcc	1	424a313530302e423437205634372032303132	4504	4494
lcc	1	424a313530302e4234372e5035332032303133	4504	4494
lcc	1	424a313530302e4234374234362032303030	4504	4494
lcc	1	424a313530302e4234374d33372032303137	4504	4494
lcc	1	424a313530302e42343754383731332032303037	4504	4494
lcc	1	424a313530302e42343754383731332032303231	4504	4494
lcc	1	424a313530302e433633204135332032303231	4504	4494
lcc	1	424a313530302e433633204333372032303032	4504	4494
lcc	1	424a313530302e433633204336362032303133	4504	4494
lcc	1	424a313530302e433633204336362032303134	4504	4494
lcc	1	424a313530302e433633204336372032303138	4504	4494
lcc	1	424a313530302e433633204437352032303132	4504	4494
lcc	1	424a313530302e433633204536342032303138	4504	4494
lcc	1	424a313530302e433633204637342032303038	4504	4494
lcc	1	424a313530302e433633204637342032303039	4504	4494
lcc	1	424a313530302e433633204735382032303033	4504	4494
lcc	1	424a313530302e433633204836342032303232	4504	4494
lcc	1	424a313530302e433633204838372032303039	4504	4494
lcc	1	424a313530302e433633204b33362032303135	4504	4494
lcc	1	424a313530302e433633204b33362032303136	4504	4494
lcc	1	424a313530302e433633204d33362032303134	4504	4494
lcc	1	424a313530302e43363320503338342032303134	4504	4494
lcc	1	424a313530302e433633205733372032303139	4504	4494
lcc	1	424a313530302e4336332e4336362032303134	4504	4494
lcc	1	424a313530302e4336334336362032303134	4504	4494
lcc	1	424a313530302e4336334336372032303138	4504	4494
lcc	1	424a313530302e4336334637352032303230	4504	4494
lcc	1	424a313530302e4336334b33362032303135	4504	4494
lcc	1	424a313530302e4336334b33362032303139	4504	4494
lcc	1	424a313530302e4336334f39342032303230	4504	4494
lcc	1	424a313530302e433635202e4433362032303037	4504	4494
lcc	1	424a313530302e433635204833362032303036	4504	4494
lcc	1	424a313530302e433635204b36362032303033	4504	4494
lcc	1	424a313530302e433635204d33352032303037	4504	4494
lcc	1	424a313530302e433635204d36342032303138	4504	4494
lcc	1	424a313530302e433635204d38372032303137	4504	4494
lcc	1	424a313530302e433635205333322032303033	4504	4494
lcc	1	424a313530302e4336352053333220323030336562	4504	4494
lcc	1	424a313530302e433635205336382032303130	4504	4494
lcc	1	424a313530302e433635205337342032303133	4504	4494
lcc	1	424a313530302e433635205435362032303134	4504	4494
lcc	1	424a313530302e433635205636352032303032	4504	4494
lcc	1	424a313530302e433635205a34372032303133	4504	4494
lcc	1	424a313530302e4336352e4938382032303037	4504	4494
lcc	1	424a313530302e4336352e4b38342032303130	4504	4494
lcc	1	424a313530302e4336352e5336382032303130	4504	4494
lcc	1	424a313530302e4336354833362032303036	4504	4494
lcc	1	424a313530302e4336354833362032303037	4504	4494
lcc	1	424a313530302e4336354b36362032303033	4504	4494
lcc	1	424a313530302e4336355333322032303033	4504	4494
lcc	1	424a313530302e4336355636352032303032	4504	4494
lcc	1	424a313530302e433636204234362032303135	4504	4494
lcc	1	424a313530302e443532204d33342032303035	4504	4494
lcc	1	424a313530302e443638	4504	4494
lcc	1	424a313530302e443638204333382032303036	4504	4494
lcc	1	424a313530302e443638204334372032303136	4504	4494
lcc	1	424a313530302e44363820433437313320323032306562	4504	4494
lcc	1	424a313530302e4436382044352032303134	4504	4494
lcc	1	424a313530302e443638204436332032303031	4504	4494
lcc	1	424a313530302e443638204d33372032303138	4504	4494
lcc	1	424a313530302e443638204d35372032303134	4504	4494
lcc	1	424a313530302e443638205034372032303133	4504	4494
lcc	1	424a313530302e4436384333382032303036	4504	4494
lcc	1	424a313530302e4436384436332032303031	4504	4494
lcc	1	424a313530302e4436384d33372032303138	4504	4494
lcc	1	424a313530302e45322050383639622031393731	4504	4494
lcc	1	424a313530302e453934204334372032303136	4504	4494
lcc	1	424a313530302e453934204735332032303033	4504	4494
lcc	1	424a313530302e453934205333372032303038	4504	4494
lcc	1	424a313530302e453934205333372032303130	4504	4494
lcc	1	424a313530302e4539344334372032303135	4504	4494
lcc	1	424a313530302e4539344533342032303231	4504	4494
lcc	1	424a313530302e4539344735332032303033	4504	4494
lcc	1	424a313530302e4539344735332032303038	4504	4494
lcc	1	424a313530302e4d3432	4504	4494
lcc	1	424a313530302e4d3432204236372031393931	4504	4494
lcc	1	424a313530302e4d3432204334372032303033	4504	4494
lcc	1	424a313530302e4d3432204b35362032303230	4504	4494
lcc	1	424a313530302e4d34324236372031393931	4504	4494
lcc	1	424a313530302e4d3437204135352032303231	4504	4494
lcc	1	424a313530302e4d3437204236332032303139	4504	4494
lcc	1	424a313530302e4d343720423638342032303137	4504	4494
lcc	1	424a313530302e4d3437204237352032303135	4504	4494
lcc	1	424a313530302e4d3437204434372032303033	4504	4494
lcc	1	424a313530302e4d3437204735372032303131	4504	4494
lcc	1	424a313530302e4d3437204735382032303131	4504	4494
lcc	1	424a313530302e4d3437204b33342032303132	4504	4494
lcc	1	424a313530302e4d3437204b34352032303133	4504	4494
lcc	1	424a313530302e4d3437204b34372032303231	4504	4494
lcc	1	424a313530302e4d3437204d35332032303039	4504	4494
lcc	1	424a313530302e4d3437204d36352032303138	4504	4494
lcc	1	424a313530302e4d3437205036352031393938	4504	4494
lcc	1	424a313530302e4d3437205332362032303231	4504	4494
lcc	1	424a313530302e4d3437205335362032303130	4504	4494
lcc	1	424a313530302e4d3437205634372032303139	4504	4494
lcc	1	424a313530302e4d3437205734332031393938	4504	4494
lcc	1	424a313530302e4d34372e4132332032303037	4504	4494
lcc	1	424a313530302e4d34372e4b33342032303133	4504	4494
lcc	1	424a313530302e4d34374434372032303033	4504	4494
lcc	1	424a313530302e4d34374434372032303037	4504	4494
lcc	1	424a313530302e4d3437493835352032303232	4504	4494
lcc	1	424a313530302e4d34374b33342032303132	4504	4494
lcc	1	424a313530302e4d34374b33342032303134	4504	4494
lcc	1	424a313530302e4d34374b34352032303133	4504	4494
lcc	1	424a313530302e4d3637204335382032303033	4504	4494
lcc	1	424a313530302e4d3637204335382032303034	4504	4494
lcc	1	424a313530302e4d3637204434352032303133	4504	4494
lcc	1	424a313530302e4d3637204833352032303037	4504	4494
lcc	1	424a313530302e4d3637204b36362032303035	4504	4494
lcc	1	424a313530302e4d3637204b37332032303039	4504	4494
lcc	1	424a313530302e4d3637204d33372032303138	4504	4494
lcc	1	424a313530302e4d3637204d35382032303136	4504	4494
lcc	1	424a313530302e4d3637204d36362032303135	4504	4494
lcc	1	424a313530302e4d3637204d36372032303031	4504	4494
lcc	1	424a313530302e4d3637204d3637332032303135	4504	4494
lcc	1	424a313530302e4d3637205035342032303035	4504	4494
lcc	1	424a313530302e4d3637205236392032303139	4504	4494
lcc	1	424a313530302e4d363720533436352032303033	4504	4494
lcc	1	424a313530302e4d3637205335332032303035	4504	4494
lcc	1	424a313530302e4d3637205735342032303134	4504	4494
lcc	1	424a313530302e4d36374335382032303033	4504	4494
lcc	1	424a313530302e4d36374434352032303133	4504	4494
lcc	1	424a313530302e4d36374833352032303037	4504	4494
lcc	1	424a313530302e4d36375335332032303033	4504	4494
lcc	1	424a313530302e4e38	4504	4494
lcc	1	424a313530302e4e38204134332032303039	4504	4494
lcc	1	424a313530302e4e38204137352032303036	4504	4494
lcc	1	424a313530302e4e38204237382031393837	4504	4494
lcc	1	424a313530302e4e38204333372032303130	4504	4494
lcc	1	424a313530302e4e382044383431342031393938	4504	4494
lcc	1	424a313530302e4e3820443834372031393838	4504	4494
lcc	1	424a313530302e4e38204534352032303132	4504	4494
lcc	1	424a313530302e4e38204635362032303134	4504	4494
lcc	1	424a313530302e4e38204736372032303136	4504	4494
lcc	1	424a313530302e4e38204a38352032303030	4504	4494
lcc	1	424a313530302e4e38204b36352031393930	4504	4494
lcc	1	424a313530302e4e38204c38362032303132	4504	4494
lcc	1	424a313530302e4e38204d34352032303135	4504	4494
lcc	1	424a313530302e4e38204e33332032303032	4504	4494
lcc	1	424a313530302e4e38204e33342032303130	4504	4494
lcc	1	424a313530302e4e38204e33352032303033	4504	4494
lcc	1	424a313530302e4e38204e33352032303130	4504	4494
lcc	1	424a313530302e4e38204f34382032303232	4504	4494
lcc	1	424a313530302e4e38205037362032303137	4504	4494
lcc	1	424a313530302e4e38205236382032303037	4504	4494
lcc	1	424a313530302e4e38205337332032303031	4504	4494
lcc	1	424a313530302e4e38205535332032303038	4504	4494
lcc	1	424a313530302e4e384a383531332032303036	4504	4494
lcc	1	424a313530302e4e384a383531332032303138	4504	4494
lcc	1	424a313530302e4e384c38362032303132	4504	4494
lcc	1	424a313530302e4e384e33352032303033	4504	4494
lcc	1	424a313530302e503338204d36362032303137	4504	4494
lcc	1	424a313530302e503420563833312032303031	4504	4494
lcc	1	424a313530302e5037	4504	4494
lcc	1	424a313530302e5037204138342031393833	4504	4494
lcc	1	424a313530302e5037204234372031393838	4504	4494
lcc	1	424a313530302e5037204234372032303035	4504	4494
lcc	1	424a313530302e5037204236392032303134	4504	4494
lcc	1	424a313530302e5037204436362031393837	4504	4494
lcc	1	424a313530302e5037204636392032303031	4504	4494
lcc	1	424a313530302e503720473536	4504	4494
lcc	1	424a313530302e5037204b36362031393938	4504	4494
lcc	1	424a313530302e5037204c34332031393937	4504	4494
lcc	1	424a313530302e5037204c35342032303038	4504	4494
lcc	1	424a313530302e5037204d33362032303035	4504	4494
lcc	1	424a313530302e5037204f3733382032303035	4504	4494
lcc	1	424a313530302e5037205034352032303139	4504	4494
lcc	1	424a313530302e5037205037362032303130	4504	4494
lcc	1	424a313530302e5037205037362032303131	4504	4494
lcc	1	424a313530302e5037205134372031393931	4504	4494
lcc	1	424a313530302e5037205333352032303038	4504	4494
lcc	1	424a313530302e50372053333520323030386562	4504	4494
lcc	1	424a313530302e5037205635382031393933	4504	4494
lcc	1	424a313530302e50374234372032303035	4504	4494
lcc	1	424a313530302e50374636392032303031	4504	4494
lcc	1	424a313530302e50374b36362031393938	4504	4494
lcc	1	424a313530302e50374c33342031393935	4504	4494
lcc	1	424a313530302e50374d33362032303035	4504	4494
lcc	1	424a313530302e50375037362032303130	4504	4494
lcc	1	424a313530302e50375333352032303134	4504	4494
lcc	1	424a313530302e50375635382031393933	4504	4494
lcc	1	424a313530302e522f	4504	4494
lcc	1	424a313530302e5233372044342032303037	4504	4494
lcc	1	424a313530302e523337204637352032303130	4504	4494
lcc	1	424a313530302e523337204b34352032303031	4504	4494
lcc	1	424a313530302e523337204d33342032303130	4504	4494
lcc	1	424a313530302e523337205337372032303033	4504	4494
lcc	1	424a313530302e523337205535352032303036	4504	4494
lcc	1	424a313530302e5233375337372032303033	4504	4494
lcc	1	424a313530302e5234204436362032303036	4504	4494
lcc	1	424a313530302e533635	4504	4494
lcc	1	424a313530302e543733204433392032303133	4504	4494
lcc	1	424a313530302e543733204539372032303136	4504	4494
lcc	1	424a313530302e543733204c34332032303139	4504	4494
lcc	1	424a313530302e543733205437332032303230	4504	4494
lcc	1	424a313530302e5437334138342032303230	4504	4494
lcc	1	424a313530302e543738204234372032303130	4504	4494
lcc	1	424a313530302e543738204336362032303136	4504	4494
lcc	1	424a313530302e543738204336382032303036	4504	4494
lcc	1	424a313530302e543738204535352032303034	4504	4494
lcc	1	424a313530302e543738204535372032303139	4504	4494
lcc	1	424a313530302e543738204538332032303034	4504	4494
lcc	1	424a313530302e543738204635332032303132	4504	4494
lcc	1	424a313530302e543738204733362032303133	4504	4494
lcc	1	424a313530302e543738204735332032303038	4504	4494
lcc	1	424a313530302e543738204735332032303039	4504	4494
lcc	1	424a313530302e543738204735382032303136	4504	4494
lcc	1	424a313530302e543738204736332032303132	4504	4494
lcc	1	424a313530302e543738204833362032303132	4504	4494
lcc	1	424a313530302e543738204833362032303135	4504	4494
lcc	1	424a313530302e543738204833382032303131	4504	4494
lcc	1	424a313530302e543738204835342032303134	4504	4494
lcc	1	424a313530302e543738204838362032303230	4504	4494
lcc	1	424a313530302e543738204b36342032303038	4504	4494
lcc	1	424a313530302e543738204b36352032303038	4504	4494
lcc	1	424a313530302e543738204b36362032303132	4504	4494
lcc	1	424a313530302e543738204b36392032303131	4504	4494
lcc	1	424a313530302e543738204c3333372032303135	4504	4494
lcc	1	424a313530302e543738204c33352032303032	4504	4494
lcc	1	424a313530302e543738204c33372032303135	4504	4494
lcc	1	424a313530302e543738204c33382032303032	4504	4494
lcc	1	424a313530302e543738204c34342032303034	4504	4494
lcc	1	424a313530302e543738204c343431382032303035	4504	4494
lcc	1	424a313530302e543738204c36342032303033	4504	4494
lcc	1	424a313530302e543738204d33352032303130	4504	4494
lcc	1	424a313530302e543738204d33372032303130	4504	4494
lcc	1	424a313530302e543738204d34322032303130	4504	4494
lcc	1	424a313530302e543738204d36352032303036	4504	4494
lcc	1	424a313530302e543738204d383731382032303138	4504	4494
lcc	1	424a313530302e543738204e34352032303134	4504	4494
lcc	1	424a313530302e543738205033332032303134	4504	4494
lcc	1	424a313530302e5437382050333920323030396562	4504	4494
lcc	1	424a313530302e543738205034362032303133	4504	4494
lcc	1	424a313530302e543738205034372032303039	4504	4494
lcc	1	424a313530302e543738205036382032303032	4504	4494
lcc	1	424a313530302e54373820513436372032303131	4504	4494
lcc	1	424a313530302e543738205233332032303039	4504	4494
lcc	1	424a313530302e543738205233332032303133	4504	4494
lcc	1	424a313530302e543738205236382032303230	4504	4494
lcc	1	424a313530302e543738205333352032303132	4504	4494
lcc	1	424a313530302e543738205334352032303039	4504	4494
lcc	1	424a313530302e543738205336332032303036	4504	4494
lcc	1	424a313530302e5437382053363331382032303037	4504	4494
lcc	1	424a313530302e543738205338342032303134	4504	4494
lcc	1	424a313530302e543738205338372032303132	4504	4494
lcc	1	424a313530302e5437382054373739352032303231	4504	4494
lcc	1	424a313530302e543738205437382032303130	4504	4494
lcc	1	424a313530302e54373820563436352032303135	4504	4494
lcc	1	424a313530302e543738205634372031393937	4504	4494
lcc	1	424a313530302e543738205635332032303131	4504	4494
lcc	1	424a313530302e543738205733352032303039	4504	4494
lcc	1	424a313530302e543738205734352032303130	4504	4494
lcc	1	424a313530302e54373820573435392032303130	4504	4494
lcc	1	424a313530302e543738205933352031393938	4504	4494
lcc	1	424a313530302e543738205933353136342032303031	4504	4494
lcc	1	424a313530302e5437382e4336382032303039	4504	4494
lcc	1	424a313530302e5437382e5339343620323031	4504	4494
lcc	1	424a313530302e5437384234372032303130	4504	4494
lcc	1	424a313530302e5437384238342032303039	4504	4494
lcc	1	424a313530302e5437384335332032303231	4504	4494
lcc	1	424a313530302e5437384735332032303039	4504	4494
lcc	1	424a313530302e5437384736332032303132	4504	4494
lcc	1	424a313530302e5437384b34362032303039	4504	4494
lcc	1	424a313530302e5437384c34342032303034	4504	4494
lcc	1	424a313530302e5437384c36342032303032	4504	4494
lcc	1	424a313530302e5437384d33372032303130	4504	4494
lcc	1	424a313530302e5437384d36352032303036	4504	4494
lcc	1	424a313530302e5437384d38372032303139	4504	4494
lcc	1	424a313530302e5437384e34352032303134	4504	4494
lcc	1	424a313530302e5437385233332032303039	4504	4494
lcc	1	424a313530302e5437385233332032303133	4504	4494
lcc	1	424a313530302e5437385336332032303036	4504	4494
lcc	1	424a313530302e54373853363331382032303037	4504	4494
lcc	1	424a313530302e54373853363331382032303131	4504	4494
lcc	1	424a313530302e54373854373739352032303231	4504	4494
lcc	1	424a313530302e5734342031393939	4504	4494
lcc	1	424a313530302e57353520423337	4504	4494
lcc	1	424a313530302e573535204b38382031393839	4504	4494
lcc	1	424a313530302e573535205533342031393938	4504	4494
lcc	1	424a313530302e573535205634372031393931	4504	4494
lcc	1	424a313530302e573535205734362032303133	4504	4494
lcc	1	5033372d33372e3542463435352d343633484d32	3784|12878	3784
lcc	1	5033372d33372e3542463435352d3436334c4338	2284|3784|12878	2284|3784
lcc	1	5033372d33372e3542463435352d34363350312d	3784|12878	3784
lcc	1	5033372d33372e3542463435352d343633503131	3784|12878	3784
lcc	1	5033372d33372e3542463435352d343633503136	3784|12878	3784
lcc	1	5033372d33372e3542463435352d343633503239	3784|12878	3784
lcc	1	5033372d33372e3542463435352d343633503939	3784|12878	3784
lcc	1	5033372d33372e3542463435352d343633504437	3749|3784|12878	3749|3784
lcc	1	5033372d33372e3542463435352d343633513333	3784|12878	3784
lcc	1	5033372d33372e3542463435352d343633514138	3784|4947|12878	3784|4947
lcc	1	5033372d33372e3542463435352d343633514834	3784|4879|12878	3784|4879
lcc	1	5033372d33372e3542463435352d343633523150	3784|12878	3784
lcc	1	5033372d33372e3542463435352d343633523732	3784|12878	3784
lcc	1	525420313230202e463334204b37352032303135	2768	2747
lcc	1	525420313230204534204237352032303032	2768	2747
lcc	1	5254203132302048363520523533352032303031	2768	2755
lcc	1	525420313230204935204f3437362032303030	2768	2747
lcc	1	52542031323020523837204238372032303030	2768	2755
lcc	1	5254203132302e4935204d34332032303030	2768	2747
lcc	1	5254203839204534332032303030	2768	2757
lcc	1	5254203839204635332032303031	2768	2757
lcc	1	5254203839204e32372031393835	2768	2757
lcc	1	525420383920533737352032303031	2768	2757
lcc	1	5254203930205233352032303030	2768	2747
lcc	1	5254203930205234332032303031	2768	2747
lcc	1	525420393820413533332032303030	2768	2755
lcc	1	525420393820433632352032303030	2768	2755
lcc	1	525427313230274334352746333631342731393931	2768	2747
lcc	1	525427313230274534274234382731393936	2768	2747
lcc	1	525427313230274534275534382731393934	2768	2747
lcc	1	52542731323027463334275332362731393935	2768	2747
lcc	1	5254273132302749352746333631342731393931	2768	2747
lcc	1	525427313230274c3634274e383731342731393931	2768	2747
lcc	1	5254273839274336352731393931	2768	2757
lcc	1	5254273839274734372731393933	2768	2757
lcc	1	52542738392749353731342731393835	2768	2757
lcc	1	5254273839274a33352731393937	2768	2757
lcc	1	5254273839274e38372731393838	2768	2757
lcc	1	52542739302e37275338342731393933	2768	2747
lcc	1	52542739352743363631342731393833	2768	2747
lcc	1	525427393827423335	2768	2755
lcc	1	5254273938274336352731393835	2768	2755
lcc	1	5254273938274835382732303033	2768	2755
lcc	1	5254313032	2768	2747
lcc	1	5254313032202e4d3336	2768	2747
lcc	1	5254313032202e4d33362032303135	2768	2747
lcc	1	5254313032202e4e36372031393735	2768	2747
lcc	1	5254313032202e4e3835	2768	2747
lcc	1	5254313032202e503437	2768	2747
lcc	1	5254313032202e5636362031393937	2768	2747
lcc	1	5254313033	2768	2747
lcc	1	5254313034	2768	2747
lcc	1	5254313034202e4434382031393834	2768	2747
lcc	1	5254313034202e46342031393735	2768	2747
lcc	1	5254313038202e4234332032303131	2768	2747
lcc	1	5254313038202e4239342032303035	2768	2747
lcc	1	5254313038202e4433362032303039	2768	2747
lcc	1	5254313038202e4433362032303130	2768	2747
lcc	1	5254313038202e4434372032303135	2768	2747
lcc	1	5254313038202e4435362032303033	2768	2747
lcc	1	5254313038202e4435362032303037	2768	2747
lcc	1	5254313038202e4435362032303133	2768	2747
lcc	1	5254313038202e4435372031393835	2768	2747
lcc	1	5254313038202e4636372032303034	2768	2747
lcc	1	5254313038202e4934362032303136	2768	2747
lcc	1	5254313038202e4935382032303130	2768	2747
lcc	1	5254313038202e4c3336352032303035	2768	2747
lcc	1	5254313038202e4e38372032303135	2768	2747
lcc	1	5254313038202e4e383720323031356562	2768	2747
lcc	1	5254313038202e5438362032303135	2768	2747
lcc	1	5254313038202e5634342032303039	2768	2747
lcc	1	5254313038202e5733362032303039	2768	2747
lcc	1	52543130382e4133342032303039	2768	2747
lcc	1	52543130382e4234332032303131	2768	2747
lcc	1	52543130382e4433362032303039	2768	2747
lcc	1	52543130382e4433362032303130	2768	2747
lcc	1	52543130382e4435362032303033	2768	2747
lcc	1	52543130382e4435372031393835	2768	2747
lcc	1	52543130382e4c3336352032303035	2768	2747
lcc	1	52543130382e5438362032303135	2768	2747
lcc	1	52543130382e5634342032303039	2768	2747
lcc	1	52543131362e4e38372032303130	2768	2747
lcc	1	52543131362e4e38372032303131	2768	2747
lcc	1	5254313139202e5734352031393839	2768	2747
lcc	1	5254313230202e4134382032303035	2768	2747
lcc	1	5254313230202e4235352031393731	2768	2747
lcc	1	5254313230202e4534	2768	2747
lcc	1	5254313230202e463334	2768	2747
lcc	1	5254313230202e473837203138373362	2768	2747
lcc	1	5254313230202e4738372031393732	2768	2747
lcc	1	5254313230202e4836352031393935	2768	2755
lcc	1	5254313230202e4b35382032303136	2768	2747
lcc	1	5254313230202e4c35	2768	2747
lcc	1	5254313230202e5733204238382032303133	2768	2747
lcc	1	5254313230202e573334	2768	2747
lcc	1	5254313230202e5733352031393936	2768	2747
lcc	1	52543132302045345535372031393934	2768	2747
lcc	1	5254313230204633342057373531342032303031	2768	2747
lcc	1	5254313230274534274434323134	2768	2747
lcc	1	5254313230274935274535373134	2768	2747
lcc	1	52543132302e4333204537332032303031	2768	2747
lcc	1	52543132302e4333204537332032303039	2768	2747
lcc	1	52543132302e4333204736342031393834	2768	2747
lcc	1	52543132302e4333204833352031393733	2768	2747
lcc	1	52543132302e4333204833352031393737	2768	2747
lcc	1	52543132302e4333204833352031393837	2768	2747
lcc	1	52543132302e4333205334342032303039	2768	2747
lcc	1	52543132302e4333205335332032303039	2768	2747
lcc	1	52543132302e4333205335332032303130	2768	2747
lcc	1	52543132302e433435204134372031393937	2768	2747
lcc	1	52543132302e43343520413536656220766f6c2e203138	2768	2747
lcc	1	52543132302e433435204334332032303038	2768	2747
lcc	1	52543132302e433435204334332032303134	2768	2747
lcc	1	52543132302e43343520433438	2768	2747
lcc	1	52543132302e43343520433438342032303032	2768	2747
lcc	1	52543132302e43343520433439	2768	2747
lcc	1	52543132302e433435204334392032303034	2768	2747
lcc	1	52543132302e43343520433439352032303031	2768	2747
lcc	1	52543132302e4334352043352031393932	2768	2747
lcc	1	52543132302e43343520433533372032303034	2768	2747
lcc	1	52543132302e433435204435352031393833	2768	2747
lcc	1	52543132302e433435204633362031393837	2768	2747
lcc	1	52543132302e43343520473534	2768	2747
lcc	1	52543132302e433435204833362031393836	2768	2747
lcc	1	52543132302e433435204b34382031393933	2768	2747
lcc	1	52543132302e433435204c3538352032303138	2768	2747
lcc	1	52543132302e433435204c36362032303131	2768	2747
lcc	1	52543132302e433435204d35352031393931	2768	2747
lcc	1	52543132302e433435204d35352032303030	2768	2747
lcc	1	52543132302e433435204d35362032303035	2768	2747
lcc	1	52543132302e43343520533635372032303130	2768	2747
lcc	1	52543132302e43343520533636	2768	2747
lcc	1	52543132302e4334352e413837	2768	2747
lcc	1	52543132302e433435413536656220766f6c2e	2768	2747
lcc	1	52543132302e4334354333372032303039	2768	2747
lcc	1	52543132302e43343543342032303137	2768	2747
lcc	1	52543132302e433435433438	2768	2747
lcc	1	52543132302e4334354334392032303034	2768	2747
lcc	1	52543132302e433435433439352032303031	2768	2747
lcc	1	52543132302e43343543352031393932	2768	2747
lcc	1	52543132302e4334354335372032303034	2768	2747
lcc	1	52543132302e4334354c36362032303131	2768	2747
lcc	1	52543132302e4334354d33362032303036	2768	2747
lcc	1	52543132302e43343553372032303234	2768	2747
lcc	1	52543132302e4534202e4237352032303032	2768	2747
lcc	1	52543132302e4534202e443338342032303039	2768	2747
lcc	1	52543132302e4534204132332032303038	2768	2747
lcc	1	52543132302e4534204132332032303133	2768	2747
lcc	1	52543132302e4534204132362032303030	2768	2747
lcc	1	52543132302e453420413238	2768	2747
lcc	1	52543132302e453420413238352031393933	2768	2747
lcc	1	52543132302e453420413238352031393939	2768	2747
lcc	1	52543132302e453420413238352032303039	2768	2747
lcc	1	52543132302e453420423378	2768	2747
lcc	1	52543132302e4534204234352032303037	2768	2747
lcc	1	52543132302e4534204235332032303038	2768	2747
lcc	1	52543132302e4534204236332032303035	2768	2747
lcc	1	52543132302e45342042372031393834	2768	2747
lcc	1	52543132302e453420423734352032303036	2768	2747
lcc	1	52543132302e4534204237352031393937	2768	2747
lcc	1	52543132302e4534204237352032303037	2768	2747
lcc	1	52543132302e4534204237352032303132	2768	2747
lcc	1	52543132302e4534204237352032303136	2768	2747
lcc	1	52543132302e4534204237362032303132	2768	2747
lcc	1	52543132302e4534204237362032303137	2768	2747
lcc	1	52543132302e453420423832	2768	2747
lcc	1	52543132302e4534204238342032303130	2768	2747
lcc	1	52543132302e4534204238342032303133	2768	2747
lcc	1	52543132302e4534204238372031393837	2768	2747
lcc	1	52543132302e4534204333372031393930	2768	2747
lcc	1	52543132302e45342043342031393932	2768	2747
lcc	1	52543132302e45342043342032303031	2768	2747
lcc	1	52543132302e4534204334362031393932	2768	2747
lcc	1	52543132302e4534204334362031393939	2768	2747
lcc	1	52543132302e4534204336322032303036	2768	2747
lcc	1	52543132302e4534204336342032303035	2768	2747
lcc	1	52543132302e4534204336372031393830	2768	2747
lcc	1	52543132302e4534204336372031393835	2768	2747
lcc	1	52543132302e453420433734	2768	2747
lcc	1	52543132302e4534204338352031393833	2768	2747
lcc	1	52543132302e4534204433362031393930	2768	2747
lcc	1	52543132302e453420443338	2768	2747
lcc	1	52543132302e4534204434362032303131	2768	2747
lcc	1	52543132302e4534204434362032303133	2768	2747
lcc	1	52543132302e4534204436352032303030	2768	2747
lcc	1	52543132302e4534204438372031393939	2768	2747
lcc	1	52543132302e4534204534322031393835	2768	2747
lcc	1	52543132302e453420453432362031393836	2768	2747
lcc	1	52543132302e4534204534332031393833	2768	2747
lcc	1	52543132302e4534204534342031393836	2768	2747
lcc	1	52543132302e4534204534342032303037	2768	2747
lcc	1	52543132302e4534204534342032303135	2768	2747
lcc	1	52543132302e4534204534342032303137	2768	2747
lcc	1	52543132302e4534204534352031393833	2768	2747
lcc	1	52543132302e4534204534352031393837	2768	2747
lcc	1	52543132302e4534204534352031393931	2768	2747
lcc	1	52543132302e4534204534352031393934	2768	2747
lcc	1	52543132302e4534204534352031393935	2768	2747
lcc	1	52543132302e4534204534352032303030	2768	2747
lcc	1	52543132302e453420453437	2768	2747
lcc	1	52543132302e45342045343733352031393836	2768	2747
lcc	1	52543132302e453420453437342031393834	2768	2747
lcc	1	52543132302e45342045343734342031393839	2768	2747
lcc	1	52543132302e45342045343734342031393930	2768	2747
lcc	1	52543132302e45342045343734342031393935	2768	2747
lcc	1	52543132302e45342045343734352031393839	2768	2747
lcc	1	52543132302e4534204534382031393835	2768	2747
lcc	1	52543132302e4534204534382031393932	2768	2747
lcc	1	52543132302e4534204534382031393937	2768	2747
lcc	1	52543132302e4534204534382031393938	2768	2747
lcc	1	52543132302e4534204534382032303033	2768	2747
lcc	1	52543132302e4534204534382032303035	2768	2747
lcc	1	52543132302e4534204534382032303130	2768	2747
lcc	1	52543132302e453420453438322032303036	2768	2747
lcc	1	52543132302e453420453438342032303037	2768	2747
lcc	1	52543132302e4534204534392031393931	2768	2747
lcc	1	52543132302e4534204539372031393939	2768	2747
lcc	1	52543132302e4534204636382031393834	2768	2747
lcc	1	52543132302e4534204733332032303135	2768	2747
lcc	1	52543132302e4534204733372031393838	2768	2747
lcc	1	52543132302e453420473538	2768	2747
lcc	1	52543132302e4534204735382031393833	2768	2747
lcc	1	52543132302e4534204736372032303030	2768	2747
lcc	1	52543132302e4534204833362031393838	2768	2747
lcc	1	52543132302e4534204833372032303030	2768	2747
lcc	1	52543132302e4534204833372032303131	2768	2747
lcc	1	52543132302e4534204836352032303030	2768	2747
lcc	1	52543132302e4534204935352032303132	2768	2747
lcc	1	52543132302e4534204935382031393836	2768	2747
lcc	1	52543132302e4534204937362031393934	2768	2747
lcc	1	52543132302e4534204a34382032303037	2768	2747
lcc	1	52543132302e4534204a34392032303038	2768	2747
lcc	1	52543132302e4534204b34362032303133	2768	2747
lcc	1	52543132302e4534204c33342032303031	2768	2747
lcc	1	52543132302e4534204c3335	2768	2747
lcc	1	52543132302e4534204c33352031393833	2768	2747
lcc	1	52543132302e4534204c33352031393838	2768	2747
lcc	1	52543132302e4534204c3335312031393833	2768	2747
lcc	1	52543132302e4534204c3533	2768	2747
lcc	1	52543132302e4534204c3537362032303035	2768	2747
lcc	1	52543132302e4534204c3537362032303133	2768	2747
lcc	1	52543132302e4534204d33342031393839	2768	2747
lcc	1	52543132302e4534204d33352031393838	2768	2747
lcc	1	52543132302e4534204d35342031393833	2768	2747
lcc	1	52543132302e4534204d36352031393932	2768	2747
lcc	1	52543132302e4534204d36392032303030	2768	2747
lcc	1	52543132302e4534204d36392032303035	2768	2747
lcc	1	52543132302e4534204f32352032303030	2768	2747
lcc	1	52543132302e4534204f342032303034	2768	2747
lcc	1	52543132302e4534204f39342032303039	2768	2747
lcc	1	52543132302e4534205033372031393834	2768	2747
lcc	1	52543132302e4534205036	2768	2747
lcc	1	52543132302e4534205037322031393938	2768	2747
lcc	1	52543132302e4534205037332031393834	2768	2747
lcc	1	52543132302e4534205037342031393837	2768	2747
lcc	1	52543132302e453420503734362031393934	2768	2747
lcc	1	52543132302e453420503738	2768	2747
lcc	1	52543132302e4534205135332031393834	2768	2747
lcc	1	52543132302e4534205234372031393933	2768	2747
lcc	1	52543132302e453420533335352032303130	2768	2747
lcc	1	52543132302e4534205333362031393839	2768	2747
lcc	1	52543132302e4534205333362031393930	2768	2747
lcc	1	52543132302e4534205335362031393936	2768	2747
lcc	1	52543132302e4534205337332031393836	2768	2747
lcc	1	52543132302e453420543438352032303039	2768	2747
lcc	1	52543132302e4534205535342032303036	2768	2747
lcc	1	52543132302e4534205636362031393931	2768	2747
lcc	1	52543132302e453420573232362031393930	2768	2747
lcc	1	52543132302e4534205733352031393930	2768	2747
lcc	1	52543132302e4534205733352031393936	2768	2747
lcc	1	52543132302e4534205733352032303031	2768	2747
lcc	1	52543132302e453420573533342032303032	2768	2747
lcc	1	52543132302e453420573533362032303031	2768	2747
lcc	1	52543132302e453420573533362032303039	2768	2747
lcc	1	52543132302e453420573537	2768	2747
lcc	1	52543132302e45342e4237352032303032	2768	2747
lcc	1	52543132302e45342e4237352032303037	2768	2747
lcc	1	52543132302e4534413238352031393939	2768	2747
lcc	1	52543132302e4534413238352032303034	2768	2747
lcc	1	52543132302e4534413238352032303038	2768	2747
lcc	1	52543132302e45344235332032303031	2768	2747
lcc	1	52543132302e45344237352031393937	2768	2747
lcc	1	52543132302e45344237352032303132	2768	2747
lcc	1	52543132302e45344237352032303230	2768	2747
lcc	1	52543132302e45344238342032303039	2768	2747
lcc	1	52543132302e45344333392032303130	2768	2747
lcc	1	52543132302e45344334362031393939	2768	2747
lcc	1	52543132302e45344433362031393930	2768	2747
lcc	1	52543132302e45344534322031393835	2768	2747
lcc	1	52543132302e45344534342031393836	2768	2747
lcc	1	52543132302e45344534342032303037	2768	2747
lcc	1	52543132302e45344534342032303131	2768	2747
lcc	1	52543132302e45344534342032303139	2768	2747
lcc	1	52543132302e45344534352031393837	2768	2747
lcc	1	52543132302e45344534352032303030	2768	2747
lcc	1	52543132302e45344534352032303037	2768	2747
lcc	1	52543132302e45344534352032303137	2768	2747
lcc	1	52543132302e4534453437342031393834	2768	2747
lcc	1	52543132302e453445343734342031393930	2768	2747
lcc	1	52543132302e453445343734342031393935	2768	2747
lcc	1	52543132302e453445343734352031393839	2768	2747
lcc	1	52543132302e4534453437372032303233	2768	2747
lcc	1	52543132302e45344534382031393938	2768	2747
lcc	1	52543132302e45344534392031393931	2768	2747
lcc	1	52543132302e45344636382031393834	2768	2747
lcc	1	52543132302e45344733372031393838	2768	2747
lcc	1	52543132302e45344833372032303030	2768	2747
lcc	1	52543132302e45344833372032303131	2768	2747
lcc	1	52543132302e45344836352032303030	2768	2747
lcc	1	52543132302e45344836352032303035	2768	2747
lcc	1	52543132302e45344a34382032303036	2768	2747
lcc	1	52543132302e45344c3537362032303035	2768	2747
lcc	1	52543132302e45344c36382031393837	2768	2747
lcc	1	52543132302e45344d33342031393839	2768	2747
lcc	1	52543132302e45344d33352031393838	2768	2747
lcc	1	52543132302e45344d342032303033	2768	2747
lcc	1	52543132302e45344d36352031393932	2768	2747
lcc	1	52543132302e45344d36362031393837	2768	2747
lcc	1	52543132302e45344d36372031393930	2768	2747
lcc	1	52543132302e45344d36392032303030	2768	2747
lcc	1	52543132302e45345037322031393938	2768	2747
lcc	1	52543132302e45345037342031393837	2768	2747
lcc	1	52543132302e4534503734362031393934	2768	2747
lcc	1	52543132302e45345233372032303036	2768	2747
lcc	1	52543132302e4534533335352032303130	2768	2747
lcc	1	52543132302e45345333362031393930	2768	2747
lcc	1	52543132302e45345334332031393937	2768	2747
lcc	1	52543132302e45345334352031393934	2768	2747
lcc	1	52543132302e4534533435332031393935	2768	2747
lcc	1	52543132302e45345434362032303139	2768	2747
lcc	1	52543132302e45345435362031393938	2768	2747
lcc	1	52543132302e45345535342032303036	2768	2747
lcc	1	52543132302e45345633352032303039	2768	2747
lcc	1	52543132302e45345635372032303138	2768	2747
lcc	1	52543132302e45345636362031393931	2768	2747
lcc	1	52543132302e45345733352031393936	2768	2747
lcc	1	52543132302e45345733352032303031	2768	2747
lcc	1	52543132302e4534573533362031393937	2768	2747
lcc	1	52543132302e46333420423436352032303032	2768	2747
lcc	1	52543132302e463334204234372031393931	2768	2747
lcc	1	52543132302e463334204333372031393839	2768	2747
lcc	1	52543132302e463334204335352032303131	2768	2747
lcc	1	52543132302e463334204433352031393933	2768	2747
lcc	1	52543132302e463334204539362031393937	2768	2747
lcc	1	52543132302e463334204633352031393935	2768	2747
lcc	1	52543132302e463334204633352032303035	2768	2747
lcc	1	52543132302e463334204633352032303135	2768	2747
lcc	1	52543132302e46333420463335332031393938	2768	2747
lcc	1	52543132302e46333420463335332032303033	2768	2747
lcc	1	52543132302e4633342046333533322032303031	2768	2747
lcc	1	52543132302e4633342046333533382032303035	2768	2747
lcc	1	52543132302e4633342046333533382032303039	2768	2747
lcc	1	52543132302e46333420463335342032303131	2768	2747
lcc	1	52543132302e46333420463335352031393938	2768	2747
lcc	1	52543132302e46333420463335372032303030	2768	2747
lcc	1	52543132302e46333420463335372032303131	2768	2747
lcc	1	52543132302e46333420463335372032303134	2768	2747
lcc	1	52543132302e46333420463335372032303137	2768	2747
lcc	1	52543132302e463334204633362031393930	2768	2747
lcc	1	52543132302e463334204634362031393937	2768	2747
lcc	1	52543132302e463334204634362032303034	2768	2747
lcc	1	52543132302e463334204634362032303134	2768	2747
lcc	1	52543132302e463334204635352032303035	2768	2747
lcc	1	52543132302e463334204635352032303130	2768	2747
lcc	1	52543132302e463334204635352032303135	2768	2747
lcc	1	52543132302e463334204635352032303137	2768	2747
lcc	1	52543132302e463334204637352031393932	2768	2747
lcc	1	52543132302e463334204637352031393938	2768	2747
lcc	1	52543132302e463334204637352032303033	2768	2747
lcc	1	52543132302e463334204836352032303036	2768	2747
lcc	1	52543132302e463334204b33372032303130	2768	2747
lcc	1	52543132302e463334204b37352032303134	2768	2747
lcc	1	52543132302e463334204d33362032303033	2768	2747
lcc	1	52543132302e463334204e3837203139383862	2768	2747
lcc	1	52543132302e463334204e3837352031393932	2768	2747
lcc	1	52543132302e4633342052342031393933	2768	2747
lcc	1	52543132302e4633342052342031393939	2768	2747
lcc	1	52543132302e463334205236372031393930	2768	2747
lcc	1	52543132302e463334205333362032303031	2768	2747
lcc	1	52543132302e463334205436392031393839	2768	2747
lcc	1	52543132302e463334205536342031393933	2768	2747
lcc	1	52543132302e463334205536342031393938	2768	2747
lcc	1	52543132302e463334205735352032303030	2768	2747
lcc	1	52543132302e463334205735352032303034	2768	2747
lcc	1	52543132302e463334205735352032303039	2768	2747
lcc	1	52543132302e463334205735352032303133	2768	2747
lcc	1	52543132302e463334205737352031393934	2768	2747
lcc	1	52543132302e463334205737352032303030	2768	2747
lcc	1	52543132302e463334205737352032303035	2768	2747
lcc	1	52543132302e463334205737352032303133	2768	2747
lcc	1	52543132302e4633342057373531342032303134	2768	2747
lcc	1	52543132302e463334205a34372032303034	2768	2747
lcc	1	52543132302e4633344333372031393839	2768	2747
lcc	1	52543132302e4633344434362032303136	2768	2747
lcc	1	52543132302e4633344436332032303034	2768	2747
lcc	1	52543132302e4633344633352032303035	2768	2747
lcc	1	52543132302e4633344633352032303130	2768	2747
lcc	1	52543132302e463334463335332031393938	2768	2747
lcc	1	52543132302e463334463335332032303033	2768	2747
lcc	1	52543132302e463334463335352031393938	2768	2747
lcc	1	52543132302e463334463335372032303030	2768	2747
lcc	1	52543132302e463334463335372032303131	2768	2747
lcc	1	52543132302e4633344633362031393930	2768	2747
lcc	1	52543132302e4633344634362032303030	2768	2747
lcc	1	52543132302e4633344634362032303033	2768	2747
lcc	1	52543132302e4633344634362032303134	2768	2747
lcc	1	52543132302e4633344634362032303135	2768	2747
lcc	1	52543132302e4633344634362032303139	2768	2747
lcc	1	52543132302e4633344637352031393938	2768	2747
lcc	1	52543132302e4633344637352032303033	2768	2747
lcc	1	52543132302e4633344637352032303139	2768	2747
lcc	1	52543132302e4633344d33362032303032	2768	2747
lcc	1	52543132302e4633344e3837342031393936	2768	2747
lcc	1	52543132302e463334503736362032303034	2768	2747
lcc	1	52543132302e46333452342031393939	2768	2747
lcc	1	52543132302e4633345737352032303039	2768	2747
lcc	1	52543132302e4633345a34372031393939	2768	2747
lcc	1	52543132302e483635204134342032303037	2768	2755
lcc	1	52543132302e483635204236362032303038	2768	2755
lcc	1	52543132302e483635204238342032303031	2768	2755
lcc	1	52543132302e4836352042383420323030316562	2768	2755
lcc	1	52543132302e48363520433635	2768	2755
lcc	1	52543132302e483635204336372031393933	2768	2755
lcc	1	52543132302e483635204336372031393935	2768	2755
lcc	1	52543132302e483635204734362032303134	2768	2755
lcc	1	52543132302e483635204735362031393937	2768	2755
lcc	1	52543132302e483635204735362032303032	2768	2755
lcc	1	52543132302e483635204736372032303038	2768	2755
lcc	1	52543132302e483635204736382031393837	2768	2755
lcc	1	52543132302e483635204835342031393934	2768	2755
lcc	1	52543132302e483635204836352031393936	2768	2755
lcc	1	52543132302e483635204836362031393932	2768	2755
lcc	1	52543132302e483635204838352031393934	2768	2755
lcc	1	52543132302e483635204838352031393938	2768	2755
lcc	1	52543132302e483635204935362032303034	2768	2755
lcc	1	52543132302e483635204a33342031393838	2768	2755
lcc	1	52543132302e483635204a33342031393933	2768	2755
lcc	1	52543132302e483635204a33342031393937	2768	2755
lcc	1	52543132302e483635204a3334342031393933	2768	2755
lcc	1	52543132302e483635204b34332031393838	2768	2755
lcc	1	52543132302e483635204d33362031393935	2768	2755
lcc	1	52543132302e483635204d33362032303030	2768	2755
lcc	1	52543132302e483635204d33372031393937	2768	2755
lcc	1	52543132302e483635204d3337352031393939	2768	2755
lcc	1	52543132302e483635204d34392031393937	2768	2755
lcc	1	52543132302e483635204d34392032303036	2768	2755
lcc	1	52543132302e483635204d34392032303038	2768	2755
lcc	1	52543132302e483635204d36372031393935	2768	2755
lcc	1	52543132302e483635204e38372031393938	2768	2755
lcc	1	52543132302e483635204e3837352031393939	2768	2755
lcc	1	52543132302e483635205036332031393937	2768	2755
lcc	1	52543132302e483635205037352031393837	2768	2755
lcc	1	52543132302e48363520523533352032303030	2768	2755
lcc	1	52543132302e483635205434332031393936	2768	2755
lcc	1	52543132302e483635205434352031393937	2768	2755
lcc	1	52543132302e483635205435372031393937	2768	2755
lcc	1	52543132302e483635205733352031393837	2768	2755
lcc	1	52543132302e4836354134342032303037	2768	2755
lcc	1	52543132302e4836354138352031393938	2768	2755
lcc	1	52543132302e4836354336372031393935	2768	2755
lcc	1	52543132302e4836354735362031393937	2768	2755
lcc	1	52543132302e4836354736382031393837	2768	2755
lcc	1	52543132302e4836354737342031393938	2768	2755
lcc	1	52543132302e4836354835342031393934	2768	2755
lcc	1	52543132302e4836354836352031393936	2768	2755
lcc	1	52543132302e483635483635362031393937	2768	2755
lcc	1	52543132302e4836354838352031393934	2768	2755
lcc	1	52543132302e4836354838352031393938	2768	2755
lcc	1	52543132302e4836354a33342031393937	2768	2755
lcc	1	52543132302e4836354a33342032303033	2768	2755
lcc	1	52543132302e4836354a36342031393938	2768	2755
lcc	1	52543132302e4836354b34332031393838	2768	2755
lcc	1	52543132302e4836354b35362031393937	2768	2755
lcc	1	52543132302e4836354c35382031393937	2768	2755
lcc	1	52543132302e4836354d33362031393939	2768	2755
lcc	1	52543132302e4836354d33372031393937	2768	2755
lcc	1	52543132302e4836354d34392031393937	2768	2755
lcc	1	52543132302e4836354d36372031393935	2768	2755
lcc	1	52543132302e4836354e34352031393938	2768	2755
lcc	1	52543132302e4836354e38372031393938	2768	2755
lcc	1	52543132302e4836354e3837352031393939	2768	2755
lcc	1	52543132302e4836355037352031393837	2768	2755
lcc	1	52543132302e483635523533352032303031	2768	2755
lcc	1	52543132302e4836355338382031393838	2768	2755
lcc	1	52543132302e4836355434332031393936	2768	2755
lcc	1	52543132302e4836355434352031393937	2768	2755
lcc	1	52543132302e4836355435372031393937	2768	2755
lcc	1	52543132302e4836355736372031393939	2768	2755
lcc	1	52543132302e483720483738	2768	2747
lcc	1	52543132302e4934204433382031393935	2768	2747
lcc	1	52543132302e4935202e4133362032303039	2768	2747
lcc	1	52543132302e4935202e423338342032303134	2768	2747
lcc	1	52543132302e4935202e433338342032303035	2768	2747
lcc	1	52543132302e4935202e433735322032303134	2768	2747
lcc	1	52543132302e4935202e473338342032303134	2768	2747
lcc	1	52543132302e4935202e4935382032303031	2768	2747
lcc	1	52543132302e4935202e4935382032303039	2768	2747
lcc	1	52543132302e4935202e4d3338342032303134	2768	2747
lcc	1	52543132302e4935202e503338342032303134	2768	2747
lcc	1	52543132302e4935202e5036372032303039	2768	2747
lcc	1	52543132302e4935202e5433352031393937	2768	2747
lcc	1	52543132302e4935204131332032303138	2768	2747
lcc	1	52543132302e493520413136352032303035	2768	2747
lcc	1	52543132302e493520413136352032303036	2768	2747
lcc	1	52543132302e493520413136352032303130	2768	2747
lcc	1	52543132302e493520413136352032303134	2768	2747
lcc	1	52543132302e493520413136352032303139	2768	2747
lcc	1	52543132302e493520413136362032303035	2768	2747
lcc	1	52543132302e493520413136362032303036	2768	2747
lcc	1	52543132302e493520413136362032303130	2768	2747
lcc	1	52543132302e493520413136372032303134	2768	2747
lcc	1	52543132302e493520413136372032303139	2768	2747
lcc	1	52543132302e4935204131372031393933	2768	2747
lcc	1	52543132302e4935204131372032303035	2768	2747
lcc	1	52543132302e4935204131372032303131	2768	2747
lcc	1	52543132302e493520413137342032303036	2768	2747
lcc	1	52543132302e493520413138	2768	2747
lcc	1	52543132302e4935204131382031393838	2768	2747
lcc	1	52543132302e4935204131382031393933	2768	2747
lcc	1	52543132302e4935204132352032303037	2768	2747
lcc	1	52543132302e4935204132382031393839	2768	2747
lcc	1	52543132302e4935204132382031393939	2768	2747
lcc	1	52543132302e4935204132392031393839	2768	2747
lcc	1	52543132302e493520413333	2768	2747
lcc	1	52543132302e493520413333342032303037	2768	2747
lcc	1	52543132302e493520413333362031393936	2768	2747
lcc	1	52543132302e493520413333382031393937	2768	2747
lcc	1	52543132302e49352041333338352031393938	2768	2747
lcc	1	52543132302e49352041333338372032303131	2768	2747
lcc	1	52543132302e493520413333392032303035	2768	2747
lcc	1	52543132302e4935204133342031393839	2768	2747
lcc	1	52543132302e4935204133352032303035	2768	2747
lcc	1	52543132302e4935204133362032303039	2768	2747
lcc	1	52543132302e493520413337382032303130	2768	2747
lcc	1	52543132302e4935204133382031393839	2768	2747
lcc	1	52543132302e4935204133392031393931	2768	2747
lcc	1	52543132302e4935204133392032303130	2768	2747
lcc	1	52543132302e493520413339322031393933	2768	2747
lcc	1	52543132302e4935204134332031393835	2768	2747
lcc	1	52543132302e4935204134332031393836	2768	2747
lcc	1	52543132302e4935204134342031393938	2768	2747
lcc	1	52543132302e4935204138332031393830	2768	2747
lcc	1	52543132302e4935204234362032303131	2768	2747
lcc	1	52543132302e4935204237342032303134	2768	2747
lcc	1	52543132302e4935204237352032303134	2768	2747
lcc	1	52543132302e4935204238322032303135	2768	2747
lcc	1	52543132302e4935204238322032303136	2768	2747
lcc	1	52543132302e4935204238362031393832	2768	2747
lcc	1	52543132302e4935204238372031393737	2768	2747
lcc	1	52543132302e49352043333320323030326562	2768	2747
lcc	1	52543132302e493520433336362032303130	2768	2747
lcc	1	52543132302e493520433336382032303131	2768	2747
lcc	1	52543132302e4935204333372031393930	2768	2747
lcc	1	52543132302e4935204333372032303031	2768	2747
lcc	1	52543132302e4935204333372032303034	2768	2747
lcc	1	52543132302e4935204333382031393935	2768	2747
lcc	1	52543132302e4935204333382031393938	2768	2747
lcc	1	52543132302e4935204333382032303032	2768	2747
lcc	1	52543132302e4935204333382032303037	2768	2747
lcc	1	52543132302e4935204333392032303130	2768	2747
lcc	1	52543132302e4935204333392032303131	2768	2747
lcc	1	52543132302e4935204334372032303138	2768	2747
lcc	1	52543132302e4935204334382031393936	2768	2747
lcc	1	52543132302e493520433536342031393934	2768	2747
lcc	1	52543132302e4935204335372031393838	2768	2747
lcc	1	52543132302e4935204335382031393736	2768	2747
lcc	1	52543132302e4935204335392031393838	2768	2747
lcc	1	52543132302e4935204336332031393831	2768	2747
lcc	1	52543132302e4935204336332031393835	2768	2747
lcc	1	52543132302e493520433633203139383520537570706c2e	2768	2747
lcc	1	52543132302e4935204336332031393931	2768	2747
lcc	1	52543132302e493520433633203139393120537570706c2e	2768	2747
lcc	1	52543132302e4935204336332031393938	2768	2747
lcc	1	52543132302e4935204336332032303036	2768	2747
lcc	1	52543132302e4935204336332032303138	2768	2747
lcc	1	52543132302e49352043363520313939386562	2768	2747
lcc	1	52543132302e4935204336372031393835	2768	2747
lcc	1	52543132302e4935204336372031393931	2768	2747
lcc	1	52543132302e4935204336372031393938	2768	2747
lcc	1	52543132302e4935204336372032303038	2768	2747
lcc	1	52543132302e4935204337332031393835	2768	2747
lcc	1	52543132302e493520433733342032303033	2768	2747
lcc	1	52543132302e493520433733352032303039	2768	2747
lcc	1	52543132302e4935204337342031393737	2768	2747
lcc	1	52543132302e4935204337342031393832	2768	2747
lcc	1	52543132302e4935204337342031393836	2768	2747
lcc	1	52543132302e4935204337342031393839	2768	2747
lcc	1	52543132302e4935204337342031393930	2768	2747
lcc	1	52543132302e4935204337343220762e3230206e6f2e34	2768	2747
lcc	1	52543132302e493520433734332031393933	2768	2747
lcc	1	52543132302e49352043373433332031393938	2768	2747
lcc	1	52543132302e493520433734342031393934	2768	2747
lcc	1	52543132302e493520433734342031393937	2768	2747
lcc	1	52543132302e493520433734342032303035	2768	2747
lcc	1	52543132302e493520433734342032303039	2768	2747
lcc	1	52543132302e493520433734342032303133	2768	2747
lcc	1	52543132302e493520433734342032303138	2768	2747
lcc	1	52543132302e493520433734352031393836	2768	2747
lcc	1	52543132302e493520433734372031393934	2768	2747
lcc	1	52543132302e493520433734373420762e3139206e6f2e31	2768	2747
lcc	1	52543132302e493520433734382031393934	2768	2747
lcc	1	52543132302e4935204337352031393836	2768	2747
lcc	1	52543132302e4935204337352032303032	2768	2747
lcc	1	52543132302e493520433735322031393938	2768	2747
lcc	1	52543132302e493520433735322032303032	2768	2747
lcc	1	52543132302e493520433735322032303130	2768	2747
lcc	1	52543132302e493520433735322032303138	2768	2747
lcc	1	52543132302e493520433735382032303034	2768	2747
lcc	1	52543132302e4935204337362031393833	2768	2747
lcc	1	52543132302e493520433736322032303039	2768	2747
lcc	1	52543132302e493520433736332032303131	2768	2747
lcc	1	52543132302e493520433736362032303034	2768	2747
lcc	1	52543132302e493520433736362032303038	2768	2747
lcc	1	52543132302e493520433736362032303132	2768	2747
lcc	1	52543132302e493520433736362032303136	2768	2747
lcc	1	52543132302e493520433737342031393930	2768	2747
lcc	1	52543132302e49352043373734322032303036	2768	2747
lcc	1	52543132302e493520433737352031393836	2768	2747
lcc	1	52543132302e493520433737372032303036	2768	2747
lcc	1	52543132302e4935204337382031393837	2768	2747
lcc	1	52543132302e493520433738342031393936	2768	2747
lcc	1	52543132302e4935204337392031393838	2768	2747
lcc	1	52543132302e493520433831352032303039	2768	2747
lcc	1	52543132302e493520433832	2768	2747
lcc	1	52543132302e493520433834	2768	2747
lcc	1	52543132302e4935204434362032303037	2768	2747
lcc	1	52543132302e4935204435342031393839	2768	2747
lcc	1	52543132302e4935204436352031393930	2768	2747
lcc	1	52543132302e4935204436352031393936	2768	2747
lcc	1	52543132302e4935204436372031393930	2768	2747
lcc	1	52543132302e4935204533392032303039	2768	2747
lcc	1	52543132302e493520453537	2768	2747
lcc	1	52543132302e49352045382031393930	2768	2747
lcc	1	52543132302e4935204538332031393932	2768	2747
lcc	1	52543132302e4935204538332031393936	2768	2747
lcc	1	52543132302e4935204538332032303030	2768	2747
lcc	1	52543132302e4935204538332032303033	2768	2747
lcc	1	52543132302e4935204538332032303034	2768	2747
lcc	1	52543132302e4935204538332032303132	2768	2747
lcc	1	52543132302e4935204633362031393837	2768	2747
lcc	1	52543132302e4935204634362031393931	2768	2747
lcc	1	52543132302e4935204635332031393833	2768	2747
lcc	1	52543132302e4935204635392031393933	2768	2747
lcc	1	52543132302e4935204638362032303036	2768	2747
lcc	1	52543132302e4935204733372031393836	2768	2747
lcc	1	52543132302e4935204733372031393930	2768	2747
lcc	1	52543132302e493520473636	2768	2747
lcc	1	52543132302e4935204738352031393935	2768	2747
lcc	1	52543132302e493520483335	2768	2747
lcc	1	52543132302e49352048333533	2768	2747
lcc	1	52543132302e4935204833362031393836	2768	2747
lcc	1	52543132302e493520483336322031393936	2768	2747
lcc	1	52543132302e4935204833372031393933	2768	2747
lcc	1	52543132302e4935204833372031393937	2768	2747
lcc	1	52543132302e493520483338	2768	2747
lcc	1	52543132302e493520483339	2768	2747
lcc	1	52543132302e49352048353420323030346562	2768	2747
lcc	1	52543132302e4935204835342032303039	2768	2747
lcc	1	52543132302e4935204835352031393835	2768	2747
lcc	1	52543132302e493520483535332032303034	2768	2747
lcc	1	52543132302e4935204836332031393839	2768	2747
lcc	1	52543132302e4935204836342031393834	2768	2747
lcc	1	52543132302e4935204836342031393838	2768	2747
lcc	1	52543132302e4935204836342031393933	2768	2747
lcc	1	52543132302e4935204838322031393934	2768	2747
lcc	1	52543132302e4935204838332031393930	2768	2747
lcc	1	52543132302e4935204838332031393934	2768	2747
lcc	1	52543132302e4935204838332031393937	2768	2747
lcc	1	52543132302e4935204932382031393832	2768	2747
lcc	1	52543132302e493520493537	2768	2747
lcc	1	52543132302e4935204935372031393835	2768	2747
lcc	1	52543132302e4935204935382031393937	2768	2747
lcc	1	52543132302e4935204935382032303039	2768	2747
lcc	1	52543132302e4935204935382032303130	2768	2747
lcc	1	52543132302e49352049353820323031306562	2768	2747
lcc	1	52543132302e4935204935382032303133	2768	2747
lcc	1	52543132302e4935204a34382032303132	2768	2747
lcc	1	52543132302e4935204a36342032303138	2768	2747
lcc	1	52543132302e4935204a363620323030396562	2768	2747
lcc	1	52543132302e4935204a38332032303135	2768	2747
lcc	1	52543132302e4935204b33372032303037	2768	2747
lcc	1	52543132302e4935204b34352032303133	2768	2747
lcc	1	52543132302e4935204b3436	2768	2747
lcc	1	52543132302e4935204b34362031393835	2768	2747
lcc	1	52543132302e4935204b34362031393932	2768	2747
lcc	1	52543132302e4935204b34362032303133	2768	2747
lcc	1	52543132302e4935204b3436352032303133	2768	2747
lcc	1	52543132302e4935204b34392031393935	2768	2747
lcc	1	52543132302e4935204b35332031393932	2768	2747
lcc	1	52543132302e4935204b35332031393936	2768	2747
lcc	1	52543132302e4935204b35332031393937	2768	2747
lcc	1	52543132302e4935204b35332032303031	2768	2747
lcc	1	52543132302e4935204b3533203230303220496e73742e206d616e2e	2768	2747
lcc	1	52543132302e4935204b35332032303036	2768	2747
lcc	1	52543132302e4935204b35332032303130	2768	2747
lcc	1	52543132302e4935204b35332032303134	2768	2747
lcc	1	52543132302e4935204c33362031393834	2768	2747
lcc	1	52543132302e4935204c33372031393833	2768	2747
lcc	1	52543132302e4935204c35342031393934	2768	2747
lcc	1	52543132302e4935204c36342031393932	2768	2747
lcc	1	52543132302e4935204d3239342031393935	2768	2747
lcc	1	52543132302e4935204d33352031393931	2768	2747
lcc	1	52543132302e4935204d3335372031393934	2768	2747
lcc	1	52543132302e4935204d33362031393832	2768	2747
lcc	1	52543132302e4935204d3336322031393930	2768	2747
lcc	1	52543132302e4935204d3336342031393838	2768	2747
lcc	1	52543132302e4935204d3336342031393931	2768	2747
lcc	1	52543132302e4935204d333634342032303031	2768	2747
lcc	1	52543132302e4935204d333634342032303131	2768	2747
lcc	1	52543132302e4935204d333634342032303136	2768	2747
lcc	1	52543132302e4935204d3336362031393934	2768	2747
lcc	1	52543132302e4935204d33382032303130	2768	2747
lcc	1	52543132302e4935204d34332031393833	2768	2747
lcc	1	52543132302e4935204d34342031393835	2768	2747
lcc	1	52543132302e4935204d34362031393836	2768	2747
lcc	1	52543132302e4935204d3538	2768	2747
lcc	1	52543132302e4935204d36352031393933	2768	2747
lcc	1	52543132302e4935204d36362031393837	2768	2747
lcc	1	52543132302e4935204d36372031393937	2768	2747
lcc	1	52543132302e4935204d36372032303133	2768	2747
lcc	1	52543132302e4935204e34372031393736	2768	2747
lcc	1	52543132302e4935204e38372032303136	2768	2747
lcc	1	52543132302e4935204e3838	2768	2747
lcc	1	52543132302e4935204e38382031393834	2768	2747
lcc	1	52543132302e4935204f3437362032303030	2768	2747
lcc	1	52543132302e4935205032352031393931	2768	2747
lcc	1	52543132302e4935205033362031393839	2768	2747
lcc	1	52543132302e4935205033372031393837	2768	2747
lcc	1	52543132302e4935205034372032303039	2768	2747
lcc	1	52543132302e4935205034372032303133	2768	2747
lcc	1	52543132302e4935205034372032303138	2768	2747
lcc	1	52543132302e4935205037352032303030	2768	2747
lcc	1	52543132302e4935205037362032303132	2768	2747
lcc	1	52543132302e4935205037362032303136	2768	2747
lcc	1	52543132302e4935205037362032303230	2768	2747
lcc	1	52543132302e4935205037382031393839	2768	2747
lcc	1	52543132302e493520503739	2768	2747
lcc	1	52543132302e4935205233352031393839	2768	2747
lcc	1	52543132302e493520523439203139393978	2768	2747
lcc	1	52543132302e4935205332362031393839	2768	2747
lcc	1	52543132302e4935205333362032303036	2768	2747
lcc	1	52543132302e4935205334362032303132	2768	2747
lcc	1	52543132302e4935205336372031393936	2768	2747
lcc	1	52543132302e4935205337	2768	2747
lcc	1	52543132302e49352053372031393835	2768	2747
lcc	1	52543132302e49352053372031393838	2768	2747
lcc	1	52543132302e4935205337332032303034	2768	2747
lcc	1	52543132302e4935205337352031393932	2768	2747
lcc	1	52543132302e4935205337352031393936	2768	2747
lcc	1	52543132302e4935205337352032303032	2768	2747
lcc	1	52543132302e4935205337352032303036	2768	2747
lcc	1	52543132302e4935205337372031393933	2768	2747
lcc	1	52543132302e4935205337372031393937	2768	2747
lcc	1	52543132302e4935205338352032303034	2768	2747
lcc	1	52543132302e4935205339362032303137	2768	2747
lcc	1	52543132302e4935205339372032303035	2768	2747
lcc	1	52543132302e4935205433352031393839	2768	2747
lcc	1	52543132302e4935205433352032303136	2768	2747
lcc	1	52543132302e4935205434372032303131	2768	2747
lcc	1	52543132302e4935205434382031393930	2768	2747
lcc	1	52543132302e4935205434382031393934	2768	2747
lcc	1	52543132302e4935205436342032303032	2768	2747
lcc	1	52543132302e4935205436372032303031	2768	2747
lcc	1	52543132302e493520543837	2768	2747
lcc	1	52543132302e4935205633392031393932	2768	2747
lcc	1	52543132302e4935205733352031393934	2768	2747
lcc	1	52543132302e493520573434	2768	2747
lcc	1	52543132302e493520573534	2768	2747
lcc	1	52543132302e4935205735352031393834	2768	2747
lcc	1	52543132302e4935205736352032303135	2768	2747
lcc	1	52543132302e4935205736362032303030	2768	2747
lcc	1	52543132302e4935205736362032303036	2768	2747
lcc	1	52543132302e4935205736362032303132	2768	2747
lcc	1	52543132302e4935205737352031393836	2768	2747
lcc	1	52543132302e49352057373531342031393837	2768	2747
lcc	1	52543132302e4935205737362031393933	2768	2747
lcc	1	52543132302e49352e41323320323031316562	2768	2747
lcc	1	52543132302e49352e433831352032303039	2768	2747
lcc	1	52543132302e49352e4935382032303031	2768	2747
lcc	1	52543132302e49352e4935382032303039	2768	2747
lcc	1	52543132302e49352e5034333820323031336562	2768	2747
lcc	1	52543132302e49352e5433352031393937	2768	2747
lcc	1	52543132302e4935413136352032303035	2768	2747
lcc	1	52543132302e4935413136352032303130	2768	2747
lcc	1	52543132302e4935413136352032303134	2768	2747
lcc	1	52543132302e4935413136352032303138	2768	2747
lcc	1	52543132302e4935413136362032303035	2768	2747
lcc	1	52543132302e4935413136362032303130	2768	2747
lcc	1	52543132302e4935413136372032303138	2768	2747
lcc	1	52543132302e493541313733352032303037	2768	2747
lcc	1	52543132302e4935413137342032303036	2768	2747
lcc	1	52543132302e49354131382031393938	2768	2747
lcc	1	52543132302e49354132382031393939	2768	2747
lcc	1	52543132302e49354132392031393839	2768	2747
lcc	1	52543132302e493541332032303139	2768	2747
lcc	1	52543132302e493541332032303234	2768	2747
lcc	1	52543132302e4935413333362031393936	2768	2747
lcc	1	52543132302e493541333338352031393938	2768	2747
lcc	1	52543132302e49354133342031393839	2768	2747
lcc	1	52543132302e49354133352031393937	2768	2747
lcc	1	52543132302e4935413337382032303130	2768	2747
lcc	1	52543132302e49354133382031393839	2768	2747
lcc	1	52543132302e49354133392031393930	2768	2747
lcc	1	52543132302e49354133392031393931	2768	2747
lcc	1	52543132302e49354133392031393938	2768	2747
lcc	1	52543132302e49354133392032303130	2768	2747
lcc	1	52543132302e49354134332031393835	2768	2747
lcc	1	52543132302e49354233332032303130	2768	2747
lcc	1	52543132302e49354233372031393938	2768	2747
lcc	1	52543132302e49354234362031393939	2768	2747
lcc	1	52543132302e49354234362032303131	2768	2747
lcc	1	52543132302e49354237342032303039	2768	2747
lcc	1	52543132302e49354237352032303039	2768	2747
lcc	1	52543132302e49354237352032303134	2768	2747
lcc	1	52543132302e49354237362032303130	2768	2747
lcc	1	52543132302e493543332032303131	2768	2747
lcc	1	52543132302e49354333372031393930	2768	2747
lcc	1	52543132302e49354333372032303034	2768	2747
lcc	1	52543132302e49354333382031393935	2768	2747
lcc	1	52543132302e49354333382031393938	2768	2747
lcc	1	52543132302e49354333382032303032	2768	2747
lcc	1	52543132302e49354333382032303037	2768	2747
lcc	1	52543132302e49354334382031393937	2768	2747
lcc	1	52543132302e4935433536342031393934	2768	2747
lcc	1	52543132302e49354335372031393838	2768	2747
lcc	1	52543132302e49354336332031393938	2768	2747
lcc	1	52543132302e49354336372031393931	2768	2747
lcc	1	52543132302e49354336372031393938	2768	2747
lcc	1	52543132302e49354337332031393835	2768	2747
lcc	1	52543132302e4935433733342032303033	2768	2747
lcc	1	52543132302e4935433733352032303039	2768	2747
lcc	1	52543132302e49354337342031393737	2768	2747
lcc	1	52543132302e49354337342031393836	2768	2747
lcc	1	52543132302e49354337342031393930	2768	2747
lcc	1	52543132302e4935433734332031393936	2768	2747
lcc	1	52543132302e493543373433332031393938	2768	2747
lcc	1	52543132302e493543373433342032303037	2768	2747
lcc	1	52543132302e4935433734342031393937	2768	2747
lcc	1	52543132302e4935433734342032303035	2768	2747
lcc	1	52543132302e4935433734342032303133	2768	2747
lcc	1	52543132302e49354337352031393836	2768	2747
lcc	1	52543132302e4935433735322032303032	2768	2747
lcc	1	52543132302e4935433735322032303130	2768	2747
lcc	1	52543132302e4935433736322032303039	2768	2747
lcc	1	52543132302e4935433736362032303034	2768	2747
lcc	1	52543132302e4935433736362032303038	2768	2747
lcc	1	52543132302e4935433736362032303132	2768	2747
lcc	1	52543132302e4935433737372032303031	2768	2747
lcc	1	52543132302e4935433737372032303036	2768	2747
lcc	1	52543132302e49354337382031393837	2768	2747
lcc	1	52543132302e4935433738332031393936	2768	2747
lcc	1	52543132302e4935433738342031393936	2768	2747
lcc	1	52543132302e49354337392031393838	2768	2747
lcc	1	52543132302e49354435342031393839	2768	2747
lcc	1	52543132302e493544362032303230	2768	2747
lcc	1	52543132302e49354436372031393930	2768	2747
lcc	1	52543132302e49354533362031393935	2768	2747
lcc	1	52543132302e49354538332032303030	2768	2747
lcc	1	52543132302e49354538332032303033	2768	2747
lcc	1	52543132302e49354538332032303135	2768	2747
lcc	1	52543132302e49354538332032303139	2768	2747
lcc	1	52543132302e49354538342031393837	2768	2747
lcc	1	52543132302e49354633342031393938	2768	2747
lcc	1	52543132302e49354633362031393837	2768	2747
lcc	1	52543132302e49354733372031393836	2768	2747
lcc	1	52543132302e49354733372031393930	2768	2747
lcc	1	52543132302e49354738352031393935	2768	2747
lcc	1	52543132302e49354833362031393836	2768	2747
lcc	1	52543132302e4935483336322031393936	2768	2747
lcc	1	52543132302e49354834332031393936	2768	2747
lcc	1	52543132302e49354835342032303034	2768	2747
lcc	1	52543132302e49354835342032303039	2768	2747
lcc	1	52543132302e49354835352032303039	2768	2747
lcc	1	52543132302e49354836332031393839	2768	2747
lcc	1	52543132302e49354838332031393930	2768	2747
lcc	1	52543132302e49354838332031393937	2768	2747
lcc	1	52543132302e49354935372031393835	2768	2747
lcc	1	52543132302e49354935382032303130	2768	2747
lcc	1	52543132302e49354935382032303230	2768	2747
lcc	1	52543132302e49354b33372032303037	2768	2747
lcc	1	52543132302e49354b34352032303133	2768	2747
lcc	1	52543132302e49354b34362031393932	2768	2747
lcc	1	52543132302e49354b34392031393935	2768	2747
lcc	1	52543132302e49354b35332032303031	2768	2747
lcc	1	52543132302e49354b35332032303036	2768	2747
lcc	1	52543132302e49354b35332032303130	2768	2747
lcc	1	52543132302e49354b35332032303134	2768	2747
lcc	1	52543132302e49354b35332032303138	2768	2747
lcc	1	52543132302e49354c35342031393934	2768	2747
lcc	1	52543132302e49354c36332031393939	2768	2747
lcc	1	52543132302e49354d333634342032303031	2768	2747
lcc	1	52543132302e49354d333634342032303136	2768	2747
lcc	1	52543132302e49354d3336362031393934	2768	2747
lcc	1	52543132302e49354d33382032303130	2768	2747
lcc	1	52543132302e49354d34372031393936	2768	2747
lcc	1	52543132302e49354d36372031393937	2768	2747
lcc	1	52543132302e49354d38372031393939	2768	2747
lcc	1	52543132302e49354e38382031393834	2768	2747
lcc	1	52543132302e49354f342032303233	2768	2747
lcc	1	52543132302e49354f3437362032303030	2768	2747
lcc	1	52543132302e49355032352031393931	2768	2747
lcc	1	52543132302e49355033372031393837	2768	2747
lcc	1	52543132302e49355034372032303138	2768	2747
lcc	1	52543132302e49355037382031393839	2768	2747
lcc	1	52543132302e4935523631332031393936	2768	2747
lcc	1	52543132302e49355236322031393837	2768	2747
lcc	1	52543132302e49355236332031393835	2768	2747
lcc	1	52543132302e49355332362031393839	2768	2747
lcc	1	52543132302e49355333362032303036	2768	2747
lcc	1	52543132302e49355334362032303132	2768	2747
lcc	1	52543132302e49355336372031393936	2768	2747
lcc	1	52543132302e49355337352031393936	2768	2747
lcc	1	52543132302e49355337352032303032	2768	2747
lcc	1	52543132302e49355337372031393937	2768	2747
lcc	1	52543132302e49355339372032303034	2768	2747
lcc	1	52543132302e49355436342032303031	2768	2747
lcc	1	52543132302e49355736342032303235	2768	2747
lcc	1	52543132302e49355736362032303131	2768	2747
lcc	1	52543132302e49355736362032303132	2768	2747
lcc	1	52543132302e49355a33352031393935	2768	2747
lcc	1	52543132302e4c3634204132332032303133	2768	2747
lcc	1	52543132302e4c3634204132342032303035	2768	2747
lcc	1	52543132302e4c3634204132342032303039	2768	2747
lcc	1	52543132302e4c3634204134382031393935	2768	2747
lcc	1	52543132302e4c3634204138382031393832	2768	2747
lcc	1	52543132302e4c3634204233332031393930	2768	2747
lcc	1	52543132302e4c3634204233332031393934	2768	2747
lcc	1	52543132302e4c3634204234372032303032	2768	2747
lcc	1	52543132302e4c3634204234372032303131	2768	2747
lcc	1	52543132302e4c3634204238372032303036	2768	2747
lcc	1	52543132302e4c3634204333372031393932	2768	2747
lcc	1	52543132302e4c3634204336362031393836	2768	2747
lcc	1	52543132302e4c3634204336372032303039	2768	2747
lcc	1	52543132302e4c3634204534332031393939	2768	2747
lcc	1	52543132302e4c3634204633372031393839	2768	2747
lcc	1	52543132302e4c3634204636362031393934	2768	2747
lcc	1	52543132302e4c3634204737382032303030	2768	2747
lcc	1	52543132302e4c3634204737382032303035	2768	2747
lcc	1	52543132302e4c3634204834332031393839	2768	2747
lcc	1	52543132302e4c3634204834342031393934	2768	2747
lcc	1	52543132302e4c3634204834342031393938	2768	2747
lcc	1	52543132302e4c3634204834342032303032	2768	2747
lcc	1	52543132302e4c3634204834342032303037	2768	2747
lcc	1	52543132302e4c363420483636203230303378	2768	2747
lcc	1	52543132302e4c3634204836392031393934	2768	2747
lcc	1	52543132302e4c3634204836392032303033	2768	2747
lcc	1	52543132302e4c3634204b35362032303232	2768	2747
lcc	1	52543132302e4c3634204b37342032303032	2768	2747
lcc	1	52543132302e4c3634204c33352032303134	2768	2747
lcc	1	52543132302e4c3634204c3335203230313462	2768	2747
lcc	1	52543132302e4c3634204c34372031393839	2768	2747
lcc	1	52543132302e4c3634204c34382031393932	2768	2747
lcc	1	52543132302e4c3634204c36322031393931	2768	2747
lcc	1	52543132302e4c3634204c36342031393835	2768	2747
lcc	1	52543132302e4c3634204c3634332031393935	2768	2747
lcc	1	52543132302e4c3634204c36352031393930	2768	2747
lcc	1	52543132302e4c3634204c3635203139393062	2768	2747
lcc	1	52543132302e4c3634204c36352031393936	2768	2747
lcc	1	52543132302e4c3634204c36362032303131	2768	2747
lcc	1	52543132302e4c3634204c36362032303136	2768	2747
lcc	1	52543132302e4c3634204d33362031393833	2768	2747
lcc	1	52543132302e4c3634204d33372032303038	2768	2747
lcc	1	52543132302e4c3634204d33382031393932	2768	2747
lcc	1	52543132302e4c3634204d33382031393937	2768	2747
lcc	1	52543132302e4c3634204d34332031393934	2768	2747
lcc	1	52543132302e4c3634204d36332031393837	2768	2747
lcc	1	52543132302e4c3634204d36372031393838	2768	2747
lcc	1	52543132302e4c3634204e33392032303032	2768	2747
lcc	1	52543132302e4c3634204e33393420323030306562	2768	2747
lcc	1	52543132302e4c3634204e3339342032303037	2768	2747
lcc	1	52543132302e4c3634204e342031393831	2768	2747
lcc	1	52543132302e4c3634204e38372031393834	2768	2747
lcc	1	52543132302e4c3634204e38372031393930	2768	2747
lcc	1	52543132302e4c3634204f39342031393938	2768	2747
lcc	1	52543132302e4c3634204f39342032303032	2768	2747
lcc	1	52543132302e4c3634205037352031393839	2768	2747
lcc	1	52543132302e4c3634205234342032303134	2768	2747
lcc	1	52543132302e4c3634205234392032303135	2768	2747
lcc	1	52543132302e4c3634205336332032303039	2768	2747
lcc	1	52543132302e4c363420533635322032303033	2768	2747
lcc	1	52543132302e4c3634205336372032303035	2768	2747
lcc	1	52543132302e4c3634205337372031393838	2768	2747
lcc	1	52543132302e4c36342056353738203139393078	2768	2747
lcc	1	52543132302e4c363420563537382031393938	2768	2747
lcc	1	52543132302e4c3634205636342031393938	2768	2747
lcc	1	52543132302e4c363420573334	2768	2747
lcc	1	52543132302e4c3634205733342031393935	2768	2747
lcc	1	52543132302e4c3634205735342031393833	2768	2747
lcc	1	52543132302e4c3634205735342031393838	2768	2747
lcc	1	52543132302e4c3634205735342031393931	2768	2747
lcc	1	52543132302e4c3634205735342031393936	2768	2747
lcc	1	52543132302e4c3634205735342031393938	2768	2747
lcc	1	52543132302e4c3634205735342032303032	2768	2747
lcc	1	52543132302e4c3634205736332031393835	2768	2747
lcc	1	52543132302e4c36342e533734352032303133	2768	2747
lcc	1	52543132302e4c36344132332032303133	2768	2747
lcc	1	52543132302e4c36344134382031393935	2768	2747
lcc	1	52543132302e4c363442342031393938	2768	2747
lcc	1	52543132302e4c36344534332031393939	2768	2747
lcc	1	52543132302e4c36344539342031393936	2768	2747
lcc	1	52543132302e4c36344737382032303030	2768	2747
lcc	1	52543132302e4c36344737382032303035	2768	2747
lcc	1	52543132302e4c36344834342032303037	2768	2747
lcc	1	52543132302e4c36344834342032303133	2768	2747
lcc	1	52543132302e4c36344834342032303139	2768	2747
lcc	1	52543132302e4c36344836392032303033	2768	2747
lcc	1	52543132302e4c36344b37342031393935	2768	2747
lcc	1	52543132302e4c36344c34372031393839	2768	2747
lcc	1	52543132302e4c36344c36342031393835	2768	2747
lcc	1	52543132302e4c36344c3634332031393935	2768	2747
lcc	1	52543132302e4c36344c36352031393936	2768	2747
lcc	1	52543132302e4c36344d33342032303136	2768	2747
lcc	1	52543132302e4c36344d33382031393937	2768	2747
lcc	1	52543132302e4c36344d35352031393938	2768	2747
lcc	1	52543132302e4c36344e33392031393935	2768	2747
lcc	1	52543132302e4c36344e34342031393932	2768	2747
lcc	1	52543132302e4c36344f39342031393938	2768	2747
lcc	1	52543132302e4c36345037352031393839	2768	2747
lcc	1	52543132302e4c36345233372031393938	2768	2747
lcc	1	52543132302e4c36345234392032303135	2768	2747
lcc	1	52543132302e4c36345433332031393938	2768	2747
lcc	1	52543132302e4c36345735342031393936	2768	2747
lcc	1	52543132302e4c36345735342031393938	2768	2747
lcc	1	52543132302e4f39204133362031393833	2768	2747
lcc	1	52543132302e4f39204134322031393838	2768	2747
lcc	1	52543132302e4f39204336342032303135	2768	2747
lcc	1	52543132302e4f3920433635	2768	2747
lcc	1	52543132302e4f3920443438	2768	2747
lcc	1	52543132302e4f39204738352032303035	2768	2747
lcc	1	52543132302e4f39204a3333	2768	2747
lcc	1	52543132302e4f39204e38372031393937	2768	2747
lcc	1	52543132302e4f39205235332032303130	2768	2747
lcc	1	52543132302e4f392e52363720313939366562	2768	2747
lcc	1	52543132302e4f394336342032303230	2768	2747
lcc	1	52543132302e4f394e38372031393937	2768	2747
lcc	1	52543132302e4f395034372032303231	2768	2747
lcc	1	52543132302e4f395235332032303130	2768	2747
lcc	1	52543132302e5033372031393938	2768	2747
lcc	1	52543132302e50333720433337342032303032	2768	2747
lcc	1	52543132302e50333720433337342032303131	2768	2747
lcc	1	52543132302e503337204534332032303134	2768	2747
lcc	1	52543132302e503337204833352032303230	2768	2747
lcc	1	52543132302e503337204834332032303035	2768	2747
lcc	1	52543132302e503337204834342032303036	2768	2747
lcc	1	52543132302e503337204834352032303131	2768	2747
lcc	1	52543132302e503337204e38372032303032	2768	2747
lcc	1	52543132302e503337204f32372032303033	2768	2747
lcc	1	52543132302e50333720503336352032303032	2768	2747
lcc	1	52543132302e50333720503336382032303033	2768	2747
lcc	1	52543132302e50333720503336392032303036	2768	2747
lcc	1	52543132302e503337205033372031393939	2768	2747
lcc	1	52543132302e50333720503338352032303033	2768	2747
lcc	1	52543132302e50333720503338362032303038	2768	2747
lcc	1	52543132302e503337205336382032303038	2768	2747
lcc	1	52543132302e503337205336382032303039	2768	2747
lcc	1	52543132302e503337433337342032303131	2768	2747
lcc	1	52543132302e5033374834332032303035	2768	2747
lcc	1	52543132302e5033374834352032303131	2768	2747
lcc	1	52543132302e5033374f32372032303033	2768	2747
lcc	1	52543132302e503337503336382032303033	2768	2747
lcc	1	52543132302e503337503336392032303036	2768	2747
lcc	1	52543132302e5033375336382032303038	2768	2747
lcc	1	52543132302e503736202e4336372032303130	2768	2747
lcc	1	52543132302e503736202e533338342032303132	2768	2747
lcc	1	52543132302e503736204132322032303037	2768	2747
lcc	1	52543132302e503736204132322032303130	2768	2747
lcc	1	52543132302e503736204132322032303134	2768	2747
lcc	1	52543132302e503736204132332032303130	2768	2747
lcc	1	52543132302e503736204133372032303131	2768	2747
lcc	1	52543132302e503736204133372032303138	2768	2747
lcc	1	52543132302e5037362e4336372032303130	2768	2747
lcc	1	52543132302e5037364132322032303130	2768	2747
lcc	1	52543132302e5037364132332032303036	2768	2747
lcc	1	52543132302e5037364133372032303131	2768	2747
lcc	1	52543132302e5037365033382032303130	2768	2747
lcc	1	52543132302e5234204133382032303037	2768	2747
lcc	1	52543132302e5234204139352031393839	2768	2747
lcc	1	52543132302e523420423337	2768	2747
lcc	1	52543132302e5234204233372031393831	2768	2747
lcc	1	52543132302e5234204233372031393838	2768	2747
lcc	1	52543132302e5234204233372032303034	2768	2747
lcc	1	52543132302e523420423637	2768	2747
lcc	1	52543132302e5234204237342032303037	2768	2747
lcc	1	52543132302e5234204334322031393933	2768	2747
lcc	1	52543132302e523420433435	2768	2747
lcc	1	52543132302e523420433635	2768	2747
lcc	1	52543132302e523420433635322032303030	2768	2747
lcc	1	52543132302e523420433635322032303031	2768	2747
lcc	1	52543132302e523420433837	2768	2747
lcc	1	52543132302e5234204435382031393839	2768	2747
lcc	1	52543132302e523420453936	2768	2747
lcc	1	52543132302e5234204635382032303035	2768	2747
lcc	1	52543132302e5234204836332032303032	2768	2747
lcc	1	52543132302e5234204d33382032303131	2768	2747
lcc	1	52543132302e5234205033382031393935	2768	2747
lcc	1	52543132302e52342052342032303132	2768	2747
lcc	1	52543132302e52342052343139352031393938	2768	2747
lcc	1	52543132302e5234205234322031393930	2768	2747
lcc	1	52543132302e5234205234322031393939	2768	2747
lcc	1	52543132302e523420523432332031393936	2768	2747
lcc	1	52543132302e523420523432332032303032	2768	2747
lcc	1	52543132302e523420523433	2768	2747
lcc	1	52543132302e5234205234342031393938	2768	2747
lcc	1	52543132302e5234205333	2768	2747
lcc	1	52543132302e5234205333342031393937	2768	2747
lcc	1	52543132302e5234205336342031393933	2768	2747
lcc	1	52543132302e5234205336342032303030	2768	2747
lcc	1	52543132302e5234205338352031393737	2768	2747
lcc	1	52543132302e52344132352031393939	2768	2747
lcc	1	52543132302e52344133382032303037	2768	2747
lcc	1	52543132302e52344139352031393839	2768	2747
lcc	1	52543132302e5234433435	2768	2747
lcc	1	52543132302e5234433635322032303031	2768	2747
lcc	1	52543132302e52345033382031393935	2768	2747
lcc	1	52543132302e523452342032303132	2768	2747
lcc	1	52543132302e52345234322031393930	2768	2747
lcc	1	52543132302e52345234322031393939	2768	2747
lcc	1	52543132302e52345333342031393937	2768	2747
lcc	1	52543132302e523837204238372032303030	2768	2755
lcc	1	52543132302e523837204336342032303132	2768	2755
lcc	1	52543132302e523837204336362031393938	2768	2755
lcc	1	52543132302e523837204336362032303036	2768	2755
lcc	1	52543132302e523837204336362032303133	2768	2755
lcc	1	52543132302e523837204d33342032303039	2768	2755
lcc	1	52543132302e523837205238372031393937	2768	2755
lcc	1	52543132302e523837205238372032303132	2768	2755
lcc	1	52543132302e523837205434332032303031	2768	2755
lcc	1	52543132302e5238374336362031393938	2768	2755
lcc	1	52543132302e5238374336362032303130	2768	2755
lcc	1	52543132302e5238374d33342032303039	2768	2755
lcc	1	52543132302e5338334b35382031393938	2768	2747
lcc	1	52543132302e543520433734332031393936	2768	2747
lcc	1	52543132302e543733204c33362032303130	2768	2747
lcc	1	52543132302e543733204c33372032303035	2768	2747
lcc	1	52543132302e543733205033332032303039	2768	2747
lcc	1	52543132302e5437335033332032303039	2768	2747
lcc	1	52543132302e5437335437332032303231	2768	2747
lcc	1	52543132302e5733204233382032303039	2768	2747
lcc	1	52543839202d2d202e5037363520323031316562	2768	2757
lcc	1	52543839202e4132352031393833	2768	2757
lcc	1	52543839202e4133342032303135	2768	2757
lcc	1	52543839202e4133342032303136	2768	2757
lcc	1	52543839202e4133382031393938	2768	2757
lcc	1	52543839202e4133382032303133	2768	2757
lcc	1	52543839202e413433	2768	2757
lcc	1	52543839202e4134332031393738	2768	2757
lcc	1	52543839202e413434	2768	2757
lcc	1	52543839202e413434382032303033	2768	2757
lcc	1	52543839202e413434382032303034	2768	2757
lcc	1	52543839202e41343438203230303461	2768	2757
lcc	1	52543839202e413736	2768	2757
lcc	1	52543839202e4137362031393830	2768	2757
lcc	1	52543839202e4139352032303035	2768	2757
lcc	1	52543839202e4232332032303131	2768	2757
lcc	1	52543839202e4232362031393839	2768	2757
lcc	1	52543839202e423238322031393930	2768	2757
lcc	1	52543839202e423238322031393932	2768	2757
lcc	1	52543839202e423238362031393736	2768	2757
lcc	1	52543839202e423238362031393833	2768	2757
lcc	1	52543839202e423238372031393830	2768	2757
lcc	1	52543839202e423238372031393935	2768	2757
lcc	1	52543839202e4232392031393734	2768	2757
lcc	1	52543839202e4233322031393931	2768	2757
lcc	1	52543839202e423332352032303132	2768	2757
lcc	1	52543839202e4233382032303132	2768	2757
lcc	1	52543839202e4234332031393932	2768	2757
lcc	1	52543839202e423435	2768	2757
lcc	1	52543839202e4234352031393930	2768	2757
lcc	1	52543839202e4234352031393935	2768	2757
lcc	1	52543839202e4234382031393739	2768	2757
lcc	1	52543839202e423534	2768	2757
lcc	1	52543839202e4236392031393836	2768	2757
lcc	1	52543839202e42372031393938	2768	2757
lcc	1	52543839202e4237322032303131	2768	2757
lcc	1	52543839202e4237352031393938	2768	2757
lcc	1	52543839202e4237362031393834	2768	2757
lcc	1	52543839202e4238372031393936	2768	2757
lcc	1	52543839202e4333322032303035	2768	2757
lcc	1	52543839202e4333322032303036	2768	2757
lcc	1	52543839202e4333332031393930	2768	2757
lcc	1	52543839202e4333353139383541	2768	2757
lcc	1	52543839202e433433	2768	2757
lcc	1	52543839202e4334332032303132	2768	2757
lcc	1	52543839202e4334382031393836	2768	2757
lcc	1	52543839202e4335322031393836	2768	2757
lcc	1	52543839202e433536	2768	2757
lcc	1	52543839202e4335362031393837	2768	2757
lcc	1	52543839202e4335362031393934	2768	2757
lcc	1	52543839202e4335362032303033	2768	2757
lcc	1	52543839202e4335372031393838	2768	2757
lcc	1	52543839202e433538	2768	2757
lcc	1	52543839202e4336322032303133	2768	2757
lcc	1	52543839202e4336372031393832	2768	2757
lcc	1	52543839202e4336372031393836	2768	2757
lcc	1	52543839202e433637203139383662	2768	2757
lcc	1	52543839202e4336372031393934	2768	2757
lcc	1	52543839202e4336372031393938	2768	2757
lcc	1	52543839202e433638	2768	2757
lcc	1	52543839202e4337342032303131	2768	2757
lcc	1	52543839202e4337362032303131	2768	2757
lcc	1	52543839202e4337362032303136	2768	2757
lcc	1	52543839202e4338382031393837	2768	2757
lcc	1	52543839202e4338382031393838	2768	2757
lcc	1	52543839202e43392031393932	2768	2757
lcc	1	52543839202e4434352031393836	2768	2757
lcc	1	52543839202e4435362031393839	2768	2757
lcc	1	52543839202e443536342031393933	2768	2757
lcc	1	52543839202e4435382031393737	2768	2757
lcc	1	52543839202e4436332032303135	2768	2757
lcc	1	52543839202e443636	2768	2757
lcc	1	52543839202e44363637	2768	2757
lcc	1	52543839202e443636372031393834	2768	2757
lcc	1	52543839202e443636372031393838	2768	2757
lcc	1	52543839202e443636372031393932	2768	2757
lcc	1	52543839202e443636372031393936	2768	2757
lcc	1	52543839202e4436372031393739	2768	2757
lcc	1	52543839202e4436372031393833	2768	2757
lcc	1	52543839202e4436392031393931	2768	2757
lcc	1	52543839202e443733382032303135	2768	2757
lcc	1	52543839202e4438362032303035	2768	2757
lcc	1	52543839202e4438362032303036	2768	2757
lcc	1	52543839202e4439332031393934	2768	2757
lcc	1	52543839202e453236	2768	2757
lcc	1	52543839202e453236352031393932	2768	2757
lcc	1	52543839202e4533342032303035	2768	2757
lcc	1	52543839202e4534332031393931	2768	2757
lcc	1	52543839202e4534332031393935	2768	2757
lcc	1	52543839202e4534332032303035	2768	2757
lcc	1	52543839202e4534332032303038	2768	2757
lcc	1	52543839202e4534332032303039	2768	2757
lcc	1	52543839202e45362031393832	2768	2757
lcc	1	52543839202e4537352032303133	2768	2757
lcc	1	52543839202e4539332031393838	2768	2757
lcc	1	52543839202e4539352032303132	2768	2757
lcc	1	52543839202e4633342032303030	2768	2757
lcc	1	52543839202e4633372032303130	2768	2757
lcc	1	52543839202e463532372032303132	2768	2757
lcc	1	52543839202e463532372032303136	2768	2757
lcc	1	52543839202e4635332031393834	2768	2757
lcc	1	52543839202e4635332031393932	2768	2757
lcc	1	52543839202e4635332032303031	2768	2757
lcc	1	52543839202e4635332032303038	2768	2757
lcc	1	52543839202e463533382032303033	2768	2757
lcc	1	52543839202e463537	2768	2757
lcc	1	52543839202e4635392032303131	2768	2757
lcc	1	52543839202e4637352031393839	2768	2757
lcc	1	52543839202e473332	2768	2757
lcc	1	52543839202e473333	2768	2757
lcc	1	52543839202e4733332031393830	2768	2757
lcc	1	52543839202e4733362031393930	2768	2757
lcc	1	52543839202e47342031393731	2768	2757
lcc	1	52543839202e473534	2768	2757
lcc	1	52543839202e4735342031393839	2768	2757
lcc	1	52543839202e4735342031393934	2768	2757
lcc	1	52543839202e473634	2768	2757
lcc	1	52543839202e4736382031393931	2768	2757
lcc	1	52543839202e4737332031393739	2768	2757
lcc	1	52543839202e4737342032303036	2768	2757
lcc	1	52543839202e4737362031393931	2768	2757
lcc	1	52543839202e4737362031393937	2768	2757
lcc	1	52543839202e4737362032303033	2768	2757
lcc	1	52543839202e4737372031393939	2768	2757
lcc	1	52543839202e4737372032303030	2768	2757
lcc	1	52543839202e4737372032303035	2768	2757
lcc	1	52543839202e4737372032303039	2768	2757
lcc	1	52543839202e4737372032303133	2768	2757
lcc	1	52543839202e4737372032303231	2768	2757
lcc	1	52543839202e473834	2768	2757
lcc	1	52543839202e4833332032303130	2768	2757
lcc	1	52543839202e4833342032303033	2768	2757
lcc	1	52543839202e483336	2768	2757
lcc	1	52543839202e483339362031393938	2768	2757
lcc	1	52543839202e48342031393933	2768	2757
lcc	1	52543839202e4834332031393935	2768	2757
lcc	1	52543839202e483433352032303138	2768	2757
lcc	1	52543839202e483437	2768	2757
lcc	1	52543839202e4835362031393836	2768	2757
lcc	1	52543839202e483538362031393834	2768	2757
lcc	1	52543839202e4836342031393837	2768	2757
lcc	1	52543839202e4836392032303137	2768	2757
lcc	1	52543839202e4838332032303030	2768	2757
lcc	1	52543839202e4838332032303036	2768	2757
lcc	1	52543839202e4838332032303130	2768	2757
lcc	1	52543839202e4838332032303134	2768	2757
lcc	1	52543839202e4838332032303138	2768	2757
lcc	1	52543839202e483833204e322032303030	2768	2757
lcc	1	52543839202e4839342031393838	2768	2757
lcc	1	52543839202e4935382031393839	2768	2757
lcc	1	52543839202e4938362032303035	2768	2757
lcc	1	52543839202e4938372031393931	2768	2757
lcc	1	52543839202e4a36342031393836	2768	2757
lcc	1	52543839202e4a3634352032303037	2768	2757
lcc	1	52543839202e4b3432	2768	2757
lcc	1	52543839202e4b34342031393935	2768	2757
lcc	1	52543839202e4b34342032303038	2768	2757
lcc	1	52543839202e4b34342032303132	2768	2757
lcc	1	52543839202e4b3434352032303037	2768	2757
lcc	1	52543839202e4b34352032303034	2768	2757
lcc	1	52543839202e4b34352032303130	2768	2757
lcc	1	52543839202e4b34352032303134	2768	2757
lcc	1	52543839202e4b34352032303231	2768	2757
lcc	1	52543839202e4b353620313938362051	2768	2757
lcc	1	52543839202e4b35392031393838	2768	2757
lcc	1	52543839202e4b363820323031316562	2768	2757
lcc	1	52543839202e4b37342031393736	2768	2757
lcc	1	52543839202e4b37342031393831	2768	2757
lcc	1	52543839202e4b37342031393837	2768	2757
lcc	1	52543839202e4b38322032303130	2768	2757
lcc	1	52543839202e4c332031393833	2768	2757
lcc	1	52543839202e4c332031393836	2768	2757
lcc	1	52543839202e4c332032303035	2768	2757
lcc	1	52543839202e4c332032303133	2768	2757
lcc	1	52543839202e4c33382032303039	2768	2757
lcc	1	52543839202e4c34	2768	2757
lcc	1	52543839202e4c343220323031356562	2768	2757
lcc	1	52543839202e4c34332031393935	2768	2757
lcc	1	52543839202e4c34332031393939	2768	2757
lcc	1	52543839202e4c34332032303033	2768	2757
lcc	1	52543839202e4c34332032303131	2768	2757
lcc	1	52543839202e4c34332032303135	2768	2757
lcc	1	52543839202e4c34332032303137	2768	2757
lcc	1	52543839202e4c34332032303139	2768	2757
lcc	1	52543839202e4c3438	2768	2757
lcc	1	52543839202e4c36392032303036	2768	2757
lcc	1	52543839202e4c39352031393836	2768	2757
lcc	1	52543839202e4c3935203139383662	2768	2757
lcc	1	52543839202e4d3332	2768	2757
lcc	1	52543839202e4d33332031393839	2768	2757
lcc	1	52543839202e4d3333362031393938	2768	2757
lcc	1	52543839202e4d33342032303038	2768	2757
lcc	1	52543839202e4d33342032303131	2768	2757
lcc	1	52543839202e4d3334332031393839	2768	2757
lcc	1	52543839202e4d3335	2768	2757
lcc	1	52543839202e4d3336	2768	2757
lcc	1	52543839202e4d33362031393937	2768	2757
lcc	1	52543839202e4d3336332031393938	2768	2757
lcc	1	52543839202e4d3337	2768	2757
lcc	1	52543839202e4d33372031393830	2768	2757
lcc	1	52543839202e4d33372031393834	2768	2757
lcc	1	52543839202e4d3338342031393833	2768	2757
lcc	1	52543839202e4d3338342032303133	2768	2757
lcc	1	52543839202e4d33383432352032303032	2768	2757
lcc	1	52543839202e4d333834332032303136	2768	2757
lcc	1	52543839202e4d333834342031393931	2768	2757
lcc	1	52543839202e4d3338372031393932	2768	2757
lcc	1	52543839202e4d3338372032303030	2768	2757
lcc	1	52543839202e4d3338372032303030204d616e75616c	2768	2757
lcc	1	52543839202e4d3338372032303033	2768	2757
lcc	1	52543839202e4d3338372032303135	2768	2757
lcc	1	52543839202e4d3338372032303137	2768	2757
lcc	1	52543839202e4d3338382031393934	2768	2757
lcc	1	52543839202e4d3338382031393938	2768	2757
lcc	1	52543839202e4d3338392031393933	2768	2757
lcc	1	52543839202e4d3338392031393937	2768	2757
lcc	1	52543839202e4d3338392032303034	2768	2757
lcc	1	52543839202e4d3338392032303138	2768	2757
lcc	1	52543839202e4d3339	2768	2757
lcc	1	52543839202e4d33392031393834	2768	2757
lcc	1	52543839202e4d33392031393838	2768	2757
lcc	1	52543839202e4d33392031393931	2768	2757
lcc	1	52543839202e4d33392031393935	2768	2757
lcc	1	52543839202e4d3339332031393836	2768	2757
lcc	1	52543839202e4d3339332032303137	2768	2757
lcc	1	52543839202e4d3339372031393933	2768	2757
lcc	1	52543839202e4d342031393832	2768	2757
lcc	1	52543839202e4d3432352032303130	2768	2757
lcc	1	52543839202e4d3432352032303131	2768	2757
lcc	1	52543839202e4d34332032303037	2768	2757
lcc	1	52543839202e4d343336342032303037	2768	2757
lcc	1	52543839202e4d34362032303132	2768	2757
lcc	1	52543839202e4d34392031393738	2768	2757
lcc	1	52543839202e4d3439332031393831	2768	2757
lcc	1	52543839202e4d35332031393832	2768	2757
lcc	1	52543839202e4d3533203139383461	2768	2757
lcc	1	52543839202e4d3633372032303131	2768	2757
lcc	1	52543839202e4d3634	2768	2757
lcc	1	52543839202e4d36342031393736	2768	2757
lcc	1	52543839202e4d36362031393836	2768	2757
lcc	1	52543839202e4e32382031393932	2768	2757
lcc	1	52543839202e4e32382031393937	2768	2757
lcc	1	52543839202e4e32382032303033	2768	2757
lcc	1	52543839202e4e33392031393937	2768	2757
lcc	1	52543839202e4e3436352032303032	2768	2757
lcc	1	52543839202e4e36372031393732	2768	2757
lcc	1	52543839202e4e36372031393739	2768	2757
lcc	1	52543839202e4e373220323031356562	2768	2757
lcc	1	52543839202e4e37332032303039	2768	2757
lcc	1	52543839202e4e3734	2768	2757
lcc	1	52543839202e4e3734342031393936	2768	2757
lcc	1	52543839202e4e3734362032303031	2768	2757
lcc	1	52543839202e4e3734362032303034	2768	2757
lcc	1	52543839202e4e3734382032303038	2768	2757
lcc	1	52543839202e4e37352031393934	2768	2757
lcc	1	52543839202e4e373633	2768	2757
lcc	1	52543839202e4e373633342031393935	2768	2757
lcc	1	52543839202e4e373633392031393932	2768	2757
lcc	1	52543839202e4e3736342031393835	2768	2757
lcc	1	52543839202e4e373635	2768	2757
lcc	1	52543839202e4e3736352031393835	2768	2757
lcc	1	52543839202e4e3736352031393932	2768	2757
lcc	1	52543839202e4e3736352031393937	2768	2757
lcc	1	52543839202e4e3736382031393930	2768	2757
lcc	1	52543839202e4e3736382031393938	2768	2757
lcc	1	52543839202e4e3738332031393938	2768	2757
lcc	1	52543839202e4e3739	2768	2757
lcc	1	52543839202e4e3739332031393939	2768	2757
lcc	1	52543839202e4e3739342032303033	2768	2757
lcc	1	52543839202e4e3739342032303038	2768	2757
lcc	1	52543839202e4e373934332032303132	2768	2757
lcc	1	52543839202e4e373934362032303035	2768	2757
lcc	1	52543839202e4e373934362032303133	2768	2757
lcc	1	52543839202e4e3739352031393933	2768	2757
lcc	1	52543839202e4e373935342032303135	2768	2757
lcc	1	52543839202e4e373935352032303133	2768	2757
lcc	1	52543839202e4e3739362031393935	2768	2757
lcc	1	52543839202e4e3739372031393934	2768	2757
lcc	1	52543839202e4e3739382031393936	2768	2757
lcc	1	52543839202e4e3739392032303035	2768	2757
lcc	1	52543839202e4e3739392032303131	2768	2757
lcc	1	52543839202e4e382031393834	2768	2757
lcc	1	52543839202e4e38332032303033	2768	2757
lcc	1	52543839202e4e38372032303130	2768	2757
lcc	1	52543839202e4e38372032303131	2768	2757
lcc	1	52543839202e4e383732352032303034	2768	2757
lcc	1	52543839202e4f32372032303131	2768	2757
lcc	1	52543839202e4f33382031393836	2768	2757
lcc	1	52543839202e4f35322032303038	2768	2757
lcc	1	52543839202e4f36332031393934	2768	2757
lcc	1	52543839202e4f3637	2768	2757
lcc	1	52543839202e4f3639	2768	2757
lcc	1	52543839202e4f3733	2768	2757
lcc	1	52543839202e4f37342032303138	2768	2757
lcc	1	52543839202e4f39382031393936	2768	2757
lcc	1	52543839202e5032352032303133	2768	2757
lcc	1	52543839202e50332031393939	2768	2757
lcc	1	52543839202e5033352032303133	2768	2757
lcc	1	52543839202e5033382031393830	2768	2757
lcc	1	52543839202e503432	2768	2757
lcc	1	52543839202e50343632	2768	2757
lcc	1	52543839202e503439	2768	2757
lcc	1	52543839202e5035352032303133	2768	2757
lcc	1	52543839202e5035382031393833	2768	2757
lcc	1	52543839202e503634372032303134	2768	2757
lcc	1	52543839202e5036352031393836	2768	2757
lcc	1	52543839202e503635342031393932	2768	2757
lcc	1	52543839202e503635352032303133	2768	2757
lcc	1	52543839202e503635352032303136	2768	2757
lcc	1	52543839202e503635372031393839	2768	2757
lcc	1	52543839202e503635372031393930	2768	2757
lcc	1	52543839202e5036362031393834	2768	2757
lcc	1	52543839202e5036372032303133	2768	2757
lcc	1	52543839202e503638	2768	2757
lcc	1	52543839202e5036392032303131	2768	2757
lcc	1	52543839202e5036392032303137	2768	2757
lcc	1	52543839202e5037322031393932	2768	2757
lcc	1	52543839202e503735	2768	2757
lcc	1	52543839202e5037352031393830	2768	2757
lcc	1	52543839202e503736	2768	2757
lcc	1	52543839202e503736352032303131	2768	2757
lcc	1	52543839202e503736352032303136	2768	2757
lcc	1	52543839202e5038342031393838	2768	2757
lcc	1	52543839202e5038342031393839	2768	2757
lcc	1	52543839202e52332031393832	2768	2757
lcc	1	52543839202e5233352032303036	2768	2757
lcc	1	52543839202e5233362032303036	2768	2757
lcc	1	52543839202e5234342031393935	2768	2757
lcc	1	52543839202e5234372031393934	2768	2757
lcc	1	52543839202e5236322032303135	2768	2757
lcc	1	52543839202e5236322032303136	2768	2757
lcc	1	52543839202e5236332032303135	2768	2757
lcc	1	52543839202e5236382031393931	2768	2757
lcc	1	52543839202e523638342031393933	2768	2757
lcc	1	52543839202e5236392031393835	2768	2757
lcc	1	52543839202e5238362032303130	2768	2757
lcc	1	52543839202e5238362032303133	2768	2757
lcc	1	52543839202e5238382031393837	2768	2757
lcc	1	52543839202e533338	2768	2757
lcc	1	52543839202e5333392031393836	2768	2757
lcc	1	52543839202e533437342031393839	2768	2757
lcc	1	52543839202e533437352031393935	2768	2757
lcc	1	52543839202e533532382032303037	2768	2757
lcc	1	52543839202e5335382031393835	2768	2757
lcc	1	52543839202e5335382031393933	2768	2757
lcc	1	52543839202e5335382032303030	2768	2757
lcc	1	52543839202e5335392031393936	2768	2757
lcc	1	52543839202e53363535	2768	2757
lcc	1	52543839202e533635352031393830	2768	2757
lcc	1	52543839202e533637	2768	2757
lcc	1	52543839202e533638	2768	2757
lcc	1	52543839202e533732382031393832	2768	2757
lcc	1	52543839202e533733	2768	2757
lcc	1	52543839202e5337332031393833	2768	2757
lcc	1	52543839202e5337342031393835	2768	2757
lcc	1	52543839202e533735	2768	2757
lcc	1	52543839202e533737352032303031	2768	2757
lcc	1	52543839202e5338332031393930	2768	2757
lcc	1	52543839202e5338352031393835	2768	2757
lcc	1	52543839202e5338352031393838	2768	2757
lcc	1	52543839202e5338352031393932	2768	2757
lcc	1	52543839202e5338352031393937	2768	2757
lcc	1	52543839202e5338352032303030	2768	2757
lcc	1	52543839202e5338352032303031	2768	2757
lcc	1	52543839202e5338352032303039	2768	2757
lcc	1	52543839202e5338352032303130	2768	2757
lcc	1	52543839202e5338352032303132	2768	2757
lcc	1	52543839202e5338352032303133	2768	2757
lcc	1	52543839202e5338352032303138	2768	2757
lcc	1	52543839202e533835332031393930	2768	2757
lcc	1	52543839202e533838352032303036	2768	2757
lcc	1	52543839202e533838352032303039	2768	2757
lcc	1	52543839202e5338392031393936	2768	2757
lcc	1	52543839202e5339352032303036	2768	2757
lcc	1	52543839202e543335372032303031	2768	2757
lcc	1	52543839202e543335372032303034	2768	2757
lcc	1	52543839202e543335372032303037	2768	2757
lcc	1	52543839202e543335372032303135	2768	2757
lcc	1	52543839202e5433362031393839	2768	2757
lcc	1	52543839202e5433362031393935	2768	2757
lcc	1	52543839202e5433392032303137	2768	2757
lcc	1	52543839202e5434	2768	2757
lcc	1	52543839202e543434362032303036	2768	2757
lcc	1	52543839202e5435372031393839	2768	2757
lcc	1	52543839202e5436332032303130	2768	2757
lcc	1	52543839202e5437332031393933	2768	2757
lcc	1	52543839202e543733332031393938	2768	2757
lcc	1	52543839202e543733332032303130	2768	2757
lcc	1	52543839202e5534372031393932	2768	2757
lcc	1	52543839202e553533	2768	2757
lcc	1	52543839202e563534	2768	2757
lcc	1	52543839202e573336372031393938	2768	2757
lcc	1	52543839202e573337	2768	2757
lcc	1	52543839202e57342031393933	2768	2757
lcc	1	52543839202e5735352031393932	2768	2757
lcc	1	52543839202e573637	2768	2757
lcc	1	52543839202e5936332032303036	2768	2757
lcc	1	52543839202e5936382031393838	2768	2757
lcc	1	52543839202e593837	2768	2757
lcc	1	52543839202e5938372031393831	2768	2757
lcc	1	52543839202e5a3336	2768	2757
lcc	1	5254383920413735	2768	2757
lcc	1	5254383920423433332031393838	2768	2757
lcc	1	52543839204433352031393836	2768	2757
lcc	1	5254383920493538372031393835	2768	2757
lcc	1	52543839204c34	2768	2757
lcc	1	52543839204d3338372032303135	2768	2757
lcc	1	52543839204e342031393835	2768	2757
lcc	1	52543839204e3838	2768	2757
lcc	1	52543839204f36	2768	2757
lcc	1	525438392d313230524a3530362e4c3448563135	2768|2811|52684	2747|2811|52684
lcc	1	525438392e20503635352032303139	2768	2757
lcc	1	525438392e33202e4134332032303035	2768	2757
lcc	1	525438392e33202e4333352031393938	2768	2757
lcc	1	525438392e33202e4336362031393838	2768	2757
lcc	1	525438392e33202e4338362032303136	2768	2757
lcc	1	525438392e33202e4338372031393930	2768	2757
lcc	1	525438392e33202e4434352032303133	2768	2757
lcc	1	525438392e33202e4633332032303035	2768	2757
lcc	1	525438392e33202e4633332032303038	2768	2757
lcc	1	525438392e33202e4633332032303039	2768	2757
lcc	1	525438392e33202e4732382031393939	2768	2757
lcc	1	525438392e33202e4833362031393934	2768	2757
lcc	1	525438392e33202e4833362031393938	2768	2757
lcc	1	525438392e33202e4833362032303034	2768	2757
lcc	1	525438392e33202e4833362032303039	2768	2757
lcc	1	525438392e33202e4838362031393837	2768	2757
lcc	1	525438392e33202e4838372031393839	2768	2757
lcc	1	525438392e33202e4a34372031393838	2768	2757
lcc	1	525438392e33202e4b34352032303131	2768	2757
lcc	1	525438392e33202e4b34372032303132	2768	2757
lcc	1	525438392e33202e4b35362032303036	2768	2757
lcc	1	525438392e33202e4b36342031393934	2768	2757
lcc	1	525438392e33202e4c3536204e3820323031336562	2768	2757
lcc	1	525438392e33202e4d33372032303030	2768	2757
lcc	1	525438392e33202e4d33372032303034	2768	2757
lcc	1	525438392e33202e4e38372031393932	2768	2757
lcc	1	525438392e33202e4e3837352032303032	2768	2757
lcc	1	525438392e33202e5033362032303130	2768	2757
lcc	1	525438392e33202e5034372032303134	2768	2757
lcc	1	525438392e33202e5037332032303134	2768	2757
lcc	1	525438392e33202e5336352031393836	2768	2757
lcc	1	525438392e33202e5337332032303030	2768	2757
lcc	1	525438392e332e4336362031393838	2768	2757
lcc	1	525438392e332e4434352032303133	2768	2757
lcc	1	525438392e332e4633332032303038	2768	2757
lcc	1	525438392e332e4633332032303039	2768	2757
lcc	1	525438392e332e4732382031393939	2768	2757
lcc	1	525438392e332e4833362031393934	2768	2757
lcc	1	525438392e332e4833362031393938	2768	2757
lcc	1	525438392e332e4833362032303038	2768	2757
lcc	1	525438392e332e4836342032303039	2768	2757
lcc	1	525438392e332e4838362031393837	2768	2757
lcc	1	525438392e332e4838372031393839	2768	2757
lcc	1	525438392e332e4a34372031393838	2768	2757
lcc	1	525438392e332e4b35362032303036	2768	2757
lcc	1	525438392e332e4b36342031393934	2768	2757
lcc	1	525438392e332e4d33372032303034	2768	2757
lcc	1	525438392e332e4d34362032303130	2768	2757
lcc	1	525438392e332e4e38372032303032	2768	2757
lcc	1	525438392e332e4e3837352032303032	2768	2757
lcc	1	525438392e332e5033362032303039	2768	2757
lcc	1	525438392e332e5037332032303134	2768	2757
lcc	1	525438392e332e5337332032303030	2768	2757
lcc	1	525438392e4133382031393938	2768	2757
lcc	1	525438392e413433352031393938	2768	2757
lcc	1	525438392e413434382032303033	2768	2757
lcc	1	525438392e4232332032303139	2768	2757
lcc	1	525438392e4232362031393839	2768	2757
lcc	1	525438392e423238352031393839	2768	2757
lcc	1	525438392e423238372031393835	2768	2757
lcc	1	525438392e423238372031393935	2768	2757
lcc	1	525438392e423332352032303132	2768	2757
lcc	1	525438392e4234332031393932	2768	2757
lcc	1	525438392e4234382031393739	2768	2757
lcc	1	525438392e4237322032303131	2768	2757
lcc	1	525438392e4237362031393834	2768	2757
lcc	1	525438392e4238372031393936	2768	2757
lcc	1	525438392e4333322032303035	2768	2757
lcc	1	525438392e433433	2768	2757
lcc	1	525438392e4334382031393836	2768	2757
lcc	1	525438392e4335342032303038	2768	2757
lcc	1	525438392e4335362031393837	2768	2757
lcc	1	525438392e4335362031393934	2768	2757
lcc	1	525438392e4335372031393838	2768	2757
lcc	1	525438392e4335392031393938	2768	2757
lcc	1	525438392e4336372031393836	2768	2757
lcc	1	525438392e4336372031393930	2768	2757
lcc	1	525438392e4336372031393938	2768	2757
lcc	1	525438392e433638342032303037	2768	2757
lcc	1	525438392e4337362032303230	2768	2757
lcc	1	525438392e4338382031393838	2768	2757
lcc	1	525438392e4434352031393836	2768	2757
lcc	1	525438392e443538362032303139	2768	2757
lcc	1	525438392e4436392031393931	2768	2757
lcc	1	525438392e4438362032303035	2768	2757
lcc	1	525438392e4534332031393931	2768	2757
lcc	1	525438392e4534332031393935	2768	2757
lcc	1	525438392e4534332032303030	2768	2757
lcc	1	525438392e4534332032303035	2768	2757
lcc	1	525438392e4534332032303038	2768	2757
lcc	1	525438392e4537372031393930	2768	2757
lcc	1	525438392e4539352032303132	2768	2757
lcc	1	525438392e4633372032303130	2768	2757
lcc	1	525438392e463532372032303036	2768	2757
lcc	1	525438392e463532372032303131	2768	2757
lcc	1	525438392e463532372032303132	2768	2757
lcc	1	525438392e463532372032303234	2768	2757
lcc	1	525438392e4635332031393932	2768	2757
lcc	1	525438392e4635332032303031	2768	2757
lcc	1	525438392e463533372032303233	2768	2757
lcc	1	525438392e463533382032303033	2768	2757
lcc	1	525438392e4635342031393935	2768	2757
lcc	1	525438392e4635392032303130	2768	2757
lcc	1	525438392e4733362031393930	2768	2757
lcc	1	525438392e4735332032303233	2768	2757
lcc	1	525438392e473732372031393939	2768	2757
lcc	1	525438392e4737342032303036	2768	2757
lcc	1	525438392e4737362031393931	2768	2757
lcc	1	525438392e4737362031393937	2768	2757
lcc	1	525438392e4737362032303032	2768	2757
lcc	1	525438392e4737362032303131	2768	2757
lcc	1	525438392e4737372032303039	2768	2757
lcc	1	525438392e483337332031393937	2768	2757
lcc	1	525438392e483339362031393938	2768	2757
lcc	1	525438392e4834332031393935	2768	2757
lcc	1	525438392e48343320323031346562	2768	2757
lcc	1	525438392e4834342032303138	2768	2757
lcc	1	525438392e4834382031393839	2768	2757
lcc	1	525438392e483538362031393834	2768	2757
lcc	1	525438392e4838332031393936	2768	2757
lcc	1	525438392e4838332032303030	2768	2757
lcc	1	525438392e4838332032303130	2768	2757
lcc	1	525438392e4938362032303035	2768	2757
lcc	1	525438392e4a3634352032303037	2768	2757
lcc	1	525438392e4b34342032303132	2768	2757
lcc	1	525438392e4b3535392031393937	2768	2757
lcc	1	525438392e4b35362031393836	2768	2757
lcc	1	525438392e4b35392031393838	2768	2757
lcc	1	525438392e4b37342031393837	2768	2757
lcc	1	525438392e4b38322032303130	2768	2757
lcc	1	525438392e4c32362031393930	2768	2757
lcc	1	525438392e4c33382032303139	2768	2757
lcc	1	525438392e4c34332032303032	2768	2757
lcc	1	525438392e4c36392032303036	2768	2757
lcc	1	525438392e4c39352031393836	2768	2757
lcc	1	525438392e4d33383432352032303032	2768	2757
lcc	1	525438392e4d333834342031393931	2768	2757
lcc	1	525438392e4d3338372031393932	2768	2757
lcc	1	525438392e4d3338372031393936	2768	2757
lcc	1	525438392e4d3338372032303030	2768	2757
lcc	1	525438392e4d3338372032303032	2768	2757
lcc	1	525438392e4d3338372032303036	2768	2757
lcc	1	525438392e4d3338372032303132	2768	2757
lcc	1	525438392e4d3338372032303134	2768	2757
lcc	1	525438392e4d3338382031393837	2768	2757
lcc	1	525438392e4d3338382031393938	2768	2757
lcc	1	525438392e4d3338392031393937	2768	2757
lcc	1	525438392e4d3338392032303034	2768	2757
lcc	1	525438392e4d3339332031393836	2768	2757
lcc	1	525438392e4d342031393832	2768	2757
lcc	1	525438392e4d3432352032303130	2768	2757
lcc	1	525438392e4d3432352032303131	2768	2757
lcc	1	525438392e4d3433362031393939	2768	2757
lcc	1	525438392e4d35352032303036	2768	2757
lcc	1	525438392e4d36362031393836	2768	2757
lcc	1	525438392e4d38342032303236	2768	2757
lcc	1	525438392e4e3436352032303032	2768	2757
lcc	1	525438392e4e3633352032303030	2768	2757
lcc	1	525438392e4e37332032303039	2768	2757
lcc	1	525438392e4e3734362032303031	2768	2757
lcc	1	525438392e4e37352031393934	2768	2757
lcc	1	525438392e4e3736352031393835	2768	2757
lcc	1	525438392e4e3736352031393937	2768	2757
lcc	1	525438392e4e3736382031393930	2768	2757
lcc	1	525438392e4e3736382031393938	2768	2757
lcc	1	525438392e4e3738332031393938	2768	2757
lcc	1	525438392e4e3739332031393938	2768	2757
lcc	1	525438392e4e3739362031393935	2768	2757
lcc	1	525438392e4e3739382031393936	2768	2757
lcc	1	525438392e4e3739392032303035	2768	2757
lcc	1	525438392e4e3739392032303131	2768	2757
lcc	1	525438392e4e38372032303230	2768	2757
lcc	1	525438392e4e39332031393938	2768	2757
lcc	1	525438392e4f32372032303130	2768	2757
lcc	1	525438392e4f32372032303131	2768	2757
lcc	1	525438392e4f33382031393836	2768	2757
lcc	1	525438392e4f39382031393936	2768	2757
lcc	1	525438392e50332031393939	2768	2757
lcc	1	525438392e503634372032303134	2768	2757
lcc	1	525438392e5036352031393836	2768	2757
lcc	1	525438392e503635352032303233	2768	2757
lcc	1	525438392e503635372031393930	2768	2757
lcc	1	525438392e5036362031393834	2768	2757
lcc	1	525438392e5037352031393830	2768	2757
lcc	1	525438392e503736352032303131	2768	2757
lcc	1	525438392e5038342031393838	2768	2757
lcc	1	525438392e5038342031393937	2768	2757
lcc	1	525438392e5234342031393935	2768	2757
lcc	1	525438392e5236332031393938	2768	2757
lcc	1	525438392e5236382031393931	2768	2757
lcc	1	525438392e5238382031393837	2768	2757
lcc	1	525438392e5333392031393836	2768	2757
lcc	1	525438392e533437352031393935	2768	2757
lcc	1	525438392e533532382032303037	2768	2757
lcc	1	525438392e5335332031393834	2768	2757
lcc	1	525438392e5335392031393937	2768	2757
lcc	1	525438392e533737352032303031	2768	2757
lcc	1	525438392e5338332031393930	2768	2757
lcc	1	525438392e5338352032303031	2768	2757
lcc	1	525438392e5338352032303034	2768	2757
lcc	1	525438392e5338352032303039	2768	2757
lcc	1	525438392e5338352032303137	2768	2757
lcc	1	525438392e533835332031393930	2768	2757
lcc	1	525438392e533835332031393935	2768	2757
lcc	1	525438392e5339352032303134	2768	2757
lcc	1	525438392e5339352032303138	2768	2757
lcc	1	525438392e543434362032303036	2768	2757
lcc	1	525438392e5435342031393938	2768	2757
lcc	1	525438392e5436332032303130	2768	2757
lcc	1	525438392e543733332032303131	2768	2757
lcc	1	525438392e563338	2768	2757
lcc	1	525438392e573336372031393938	2768	2757
lcc	1	525438392e5936332032303036	2768	2757
lcc	1	525438392e5936382031393838	2768	2757
lcc	1	52543930202e4135332031393930	2768	2747
lcc	1	52543930202e42332031393934	2768	2747
lcc	1	52543930202e4234372032303036	2768	2747
lcc	1	52543930202e42343720323030366562	2768	2747
lcc	1	52543930202e4333362031393936	2768	2747
lcc	1	52543930202e4333362032303030	2768	2747
lcc	1	52543930202e4333362032303036	2768	2747
lcc	1	52543930202e4334372032303135	2768	2747
lcc	1	52543930202e4336332031393939	2768	2747
lcc	1	52543930202e43363320313939396562	2768	2747
lcc	1	52543930202e4337352032303138	2768	2747
lcc	1	52543930202e443537	2768	2747
lcc	1	52543930202e4436332031393835	2768	2747
lcc	1	52543930202e44382031393832	2768	2747
lcc	1	52543930202e453338	2768	2747
lcc	1	52543930202e4538352032303137	2768	2747
lcc	1	52543930202e4539332031393834	2768	2747
lcc	1	52543930202e4539332031393936	2768	2747
lcc	1	52543930202e4635382032303036	2768	2747
lcc	1	52543930202e4637352032303031	2768	2747
lcc	1	52543930202e4733372032303130	2768	2747
lcc	1	52543930202e473436362032303035	2768	2747
lcc	1	52543930202e4833352032303131	2768	2747
lcc	1	52543930202e4833352032303138	2768	2747
lcc	1	52543930202e483337362032303136	2768	2747
lcc	1	52543930202e4834372032303137	2768	2747
lcc	1	52543930202e4835352031393835	2768	2747
lcc	1	52543930202e4835352031393839	2768	2747
lcc	1	52543930202e4835352031393930	2768	2747
lcc	1	52543930202e4836382031393839	2768	2747
lcc	1	52543930202e4c36352032303039	2768	2747
lcc	1	52543930202e4d33372032303136	2768	2747
lcc	1	52543930202e4d34322031393934	2768	2747
lcc	1	52543930202e4d34332031393832	2768	2747
lcc	1	52543930202e4d34352031393836	2768	2747
lcc	1	52543930202e4d35352032303136	2768	2747
lcc	1	52543930202e4d35352032303139	2768	2747
lcc	1	52543930202e4d35362031393832	2768	2747
lcc	1	52543930202e4e33372031393739	2768	2747
lcc	1	52543930202e4e36382032303036	2768	2747
lcc	1	52543930202e4e36382032303131	2768	2747
lcc	1	52543930202e4e36382032303132	2768	2747
lcc	1	52543930202e4e38362031393937	2768	2747
lcc	1	52543930202e4e38362032303033	2768	2747
lcc	1	52543930202e4e38362032303038	2768	2747
lcc	1	52543930202e4e38362032303130	2768	2747
lcc	1	52543930202e4e38362032303134	2768	2747
lcc	1	52543930202e4e3836322032303033	2768	2747
lcc	1	52543930202e4e3836342032303037	2768	2747
lcc	1	52543930202e4e38372032303139	2768	2747
lcc	1	52543930202e5033352032303131	2768	2747
lcc	1	52543930202e503337322031393835	2768	2747
lcc	1	52543930202e50333732362031393837	2768	2747
lcc	1	52543930202e503337332031393835	2768	2747
lcc	1	52543930202e503337342031393833	2768	2747
lcc	1	52543930202e50333736352032303032	2768	2747
lcc	1	52543930202e503338	2768	2747
lcc	1	52543930202e5034372032303030	2768	2747
lcc	1	52543930202e5036342031393738	2768	2747
lcc	1	52543930202e5036342031393831	2768	2747
lcc	1	52543930202e5037	2768	2747
lcc	1	52543930202e503733	2768	2747
lcc	1	52543930202e5233352031393833	2768	2747
lcc	1	52543930202e5233352031393935	2768	2747
lcc	1	52543930202e5233352031393936	2768	2747
lcc	1	52543930202e5233352032303030	2768	2747
lcc	1	52543930202e5233352032303035	2768	2747
lcc	1	52543930202e5234332031393830	2768	2747
lcc	1	52543930202e5234332031393834	2768	2747
lcc	1	52543930202e5234332031393838	2768	2747
lcc	1	52543930202e5234332031393933	2768	2747
lcc	1	52543930202e5234332031393937	2768	2747
lcc	1	52543930202e5234332032303030	2768	2747
lcc	1	52543930202e5234332032303037	2768	2747
lcc	1	52543930202e5234352031393932	2768	2747
lcc	1	52543930202e5234352031393939	2768	2747
lcc	1	52543930202e5236352031393838	2768	2747
lcc	1	52543930202e533239382031393934	2768	2747
lcc	1	52543930202e5339372032303137	2768	2747
lcc	1	52543930202e54343133372032303135	2768	2747
lcc	1	52543930202e5434322031393932	2768	2747
lcc	1	52543930202e543432322031393932	2768	2747
lcc	1	52543930202e5535332031393836	2768	2747
lcc	1	52543930202e5735362031393935	2768	2747
lcc	1	52543930202e5735382032303039	2768	2747
lcc	1	52543930202e5735382032303132	2768	2747
lcc	1	52543930202e5735382032303133	2768	2747
lcc	1	52543930202e5735382032303137	2768	2747
lcc	1	52543930202e5735392032303132	2768	2747
lcc	1	52543930202e5a33362031393838	2768	2747
lcc	1	52543930205235352031393838	2768	2747
lcc	1	525439302e33202e4133322032303039	2768	2747
lcc	1	525439302e33202e43342032303032	2768	2747
lcc	1	525439302e33202e4335332032303134	2768	2747
lcc	1	525439302e33202e4734332032303031	2768	2747
lcc	1	525439302e33202e4834332031393933	2768	2747
lcc	1	525439302e33202e4834332031393937	2768	2747
lcc	1	525439302e33202e483433352031393934	2768	2747
lcc	1	525439302e33202e483433352031393938	2768	2747
lcc	1	525439302e33202e483433352032303032	2768	2747
lcc	1	525439302e33202e483433352032303036	2768	2747
lcc	1	525439302e33202e483433352032303130	2768	2747
lcc	1	525439302e33202e483433352032303138	2768	2747
lcc	1	525439302e33202e4b35332031393935	2768	2747
lcc	1	525439302e33202e4d33352031393934	2768	2747
lcc	1	525439302e33202e4d35332031393835	2768	2747
lcc	1	525439302e33202e4d35352032303133	2768	2747
lcc	1	525439302e33202e4d35352032303138	2768	2747
lcc	1	525439302e33202e4e38362031393839	2768	2747
lcc	1	525439302e33202e50353620323030396562	2768	2747
lcc	1	525439302e33202e5037362031393839	2768	2747
lcc	1	525439302e33202e5236372031393837	2768	2747
lcc	1	525439302e33202e5434332031393836	2768	2747
lcc	1	525439302e33202e5434332031393932	2768	2747
lcc	1	525439302e33202e5434332031393938	2768	2747
lcc	1	525439302e332e4334382031393835	2768	2747
lcc	1	525439302e332e4334382031393936	2768	2747
lcc	1	525439302e332e483433352032303036	2768	2747
lcc	1	525439302e332e483433352032303130	2768	2747
lcc	1	525439302e332e483433352032303133	2768	2747
lcc	1	525439302e332e483433352032303137	2768	2747
lcc	1	525439302e332e4b35332031393935	2768	2747
lcc	1	525439302e332e4b35332032303034	2768	2747
lcc	1	525439302e332e4c35362031393936	2768	2747
lcc	1	525439302e332e4e38362031393839	2768	2747
lcc	1	525439302e332e4e38372031393837	2768	2747
lcc	1	525439302e332e5037362031393839	2768	2747
lcc	1	525439302e332e5434332031393836	2768	2747
lcc	1	525439302e332e5434332031393938	2768	2747
lcc	1	525439302e35202e423733	2768	2747
lcc	1	525439302e35202e4935382031393939	2768	2747
lcc	1	525439302e35202e4b37352031393731	2768	2747
lcc	1	525439302e35202e5034372031393733	2768	2747
lcc	1	525439302e35202e5434	2768	2747
lcc	1	525439302e352e4935382031393939	2768	2747
lcc	1	525439302e37202e4133382031393939	2768	2747
lcc	1	525439302e37202e4136342032303133	2768	2747
lcc	1	525439302e37202e4137322031393933	2768	2747
lcc	1	525439302e37202e4236392031393932	2768	2747
lcc	1	525439302e37202e4333362031393935	2768	2747
lcc	1	525439302e37202e433336362031393938	2768	2747
lcc	1	525439302e37202e4333372031393930	2768	2747
lcc	1	525439302e37202e4334372031393938	2768	2747
lcc	1	525439302e37202e4334372032303033	2768	2747
lcc	1	525439302e37202e433633362032303031	2768	2747
lcc	1	525439302e37202e433633362032303038	2768	2747
lcc	1	525439302e37202e433633362032303137	2768	2747
lcc	1	525439302e37202e4336342031393933	2768	2747
lcc	1	525439302e37202e4336342031393937	2768	2747
lcc	1	525439302e37202e4336342032303031	2768	2747
lcc	1	525439302e37202e4336342032303035	2768	2747
lcc	1	525439302e37202e4336352031393839	2768	2747
lcc	1	525439302e37202e4434352031393933	2768	2747
lcc	1	525439302e37202e48333620323030386562	2768	2747
lcc	1	525439302e37202e4d33363820323030326562	2768	2747
lcc	1	525439302e37202e4f39342032303134	2768	2747
lcc	1	525439302e37202e5036372032303030	2768	2747
lcc	1	525439302e37202e5036372032303130	2768	2747
lcc	1	525439302e37202e5036372032303139	2768	2747
lcc	1	525439302e37202e5037352032303030	2768	2747
lcc	1	525439302e37202e5037362032303130	2768	2747
lcc	1	525439302e37202e5434362032303133	2768	2747
lcc	1	525439302e37202e5737342031393934	2768	2747
lcc	1	525439302e372e4333362031393935	2768	2747
lcc	1	525439302e372e4333372031393930	2768	2747
lcc	1	525439302e372e4334372031393938	2768	2747
lcc	1	525439302e372e4334372032303032	2768	2747
lcc	1	525439302e372e433633362032303038	2768	2747
lcc	1	525439302e372e4336342032303031	2768	2747
lcc	1	525439302e372e4336372031393939	2768	2747
lcc	1	525439302e372e4833392031393938	2768	2747
lcc	1	525439302e372e5036372032303030	2768	2747
lcc	1	525439302e372e5036382031393936	2768	2747
lcc	1	525439302e372e5037352032303030	2768	2747
lcc	1	525439302e4333362032303030	2768	2747
lcc	1	525439302e433436342032303139	2768	2747
lcc	1	525439302e4436332031393835	2768	2747
lcc	1	525439302e4538352032303035	2768	2747
lcc	1	525439302e4539332031393936	2768	2747
lcc	1	525439302e463734372032303137	2768	2747
lcc	1	525439302e4733372032303039	2768	2747
lcc	1	525439302e4733372032303130	2768	2747
lcc	1	525439302e473436362032303035	2768	2747
lcc	1	525439302e4833352032303131	2768	2747
lcc	1	525439302e4833352032303138	2768	2747
lcc	1	525439302e4833362031393836	2768	2747
lcc	1	525439302e4836382031393839	2768	2747
lcc	1	525439302e4c36362031393939	2768	2747
lcc	1	525439302e4d34322031393934	2768	2747
lcc	1	525439302e4d35352032303136	2768	2747
lcc	1	525439302e4e36382032303131	2768	2747
lcc	1	525439302e4e38362032303134	2768	2747
lcc	1	525439302e5033352032303131	2768	2747
lcc	1	525439302e503337322031393835	2768	2747
lcc	1	525439302e50333732362031393837	2768	2747
lcc	1	525439302e503337332031393835	2768	2747
lcc	1	525439302e50333734332031393837	2768	2747
lcc	1	525439302e503337352031393930	2768	2747
lcc	1	525439302e50333736352032303032	2768	2747
lcc	1	525439302e5034372032303030	2768	2747
lcc	1	525439302e5233342031393937	2768	2747
lcc	1	525439302e5233352031393930	2768	2747
lcc	1	525439302e5233352031393936	2768	2747
lcc	1	525439302e5233352032303030	2768	2747
lcc	1	525439302e5233352032303035	2768	2747
lcc	1	525439302e5234332032303031	2768	2747
lcc	1	525439302e5234332032303037	2768	2747
lcc	1	525439302e533239382031393934	2768	2747
lcc	1	525439302e54343133372032303138	2768	2747
lcc	1	525439302e54343133372032303232	2768	2747
lcc	1	525439302e5735382032303039	2768	2747
lcc	1	525439302e5735382032303133	2768	2747
lcc	1	525439302e5a33362031393838	2768	2747
lcc	1	52543935202e4137362031393738	2768	2747
lcc	1	52543935202e43363536322031393936	2768	2747
lcc	1	52543935202e43372031393833	2768	2747
lcc	1	52543935202e4338372032303035	2768	2747
lcc	1	52543935202e453634	2768	2747
lcc	1	52543935202e493533	2768	2747
lcc	1	52543935202e493533332031393834	2768	2747
lcc	1	52543935202e4b35372031393838	2768	2747
lcc	1	52543935202e4d32352031393735	2768	2747
lcc	1	52543935202e5733372032303136	2768	2747
lcc	1	525439352e4338372032303035	2768	2747
lcc	1	52543937202e413638	2768	2755
lcc	1	52543937202e4237352031393835	2768	2755
lcc	1	52543937202e4238342031393839	2768	2755
lcc	1	52543937202e423933	2768	2755
lcc	1	52543937202e433436	2768	2755
lcc	1	52543937202e433533	2768	2755
lcc	1	52543937202e43353832332031393937	2768	2755
lcc	1	52543937202e433633362031393730	2768	2755
lcc	1	52543937202e433635	2768	2755
lcc	1	52543937202e4338372032303132	2768	2755
lcc	1	52543937202e46342031393732	2768	2755
lcc	1	52543937202e47332031393737	2768	2755
lcc	1	52543937202e4733372032303031	2768	2755
lcc	1	52543937202e4833332031393834	2768	2755
lcc	1	52543937202e4834	2768	2755
lcc	1	52543937202e483536	2768	2755
lcc	1	52543937202e4935372032303039	2768	2755
lcc	1	52543937202e4938372032303039	2768	2755
lcc	1	52543937202e4c33392031393731	2768	2755
lcc	1	52543937202e4c3433	2768	2755
lcc	1	52543937202e4c3635	2768	2755
lcc	1	52543937202e4d3338	2768	2755
lcc	1	52543937202e4e38372031393839	2768	2755
lcc	1	52543937202e4e38382032303131	2768	2755
lcc	1	52543937202e5037362032303037	2768	2755
lcc	1	52543937202e50383332352032303131	2768	2755
lcc	1	52543937202e50383332352032303133	2768	2755
lcc	1	52543937202e50383332362032303037	2768	2755
lcc	1	52543937202e503833352032303031	2768	2755
lcc	1	52543937202e503833362032303131	2768	2755
lcc	1	52543937202e503833362032303133	2768	2755
lcc	1	52543937202e503833372032303037	2768	2755
lcc	1	52543937202e503833382032303039	2768	2755
lcc	1	52543937202e5038352032303038	2768	2755
lcc	1	52543937202e523633	2768	2755
lcc	1	52543937202e5332382032303135	2768	2755
lcc	1	52543937202e5332382032303136	2768	2755
lcc	1	52543937202e5333332032303131	2768	2755
lcc	1	52543937202e5333332032303134	2768	2755
lcc	1	52543937202e5333352031393738	2768	2755
lcc	1	52543937202e5335	2768	2755
lcc	1	52543937202e5337382032303037	2768	2755
lcc	1	52543937202e5337382032303038	2768	2755
lcc	1	52543937202e5435332031393935	2768	2755
lcc	1	52543937202e5937352032303035	2768	2755
lcc	1	525439372e4238342031393839	2768	2755
lcc	1	525439372e4338372032303132	2768	2755
lcc	1	525439372e47333720323031346562	2768	2755
lcc	1	525439372e5036372032303034	2768	2755
lcc	1	525439372e503833352032303031	2768	2755
lcc	1	525439372e503833362032303131	2768	2755
lcc	1	525439372e50383337362032303037	2768	2755
lcc	1	525439372e503833382032303039	2768	2755
lcc	1	52543938202e413235352031393937	2768	2755
lcc	1	52543938202e4132372031393937	2768	2755
lcc	1	52543938202e4133372031393937	2768	2755
lcc	1	52543938202e4133372031393938	2768	2755
lcc	1	52543938202e41333720313939386562	2768	2755
lcc	1	52543938202e4134352031393837	2768	2755
lcc	1	52543938202e413533332032303030	2768	2755
lcc	1	52543938202e413533332032303034	2768	2755
lcc	1	52543938202e413533332032303038	2768	2755
lcc	1	52543938202e413533332032303131	2768	2755
lcc	1	52543938202e413533332032303135	2768	2755
lcc	1	52543938202e413533332032303139	2768	2755
lcc	1	52543938202e4135372031393835	2768	2755
lcc	1	52543938202e4137332031393739	2768	2755
lcc	1	52543938202e4137332031393835	2768	2755
lcc	1	52543938202e41382031393939	2768	2755
lcc	1	52543938202e4138352032303030	2768	2755
lcc	1	52543938202e423436	2768	2755
lcc	1	52543938202e4234362031393830	2768	2755
lcc	1	52543938202e423536	2768	2755
lcc	1	52543938202e423732332031393834	2768	2755
lcc	1	52543938202e4238372031393833	2768	2755
lcc	1	52543938202e423837332031393833	2768	2755
lcc	1	52543938202e4239372031393836	2768	2755
lcc	1	52543938202e4333362032303032	2768	2755
lcc	1	52543938202e4334342032303138	2768	2755
lcc	1	52543938202e4334342032303232	2768	2755
lcc	1	52543938202e433534	2768	2755
lcc	1	52543938202e4335342032303038	2768	2755
lcc	1	52543938202e433536	2768	2755
lcc	1	52543938202e4335362031393931	2768	2755
lcc	1	52543938202e4335362031393935	2768	2755
lcc	1	52543938202e4335362031393938	2768	2755
lcc	1	52543938202e4336322032303130	2768	2755
lcc	1	52543938202e433632352032303030	2768	2755
lcc	1	52543938202e433632362032303134	2768	2755
lcc	1	52543938202e433632372032303032	2768	2755
lcc	1	52543938202e4336332031393838	2768	2755
lcc	1	52543938202e43363331352031393938	2768	2755
lcc	1	52543938202e43363331352032303031	2768	2755
lcc	1	52543938202e43363331352032303035	2768	2755
lcc	1	52543938202e43363331352032303039	2768	2755
lcc	1	52543938202e433633322031393936	2768	2755
lcc	1	52543938202e433635	2768	2755
lcc	1	52543938202e433635322031393937	2768	2755
lcc	1	52543938202e433635342031393833	2768	2755
lcc	1	52543938202e43363534342031393935	2768	2755
lcc	1	52543938202e43363534342031393937	2768	2755
lcc	1	52543938202e43363534352032303133	2768	2755
lcc	1	52543938202e43363534362031393936	2768	2755
lcc	1	52543938202e43363534372031393839	2768	2755
lcc	1	52543938202e4336353437322032303132	2768	2755
lcc	1	52543938202e4336353437342031393938	2768	2755
lcc	1	52543938202e4336353437342032303134	2768	2755
lcc	1	52543938202e4336353533782031393936	2768	2755
lcc	1	52543938202e43363535352031393839	2768	2755
lcc	1	52543938202e43363535352031393930	2768	2755
lcc	1	52543938202e433635362031393831	2768	2755
lcc	1	52543938202e433635362031393835	2768	2755
lcc	1	52543938202e43363536322031393838	2768	2755
lcc	1	52543938202e43363536322031393932	2768	2755
lcc	1	52543938202e43363536322031393936	2768	2755
lcc	1	52543938202e43363536322032303132	2768	2755
lcc	1	52543938202e43363536322032303134	2768	2755
lcc	1	52543938202e43363536322032303136	2768	2755
lcc	1	52543938202e4336353632332031393935	2768	2755
lcc	1	52543938202e4336353632332032303030	2768	2755
lcc	1	52543938202e4336353632332032303035	2768	2755
lcc	1	52543938202e4336353632332032303039	2768	2755
lcc	1	52543938202e4336353632332032303133	2768	2755
lcc	1	52543938202e4336353632372032303037	2768	2755
lcc	1	52543938202e43363536332031393837	2768	2755
lcc	1	52543938202e4336353633382032303030	2768	2755
lcc	1	52543938202e43363536342031393837	2768	2755
lcc	1	52543938202e433635372031393836	2768	2755
lcc	1	52543938202e43363537352031393939	2768	2755
lcc	1	52543938202e43363538	2768	2755
lcc	1	52543938202e4336362031393934	2768	2755
lcc	1	52543938202e4336362031393935	2768	2755
lcc	1	52543938202e4336362031393937	2768	2755
lcc	1	52543938202e4336362032303031	2768	2755
lcc	1	52543938202e43363632352031393935	2768	2755
lcc	1	52543938202e433636332032303030	2768	2755
lcc	1	52543938202e433636332032303038	2768	2755
lcc	1	52543938202e433636342032303131	2768	2755
lcc	1	52543938202e433637	2768	2755
lcc	1	52543938202e4336372032303133	2768	2755
lcc	1	52543938202e4336382031393737	2768	2755
lcc	1	52543938202e4337332031393834	2768	2755
lcc	1	52543938202e4337332032303034	2768	2755
lcc	1	52543938202e4433362032303137	2768	2755
lcc	1	52543938202e4434362032303230	2768	2755
lcc	1	52543938202e4434392032303031	2768	2755
lcc	1	52543938202e4435362031393834	2768	2755
lcc	1	52543938202e443537	2768	2755
lcc	1	52543938202e4435372031393835	2768	2755
lcc	1	52543938202e443537342032303132	2768	2755
lcc	1	52543938202e443537352032303030	2768	2755
lcc	1	52543938202e4437342032303035	2768	2755
lcc	1	52543938202e4437342032303036	2768	2755
lcc	1	52543938202e4437342032303131	2768	2755
lcc	1	52543938202e4437342032303136	2768	2755
lcc	1	52543938202e4438362031393832	2768	2755
lcc	1	52543938202e4532372031393835	2768	2755
lcc	1	52543938202e4534342031393834	2768	2755
lcc	1	52543938202e453738352032303032	2768	2755
lcc	1	52543938202e4538372032303033	2768	2755
lcc	1	52543938202e4539342031393939	2768	2755
lcc	1	52543938202e463332	2768	2755
lcc	1	52543938202e4633342031393733	2768	2755
lcc	1	52543938202e4633362031393836	2768	2755
lcc	1	52543938202e4637332031393831	2768	2755
lcc	1	52543938202e4638362031393934	2768	2755
lcc	1	52543938202e4638362032303036	2768	2755
lcc	1	52543938202e4733382032303037	2768	2755
lcc	1	52543938202e4738352031393835	2768	2755
lcc	1	52543938202e4833332031393837	2768	2755
lcc	1	52543938202e483336	2768	2755
lcc	1	52543938202e483336342031393838	2768	2755
lcc	1	52543938202e4833372031393831	2768	2755
lcc	1	52543938202e4833372032303133	2768	2755
lcc	1	52543938202e483337332032303132	2768	2755
lcc	1	52543938202e483337332032303136	2768	2755
lcc	1	52543938202e4833382032303036	2768	2755
lcc	1	52543938202e48342031393932	2768	2755
lcc	1	52543938202e483432	2768	2755
lcc	1	52543938202e483432332032303030	2768	2755
lcc	1	52543938202e483432332032303035	2768	2755
lcc	1	52543938202e4834332031393838	2768	2755
lcc	1	52543938202e48343320323031326562	2768	2755
lcc	1	52543938202e483433392031393930	2768	2755
lcc	1	52543938202e483433392031393931	2768	2755
lcc	1	52543938202e483434	2768	2755
lcc	1	52543938202e4835342031393835	2768	2755
lcc	1	52543938202e4835382031393939	2768	2755
lcc	1	52543938202e4835382032303033	2768	2755
lcc	1	52543938202e4836392031393930	2768	2755
lcc	1	52543938202e4838362032303035	2768	2755
lcc	1	52543938202e4838362032303039	2768	2755
lcc	1	52543938202e4838362032303133	2768	2755
lcc	1	52543938202e483836342032303030	2768	2755
lcc	1	52543938202e493536	2768	2755
lcc	1	52543938202e493537372031393936	2768	2755
lcc	1	52543938202e493538352031393939	2768	2755
lcc	1	52543938202e4a332031393937	2768	2755
lcc	1	52543938202e4b342031393936	2768	2755
lcc	1	52543938202e4b3433	2768	2755
lcc	1	52543938202e4b343520323030336562	2768	2755
lcc	1	52543938202e4b3439	2768	2755
lcc	1	52543938202e4b35362032303132	2768	2755
lcc	1	52543938202e4b36332031393836	2768	2755
lcc	1	52543938202e4c342031393737	2768	2755
lcc	1	52543938202e4c342031393832	2768	2755
lcc	1	52543938202e4c343134	2768	2755
lcc	1	52543938202e4c3431342031393737	2768	2755
lcc	1	52543938202e4c352031393930	2768	2755
lcc	1	52543938202e4c35342031393837	2768	2755
lcc	1	52543938202e4c36342031393836	2768	2755
lcc	1	52543938202e4c38362032303031	2768	2755
lcc	1	52543938202e4c38362032303039	2768	2755
lcc	1	52543938202e4c38362032303130	2768	2755
lcc	1	52543938202e4c38362032303136	2768	2755
lcc	1	52543938202e4c3836332032303033	2768	2755
lcc	1	52543938202e4d32372031393833	2768	2755
lcc	1	52543938202e4d3237332031393837	2768	2755
lcc	1	52543938202e4d323734352032303032	2768	2755
lcc	1	52543938202e4d32373435332032303038	2768	2755
lcc	1	52543938202e4d3237362031393932	2768	2755
lcc	1	52543938202e4d323736203139393220537570706c2e	2768	2755
lcc	1	52543938202e4d32382032303031	2768	2755
lcc	1	52543938202e4d32392031393836	2768	2755
lcc	1	52543938202e4d32392031393931	2768	2755
lcc	1	52543938202e4d332031393938	2768	2755
lcc	1	52543938202e4d332032303032	2768	2755
lcc	1	52543938202e4d332032303039	2768	2755
lcc	1	52543938202e4d33322032303033	2768	2755
lcc	1	52543938202e4d33342031393930	2768	2755
lcc	1	52543938202e4d33342031393933	2768	2755
lcc	1	52543938202e4d3336362032303039	2768	2755
lcc	1	52543938202e4d36372032303137	2768	2755
lcc	1	52543938202e4d38342031393836	2768	2755
lcc	1	52543938202e4d38382032303136	2768	2755
lcc	1	52543938202e4e35342032303131	2768	2755
lcc	1	52543938202e4e35342032303139	2768	2755
lcc	1	52543938202e4e3536	2768	2755
lcc	1	52543938202e4e38353134	2768	2755
lcc	1	52543938202e4e38353134322032303135	2768	2755
lcc	1	52543938202e4e383531362032303039	2768	2755
lcc	1	52543938202e4e383531372031393932	2768	2755
lcc	1	52543938202e4e383531372031393933	2768	2755
lcc	1	52543938202e4e3835352031393936	2768	2755
lcc	1	52543938202e4e38362031393833	2768	2755
lcc	1	52543938202e4e3837	2768	2755
lcc	1	52543938202e4e38372031393934	2768	2755
lcc	1	52543938202e4e3837362032303031	2768	2755
lcc	1	52543938202e4e38382031393834	2768	2755
lcc	1	52543938202e4e38382031393930	2768	2755
lcc	1	52543938202e4e38382031393931	2768	2755
lcc	1	52543938202e4e38382031393936	2768	2755
lcc	1	52543938202e4e38382031393938	2768	2755
lcc	1	52543938202e4e38382032303033	2768	2755
lcc	1	52543938202e4e38382032303038	2768	2755
lcc	1	52543938202e4e38382032303135	2768	2755
lcc	1	52543938202e4e3838362032303034	2768	2755
lcc	1	52543938202e4e38392031393931	2768	2755
lcc	1	52543938202e4e3937352031393934	2768	2755
lcc	1	52543938202e4f3336	2768	2755
lcc	1	52543938202e5034372031393834	2768	2755
lcc	1	52543938202e5037332031393939	2768	2755
lcc	1	52543938202e50373320313939396562	2768	2755
lcc	1	52543938202e503733352032303033	2768	2755
lcc	1	52543938202e5037342032303038	2768	2755
lcc	1	52543938202e503734342032303132	2768	2755
lcc	1	52543938202e5038332032303039	2768	2755
lcc	1	52543938202e5038332032303130	2768	2755
lcc	1	52543938202e5233342032303136	2768	2755
lcc	1	52543938202e52342031393832	2768	2755
lcc	1	52543938202e52342031393836	2768	2755
lcc	1	52543938202e52342031393931	2768	2755
lcc	1	52543938202e52342031393937	2768	2755
lcc	1	52543938202e523434	2768	2755
lcc	1	52543938202e5234372031393836	2768	2755
lcc	1	52543938202e5236332031393838	2768	2755
lcc	1	52543938202e5236332031393931	2768	2755
lcc	1	52543938202e523637	2768	2755
lcc	1	52543938202e5236372031393932	2768	2755
lcc	1	52543938202e5238372032303134	2768	2755
lcc	1	52543938202e5333342031393835	2768	2755
lcc	1	52543938202e5333342031393930	2768	2755
lcc	1	52543938202e5334332032303030	2768	2755
lcc	1	52543938202e5336362032303031	2768	2755
lcc	1	52543938202e533638	2768	2755
lcc	1	52543938202e5336382031393835	2768	2755
lcc	1	52543938202e533638203139383520537570706c2e	2768	2755
lcc	1	52543938202e5336382031393930	2768	2755
lcc	1	52543938202e5336382031393936	2768	2755
lcc	1	52543938202e533638203139393620537570706c	2768	2755
lcc	1	52543938202e5336382032303031	2768	2755
lcc	1	52543938202e5336382032303035	2768	2755
lcc	1	52543938202e5336382032303130	2768	2755
lcc	1	52543938202e5336382032303134	2768	2755
lcc	1	52543938202e5337383139372032303036	2768	2755
lcc	1	52543938202e5337383139372032303133	2768	2755
lcc	1	52543938202e5337383139372032303134	2768	2755
lcc	1	52543938202e533738322031393932	2768	2755
lcc	1	52543938202e533738322031393936	2768	2755
lcc	1	52543938202e533738332032303031	2768	2755
lcc	1	52543938202e533738342031393833	2768	2755
lcc	1	52543938202e53392031393933	2768	2755
lcc	1	52543938202e53392032303031	2768	2755
lcc	1	52543938202e53392032303037	2768	2755
lcc	1	52543938202e53392032303131	2768	2755
lcc	1	52543938202e53392032303135	2768	2755
lcc	1	52543938202e5339342032303038	2768	2755
lcc	1	52543938202e5434392032303030	2768	2755
lcc	1	52543938202e543439382032303132	2768	2755
lcc	1	52543938202e5435362031393737	2768	2755
lcc	1	52543938202e5435362031393834	2768	2755
lcc	1	52543938202e543637372032303035	2768	2755
lcc	1	52543938202e5438372031393838	2768	2755
lcc	1	52543938202e5438372031393933	2768	2755
lcc	1	52543938202e5634342031393932	2768	2755
lcc	1	52543938202e5636342032303034	2768	2755
lcc	1	52543938202e5636342032303131	2768	2755
lcc	1	52543938202e5636342032303132	2768	2755
lcc	1	52543938202e573534	2768	2755
lcc	1	52543938202e5735352032303039	2768	2755
lcc	1	5254393820433634342032303038	2768	2755
lcc	1	525439382048342031393835	2768	2755
lcc	1	52543938204c33372032303132	2768	2755
lcc	1	52543938204e38372031393833	2768	2755
lcc	1	525439382e35202e4d3320323030336562	2768	2747
lcc	1	525439382e4133372031	2768	2755
lcc	1	525439382e4133372031393938	2768	2755
lcc	1	525439382e4134372031393938	2768	2755
lcc	1	525439382e4135332031393838	2768	2755
lcc	1	525439382e413533332031393936	2768	2755
lcc	1	525439382e413533332032303030	2768	2755
lcc	1	525439382e413533332032303034	2768	2755
lcc	1	525439382e413533332032303038	2768	2755
lcc	1	525439382e413533332032303131	2768	2755
lcc	1	525439382e4137352031393938	2768	2755
lcc	1	525439382e4139342031393938	2768	2755
lcc	1	525439382e4234362031393830	2768	2755
lcc	1	525439382e4239372031393836	2768	2755
lcc	1	525439382e4333372031393838	2768	2755
lcc	1	525439382e433337352032303034	2768	2755
lcc	1	525439382e4333382031393939	2768	2755
lcc	1	525439382e43353434392031393939	2768	2755
lcc	1	525439382e433534352031393834	2768	2755
lcc	1	525439382e4335362031393938	2768	2755
lcc	1	525439382e4335362032303031	2768	2755
lcc	1	525439382e4335372031393935	2768	2755
lcc	1	525439382e433632352032303030	2768	2755
lcc	1	525439382e433632362032303138	2768	2755
lcc	1	525439382e433632362032303231	2768	2755
lcc	1	525439382e433632372032303032	2768	2755
lcc	1	525439382e43363331352031393938	2768	2755
lcc	1	525439382e43363331352032303031	2768	2755
lcc	1	525439382e43363331352032303035	2768	2755
lcc	1	525439382e433633322031393936	2768	2755
lcc	1	525439382e43363534342031393935	2768	2755
lcc	1	525439382e43363534362031393936	2768	2755
lcc	1	525439382e43363534372031393839	2768	2755
lcc	1	525439382e43363536322032303132	2768	2755
lcc	1	525439382e43363536322032303133	2768	2755
lcc	1	525439382e43363536322032303234	2768	2755
lcc	1	525439382e4336353632332032303030	2768	2755
lcc	1	525439382e4336353632332032303035	2768	2755
lcc	1	525439382e4336353632332032303039	2768	2755
lcc	1	525439382e4336353633342032303037	2768	2755
lcc	1	525439382e43363620323031346562	2768	2755
lcc	1	525439382e43363720323031336562	2768	2755
lcc	1	525439382e4434392032303031	2768	2755
lcc	1	525439382e4435342032303034	2768	2755
lcc	1	525439382e4435372031393835	2768	2755
lcc	1	525439382e443537352032303030	2768	2755
lcc	1	525439382e4539342031393939	2768	2755
lcc	1	525439382e4637332031393831	2768	2755
lcc	1	525439382e4833332031393837	2768	2755
lcc	1	525439382e483336342031393838	2768	2755
lcc	1	525439382e483432	2768	2755
lcc	1	525439382e483432332032303030	2768	2755
lcc	1	525439382e483433392031393930	2768	2755
lcc	1	525439382e4834372031393937	2768	2755
lcc	1	525439382e48362032303233	2768	2755
lcc	1	525439382e4836392031393930	2768	2755
lcc	1	525439382e4838362031393937	2768	2755
lcc	1	525439382e4838362032303035	2768	2755
lcc	1	525439382e4838362032303133	2768	2755
lcc	1	525439382e483836342032303030	2768	2755
lcc	1	525439382e4b3439	2768	2755
lcc	1	525439382e4c352031393930	2768	2755
lcc	1	525439382e4c38362032303136	2768	2755
lcc	1	525439382e4d3237332031393837	2768	2755
lcc	1	525439382e4d3237362031393932	2768	2755
lcc	1	525439382e4d32392031393836	2768	2755
lcc	1	525439382e4d32392031393931	2768	2755
lcc	1	525439382e4d332031393938	2768	2755
lcc	1	525439382e4d332032303032	2768	2755
lcc	1	525439382e4d332032303039	2768	2755
lcc	1	525439382e4d33342031393930	2768	2755
lcc	1	525439382e4e383531362032303039	2768	2755
lcc	1	525439382e4e38382031393936	2768	2755
lcc	1	525439382e4e38382032303038	2768	2755
lcc	1	525439382e5033	2768	2755
lcc	1	525439382e5034372031393834	2768	2755
lcc	1	525439382e5037332031393939	2768	2755
lcc	1	525439382e5037342032303038	2768	2755
lcc	1	525439382e5038332032303039	2768	2755
lcc	1	525439382e52342031393832	2768	2755
lcc	1	525439382e52342031393836	2768	2755
lcc	1	525439382e52342031393931	2768	2755
lcc	1	525439382e52342031393937	2768	2755
lcc	1	525439382e5234372031393836	2768	2755
lcc	1	525439382e5236332031393931	2768	2755
lcc	1	525439382e5333342031393835	2768	2755
lcc	1	525439382e5336382031393930	2768	2755
lcc	1	525439382e5336382032303035	2768	2755
lcc	1	525439382e5337362031393938	2768	2755
lcc	1	525439382e5337383139372032303032	2768	2755
lcc	1	525439382e5337383139372032303130	2768	2755
lcc	1	525439382e5337383139372032303231	2768	2755
lcc	1	525439382e533738322032303030	2768	2755
lcc	1	525439382e533738332032303031	2768	2755
lcc	1	525439382e53392032303031	2768	2755
lcc	1	525439382e5339342032303038	2768	2755
lcc	1	525439382e5339342032303132	2768	2755
lcc	1	525439382e5434392032303030	2768	2755
lcc	1	525439382e5434392032303035	2768	2755
lcc	1	525439382e543439382032303235	2768	2755
lcc	1	525439382e5435362031393834	2768	2755
lcc	1	525439382e5438372031393838	2768	2755
lcc	1	525439382e5636342032303033	2768	2755
lcc	1	525439382e5636342032303038	2768	2755
lcc	1	525439382e5636342032303131	2768	2755
lcc	1	525439385336382032303031	2768	2755
lcc	1	525439385336382032303130	2768	2755
