id,before,after
10394,1956-1987. Independence. Bourguiba administration,"Bourguiba Era, 1956–1987"
7406,Destruction of books and libraries. Book burning,Book Burning
7682,Dining room service. Table service. Wine service,Table & Wine Service
13332,"Divisibility, Congruences & Diophantine Analysis",Integer Arithmetic
7126,Elemental spirits. Genii. Elves. Fairies. Gnomes,Nature Spirits
7318,Exchange of students and scholars. Foreign study,Study Abroad
10152,"French Revolutionary & Napoleonic Era, 1789–1815","Revolution & Napoleon, 1789–1815"
9389,"Gastronomy, pleasures of the table, dining, etc.",Gastronomy
4516,"General works, treatises, and advanced textbooks",Logic Textbooks
667,"Greeting Cards, Postcards, Invitations & Jackets",Cards & Invitations
8622,"Ground support systems, operations and equipment",Spaceflight Ground Support
2388,"History of discoveries, explorations, and travel",Exploration History
3753,Hyperborean languages of Arctic Asia and America,Arctic Languages
7391,"Landscapes, views, mountains, etc. Places in art",Landscapes in Art
11198,Metaphysics of the school. Scholastic philosophy,Scholastic Metaphysics
9449,Neuromuscular manifestations of general diseases,Systemic Neuromuscular Disease
12976,"Peace Movements, Antiwar Movements & Nonviolence",Antiwar Movements
6478,"Photography in surveying, aerial surveying, etc.",Photographic Surveying
8854,Physical education facilities. Sports facilities,Sports Facilities
2739,Practice of medicine. Medical practice economics,Medical Practice
8721,Radioactive techniques in laboratory examination,Laboratory Radioisotopes
9707,"Relations to, and treatment of, special subjects",Poetic Themes
11872,Social Security in Latin America & the Caribbean,Latin American Social Security
6570,Stratigraphic divisions (General and zoological),Fossil Stratigraphy
778,Stringed instruments. Bowed stringed instruments,String Instrument Techniques
9275,Textile printing. Calico printing. Cotton dyeing,Textile Printing
8790,Typewriters. Typewriting. Keyboards. Keyboarding,Typing
13300,"Agriculture, Forestry & Extractive-Industry Law",Natural Resource Law
9625,Apparatus auxiliary to dynamoelectric machinery,Electrical Machine Accessories
6799,Biochemical engineering. Bioprocess engineering,Bioprocess Engineering
9578,"Blank books for personal records, diaries, etc.",Blank Journals
8522,Broadcasting. Radio and television broadcasting,Broadcasting Industry
13147,Business Cycles—Social Aspects & Related Topics,Business Cycles & Society
9485,"Collections of maps, globes, etc. Map libraries",Map Collections
7664,"College, Intramural & Interscholastic Athletics",College Athletics
9826,"Composition, typesetting, makeup. Style manuals",Typesetting
6763,Constitution of matter and antimatter (General),Matter & Antimatter Structure
6670,Decorative painting (Commercial and industrial),Decorative Painting
9241,"Earth movements and building. Subsidences, etc.",Building Subsidence
13298,"Economic Constitution, Policy & Development Law",Economic Policy Law
8402,Effect of physical and chemical agents on cells,Cell Responses to External Agents
7519,Electronic information resources. Digital media,Digital Information
13290,European Comparative Law—General & Institutions,Comparative European Law
6250,Exhibitions. Museums. Collectors and collecting,Aviation Museums & Collecting
8121,Exhibitions. Museums. Collectors and collecting,Vehicle Museums & Collecting
7135,"Forensic examination of blood, hair, skin, etc.",Forensic Biological Evidence
3335,French West Africa. French Sahara. West Sahara.,French West Africa & Sahara
8553,Geographical divisions (General and zoological),Fossil Geography
11180,Influence of Greek philosophy on modern thought,Greek Philosophy’s Legacy
9852,Influence of special factors in the environment,Environmental Influences
13314,Intellectual Property & Related Competition Law,IP & Competition Law
8428,Japanese colored wood engravings. Ukiyoe prints,Ukiyo-e Prints
9530,Languages of Central Asia and Chinese Turkestan,Ancient Central Asian Languages
6147,"Libraries & Publishing, Libraries & Bookselling",Libraries & the Book Trade
6553,Literary landmarks. Homes and haunts of authors,Literary Landmarks
6614,Literary landmarks. Homes and haunts of authors,English Literary Landmarks
7409,Literary landmarks. Homes and haunts of authors,German Literary Landmarks
9110,Literary landmarks. Homes and haunts of authors,Italian Literary Landmarks
2735,Medicine and disease in relation to psychology.,Health Psychology
6575,Metal finishing and surface treatment (General),Metal Finishing
4755,"Museum studies. Museum methods, technique, etc.",Museum Studies
13566,"Museums, archives, exhibitions, festivals, etc.",Film Heritage & Festivals
6326,Optoelectronic devices. Photoelectronic devices,Optoelectronics
9746,Packaging for protection from mechanical damage,Protective Packaging
12948,"Preservation, Conservation & Antiquities Policy",Archaeological Conservation
9279,Relation between higher and secondary education,School-to-College Transition
11080,Relation to critical and speculative philosophy,Psychology & Philosophy
6736,"Relations to modern literature; Influence, etc.",Latin Literature’s Modern Legacy
431,Remote Sensing & Geographic Information Systems,Remote Sensing & GIS
13860,"Society, Culture & Australian Capital Territory",Australian Society & Canberra
7712,Statistics as a profession. Vocational guidance,Statistics Careers
9584,Sustainable buildings. Sustainable construction,Green Building
13114,"Veterinary Medicine—General, History & Practice",Veterinary Medicine Overview
8125,Water and civilization. Rivers and civilization,Water & Civilization
11144,"Women. Beauties of female character, etc. Charm",Feminine Virtues
721,Administration and instruction of vocal groups,Vocal Ensemble Teaching
3,Agricultural chemistry. Agricultural chemicals,Agricultural Chemistry
7004,Alcohol and the family. Children of alcoholics,Alcoholism & Families
9002,"Analysis, tests, recorders, purification, etc.",Gas Testing & Purification
6966,"Austronesian, Papuan, and Australian languages",Oceanian Language Families
6061,"Automobiles, Automobile Travel, Motor Vehicles",Motoring
6227,"Biography of teachers, critics, and historians",German Literary Scholars’ Lives
7522,"Biography of teachers, critics, and historians",Swedish Literary Scholars’ Lives
7562,"Biography of teachers, critics, and historians",English Literary Scholars’ Lives
8363,"Biography of teachers, critics, and historians",French Literary Scholars’ Lives
9947,"Biography of teachers, critics, and historians",Italian Literary Scholars’ Lives
492,Cellular telephone services industry. Wireless,Mobile Phone Industry
13325,Comparative Constitutional Principles & Rights,Comparative Constitutional Law
10200,"Democratic Republic (North Vietnam), 1945-1975","Democratic Republic, 1945–1975"
7028,Departments of public health. Boards of health,Public Health Agencies
252,Distribution or transmission of electric power,Electric Power Transmission
299,Environmental effects of industries and plants,Industrial Environmental Impact
13297,European Comparative Economic & Regulatory Law,Comparative European Economic Law
13292,European Comparative Intellectual-Property Law,Comparative European IP Law
9093,European social life and customs. Civilization,Interwar European Society
3298,Ghosts. Apparitions. Hauntings. Haunted places,Ghosts & Hauntings
322,Highway design. Interchanges and intersections,Highway Design
13233,International Disputes & Law of Armed Conflict,International Disputes & War Law
13232,International Law of Peace & Peace Enforcement,International Peace Law
13229,"International Law—Theory, History & Publicists",International Legal Thought
9519,Languages of South America and the West Indies,South American & Caribbean Languages
6142,"Libraries & Teenagers, Young Adults' Libraries",Teen Library Services
3300,Magic (White and Black). Shamanism. Hermetics.,Magic & Shamanism
3503,Malaysia. Malay Peninsula. Straits Settlements,Malaysia & Straits Settlements
9134,Manufacturing engineering. Process engineering,Manufacturing Engineering
6234,Mathematical theory of the figure of the earth,Earth Shape Mathematics
11041,Mechanism. Mechanical theories of the universe,Mechanism in Philosophy
2896,Misuse of therapeutic drugs. Medication errors,Medication Errors & Misuse
11034,Moral and ethical aspects. Professional ethics,Counseling Ethics
7310,"Numeration, number concept, numeration systems",Number Systems
13144,Other Analytical Methods for Physical Problems,Other Physics Analysis Methods
13323,Philosophy & Social Aspects of Science—General,"Science, Philosophy & Society"
8069,Precious metals. Gold and silver work. Jewelry,Precious Metalworking
13620,"Production, Productivity & Industrial Location",Production & Industrial Location
8565,Radiation environment procedures and equipment,Radiation Safety Equipment
5318,Regional organization and integration (Europe),European Integration Law
10866,"Relation to aesthetics (Art, literature, etc.)",Ethics & Aesthetics
2323,"School Administration, Management & Discipline",School Administration
6669,"School, Intramural & Interscholastic Athletics",School Athletics
13188,"Soil Fertility, Nutrition & Crop Relationships",Soil Fertility
6881,"Stewarding, Catering & Kitchen-Control Manuals",Catering Management
3626,Terrestrial evidence of interplanetary voyages,Ancient Astronaut Evidence
7321,Translation of foreign literature into English,Literary Translation into English
13115,Veterinary Public Health & Preventive Medicine,Preventive Veterinary Medicine
2383,"Adventures, shipwrecks, buried treasure, etc.",Adventure & Lost Treasure
6898,After-school programs. After-school education,After-School Programs
9913,"Alcoholism and the state. Regulation, control",Alcohol Policy
8947,Aleatory music. Electronic music. Mixed media,Experimental Instrumental Music
13051,Apologetics against Opponents of Christianity,Christian Apologetics
5956,"Applications, Résumés & Employment Portfolios",Job Applications & Résumés
8392,Applied acoustooptics. Acoustooptical devices,Acousto-Optics
8183,Art study in elementary and secondary schools,School Art Education
199,Buildings: Construction with reference to use,Building Types
9495,Choice of subject. Titles. Themes and motives,Painting Themes
10074,Choice of subject. Titles. Themes and motives,Art Themes
5329,"Civics, Citizenship & Political Participation",Civic Participation
726,Composition. Elements and techniques of music,Music Composition
9867,Computer-assisted drafting. Computer graphics,Computer-Aided Drafting
2583,Congenital disorders of the skin. Nevi. Moles,Congenital Skin Disorders
665,"Copying, enlarging, and reduction of drawings",Drawing Reproduction
5884,Cultivation Methods & Controlled Environments,Plant Cultivation
9368,Dormitories. Residence halls. Student housing,Student Housing
848,Elementary schools. Junior high schools. High,School Music Education
11188,Epistemology and ethics. Intellectual virtues,Intellectual Virtues
4710,Family history covering more than one country,International Family History
11,Farm economics. Farm management. Agricultural,Farm Management
13057,"Greek Style, Rhetoric, Etymology & Lexicology",Greek Rhetoric & Vocabulary
10303,"Historic monuments, landmarks, etc. (General)",Central African Landmarks
10634,History of several countries treated together,Multinational History
9809,History. Collections of etchings in book form,Etching History & Collections
6687,Hospital patients. Hospital-patient relations,Hospital Patient Relations
7621,"Hypodermic, Intradermal & Intramuscular Drugs",Injectable Drugs
447,Industrial research. Research and development,Industrial R&D
7340,Kannada. Kanarese (including Baḍaga dialect),Kannada
15,"Land Improvement, Reclamation & Fertilization",Farmland Improvement
8224,Languages of Asia Minor (Anatolian languages),Anatolian Languages
5303,Law societies. International bar associations,International Bar Associations
6236,"Manuals of instruction, etc. Courses of study",Elementary Teaching Manuals
13321,Mathematical Economics & Quantitative Methods,Mathematical Economics
2732,"Medical Physics, Radiology & Nuclear Medicine",Medical Physics
6929,Medical laboratory technology as a profession,Medical Laboratory Careers
6913,Mendicancy. Vagabondism. Tramps. Homelessness,Homelessness
7763,Motor vehicle operation. Automobile operation,Driving
11350,"National Awakening & Imperial Rule, 1800–1918","National Awakening, 1800–1918"
11386,"National Awakening & Imperial Rule, 1800–1918","National Awakening, 1800–1918"
7188,"National Diet, Food Supply & Nutrition Policy",Food & Nutrition Policy
4272,Non-Aryan Languages of India & Southeast Asia,Non-Indo-Aryan Asian Literature
6495,Nutrition for Disabled Children & Adolescents,Disabled Children’s Nutrition
2571,Oral and dental medicine. Pathology. Diseases,Oral Medicine
7962,Permanent way. Superstructure. Roadway. Track,Railway Track
11499,"Principality & Kingdom of Bulgaria, 1878–1944","Principality & Kingdom, 1878–1944"
7300,Properties of matter and antimatter (General),Matter & Antimatter Properties
3309,Psychic research. Psychology of the conscious,Psychical Research
10902,"Psychology of influence, pattern, and example",Psychology of Influence
13042,"Reasoning, Judgment & Other Thought Processes",Reasoning & Judgment
5317,Regional comparative and uniform law (Europe),European Comparative Law
7955,"Registration of physicians, pharmacists, etc.",Health Professional Licensing
11385,"Revolution, Soviet Formation & War, 1917–1945","Revolution & Soviet Era, 1917–1945"
6995,Rhinitis. Acute nasopharyngitis (Common cold),Rhinitis & Common Colds
12040,Russia. Soviet Union. Former Soviet republics,Russian & Ex-Soviet Economic History
13463,Russia. Soviet Union. Former Soviet republics,Russian & Ex-Soviet Folklore
13489,Russia. Soviet Union. Former Soviet republics,Russian & Ex-Soviet Local Government
9021,Self-control. Willpower. Self-help techniques,Self-Control
8172,"Syllogisms. Enthymeme. Sorites. Dilemma, etc.",Syllogistic Reasoning
440,Technical & Manufacturing Industries & Trades,Manufacturing Trades
4547,Telepathy. Mind reading. Thought transference,Telepathy
4788,Theoretical astronomy and celestial mechanics,Celestial Mechanics
9145,Urban and metropolitan transportation systems,Urban Transport
5962,"Academies, Societies, Universities & Museums",Scholarly Institution Bibliographies
7290,Accidents and their prevention. Space safety,Spaceflight Safety
8657,Analytic toxicology. Examination for poisons,Poison Detection
11885,Atlantic Islands Government & Administration,Atlantic Island Governments
6806,Audiovisual education. Audiovisual materials,Audiovisual Teaching
3705,"Austronesian, Oceanic & Australian Languages",Oceanian & Austronesian Languages
7421,"Biography of bartenders, saloonkeepers, etc.",Bartender Biographies
11920,Central American Government & Administration,Central American Governments
12913,"Christian Life, Service & Religious Vocation",Christian Living
4586,Christianity in relation to special subjects,Christianity & Other Subjects
5932,"Civil, Structural & Geotechnical Engineering",Civil Engineering
3065,Clothing manufacture. Dressmaking. Tailoring,Clothing Making
9596,Collections in special libraries and museums,Illuminated Manuscript Collections
6030,"Computer Science, Electronic Data Processing",Computer Science
12202,Construction & Building Materials Industries,Building Materials Industry
13286,Contemporary & Readable English Translations,Modern English Bibles
9929,Cost effectiveness. Benefits-to-costs ratios,Cost-Benefit Analysis
7065,Dermatalgia. Pruritis and related conditions,Skin Pain & Itching
9963,Design and construction in special materials,Structural Materials
5604,"Dictionaries, Encyclopedias & Language Tools",Reference Books
5396,Differential psychology. Individuality. Self,Individual Differences
13613,"Economic History: Study, Teaching & Research",Economic History Research
8781,Educational Research & Regional Laboratories,Educational Research
250,Electrical engineering. Electronics. Nuclear,Electrical Engineering
5558,"Environment, Agriculture & Natural Resources",Environment & Resource Law
1009,Examination and conservation of works of art,Art Conservation
9471,Experimental Pharmacology & Drug Development,Drug Development
3982,"Fairy Tales, Folk Tales, Legends & Mythology",Folklore-Inspired Fiction
4337,"Fairy Tales, Folk Tales, Legends & Mythology",Folklore Literary Criticism
8815,Geometrical and mathematical crystallography,Mathematical Crystallography
9830,Gravitational waves. Gravitational radiation,Gravitational Waves
9045,Heredity and environment. Nature and nurture,Nature & Nurture
13334,"Higher Congruences, Residues & Fermat Theory",Modular Arithmetic
4596,History of specific doctrines and movements.,Christian Doctrine History
8368,"History of states and counties, collectively",U.S. State & County History
9155,Hydrotherapy. Aquatic therapy. Balneotherapy,Hydrotherapy
8890,Illuminated Works: Histories & Reproductions,Illuminated Manuscript Studies
9730,"Imaginary books. Lost books. Forgeries, etc.",Imaginary & Lost Books
10406,Indian libraries. Library service to Indians,Native American Libraries
10964,Infant psychology. Newborn infant psychology,Infant Psychology
12295,Information Technology & Information Society,Information Society
7210,Instruments. Nuclear reactor instrumentation,Reactor Instrumentation
5348,International organizations and associations,International Organizations
13253,"Islamic Observance, Practice & Legal Schools",Islamic Legal Practice
13250,"Jewish Administrative, Health & Cultural Law",Jewish Public Administration Law
10011,Logarithms. Tables of mathematical functions,Mathematical Function Tables
8544,Malingering. Feigned diseases. Self injuries,Malingering & Self-Injury
8415,Medical economics. Economics of medical care,Health Economics
2729,Medical education. Medical schools. Research,Medical Education
6355,"Medical secretaries, office assistants, etc.",Medical Office Staff
9849,"Menus, bills of fare, kitchen almanacs, etc.",Menus
1419,"Mice, Hamsters, Guinea Pigs, Squirrels, etc.",Rodents
7724,Microscopic analysis of rocks. Thin sections,Rock Microscopy
12448,Migration in Atlantic & Indian Ocean Islands,Atlantic & Indian Island Migration
8360,Miscellaneous aspects of the general subject,Other Aeronautics Topics
8147,Mutation in evolution. Evolutionary genetics,Evolutionary Genetics
13327,National Constitutional Foundations & Rights,National Constitutional Law
7843,Operational calculus. Laplace transformation,Operational Calculus
401,Ore deposits and mining of particular metals,Metal Mining
8974,Philosophy. Theory. Relation to other topics,Chivalry Theory
6784,Photogravure. Heliogravure. Intaglio process,Photogravure
6618,Physical properties in relation to structure,Structure–Property Relationships
8380,Powder metallurgy processes and manufactures,Powder Metallurgy
402,Practical mining operations. Safety measures,Mining Operations & Safety
9505,"Quotations, maxims, etc., and birthday books",Music Quotations
3928,Relations to other literatures and countries,English & World Literature
7558,Remodeling buildings for other use (General),Building Conversion
9675,"Reports of commissions, investigations, etc.",Hypnosis Research Reports
5915,"Research, Innovation & Intellectual Property",Technology Research & Innovation
13541,Science as a profession. Vocational guidance,Science Careers
13525,Scientific voyages and expeditions (General),Scientific Expeditions
11865,"Social Insurance, Social Security & Pensions",Social Security & Pensions
9200,Special factors in the production of disease,Disease Risk Factors
11178,"Spirit messages, inspirational records, etc.",Spirit Messages
5913,"Systems, Industrial Engineering & Management",Industrial & Systems Engineering
8352,Textual. Interpretation of detached passages,Latin Textual Criticism
7,Agricultural meteorology. Crops and climate,Agricultural Meteorology
5469,Alcoholism. Intemperance. Temperance reform,Alcoholism & Temperance
5719,"Analysis, Calculus & Differential Equations",Analysis & Calculus
3263,Ancient Mysteries & Controversial Knowledge,Ancient Mysteries
8938,"Associations, conferences, congresses, etc.",Higher Education Associations
2269,"Behavioral, Emotional & Social Disabilities",Behavioral Disabilities
13135,Biblical Criticism & Interpretation—General,Biblical Criticism
8200,Chemical compounds - Structure and formulas,Chemical Structure
13206,Christian Religious Biography & Confessions,Christian Biographies
10285,Chronicles and works written from 1525-1800,"Chronicles, 1525–1800"
4587,Church of Jesus Christ of Latter-day Saints,Latter-day Saints Church
10259,"Congress of Vienna and Aftermath, 1815–1830","Vienna Settlement, 1815–1830"
6648,Conservation and restoration of photographs,Photo Conservation
12692,"Covenants, Theodicy & Relationship with God",Christianity & God’s Justice
203,Details in building design and construction,Building Details
3397,Discovery of America and early explorations,Exploration of the Americas
2708,Disease due to physical and chemical agents,Environmental Disease
8283,Diseases of the rectum and anus. Proctology,Proctology
8943,Dutch literature outside of the Netherlands,Dutch Literature Abroad
9630,Electronic government information resources,Digital Government Information
5061,Ethnology. Social and cultural anthropology,Sociocultural Anthropology
8631,Examination of enzymes. Clinical enzymology,Clinical Enzymology
7881,External medication. Transdermal medication,Topical Medication
219,Fermentation industries. Beverages. Alcohol,Fermentation Industry
7227,Finance. Income and expenditure. Accounting,Higher Education Finance
5064,"Folk beliefs, superstitions, etc. (General)",Folk Beliefs
30,Forest meteorology. Forest microclimatology,Forest Meteorology
10135,"French Rule & United Netherlands, 1794–1830","French & Dutch Rule, 1794–1830"
7320,"General special. Examination, testing, etc.",Rubber Testing
9318,Government policy. Telecommunication policy,Telecommunications Policy
7246,"Growth Disorders, Hypertrophy & Hyperplasia",Growth Disorders
10045,Growth and development of premature infants,Premature Infant Development
3066,Hairdressing. Beauty culture. Barbers' work,Hairdressing & Beauty
334,Harbors and coast protective works. Coastal,Harbor & Coastal Engineering
8806,Hospital and health facility administration,Hospital Administration
10133,"Houses of Habsburg and Luxemburg, 1273-1519","Habsburg & Luxemburg, 1273–1519"
760,Improvisation. Accompaniment. Transposition,Music Improvisation
6220,"Individual addresses, essays, lectures, etc",English Essays & Speeches
2816,Infant and neonatal morbidity and mortality,Infant Illness & Mortality
12552,Information Technology & Management Systems,Management Information Systems
9432,Inhalation toxicology. Pulmonary toxicology,Inhalation Toxicology
6671,"Internal combustion engines, Spark ignition",Spark-Ignition Engines
6222,International Criminal-Justice Associations,Criminal Justice Associations
13231,International Legal Community & Its Members,International Legal Actors
13259,"Islamic Economic, Regulatory & Criminal Law",Islamic Regulation & Criminal Law
13245,"Jewish Law—Sources, History & General Works",Jewish Law Foundations
5246,Life skills. Coping skills. Everyday living,Life Skills
2843,Medical geography. Climatology. Meteorology,Medical Geography
13848,Medieval & Modern Italy — General & Culture,Medieval & Modern Culture
8157,Mongolian People's Republic. Outer Mongolia,Mongolian Bibliography
9513,Optical instruments and apparatus (General),Optical Instruments
13083,Orthodox Churches of the Balkans & Caucasus,Balkan & Caucasian Orthodoxy
11901,Pacific Islands Government & Administration,Pacific Island Governments
8498,Paints and pigments. Zinc oxide. Iron oxide,Paints & Pigments
932,Photographic processing. Darkroom technique,Photo Processing
9419,Poetry and other belles lettres about music,Music in Literature
10114,Political collectibles. Political Americana,U.S. Political Collectibles
7190,Postgraduate & Continuing Medical Education,Continuing Medical Education
9313,Practice of optometry. Optometric economics,Optometry Practice
5312,Private international law. Conflict of laws,Conflict of Laws
6544,Production capacity. Manufacturing capacity,Production Capacity
10270,Race and Civilization in Historical Thought,Race in Civilization History
13839,Relations with Other Fields & Communication,Sociology & Other Fields
8829,"Report of commissions, investigations, etc.",Psychical Research Reports
3417,"Revolution to the Civil War, 1775/1783-1861","Early Republic, 1775/1783–1861"
7614,Self-organizing systems. Conscious automata,Self-Organizing Systems
11817,Socialism & Communism — Australia & Oceania,Oceanian Socialism
8676,Soundproof construction. Noise in buildings,Soundproofing
11904,Southeast Asian Government & Administration,Southeast Asian Governments
7854,Special properties of matter and antimatter,Special Matter Properties
2329,Systems of individual educators and writers,Individual Educational Systems
13179,"Tariffs, Free Trade & Protectionism—General",Tariff & Trade Policy
2806,Theories of disease. Etiology. Pathogenesis,Disease Causation
8076,Unidentified flying objects. Flying saucers,UFOs
11541,"United Principalities of Romania, 1866–1876","United Principalities, 1866–1876"
555,"Urban Aesthetics, Planning & Beautification",Urban Design
6466,"Water, electrolyte, and acid-base disorders",Fluid & Electrolyte Disorders
3074,Woodworking. Furniture making. Upholstering,Woodworking & Upholstery
13038,"Works by Agnostics, Atheists & Freethinkers",Atheist & Freethinker Writings
7990,Academic departments. Subject organization,Academic Departments
13036,Agnosticism & Special Rationalist Theories,Agnosticism
10797,Alexandrian and early Christian philosophy,Early Christian Philosophy
9264,Alternative education. Alternative schools,Alternative Education
722,Analysis and appreciation of musical works,Music Analysis
7823,Artificial satellites in telecommunication,Satellite Communications
12814,Atmospheric Electrical & Optical Phenomena,Atmospheric Optics & Electricity
6029,"Atomic Energy & Power, Nuclear Engineering",Nuclear Energy
11138,Automatic writing. Planchette. Ouija board,Automatic Writing & Ouija
10663,Background & Effects of American Discovery,Impact of American Exploration
4716,Books for Special Audiences & Institutions,Special-Audience Book Guides
8056,Calculation of orbits. Orbit determination,Orbit Determination
11033,Child Psychology: Philosophy & Methodology,Child Psychology Theory
13814,Christian Life for Special Groups & Topics,Christian Living Topics
8261,Collection of designs from several sources,Furniture Design Collections
7801,"Collections of novels, short stories, etc.",English Fiction Anthologies
7959,"Collectors' manuals. ""Old furniture,"" etc.",Furniture Collecting
5281,Comparative law. International uniform law,Comparative & Uniform Law
5612,"Contracts, Sales & Commercial Transactions",Commercial Transactions
5059,"Cultural traits, customs, and institutions",Cultural Traits
7058,Disorders or circulation and fluid balance,Circulation & Fluid Disorders
6224,Dressmaking and women's tailoring. Fashion,Dressmaking
10930,Eastern Asia. Southeast Asia. The Far East,East & Southeast Asian Philosophy
5092,Economic geography of the oceans (General),Ocean Economic Geography
254,Electric apparatus and materials. Electric,Electrical Equipment
8991,Experimental Educational Theory & Practice,Experimental Education
1158,"Fairy Tales, Folklore, Legends & Mythology",Children’s Folklore Comics
1757,"Fairy Tales, Folklore, Legends & Mythology",YA Folklore Comics
13223,"Folklore—General, Theory & Folk Literature",Folklore Studies
13726,General Dictionaries & Minor Encyclopedias,Dictionaries & Encyclopedias
5784,"General, Operative & Perioperative Surgery",General & Operative Surgery
9033,Geographical distribution. Natural sources,Natural Drug Sources
4512,"Hypnotism, Animal Magnetism & Biomagnetism",Hypnosis & Mesmerism
7271,Illustrated books. Extra illustrated books,Illustrated Books
9334,Immunological examination. Immunodiagnosis,Immunodiagnosis
9880,Individuals. Individual performance groups,Musician Bibliographies
6206,Influence of Aristotle on Medieval thought,Aristotle’s Medieval Legacy
9327,Inhalatory medication. Respiratory therapy,Inhaled Medication
13305,International Intellectual Property & WIPO,International IP Law
13227,International Law Reference & Institutions,International Law Reference
8856,"Interpretation, phrasing, expression, etc.",Vocal Interpretation
12759,Investment Analysis & Portfolio Management,Portfolio Management
4262,"Languages of Eastern Asia, Africa, Oceania","Asian, African & Oceanian Literature"
13709,Latin Literature of the Anglo-Saxon Period,Anglo-Saxon Latin Literature
13015,"Marine Mammals, Shellfish, Whaling & Algae",Marine Harvesting
398,"Mine transportation, haulage and hoisting.",Mine Haulage
13222,Modern Continuations of the Buddhist Canon,Modern Buddhist Canon
792,Music as a profession. Vocational guidance,Music Careers
9239,Obstetric operations. Operative obstetrics,Obstetric Surgery
7200,Oil hydraulics and oil hydraulic machinery,Oil Hydraulics
9972,Old Icelandic & Norwegian Literary History,Old Norse Literary History
5787,"Oncology, Reconstruction & Transplantation",Reconstructive & Cancer Surgery
2568,Operative dentistry. Restorative dentistry,Restorative Dentistry
8298,Oxidation. Free radicals. Oxidative stress,Oxidative Stress
12974,"Peace Promotion, Organizations & Biography",Peace Advocacy
10041,Portraits. Group portraits. Self-portraits,Portrait Painting
262,Production of electricity by direct energy,Direct Electricity Generation
3159,"Rabbits, Mice, Hamsters, Guinea Pigs, etc.",Small Mammal Pets
2848,"Radiology, Radiotherapy & Nuclear Medicine",Radiological Medicine
10179,"Reformation & Thirty Years’ War, 1521–1648","Reformation & War, 1521–1648"
6820,"Registers, lists of dead and wounded, etc.",WWI Casualty Registers
9738,Regulation of medical education. Licensure,Medical Training Regulation
9753,Relations to ancient nations and countries,Greek Literature’s Ancient Relations
8213,"Renaissance & Reformation Italy, 1501–1600","Renaissance & Reformation, 1501–1600"
9242,"Research institutes, centers, laboratories",University Research Centers
13243,Social Stratification & Economic Disparity,Class & Economic Inequality
11819,Socialism & Communism in Society & Culture,Socialist Society & Culture
10496,"Solidarity & Late Communist Era, 1980–1989","Solidarity & Communism, 1980–1989"
3365,Somalia. Somaliland and adjacent territory,Somalia & Somaliland
11924,South American Government & Administration,South American Governments
13822,"Sovereignty, Power & Theories of the State",State Power & Sovereignty
5908,Spiritual Formation & Christian Experience,Christian Spiritual Growth
5818,"Strategy, Intelligence & Irregular Warfare",Military Strategy & Intelligence
9091,Sustainable practices. Energy conservation,Sustainable Telecommunications
10432,Tribal colleges. Indian community colleges,Tribal Colleges
11820,Utopian Socialism & Collective Communities,Utopian Socialism
6722,Various literary forms (in prose or verse),Ancient Greek Literary Forms
9970,Woman authors. Literary relations of women,Ancient Greek Women Writers
7933,Women authors. Literary relations of women,Portuguese Women Writers
8620,Women authors. Literary relations of women,Italian Women Writers
9137,Women authors. Literary relations of women,German Women Writers
11279,"1810-1830. War of Independence, 1810-1823","Independence, 1810–1830 (war to 1823)"
11286,1910-1946. Mexican Revolution (1910-1920),"Revolution, 1910–1920; Legacy to 1946"
5263,"Abductions, Kidnappings & Missing Persons",Kidnapping & Missing Persons
1718,"Aeronautics, Astronautics & Space Science",Children’s Aerospace Books
2157,"Aeronautics, Astronautics & Space Science",YA Aerospace Books
11556,"Age of Liberty & Gustavian Era, 1718–1818","Liberty & Gustavian Era, 1718–1818"
5899,Agricultural Engineering & Infrastructure,Agricultural Engineering
6830,Anti-inflammatory agents. Antiphlogistics,Anti-Inflammatory Drugs
442,Applied mathematics. Quantitative methods,Applied Mathematics
6411,Applied mathematics. Quantitative methods,Industrial Mathematics
12949,Archaeological Objects & Special Subjects,Archaeological Objects
8504,"Beginnings of the war. Mobilization, etc.",WWI Mobilization
5793,"Breeding, Nutrition, Housing & Management",Livestock Management
9984,"Bridge Construction, Maintenance & Repair",Bridge Construction & Maintenance
7991,"Care of buildings. Janitor services, etc.",School Building Care
13196,Catholic Church Government & Organization,Catholic Church Governance
5942,"Cellular, Molecular & Biochemical Biology",Molecular & Cellular Biology
6439,Children of immigrants (First generation),Immigrant Children’s Education
12857,"Christ in Narrative, Literature & Liturgy",Christ in Literature & Liturgy
13813,Christian Life—General & Religious Duties,Christian Duties
13053,Christian Theology in Relation to Judaism,Christianity & Judaism
9186,Communication of aeronautics informations,Aeronautical Information
9040,Communications systems. Telecommunication,University Telecommunications
13306,Comparative & International Copyright Law,International Copyright Law
6249,Conditions and laws of chemical reactions,Chemical Reactions
11153,Context effects. Person-context relations,Context in Human Development
13610,Developing Countries: Economic Conditions,Developing Economies
2271,Developmental & Intellectual Disabilities,Intellectual Disability Education
10888,Developmental Psychology Theory & Methods,Developmental Psychology Methods
9054,Drugs acting on the cardiovascular system,Cardiovascular Drugs
13237,EU Intellectual & Industrial Property Law,EU Intellectual Property Law
2317,"Early Childhood, Preschool & Kindergarten",Early Childhood Education
2373,"Eastern Hemisphere. Eurasia, Africa, etc.",Eastern Hemisphere Atlases
2401,"Eastern Hemisphere. Eurasia, Africa, etc.",Eastern Hemisphere Maps
5097,Economics as a science. Relation to other,Economic Methodology
276,Engineering Foundations & Applied Science,Engineering Fundamentals
284,"Engineering Machinery, Tools & Implements",Engineering Tools & Machinery
2941,"Entertaining, Holidays & Seasonal Cooking",Holiday & Party Cooking
6049,"Erotic Literature, Facetiae, Curiosa, Etc",Erotica Bibliographies
1033,Examination and conservation of paintings,Painting Conservation
10835,Existential & Phenomenological Psychology,Existential Psychology
6963,Extrauterine pregnancy. Ectopic pregnancy,Ectopic Pregnancy
13224,"Folklore of Private Life, Customs & Dress",Everyday Life Folklore
7056,"Food Composition, Analysis & Adulteration",Food Analysis
5716,"Foundations, Logic & Discrete Mathematics",Mathematical Foundations
11843,Gender Discrimination & Division of Labor,Gender Inequality at Work
333,General preliminary operations. Dredging.,Dredging & Hydraulic Siteworks
13058,"Greek Dictionaries, Dialects & Vernacular",Greek Dialects & Dictionaries
205,Heating and ventilation. Air conditioning,HVAC
6436,History of Microcosm & Macrocosm Theories,Microcosm Theory History
5098,History of economics. History of economic,Economic Thought History
5702,"History, Heritage & Regional Architecture",Architectural History
11855,Housing Discrimination & Minority Housing,Housing Discrimination
13086,Human Ecology & Anthropogeography—General,Human Ecology Overview
13320,Information Theory & Economic Cybernetics,Economic Information Theory
4740,Information services. Information centers,Information Services
6141,"Libraries & Schools, Libraries & Colleges",Libraries & Education
4751,"Libraries, Archives & Information Science",Library & Archive Studies
3808,Libyco-Berber languages. Berber languages,Berber Language Family
7579,"Literary Ideals, Content, Plots & Motives",Literary Themes & Plots
13061,"Liturgical Objects, Vestments & Functions",Buddhist Ritual Objects
5948,"Machine Design, Construction & Production",Machine Design & Production
3351,Mali. Mali Federation. Sudanese Republic.,Mali History
9684,Mechanical applications of electric power,Electric Power in Machinery
381,Mechanical devices and figures. Automata.,Automata
6195,Mental Health & Mental Illness Prevention,Mental Illness Prevention
3415,"Middle nineteenth century, 1845/1848-1861","Mid-19th Century, 1845/1848–1861"
9394,Miniature furniture. Children's furniture,Miniature & Children’s Furniture
9296,"Miscellaneous speculations. Curiosa, etc.",Cosmological Speculation
2738,Missionary medicine. Medical missionaries,Medical Missions
404,Motor vehicles. Aeronautics. Astronautics,Vehicle & Aerospace Engineering
7901,Neurology. Diseases of the nervous system,Neurology
10565,"Nineteenth-Century Scandinavia, 1814–1900","Scandinavia in the 1800s, 1814–1900"
5714,"Organizations, Conferences & Publications",Legal Professional Organizations
5792,"Pets, Laboratory, Zoo & Specialty Animals",Specialty Animal Care
9173,Phototherapy. Radiotherapy. Actinotherapy,Light & Radiation Therapy
11344,"Polish–Lithuanian Commonwealth, 1569–1795","Commonwealth, 1569–1795"
11358,"Polish–Lithuanian Commonwealth, 1569–1795","Commonwealth, 1569–1795"
9098,Portuguese literature outside of Portugal,Portuguese Literature Abroad
9055,Practice of dietetics. Dietetic economics,Dietetics Practice
95,"Printers, Scanners & External Accessories",Computer Peripherals
7642,Privately printed books. Limited editions,Limited-Edition Books
13776,Publicists & Writers on International Law,International Law Writers
11101,Relation to religion and the supernatural,Ethics & Religion
10204,"Republic to First Punic War, 509-265 B.C.","Early Republic, 509–265 BC"
10208,"Revolutionary & Napoleonic Era, 1789–1815","Revolution & Napoleon, 1789–1815"
10232,"Revolutionary & Napoleonic Era, 1792–1815","Revolution & Napoleon, 1792–1815"
337,"River, lake, and water-supply engineering",River & Water Supply Engineering
13399,Russia. Soviet Union. Russia (Federation),Russian & Soviet Armies
7583,Sagas with subjects from Southern sources,Romance Sagas
10118,"Second Republic & World War II, 1918–1945","Second Republic & WWII, 1918–1945"
10655,South Sea description and travel. Voyages,South Pacific Voyages
986,"Special Subjects, Figures & Religious Art",Art Subjects
13550,Special aspects of the subject as a whole,Science Topics
8347,Structural analysis as applied to bridges,Bridge Structural Analysis
7875,Structural analysis. Theory of structures,Structural Analysis
8449,Student unions. College community centers,Student Union Centers
2617,Systemic Disorders & Endocrine Gynecology,Endocrine & Systemic Gynecology
2318,Teacher Education & Training Institutions,Teacher Education
13091,Teaching Profession & Vocational Guidance,Teaching Careers
229,"Textile bleaching, dyeing, printing, etc.",Textile Finishing
13833,Tolerance & Transdenominational Movements,Christian Religious Tolerance
13299,Trade Practices & Consumer-Protection Law,Consumer Protection Law
7853,Transfer of students. Transfer of credits,Student & Credit Transfers
10245,"War of the Austrian Succession, 1740–1748","Austrian Succession War, 1740–1748"
14,History,Agricultural History
97,History,Computing History
329,History,Technology History
464,History,Automotive History
470,History,Aviation History
475,History,Motorcycle History
481,History,Railroad History
484,History,Shipbuilding History
574,History,Architectural History Overview
640,History,History Comics
654,History,Decorative Arts History
673,Special subjects,Drawing Subjects
708,History,Historical Humor
758,History,Music History
769,Theory,Instrumental Music Theory
927,History,Photography History
1015,History,Art History
1034,History,Painting History
1037,Special subjects,Painting Subjects
1058,History,Sculpture History
1063,Special subjects,Sculpture Subjects
1435,History,Children’s Art History
1463,History,Children’s History Comics
1529,History,Children’s History
1597,History,Children’s Music History
1963,History,YA Art History
1988,Biography,YA Biography Comics
1989,History,YA History Comics
2032,History,YA History
2075,History,YA Music History
2204,Biography,Education Biographies
2697,History,Medical History
2956,History,Cooking History & Traditions
3733,Miscellaneous,Language Study Miscellany
4369,General,General Literary Studies
4378,History,Literary History
4415,Theory,Literary Theory
4498,History,Ethics History
4517,History,Logic History
4557,History,Christian Church History
4599,History,Hindu History
4606,History,Islamic History
4683,History,Book Trade History
4733,History,Humanities Scholarship History
4840,History,Science History
5407,History,Psychology History
5529,General & Reference,Religion Reference
5532,General & Reference,Philosophy Reference
5980,History,History Bibliographies
6090,History,Electricity History
6091,Biography,Electricity Biographies
6160,History,Public Health History
6161,Biography,Public Health Biographies
6199,Miscellaneous,U.S. Education History Miscellany
6228,History,Obstetrics History
6237,History,Virology History
6256,History,Paleobotany History
6405,History,Ornamental Design History
6438,History,Microscopy History
6459,History,Anesthesiology History
6472,Biography,Industrial Engineer Biographies
6477,Biography,Phrenology Biographies
6485,History,Medical Physics History
6548,Biography,Lithography Biographies
6551,History,Orthopedic Surgery History
6565,History,Watercolor History
6610,History,Rocketry History
6622,History,History of Literary Criticism
6633,History,Classical Philology History
6645,Biography,Hospitality Biographies
6650,Biography,Geophysics Biographies
6656,History,Monotype Print History
6664,Special subjects,Etching Subjects
6666,History,Neuroscience History
6697,History,Electronics History
6778,History,Experimental Mechanics History
6796,Biography,Rocketry Biographies
6802,History,Cybernetics History
6829,History,Neurophysiology History
6838,Biography,Hairdresser Biographies
6863,History,Textile Industry History
6864,History,Bridge Engineering History
6873,History,Commercial Art History
6889,Biography,Orthopedic Surgery Biographies
6936,History,Aeronautics History
6952,History,Caricature History
6973,Biography,Obstetrics Biographies
6975,Biography,Mass Media Biographies
6980,Biography,Nutrition Biographies
7008,Biography,Cooking Biographies
7030,History,Cartography History
7044,Special Topics,Paleontology Topics
7046,History,Manuscript Illumination History
7050,History,Fermentation Industry History
7074,History,Indo-European Philology History
7118,History,Animal Biochemistry History
7124,Biography,Statistics Biographies
7132,History,Magic & Shamanism History
7201,Biography,Italian Author Biographies
7212,Biography,World War I Biographies
7270,Biography,Physical Education Biographies
7278,History,Paleography History
7283,Biography,Motor Vehicle Biographies
7325,History,Alcoholism & Temperance History
7334,Biography,Astrology Biographies
7347,Biography,Textile Industry Biographies
7407,Biography,Children’s Literature Biographies
7446,Special Topics,Petrology Topics
7454,Biography,Musician Biographies
7460,History,Explosives History
7463,Special Topics,Experimental Mechanics Topics
7549,History,English Literary History
7656,History,Philosophical Cosmology History
7732,History,Water Supply History
7754,Special Topics,Neurophysiology Topics
7777,History,Road Engineering History
7789,History,Paleontology History
7793,History,Forensic Medicine History
7802,History,Oncology History
7814,History,Air Transport History
7872,Biography,Genetics Biographies
7904,History,Tavern History
7934,Miscellaneous,Early Education Miscellany
7937,History,Cooking History
7961,Biography,Physical Therapy Biographies
7967,Biography,New Thought Biographies
7977,Special Topics,Organic Chemistry Topics
7994,History,Toxicology History
7997,History,Rubber Industry History
8000,Special Topics,Mineralogy Topics
8025,Special Topics,Geometry Topics
8037,History,Chivalry History
8124,History,Acoustics History
8137,History,Technical Education History
8145,History,Papermaking History
8150,History,Spiritualism History
8170,Special Topics,Analytical Chemistry Topics
8206,History,Tobacco Industry History
8217,History,Tobacco Use History
8239,History,Chemotherapy History
8270,History,Evolution History
8305,Biography,Mineralogy Biographies
8308,History,Statistics History
8331,Biography,Psychical Research Biographies
8401,History,Psychical Research History
8404,Special Topics,Physical Chemistry Topics
8405,Special subjects,Lithography Subjects
8413,Biography,Spaceflight Biographies
8469,History,Organic Chemistry History
8481,Special subjects,Printmaking Subjects
8482,Biography,Medical Missions Biographies
8484,Biography,Astrophysics Biographies
8493,Biography,Classical Philology Biographies
8496,History,Sewing Machine History
8499,History,Metallurgy History
8533,History,Leatherworking History
8547,History,Biomedical Engineering History
8566,History,Hydrology History
8576,Biography,Aeronautics Biographies
8596,History,Performing Arts History
8655,History,Hospitals & Clinics History
8683,History,Arts & Crafts Movement History
8697,Biography,Performing Arts Biographies
8702,History,Poster History
8704,History,Geometry History
8760,History,Engines History
8762,History,Portuguese Literary History
8771,History,Urban Design History
8798,Biography,Portuguese Author Biographies
8808,Biography,Outdoor Recreation Biographies
8853,History,Mineralogy History
8870,History,Furniture History
8889,History,Genetics History
8908,History,Spaceflight History
8930,History,Astrology History
8971,History,Cytology History
8994,Special Topics,Virology Topics
9012,History,Physical Chemistry History
9017,History,Tuberculosis History
9043,History,Demonology History
9085,Biography,Paleontology Biographies
9090,History,Telecommunications History
9092,Special Topics,Geophysics Topics
9103,Biography,Immunology Biographies
9125,History,Crystallography History
9170,History,Social Psychology History
9199,Special Topics,Evolution Topics
9212,History,Oratory History
9218,History,Tapestry History
9229,History,Steam Engineering History
9261,History,Romani Historical Studies
9278,Biography,Nuclear Engineering Biographies
9282,History,Embryology History
9306,History,Afrikaans Literary History
9349,Miscellaneous,Literary Collections Miscellany
9398,Biography,Neuroscience Biographies
9404,History,Postal Service History
9405,Biography,Geodesy Biographies
9433,History,Geomorphology History
9462,History,U.S. Education History
9481,History,German Folklore History
9500,History,Geophysics History
9522,Biography,Electronics Biographies
9525,History,Carpet History
9562,History,Hospitality History
9579,History,Grain Milling History
9620,History,Analytical Mechanics History
9624,Biography,Post-1945 Biographies
9658,Biography,Oncology Biographies
9708,History,Upholstery History
9727,Theory,Early Childhood Education Theory
9744,History,Wallpaper History
9750,History,Art Education History
9754,Special Topics,Arithmetic Topics
9759,Special Topics,Radiation Physics Topics
9766,Biography,Anesthesiology Biographies
9792,Biography,Hypnotist Biographies
9797,Biography,Telecommunications Biographies
9813,Biography,Forensic Physician Biographies
9869,Biography,Astrogeology Biographies
9878,History,Physical Education History
9904,Biography,Social Psychology Biographies
9908,Special Topics,Analytical Mechanics Topics
9915,History,Phrenology History
9931,Biography,Animal Biochemist Biographies
9951,Special Topics,Structural Geology Topics
9960,History,Ecology History
9962,History,Dietetics History
9964,History,Rail Transport History
9968,History,Physical Therapy History
9969,Biography,Neurophysiology Biographies
9982,History,Games History
9983,History,Optics History
9996,History,Hypnosis History
10017,Special Topics,Acoustics Topics
10039,Special Topics,Immunology Topics
10785,History,Psychology History Overview
10788,History,Etiquette History
10961,History,Applied Ethics History
11039,History,Christian Ethics History
11085,History,Occultism History
11086,History,Jewish Philosophy History
11149,History,Aesthetics History
12483,Biography,Islamic Biographies
12849,Special Topics,Prehistoric Archaeology Topics
12945,General & Reference,Archaeology Reference
13368,General & Reference,Local Government Reference
13385,General works,European Army Reference
13408,General works,European Biography Reference
13443,General works,European Folklore Reference
13475,General,European Local Government Overview
13513,Special Topics,American Prose Topics
13536,History,Science History Overview
13539,Biography,Science Biographies
13571,General works,Film Reference
13586,Miscellaneous,Film Miscellany
13593,General works,Psychotherapy Reference
13622,General & Reference,Ancient Roman History Reference
13827,General & Reference,Occultism Reference
13841,General & Reference,Christian Theology Reference
13846,General & Reference,Spanish History Reference
13868,General & Reference,Oceanian History Reference
13870,General & Reference,Dutch History Reference
13872,General & Reference,Austrian History Reference
13882,General & Reference,Czechoslovak History Reference
13883,General Historical Studies,Czechoslovak Historical Studies
13888,General & Reference,Portuguese History Reference
13894,General & Reference,Romanian History Reference
13895,General Historical Studies,Romanian Historical Studies
13899,General & Reference,German History Reference
13900,General Historical Studies,German Historical Studies
13905,General & Reference,Turkish History Reference
13907,General Historical Studies,Turkish Historical Studies
13911,General & Reference,Balkan History Reference
13913,General Historical Studies,Balkan Historical Studies
13916,General & Reference,Bulgarian History Reference
13917,General Historical Studies,Bulgarian Historical Studies
13920,General & Reference,Belgian History Reference
13922,General Historical Studies,Belgian Historical Studies
13927,General & Reference,Danish History Reference
13929,General Historical Studies,Danish Historical Studies
13930,General & Reference,Norwegian History Reference
13932,General Historical Studies,Norwegian Historical Studies
13933,General & Reference,Swedish History Reference
13935,General Historical Studies,Swedish Historical Studies
13937,General & Reference,Finnish History Reference
13939,General Historical Studies,Finnish Historical Studies
13969,General & Reference,Ukrainian History Reference
13971,General Historical Studies,Ukrainian Historical Studies
13985,General & Reference,Georgian History Reference
13987,General & Reference,Azerbaijani History Reference
13989,General & Reference,East European History Reference
13991,General Historical Studies,East European Historical Studies
13998,General & Reference,Slovak History Reference
14000,General Historical Studies,Slovak Historical Studies
14005,General & Reference,Albanian History Reference
14007,General Historical Studies,Albanian Historical Studies
14012,General & Reference,North European History Reference
14015,General Historical Studies,North European Historical Studies
14016,General & Reference,Icelandic History Reference
14018,General Historical Studies,Icelandic Historical Studies
3625,Relation to special topics,Civilization Topics
4734,Philosophy. Theory,Scholarship Theory
5351,Relation to other disciplines and topics,International Relations Connections
5426,Philosophy. Relation to other topics,Psychology & Philosophy Foundations
7021,"Relations to history, civilization, etc.",Italian Literature & Society
7059,Relation to other subjects,Railways & Society
7535,Relation to other topics,Psychology & Other Fields
7747,Relations to foreign literature,Italian & World Literature
8592,Philosophy. Theory,Archival Theory
8823,Philosophy. Psychology. Aesthetics,German Literary Aesthetics
8997,Philosophy. Theory. Method,Classical Philology Methods
9088,Philosophy. Theory. Relations,Rhetorical Theory
9466,Philosophy. Motivation,Adventure Psychology
10465,Philosophy. Theory,Civilization Theory
10787,Relation to language,Ethics & Language
10809,Relation to theology and religion,Philosophy & Religion
10814,Relation to technology,Technology Ethics
10831,Relation to speculative philosophy,Logic & Philosophy
10832,Relation to logic,Psychology & Logic
10840,Relation to ethics and conduct,Psychology & Ethics
10849,Relation to natural sciences,Psychology & Natural Science
10879,Relation to speculative philosophy,Ethics & Philosophy
10883,Relation to logic,Ethics & Logic
10931,Relation to agriculture,Agricultural Ethics
10933,Relation to economics,Economic Ethics
10955,Relation to law,Psychology & Law
11010,Relation to biology,Ethics & Biology
11020,Relation to ethics,Logic & Ethics
11027,Relation to psychology. Morale,Ethics & Psychology
11029,Relation to civilization,Philosophy & Civilization
11081,Relation to science,Science Ethics
11092,Relation to science,Philosophy & Science
11116,Relation to law and political science,"Philosophy, Law & Politics"
11121,Relation to theology and religion,Psychology & Religion
11122,Relation to sociology,Psychology & Sociology
11146,Relation to science,Occultism & Science
11161,Relation to anthropology and culture,Ethics & Culture
11184,Relation to literature,Philosophy & Literature
11186,Relation to history,Philosophy & History
11209,Relation to law and politics,"Ethics, Law & Politics"
11211,Relation to history and sociology,"Ethics, History & Society"
13521,Philosophy. Methodology,Science Philosophy & Methods
13575,Relation to history,Film & History
13576,Relation to the arts,Film & the Arts
13577,Relation to literature,Film & Literature
13578,"Relation to ethics, etc.",Film Ethics
13589,Relation to language,Film & Language
11505,Second Bulgarian Empire,"Second Empire, 1185–1396"
569,Criticism,Architecture Critical Studies
595,Study & Teaching,Architecture Education
674,Technique,Drawing Techniques
684,History & Criticism,Design History & Criticism
759,History & Criticism,Music History & Criticism
787,History and criticism,Music Historical Studies
867,History & Criticism,Dance History & Criticism
886,History & Criticism,Film History & Criticism
893,History & Criticism,Radio History & Criticism
905,History & Criticism,Television History & Criticism
910,History & Criticism,Theater History & Criticism
925,Criticism,Photography Criticism
1065,Study & Teaching,Art Education
2205,By period,Education History by Era
2372,By region or country,Regional Atlases
2400,By region or country,Regional Maps
2709,Examination. Diagnosis,Internal Medicine Diagnosis
2783,Examination. Diagnosis,Eye Examination
2812,Examination. Diagnosis,Pediatric Diagnosis
3416,Political history,U.S. Political History
3684,Study & Teaching,History Education
3848,Literary history and criticism,Afrikaans Literary Studies
3859,Juvenile literature (General),American Children’s Literature
3873,Juvenile literature (General),Danish Children’s Literature
3874,Literary history and criticism,Danish Literary Studies
3903,Juvenile literature (General),Dutch Children’s Literature
3904,Literary history and criticism,Dutch Literary Studies
3921,By Region,Regional English Literature
4234,By Language,Children’s Fiction by Language
4237,Literary history and criticism,Flemish Literary Studies
4239,History and criticism,French Literary Studies
4250,Literary history and criticism,German Literary Studies
4259,History and criticism,Italian Literary Studies
4309,Criticism,Literary Criticism
4371,Criticism,Literary History Criticism
4392,Literary history and criticism,Icelandic Literary Studies
4397,Juvenile literature (General),Norwegian Children’s Literature
4399,Literary history and criticism,Norwegian Literary Studies
4404,Literary history and criticism,Old Norse Literary Studies
4453,History and criticism,Portuguese Literary Studies
4466,History and criticism,Slavic & Baltic Literary Studies
4471,History and criticism,Spanish Literary Studies
4472,By Region,Regional Spanish Literature
4476,Juvenile literature (General),Swedish Children’s Literature
4477,Literary history and criticism,Swedish Literary Studies
4490,Criticism,Epistemological Criticism
4518,Methodology,Epistemological Methods
4673,By region or country,Regional Learned Societies
4709,By region or country,Regional Genealogy
4731,By region or country,Regional Scholarship History
4753,By region or country,Regional Museums
4899,Study & Teaching,Science Education
4969,Study & Teaching,Mathematics Education
5062,By region or country,Regional Folklore
5087,By region or country,Regional Commerce
5100,Methodology,Economic Research Methods
5470,By region or country,Regional Social Welfare
5509,Methodology,Social Science Methods
6171,Study & Teaching,Public Health Teaching
6240,By region or country,Regional Tobacco Use
6253,Special countries,Regional High-Speed Rail
6268,Methodology,Futurology Methods
6279,By region or country,Regional Official Heraldry
6296,Juvenile literature (General),English Children’s Literature
6426,Special countries,Regional Textile Industries
6471,By region or country,National Copyright Law
6483,Political history,Southern African Political History
6490,Treatises,American Drama Studies
6504,Special countries,Regional Metallurgy
6530,By region or country,Regional Postal Services
6537,By region or country,Regional Book Trade History
6567,By period,Personal Names by Era
6585,Special regions or countries,Regional Arts Centers
6638,By region or country,Regional Secondary Education
6673,By region or country,Regional Mass Media
6686,Foreign and general relations,Southern African Diplomatic History
6708,By period,Flags by Era
6720,Criticism,Music Criticism
6759,Examination. Diagnosis,Ear Examination
6760,By region or country,National Biographies by Country
6771,By region or country,Regional Hazardous Waste
6808,Special regions or countries,Regional Art History
6812,Technique,Cytology Techniques
6821,By region or country,Regional Education Consulting
6824,Technique,Plant Anatomy Methods
6847,Special regions or countries,Regional Sculpture History
6892,By period,Witchcraft by Era
6895,Examination. Diagnosis,Gynecological Diagnosis
6927,Pictorial works and atlases,Genetics Atlases
6931,Technique,Painting Techniques
6933,By region or country,Regional Emergency Surgery
6938,By region or country,Regional Accident Prevention
6961,By period,Music History by Era
6967,By region or country,Regional Early Education
6974,By region or country,Regional Medical Education
6987,Special countries,Regional Technical Education
6998,By region or country,National & Regional Flags
7088,Treatises,Engineering Materials Treatises
7098,History and criticism,Poetry History & Criticism
7109,Special regions or countries,Regional Decorative Art History
7123,Examination. Diagnosis,Obstetric Diagnosis
7173,History and criticism,Children’s Literature Studies
7205,Methodology,Hydrological Methods
7235,By region or country,Regional Adult Education
7241,Military history,Islamic Military History
7247,Special regions or countries,Regional Murals
7255,Criticism,Old Norse Literary Criticism
7261,Special countries,Regional Dams
7266,By region or country,Regional Urban Transport
7332,Technique,Genetics Techniques
7402,Technique,Virology Techniques
7417,Pictorial works and atlases,Human Embryology Atlases
7432,Treatises,Electronics Treatises
7444,Methodology,Psychology Methods
7449,Special regions or countries,Regional Arts Administration
7483,By region or country,Regional Air Transport
7541,By period,Art History by Era
7543,By region or country,Regional Basic Education
7591,Military history,Post-1945 Military History
7608,Technique,Biography Writing
7647,Treatises,East Asian Literature Studies
7676,Political history,Islamic Political History
7680,By region or country,Regional Inclusive Education
7701,Special countries,Regional Lighting Industries
7709,By region or country,Regional Private Collections
7743,By region or country,Regional Stagecoach Services
7812,By region or country,Regional Outdoor Recreation
7870,By region or country,Regional Medical Geography
7883,By region or country,Regional Drug Abuse
7895,By region or country,Regional Ferries
7987,By region or country,Educator Biographies by Region
8043,Criticism,Danish Literary Criticism
8046,By region or country,Regional Tuberculosis
8058,Examination. Diagnosis,Fracture Diagnosis
8060,Criticism,Icelandic Literary Criticism
8065,Criticism,German Literary Criticism
8072,Special regions or countries,Regional Aeronautics
8089,By region or country,Regional Telecommunications Industry
8142,By region or country,Regional Music History
8154,History and criticism,Indo-Aryan Literary Studies
8179,Examination. Diagnosis,Breast Disease Diagnosis
8184,Examination. Diagnosis,Infectious Disease Diagnosis
8188,Special countries,Regional Industrial Research
8266,Special countries,Regional Solid Waste
8271,By region or country,Regional Emergency Management
8313,Special countries,Regional Motor Vehicles
8355,Treatises,Authorship Treatises
8364,Technique,Ecological Methods
8369,By region or country,Regional Electronics
8373,Pictorial works and atlases,Plant Anatomy Atlases
8377,Examination. Diagnosis,Clinical Diagnosis
8417,Pictorial works and atlases,Cell Biology Atlases
8458,By region or country,Regional Primary Education
8485,Examination. Diagnosis,Tuberculosis Diagnosis
8488,Special countries,Regional Pollution
8518,Pictorial works and atlases,Mineralogy Atlases
8528,By region or country,National Health Policy
8554,By region or country,Regional Family Heraldry
8582,Examination. Diagnosis,Oral Disease Diagnosis
8644,By region or country,Regional School Buildings
8656,By region or country,Military Surgery by Country
8667,By region or country,Regional Almanacs
8703,Treatises,Structural Engineering Treatises
8755,Methodology,Early Childhood Teaching Methods
8849,Pictorial works and atlases,Animal Anatomy Atlases
8861,By region or country,Regional Criminal Justice
8886,Juvenile literature (General),Italian Children’s Literature
8888,Technique,Microscopy Techniques
8892,By region or country,Regional Industry Directories
8903,History and criticism,African Literary Studies
8926,Criticism,Oratory Criticism
8951,Criticism,Swedish Literary Criticism
8956,Criticism,Italian Literary Criticism
8979,By region or country,Regional School Health Services
8992,Special countries,Regional Industrial Engineering
8993,Examination. Diagnosis,Emergency Diagnosis
9028,By region or country,Regional Hospitals
9041,By region or country,Regional Telephone Industries
9052,By region or country,Regional Childhood Disease
9063,By region or country,Regional Child Health
9100,Special regions or countries,Regional Environmental Protection
9118,Special countries,Regional Technological Change
9169,By region or country,Regional Dental Practice
9180,By region or country,Regional Messenger Services
9182,Foreign and general relations,Developing-World Diplomatic History
9234,By region or country,Regional Modern Philosophy
9245,By region or country,National Pharmacopoeias
9251,Examination. Diagnosis,Nasal & Sinus Diagnosis
9254,Special regions or countries,Regional Painting History
9257,By region or country,Regional Express Delivery
9263,History and criticism,Low German Literary Studies
9267,Foreign and general relations,Islamic Diplomatic History
9298,By region or country,Regional Road Transport
9324,By period,Book History by Era
9325,By period,Modern Philosophy by Era
9353,By region or country,Regional Broadcasting
9378,Treatises,Semitic Literature Studies
9384,Examination. Diagnosis,Cancer Diagnosis
9397,By region or country,Regional Mobile Home Living
9408,By region or country,National Drug Formularies
9412,By region or country,Regional Nonmetallic Minerals
9416,By region or country,Regional Book Guides
9502,By region,American Regional Anthologies
9524,By region or country,Regional Cancer Studies
9551,Criticism,French Literary Criticism
9567,By region or country,Regional Pseudonym References
9570,Juvenile literature (General),Portuguese Children’s Literature
9573,Pictorial works and atlases,Histology Atlases
9586,Criticism,Norwegian Literary Criticism
9627,By region or country,Regional Romani History
9663,Examination. Diagnosis,Orthopedic Diagnosis
9682,By region or country,Regional Witchcraft
9720,Methodology,Geomorphological Methods
9725,Pictorial works and atlases,Paleontology Atlases
9735,By region or country,Regional Education Museums
9765,Military history,U.S. Military History
9776,By region or country,Regional Titles & Honors
9777,Criticism,Spanish Literary Criticism
9842,By region or country,Regional Alcoholism
9879,Special countries,Regional Building Stone
9897,Criticism,Dutch Literary Criticism
9927,Special countries,Regional Street Cleaning
9942,By region or country,Regional Publishing & Bookselling
9944,Examination. Diagnosis,Orthodontic Diagnosis
9990,Special regions or countries,Regional Drawing History
9994,By region or country,Regional Rail Transport
10013,Technique,Architectural Drawing Methods
10027,Pictorial works and atlases,Embryology Atlases
10203,Military history,African Military History
10300,Military history,World Military History
10349,Military history,North African Military History
10375,Foreign and general relations,21st-Century Diplomatic History
10441,Foreign and general relations,Korean Foreign Relations History
10494,Military history,North American Military History
10571,Political history,Korean Political History
10613,Military history,21st-Century Military History
10650,Political history,Maghrib Political History
10686,Military history,Korean Military History
10687,Political history,21st-Century Political History
11223,By Region,Literature by Region
11224,By Language,Literature by Language
11438,By period,Central European History by Era
11443,By Period,African History by Era
11444,By Period,East African History by Era
11445,By Period,North African History by Era
11496,By period,Benelux History by Era
11497,By period,British Isles History by Era
11498,By period,European History by Era
12197,Study & Teaching,English Language Teaching
12351,History & Criticism,Chinese Literary Studies
12532,History & Criticism,Japanese Literary Studies
12545,Study & Teaching,Journalism Education
12634,History & Criticism,Korean Literary Studies
12960,Study & Teaching,Catholic Religious Education
13511,Treatises,American Prose Studies
13514,By Period,American Prose by Era
13545,Pictorial works and atlases,Science Atlases
10286,Foreign and general relations,Southern African Relations since 1975
10309,Military history,Modern North African Military History
10350,Foreign and general relations,Northeast African Diplomatic History
10358,Political history,"Egypt Political History, 1952–"
10532,Political history,"Tunisian Politics, 1987–2011"
10612,Foreign and general relations,"Egyptian Diplomatic History, 1952–"
4401,Old English & Anglo-Saxon Literary History,Old English Literary History
50828,"Miscellany, Curiosa & Eccentric Literature",Literary Curiosities
3515,"Byzantine Greece, 323–1453","Byzantine Era, 323–1453"
3558,"East Germany, 1949–1990","Democratic Republic, 1949–1990"
3559,"Nazi Germany, 1933–1945","Nazi Era, 1933–1945"
3561,"German Empire, 1871–1918","Empire, 1871–1918"
3564,"West Germany, 1949–1990","Federal Republic, 1949–1990"
3571,Ancient Italy. Rome to 476,"Ancient Era, to 476"
3575,"Medieval Italy, 476–1492","Medieval Era, 476–1492"
3576,"Modern Italy, 1492–Present","Modern Era, 1492–Present"
3585,"Medieval Portugal, 1095–1580","Medieval Era, 1095–1580"
8129,"Liberal Italy & World War I, 1901–1918","Liberal Era & WWI, 1901–1918"
8279,"Contemporary Italy, 1975–Present","Contemporary Era, 1975–Present"
9215,"Kingdom of Italy, 1861–1900","Kingdom, 1861–1900"
9283,"Napoleonic Italy, 1796–1815","Napoleonic Era, 1796–1815"
9340,"Early Modern Italy, 1601–1795","Early Modern Era, 1601–1795"
9724,"Bourbon France, 1589–1715","Bourbon Era, 1589–1715"
10093,"Early England, to 1066","Early Era, to 1066"
10101,"Bourbon Spain, 1700–1808","Bourbon Era, 1700–1808"
10102,"Hellenistic Greece, 323–146 BC","Hellenistic Era, 323–146 BC"
10103,"Roman Spain, 218 BC–414 AD","Roman Rule, 218 BC–414 AD"
10110,"Polish People’s Republic, 1945–1989","People’s Republic, 1945–1989"
10132,"Swedish Empire, 1654–1718","Imperial Era, 1654–1718"
10134,"Visigothic Spain, 414–711","Visigothic Rule, 414–711"
10141,"Post-Westphalian Germany, 1648–1740","Post-Westphalian Era, 1648–1740"
10148,"Austrian Netherlands, 1714–1794","Austrian Rule, 1714–1794"
10181,"Enlightenment Germany, 1740–1789","Enlightenment Era, 1740–1789"
10182,"Poland to the Partitions, to 1795","Pre-Partition Era, to 1795"
10183,"Habsburg Spain, 1516–1700","Habsburg Era, 1516–1700"
10185,"Lombard & Byzantine Italy, 476–774","Lombard & Byzantine Rule, 476–774"
10188,"Roman Greece, 146 BC–323 AD","Roman Rule, 146 BC–323 AD"
10189,"Spanish Civil War, 1936–1939","Civil War, 1936–1939"
10193,"Third Polish Republic, 1989–Present","Third Republic, 1989–Present"
10205,"Democratic Spain, 1975–Present","Democratic Era, 1975–Present"
10220,"Francoist Spain, 1939–1975","Franco Era, 1939–1975"
10222,"German Unification, 1815–1871","Unification, 1815–1871"
10223,"Ottoman Greece, 1453–1821","Ottoman Rule, 1453–1821"
10229,"Medieval England, 1066-1485","Medieval Era, 1066–1485"
10313,"Early Poland, to 1572","Early Era, to 1572"
10328,"Early Portugal, to 1095","Early Era, to 1095"
10344,"Archaic Greece, c. 800–500 BC","Archaic Era, c. 800–500 BC"
10379,"Burgundian Netherlands, 1384–1477","Burgundian Rule, 1384–1477"
10744,"Habsburg Netherlands, 1477–1555","Habsburg Rule, 1477–1555"
11267,1535-1810. New Spain (Viceroyalty),"Viceroyalty, 1535–1810"
11342,"Russian Federation, 1991–Present","Federation, 1991–Present"
11453,"Frankish Germany, 481–918","Frankish Era, 481–918"
11500,"Communist Bulgaria, 1944–1990","Communist Era, 1944–1990"
11501,"Republic of Bulgaria, 1990–Present","Republic, 1990–Present"
11502,"Early First Bulgarian Empire, 681–893","Early First Empire, 681–893"
11503,"Late First Bulgarian Empire, 893–1018","Late First Empire, 893–1018"
11507,"High Medieval Denmark, 1042–1241","High Medieval Era, 1042–1241"
11508,"Late Medieval Denmark, 1241–1387","Late Medieval Era, 1241–1387"
11509,"Kalmar Union Denmark, 1387–1523","Kalmar Union, 1387–1523"
11510,"Early Modern Denmark, 1523–1670","Early Modern Era, 1523–1670"
11511,"Absolute Monarchy Denmark, 1670–1808","Absolute Monarchy, 1670–1808"
11512,"Modern Denmark, 1808–1906","Modern Era, 1808–1906"
11514,"Early & Viking Denmark, to 1042","Early & Viking Era, to 1042"
11516,"Finland under Swedish Rule, 1617–1721","Swedish Rule, 1617–1721"
11517,"Finland under Swedish Rule, 1721–1809","Swedish Rule, 1721–1809"
11520,"Danish Iceland, 1540–1800","Danish Rule, 1540–1800"
11530,"Dutch Republic, 1555–1795","Republic, 1555–1795"
11534,"Medieval Norway, 1035–1319","Medieval Era, 1035–1319"
11535,"Danish Norway, 1387–1814","Danish Rule, 1387–1814"
11536,"Union-Era Norway, 1814–1905","Union Era, 1814–1905"
11540,"Romania, 1822–1866","Principalities, 1822–1866"
11542,"Kingdom of Romania, 1866/1881–1944","Kingdom, 1866/1881–1944"
11543,"Romanian Independence Era, 1876–1881","Independence Era, 1876–1881"
11545,"Greater Romania, 1918–1944","Territorial Expansion, 1918–1944"
11546,"Communist Romania, 1944–1989","Communist Era, 1944–1989"
11547,"Post-Communist Romania, 1989–Present","Post-Communist Era, 1989–Present"
11564,"Ottoman Reform Era Turkey, 1789–1861","Ottoman Reforms, 1789–1861"
11562,"Turkey, 1861-1909","Late Ottoman Era, 1861–1909"
11565,"Turkey, 1640-1789","Ottoman Era, 1640–1789"
11579,"Portuguese Monarchy, 1816–1908","Monarchy, 1816–1908"
12630,"Early Russia, through 1613","Early Era, through 1613"
12631,"Romanov Russia, 1613–1917","Romanov Era, 1613–1917"
13706,"Reunified Germany, 1990–","Reunification Era, 1990–"
13744,"Early Norway, to 1035","Early Era, to 1035"
13924,"Spanish Netherlands, 1555–1714","Spanish Rule, 1555–1714"
13936,"Early & Viking Sweden, to 1134","Early & Viking Era, to 1134"
13940,"Early Finland, to 1523","Early Era, to 1523"
13941,"Finland under Swedish Rule, 1523–1617","Swedish Rule, 1523–1617"
50823,Dutch Brazil (1624–1654),"Dutch Rule, 1624–1654"
50824,French Colony in Brazil (1555–1567),"French Colony, 1555–1567"
3901,2001-,"Dutch Literature, 2001–"
3913,1900-1960,"English Literature, 1900–1960"
3914,1961-2000,"English Literature, 1961–2000"
3916,2001-,"English Literature, 2001–"
4246,2001-,"German Literature, 2001–"
4461,1800-1870,"Slavic/Baltic/Albanian Lit., 1800–1870"
4462,1870-1917,"Slavic/Baltic/Albanian Lit., 1870–1917"
6271,1900-1960,"French Literature, 1900–1960"
6508,1961-2000,"French Literature, 1961–2000"
7071,1850/70-,"School Textbooks, 1850/70–"
7225,2001-,"French Literature, 2001–"
7276,1871-,"Comparative Psychology, 1871–"
7398,1801-,"Hallucination Studies, 1801–"
7617,1951-,"Educational Systems, 1951–"
7809,1860-,"American Women Writers, 1860–"
8232,1871-1950,"Educational Systems, 1871–1950"
8319,1961-2000,"Greek Authors, 1961–2000"
8768,2001-,"Greek Authors, 2001–"
8917,1400-1520,"Exploration Voyages, 1400–1520"
9027,1850-,"Furniture, 1850–"
9272,1801-,"Sleepwalking Studies, 1801–"
10777,1851-,"Emotional Expression, 1851–"
10811,1801-,"Visionary Experiences, 1801–"
10828,1801-1900,"Christian Ethics, 1801–1900"
10843,1801-,"Symbolic Logic, 1801–"
10860,1901-2000,"Jewish Ethics, 1901–2000"
10865,1701-1800,"Christian Ethics, 1701–1800"
10967,1801-,"Philosophy of Life, 1801–"
11007,1851-,"Psychology, 1851–"
11036,1801-,"Conversation Etiquette, 1801–"
11047,2001-,"Jewish Ethics, 2001–"
11082,1801,"Feminine Virtues, 1801"
11103,1801-,"Philosophy of Mind, 1801–"
11133,1801-,"Letter-Writing Etiquette, 1801–"
11158,1901-,"Christian Ethics, 1901–"
11174,1951-,"Anglophone Success Guides, 1951–"
11952,1961–2000,"Argentine Literature, 1961–2000"
11953,2001–,"Argentine Literature, 2001–"
11957,1961–2000,"Mexican Literature, 1961–2000"
11958,2001–,"Mexican Literature, 2001–"
11966,1961–2000,"Chilean Literature, 1961–2000"
11967,2001–,"Chilean Literature, 2001–"
11970,1960–2000,"Colombian Literature, 1960–2000"
11971,2001–,"Colombian Literature, 2001–"
11974,1961–2000,"Venezuelan Literature, 1961–2000"
11975,2001–,"Venezuelan Literature, 2001–"
11979,1961–2000,"Peruvian Literature, 1961–2000"
11980,2001–,"Peruvian Literature, 2001–"
11983,1961–2000,"Uruguayan Literature, 1961–2000"
11984,2001–,"Uruguayan Literature, 2001–"
12348,1912–1949,"Chinese Literature, 1912–1949"
12349,1949–2000,"Chinese Literature, 1949–2000"
12350,2001–,"Chinese Literature, 2001–"
12466,1870–2014,"English Children’s Fiction, 1870–2014"
12467,2015–,"English Children’s Fiction, 2015–"
12492,1800–1870,"Russian Literature, 1800–1870"
12493,1870–1917,"Russian Literature, 1870–1917"
12494,1917–1960,"Russian Literature, 1917–1960"
12495,1961–2000,"Russian Literature, 1961–2000"
12496,2001–,"Russian Literature, 2001–"
12636,1392–1598,"Korean Literature, 1392–1598"
12637,1598–1894,"Korean Literature, 1598–1894"
12638,1894–1919,"Korean Literature, 1894–1919"
12639,1919–1945,"Korean Literature, 1919–1945"
12640,1945–2000,"Korean Literature, 1945–2000"
12641,2001–,"Korean Literature, 2001–"
12704,1860/70–1960,"German Literature, 1860/70–1960"
12705,1961–2000,"German Literature, 1961–2000"
12707,1400–1700,"Italian Literature, 1400–1700"
12708,1701–1900,"Italian Literature, 1701–1900"
12709,1900–1960,"Italian Literature, 1900–1960"
12710,1961–2000,"Italian Literature, 1961–2000"
12711,2001–,"Italian Literature, 2001–"
12715,1868–1960,"Spanish Literature, 1868–1960"
12716,1961–2000,"Spanish Literature, 1961–2000"
12717,2001–,"Spanish Literature, 2001–"
12718,1900–1960,"American Literature, 1900–1960"
12719,1961–2000,"American Literature, 1961–2000"
12720,2001–,"American Literature, 2001–"
532,Military,Military Collectibles
564,Religious,Religious Buildings
575,Ancient & Classical,Ancient Architecture
577,Contemporary,Contemporary Architecture
578,Medieval,Medieval Architecture
579,Modern,Modern Architecture
581,Renaissance,Renaissance Architecture
584,Essays,Architect Essays
592,Regional,Regional Architecture
641,Religious,Religious Comics
675,Essays,Design Essays
695,Essays,Humorous Essays
729,Essays,Music Essays
745,International,World Music
839,Religious,Religion & Music
869,Modern,Modern Dance
881,Historical,Historical Films
930,Essays,Photographer Essays
945,Historical,Historical Photography
951,Regional,Regional Photography
1016,Ancient & Classical,Ancient Art
1018,Contemporary,Contemporary Art
1019,Medieval,Medieval Art
1020,Modern,Modern Art
1022,Renaissance,Renaissance Art
1027,Essays,Artist Essays
1072,Religious,Religious Art
1160,Historical,Children’s Historical Comics
1209,Historical,Children’s Historical Fiction
1219,Medieval,Children’s Medieval Fiction
1223,Renaissance,Children’s Renaissance Fiction
1302,Religious,Children’s Religious Fiction
1314,Historical,Children’s Christian Historical Fiction
1443,Historical,Children’s Historical Biographies
1450,Religious,Children’s Religious Biographies
1455,Women,Women’s Biographies for Children
1531,Ancient,Children’s Ancient History
1541,Medieval,Children’s Medieval History
1545,Modern,Children’s Modern History
1547,Renaissance,Children’s Renaissance History
1759,Historical,YA Historical Comics
1792,Contemporary,YA Contemporary Fantasy
1795,Historical,YA Historical Fantasy
1802,Historical,YA Historical Fiction
1810,Medieval,YA Medieval Fiction
1814,Renaissance,YA Renaissance Fiction
1872,Religious,YA Religious Fiction
1879,Historical,YA Christian Historical Fiction
1889,Contemporary,YA Contemporary Romance
1890,Historical,YA Historical Romance
1970,Historical,YA Historical Biographies
1977,Religious,YA Religious Biographies
1982,Women,YA Women’s Biographies
2034,Ancient,YA Ancient History
2042,Medieval,YA Medieval History
2046,Modern,YA Modern History
2048,Renaissance,YA Renaissance History
2200,Essays,Education Essays
2267,Religious,Religious Schools
2514,Military,Military Heritage Travel
2516,Religious,Religious Travel
2605,Essays,Medical Essays
3006,International,World Cooking
3237,Historical,Historical Biographies
3244,Military,Military Biographies
3251,Religious,Religious Biographies
3259,Women,Women’s Biographies
3879,Ancient & Classical,Ancient Drama
3893,Medieval,Medieval Drama
3925,Modern,Modern English Literature
3939,Historical,Black Historical Fiction
3942,Women,Black Women’s Fiction
3954,Contemporary,Contemporary Christian Fiction
3957,Historical,Christian Historical Fiction
3959,Historical,Christian Historical Romance
3975,Historical,Historical Erotica
3990,Contemporary,Contemporary Fantasy
3995,Historical,Historical Fantasy
3997,Military,Military Fantasy
4006,Historical,Historical Fiction
4007,Ancient,Ancient Historical Fiction
4010,Medieval,Medieval Historical Fiction
4011,Renaissance,Renaissance Historical Fiction
4044,Historical,Historical Mysteries
4057,Religious,Religious Fiction
4064,Contemporary,Contemporary Romance
4068,Historical,Historical Romance
4073,Medieval,Medieval Romance
4075,Renaissance,Renaissance Romance
4088,Military,Military Romance
4118,Military,Military Science Fiction
4133,Historical,Historical Thrillers
4136,Military,Military Thrillers
4147,Women,Women’s Fiction
4282,Ancient & Classical,Ancient Literary Collections
4291,Essays,Literary Essays
4304,Medieval,Medieval Literary Collections
4315,Regional,American Regional Literary Criticism
4316,Ancient & Classical,Ancient Literary Criticism
4345,Medieval,Medieval Literary Criticism
4347,Modern,Modern Literary Criticism
4356,Renaissance,Renaissance Literary Criticism
4367,Women,Women in Literary Criticism
4380,Modern,Modern Literary History
4423,Ancient & Classical,Ancient Poetry
4440,Medieval,Medieval Poetry
4493,Essays,Philosophy Essays
4836,Essays,Science Essays
4935,Essays,Mathematics Essays
5014,Essays,Nature Essays
5024,Regional,Regional Natural History
5182,International,International Trade
5269,Historical,Historical True Crime
5293,International,International Law
5306,Military,Military Law
5399,Essays,Psychology Essays
5498,Essays,Social Science Essays
5996,Women,Women’s Bibliographies
6314,Modern,Modern Biography History
6566,International,International Education Serials
6616,Ancient,Ancient Geography
6623,Essays,English Essay Collections
6659,International,International Music Bibliographies
6690,Medieval,Medieval Seals
6744,Medieval,Medieval Murals
6750,Medieval,Medieval Decorative Arts
6964,Special,Social Degeneration Topics
7219,Special,Cushitic Language Topics
7539,International,International Music Directories
7622,Modern,Modern Philosophy
7652,Essays,Individual English Essays
7880,Modern,Modern Murals
7953,Essays,American Essay Collections
8055,Modern,Modern Seals
8237,Modern,Modern Higher Education History
8288,Medieval,Medieval Painting
8433,Ancient,Ancient Murals
8492,Local,Regional Cryptogams
8881,Modern,Modern Decorative Arts
8904,Medieval,Medieval Voyages
9010,Modern,Modern Painting
9073,Modern,Modern Drawing
9087,Ancient,Ancient Philosophy
9207,Special,Ethiopian Language Topics
9315,Special,Special Oratory Topics
9365,Ancient,Ancient Seals
9590,Ancient,Ancient Decorative Arts
9807,Ancient,Ancient Painting
9891,Medieval,Medieval Philosophy
9916,Ancient,English & Classical Literature
10082,Special,Drug Abuse Topics
10780,Medieval,Medieval Christian Ethics
10791,Medieval,Medieval Astrology
10802,Modern,Modern Witchcraft
10807,Modern,Modern Cosmological Philosophy
10824,Modern,Modern Psychology
10825,Ancient,Ancient Occultism
10890,Ancient,Ancient Ethics
10915,Ancient,Ancient Magic
10953,Ancient,Ancient Astrology
10987,Ancient,Ancient Witchcraft
11009,Medieval,Medieval Cosmological Philosophy
11028,Medieval,Medieval Logic
11055,Ancient,Ancient Cosmological Philosophy
11087,Modern,Modern Magic
11099,Modern,Modern Logic
11119,Modern,Modern Christian Ethics
11136,Modern,Modern Jewish Ethics
11145,Medieval,Medieval Ethics
11168,Medieval,Medieval Magic
11189,Modern,Modern Astrology
11190,Ancient,Ancient Logic
11213,Modern,Modern Occultism
12245,Reference,Social Science Reference
12246,Research,Social Science Research
12499,Women,Christian Women’s Devotion
12701,Collections,German Literary Collections
12706,Collections,Italian Literary Collections
12797,Women,Women’s Welfare
13554,Research,Scientific Research
11560,"East Germany, 1949–1990, 1971-1990","Republic, 1949–1990: Late, 1971–1990"
11566,"East Germany, 1949–1990, 1949-1961","Republic, 1949–1990: Early, 1949–1961"
10224,"Medieval Albania, to 1501","Medieval Era, to 1501"
10320,"Post-Communist Albania, 1990–Present","Post-Communist Era, 1990–Present"
10466,"Communist Albania, 1944–1990","Communist Era, 1944–1990"
10556,"Vietnam Since Reunification, 1975–","Reunification Era, 1975–"
10559,1867-1914. Dominion of Canada,"Dominion, 1867–1914"
11341,"Independent Moldova, 1991–Present","Independence Era, 1991–Present"
11355,"Independent Belarus, 1991–Present","Independence Era, 1991–Present"
11368,"Soviet Moldova, 1940–1991","Soviet Era, 1940–1991"
11413,Earliest to 428. Armenian dynasties,"Early Dynasties, to 428"
11521,"National Awakening Iceland, 1801–1918","National Awakening, 1801–1918"
11522,"Modern Iceland, 1918–Present","Modern Era, 1918–Present"
11523,"Commonwealth Iceland, 874–1262","Commonwealth, 874–1262"
11524,"Other Early & Medieval Iceland, to 1540","Early & Medieval Era, to 1540"
11559,"Independent Albania, 1912–1944","Independence Era, 1912–1944"
13947,"Early Estonia, to 1800","Early Era, to 1800"
13951,"Early Latvia, to 1800","Early Era, to 1800"
13961,"Ukraine, 1991–2014","Independence Era, 1991–2014"
13962,"Ukraine, 2014–Present","Post-Maidan Era, 2014–Present"
28,Documents,Forestry Documents
768,Techniques,Music Performance Techniques
784,Bibliography,Music Bibliography
788,Institutions,Music Institutions
955,Techniques,Photography Techniques
960,Equipment,Photography Equipment
1074,Techniques,Visual Art Techniques
1438,Techniques,Children’s Art Techniques
1599,Instruments,Children’s Musical Instruments
1966,Techniques,YA Art Techniques
2170,Administration,Education Administration
2195,Periodicals. Societies,Education Serials & Societies
2314,Textbooks,School Textbooks
2538,Administration,Healthcare Administration
2591,Diagnosis,Medical Diagnosis
3516,Essays,History Essays
5354,Sources,International Relations Sources
5596,Management,Business Management
6375,Organization,Art Museum Organization
6572,Psychological aspects,Hospital Psychology
6581,Materials,Art Materials
6842,Administration,Household Administration
6900,Management,Telephone Industry Management
6981,Administration,Art Museum Administration
7285,Sources and documents,WWI Sources
7479,Psychological aspects,Game Psychology
7499,Materials,Packaging Materials
7509,Instruments,Aeronautical Instruments
7667,Geographical distribution,Vertebrate Biogeography
7841,Instruments,Surveying Instruments
7932,Documents,Criminal Justice Documents
7954,Classification,Childhood Disease Classification
7974,Social aspects,WWI Social History
8227,Materials,Heat Engine Materials
8579,Classification,Invertebrate Classification
8632,Religious aspects,Religion & Teaching
8686,Classification,Tumor Classification
8866,Social aspects,Biotechnology & Society
8882,Social aspects,Neuroscience & Society
9496,Religious aspects,Medicine & Religion
9598,Management,Telecommunications Management
9599,Materials,Nuclear Engineering Materials
9698,Sources and documents,Post-1945 Historical Sources
9862,Geographical distribution,Invertebrate Biogeography
9886,Psychological aspects,WWI Psychological Effects
10024,Classification,Ecological Classification
10090,Management,Marine Resource Management
10158,Local,British West African Local History
10184,Special,Pre-Columbian America Topics
10355,Social aspects,WWII Social History
10645,Psychological aspects,WWII Psychological Effects
10681,Local,Crusader Kingdom Local History
13517,Social aspects,Science & Society
13520,Study and teaching,Science Teaching & Study
13528,Collected works,Collected Scientific Works
13529,Societies,Scientific Societies
13532,Encyclopedias,Science Encyclopedias
13533,Dictionaries,Science Dictionaries
13544,Textbooks,Science Textbooks
13567,Dictionaries,Film Dictionaries
13568,Study and teaching,Film Education
10096,"Ottoman & Habsburg Hungary, 1526–1711","Ottoman & Habsburg Rule, 1526–1711"
10108,"Contemporary Switzerland, 2000–Present","Contemporary Era, 2000–Present"
10127,"Old Swiss Confederacy, 1291–1516","Old Confederacy, 1291–1516"
10130,"Early modern Scotland, 1603-1707","Early Modern Era, 1603–1707"
10154,"Medieval and Tudor Ireland, 1172-1603","Medieval & Tudor Era, 1172–1603"
10161,"Early and medieval Scotland, to 1603","Early & Medieval Era, to 1603"
10190,"Belgian Revolution, 1830","Revolution, 1830"
10199,"Czechoslovakia, 1918–1992","Union & Republic, 1918–1992"
10207,"Independent Belgium, 1830–1909","Independence Era, 1830–1909"
10209,"Republic of Hungary, 1989–Present","Republic, 1989–Present"
10214,"Early & Medieval Austria, to 1521","Early & Medieval Era, to 1521"
10357,"Slovak National Awakening, 1800–1918","National Awakening, 1800–1918"
10360,"Hungarian Revolution, 1956","Revolution, 1956"
10401,"Postwar Switzerland, 1945–2000","Postwar Era, 1945–2000"
10423,"Czechoslovak Period, 1918–1939","Union Era, 1918–1939"
10428,"Federal Czechoslovakia, 1968–1989","Federal Era, 1968–1989"
10436,"Postwar Czechoslovakia, 1945–1968","Postwar Union, 1945–1968"
10615,"Slovak State, 1939–1945","Wartime State, 1939–1945"
10747,"Early Ireland, to 1172","Early Era, to 1172"
10765,"Austria-Hungary, 1867–1918","Dual Monarchy, 1867–1918"
11525,"Grand Duchy of Luxembourg, 1815–Present","Grand Duchy, 1815–Present"
11526,"Knights of Malta, 1530–1798","Knights Hospitaller, 1530–1798"
11528,"Independent Malta, 1964–Present","Independence Era, 1964–Present"
11529,"Malta, 870–1530","Medieval Era, 870–1530"
13884,"Independent Czech Republic, 1993–Present","Independent Republic, 1993–Present"
13923,"Early & Medieval Belgium, to 1555","Early & Medieval Era, to 1555"
14001,"Early & Medieval Slovakia, to 1800","Early & Medieval Era, to 1800"
14002,"Independent Slovakia, 1993–Present","Independence Era, 1993–Present"
3503,Malaysia & Straits Settlements,Malaysian & Straits History
3365,Somalia & Somaliland,Somali & Somaliland History
9462,U.S. Education History,U.S. Education History Overview
1143,Africa,Children’s African Biographical Fiction
1144,Asia,Children’s Asian Biographical Fiction
1145,Canada,Children’s Canadian Biographical Fiction
1146,Europe,Children’s European Biographical Fiction
1147,Latin America,Kids’ Latin American Fictional Biography
1148,U.S.,Children’s U.S. Biographical Fiction
1210,Africa,Children’s African Historical Fiction
1212,Asia,Children’s Asian Historical Fiction
1213,Canada,Children’s Canadian Historical Fiction
1216,Europe,Children’s European Historical Fiction
1220,Middle East,Kids’ Middle Eastern Historical Fiction
1224,U.S.,Children’s U.S. Historical Fiction
1273,Africa,Children’s African Fiction
1274,Asia,Children’s Asian Fiction
1275,Australia & Oceania,Children’s Australian & Oceanian Fiction
1276,Canada,Children’s Canadian Fiction
1278,Europe,Children’s European Fiction
1279,Mexico,Children’s Mexican Fiction
1280,Middle East,Children’s Middle Eastern Fiction
1281,Polar Regions,Children’s Polar Fiction
1282,U.S.,Children’s U.S. Fiction
1530,Africa,Children’s African History
1532,Asia,Children’s Asian History
1533,Australia & Oceania,Children’s Australian & Oceanian History
1534,Canada,Children’s Canadian History
1538,Europe,Children’s European History
1542,Mexico,Children’s Mexican History
1543,Middle East,Children’s Middle Eastern History
1549,U.S.,Children’s U.S. History
1608,Africa,Children’s African People & Places
1609,Asia,Children’s Asian People & Places
1610,Australia & Oceania,Kids’ Australian & Oceanian Geography
1611,Canada,Children’s Canadian People & Places
1613,Europe,Children’s European People & Places
1614,Mexico,Children’s Mexican People & Places
1615,Middle East,Kids’ Middle Eastern People & Places
1616,Polar Regions,Children’s Polar People & Places
1617,U.S.,Children’s U.S. People & Places
1803,Africa,YA African Historical Fiction
1805,Asia,YA Asian Historical Fiction
1806,Canada,YA Canadian Historical Fiction
1807,Europe,YA European Historical Fiction
1811,Middle East,YA Middle Eastern Historical Fiction
1815,U.S.,YA U.S. Historical Fiction
1847,Africa,YA African Fiction
1848,Asia,YA Asian Fiction
1849,Australia & Oceania,YA Australian & Oceanian Fiction
1850,Canada,YA Canadian Fiction
1852,Europe,YA European Fiction
1854,Mexico,YA Mexican Fiction
1855,Middle East,YA Middle Eastern Fiction
1856,Polar Regions,YA Polar Fiction
1857,U.S.,YA U.S. Fiction
2033,Africa,YA African History
2035,Asia,YA Asian History
2036,Australia & Oceania,YA Australian & Oceanian History
2037,Canada,YA Canadian History
2039,Europe,YA European History
2043,Mexico,YA Mexican History
2044,Middle East,YA Middle Eastern History
2049,U.S.,YA U.S. History
2083,Africa,YA African People & Places
2084,Asia,YA Asian People & Places
2085,Australia & Oceania,YA Australian & Oceanian People & Places
2086,Canada,YA Canadian People & Places
2088,Europe,YA European People & Places
2090,Mexico,YA Mexican People & Places
2091,Middle East,YA Middle Eastern People & Places
2092,U.S.,YA U.S. People & Places
2208,U.S.,U.S. Education History
2212,Africa,African Schools & Colleges
2214,Asia,Asian Schools & Colleges
2215,Australia,Australian Schools & Colleges
2216,Austria,Austrian Schools & Colleges
2217,Belarus,Belarusian Schools & Colleges
2218,Belgium,Belgian Schools & Colleges
2219,Czech Republic,Czech Schools & Colleges
2220,Denmark,Danish Schools & Colleges
2221,Estonia,Estonian Schools & Colleges
2222,Finland,Finnish Schools & Colleges
2223,France,French Schools & Colleges
2224,Germany,German Schools & Colleges
2225,Great Britain,British Schools & Colleges
2226,Greece,Greek Schools & Colleges
2227,Hungary,Hungarian Schools & Colleges
2228,Iceland,Icelandic Schools & Colleges
2229,Italy,Italian Schools & Colleges
2230,Latvia,Latvian Schools & Colleges
2231,Lithuania,Lithuanian Schools & Colleges
2232,Moldova,Moldovan Schools & Colleges
2233,Netherlands,Dutch Schools & Colleges
2234,New Zealand,New Zealand Schools & Colleges
2235,Norway,Norwegian Schools & Colleges
2236,Poland,Polish Schools & Colleges
2237,Portugal,Portuguese Schools & Colleges
2239,Slovakia,Slovak Schools & Colleges
2240,South America,South American Schools & Colleges
2241,Spain,Spanish Schools & Colleges
2242,Sweden,Swedish Schools & Colleges
2243,Switzerland,Swiss Schools & Colleges
2245,Ukraine,Ukrainian Schools & Colleges
2246,U.S.,U.S. Schools & Colleges
2374,Europe,European Atlases
2375,North America,North American Atlases
2402,Europe,European Maps
2403,North America,North American Maps
2427,Africa,African Travel
2433,Asia,Asian Travel
2436,China,Chinese Travel
2437,Japan,Japanese Travel
2438,Korea,Korean Travel
2439,Mongolia,Mongolian Travel
2440,Taiwan,Taiwanese Travel
2444,Australia & Oceania,Australian & Oceanian Travel
2445,Canada,Canadian Travel
2453,Central America,Central American Travel
2455,Europe,European Travel
2456,Austria,Austrian Travel
2458,Cyprus,Cypriot Travel
2459,France,French Travel
2460,Germany,German Travel
2461,Great Britain,British Travel
2462,Greece,Greek Travel
2463,Ireland,Irish Travel
2464,Italy,Italian Travel
2466,Denmark,Danish Travel
2467,Finland,Finnish Travel
2469,Norway,Norwegian Travel
2470,Sweden,Swedish Travel
2472,Switzerland,Swiss Travel
2484,Mexico,Mexican Travel
2485,Middle East,Middle Eastern Travel
2486,Egypt,Egyptian Travel
2487,Israel,Israeli Travel
2488,Turkey,Turkish Travel
2492,Polar Regions,Polar Travel
2493,Russia,Russian Travel
2494,South America,South American Travel
2495,Argentina,Argentine Travel
2496,Brazil,Brazilian Travel
2499,Peru,Peruvian Travel
2521,U.S.,U.S. Travel
3320,Africa,African History
3321,Algeria,Algerian History
3322,Angola,Angolan History
3327,Burundi,Burundian History
3329,Central Africa,Central African History
3332,East Africa,East African History
3334,Ethiopia,Ethiopian History
3337,Central African Republic,Central African Republic History
3341,Gambia,Gambian History
3343,Guinea,Guinean History
3345,Kenya,Kenyan History
3347,Liberia,Liberian History
3348,Libya,Libyan History
3353,Mozambique,Mozambican History
3355,Niger,Nigerien History
3356,Nigeria,Nigerian History
3357,North Africa,North African History
3363,Senegal,Senegalese History
3364,Sierra Leone,Sierra Leonean History
3366,Southern Africa,Southern African History
3367,South Africa,South African History
3372,Uganda,Ugandan History
3373,West Africa,West African History
3379,Americas,American History
3380,Cuba,Cuban History
3381,Dominican Republic,Dominican Republic History
3382,Haiti,Haitian History
3383,Jamaica,Jamaican History
3385,Latin America,Latin American History
3387,Belize,Belizean History
3388,Costa Rica,Costa Rican History
3389,Guatemala,Guatemalan History
3390,Honduras,Honduran History
3391,Mexico,Mexican History
3392,Nicaragua,Nicaraguan History
3393,Panama,Panamanian History
3394,El Salvador,Salvadoran History
3395,North America,North American History
3400,Canada,Canadian History
3402,U.S.,U.S. History
3426,Bolivia,Bolivian History
3427,Brazil,Brazilian History
3428,Chile,Chilean History
3429,Peru,Peruvian History
3430,Venezuela,Venezuelan History
3440,Georgia,Georgian History
3485,Asia,Asian History
3486,Afghanistan,Afghan History
3488,Armenia,Armenian History
3491,Bhutan,Bhutanese History
3492,Brunei,Bruneian History
3493,China,Chinese History
3494,East Asia,East Asian History
3496,India (Bharat),Indian History
3497,Indonesia (Dutch East Indies),Indonesian History
3498,Japan,Japanese History
3500,Korea,Korean History
3504,Nepal,Nepalese History
3505,Pakistan,Pakistani History
3506,Philippines,Philippine History
3507,Singapore,Singaporean History
3508,South Asia,South Asian History
3509,Southeast Asia,Southeast Asian History
3510,Sri Lanka,Sri Lankan History
3511,Thailand (Siam),Thai History
3517,Europe,European History
3521,British Isles,British Isles History
3522,Eastern Europe,East European History
3523,France,French History
3524,Germany,German History
3530,Scotland,Scottish History
3534,Wales,Welsh History
3535,Greece,Greek History
3537,Austria,Austrian History
3538,Czechoslovakia,Czechoslovak History
3539,Hungary,Hungarian History
3540,Slovakia,Slovak History
3544,Albania,Albanian History
3545,Bulgaria,Bulgarian History
3546,Croatia,Croatian History
3548,Romania,Romanian History
3549,Serbia,Serbian History
3551,Turkey,Turkish History
3552,Central Europe,Central European History
3566,England,English History
3574,Malta,Maltese History
3577,Belgium,Belgian History
3578,Luxembourg,Luxembourg History
3579,Netherlands,Dutch History
3580,Denmark,Danish History
3581,Finland,Finnish History
3582,Iceland,Icelandic History
3583,Norway,Norwegian History
3584,Sweden,Swedish History
3586,Azerbaijan,Azerbaijani History
3587,Belarus,Belarusian History
3589,Georgia,Georgian History
3590,Kazakhstan,Kazakh History
3591,Kyrgyzstan,Kyrgyz History
3594,Moldova,Moldovan History
3595,Russia,Russian History
3596,Tajikistan,Tajik History
3597,Turkmenistan,Turkmen History
3598,Uzbekistan,Uzbek History
3602,Switzerland,Swiss History
3603,Ukraine,Ukrainian History
3606,Ireland,Irish History
3607,Italy,Italian History
3609,Northern Europe,North European History
3610,Poland,Polish History
3611,Portugal,Portuguese History
3613,Spain,Spanish History
3615,Western Europe,West European History
3633,Middle East,Middle Eastern History
3635,Egypt,Egyptian History
3636,Iran,Iranian History
3637,Iraq,Iraqi History
3639,Syria,Syrian History
3644,Canada,Canadian Military History
3659,U.S.,U.S. Military History
3676,Oceania,Oceanian History
3677,Australia,Australian History
3681,New Zealand,New Zealand History
3683,Polar Regions,Polar History
4148,East Africa,East African Literature
4149,Nigeria,Nigerian Literature
4150,Southern Africa,Southern African Literature
4151,West Africa,West African Literature
4157,Argentina,Argentine Literature
4158,Australia,Australian Literature
4159,Austria,Austrian Literature
4160,Brazil,Brazilian Literature
4161,Canada,Canadian Literature
4166,Central America,Central American Literature
4167,Chile,Chilean Literature
4168,China,Chinese Literature
4172,Colombia,Colombian Literature
4173,Czech Republic,Czech Literature
4174,Denmark,Danish Literature
4175,England,English Literature
4182,Europe,European Literature
4183,Finland,Finnish Literature
4184,France,French Literature
4189,Germany,German Literature
4192,Greece,Greek Literature
4193,Hungary,Hungarian Literature
4194,India,Indian Literature
4198,Ireland,Irish Literature
4202,Italy,Italian Literature
4203,Japan,Japanese Literature
4204,Korea,Korean Literature
4205,Mexico,Mexican Literature
4208,Israel,Israeli Literature
4209,Netherlands,Dutch Literature
4210,New Zealand,New Zealand Literature
4211,Norway,Norwegian Literature
4212,Pakistan,Pakistani Literature
4213,Peru,Peruvian Literature
4214,Poland,Polish Literature
4215,Portugal,Portuguese Literature
4216,Russia,Russian Literature
4220,Scotland,Scottish Literature
4224,South America,South American Literature
4225,Southeast Asia,Southeast Asian Literature
4226,Spain,Spanish Literature
4230,Sweden,Swedish Literature
4231,Turkey,Turkish Literature
4232,Uruguay,Uruguayan Literature
4233,Wales,Welsh Literature
4757,Africa,African Bibliography
4759,Asia,Asian Bibliography
4761,Europe,European Bibliography
5541,Southern Europe,South European History
5542,Colombia,Colombian History
5543,Ecuador,Ecuadorian History
5544,Paraguay,Paraguayan History
5545,Uruguay,Uruguayan History
5727,Americas,American Literature
5728,North America,North American Literature
5748,Europe,European Schools & Colleges
5749,Americas,American Schools & Colleges
5831,Western Europe,West European Schools & Colleges
5832,Central Europe,Central European Schools & Colleges
5833,Southern Europe,South European Schools & Colleges
5834,Eastern Europe,East European Schools & Colleges
6226,Cyprus,Cypriot Bibliography
6351,Syria,Syrian Bibliography
6360,Oceania,Oceanian Bibliography
6377,Greece,Greek Bibliography
6509,U.S.,U.S. Library Catalogs
6569,Italy,Italian Bibliography
6594,Taiwan,Taiwanese Bibliography
6595,Scotland,Anglophone Scottish Literature
6612,Armenia,Armenian Bibliography
6621,Jordan,Jordanian Bibliography
6772,Iraq,Iraqi Bibliography
6885,Libya,Libyan Bibliography
6956,Morocco,Moroccan Bibliography
6972,Central America,Central American Bibliography
6979,Egypt,Egyptian Bibliography
7041,U.S.,U.S. Education Directories
7080,West Africa,West African Bibliography
7092,Australia,Australian Illustration
7101,U.S.,U.S. Bibliography
7222,U.S.,U.S. Education Documents
7240,East Africa,East African Bibliography
7362,Switzerland,Swiss Bibliography
7472,U.S.,U.S. Music Directories
7702,England,English Literature in England
7792,Korea,Korean Bibliography
7989,Hungary,Hungarian Bibliography
8009,Iran,Iranian Bibliography
8092,U.S.,U.S. Carpets
8094,Europe,European Library Catalogs
8297,Wales,Anglophone Welsh Literature
8310,Southeast Asia,Southeast Asian Bibliography
8314,Japan,Japanese Bibliography
8320,Australia,Australian Bibliography
8366,Scandinavia,Scandinavian Bibliography
8398,Ghana,Ghanaian Bibliography
8416,U.S.,U.S. Architectural Competitions
8560,Europe,European Architectural Competitions
8711,Afghanistan,Afghan Bibliography
8769,China,Chinese Bibliography
8799,Southern Africa,Southern African Bibliography
8836,Ireland,Anglophone Irish Literature
8874,Eastern Europe,East European Bibliography
8905,North Africa,North African Bibliography
9102,Mexico,Mexican Bibliography
9144,Israel,Israeli Bibliography
9154,France,French Literature
9526,Canada,Canadian Illustration
9608,Slovakia,Slovak Bibliography
9614,U.S.,U.S. Illustration
9793,Austria,Austrian Bibliography
9973,Germany,German Bibliography
10009,France,French Bibliography
10085,Spain,Spanish Literature in Spain
10281,South Sudan,South Sudanese History
10323,France,French WWII Air Operations
10335,U.S.,U.S. WWI Air Operations
10342,Germany,German WWII Submarine Operations
10364,Canada,Canadian Indigenous Education
10366,Guyana,Guyanese History
10414,Palestine,Palestinian WWI History
10426,U.S.,U.S. WWII Submarine Operations
10430,Kenya,Kenyan History
10442,U.S.,U.S. Indigenous Education
10459,U.S.,U.S. WWII Naval Operations
10467,Montenegro,Montenegrin History
10474,Germany,German WWI Origins
10488,Libya,Libyan History
10499,Argentina,Argentine History
10509,Egypt,Egyptian WWI History
10518,Timor-Leste,Timorese History
10539,U.S.,U.S. WWI Military Operations
10545,Great Britain,British WWII Air Operations
10550,Austria,Austrian WWI Origins
10576,U.S.,U.S. WWI Memorials
10589,Suriname,Surinamese History
10628,France,French WWI Origins
10642,U.S.,U.S. Indigenous Relations
10657,Eritrea,Eritrean History
10660,U.S.,U.S. WWII Air Operations
10661,Morocco,Moroccan History
10666,Japan,Japanese WWII Naval Operations
10672,Germany,German WWII Air Operations
10697,Japan,Japanese WWII History
10699,Taiwan,Taiwanese History
10700,Canada,Canadian Indigenous Relations
10717,Armenia,Armenian History
10733,Great Britain,British WWI Origins
10750,Japan,Japanese WWII Submarine Operations
10773,U.S.,U.S. Modern Philosophy
10783,Great Britain,British Witchcraft
10800,Japan,Japanese Modern Philosophy
10813,Southern Africa,Southern African Modern Philosophy
10817,Sweden,Swedish Modern Philosophy
10822,Serbia,Serbian Modern Philosophy
10826,Indonesia,Indonesian Modern Philosophy
10830,Denmark,Danish Modern Philosophy
10837,Peru,Peruvian Modern Philosophy
10841,Belarus,Belarusian Modern Philosophy
10847,Israel,Israeli Modern Philosophy
10856,Yugoslavia,Yugoslav Modern Philosophy
10868,Colombia,Colombian Modern Philosophy
10871,Japan,Japanese Ethics History
10873,Egypt,Egyptian Modern Philosophy
10877,Korea,Korean Modern Philosophy
10880,Pakistan,Pakistani Modern Philosophy
10884,Great Britain,British Ethics History
10886,Africa,African Ethics History
10894,Georgia,Georgian Modern Philosophy
10897,Middle East,Middle Eastern Modern Philosophy
10899,Germany,German Witchcraft
10900,Korea,Korean Ethics History
10904,Romania,Romanian Modern Philosophy
10906,Canada,Canadian Ethics History
10908,Scotland,Scottish Ethics History
10911,Scandinavia,Scandinavian Modern Philosophy
10912,Kazakhstan,Kazakh Modern Philosophy
10918,Italy,Italian Ethics History
10922,Lithuania,Lithuanian Modern Philosophy
10926,Hungary,Hungarian Modern Philosophy
10934,Slovenia,Slovenian Modern Philosophy
10937,Ethiopia,Ethiopian Modern Philosophy
10941,Ukraine,Ukrainian Modern Philosophy
10942,Oceania,Oceanian Modern Philosophy
10943,U.S.,U.S. Ethics History
10947,Bulgaria,Bulgarian Modern Philosophy
10949,Portugal,Portuguese Modern Philosophy
10957,Mexico,Mexican Modern Philosophy
10971,France,French Ethics History
10978,Croatia,Croatian Modern Philosophy
10981,China,Chinese Modern Philosophy
10986,Italy,Italian Modern Philosophy
10988,Asia,Asian Ethics History
10992,Spain,Spanish Modern Philosophy
10994,Norway,Norwegian Modern Philosophy
10997,India,Indian Ethics History
11013,Uruguay,Uruguayan Modern Philosophy
11018,Venezuela,Venezuelan Modern Philosophy
11026,Russia,Russian Modern Philosophy
11035,France,French Witchcraft
11040,Poland,Polish Modern Philosophy
11043,India,Indian Modern Philosophy
11061,Australia,Australian Modern Philosophy
11065,New Zealand,New Zealand Modern Philosophy
11069,South America,South American Modern Philosophy
11070,Germany,German Ethics History
11094,China,Chinese Ethics History
11107,East Africa,East African Modern Philosophy
11109,Finland,Finnish Modern Philosophy
11115,Morocco,Moroccan Modern Philosophy
11124,U.S.,U.S. Witchcraft
11125,Eastern Europe,East European Modern Philosophy
11126,Asia,Asian Modern Philosophy
11134,Africa,African Modern Philosophy
11152,France,French Modern Philosophy
11156,Latin America,Latin American Modern Philosophy
11159,Argentina,Argentine Modern Philosophy
11162,Turkey,Turkish Modern Philosophy
11175,Algeria,Algerian Modern Philosophy
11177,Switzerland,Swiss Modern Philosophy
11187,Philippines,Philippine Modern Philosophy
11192,Brazil,Brazilian Modern Philosophy
11195,Iran,Iranian Modern Philosophy
11207,Chile,Chilean Modern Philosophy
11210,South Africa,South African Modern Philosophy
11216,Estonia,Estonian History
11217,Latvia,Latvian History
11221,Lithuania,Lithuanian History
11573,Central Asia,Central Asian History
11598,Great Britain,British Government
11599,Ireland,Irish Government
11600,Austria,Austrian Government
11601,Hungary,Hungarian Government
11602,Czech Republic,Czech Government
11603,France,French Government
11604,Germany,German Government
11605,Greece,Greek Government
11606,Italy,Italian Government
11607,Netherlands,Dutch Government
11608,Belgium,Belgian Government
11610,Ukraine,Ukrainian Government
11611,Belarus,Belarusian Government
11612,Moldova,Moldovan Government
11613,Russia,Russian Government
11614,Latvia,Latvian Government
11615,Poland,Polish Government
11617,Denmark,Danish Government
11618,Greenland,Greenland Government
11619,Iceland,Icelandic Government
11620,Finland,Finnish Government
11621,Norway,Norwegian Government
11622,Sweden,Swedish Government
11623,Spain,Spanish Government
11624,Portugal,Portuguese Government
11625,Switzerland,Swiss Government
11627,Albania,Albanian Government
11628,Bulgaria,Bulgarian Government
11629,Romania,Romanian Government
11630,Yugoslavia,Yugoslav Government
11925,Australia,Anglophone Australian Literature
11929,New Zealand,Anglophone New Zealand Literature
11933,India,Anglophone Indian Literature
11937,South Africa,Anglophone South African Literature
11944,Central America,Central American Spanish Literature
11945,South America,South American Spanish Literature
11946,Africa,African Spanish Literature
11947,Asia,Asian Spanish Literature
11949,Argentina,Argentine Spanish Literature
11954,Mexico,Mexican Spanish Literature
11959,Cuba,Cuban Spanish Literature
11963,Chile,Chilean Spanish Literature
11968,Colombia,Colombian Spanish Literature
11972,Venezuela,Venezuelan Spanish Literature
11976,Peru,Peruvian Spanish Literature
11981,Uruguay,Uruguayan Spanish Literature
11986,North America,North American Economic History
11988,Europe,European Economic History
11989,Asia,Asian Economic History
11990,Africa,African Economic History
11993,Polar Regions,Polar Economic History
11994,U.S.,U.S. Economic History
11995,Canada,Canadian Economic History
11996,Mexico,Mexican Economic History
11997,Belize,Belizean Economic History
11998,Costa Rica,Costa Rican Economic History
11999,Guatemala,Guatemalan Economic History
12000,Honduras,Honduran Economic History
12001,Nicaragua,Nicaraguan Economic History
12002,Panama,Panamanian Economic History
12003,El Salvador,Salvadoran Economic History
12005,Cuba,Cuban Economic History
12006,Haiti,Haitian Economic History
12007,Dominican Republic,Dominican Republic Economic History
12008,Jamaica,Jamaican Economic History
12010,Trinidad and Tobago,Trinidad & Tobago Economic History
12011,Argentina,Argentine Economic History
12012,Bolivia,Bolivian Economic History
12013,Brazil,Brazilian Economic History
12014,Chile,Chilean Economic History
12015,Colombia,Colombian Economic History
12016,Ecuador,Ecuadorian Economic History
12017,Guyana,Guyanese Economic History
12018,Suriname,Surinamese Economic History
12019,Paraguay,Paraguayan Economic History
12020,Peru,Peruvian Economic History
12021,Uruguay,Uruguayan Economic History
12022,Venezuela,Venezuelan Economic History
12024,Ireland,Irish Economic History
12025,Austria,Austrian Economic History
12027,Slovakia,Slovak Economic History
12028,France,French Economic History
12030,Germany,German Economic History
12031,Greece,Greek Economic History
12032,Hungary,Hungarian Economic History
12033,Liechtenstein,Liechtenstein Economic History
12034,Italy,Italian Economic History
12036,Malta,Maltese Economic History
12037,Belgium,Belgian Economic History
12038,Netherlands,Dutch Economic History
12039,Luxembourg,Luxembourg Economic History
12042,Belarus,Belarusian Economic History
12043,Moldova,Moldovan Economic History
12044,Ukraine,Ukrainian Economic History
12045,Finland,Finnish Economic History
12046,Poland,Polish Economic History
12047,Estonia,Estonian Economic History
12048,Latvia,Latvian Economic History
12049,Lithuania,Lithuanian Economic History
12050,Denmark,Danish Economic History
12051,Iceland,Icelandic Economic History
12052,Norway,Norwegian Economic History
12053,Sweden,Swedish Economic History
12054,Spain,Spanish Economic History
12056,Portugal,Portuguese Economic History
12057,Switzerland,Swiss Economic History
12058,Albania,Albanian Economic History
12060,Bulgaria,Bulgarian Economic History
12061,Croatia,Croatian Economic History
12064,Montenegro,Montenegrin Economic History
12065,Romania,Romanian Economic History
12066,Serbia,Serbian Economic History
12067,Slovenia,Slovenian Economic History
12068,Yugoslavia,Yugoslav Economic History
12069,Armenia,Armenian Economic History
12070,Azerbaijan,Azerbaijani Economic History
12071,Georgia,Georgian Economic History
12072,Cyprus,Cypriot Economic History
12073,Syria,Syrian Economic History
12074,Lebanon,Lebanese Economic History
12076,Jordan,Jordanian Economic History
12077,Saudi Arabia,Saudi Economic History
12078,Yemen,Yemeni Economic History
12079,Oman,Omani Economic History
12080,United Arab Emirates,UAE Economic History
12081,Qatar,Qatari Economic History
12082,Bahrain,Bahraini Economic History
12083,Kuwait,Kuwaiti Economic History
12084,Iraq,Iraqi Economic History
12085,Afghanistan,Afghan Economic History
12086,Kazakhstan,Kazakh Economic History
12087,Kyrgyzstan,Kyrgyz Economic History
12088,Tajikistan,Tajik Economic History
12089,Turkmenistan,Turkmen Economic History
12090,Uzbekistan,Uzbek Economic History
12092,Sri Lanka,Sri Lankan Economic History
12093,Nepal,Nepalese Economic History
12094,China,Chinese Economic History
12095,Mongolia,Mongolian Economic History
12096,Taiwan,Taiwanese Economic History
12097,India,Indian Economic History
12098,Bhutan,Bhutanese Economic History
12099,Pakistan,Pakistani Economic History
12100,Bangladesh,Bangladeshi Economic History
12101,Cambodia,Cambodian Economic History
12102,Laos,Laotian Economic History
12103,Vietnam,Vietnamese Economic History
12104,Thailand,Thai Economic History
12105,Malaysia,Malaysian Economic History
12106,Singapore,Singaporean Economic History
12107,Brunei,Bruneian Economic History
12108,Indonesia,Indonesian Economic History
12109,Timor-Leste,Timorese Economic History
12110,Philippines,Philippine Economic History
12111,Japan,Japanese Economic History
12112,Korea,Korean Economic History
12113,North Korea,North Korean Economic History
12114,Iran,Iranian Economic History
12115,Turkey,Turkish Economic History
12120,Mauritius,Mauritian Economic History
12121,Australia,Australian Economic History
12122,New Zealand,New Zealand Economic History
12129,Papua New Guinea,Papua New Guinean Economic History
12133,Tonga,Tongan Economic History
12134,Samoa,Samoan Economic History
12135,Morocco,Moroccan Economic History
12136,Algeria,Algerian Economic History
12137,Tunisia,Tunisian Economic History
12138,Libya,Libyan Economic History
12139,Egypt,Egyptian Economic History
12140,Sudan,Sudanese Economic History
12141,Ethiopia,Ethiopian Economic History
12142,Eritrea,Eritrean Economic History
12143,Somalia,Somali Economic History
12145,Kenya,Kenyan Economic History
12146,Uganda,Ugandan Economic History
12147,Rwanda,Rwandan Economic History
12148,Burundi,Burundian Economic History
12149,Tanzania,Tanzanian Economic History
12150,Mozambique,Mozambican Economic History
12151,Madagascar,Malagasy Economic History
12152,South Africa,South African Economic History
12154,Zambia,Zambian Economic History
12157,Botswana,Botswanan Economic History
12158,Malawi,Malawian Economic History
12159,Namibia,Namibian Economic History
12160,Angola,Angolan Economic History
12162,Equatorial Guinea,Equatorial Guinean Economic History
12164,Gabon,Gabonese Economic History
12166,Central African Republic,Central African Republic Econ. History
12167,Chad,Chadian Economic History
12168,Cameroon,Cameroonian Economic History
12169,Benin,Beninese Economic History
12170,Togo,Togolese Economic History
12171,Niger,Nigerien Economic History
12173,Guinea,Guinean Economic History
12174,Mali,Malian Economic History
12175,Burkina Faso,Burkinabe Economic History
12176,Senegal,Senegalese Economic History
12178,Nigeria,Nigerian Economic History
12179,Ghana,Ghanaian Economic History
12180,Sierra Leone,Sierra Leonean Economic History
12181,Gambia,Gambian Economic History
12182,Liberia,Liberian Economic History
12185,Estonia,Estonian Government
12186,Lithuania,Lithuanian Government
12187,Slovakia,Slovak Government
12226,U.S.,U.S. English Dialects
12228,Asia,Asian English Dialects
12231,Canada,Canadian English Dialects
12384,Italy,Italian Painting History
12385,France,French Painting History
12386,U.S.,U.S. Painting History
12387,China,Chinese Painting History
12388,Germany,German Painting History
12390,Japan,Japanese Painting History
12409,U.S.,U.S. Social History
12410,China,Chinese Social History
12411,Great Britain,British Social History
12412,Japan,Japanese Social History
12413,India,Indian Social History
12414,Germany,German Social History
12415,France,French Social History
12470,U.S.,U.S. Comics
12471,Great Britain,British Comics
12472,France,French Comics
12473,Italy,Italian Comics
12474,Canada,Canadian Comics
12511,U.S.,U.S. Theater
12513,France,French Theater
12514,Germany,German Theater
12515,Italy,Italian Theater
12548,U.S.,U.S. Journalism
12550,France,French Journalism
12551,Germany,German Journalism
12579,Korea,Korean Social History
12580,Russia,Russian Social History
12581,Spain,Spanish Social History
12582,Italy,Italian Social History
12583,Mexico,Mexican Social History
12584,Brazil,Brazilian Social History
12585,Canada,Canadian Social History
12586,Poland,Polish Social History
12587,South Africa,South African Social History
12616,Spain,Spanish Painting History
12617,Netherlands,Dutch Painting History
12618,Belgium,Belgian Painting History
12620,Canada,Canadian Painting History
12621,Mexico,Mexican Painting History
12622,Switzerland,Swiss Painting History
12623,Austria,Austrian Painting History
12624,Australia,Australian Painting History
12697,Canada,Francophone Canadian Literature
12699,Asia,Francophone Asian Literature
12700,Africa,Francophone African Literature
12732,Canada,Canadian Education History
12733,Mexico,Mexican Education History
12734,Brazil,Brazilian Education History
12736,France,French Education History
12737,Germany,German Education History
12738,Italy,Italian Education History
12739,Poland,Polish Education History
12740,Spain,Spanish Education History
12741,China,Chinese Education History
12742,India,Indian Education History
12743,Japan,Japanese Education History
12744,Korea,Korean Education History
13337,North America,North American Armies
13338,U.S.,U.S. Armies
13339,Canada,Canadian Armies
13340,Mexico,Mexican Armies
13341,Central America,Central American Armies
13343,South America,South American Armies
13344,Europe,European Armies
13345,Asia,Asian Armies
13346,Africa,African Armies
13348,Arctic Regions,Arctic Armies
13350,North America,North American Biographies
13351,Caribbean,Caribbean Biographies
13352,Latin America,Latin American Biographies
13353,Europe,European Biographies
13354,Asia,Asian Biographies
13355,Africa,African Biographies
13357,North America,North American Folklore
13358,U.S.,U.S. Folklore
13359,Canada,Canadian Folklore
13360,Latin America,Latin American Folklore
13361,Europe,European Folklore
13363,Asia,Asian Folklore
13364,Africa,African Folklore
13367,Arctic Regions,Arctic Folklore
13370,U.S.,U.S. Local Government
13374,Canada,Canadian Local Government
13375,Caribbean,Caribbean Local Government
13376,Latin America,Latin American Local Government
13377,Europe,European Local Government
13378,Asia,Asian Local Government
13379,Africa,African Local Government
13381,Polar Regions,Polar Local Government
13387,Scandinavia,Scandinavian Armies
13390,Great Britain,British Armies
13392,Belgium,Belgian Armies
13393,Denmark,Danish Armies
13394,Germany,German Armies
13395,Greece,Greek Armies
13396,Netherlands,Dutch Armies
13397,Portugal,Portuguese Armies
13398,Norway,Norwegian Armies
13400,Spain,Spanish Armies
13401,Sweden,Swedish Armies
13402,Switzerland,Swiss Armies
13403,Turkey,Turkish Armies
13406,France,French Armies
13407,Italy,Italian Armies
13411,Ireland,Irish Biographies
13412,Malta,Maltese Biographies
13413,Austria,Austrian Biographies
13415,Hungary,Hungarian Biographies
13416,Liechtenstein,Liechtenstein Biographies
13417,France,French Biographies
13420,Germany,German Biographies
13422,Greece,Greek Biographies
13423,Italy,Italian Biographies
13424,Eastern Europe,East European Biographies
13425,Russia,Russian Biographies
13426,Poland,Polish Biographies
13427,Scandinavia,Scandinavian Biographies
13428,Spain,Spanish Biographies
13429,Portugal,Portuguese Biographies
13430,Switzerland,Swiss Biographies
13433,Finland,Finnish Biographies
13435,Belarus,Belarusian Biographies
13436,Moldova,Moldovan Biographies
13437,Ukraine,Ukrainian Biographies
13438,Slovakia,Slovak Biographies
13441,Poland,Polish Folklore
13442,Finland,Finnish Folklore
13446,Scandinavia,Scandinavian Folklore
13448,Ireland,Irish Folklore
13450,Hungary,Hungarian Folklore
13451,Austria,Austrian Folklore
13452,France,French Folklore
13454,Germany,German Folklore
13457,Italy,Italian Folklore
13458,Malta,Maltese Folklore
13460,Netherlands,Dutch Folklore
13461,Belgium,Belgian Folklore
13464,Spain,Spanish Folklore
13465,Portugal,Portuguese Folklore
13466,Switzerland,Swiss Folklore
13470,Belarus,Belarusian Folklore
13471,Moldova,Moldovan Folklore
13472,Ukraine,Ukrainian Folklore
13473,Slovakia,Slovak Folklore
13477,Eastern Europe,East European Local Government
13480,Austria,Austrian Local Government
13482,Slovakia,Slovak Local Government
13484,France,French Local Government
13485,Greece,Greek Local Government
13486,Italy,Italian Local Government
13487,Malta,Maltese Local Government
13490,Armenia,Armenian Local Government
13491,Azerbaijan,Azerbaijani Local Government
13492,Belarus,Belarusian Local Government
13493,Georgia,Georgian Local Government
13494,Moldova,Moldovan Local Government
13495,Ukraine,Ukrainian Local Government
13497,Estonia,Estonian Local Government
13498,Latvia,Latvian Local Government
13499,Lithuania,Lithuanian Local Government
13500,Poland,Polish Local Government
13501,Scandinavia,Scandinavian Local Government
13502,Finland,Finnish Local Government
13503,Spain,Spanish Local Government
13504,Portugal,Portuguese Local Government
13505,Switzerland,Swiss Local Government
13506,Hungary,Hungarian Local Government
13509,Germany,German Local Government
13666,Cambodia,Cambodian History
13667,Laos,Laotian History
13714,Africa,African Education History
13768,Benin,Beninese History
13830,Puerto Rico,Puerto Rican History
13893,Romania,Romanian Travel
13915,Bulgaria,Bulgarian Travel
13919,Belgium,Belgian Travel
13957,Estonia,Estonian Travel
13958,Latvia,Latvian Travel
13959,Lithuania,Lithuanian Travel
13972,Ukraine,Ukrainian Travel
13996,Eastern Europe,East European Travel
14004,Slovakia,Slovak Travel
14011,Albania,Albanian Travel
14021,Iceland,Icelandic Travel
3481,Egypt,Ancient Egypt
3482,Greece,Ancient Greece
5010,Polar Regions,Polar Ecosystems
6316,Asia,Asian Library Reports
6546,Scandinavia,Scandinavian Education Serials
7054,Africa,African Library Reports
7419,New Zealand,New Zealand Library Reports
8130,South America,South American Library Reports
8304,North America,North American Library Reports
8521,Australia,Australian Library Reports
9048,Italy,Italian Regional Literature
9175,Asia,Asian Education Serials
9504,Europe,European Surveying
10064,Europe,European Library Reports
10838,India,Ancient Indian Philosophy
10839,Central America,Central American Modern Philosophy
10864,China,Ancient Chinese Philosophy
10881,Greece,Ancient Greek Philosophy
10909,Egypt,Ancient Egyptian Philosophy
10917,Armenia,Ancient Armenian Philosophy
10936,Greece,Classical Greek Philosophy
10983,Korea,Ancient Korean Philosophy
11105,Japan,Ancient Japanese Philosophy
11141,Iran,Ancient Iranian Philosophy
3379,American History,History of the Americas
5727,American Literature,Literature of the Americas
5749,American Schools & Colleges,Schools & Colleges of the Americas
747,Latin,Latin Music
970,African,African Art
971,American,American Art
988,Asian,Asian Art
989,Chinese,Chinese Art
991,Japanese,Japanese Art
995,Canadian,Canadian Art
1008,European,European Art
1252,African,Children’s African Legends
1254,Asian,Children’s Asian Legends
1502,French,Children’s French Learning
1503,Spanish,Children’s Spanish Learning
2014,French,YA French Learning
2015,Spanish,YA Spanish Learning
2207,Other regions or countries,Other Regional Education History
2981,African,African Cooking
2982,American,American Cooking
2991,Asian,Asian Cooking
2994,Canadian,Canadian Cooking
2997,Chinese,Chinese Cooking
2999,European,European Cooking
3000,French,French Cooking
3001,German,German Cooking
3002,Greek,Greek Cooking
3003,Hungarian,Hungarian Cooking
3008,Italian,Italian Cooking
3009,Japanese,Japanese Cooking
3011,Korean,Korean Cooking
3015,Polish,Polish Cooking
3016,Portuguese,Portuguese Cooking
3017,Russian,Russian Cooking
3018,Scandinavian,Scandinavian Cooking
3021,Spanish,Spanish Cooking
3023,Turkish,Turkish Cooking
3713,Arabic,Arabic Language
3715,Chinese,Chinese Language
3717,Czech,Czech Language
3718,Danish,Danish Language
3719,Dutch,Dutch Language
3721,Finnish,Finnish Language
3722,French,French Language
3723,German,German Language
3724,Greek,Greek Language
3725,Hebrew,Hebrew Language
3727,Hungarian,Hungarian Language
3729,Italian,Italian Language
3730,Japanese,Japanese Language
3731,Korean,Korean Language
3732,Latin,Latin Language
3736,Norwegian,Norwegian Language
3738,Polish,Polish Language
3739,Portuguese,Portuguese Language
3740,Russian,Russian Language
3743,Spanish,Spanish Language
3745,Swedish,Swedish Language
3853,American,American Literature
3867,Canadian,Anglophone Canadian Literature
3877,African,African Drama
3881,Japanese,Japanese Drama
3883,Canadian,Canadian Drama
3885,European,European Drama
3887,French,French Drama
3888,German,German Drama
3889,Italian,Italian Drama
4070,American,American Historical Romance
4152,American,U.S. Literature
4281,African,African Literary Collections
4283,Asian,Asian Literary Collections
4284,Chinese,Chinese Literary Collections
4286,Japanese,Japanese Literary Collections
4288,Canadian,Canadian Literary Collections
4292,European,European Literary Collections
4295,French,French Literary Collections
4296,German,German Literary Collections
4297,Italian,Italian Literary Collections
4298,Scandinavian,Scandinavian Literary Collections
4310,African,African Literary Criticism
4311,American,American Literary Criticism
4317,Asian,Asian Literary Criticism
4318,Chinese,Chinese Literary Criticism
4320,Japanese,Japanese Literary Criticism
4323,Canadian,Canadian Literary Criticism
4329,European,European Literary Criticism
4332,French,French Literary Criticism
4333,German,German Literary Criticism
4334,Italian,Italian Literary Criticism
4335,Scandinavian,Scandinavian Literary Criticism
4417,African,African Poetry
4418,American,American Poetry
4425,Asian,Asian Poetry
4426,Chinese,Chinese Poetry
4427,Japanese,Japanese Poetry
4432,European,European Poetry
4434,French,French Poetry
4435,German,German Poetry
4436,Italian,Italian Poetry
4470,Spanish,Spanish Literature
4482,Finnish,Finnish Literature
4483,Hungarian,Hungarian Literature
5585,English,English Literature
6207,Other countries,Other National Education Directories
6493,Finnish,Finnish Encyclopedias
6624,Italian,Greek Literature in Italian
6764,French,Greek Literature in French
6949,Italian,Latin Literature in Italian
6997,Korean,Korean-Language Children’s Fiction
7202,French,Latin Literature in French
7215,German,German Education Serials
7319,Scandinavian,Scandinavian Encyclopedias
7488,French,French-Language Children’s Fiction
7726,Scandinavian,Scandinavian-Language Children’s Fiction
7804,German,German Encyclopedias
7862,Chinese,Chinese-Language Children’s Fiction
7915,Other regions or countries,Other Regional Carpets
8388,German,Greek Literature in German
8418,British,British Education Serials
8446,Portuguese,Portuguese-Language Children’s Fiction
8614,Hungarian,Hungarian Encyclopedias
8625,English,Latin Literature in English
8690,German,German-Language Children’s Fiction
8935,Spanish,Spanish-Language Children’s Fiction
9094,Chinese,Chinese Encyclopedias
9193,Arabic,Arabic-Language Children’s Fiction
9211,French,French Encyclopedias
9402,Korean,Korean Encyclopedias
9488,Japanese,Japanese-Language Children’s Fiction
9515,Hebrew,Hebrew-Language Children’s Fiction
9574,Other countries,Other National Education Documents
9612,Italian,Italian-Language Children’s Fiction
9646,English,Greek Literature in English
9705,Japanese,Japanese Encyclopedias
9723,Dutch,Dutch Encyclopedias
9795,Spanish,Spanish Encyclopedias
10128,English,English Exploration of the Americas
10168,French,French Exploration of the Americas
10333,Italian,Italian WWI Military Operations
10338,Russian,Russian WWI Air Operations
10341,French,French WWI Military Operations
10365,French,French WWI Air Operations
10373,English,British WWI Military Operations
10395,Italian,Italian WWI Naval Operations
10495,African,African WWI Military Operations
10508,Japanese,Japanese WWI Military Operations
10510,Russian,Russian WWI Naval Operations
10531,English,English-Language WWII Satire
10547,French,French WWI History
10573,English,British WWI Air Operations
10579,Hungarian,Hungarian WWI Military Operations
10593,English,British WWI Submarine Operations
10618,German,German WWI Submarine Operations
10692,German,German WWI Military Operations
10727,German,German WWI Air Operations
10748,English,British WWI History
10842,English,Anglophone Philosophy of Mind
10940,German,German Success Literature
11910,African,Anglophone African Literature
11911,Asian,Anglophone Asian Literature
12475,Other Countries,Other National Comics
2275,Special aspects of education,Education Support Topics
3861,"Special regions, states, etc.",American Regional Literature
4702,History and statistics,Diplomatics History & Statistics
5063,By subject,Folklore Topics
6093,General Special Aspects,Electricity Topics
6100,General Special Aspects,Magnetism Topics
6162,Special Topics (General),Public Health Topics
6329,Special topics and methods,Tunneling Methods & Topics
6407,Special aspects of electric lighting,Electric Lighting Topics
6500,History and statistics,Archive History & Statistics
6515,Anonymous works,"Anonymous American Works, 2001–"
6539,History and statistics,Library History & Statistics
7062,Special topics in solid geometry,Solid Geometry Topics
7253,Anonymous works,"Anonymous English Works, 2001–"
7258,Anonymous works,"Anon. English Works, 1770/1800–1890/1900"
7384,Special topics and forms,English Drama Forms
7478,By continent or country,Regional Geomorphology
7484,Special countries and races,German Literature & Ethnicity
7564,Anonymous works,"Anonymous English Works, 1900–1960"
7765,By class,Genealogy by Social Class
7830,Special topics and schools of philosophy,Modern Philosophy Schools
7847,By nationality,Exploration by Nationality
8091,"By class, etc.",Child Health by Population
8155,By language of index,Indexes by Language
8163,By state,U.S. State Education History
8180,History and country divisions,Regional Water Engineering History
8215,Anonymous works,"Anonymous English Works, 1961–2000"
8295,Special aspects of higher education,Higher Education Topics
8585,"By age group, class, etc.",Cancer by Population
8718,Special regions,Regional African Literature
8838,Special regions,Human Body Regions
8726,Pictorial works,WWI Illustrated Works
8934,Anonymous works,"Anon. English Works, 1640–1770"
8959,"By region, state, province, etc.",German Regional Literature
8978,History and collections,Indo-Aryan Literary History
9221,History and philosophy,Thermodynamic History & Philosophy
9326,Special countries and special museums,Art Museums by Country
9400,Special countries and cities,Regional Urban Design
9430,History and styles,Interior Design History & Styles
9650,Special countries and artists,Regional & Individual Screen Prints
9901,History and country divisions,Regional Canal History
9937,Special topics in plane geometry,Plane Geometry Topics
9967,Examination. Assessment. Diagnosis,Childhood Disease Diagnosis
9978,History and country divisions,Regional Irrigation History
10052,"By country, nationality, etc.",Personal Names by Country
10995,By religion,Ancient Eastern Religious Philosophy
11181,"By country, island group, or island",Regional Oceanian Philosophy
12418,Other Countries & Regions,Other Regional Social History
12674,Other Countries & Regions,Other National Theater
12675,Other Countries & Regions,Other National Journalism
13444,By people not limited to one country,Cross-Border European Folk Groups
13445,By region not limited to one country,Cross-Border European Folklore
13551,"Special topics, A-Z",Scientific Subject Topics
13574,General special,Film Topics
13594,General special,Psychotherapy Topics
13632,Other Cities & Towns,Other Ancient Italian Town Histories
13743,Other Cities & Towns,Other Modern Greek Town Histories
13753,Other Cities & Towns,Other Belgian Town Histories
13757,Special Topics in Poetry,Poetry Topics
13761,Other Cities & Towns,Other Austrian Town Histories
13762,Other Cities & Towns,Other Romanian Town Histories
13847,Other Regions & Cities,Other Spanish Local History
13891,Other Regions & Cities,Other Portuguese Local History
13904,Other Cities & Towns,Other German Town Histories
13944,Other Cities & Towns,Other Finnish Town Histories
13949,Other Cities & Towns,Other Estonian Town Histories
13953,Other Cities & Towns,Other Latvian Town Histories
13956,Other Cities & Towns,Other Lithuanian Town Histories
13968,Other Cities & Towns,Other Ukrainian Town Histories
14010,Other Cities & Towns,Other Albanian Town Histories
3513,Vietnam. Annam,Vietnamese History
3567,Ancient Greece,Ancient Era
3568,Modern Greece,Modern Era
3573,Roman Kingdom & Republic,Kingdom & Republic
3641,Ancient,Ancient Warfare
3651,Medieval,Medieval Warfare
8502,Modern,Modern Civilization
8689,Medieval,Medieval Civilization
9798,Ancient,Ancient Civilization
10316,Modern,Modern Era
10515,Modern,Modern Romani History
10535,Mongolia. Mongolian People's Republic,Mongolian History
10569,Ancient and medieval,Ancient & Medieval Asian History
10701,Modern Wales,Modern Era
10720,Ancient history,Ancient World History
11409,Ancient. Phenicians,Phoenician Era
11414,Ancient,Ancient Era
11415,Ancient,Ancient Era
11551,Medieval period,Medieval Era
13690,Medieval & Modern History—General,Medieval & Modern World History
50825,Modern History—General & Reference,Modern History Reference
10665,"Late Medieval Sweden, 1234–1397","Late Medieval, 1234–1397"
